api_full_name,coverage_scope,python_statement_percent,python_branch_percent,python_covered_lines,python_coverable_lines,native_line_percent,native_covered_lines,native_coverable_lines,native_branch_percent,native_function_percent,python_json_path,native_json_path,python_export_error,native_export_error,worker_exit_code,worker_timeout,init_json_path,results_json_path
__CAMPAIGN__,campaign,0.012070653558831024,0.0118,14,115252,,,,,,stage4/results/jax-thesis-all-coverage/coverage_reports/campaign/python/coverage.json,,,,,,,
jax.block_until_ready,python,,,,,,,,,,stage4/results/jax-thesis-all-coverage/coverage_reports/per_api/python/jax.block_until_ready/coverage.json,,FileNotFoundError: [Errno 2] No such file or directory: 'stage4/results/jax-thesis-all-coverage/coverage_reports/per_api/python/jax.block_until_ready/coverage.json',,0,False,json2init/results/jax/jax.block_until_ready.init.json,stage4/results/jax-thesis-all-coverage/execution_results/jax.block_until_ready.results.json
jax.copy_to_host_async,python,0.09254167728437118,0.1092,101,115252,,,,,,stage4/results/jax-thesis-all-coverage/coverage_reports/per_api/python/jax.copy_to_host_async/coverage.json,,,,0,False,json2init/results/jax/jax.copy_to_host_async.init.json,stage4/results/jax-thesis-all-coverage/execution_results/jax.copy_to_host_async.results.json
jax.dlpack.from_dlpack,python,0.24543662236289748,0.3159,259,115252,,,,,,stage4/results/jax-thesis-all-coverage/coverage_reports/per_api/python/jax.dlpack.from_dlpack/coverage.json,,,,0,False,json2init/results/jax/jax.dlpack.from_dlpack.init.json,stage4/results/jax-thesis-all-coverage/execution_results/jax.dlpack.from_dlpack.results.json
jax.dtypes.result_type,python,0.12070653558831024,0.1476,130,115252,,,,,,stage4/results/jax-thesis-all-coverage/coverage_reports/per_api/python/jax.dtypes.result_type/coverage.json,,,,0,False,json2init/results/jax/jax.dtypes.result_type.init.json,stage4/results/jax-thesis-all-coverage/execution_results/jax.dtypes.result_type.results.json
jax.interpreters.mlir.ir.np.all,python,0.0006705918643795014,0.0,1,115252,,,,,,stage4/results/jax-thesis-all-coverage/coverage_reports/per_api/python/jax.interpreters.mlir.ir.np.all/coverage.json,,,,0,False,json2init/results/jax/jax.interpreters.mlir.ir.np.all.init.json,stage4/results/jax-thesis-all-coverage/execution_results/jax.interpreters.mlir.ir.np.all.results.json
jax.interpreters.mlir.ir.np.angle,python,0.0006705918643795014,0.0,1,115252,,,,,,stage4/results/jax-thesis-all-coverage/coverage_reports/per_api/python/jax.interpreters.mlir.ir.np.angle/coverage.json,,,,0,False,json2init/results/jax/jax.interpreters.mlir.ir.np.angle.init.json,stage4/results/jax-thesis-all-coverage/execution_results/jax.interpreters.mlir.ir.np.angle.results.json
jax.interpreters.mlir.ir.np.any,python,0.0006705918643795014,0.0,1,115252,,,,,,stage4/results/jax-thesis-all-coverage/coverage_reports/per_api/python/jax.interpreters.mlir.ir.np.any/coverage.json,,,,0,False,json2init/results/jax/jax.interpreters.mlir.ir.np.any.init.json,stage4/results/jax-thesis-all-coverage/execution_results/jax.interpreters.mlir.ir.np.any.results.json
jax.interpreters.mlir.ir.np.array,python,0.0006705918643795014,0.0,1,115252,,,,,,stage4/results/jax-thesis-all-coverage/coverage_reports/per_api/python/jax.interpreters.mlir.ir.np.array/coverage.json,,,,0,False,json2init/results/jax/jax.interpreters.mlir.ir.np.array.init.json,stage4/results/jax-thesis-all-coverage/execution_results/jax.interpreters.mlir.ir.np.array.results.json
jax.interpreters.mlir.ir.np.array2string,python,0.0006705918643795014,0.0,1,115252,,,,,,stage4/results/jax-thesis-all-coverage/coverage_reports/per_api/python/jax.interpreters.mlir.ir.np.array2string/coverage.json,,,,0,False,json2init/results/jax/jax.interpreters.mlir.ir.np.array2string.init.json,stage4/results/jax-thesis-all-coverage/execution_results/jax.interpreters.mlir.ir.np.array2string.results.json
jax.interpreters.mlir.ir.np.array_repr,python,0.0006705918643795014,0.0,1,115252,,,,,,stage4/results/jax-thesis-all-coverage/coverage_reports/per_api/python/jax.interpreters.mlir.ir.np.array_repr/coverage.json,,,,0,False,json2init/results/jax/jax.interpreters.mlir.ir.np.array_repr.init.json,stage4/results/jax-thesis-all-coverage/execution_results/jax.interpreters.mlir.ir.np.array_repr.results.json
jax.interpreters.mlir.ir.np.asfortranarray,python,0.0006705918643795014,0.0,1,115252,,,,,,stage4/results/jax-thesis-all-coverage/coverage_reports/per_api/python/jax.interpreters.mlir.ir.np.asfortranarray/coverage.json,,,,0,False,json2init/results/jax/jax.interpreters.mlir.ir.np.asfortranarray.init.json,stage4/results/jax-thesis-all-coverage/execution_results/jax.interpreters.mlir.ir.np.asfortranarray.results.json
jax.interpreters.mlir.ir.np.astype,python,0.0006705918643795014,0.0,1,115252,,,,,,stage4/results/jax-thesis-all-coverage/coverage_reports/per_api/python/jax.interpreters.mlir.ir.np.astype/coverage.json,,,,0,False,json2init/results/jax/jax.interpreters.mlir.ir.np.astype.init.json,stage4/results/jax-thesis-all-coverage/execution_results/jax.interpreters.mlir.ir.np.astype.results.json
jax.interpreters.mlir.ir.np.base_repr,python,0.0006705918643795014,0.0,1,115252,,,,,,stage4/results/jax-thesis-all-coverage/coverage_reports/per_api/python/jax.interpreters.mlir.ir.np.base_repr/coverage.json,,,,0,False,json2init/results/jax/jax.interpreters.mlir.ir.np.base_repr.init.json,stage4/results/jax-thesis-all-coverage/execution_results/jax.interpreters.mlir.ir.np.base_repr.results.json
jax.interpreters.mlir.ir.np.bincount,python,0.0006705918643795014,0.0,1,115252,,,,,,stage4/results/jax-thesis-all-coverage/coverage_reports/per_api/python/jax.interpreters.mlir.ir.np.bincount/coverage.json,,,,0,False,json2init/results/jax/jax.interpreters.mlir.ir.np.bincount.init.json,stage4/results/jax-thesis-all-coverage/execution_results/jax.interpreters.mlir.ir.np.bincount.results.json
jax.interpreters.mlir.ir.np.block,python,0.0006705918643795014,0.0,1,115252,,,,,,stage4/results/jax-thesis-all-coverage/coverage_reports/per_api/python/jax.interpreters.mlir.ir.np.block/coverage.json,,,,0,False,json2init/results/jax/jax.interpreters.mlir.ir.np.block.init.json,stage4/results/jax-thesis-all-coverage/execution_results/jax.interpreters.mlir.ir.np.block.results.json
jax.interpreters.mlir.ir.np.bmat,python,0.0006705918643795014,0.0,1,115252,,,,,,stage4/results/jax-thesis-all-coverage/coverage_reports/per_api/python/jax.interpreters.mlir.ir.np.bmat/coverage.json,,,,0,False,json2init/results/jax/jax.interpreters.mlir.ir.np.bmat.init.json,stage4/results/jax-thesis-all-coverage/execution_results/jax.interpreters.mlir.ir.np.bmat.results.json
jax.interpreters.mlir.ir.np.broadcast_to,python,0.0006705918643795014,0.0,1,115252,,,,,,stage4/results/jax-thesis-all-coverage/coverage_reports/per_api/python/jax.interpreters.mlir.ir.np.broadcast_to/coverage.json,,,,0,False,json2init/results/jax/jax.interpreters.mlir.ir.np.broadcast_to.init.json,stage4/results/jax-thesis-all-coverage/execution_results/jax.interpreters.mlir.ir.np.broadcast_to.results.json
jax.interpreters.mlir.ir.np.busday_count,python,0.0006705918643795014,0.0,1,115252,,,,,,stage4/results/jax-thesis-all-coverage/coverage_reports/per_api/python/jax.interpreters.mlir.ir.np.busday_count/coverage.json,,,,0,False,json2init/results/jax/jax.interpreters.mlir.ir.np.busday_count.init.json,stage4/results/jax-thesis-all-coverage/execution_results/jax.interpreters.mlir.ir.np.busday_count.results.json
jax.interpreters.mlir.ir.np.busday_offset,python,0.0006705918643795014,0.0,1,115252,,,,,,stage4/results/jax-thesis-all-coverage/coverage_reports/per_api/python/jax.interpreters.mlir.ir.np.busday_offset/coverage.json,,,,0,False,json2init/results/jax/jax.interpreters.mlir.ir.np.busday_offset.init.json,stage4/results/jax-thesis-all-coverage/execution_results/jax.interpreters.mlir.ir.np.busday_offset.results.json
jax.interpreters.mlir.ir.np.can_cast,python,0.0006705918643795014,0.0,1,115252,,,,,,stage4/results/jax-thesis-all-coverage/coverage_reports/per_api/python/jax.interpreters.mlir.ir.np.can_cast/coverage.json,,,,0,False,json2init/results/jax/jax.interpreters.mlir.ir.np.can_cast.init.json,stage4/results/jax-thesis-all-coverage/execution_results/jax.interpreters.mlir.ir.np.can_cast.results.json
jax.interpreters.mlir.ir.np.choose,python,0.0006705918643795014,0.0,1,115252,,,,,,stage4/results/jax-thesis-all-coverage/coverage_reports/per_api/python/jax.interpreters.mlir.ir.np.choose/coverage.json,,,,0,False,json2init/results/jax/jax.interpreters.mlir.ir.np.choose.init.json,stage4/results/jax-thesis-all-coverage/execution_results/jax.interpreters.mlir.ir.np.choose.results.json
jax.interpreters.mlir.ir.np.clip,python,0.0006705918643795014,0.0,1,115252,,,,,,stage4/results/jax-thesis-all-coverage/coverage_reports/per_api/python/jax.interpreters.mlir.ir.np.clip/coverage.json,,,,0,False,json2init/results/jax/jax.interpreters.mlir.ir.np.clip.init.json,stage4/results/jax-thesis-all-coverage/execution_results/jax.interpreters.mlir.ir.np.clip.results.json
jax.interpreters.mlir.ir.np.column_stack,python,0.0006705918643795014,0.0,1,115252,,,,,,stage4/results/jax-thesis-all-coverage/coverage_reports/per_api/python/jax.interpreters.mlir.ir.np.column_stack/coverage.json,,,,0,False,json2init/results/jax/jax.interpreters.mlir.ir.np.column_stack.init.json,stage4/results/jax-thesis-all-coverage/execution_results/jax.interpreters.mlir.ir.np.column_stack.results.json
jax.interpreters.mlir.ir.np.compress,python,0.0006705918643795014,0.0,1,115252,,,,,,stage4/results/jax-thesis-all-coverage/coverage_reports/per_api/python/jax.interpreters.mlir.ir.np.compress/coverage.json,,,,0,False,json2init/results/jax/jax.interpreters.mlir.ir.np.compress.init.json,stage4/results/jax-thesis-all-coverage/execution_results/jax.interpreters.mlir.ir.np.compress.results.json
jax.interpreters.mlir.ir.np.corrcoef,python,0.0006705918643795014,0.0,1,115252,,,,,,stage4/results/jax-thesis-all-coverage/coverage_reports/per_api/python/jax.interpreters.mlir.ir.np.corrcoef/coverage.json,,,,0,False,json2init/results/jax/jax.interpreters.mlir.ir.np.corrcoef.init.json,stage4/results/jax-thesis-all-coverage/execution_results/jax.interpreters.mlir.ir.np.corrcoef.results.json
jax.interpreters.mlir.ir.np.count_nonzero,python,0.0006705918643795014,0.0,1,115252,,,,,,stage4/results/jax-thesis-all-coverage/coverage_reports/per_api/python/jax.interpreters.mlir.ir.np.count_nonzero/coverage.json,,,,0,False,json2init/results/jax/jax.interpreters.mlir.ir.np.count_nonzero.init.json,stage4/results/jax-thesis-all-coverage/execution_results/jax.interpreters.mlir.ir.np.count_nonzero.results.json
jax.interpreters.mlir.ir.np.cov,python,0.0006705918643795014,0.0,1,115252,,,,,,stage4/results/jax-thesis-all-coverage/coverage_reports/per_api/python/jax.interpreters.mlir.ir.np.cov/coverage.json,,,,0,False,json2init/results/jax/jax.interpreters.mlir.ir.np.cov.init.json,stage4/results/jax-thesis-all-coverage/execution_results/jax.interpreters.mlir.ir.np.cov.results.json
jax.interpreters.mlir.ir.np.cumprod,python,0.0006705918643795014,0.0,1,115252,,,,,,stage4/results/jax-thesis-all-coverage/coverage_reports/per_api/python/jax.interpreters.mlir.ir.np.cumprod/coverage.json,,,,0,False,json2init/results/jax/jax.interpreters.mlir.ir.np.cumprod.init.json,stage4/results/jax-thesis-all-coverage/execution_results/jax.interpreters.mlir.ir.np.cumprod.results.json
jax.interpreters.mlir.ir.np.datetime_as_string,python,0.0006705918643795014,0.0,1,115252,,,,,,stage4/results/jax-thesis-all-coverage/coverage_reports/per_api/python/jax.interpreters.mlir.ir.np.datetime_as_string/coverage.json,,,,0,False,json2init/results/jax/jax.interpreters.mlir.ir.np.datetime_as_string.init.json,stage4/results/jax-thesis-all-coverage/execution_results/jax.interpreters.mlir.ir.np.datetime_as_string.results.json
jax.interpreters.mlir.ir.np.datetime_data,python,0.0006705918643795014,0.0,1,115252,,,,,,stage4/results/jax-thesis-all-coverage/coverage_reports/per_api/python/jax.interpreters.mlir.ir.np.datetime_data/coverage.json,,,,0,False,json2init/results/jax/jax.interpreters.mlir.ir.np.datetime_data.init.json,stage4/results/jax-thesis-all-coverage/execution_results/jax.interpreters.mlir.ir.np.datetime_data.results.json
jax.interpreters.mlir.ir.np.diagflat,python,0.0006705918643795014,0.0,1,115252,,,,,,stage4/results/jax-thesis-all-coverage/coverage_reports/per_api/python/jax.interpreters.mlir.ir.np.diagflat/coverage.json,,,,0,False,json2init/results/jax/jax.interpreters.mlir.ir.np.diagflat.init.json,stage4/results/jax-thesis-all-coverage/execution_results/jax.interpreters.mlir.ir.np.diagflat.results.json
jax.interpreters.mlir.ir.np.diff,python,0.0006705918643795014,0.0,1,115252,,,,,,stage4/results/jax-thesis-all-coverage/coverage_reports/per_api/python/jax.interpreters.mlir.ir.np.diff/coverage.json,,,,0,False,json2init/results/jax/jax.interpreters.mlir.ir.np.diff.init.json,stage4/results/jax-thesis-all-coverage/execution_results/jax.interpreters.mlir.ir.np.diff.results.json
jax.interpreters.mlir.ir.np.digitize,python,0.0006705918643795014,0.0,1,115252,,,,,,stage4/results/jax-thesis-all-coverage/coverage_reports/per_api/python/jax.interpreters.mlir.ir.np.digitize/coverage.json,,,,0,False,json2init/results/jax/jax.interpreters.mlir.ir.np.digitize.init.json,stage4/results/jax-thesis-all-coverage/execution_results/jax.interpreters.mlir.ir.np.digitize.results.json
jax.interpreters.mlir.ir.np.dstack,python,0.0006705918643795014,0.0,1,115252,,,,,,stage4/results/jax-thesis-all-coverage/coverage_reports/per_api/python/jax.interpreters.mlir.ir.np.dstack/coverage.json,,,,0,False,json2init/results/jax/jax.interpreters.mlir.ir.np.dstack.init.json,stage4/results/jax-thesis-all-coverage/execution_results/jax.interpreters.mlir.ir.np.dstack.results.json
jax.interpreters.mlir.ir.np.einsum,python,0.0006705918643795014,0.0,1,115252,,,,,,stage4/results/jax-thesis-all-coverage/coverage_reports/per_api/python/jax.interpreters.mlir.ir.np.einsum/coverage.json,,,,0,False,json2init/results/jax/jax.interpreters.mlir.ir.np.einsum.init.json,stage4/results/jax-thesis-all-coverage/execution_results/jax.interpreters.mlir.ir.np.einsum.results.json
jax.interpreters.mlir.ir.np.einsum_path,python,0.0006705918643795014,0.0,1,115252,,,,,,stage4/results/jax-thesis-all-coverage/coverage_reports/per_api/python/jax.interpreters.mlir.ir.np.einsum_path/coverage.json,,,,0,False,json2init/results/jax/jax.interpreters.mlir.ir.np.einsum_path.init.json,stage4/results/jax-thesis-all-coverage/execution_results/jax.interpreters.mlir.ir.np.einsum_path.results.json
jax.interpreters.mlir.ir.np.empty,python,0.0006705918643795014,0.0,1,115252,,,,,,stage4/results/jax-thesis-all-coverage/coverage_reports/per_api/python/jax.interpreters.mlir.ir.np.empty/coverage.json,,,,0,False,json2init/results/jax/jax.interpreters.mlir.ir.np.empty.init.json,stage4/results/jax-thesis-all-coverage/execution_results/jax.interpreters.mlir.ir.np.empty.results.json
jax.interpreters.mlir.ir.np.empty_like,python,0.0006705918643795014,0.0,1,115252,,,,,,stage4/results/jax-thesis-all-coverage/coverage_reports/per_api/python/jax.interpreters.mlir.ir.np.empty_like/coverage.json,,,,0,False,json2init/results/jax/jax.interpreters.mlir.ir.np.empty_like.init.json,stage4/results/jax-thesis-all-coverage/execution_results/jax.interpreters.mlir.ir.np.empty_like.results.json
jax.interpreters.mlir.ir.np.expand_dims,python,0.0006705918643795014,0.0,1,115252,,,,,,stage4/results/jax-thesis-all-coverage/coverage_reports/per_api/python/jax.interpreters.mlir.ir.np.expand_dims/coverage.json,,,,0,False,json2init/results/jax/jax.interpreters.mlir.ir.np.expand_dims.init.json,stage4/results/jax-thesis-all-coverage/execution_results/jax.interpreters.mlir.ir.np.expand_dims.results.json
jax.interpreters.mlir.ir.np.extract,python,0.0006705918643795014,0.0,1,115252,,,,,,stage4/results/jax-thesis-all-coverage/coverage_reports/per_api/python/jax.interpreters.mlir.ir.np.extract/coverage.json,,,,0,False,json2init/results/jax/jax.interpreters.mlir.ir.np.extract.init.json,stage4/results/jax-thesis-all-coverage/execution_results/jax.interpreters.mlir.ir.np.extract.results.json
jax.interpreters.mlir.ir.np.fliplr,python,0.0006705918643795014,0.0,1,115252,,,,,,stage4/results/jax-thesis-all-coverage/coverage_reports/per_api/python/jax.interpreters.mlir.ir.np.fliplr/coverage.json,,,,0,False,json2init/results/jax/jax.interpreters.mlir.ir.np.fliplr.init.json,stage4/results/jax-thesis-all-coverage/execution_results/jax.interpreters.mlir.ir.np.fliplr.results.json
jax.interpreters.mlir.ir.np.format_float_positional,python,0.0006705918643795014,0.0,1,115252,,,,,,stage4/results/jax-thesis-all-coverage/coverage_reports/per_api/python/jax.interpreters.mlir.ir.np.format_float_positional/coverage.json,,,,0,False,json2init/results/jax/jax.interpreters.mlir.ir.np.format_float_positional.init.json,stage4/results/jax-thesis-all-coverage/execution_results/jax.interpreters.mlir.ir.np.format_float_positional.results.json
jax.interpreters.mlir.ir.np.format_float_scientific,python,0.0006705918643795014,0.0,1,115252,,,,,,stage4/results/jax-thesis-all-coverage/coverage_reports/per_api/python/jax.interpreters.mlir.ir.np.format_float_scientific/coverage.json,,,,0,False,json2init/results/jax/jax.interpreters.mlir.ir.np.format_float_scientific.init.json,stage4/results/jax-thesis-all-coverage/execution_results/jax.interpreters.mlir.ir.np.format_float_scientific.results.json
jax.interpreters.mlir.ir.np.full,python,0.0006705918643795014,0.0,1,115252,,,,,,stage4/results/jax-thesis-all-coverage/coverage_reports/per_api/python/jax.interpreters.mlir.ir.np.full/coverage.json,,,,0,False,json2init/results/jax/jax.interpreters.mlir.ir.np.full.init.json,stage4/results/jax-thesis-all-coverage/execution_results/jax.interpreters.mlir.ir.np.full.results.json
jax.interpreters.mlir.ir.np.geomspace,python,0.0006705918643795014,0.0,1,115252,,,,,,stage4/results/jax-thesis-all-coverage/coverage_reports/per_api/python/jax.interpreters.mlir.ir.np.geomspace/coverage.json,,,,0,False,json2init/results/jax/jax.interpreters.mlir.ir.np.geomspace.init.json,stage4/results/jax-thesis-all-coverage/execution_results/jax.interpreters.mlir.ir.np.geomspace.results.json
jax.interpreters.mlir.ir.np.histogram2d,python,0.0006705918643795014,0.0,1,115252,,,,,,stage4/results/jax-thesis-all-coverage/coverage_reports/per_api/python/jax.interpreters.mlir.ir.np.histogram2d/coverage.json,,,,0,False,json2init/results/jax/jax.interpreters.mlir.ir.np.histogram2d.init.json,stage4/results/jax-thesis-all-coverage/execution_results/jax.interpreters.mlir.ir.np.histogram2d.results.json
jax.interpreters.mlir.ir.np.histogram_bin_edges,python,0.0006705918643795014,0.0,1,115252,,,,,,stage4/results/jax-thesis-all-coverage/coverage_reports/per_api/python/jax.interpreters.mlir.ir.np.histogram_bin_edges/coverage.json,,,,0,False,json2init/results/jax/jax.interpreters.mlir.ir.np.histogram_bin_edges.init.json,stage4/results/jax-thesis-all-coverage/execution_results/jax.interpreters.mlir.ir.np.histogram_bin_edges.results.json
jax.interpreters.mlir.ir.np.histogramdd,python,0.0006705918643795014,0.0,1,115252,,,,,,stage4/results/jax-thesis-all-coverage/coverage_reports/per_api/python/jax.interpreters.mlir.ir.np.histogramdd/coverage.json,,,,0,False,json2init/results/jax/jax.interpreters.mlir.ir.np.histogramdd.init.json,stage4/results/jax-thesis-all-coverage/execution_results/jax.interpreters.mlir.ir.np.histogramdd.results.json
jax.interpreters.mlir.ir.np.hstack,python,0.0006705918643795014,0.0,1,115252,,,,,,stage4/results/jax-thesis-all-coverage/coverage_reports/per_api/python/jax.interpreters.mlir.ir.np.hstack/coverage.json,,,,0,False,json2init/results/jax/jax.interpreters.mlir.ir.np.hstack.init.json,stage4/results/jax-thesis-all-coverage/execution_results/jax.interpreters.mlir.ir.np.hstack.results.json
jax.interpreters.mlir.ir.np.identity,python,0.0006705918643795014,0.0,1,115252,,,,,,stage4/results/jax-thesis-all-coverage/coverage_reports/per_api/python/jax.interpreters.mlir.ir.np.identity/coverage.json,,,,0,False,json2init/results/jax/jax.interpreters.mlir.ir.np.identity.init.json,stage4/results/jax-thesis-all-coverage/execution_results/jax.interpreters.mlir.ir.np.identity.results.json
jax.interpreters.mlir.ir.np.is_busday,python,0.0006705918643795014,0.0,1,115252,,,,,,stage4/results/jax-thesis-all-coverage/coverage_reports/per_api/python/jax.interpreters.mlir.ir.np.is_busday/coverage.json,,,,0,False,json2init/results/jax/jax.interpreters.mlir.ir.np.is_busday.init.json,stage4/results/jax-thesis-all-coverage/execution_results/jax.interpreters.mlir.ir.np.is_busday.results.json
jax.interpreters.mlir.ir.np.iscomplex,python,0.0006705918643795014,0.0,1,115252,,,,,,stage4/results/jax-thesis-all-coverage/coverage_reports/per_api/python/jax.interpreters.mlir.ir.np.iscomplex/coverage.json,,,,0,False,json2init/results/jax/jax.interpreters.mlir.ir.np.iscomplex.init.json,stage4/results/jax-thesis-all-coverage/execution_results/jax.interpreters.mlir.ir.np.iscomplex.results.json
jax.interpreters.mlir.ir.np.iscomplexobj,python,0.0006705918643795014,0.0,1,115252,,,,,,stage4/results/jax-thesis-all-coverage/coverage_reports/per_api/python/jax.interpreters.mlir.ir.np.iscomplexobj/coverage.json,,,,0,False,json2init/results/jax/jax.interpreters.mlir.ir.np.iscomplexobj.init.json,stage4/results/jax-thesis-all-coverage/execution_results/jax.interpreters.mlir.ir.np.iscomplexobj.results.json
jax.interpreters.mlir.ir.np.isdtype,python,0.0006705918643795014,0.0,1,115252,,,,,,stage4/results/jax-thesis-all-coverage/coverage_reports/per_api/python/jax.interpreters.mlir.ir.np.isdtype/coverage.json,,,,0,False,json2init/results/jax/jax.interpreters.mlir.ir.np.isdtype.init.json,stage4/results/jax-thesis-all-coverage/execution_results/jax.interpreters.mlir.ir.np.isdtype.results.json
jax.interpreters.mlir.ir.np.isfortran,python,0.0006705918643795014,0.0,1,115252,,,,,,stage4/results/jax-thesis-all-coverage/coverage_reports/per_api/python/jax.interpreters.mlir.ir.np.isfortran/coverage.json,,,,0,False,json2init/results/jax/jax.interpreters.mlir.ir.np.isfortran.init.json,stage4/results/jax-thesis-all-coverage/execution_results/jax.interpreters.mlir.ir.np.isfortran.results.json
jax.interpreters.mlir.ir.np.isin,python,0.0006705918643795014,0.0,1,115252,,,,,,stage4/results/jax-thesis-all-coverage/coverage_reports/per_api/python/jax.interpreters.mlir.ir.np.isin/coverage.json,,,,0,False,json2init/results/jax/jax.interpreters.mlir.ir.np.isin.init.json,stage4/results/jax-thesis-all-coverage/execution_results/jax.interpreters.mlir.ir.np.isin.results.json
jax.interpreters.mlir.ir.np.isnan,python,0.0006705918643795014,0.0,1,115252,,,,,,stage4/results/jax-thesis-all-coverage/coverage_reports/per_api/python/jax.interpreters.mlir.ir.np.isnan/coverage.json,,,,0,False,json2init/results/jax/jax.interpreters.mlir.ir.np.isnan.init.json,stage4/results/jax-thesis-all-coverage/execution_results/jax.interpreters.mlir.ir.np.isnan.results.json
jax.interpreters.mlir.ir.np.isnat,python,0.0006705918643795014,0.0,1,115252,,,,,,stage4/results/jax-thesis-all-coverage/coverage_reports/per_api/python/jax.interpreters.mlir.ir.np.isnat/coverage.json,,,,0,False,json2init/results/jax/jax.interpreters.mlir.ir.np.isnat.init.json,stage4/results/jax-thesis-all-coverage/execution_results/jax.interpreters.mlir.ir.np.isnat.results.json
jax.interpreters.mlir.ir.np.isneginf,python,0.0006705918643795014,0.0,1,115252,,,,,,stage4/results/jax-thesis-all-coverage/coverage_reports/per_api/python/jax.interpreters.mlir.ir.np.isneginf/coverage.json,,,,0,False,json2init/results/jax/jax.interpreters.mlir.ir.np.isneginf.init.json,stage4/results/jax-thesis-all-coverage/execution_results/jax.interpreters.mlir.ir.np.isneginf.results.json
jax.interpreters.mlir.ir.np.isposinf,python,0.0006705918643795014,0.0,1,115252,,,,,,stage4/results/jax-thesis-all-coverage/coverage_reports/per_api/python/jax.interpreters.mlir.ir.np.isposinf/coverage.json,,,,0,False,json2init/results/jax/jax.interpreters.mlir.ir.np.isposinf.init.json,stage4/results/jax-thesis-all-coverage/execution_results/jax.interpreters.mlir.ir.np.isposinf.results.json
jax.interpreters.mlir.ir.np.isreal,python,0.0006705918643795014,0.0,1,115252,,,,,,stage4/results/jax-thesis-all-coverage/coverage_reports/per_api/python/jax.interpreters.mlir.ir.np.isreal/coverage.json,,,,0,False,json2init/results/jax/jax.interpreters.mlir.ir.np.isreal.init.json,stage4/results/jax-thesis-all-coverage/execution_results/jax.interpreters.mlir.ir.np.isreal.results.json
jax.interpreters.mlir.ir.np.isrealobj,python,0.0006705918643795014,0.0,1,115252,,,,,,stage4/results/jax-thesis-all-coverage/coverage_reports/per_api/python/jax.interpreters.mlir.ir.np.isrealobj/coverage.json,,,,0,False,json2init/results/jax/jax.interpreters.mlir.ir.np.isrealobj.init.json,stage4/results/jax-thesis-all-coverage/execution_results/jax.interpreters.mlir.ir.np.isrealobj.results.json
jax.interpreters.mlir.ir.np.isscalar,python,0.0006705918643795014,0.0,1,115252,,,,,,stage4/results/jax-thesis-all-coverage/coverage_reports/per_api/python/jax.interpreters.mlir.ir.np.isscalar/coverage.json,,,,0,False,json2init/results/jax/jax.interpreters.mlir.ir.np.isscalar.init.json,stage4/results/jax-thesis-all-coverage/execution_results/jax.interpreters.mlir.ir.np.isscalar.results.json
jax.interpreters.mlir.ir.np.lexsort,python,0.0006705918643795014,0.0,1,115252,,,,,,stage4/results/jax-thesis-all-coverage/coverage_reports/per_api/python/jax.interpreters.mlir.ir.np.lexsort/coverage.json,,,,0,False,json2init/results/jax/jax.interpreters.mlir.ir.np.lexsort.init.json,stage4/results/jax-thesis-all-coverage/execution_results/jax.interpreters.mlir.ir.np.lexsort.results.json
jax.interpreters.mlir.ir.np.logspace,python,0.0006705918643795014,0.0,1,115252,,,,,,stage4/results/jax-thesis-all-coverage/coverage_reports/per_api/python/jax.interpreters.mlir.ir.np.logspace/coverage.json,,,,0,False,json2init/results/jax/jax.interpreters.mlir.ir.np.logspace.init.json,stage4/results/jax-thesis-all-coverage/execution_results/jax.interpreters.mlir.ir.np.logspace.results.json
jax.interpreters.mlir.ir.np.matrix_transpose,python,0.0006705918643795014,0.0,1,115252,,,,,,stage4/results/jax-thesis-all-coverage/coverage_reports/per_api/python/jax.interpreters.mlir.ir.np.matrix_transpose/coverage.json,,,,0,False,json2init/results/jax/jax.interpreters.mlir.ir.np.matrix_transpose.init.json,stage4/results/jax-thesis-all-coverage/execution_results/jax.interpreters.mlir.ir.np.matrix_transpose.results.json
jax.interpreters.mlir.ir.np.min_scalar_type,python,0.0006705918643795014,0.0,1,115252,,,,,,stage4/results/jax-thesis-all-coverage/coverage_reports/per_api/python/jax.interpreters.mlir.ir.np.min_scalar_type/coverage.json,,,,0,False,json2init/results/jax/jax.interpreters.mlir.ir.np.min_scalar_type.init.json,stage4/results/jax-thesis-all-coverage/execution_results/jax.interpreters.mlir.ir.np.min_scalar_type.results.json
jax.interpreters.mlir.ir.np.moveaxis,python,0.0006705918643795014,0.0,1,115252,,,,,,stage4/results/jax-thesis-all-coverage/coverage_reports/per_api/python/jax.interpreters.mlir.ir.np.moveaxis/coverage.json,,,,0,False,json2init/results/jax/jax.interpreters.mlir.ir.np.moveaxis.init.json,stage4/results/jax-thesis-all-coverage/execution_results/jax.interpreters.mlir.ir.np.moveaxis.results.json
jax.interpreters.mlir.ir.np.nancumprod,python,0.0006705918643795014,0.0,1,115252,,,,,,stage4/results/jax-thesis-all-coverage/coverage_reports/per_api/python/jax.interpreters.mlir.ir.np.nancumprod/coverage.json,,,,0,False,json2init/results/jax/jax.interpreters.mlir.ir.np.nancumprod.init.json,stage4/results/jax-thesis-all-coverage/execution_results/jax.interpreters.mlir.ir.np.nancumprod.results.json
jax.interpreters.mlir.ir.np.nanprod,python,0.0006705918643795014,0.0,1,115252,,,,,,stage4/results/jax-thesis-all-coverage/coverage_reports/per_api/python/jax.interpreters.mlir.ir.np.nanprod/coverage.json,,,,0,False,json2init/results/jax/jax.interpreters.mlir.ir.np.nanprod.init.json,stage4/results/jax-thesis-all-coverage/execution_results/jax.interpreters.mlir.ir.np.nanprod.results.json
jax.interpreters.mlir.ir.np.ndim,python,0.0006705918643795014,0.0,1,115252,,,,,,stage4/results/jax-thesis-all-coverage/coverage_reports/per_api/python/jax.interpreters.mlir.ir.np.ndim/coverage.json,,,,0,False,json2init/results/jax/jax.interpreters.mlir.ir.np.ndim.init.json,stage4/results/jax-thesis-all-coverage/execution_results/jax.interpreters.mlir.ir.np.ndim.results.json
jax.interpreters.mlir.ir.np.nested_iters,python,0.0006705918643795014,0.0,1,115252,,,,,,stage4/results/jax-thesis-all-coverage/coverage_reports/per_api/python/jax.interpreters.mlir.ir.np.nested_iters/coverage.json,,,,0,False,json2init/results/jax/jax.interpreters.mlir.ir.np.nested_iters.init.json,stage4/results/jax-thesis-all-coverage/execution_results/jax.interpreters.mlir.ir.np.nested_iters.results.json
jax.interpreters.mlir.ir.np.nonzero,python,0.0006705918643795014,0.0,1,115252,,,,,,stage4/results/jax-thesis-all-coverage/coverage_reports/per_api/python/jax.interpreters.mlir.ir.np.nonzero/coverage.json,,,,0,False,json2init/results/jax/jax.interpreters.mlir.ir.np.nonzero.init.json,stage4/results/jax-thesis-all-coverage/execution_results/jax.interpreters.mlir.ir.np.nonzero.results.json
jax.interpreters.mlir.ir.np.ones,python,0.0006705918643795014,0.0,1,115252,,,,,,stage4/results/jax-thesis-all-coverage/coverage_reports/per_api/python/jax.interpreters.mlir.ir.np.ones/coverage.json,,,,0,False,json2init/results/jax/jax.interpreters.mlir.ir.np.ones.init.json,stage4/results/jax-thesis-all-coverage/execution_results/jax.interpreters.mlir.ir.np.ones.results.json
jax.interpreters.mlir.ir.np.ones_like,python,0.0006705918643795014,0.0,1,115252,,,,,,stage4/results/jax-thesis-all-coverage/coverage_reports/per_api/python/jax.interpreters.mlir.ir.np.ones_like/coverage.json,,,,0,False,json2init/results/jax/jax.interpreters.mlir.ir.np.ones_like.init.json,stage4/results/jax-thesis-all-coverage/execution_results/jax.interpreters.mlir.ir.np.ones_like.results.json
jax.interpreters.mlir.ir.np.packbits,python,0.0006705918643795014,0.0,1,115252,,,,,,stage4/results/jax-thesis-all-coverage/coverage_reports/per_api/python/jax.interpreters.mlir.ir.np.packbits/coverage.json,,,,0,False,json2init/results/jax/jax.interpreters.mlir.ir.np.packbits.init.json,stage4/results/jax-thesis-all-coverage/execution_results/jax.interpreters.mlir.ir.np.packbits.results.json
jax.interpreters.mlir.ir.np.pad,python,0.0006705918643795014,0.0,1,115252,,,,,,stage4/results/jax-thesis-all-coverage/coverage_reports/per_api/python/jax.interpreters.mlir.ir.np.pad/coverage.json,,,,0,False,json2init/results/jax/jax.interpreters.mlir.ir.np.pad.init.json,stage4/results/jax-thesis-all-coverage/execution_results/jax.interpreters.mlir.ir.np.pad.results.json
jax.interpreters.mlir.ir.np.partition,python,0.0006705918643795014,0.0,1,115252,,,,,,stage4/results/jax-thesis-all-coverage/coverage_reports/per_api/python/jax.interpreters.mlir.ir.np.partition/coverage.json,,,,0,False,json2init/results/jax/jax.interpreters.mlir.ir.np.partition.init.json,stage4/results/jax-thesis-all-coverage/execution_results/jax.interpreters.mlir.ir.np.partition.results.json
jax.interpreters.mlir.ir.np.permute_dims,python,0.0006705918643795014,0.0,1,115252,,,,,,stage4/results/jax-thesis-all-coverage/coverage_reports/per_api/python/jax.interpreters.mlir.ir.np.permute_dims/coverage.json,,,,0,False,json2init/results/jax/jax.interpreters.mlir.ir.np.permute_dims.init.json,stage4/results/jax-thesis-all-coverage/execution_results/jax.interpreters.mlir.ir.np.permute_dims.results.json
jax.interpreters.mlir.ir.np.poly,python,0.0006705918643795014,0.0,1,115252,,,,,,stage4/results/jax-thesis-all-coverage/coverage_reports/per_api/python/jax.interpreters.mlir.ir.np.poly/coverage.json,,,,0,False,json2init/results/jax/jax.interpreters.mlir.ir.np.poly.init.json,stage4/results/jax-thesis-all-coverage/execution_results/jax.interpreters.mlir.ir.np.poly.results.json
jax.interpreters.mlir.ir.np.promote_types,python,0.0006705918643795014,0.0,1,115252,,,,,,stage4/results/jax-thesis-all-coverage/coverage_reports/per_api/python/jax.interpreters.mlir.ir.np.promote_types/coverage.json,,,,0,False,json2init/results/jax/jax.interpreters.mlir.ir.np.promote_types.init.json,stage4/results/jax-thesis-all-coverage/execution_results/jax.interpreters.mlir.ir.np.promote_types.results.json
jax.interpreters.mlir.ir.np.ravel_multi_index,python,0.0006705918643795014,0.0,1,115252,,,,,,stage4/results/jax-thesis-all-coverage/coverage_reports/per_api/python/jax.interpreters.mlir.ir.np.ravel_multi_index/coverage.json,,,,0,False,json2init/results/jax/jax.interpreters.mlir.ir.np.ravel_multi_index.init.json,stage4/results/jax-thesis-all-coverage/execution_results/jax.interpreters.mlir.ir.np.ravel_multi_index.results.json
jax.interpreters.mlir.ir.np.result_type,python,0.0006705918643795014,0.0,1,115252,,,,,,stage4/results/jax-thesis-all-coverage/coverage_reports/per_api/python/jax.interpreters.mlir.ir.np.result_type/coverage.json,,,,0,False,json2init/results/jax/jax.interpreters.mlir.ir.np.result_type.init.json,stage4/results/jax-thesis-all-coverage/execution_results/jax.interpreters.mlir.ir.np.result_type.results.json
jax.interpreters.mlir.ir.np.roll,python,0.0006705918643795014,0.0,1,115252,,,,,,stage4/results/jax-thesis-all-coverage/coverage_reports/per_api/python/jax.interpreters.mlir.ir.np.roll/coverage.json,,,,0,False,json2init/results/jax/jax.interpreters.mlir.ir.np.roll.init.json,stage4/results/jax-thesis-all-coverage/execution_results/jax.interpreters.mlir.ir.np.roll.results.json
jax.interpreters.mlir.ir.np.roots,python,0.0006705918643795014,0.0,1,115252,,,,,,stage4/results/jax-thesis-all-coverage/coverage_reports/per_api/python/jax.interpreters.mlir.ir.np.roots/coverage.json,,,,0,False,json2init/results/jax/jax.interpreters.mlir.ir.np.roots.init.json,stage4/results/jax-thesis-all-coverage/execution_results/jax.interpreters.mlir.ir.np.roots.results.json
jax.interpreters.mlir.ir.np.rot90,python,0.0006705918643795014,0.0,1,115252,,,,,,stage4/results/jax-thesis-all-coverage/coverage_reports/per_api/python/jax.interpreters.mlir.ir.np.rot90/coverage.json,,,,0,False,json2init/results/jax/jax.interpreters.mlir.ir.np.rot90.init.json,stage4/results/jax-thesis-all-coverage/execution_results/jax.interpreters.mlir.ir.np.rot90.results.json
jax.interpreters.mlir.ir.np.row_stack,python,0.0006705918643795014,0.0,1,115252,,,,,,stage4/results/jax-thesis-all-coverage/coverage_reports/per_api/python/jax.interpreters.mlir.ir.np.row_stack/coverage.json,,,,0,False,json2init/results/jax/jax.interpreters.mlir.ir.np.row_stack.init.json,stage4/results/jax-thesis-all-coverage/execution_results/jax.interpreters.mlir.ir.np.row_stack.results.json
jax.interpreters.mlir.ir.np.select,python,0.0006705918643795014,0.0,1,115252,,,,,,stage4/results/jax-thesis-all-coverage/coverage_reports/per_api/python/jax.interpreters.mlir.ir.np.select/coverage.json,,,,0,False,json2init/results/jax/jax.interpreters.mlir.ir.np.select.init.json,stage4/results/jax-thesis-all-coverage/execution_results/jax.interpreters.mlir.ir.np.select.results.json
jax.interpreters.mlir.ir.np.setbufsize,python,0.0006705918643795014,0.0,1,115252,,,,,,stage4/results/jax-thesis-all-coverage/coverage_reports/per_api/python/jax.interpreters.mlir.ir.np.setbufsize/coverage.json,,,,0,False,json2init/results/jax/jax.interpreters.mlir.ir.np.setbufsize.init.json,stage4/results/jax-thesis-all-coverage/execution_results/jax.interpreters.mlir.ir.np.setbufsize.results.json
jax.interpreters.mlir.ir.np.shape,python,0.0006705918643795014,0.0,1,115252,,,,,,stage4/results/jax-thesis-all-coverage/coverage_reports/per_api/python/jax.interpreters.mlir.ir.np.shape/coverage.json,,,,0,False,json2init/results/jax/jax.interpreters.mlir.ir.np.shape.init.json,stage4/results/jax-thesis-all-coverage/execution_results/jax.interpreters.mlir.ir.np.shape.results.json
jax.interpreters.mlir.ir.np.sinc,python,0.0006705918643795014,0.0,1,115252,,,,,,stage4/results/jax-thesis-all-coverage/coverage_reports/per_api/python/jax.interpreters.mlir.ir.np.sinc/coverage.json,,,,0,False,json2init/results/jax/jax.interpreters.mlir.ir.np.sinc.init.json,stage4/results/jax-thesis-all-coverage/execution_results/jax.interpreters.mlir.ir.np.sinc.results.json
jax.interpreters.mlir.ir.np.sort,python,0.0006705918643795014,0.0,1,115252,,,,,,stage4/results/jax-thesis-all-coverage/coverage_reports/per_api/python/jax.interpreters.mlir.ir.np.sort/coverage.json,,,,0,False,json2init/results/jax/jax.interpreters.mlir.ir.np.sort.init.json,stage4/results/jax-thesis-all-coverage/execution_results/jax.interpreters.mlir.ir.np.sort.results.json
jax.interpreters.mlir.ir.np.split,python,0.0006705918643795014,0.0,1,115252,,,,,,stage4/results/jax-thesis-all-coverage/coverage_reports/per_api/python/jax.interpreters.mlir.ir.np.split/coverage.json,,,,0,False,json2init/results/jax/jax.interpreters.mlir.ir.np.split.init.json,stage4/results/jax-thesis-all-coverage/execution_results/jax.interpreters.mlir.ir.np.split.results.json
jax.interpreters.mlir.ir.np.stack,python,0.0006705918643795014,0.0,1,115252,,,,,,stage4/results/jax-thesis-all-coverage/coverage_reports/per_api/python/jax.interpreters.mlir.ir.np.stack/coverage.json,,,,0,False,json2init/results/jax/jax.interpreters.mlir.ir.np.stack.init.json,stage4/results/jax-thesis-all-coverage/execution_results/jax.interpreters.mlir.ir.np.stack.results.json
jax.interpreters.mlir.ir.np.take_along_axis,python,0.0006705918643795014,0.0,1,115252,,,,,,stage4/results/jax-thesis-all-coverage/coverage_reports/per_api/python/jax.interpreters.mlir.ir.np.take_along_axis/coverage.json,,,,0,False,json2init/results/jax/jax.interpreters.mlir.ir.np.take_along_axis.init.json,stage4/results/jax-thesis-all-coverage/execution_results/jax.interpreters.mlir.ir.np.take_along_axis.results.json
jax.interpreters.mlir.ir.np.tile,python,0.0006705918643795014,0.0,1,115252,,,,,,stage4/results/jax-thesis-all-coverage/coverage_reports/per_api/python/jax.interpreters.mlir.ir.np.tile/coverage.json,,,,0,False,json2init/results/jax/jax.interpreters.mlir.ir.np.tile.init.json,stage4/results/jax-thesis-all-coverage/execution_results/jax.interpreters.mlir.ir.np.tile.results.json
jax.interpreters.mlir.ir.np.transpose,python,0.0006705918643795014,0.0,1,115252,,,,,,stage4/results/jax-thesis-all-coverage/coverage_reports/per_api/python/jax.interpreters.mlir.ir.np.transpose/coverage.json,,,,0,False,json2init/results/jax/jax.interpreters.mlir.ir.np.transpose.init.json,stage4/results/jax-thesis-all-coverage/execution_results/jax.interpreters.mlir.ir.np.transpose.results.json
jax.interpreters.mlir.ir.np.tri,python,0.0006705918643795014,0.0,1,115252,,,,,,stage4/results/jax-thesis-all-coverage/coverage_reports/per_api/python/jax.interpreters.mlir.ir.np.tri/coverage.json,,,,0,False,json2init/results/jax/jax.interpreters.mlir.ir.np.tri.init.json,stage4/results/jax-thesis-all-coverage/execution_results/jax.interpreters.mlir.ir.np.tri.results.json
jax.interpreters.mlir.ir.np.tril,python,0.0006705918643795014,0.0,1,115252,,,,,,stage4/results/jax-thesis-all-coverage/coverage_reports/per_api/python/jax.interpreters.mlir.ir.np.tril/coverage.json,,,,0,False,json2init/results/jax/jax.interpreters.mlir.ir.np.tril.init.json,stage4/results/jax-thesis-all-coverage/execution_results/jax.interpreters.mlir.ir.np.tril.results.json
jax.interpreters.mlir.ir.np.tril_indices,python,0.0006705918643795014,0.0,1,115252,,,,,,stage4/results/jax-thesis-all-coverage/coverage_reports/per_api/python/jax.interpreters.mlir.ir.np.tril_indices/coverage.json,,,,0,False,json2init/results/jax/jax.interpreters.mlir.ir.np.tril_indices.init.json,stage4/results/jax-thesis-all-coverage/execution_results/jax.interpreters.mlir.ir.np.tril_indices.results.json
jax.interpreters.mlir.ir.np.trim_zeros,python,0.0006705918643795014,0.0,1,115252,,,,,,stage4/results/jax-thesis-all-coverage/coverage_reports/per_api/python/jax.interpreters.mlir.ir.np.trim_zeros/coverage.json,,,,0,False,json2init/results/jax/jax.interpreters.mlir.ir.np.trim_zeros.init.json,stage4/results/jax-thesis-all-coverage/execution_results/jax.interpreters.mlir.ir.np.trim_zeros.results.json
jax.interpreters.mlir.ir.np.triu_indices,python,0.0006705918643795014,0.0,1,115252,,,,,,stage4/results/jax-thesis-all-coverage/coverage_reports/per_api/python/jax.interpreters.mlir.ir.np.triu_indices/coverage.json,,,,0,False,json2init/results/jax/jax.interpreters.mlir.ir.np.triu_indices.init.json,stage4/results/jax-thesis-all-coverage/execution_results/jax.interpreters.mlir.ir.np.triu_indices.results.json
jax.interpreters.mlir.ir.np.unique_all,python,0.0006705918643795014,0.0,1,115252,,,,,,stage4/results/jax-thesis-all-coverage/coverage_reports/per_api/python/jax.interpreters.mlir.ir.np.unique_all/coverage.json,,,,0,False,json2init/results/jax/jax.interpreters.mlir.ir.np.unique_all.init.json,stage4/results/jax-thesis-all-coverage/execution_results/jax.interpreters.mlir.ir.np.unique_all.results.json
jax.interpreters.mlir.ir.np.unique_counts,python,0.0006705918643795014,0.0,1,115252,,,,,,stage4/results/jax-thesis-all-coverage/coverage_reports/per_api/python/jax.interpreters.mlir.ir.np.unique_counts/coverage.json,,,,0,False,json2init/results/jax/jax.interpreters.mlir.ir.np.unique_counts.init.json,stage4/results/jax-thesis-all-coverage/execution_results/jax.interpreters.mlir.ir.np.unique_counts.results.json
jax.interpreters.mlir.ir.np.unique_inverse,python,0.0006705918643795014,0.0,1,115252,,,,,,stage4/results/jax-thesis-all-coverage/coverage_reports/per_api/python/jax.interpreters.mlir.ir.np.unique_inverse/coverage.json,,,,0,False,json2init/results/jax/jax.interpreters.mlir.ir.np.unique_inverse.init.json,stage4/results/jax-thesis-all-coverage/execution_results/jax.interpreters.mlir.ir.np.unique_inverse.results.json
jax.interpreters.mlir.ir.np.unique_values,python,0.0006705918643795014,0.0,1,115252,,,,,,stage4/results/jax-thesis-all-coverage/coverage_reports/per_api/python/jax.interpreters.mlir.ir.np.unique_values/coverage.json,,,,0,False,json2init/results/jax/jax.interpreters.mlir.ir.np.unique_values.init.json,stage4/results/jax-thesis-all-coverage/execution_results/jax.interpreters.mlir.ir.np.unique_values.results.json
jax.interpreters.mlir.ir.np.unpackbits,python,0.0006705918643795014,0.0,1,115252,,,,,,stage4/results/jax-thesis-all-coverage/coverage_reports/per_api/python/jax.interpreters.mlir.ir.np.unpackbits/coverage.json,,,,0,False,json2init/results/jax/jax.interpreters.mlir.ir.np.unpackbits.init.json,stage4/results/jax-thesis-all-coverage/execution_results/jax.interpreters.mlir.ir.np.unpackbits.results.json
jax.interpreters.mlir.ir.np.unstack,python,0.0006705918643795014,0.0,1,115252,,,,,,stage4/results/jax-thesis-all-coverage/coverage_reports/per_api/python/jax.interpreters.mlir.ir.np.unstack/coverage.json,,,,0,False,json2init/results/jax/jax.interpreters.mlir.ir.np.unstack.init.json,stage4/results/jax-thesis-all-coverage/execution_results/jax.interpreters.mlir.ir.np.unstack.results.json
jax.interpreters.mlir.ir.np.unwrap,python,0.0006705918643795014,0.0,1,115252,,,,,,stage4/results/jax-thesis-all-coverage/coverage_reports/per_api/python/jax.interpreters.mlir.ir.np.unwrap/coverage.json,,,,0,False,json2init/results/jax/jax.interpreters.mlir.ir.np.unwrap.init.json,stage4/results/jax-thesis-all-coverage/execution_results/jax.interpreters.mlir.ir.np.unwrap.results.json
jax.interpreters.mlir.ir.np.vstack,python,0.0006705918643795014,0.0,1,115252,,,,,,stage4/results/jax-thesis-all-coverage/coverage_reports/per_api/python/jax.interpreters.mlir.ir.np.vstack/coverage.json,,,,0,False,json2init/results/jax/jax.interpreters.mlir.ir.np.vstack.init.json,stage4/results/jax-thesis-all-coverage/execution_results/jax.interpreters.mlir.ir.np.vstack.results.json
jax.interpreters.mlir.ir.np.where,python,0.0006705918643795014,0.0,1,115252,,,,,,stage4/results/jax-thesis-all-coverage/coverage_reports/per_api/python/jax.interpreters.mlir.ir.np.where/coverage.json,,,,0,False,json2init/results/jax/jax.interpreters.mlir.ir.np.where.init.json,stage4/results/jax-thesis-all-coverage/execution_results/jax.interpreters.mlir.ir.np.where.results.json
jax.interpreters.mlir.ir.np.zeros,python,0.0006705918643795014,0.0,1,115252,,,,,,stage4/results/jax-thesis-all-coverage/coverage_reports/per_api/python/jax.interpreters.mlir.ir.np.zeros/coverage.json,,,,0,False,json2init/results/jax/jax.interpreters.mlir.ir.np.zeros.init.json,stage4/results/jax-thesis-all-coverage/execution_results/jax.interpreters.mlir.ir.np.zeros.results.json
jax.interpreters.mlir.ir.np.zeros_like,python,0.0006705918643795014,0.0,1,115252,,,,,,stage4/results/jax-thesis-all-coverage/coverage_reports/per_api/python/jax.interpreters.mlir.ir.np.zeros_like/coverage.json,,,,0,False,json2init/results/jax/jax.interpreters.mlir.ir.np.zeros_like.init.json,stage4/results/jax-thesis-all-coverage/execution_results/jax.interpreters.mlir.ir.np.zeros_like.results.json
jax.lax.abs,python,2.0057402663590884,2.0608,2293,115252,,,,,,stage4/results/jax-thesis-all-coverage/coverage_reports/per_api/python/jax.lax.abs/coverage.json,,,,0,False,json2init/results/jax/jax.lax.abs.init.json,stage4/results/jax-thesis-all-coverage/execution_results/jax.lax.abs.results.json
jax.lax.acos,python,2.0325639409342684,2.1081,2317,115252,,,,,,stage4/results/jax-thesis-all-coverage/coverage_reports/per_api/python/jax.lax.acos/coverage.json,,,,0,False,json2init/results/jax/jax.lax.acos.init.json,stage4/results/jax-thesis-all-coverage/execution_results/jax.lax.acos.results.json
jax.lax.acosh,python,2.0325639409342684,2.1081,2317,115252,,,,,,stage4/results/jax-thesis-all-coverage/coverage_reports/per_api/python/jax.lax.acosh/coverage.json,,,,0,False,json2init/results/jax/jax.lax.acosh.init.json,stage4/results/jax-thesis-all-coverage/execution_results/jax.lax.acosh.results.json
jax.lax.asin,python,2.0325639409342684,2.1081,2317,115252,,,,,,stage4/results/jax-thesis-all-coverage/coverage_reports/per_api/python/jax.lax.asin/coverage.json,,,,0,False,json2init/results/jax/jax.lax.asin.init.json,stage4/results/jax-thesis-all-coverage/execution_results/jax.lax.asin.results.json
jax.lax.asinh,python,2.0325639409342684,2.1081,2317,115252,,,,,,stage4/results/jax-thesis-all-coverage/coverage_reports/per_api/python/jax.lax.asinh/coverage.json,,,,0,False,json2init/results/jax/jax.lax.asinh.init.json,stage4/results/jax-thesis-all-coverage/execution_results/jax.lax.asinh.results.json
jax.lax.atan,python,2.0325639409342684,2.1081,2317,115252,,,,,,stage4/results/jax-thesis-all-coverage/coverage_reports/per_api/python/jax.lax.atan/coverage.json,,,,0,False,json2init/results/jax/jax.lax.atan.init.json,stage4/results/jax-thesis-all-coverage/execution_results/jax.lax.atan.results.json
jax.lax.atanh,python,2.0325639409342684,2.1081,2317,115252,,,,,,stage4/results/jax-thesis-all-coverage/coverage_reports/per_api/python/jax.lax.atanh/coverage.json,,,,0,False,json2init/results/jax/jax.lax.atanh.init.json,stage4/results/jax-thesis-all-coverage/execution_results/jax.lax.atanh.results.json
jax.lax.bitwise_not,python,1.9896460616139806,2.0431,2275,115252,,,,,,stage4/results/jax-thesis-all-coverage/coverage_reports/per_api/python/jax.lax.bitwise_not/coverage.json,,,,0,False,json2init/results/jax/jax.lax.bitwise_not.init.json,stage4/results/jax-thesis-all-coverage/execution_results/jax.lax.bitwise_not.results.json
jax.lax.broadcast_in_dim,python,2.038599267713684,2.111,2325,115252,,,,,,stage4/results/jax-thesis-all-coverage/coverage_reports/per_api/python/jax.lax.broadcast_in_dim/coverage.json,,,,0,False,json2init/results/jax/jax.lax.broadcast_in_dim.init.json,stage4/results/jax-thesis-all-coverage/execution_results/jax.lax.broadcast_in_dim.results.json
jax.lax.cbrt,python,2.038599267713684,2.1228,2321,115252,,,,,,stage4/results/jax-thesis-all-coverage/coverage_reports/per_api/python/jax.lax.cbrt/coverage.json,,,,0,False,json2init/results/jax/jax.lax.cbrt.init.json,stage4/results/jax-thesis-all-coverage/execution_results/jax.lax.cbrt.results.json
jax.lax.ceil,python,2.0325639409342684,2.1081,2317,115252,,,,,,stage4/results/jax-thesis-all-coverage/coverage_reports/per_api/python/jax.lax.ceil/coverage.json,,,,0,False,json2init/results/jax/jax.lax.ceil.init.json,stage4/results/jax-thesis-all-coverage/execution_results/jax.lax.ceil.results.json
jax.lax.clz,python,2.047987553814997,2.1022,2342,115252,,,,,,stage4/results/jax-thesis-all-coverage/coverage_reports/per_api/python/jax.lax.clz/coverage.json,,,,0,False,json2init/results/jax/jax.lax.clz.init.json,stage4/results/jax-thesis-all-coverage/execution_results/jax.lax.clz.results.json
jax.lax.conj,python,2.3034830541435873,2.4476,2606,115252,,,,,,stage4/results/jax-thesis-all-coverage/coverage_reports/per_api/python/jax.lax.conj/coverage.json,,,,0,False,json2init/results/jax/jax.lax.conj.init.json,stage4/results/jax-thesis-all-coverage/execution_results/jax.lax.conj.results.json
jax.lax.convert_element_type,python,2.0446345944930995,2.1287,2328,115252,,,,,,stage4/results/jax-thesis-all-coverage/coverage_reports/per_api/python/jax.lax.convert_element_type/coverage.json,,,,0,False,json2init/results/jax/jax.lax.convert_element_type.init.json,stage4/results/jax-thesis-all-coverage/execution_results/jax.lax.convert_element_type.results.json
jax.lax.cos,python,2.0406110433068227,2.1258,2323,115252,,,,,,stage4/results/jax-thesis-all-coverage/coverage_reports/per_api/python/jax.lax.cos/coverage.json,,,,0,False,json2init/results/jax/jax.lax.cos.init.json,stage4/results/jax-thesis-all-coverage/execution_results/jax.lax.cos.results.json
jax.lax.cosh,python,2.0325639409342684,2.1081,2317,115252,,,,,,stage4/results/jax-thesis-all-coverage/coverage_reports/per_api/python/jax.lax.cosh/coverage.json,,,,0,False,json2init/results/jax/jax.lax.cosh.init.json,stage4/results/jax-thesis-all-coverage/execution_results/jax.lax.cosh.results.json
jax.lax.exp,python,2.038599267713684,2.1228,2321,115252,,,,,,stage4/results/jax-thesis-all-coverage/coverage_reports/per_api/python/jax.lax.exp/coverage.json,,,,0,False,json2init/results/jax/jax.lax.exp.init.json,stage4/results/jax-thesis-all-coverage/execution_results/jax.lax.exp.results.json
jax.lax.exp2,python,2.0439640026287202,2.1169,2331,115252,,,,,,stage4/results/jax-thesis-all-coverage/coverage_reports/per_api/python/jax.lax.exp2/coverage.json,,,,0,False,json2init/results/jax/jax.lax.exp2.init.json,stage4/results/jax-thesis-all-coverage/execution_results/jax.lax.exp2.results.json
jax.lax.expm1,python,2.038599267713684,2.1228,2321,115252,,,,,,stage4/results/jax-thesis-all-coverage/coverage_reports/per_api/python/jax.lax.expm1/coverage.json,,,,0,False,json2init/results/jax/jax.lax.expm1.init.json,stage4/results/jax-thesis-all-coverage/execution_results/jax.lax.expm1.results.json
jax.lax.floor,python,2.0325639409342684,2.1081,2317,115252,,,,,,stage4/results/jax-thesis-all-coverage/coverage_reports/per_api/python/jax.lax.floor/coverage.json,,,,0,False,json2init/results/jax/jax.lax.floor.init.json,stage4/results/jax-thesis-all-coverage/execution_results/jax.lax.floor.results.json
jax.lax.full,python,2.1593058033019945,2.2793,2448,115252,,,,,,stage4/results/jax-thesis-all-coverage/coverage_reports/per_api/python/jax.lax.full/coverage.json,,,,0,False,json2init/results/jax/jax.lax.full.init.json,stage4/results/jax-thesis-all-coverage/execution_results/jax.lax.full.results.json
jax.lax.full_like,python,2.2196590710961495,2.3472,2515,115252,,,,,,stage4/results/jax-thesis-all-coverage/coverage_reports/per_api/python/jax.lax.full_like/coverage.json,,,,0,False,json2init/results/jax/jax.lax.full_like.init.json,stage4/results/jax-thesis-all-coverage/execution_results/jax.lax.full_like.results.json
jax.lax.integer_pow,python,2.144552782285645,2.2527,2435,115252,,,,,,stage4/results/jax-thesis-all-coverage/coverage_reports/per_api/python/jax.lax.integer_pow/coverage.json,,,,0,False,json2init/results/jax/jax.lax.integer_pow.init.json,stage4/results/jax-thesis-all-coverage/execution_results/jax.lax.integer_pow.results.json
jax.lax.is_finite,python,2.031893349069889,2.1051,2317,115252,,,,,,stage4/results/jax-thesis-all-coverage/coverage_reports/per_api/python/jax.lax.is_finite/coverage.json,,,,0,False,json2init/results/jax/jax.lax.is_finite.init.json,stage4/results/jax-thesis-all-coverage/execution_results/jax.lax.is_finite.results.json
jax.lax.linalg.hessenberg,python,2.359142178887086,2.5037,2670,115252,,,,,,stage4/results/jax-thesis-all-coverage/coverage_reports/per_api/python/jax.lax.linalg.hessenberg/coverage.json,,,,0,False,json2init/results/jax/jax.lax.linalg.hessenberg.init.json,stage4/results/jax-thesis-all-coverage/execution_results/jax.lax.linalg.hessenberg.results.json
jax.lax.linalg.householder_product,python,2.2780005632971663,2.424,2576,115252,,,,,,stage4/results/jax-thesis-all-coverage/coverage_reports/per_api/python/jax.lax.linalg.householder_product/coverage.json,,,,0,False,json2init/results/jax/jax.lax.linalg.householder_product.init.json,stage4/results/jax-thesis-all-coverage/execution_results/jax.lax.linalg.householder_product.results.json
jax.lax.linalg.lu,python,3.609796005954856,3.9563,4043,115252,,,,,,stage4/results/jax-thesis-all-coverage/coverage_reports/per_api/python/jax.lax.linalg.lu/coverage.json,,,,0,False,json2init/results/jax/jax.lax.linalg.lu.init.json,stage4/results/jax-thesis-all-coverage/execution_results/jax.lax.linalg.lu.results.json
jax.lax.linalg.ormqr,python,2.247153337535709,2.4033,2537,115252,,,,,,stage4/results/jax-thesis-all-coverage/coverage_reports/per_api/python/jax.lax.linalg.ormqr/coverage.json,,,,0,False,json2init/results/jax/jax.lax.linalg.ormqr.init.json,stage4/results/jax-thesis-all-coverage/execution_results/jax.lax.linalg.ormqr.results.json
jax.lax.linalg.triangular_solve,python,2.556296187014659,2.8226,2856,115252,,,,,,stage4/results/jax-thesis-all-coverage/coverage_reports/per_api/python/jax.lax.linalg.triangular_solve/coverage.json,,,,0,False,json2init/results/jax/jax.lax.linalg.triangular_solve.init.json,stage4/results/jax-thesis-all-coverage/execution_results/jax.lax.linalg.triangular_solve.results.json
jax.lax.log,python,2.038599267713684,2.1228,2321,115252,,,,,,stage4/results/jax-thesis-all-coverage/coverage_reports/per_api/python/jax.lax.log/coverage.json,,,,0,False,json2init/results/jax/jax.lax.log.init.json,stage4/results/jax-thesis-all-coverage/execution_results/jax.lax.log.results.json
jax.lax.log1p,python,2.038599267713684,2.1228,2321,115252,,,,,,stage4/results/jax-thesis-all-coverage/coverage_reports/per_api/python/jax.lax.log1p/coverage.json,,,,0,False,json2init/results/jax/jax.lax.log1p.init.json,stage4/results/jax-thesis-all-coverage/execution_results/jax.lax.log1p.results.json
jax.lax.logistic,python,2.1807647429621384,2.2764,2481,115252,,,,,,stage4/results/jax-thesis-all-coverage/coverage_reports/per_api/python/jax.lax.logistic/coverage.json,,,,0,False,json2init/results/jax/jax.lax.logistic.init.json,stage4/results/jax-thesis-all-coverage/execution_results/jax.lax.logistic.results.json
jax.lax.neg,python,2.0325639409342684,2.1081,2317,115252,,,,,,stage4/results/jax-thesis-all-coverage/coverage_reports/per_api/python/jax.lax.neg/coverage.json,,,,0,False,json2init/results/jax/jax.lax.neg.init.json,stage4/results/jax-thesis-all-coverage/execution_results/jax.lax.neg.results.json
jax.lax.pad,python,2.0888936575421466,2.173,2379,115252,,,,,,stage4/results/jax-thesis-all-coverage/coverage_reports/per_api/python/jax.lax.pad/coverage.json,,,,0,False,json2init/results/jax/jax.lax.pad.init.json,stage4/results/jax-thesis-all-coverage/execution_results/jax.lax.pad.results.json
jax.lax.padtype_to_pads,python,0.10796529016509972,0.124,119,115252,,,,,,stage4/results/jax-thesis-all-coverage/coverage_reports/per_api/python/jax.lax.padtype_to_pads/coverage.json,,,,0,False,json2init/results/jax/jax.lax.padtype_to_pads.init.json,stage4/results/jax-thesis-all-coverage/execution_results/jax.lax.padtype_to_pads.results.json
jax.lax.population_count,python,2.047987553814997,2.1022,2342,115252,,,,,,stage4/results/jax-thesis-all-coverage/coverage_reports/per_api/python/jax.lax.population_count/coverage.json,,,,0,False,json2init/results/jax/jax.lax.population_count.init.json,stage4/results/jax-thesis-all-coverage/execution_results/jax.lax.population_count.results.json
jax.lax.pow,python,2.090905433135285,2.1612,2386,115252,,,,,,stage4/results/jax-thesis-all-coverage/coverage_reports/per_api/python/jax.lax.pow/coverage.json,,,,0,False,json2init/results/jax/jax.lax.pow.init.json,stage4/results/jax-thesis-all-coverage/execution_results/jax.lax.pow.results.json
jax.lax.ragged_dot,python,2.8319094432746343,3.0765,3181,115252,,,,,,stage4/results/jax-thesis-all-coverage/coverage_reports/per_api/python/jax.lax.ragged_dot/coverage.json,,,,0,False,json2init/results/jax/jax.lax.ragged_dot.init.json,stage4/results/jax-thesis-all-coverage/execution_results/jax.lax.ragged_dot.results.json
jax.lax.reduce_and,python,1.995681388393396,2.0579,2279,115252,,,,,,stage4/results/jax-thesis-all-coverage/coverage_reports/per_api/python/jax.lax.reduce_and/coverage.json,,,,0,False,json2init/results/jax/jax.lax.reduce_and.init.json,stage4/results/jax-thesis-all-coverage/execution_results/jax.lax.reduce_and.results.json
jax.lax.reduce_max,python,2.034575716527407,2.1051,2321,115252,,,,,,stage4/results/jax-thesis-all-coverage/coverage_reports/per_api/python/jax.lax.reduce_max/coverage.json,,,,0,False,json2init/results/jax/jax.lax.reduce_max.init.json,stage4/results/jax-thesis-all-coverage/execution_results/jax.lax.reduce_max.results.json
jax.lax.reduce_min,python,2.034575716527407,2.1051,2321,115252,,,,,,stage4/results/jax-thesis-all-coverage/coverage_reports/per_api/python/jax.lax.reduce_min/coverage.json,,,,0,False,json2init/results/jax/jax.lax.reduce_min.init.json,stage4/results/jax-thesis-all-coverage/execution_results/jax.lax.reduce_min.results.json
jax.lax.reduce_or,python,1.995681388393396,2.0579,2279,115252,,,,,,stage4/results/jax-thesis-all-coverage/coverage_reports/per_api/python/jax.lax.reduce_or/coverage.json,,,,0,False,json2init/results/jax/jax.lax.reduce_or.init.json,stage4/results/jax-thesis-all-coverage/execution_results/jax.lax.reduce_or.results.json
jax.lax.reduce_prod,python,2.027869797883612,2.0963,2314,115252,,,,,,stage4/results/jax-thesis-all-coverage/coverage_reports/per_api/python/jax.lax.reduce_prod/coverage.json,,,,0,False,json2init/results/jax/jax.lax.reduce_prod.init.json,stage4/results/jax-thesis-all-coverage/execution_results/jax.lax.reduce_prod.results.json
jax.lax.reduce_sum,python,2.033234532798648,2.1022,2320,115252,,,,,,stage4/results/jax-thesis-all-coverage/coverage_reports/per_api/python/jax.lax.reduce_sum/coverage.json,,,,0,False,json2init/results/jax/jax.lax.reduce_sum.init.json,stage4/results/jax-thesis-all-coverage/execution_results/jax.lax.reduce_sum.results.json
jax.lax.reduce_xor,python,1.995681388393396,2.0579,2279,115252,,,,,,stage4/results/jax-thesis-all-coverage/coverage_reports/per_api/python/jax.lax.reduce_xor/coverage.json,,,,0,False,json2init/results/jax/jax.lax.reduce_xor.init.json,stage4/results/jax-thesis-all-coverage/execution_results/jax.lax.reduce_xor.results.json
jax.lax.reshape,python,2.0567052480519306,2.1228,2348,115252,,,,,,stage4/results/jax-thesis-all-coverage/coverage_reports/per_api/python/jax.lax.reshape/coverage.json,,,,0,False,json2init/results/jax/jax.lax.reshape.init.json,stage4/results/jax-thesis-all-coverage/execution_results/jax.lax.reshape.results.json
jax.lax.rsqrt,python,2.038599267713684,2.1228,2321,115252,,,,,,stage4/results/jax-thesis-all-coverage/coverage_reports/per_api/python/jax.lax.rsqrt/coverage.json,,,,0,False,json2init/results/jax/jax.lax.rsqrt.init.json,stage4/results/jax-thesis-all-coverage/execution_results/jax.lax.rsqrt.results.json
jax.lax.select,python,2.0506699212725152,2.1346,2335,115252,,,,,,stage4/results/jax-thesis-all-coverage/coverage_reports/per_api/python/jax.lax.select/coverage.json,,,,0,False,json2init/results/jax/jax.lax.select.init.json,stage4/results/jax-thesis-all-coverage/execution_results/jax.lax.select.results.json
jax.lax.select_n,python,2.0754818202545566,2.1642,2362,115252,,,,,,stage4/results/jax-thesis-all-coverage/coverage_reports/per_api/python/jax.lax.select_n/coverage.json,,,,0,False,json2init/results/jax/jax.lax.select_n.init.json,stage4/results/jax-thesis-all-coverage/execution_results/jax.lax.select_n.results.json
jax.lax.sign,python,2.011775593138504,2.0785,2296,115252,,,,,,stage4/results/jax-thesis-all-coverage/coverage_reports/per_api/python/jax.lax.sign/coverage.json,,,,0,False,json2init/results/jax/jax.lax.sign.init.json,stage4/results/jax-thesis-all-coverage/execution_results/jax.lax.sign.results.json
jax.lax.sin,python,2.0406110433068227,2.1258,2323,115252,,,,,,stage4/results/jax-thesis-all-coverage/coverage_reports/per_api/python/jax.lax.sin/coverage.json,,,,0,False,json2init/results/jax/jax.lax.sin.init.json,stage4/results/jax-thesis-all-coverage/execution_results/jax.lax.sin.results.json
jax.lax.sinh,python,2.0325639409342684,2.1081,2317,115252,,,,,,stage4/results/jax-thesis-all-coverage/coverage_reports/per_api/python/jax.lax.sinh/coverage.json,,,,0,False,json2init/results/jax/jax.lax.sinh.init.json,stage4/results/jax-thesis-all-coverage/execution_results/jax.lax.sinh.results.json
jax.lax.slice,python,2.0372580839849252,2.1258,2318,115252,,,,,,stage4/results/jax-thesis-all-coverage/coverage_reports/per_api/python/jax.lax.slice/coverage.json,,,,0,False,json2init/results/jax/jax.lax.slice.init.json,stage4/results/jax-thesis-all-coverage/execution_results/jax.lax.slice.results.json
jax.lax.sqrt,python,2.038599267713684,2.1228,2321,115252,,,,,,stage4/results/jax-thesis-all-coverage/coverage_reports/per_api/python/jax.lax.sqrt/coverage.json,,,,0,False,json2init/results/jax/jax.lax.sqrt.init.json,stage4/results/jax-thesis-all-coverage/execution_results/jax.lax.sqrt.results.json
jax.lax.stop_gradient,python,0.2018481511782299,0.2214,226,115252,,,,,,stage4/results/jax-thesis-all-coverage/coverage_reports/per_api/python/jax.lax.stop_gradient/coverage.json,,,,0,False,json2init/results/jax/jax.lax.stop_gradient.init.json,stage4/results/jax-thesis-all-coverage/execution_results/jax.lax.stop_gradient.results.json
jax.lax.tan,python,2.038599267713684,2.1228,2321,115252,,,,,,stage4/results/jax-thesis-all-coverage/coverage_reports/per_api/python/jax.lax.tan/coverage.json,,,,0,False,json2init/results/jax/jax.lax.tan.init.json,stage4/results/jax-thesis-all-coverage/execution_results/jax.lax.tan.results.json
jax.lax.tanh,python,2.038599267713684,2.1228,2321,115252,,,,,,stage4/results/jax-thesis-all-coverage/coverage_reports/per_api/python/jax.lax.tanh/coverage.json,,,,0,False,json2init/results/jax/jax.lax.tanh.init.json,stage4/results/jax-thesis-all-coverage/execution_results/jax.lax.tanh.results.json
jax.lax.tile,python,1.9507517334799693,2.0047,2230,115252,,,,,,stage4/results/jax-thesis-all-coverage/coverage_reports/per_api/python/jax.lax.tile/coverage.json,,,,0,False,json2init/results/jax/jax.lax.tile.init.json,stage4/results/jax-thesis-all-coverage/execution_results/jax.lax.tile.results.json
jax.make_array_from_single_device_arrays,python,2.3557892195651884,2.4801,2673,115252,,,,,,stage4/results/jax-thesis-all-coverage/coverage_reports/per_api/python/jax.make_array_from_single_device_arrays/coverage.json,,,,0,False,json2init/results/jax/jax.make_array_from_single_device_arrays.init.json,stage4/results/jax-thesis-all-coverage/execution_results/jax.make_array_from_single_device_arrays.results.json
jax.nn.celu,python,2.19216480465659,2.3472,2474,115252,,,,,,stage4/results/jax-thesis-all-coverage/coverage_reports/per_api/python/jax.nn.celu/coverage.json,,,,0,False,json2init/results/jax/jax.nn.celu.init.json,stage4/results/jax-thesis-all-coverage/execution_results/jax.nn.celu.results.json
jax.nn.elu,python,2.4469897131208005,2.6661,2746,115252,,,,,,stage4/results/jax-thesis-all-coverage/coverage_reports/per_api/python/jax.nn.elu/coverage.json,,,,0,False,json2init/results/jax/jax.nn.elu.init.json,stage4/results/jax-thesis-all-coverage/execution_results/jax.nn.elu.results.json
jax.nn.gelu,python,2.354448035836429,2.5155,2659,115252,,,,,,stage4/results/jax-thesis-all-coverage/coverage_reports/per_api/python/jax.nn.gelu/coverage.json,,,,0,False,json2init/results/jax/jax.nn.gelu.init.json,stage4/results/jax-thesis-all-coverage/execution_results/jax.nn.gelu.results.json
jax.nn.glu,python,2.2800123388903044,2.3944,2589,115252,,,,,,stage4/results/jax-thesis-all-coverage/coverage_reports/per_api/python/jax.nn.glu/coverage.json,,,,0,False,json2init/results/jax/jax.nn.glu.init.json,stage4/results/jax-thesis-all-coverage/execution_results/jax.nn.glu.results.json
jax.nn.hard_sigmoid,python,2.404742425664892,2.5391,2726,115252,,,,,,stage4/results/jax-thesis-all-coverage/coverage_reports/per_api/python/jax.nn.hard_sigmoid/coverage.json,,,,0,False,json2init/results/jax/jax.nn.hard_sigmoid.init.json,stage4/results/jax-thesis-all-coverage/execution_results/jax.nn.hard_sigmoid.results.json
jax.nn.hard_silu,python,2.419495446681241,2.5568,2742,115252,,,,,,stage4/results/jax-thesis-all-coverage/coverage_reports/per_api/python/jax.nn.hard_silu/coverage.json,,,,0,False,json2init/results/jax/jax.nn.hard_silu.init.json,stage4/results/jax-thesis-all-coverage/execution_results/jax.nn.hard_silu.results.json
jax.nn.hard_swish,python,2.419495446681241,2.5568,2742,115252,,,,,,stage4/results/jax-thesis-all-coverage/coverage_reports/per_api/python/jax.nn.hard_swish/coverage.json,,,,0,False,json2init/results/jax/jax.nn.hard_swish.init.json,stage4/results/jax-thesis-all-coverage/execution_results/jax.nn.hard_swish.results.json
jax.nn.hard_tanh,python,2.406083609393651,2.6218,2700,115252,,,,,,stage4/results/jax-thesis-all-coverage/coverage_reports/per_api/python/jax.nn.hard_tanh/coverage.json,,,,0,False,json2init/results/jax/jax.nn.hard_tanh.init.json,stage4/results/jax-thesis-all-coverage/execution_results/jax.nn.hard_tanh.results.json
jax.nn.identity,python,1.5309612263784016,1.55,1758,115252,,,,,,stage4/results/jax-thesis-all-coverage/coverage_reports/per_api/python/jax.nn.identity/coverage.json,,,,0,False,json2init/results/jax/jax.nn.identity.init.json,stage4/results/jax-thesis-all-coverage/execution_results/jax.nn.identity.results.json
jax.nn.leaky_relu,python,2.3303067287187673,2.545,2613,115252,,,,,,stage4/results/jax-thesis-all-coverage/coverage_reports/per_api/python/jax.nn.leaky_relu/coverage.json,,,,0,False,json2init/results/jax/jax.nn.leaky_relu.init.json,stage4/results/jax-thesis-all-coverage/execution_results/jax.nn.leaky_relu.results.json
jax.nn.log_sigmoid,python,2.4409543863413847,2.5834,2765,115252,,,,,,stage4/results/jax-thesis-all-coverage/coverage_reports/per_api/python/jax.nn.log_sigmoid/coverage.json,,,,0,False,json2init/results/jax/jax.nn.log_sigmoid.init.json,stage4/results/jax-thesis-all-coverage/execution_results/jax.nn.log_sigmoid.results.json
jax.nn.log_softmax,python,2.438272018883867,2.6602,2735,115252,,,,,,stage4/results/jax-thesis-all-coverage/coverage_reports/per_api/python/jax.nn.log_softmax/coverage.json,,,,0,False,json2init/results/jax/jax.nn.log_softmax.init.json,stage4/results/jax-thesis-all-coverage/execution_results/jax.nn.log_softmax.results.json
jax.nn.logmeanexp,python,2.5381902066764126,2.7753,2845,115252,,,,,,stage4/results/jax-thesis-all-coverage/coverage_reports/per_api/python/jax.nn.logmeanexp/coverage.json,,,,0,False,json2init/results/jax/jax.nn.logmeanexp.init.json,stage4/results/jax-thesis-all-coverage/execution_results/jax.nn.logmeanexp.results.json
jax.nn.logsumexp,python,2.660237925993482,2.8787,2992,115252,,,,,,stage4/results/jax-thesis-all-coverage/coverage_reports/per_api/python/jax.nn.logsumexp/coverage.json,,,,0,False,json2init/results/jax/jax.nn.logsumexp.init.json,stage4/results/jax-thesis-all-coverage/execution_results/jax.nn.logsumexp.results.json
jax.nn.mish,python,2.451013264307077,2.5923,2777,115252,,,,,,stage4/results/jax-thesis-all-coverage/coverage_reports/per_api/python/jax.nn.mish/coverage.json,,,,0,False,json2init/results/jax/jax.nn.mish.init.json,stage4/results/jax-thesis-all-coverage/execution_results/jax.nn.mish.results.json
jax.nn.one_hot,python,2.459730958544011,2.5952,2789,115252,,,,,,stage4/results/jax-thesis-all-coverage/coverage_reports/per_api/python/jax.nn.one_hot/coverage.json,,,,0,False,json2init/results/jax/jax.nn.one_hot.init.json,stage4/results/jax-thesis-all-coverage/execution_results/jax.nn.one_hot.results.json
jax.nn.relu,python,2.2303885409262216,2.3708,2523,115252,,,,,,stage4/results/jax-thesis-all-coverage/coverage_reports/per_api/python/jax.nn.relu/coverage.json,,,,0,False,json2init/results/jax/jax.nn.relu.init.json,stage4/results/jax-thesis-all-coverage/execution_results/jax.nn.relu.results.json
jax.nn.relu6,python,2.2411180107562934,2.3826,2535,115252,,,,,,stage4/results/jax-thesis-all-coverage/coverage_reports/per_api/python/jax.nn.relu6/coverage.json,,,,0,False,json2init/results/jax/jax.nn.relu6.init.json,stage4/results/jax-thesis-all-coverage/execution_results/jax.nn.relu6.results.json
jax.nn.selu,python,2.4536956317645955,2.6779,2752,115252,,,,,,stage4/results/jax-thesis-all-coverage/coverage_reports/per_api/python/jax.nn.selu/coverage.json,,,,0,False,json2init/results/jax/jax.nn.selu.init.json,stage4/results/jax-thesis-all-coverage/execution_results/jax.nn.selu.results.json
jax.nn.sigmoid,python,2.068105309746382,2.173,2348,115252,,,,,,stage4/results/jax-thesis-all-coverage/coverage_reports/per_api/python/jax.nn.sigmoid/coverage.json,,,,0,False,json2init/results/jax/jax.nn.sigmoid.init.json,stage4/results/jax-thesis-all-coverage/execution_results/jax.nn.sigmoid.results.json
jax.nn.silu,python,2.1686940894033073,2.2852,2460,115252,,,,,,stage4/results/jax-thesis-all-coverage/coverage_reports/per_api/python/jax.nn.silu/coverage.json,,,,0,False,json2init/results/jax/jax.nn.silu.init.json,stage4/results/jax-thesis-all-coverage/execution_results/jax.nn.silu.results.json
jax.nn.soft_sign,python,2.2116119687235956,2.3797,2492,115252,,,,,,stage4/results/jax-thesis-all-coverage/coverage_reports/per_api/python/jax.nn.soft_sign/coverage.json,,,,0,False,json2init/results/jax/jax.nn.soft_sign.init.json,stage4/results/jax-thesis-all-coverage/execution_results/jax.nn.soft_sign.results.json
jax.nn.softmax,python,2.4671074690521855,2.6897,2768,115252,,,,,,stage4/results/jax-thesis-all-coverage/coverage_reports/per_api/python/jax.nn.softmax/coverage.json,,,,0,False,json2init/results/jax/jax.nn.softmax.init.json,stage4/results/jax-thesis-all-coverage/execution_results/jax.nn.softmax.results.json
jax.nn.softplus,python,2.3490833009213934,2.4801,2663,115252,,,,,,stage4/results/jax-thesis-all-coverage/coverage_reports/per_api/python/jax.nn.softplus/coverage.json,,,,0,False,json2init/results/jax/jax.nn.softplus.init.json,stage4/results/jax-thesis-all-coverage/execution_results/jax.nn.softplus.results.json
jax.nn.sparse_plus,python,2.32628317753249,2.5037,2621,115252,,,,,,stage4/results/jax-thesis-all-coverage/coverage_reports/per_api/python/jax.nn.sparse_plus/coverage.json,,,,0,False,json2init/results/jax/jax.nn.sparse_plus.init.json,stage4/results/jax-thesis-all-coverage/execution_results/jax.nn.sparse_plus.results.json
jax.nn.sparse_sigmoid,python,2.2981183192285513,2.486,2585,115252,,,,,,stage4/results/jax-thesis-all-coverage/coverage_reports/per_api/python/jax.nn.sparse_sigmoid/coverage.json,,,,0,False,json2init/results/jax/jax.nn.sparse_sigmoid.init.json,stage4/results/jax-thesis-all-coverage/execution_results/jax.nn.sparse_sigmoid.results.json
jax.nn.squareplus,python,2.2518474805863655,2.4446,2530,115252,,,,,,stage4/results/jax-thesis-all-coverage/coverage_reports/per_api/python/jax.nn.squareplus/coverage.json,,,,0,False,json2init/results/jax/jax.nn.squareplus.init.json,stage4/results/jax-thesis-all-coverage/execution_results/jax.nn.squareplus.results.json
jax.nn.standardize,python,2.634755435147061,2.917,2941,115252,,,,,,stage4/results/jax-thesis-all-coverage/coverage_reports/per_api/python/jax.nn.standardize/coverage.json,,,,0,False,json2init/results/jax/jax.nn.standardize.init.json,stage4/results/jax-thesis-all-coverage/execution_results/jax.nn.standardize.results.json
jax.nn.swish,python,2.1686940894033073,2.2852,2460,115252,,,,,,stage4/results/jax-thesis-all-coverage/coverage_reports/per_api/python/jax.nn.swish/coverage.json,,,,0,False,json2init/results/jax/jax.nn.swish.init.json,stage4/results/jax-thesis-all-coverage/execution_results/jax.nn.swish.results.json
jax.nn.tanh,python,1.97690481619077,2.0697,2247,115252,,,,,,stage4/results/jax-thesis-all-coverage/coverage_reports/per_api/python/jax.nn.tanh/coverage.json,,,,0,False,json2init/results/jax/jax.nn.tanh.init.json,stage4/results/jax-thesis-all-coverage/execution_results/jax.nn.tanh.results.json
jax.numpy.absolute,python,1.9292927938198254,2.0106,2196,115252,,,,,,stage4/results/jax-thesis-all-coverage/coverage_reports/per_api/python/jax.numpy.absolute/coverage.json,,,,0,False,json2init/results/jax/jax.numpy.absolute.init.json,stage4/results/jax-thesis-all-coverage/execution_results/jax.numpy.absolute.results.json
jax.numpy.all,python,2.119070291439224,2.2616,2394,115252,,,,,,stage4/results/jax-thesis-all-coverage/coverage_reports/per_api/python/jax.numpy.all/coverage.json,,,,0,False,json2init/results/jax/jax.numpy.all.init.json,stage4/results/jax-thesis-all-coverage/execution_results/jax.numpy.all.results.json
jax.numpy.allclose,python,2.479848714475396,2.6808,2790,115252,,,,,,stage4/results/jax-thesis-all-coverage/coverage_reports/per_api/python/jax.numpy.allclose/coverage.json,,,,0,False,json2init/results/jax/jax.numpy.allclose.init.json,stage4/results/jax-thesis-all-coverage/execution_results/jax.numpy.allclose.results.json
jax.numpy.angle,python,2.132482128726814,2.2852,2406,115252,,,,,,stage4/results/jax-thesis-all-coverage/coverage_reports/per_api/python/jax.numpy.angle/coverage.json,,,,0,False,json2init/results/jax/jax.numpy.angle.init.json,stage4/results/jax-thesis-all-coverage/execution_results/jax.numpy.angle.results.json
jax.numpy.any,python,2.117729107710465,2.2586,2393,115252,,,,,,stage4/results/jax-thesis-all-coverage/coverage_reports/per_api/python/jax.numpy.any/coverage.json,,,,0,False,json2init/results/jax/jax.numpy.any.init.json,stage4/results/jax-thesis-all-coverage/execution_results/jax.numpy.any.results.json
jax.numpy.append,python,2.137176271777471,2.2734,2417,115252,,,,,,stage4/results/jax-thesis-all-coverage/coverage_reports/per_api/python/jax.numpy.append/coverage.json,,,,0,False,json2init/results/jax/jax.numpy.append.init.json,stage4/results/jax-thesis-all-coverage/execution_results/jax.numpy.append.results.json
jax.numpy.arccos,python,1.9802577755126676,2.0726,2251,115252,,,,,,stage4/results/jax-thesis-all-coverage/coverage_reports/per_api/python/jax.numpy.arccos/coverage.json,,,,0,False,json2init/results/jax/jax.numpy.arccos.init.json,stage4/results/jax-thesis-all-coverage/execution_results/jax.numpy.arccos.results.json
jax.numpy.arccosh,python,1.9815989592414265,2.0756,2252,115252,,,,,,stage4/results/jax-thesis-all-coverage/coverage_reports/per_api/python/jax.numpy.arccosh/coverage.json,,,,0,False,json2init/results/jax/jax.numpy.arccosh.init.json,stage4/results/jax-thesis-all-coverage/execution_results/jax.numpy.arccosh.results.json
jax.numpy.arcsin,python,1.9802577755126676,2.0726,2251,115252,,,,,,stage4/results/jax-thesis-all-coverage/coverage_reports/per_api/python/jax.numpy.arcsin/coverage.json,,,,0,False,json2init/results/jax/jax.numpy.arcsin.init.json,stage4/results/jax-thesis-all-coverage/execution_results/jax.numpy.arcsin.results.json
jax.numpy.arcsinh,python,1.97690481619077,2.0697,2247,115252,,,,,,stage4/results/jax-thesis-all-coverage/coverage_reports/per_api/python/jax.numpy.arcsinh/coverage.json,,,,0,False,json2init/results/jax/jax.numpy.arcsinh.init.json,stage4/results/jax-thesis-all-coverage/execution_results/jax.numpy.arcsinh.results.json
jax.numpy.arctan,python,1.97690481619077,2.0697,2247,115252,,,,,,stage4/results/jax-thesis-all-coverage/coverage_reports/per_api/python/jax.numpy.arctan/coverage.json,,,,0,False,json2init/results/jax/jax.numpy.arctan.init.json,stage4/results/jax-thesis-all-coverage/execution_results/jax.numpy.arctan.results.json
jax.numpy.arctan2,python,2.068105309746382,2.1878,2343,115252,,,,,,stage4/results/jax-thesis-all-coverage/coverage_reports/per_api/python/jax.numpy.arctan2/coverage.json,,,,0,False,json2init/results/jax/jax.numpy.arctan2.init.json,stage4/results/jax-thesis-all-coverage/execution_results/jax.numpy.arctan2.results.json
jax.numpy.arctanh,python,1.9802577755126676,2.0726,2251,115252,,,,,,stage4/results/jax-thesis-all-coverage/coverage_reports/per_api/python/jax.numpy.arctanh/coverage.json,,,,0,False,json2init/results/jax/jax.numpy.arctanh.init.json,stage4/results/jax-thesis-all-coverage/execution_results/jax.numpy.arctanh.results.json
jax.numpy.argmax,python,2.5475784927777254,2.6986,2885,115252,,,,,,stage4/results/jax-thesis-all-coverage/coverage_reports/per_api/python/jax.numpy.argmax/coverage.json,,,,0,False,json2init/results/jax/jax.numpy.argmax.init.json,stage4/results/jax-thesis-all-coverage/execution_results/jax.numpy.argmax.results.json
jax.numpy.argmin,python,2.5462373090489665,2.6986,2883,115252,,,,,,stage4/results/jax-thesis-all-coverage/coverage_reports/per_api/python/jax.numpy.argmin/coverage.json,,,,0,False,json2init/results/jax/jax.numpy.argmin.init.json,stage4/results/jax-thesis-all-coverage/execution_results/jax.numpy.argmin.results.json
jax.numpy.argpartition,python,2.841968321240327,3.1296,3178,115252,,,,,,stage4/results/jax-thesis-all-coverage/coverage_reports/per_api/python/jax.numpy.argpartition/coverage.json,,,,0,False,json2init/results/jax/jax.numpy.argpartition.init.json,stage4/results/jax-thesis-all-coverage/execution_results/jax.numpy.argpartition.results.json
jax.numpy.array,python,1.8830219551776397,1.9516,2147,115252,,,,,,stage4/results/jax-thesis-all-coverage/coverage_reports/per_api/python/jax.numpy.array/coverage.json,,,,0,False,json2init/results/jax/jax.numpy.array.init.json,stage4/results/jax-thesis-all-coverage/execution_results/jax.numpy.array.results.json
jax.numpy.array_equal,python,2.5770845348104237,2.7753,2903,115252,,,,,,stage4/results/jax-thesis-all-coverage/coverage_reports/per_api/python/jax.numpy.array_equal/coverage.json,,,,0,False,json2init/results/jax/jax.numpy.array_equal.init.json,stage4/results/jax-thesis-all-coverage/execution_results/jax.numpy.array_equal.results.json
jax.numpy.array_equiv,python,2.4148013036305844,2.5775,2728,115252,,,,,,stage4/results/jax-thesis-all-coverage/coverage_reports/per_api/python/jax.numpy.array_equiv/coverage.json,,,,0,False,json2init/results/jax/jax.numpy.array_equiv.init.json,stage4/results/jax-thesis-all-coverage/execution_results/jax.numpy.array_equiv.results.json
jax.numpy.array_repr,python,0.08650635050495567,0.1033,94,115252,,,,,,stage4/results/jax-thesis-all-coverage/coverage_reports/per_api/python/jax.numpy.array_repr/coverage.json,,,,0,False,json2init/results/jax/jax.numpy.array_repr.init.json,stage4/results/jax-thesis-all-coverage/execution_results/jax.numpy.array_repr.results.json
jax.numpy.asarray,python,0.3694961172731052,0.3691,426,115252,,,,,,stage4/results/jax-thesis-all-coverage/coverage_reports/per_api/python/jax.numpy.asarray/coverage.json,,,,0,False,json2init/results/jax/jax.numpy.asarray.init.json,stage4/results/jax-thesis-all-coverage/execution_results/jax.numpy.asarray.results.json
jax.numpy.astype,python,1.8870455063639169,1.9604,2150,115252,,,,,,stage4/results/jax-thesis-all-coverage/coverage_reports/per_api/python/jax.numpy.astype/coverage.json,,,,0,False,json2init/results/jax/jax.numpy.astype.init.json,stage4/results/jax-thesis-all-coverage/execution_results/jax.numpy.astype.results.json
jax.numpy.bincount,python,3.147087619533,3.4219,3534,115252,,,,,,stage4/results/jax-thesis-all-coverage/coverage_reports/per_api/python/jax.numpy.bincount/coverage.json,,,,0,False,json2init/results/jax/jax.numpy.bincount.init.json,stage4/results/jax-thesis-all-coverage/execution_results/jax.numpy.bincount.results.json
jax.numpy.bitwise_count,python,2.078164187712075,2.1701,2364,115252,,,,,,stage4/results/jax-thesis-all-coverage/coverage_reports/per_api/python/jax.numpy.bitwise_count/coverage.json,,,,0,False,json2init/results/jax/jax.numpy.bitwise_count.init.json,stage4/results/jax-thesis-all-coverage/execution_results/jax.numpy.bitwise_count.results.json
jax.numpy.block,python,1.5933262697656951,1.6445,1819,115252,,,,,,stage4/results/jax-thesis-all-coverage/coverage_reports/per_api/python/jax.numpy.block/coverage.json,,,,0,False,json2init/results/jax/jax.numpy.block.init.json,stage4/results/jax-thesis-all-coverage/execution_results/jax.numpy.block.results.json
jax.numpy.can_cast,python,0.0006705918643795014,0.0,1,115252,,,,,,stage4/results/jax-thesis-all-coverage/coverage_reports/per_api/python/jax.numpy.can_cast/coverage.json,,,,0,False,json2init/results/jax/jax.numpy.can_cast.init.json,stage4/results/jax-thesis-all-coverage/execution_results/jax.numpy.can_cast.results.json
jax.numpy.cbrt,python,1.97690481619077,2.0697,2247,115252,,,,,,stage4/results/jax-thesis-all-coverage/coverage_reports/per_api/python/jax.numpy.cbrt/coverage.json,,,,0,False,json2init/results/jax/jax.numpy.cbrt.init.json,stage4/results/jax-thesis-all-coverage/execution_results/jax.numpy.cbrt.results.json
jax.numpy.ceil,python,1.9547752846662465,2.0372,2225,115252,,,,,,stage4/results/jax-thesis-all-coverage/coverage_reports/per_api/python/jax.numpy.ceil/coverage.json,,,,0,False,json2init/results/jax/jax.numpy.ceil.init.json,stage4/results/jax-thesis-all-coverage/execution_results/jax.numpy.ceil.results.json
jax.numpy.choose,python,2.8506860154772604,3.2064,3165,115252,,,,,,stage4/results/jax-thesis-all-coverage/coverage_reports/per_api/python/jax.numpy.choose/coverage.json,,,,0,False,json2init/results/jax/jax.numpy.choose.init.json,stage4/results/jax-thesis-all-coverage/execution_results/jax.numpy.choose.results.json
jax.numpy.clip,python,1.5846085755287618,1.6445,1806,115252,,,,,,stage4/results/jax-thesis-all-coverage/coverage_reports/per_api/python/jax.numpy.clip/coverage.json,,,,0,False,json2init/results/jax/jax.numpy.clip.init.json,stage4/results/jax-thesis-all-coverage/execution_results/jax.numpy.clip.results.json
jax.numpy.column_stack,python,2.6233553734526094,2.7133,2993,115252,,,,,,stage4/results/jax-thesis-all-coverage/coverage_reports/per_api/python/jax.numpy.column_stack/coverage.json,,,,0,False,json2init/results/jax/jax.numpy.column_stack.init.json,stage4/results/jax-thesis-all-coverage/execution_results/jax.numpy.column_stack.results.json
jax.numpy.compress,python,2.947921835812288,3.2861,3283,115252,,,,,,stage4/results/jax-thesis-all-coverage/coverage_reports/per_api/python/jax.numpy.compress/coverage.json,,,,0,False,json2init/results/jax/jax.numpy.compress.init.json,stage4/results/jax-thesis-all-coverage/execution_results/jax.numpy.compress.results.json
jax.numpy.concat,python,2.261906358552058,2.3088,2591,115252,,,,,,stage4/results/jax-thesis-all-coverage/coverage_reports/per_api/python/jax.numpy.concat/coverage.json,,,,0,False,json2init/results/jax/jax.numpy.concat.init.json,stage4/results/jax-thesis-all-coverage/execution_results/jax.numpy.concat.results.json
jax.numpy.concatenate,python,2.257882807365781,2.3059,2586,115252,,,,,,stage4/results/jax-thesis-all-coverage/coverage_reports/per_api/python/jax.numpy.concatenate/coverage.json,,,,0,False,json2init/results/jax/jax.numpy.concatenate.init.json,stage4/results/jax-thesis-all-coverage/execution_results/jax.numpy.concatenate.results.json
jax.numpy.conjugate,python,1.5229141240058475,1.5353,1751,115252,,,,,,stage4/results/jax-thesis-all-coverage/coverage_reports/per_api/python/jax.numpy.conjugate/coverage.json,,,,0,False,json2init/results/jax/jax.numpy.conjugate.init.json,stage4/results/jax-thesis-all-coverage/execution_results/jax.numpy.conjugate.results.json
jax.numpy.copysign,python,2.4778369388822576,2.6897,2784,115252,,,,,,stage4/results/jax-thesis-all-coverage/coverage_reports/per_api/python/jax.numpy.copysign/coverage.json,,,,0,False,json2init/results/jax/jax.numpy.copysign.init.json,stage4/results/jax-thesis-all-coverage/execution_results/jax.numpy.copysign.results.json
jax.numpy.corrcoef,python,2.9150628344576925,3.2743,3238,115252,,,,,,stage4/results/jax-thesis-all-coverage/coverage_reports/per_api/python/jax.numpy.corrcoef/coverage.json,,,,0,False,json2init/results/jax/jax.numpy.corrcoef.init.json,stage4/results/jax-thesis-all-coverage/execution_results/jax.numpy.corrcoef.results.json
jax.numpy.cos,python,1.982269551105806,2.0756,2253,115252,,,,,,stage4/results/jax-thesis-all-coverage/coverage_reports/per_api/python/jax.numpy.cos/coverage.json,,,,0,False,json2init/results/jax/jax.numpy.cos.init.json,stage4/results/jax-thesis-all-coverage/execution_results/jax.numpy.cos.results.json
jax.numpy.cosh,python,1.97690481619077,2.0697,2247,115252,,,,,,stage4/results/jax-thesis-all-coverage/coverage_reports/per_api/python/jax.numpy.cosh/coverage.json,,,,0,False,json2init/results/jax/jax.numpy.cosh.init.json,stage4/results/jax-thesis-all-coverage/execution_results/jax.numpy.cosh.results.json
jax.numpy.count_nonzero,python,2.244470970078191,2.4181,2528,115252,,,,,,stage4/results/jax-thesis-all-coverage/coverage_reports/per_api/python/jax.numpy.count_nonzero/coverage.json,,,,0,False,json2init/results/jax/jax.numpy.count_nonzero.init.json,stage4/results/jax-thesis-all-coverage/execution_results/jax.numpy.count_nonzero.results.json
jax.numpy.cross,python,2.5314842880326176,2.8403,2813,115252,,,,,,stage4/results/jax-thesis-all-coverage/coverage_reports/per_api/python/jax.numpy.cross/coverage.json,,,,0,False,json2init/results/jax/jax.numpy.cross.init.json,stage4/results/jax-thesis-all-coverage/execution_results/jax.numpy.cross.results.json
jax.numpy.cumprod,python,2.2344120921124984,2.3826,2525,115252,,,,,,stage4/results/jax-thesis-all-coverage/coverage_reports/per_api/python/jax.numpy.cumprod/coverage.json,,,,0,False,json2init/results/jax/jax.numpy.cumprod.init.json,stage4/results/jax-thesis-all-coverage/execution_results/jax.numpy.cumprod.results.json
jax.numpy.cumsum,python,2.1472351497431634,2.2645,2435,115252,,,,,,stage4/results/jax-thesis-all-coverage/coverage_reports/per_api/python/jax.numpy.cumsum/coverage.json,,,,0,False,json2init/results/jax/jax.numpy.cumsum.init.json,stage4/results/jax-thesis-all-coverage/execution_results/jax.numpy.cumsum.results.json
jax.numpy.cumulative_prod,python,2.4241895897318972,2.6041,2733,115252,,,,,,stage4/results/jax-thesis-all-coverage/coverage_reports/per_api/python/jax.numpy.cumulative_prod/coverage.json,,,,0,False,json2init/results/jax/jax.numpy.cumulative_prod.init.json,stage4/results/jax-thesis-all-coverage/execution_results/jax.numpy.cumulative_prod.results.json
jax.numpy.cumulative_sum,python,2.378589342954091,2.5391,2687,115252,,,,,,stage4/results/jax-thesis-all-coverage/coverage_reports/per_api/python/jax.numpy.cumulative_sum/coverage.json,,,,0,False,json2init/results/jax/jax.numpy.cumulative_sum.init.json,stage4/results/jax-thesis-all-coverage/execution_results/jax.numpy.cumulative_sum.results.json
jax.numpy.deg2rad,python,2.045305186357479,2.1671,2316,115252,,,,,,stage4/results/jax-thesis-all-coverage/coverage_reports/per_api/python/jax.numpy.deg2rad/coverage.json,,,,0,False,json2init/results/jax/jax.numpy.deg2rad.init.json,stage4/results/jax-thesis-all-coverage/execution_results/jax.numpy.deg2rad.results.json
jax.numpy.diag_indices,python,1.8441276270436286,1.8305,2130,115252,,,,,,stage4/results/jax-thesis-all-coverage/coverage_reports/per_api/python/jax.numpy.diag_indices/coverage.json,,,,0,False,json2init/results/jax/jax.numpy.diag_indices.init.json,stage4/results/jax-thesis-all-coverage/execution_results/jax.numpy.diag_indices.results.json
jax.numpy.diag_indices_from,python,2.1230938426255013,2.2498,2404,115252,,,,,,stage4/results/jax-thesis-all-coverage/coverage_reports/per_api/python/jax.numpy.diag_indices_from/coverage.json,,,,0,False,json2init/results/jax/jax.numpy.diag_indices_from.init.json,stage4/results/jax-thesis-all-coverage/execution_results/jax.numpy.diag_indices_from.results.json
jax.numpy.diagflat,python,2.9606630812354986,3.2182,3325,115252,,,,,,stage4/results/jax-thesis-all-coverage/coverage_reports/per_api/python/jax.numpy.diagflat/coverage.json,,,,0,False,json2init/results/jax/jax.numpy.diagflat.init.json,stage4/results/jax-thesis-all-coverage/execution_results/jax.numpy.diagflat.results.json
jax.numpy.diagonal,python,3.0726519225868754,3.4426,3416,115252,,,,,,stage4/results/jax-thesis-all-coverage/coverage_reports/per_api/python/jax.numpy.diagonal/coverage.json,,,,0,False,json2init/results/jax/jax.numpy.diagonal.init.json,stage4/results/jax-thesis-all-coverage/execution_results/jax.numpy.diagonal.results.json
jax.numpy.diff,python,2.2263649897399445,2.4358,2495,115252,,,,,,stage4/results/jax-thesis-all-coverage/coverage_reports/per_api/python/jax.numpy.diff/coverage.json,,,,0,False,json2init/results/jax/jax.numpy.diff.init.json,stage4/results/jax-thesis-all-coverage/execution_results/jax.numpy.diff.results.json
jax.numpy.digitize,python,3.9135741205187697,4.2693,4390,115252,,,,,,stage4/results/jax-thesis-all-coverage/coverage_reports/per_api/python/jax.numpy.digitize/coverage.json,,,,0,False,json2init/results/jax/jax.numpy.digitize.init.json,stage4/results/jax-thesis-all-coverage/execution_results/jax.numpy.digitize.results.json
jax.numpy.divmod,python,2.36718928125964,2.5864,2654,115252,,,,,,stage4/results/jax-thesis-all-coverage/coverage_reports/per_api/python/jax.numpy.divmod/coverage.json,,,,0,False,json2init/results/jax/jax.numpy.divmod.init.json,stage4/results/jax-thesis-all-coverage/execution_results/jax.numpy.divmod.results.json
jax.numpy.dstack,python,2.586472820911737,2.6661,2954,115252,,,,,,stage4/results/jax-thesis-all-coverage/coverage_reports/per_api/python/jax.numpy.dstack/coverage.json,,,,0,False,json2init/results/jax/jax.numpy.dstack.init.json,stage4/results/jax-thesis-all-coverage/execution_results/jax.numpy.dstack.results.json
jax.numpy.dtype.newbyteorder,python,0.0006705918643795014,0.0,1,115252,,,,,,stage4/results/jax-thesis-all-coverage/coverage_reports/per_api/python/jax.numpy.dtype.newbyteorder/coverage.json,,,,0,False,json2init/results/jax/jax.numpy.dtype.newbyteorder.init.json,stage4/results/jax-thesis-all-coverage/execution_results/jax.numpy.dtype.newbyteorder.results.json
jax.numpy.ediff1d,python,2.2129531524523545,2.4004,2487,115252,,,,,,stage4/results/jax-thesis-all-coverage/coverage_reports/per_api/python/jax.numpy.ediff1d/coverage.json,,,,0,False,json2init/results/jax/jax.numpy.ediff1d.init.json,stage4/results/jax-thesis-all-coverage/execution_results/jax.numpy.ediff1d.results.json
jax.numpy.equal,python,2.0325639409342684,2.1583,2300,115252,,,,,,stage4/results/jax-thesis-all-coverage/coverage_reports/per_api/python/jax.numpy.equal/coverage.json,,,,0,False,json2init/results/jax/jax.numpy.equal.init.json,stage4/results/jax-thesis-all-coverage/execution_results/jax.numpy.equal.results.json
jax.numpy.exp,python,1.97690481619077,2.0697,2247,115252,,,,,,stage4/results/jax-thesis-all-coverage/coverage_reports/per_api/python/jax.numpy.exp/coverage.json,,,,0,False,json2init/results/jax/jax.numpy.exp.init.json,stage4/results/jax-thesis-all-coverage/execution_results/jax.numpy.exp.results.json
jax.numpy.exp2,python,1.987634286020842,2.0756,2261,115252,,,,,,stage4/results/jax-thesis-all-coverage/coverage_reports/per_api/python/jax.numpy.exp2/coverage.json,,,,0,False,json2init/results/jax/jax.numpy.exp2.init.json,stage4/results/jax-thesis-all-coverage/execution_results/jax.numpy.exp2.results.json
jax.numpy.expand_dims,python,2.2210002548249084,2.3531,2515,115252,,,,,,stage4/results/jax-thesis-all-coverage/coverage_reports/per_api/python/jax.numpy.expand_dims/coverage.json,,,,0,False,json2init/results/jax/jax.numpy.expand_dims.init.json,stage4/results/jax-thesis-all-coverage/execution_results/jax.numpy.expand_dims.results.json
jax.numpy.expm1,python,1.97690481619077,2.0697,2247,115252,,,,,,stage4/results/jax-thesis-all-coverage/coverage_reports/per_api/python/jax.numpy.expm1/coverage.json,,,,0,False,json2init/results/jax/jax.numpy.expm1.init.json,stage4/results/jax-thesis-all-coverage/execution_results/jax.numpy.expm1.results.json
jax.numpy.fabs,python,1.9829401429701854,2.0756,2254,115252,,,,,,stage4/results/jax-thesis-all-coverage/coverage_reports/per_api/python/jax.numpy.fabs/coverage.json,,,,0,False,json2init/results/jax/jax.numpy.fabs.init.json,stage4/results/jax-thesis-all-coverage/execution_results/jax.numpy.fabs.results.json
jax.numpy.fft.fftshift,python,2.253859256179504,2.4033,2547,115252,,,,,,stage4/results/jax-thesis-all-coverage/coverage_reports/per_api/python/jax.numpy.fft.fftshift/coverage.json,,,,0,False,json2init/results/jax/jax.numpy.fft.fftshift.init.json,stage4/results/jax-thesis-all-coverage/execution_results/jax.numpy.fft.fftshift.results.json
jax.numpy.fft.ifftshift,python,2.253859256179504,2.4033,2547,115252,,,,,,stage4/results/jax-thesis-all-coverage/coverage_reports/per_api/python/jax.numpy.fft.ifftshift/coverage.json,,,,0,False,json2init/results/jax/jax.numpy.fft.ifftshift.init.json,stage4/results/jax-thesis-all-coverage/execution_results/jax.numpy.fft.ifftshift.results.json
jax.numpy.flatnonzero,python,3.5561486568044955,3.8854,3987,115252,,,,,,stage4/results/jax-thesis-all-coverage/coverage_reports/per_api/python/jax.numpy.flatnonzero/coverage.json,,,,0,False,json2init/results/jax/jax.numpy.flatnonzero.init.json,stage4/results/jax-thesis-all-coverage/execution_results/jax.numpy.flatnonzero.results.json
jax.numpy.flip,python,2.188141253470313,2.3206,2477,115252,,,,,,stage4/results/jax-thesis-all-coverage/coverage_reports/per_api/python/jax.numpy.flip/coverage.json,,,,0,False,json2init/results/jax/jax.numpy.flip.init.json,stage4/results/jax-thesis-all-coverage/execution_results/jax.numpy.flip.results.json
jax.numpy.fliplr,python,2.171376456860825,2.3059,2457,115252,,,,,,stage4/results/jax-thesis-all-coverage/coverage_reports/per_api/python/jax.numpy.fliplr/coverage.json,,,,0,False,json2init/results/jax/jax.numpy.fliplr.init.json,stage4/results/jax-thesis-all-coverage/execution_results/jax.numpy.fliplr.results.json
jax.numpy.flipud,python,2.19216480465659,2.3236,2482,115252,,,,,,stage4/results/jax-thesis-all-coverage/coverage_reports/per_api/python/jax.numpy.flipud/coverage.json,,,,0,False,json2init/results/jax/jax.numpy.flipud.init.json,stage4/results/jax-thesis-all-coverage/execution_results/jax.numpy.flipud.results.json
jax.numpy.float_power,python,2.0352463083917867,2.1553,2305,115252,,,,,,stage4/results/jax-thesis-all-coverage/coverage_reports/per_api/python/jax.numpy.float_power/coverage.json,,,,0,False,json2init/results/jax/jax.numpy.float_power.init.json,stage4/results/jax-thesis-all-coverage/execution_results/jax.numpy.float_power.results.json
jax.numpy.floor,python,1.9547752846662465,2.0372,2225,115252,,,,,,stage4/results/jax-thesis-all-coverage/coverage_reports/per_api/python/jax.numpy.floor/coverage.json,,,,0,False,json2init/results/jax/jax.numpy.floor.init.json,stage4/results/jax-thesis-all-coverage/execution_results/jax.numpy.floor.results.json
jax.numpy.floor_divide,python,2.3745657917678145,2.5982,2661,115252,,,,,,stage4/results/jax-thesis-all-coverage/coverage_reports/per_api/python/jax.numpy.floor_divide/coverage.json,,,,0,False,json2init/results/jax/jax.numpy.floor_divide.init.json,stage4/results/jax-thesis-all-coverage/execution_results/jax.numpy.floor_divide.results.json
jax.numpy.fmax,python,2.2505062968576066,2.4122,2539,115252,,,,,,stage4/results/jax-thesis-all-coverage/coverage_reports/per_api/python/jax.numpy.fmax/coverage.json,,,,0,False,json2init/results/jax/jax.numpy.fmax.init.json,stage4/results/jax-thesis-all-coverage/execution_results/jax.numpy.fmax.results.json
jax.numpy.fmin,python,2.2505062968576066,2.4122,2539,115252,,,,,,stage4/results/jax-thesis-all-coverage/coverage_reports/per_api/python/jax.numpy.fmin/coverage.json,,,,0,False,json2init/results/jax/jax.numpy.fmin.init.json,stage4/results/jax-thesis-all-coverage/execution_results/jax.numpy.fmin.results.json
jax.numpy.fmod,python,2.0486581456793767,2.173,2319,115252,,,,,,stage4/results/jax-thesis-all-coverage/coverage_reports/per_api/python/jax.numpy.fmod/coverage.json,,,,0,False,json2init/results/jax/jax.numpy.fmod.init.json,stage4/results/jax-thesis-all-coverage/execution_results/jax.numpy.fmod.results.json
jax.numpy.frexp,python,2.5891551883692547,2.734,2935,115252,,,,,,stage4/results/jax-thesis-all-coverage/coverage_reports/per_api/python/jax.numpy.frexp/coverage.json,,,,0,False,json2init/results/jax/jax.numpy.frexp.init.json,stage4/results/jax-thesis-all-coverage/execution_results/jax.numpy.frexp.results.json
jax.numpy.from_dlpack,python,0.2467778060916565,0.3159,261,115252,,,,,,stage4/results/jax-thesis-all-coverage/coverage_reports/per_api/python/jax.numpy.from_dlpack/coverage.json,,,,0,False,json2init/results/jax/jax.numpy.from_dlpack.init.json,stage4/results/jax-thesis-all-coverage/execution_results/jax.numpy.from_dlpack.results.json
jax.numpy.gcd,python,2.58177867786108,2.7871,2906,115252,,,,,,stage4/results/jax-thesis-all-coverage/coverage_reports/per_api/python/jax.numpy.gcd/coverage.json,,,,0,False,json2init/results/jax/jax.numpy.gcd.init.json,stage4/results/jax-thesis-all-coverage/execution_results/jax.numpy.gcd.results.json
jax.numpy.geomspace,python,2.6957792948055954,2.9318,3027,115252,,,,,,stage4/results/jax-thesis-all-coverage/coverage_reports/per_api/python/jax.numpy.geomspace/coverage.json,,,,0,False,json2init/results/jax/jax.numpy.geomspace.init.json,stage4/results/jax-thesis-all-coverage/execution_results/jax.numpy.geomspace.results.json
jax.numpy.greater,python,2.034575716527407,2.1612,2302,115252,,,,,,stage4/results/jax-thesis-all-coverage/coverage_reports/per_api/python/jax.numpy.greater/coverage.json,,,,0,False,json2init/results/jax/jax.numpy.greater.init.json,stage4/results/jax-thesis-all-coverage/execution_results/jax.numpy.greater.results.json
jax.numpy.greater_equal,python,2.034575716527407,2.1612,2302,115252,,,,,,stage4/results/jax-thesis-all-coverage/coverage_reports/per_api/python/jax.numpy.greater_equal/coverage.json,,,,0,False,json2init/results/jax/jax.numpy.greater_equal.init.json,stage4/results/jax-thesis-all-coverage/execution_results/jax.numpy.greater_equal.results.json
jax.numpy.heaviside,python,2.227035581604324,2.3915,2511,115252,,,,,,stage4/results/jax-thesis-all-coverage/coverage_reports/per_api/python/jax.numpy.heaviside/coverage.json,,,,0,False,json2init/results/jax/jax.numpy.heaviside.init.json,stage4/results/jax-thesis-all-coverage/execution_results/jax.numpy.heaviside.results.json
jax.numpy.histogram,python,4.537224554391706,4.9542,5088,115252,,,,,,stage4/results/jax-thesis-all-coverage/coverage_reports/per_api/python/jax.numpy.histogram/coverage.json,,,,0,False,json2init/results/jax/jax.numpy.histogram.init.json,stage4/results/jax-thesis-all-coverage/execution_results/jax.numpy.histogram.results.json
jax.numpy.histogram2d,python,4.830273199125548,5.2524,5424,115252,,,,,,stage4/results/jax-thesis-all-coverage/coverage_reports/per_api/python/jax.numpy.histogram2d/coverage.json,,,,0,False,json2init/results/jax/jax.numpy.histogram2d.init.json,stage4/results/jax-thesis-all-coverage/execution_results/jax.numpy.histogram2d.results.json
jax.numpy.histogram_bin_edges,python,3.195370233768324,3.5193,3573,115252,,,,,,stage4/results/jax-thesis-all-coverage/coverage_reports/per_api/python/jax.numpy.histogram_bin_edges/coverage.json,,,,0,False,json2init/results/jax/jax.numpy.histogram_bin_edges.init.json,stage4/results/jax-thesis-all-coverage/execution_results/jax.numpy.histogram_bin_edges.results.json
jax.numpy.histogramdd,python,4.749802175400008,5.1786,5329,115252,,,,,,stage4/results/jax-thesis-all-coverage/coverage_reports/per_api/python/jax.numpy.histogramdd/coverage.json,,,,0,False,json2init/results/jax/jax.numpy.histogramdd.init.json,stage4/results/jax-thesis-all-coverage/execution_results/jax.numpy.histogramdd.results.json
jax.numpy.hstack,python,2.498625286678022,2.5657,2857,115252,,,,,,stage4/results/jax-thesis-all-coverage/coverage_reports/per_api/python/jax.numpy.hstack/coverage.json,,,,0,False,json2init/results/jax/jax.numpy.hstack.init.json,stage4/results/jax-thesis-all-coverage/execution_results/jax.numpy.hstack.results.json
jax.numpy.hypot,python,2.4134601199018255,2.6247,2710,115252,,,,,,stage4/results/jax-thesis-all-coverage/coverage_reports/per_api/python/jax.numpy.hypot/coverage.json,,,,0,False,json2init/results/jax/jax.numpy.hypot.init.json,stage4/results/jax-thesis-all-coverage/execution_results/jax.numpy.hypot.results.json
jax.numpy.identity,python,2.405413017529271,2.5864,2711,115252,,,,,,stage4/results/jax-thesis-all-coverage/coverage_reports/per_api/python/jax.numpy.identity/coverage.json,,,,0,False,json2init/results/jax/jax.numpy.identity.init.json,stage4/results/jax-thesis-all-coverage/execution_results/jax.numpy.identity.results.json
jax.numpy.imag,python,1.6892209063719639,1.7272,1934,115252,,,,,,stage4/results/jax-thesis-all-coverage/coverage_reports/per_api/python/jax.numpy.imag/coverage.json,,,,0,False,json2init/results/jax/jax.numpy.imag.init.json,stage4/results/jax-thesis-all-coverage/execution_results/jax.numpy.imag.results.json
jax.numpy.insert,python,3.7325143171363044,4.1098,4174,115252,,,,,,stage4/results/jax-thesis-all-coverage/coverage_reports/per_api/python/jax.numpy.insert/coverage.json,,,,0,False,json2init/results/jax/jax.numpy.insert.init.json,stage4/results/jax-thesis-all-coverage/execution_results/jax.numpy.insert.results.json
jax.numpy.invert,python,1.9004573436515069,1.9693,2167,115252,,,,,,stage4/results/jax-thesis-all-coverage/coverage_reports/per_api/python/jax.numpy.invert/coverage.json,,,,0,False,json2init/results/jax/jax.numpy.invert.init.json,stage4/results/jax-thesis-all-coverage/execution_results/jax.numpy.invert.results.json
jax.numpy.isclose,python,2.2853770738053405,2.4446,2580,115252,,,,,,stage4/results/jax-thesis-all-coverage/coverage_reports/per_api/python/jax.numpy.isclose/coverage.json,,,,0,False,json2init/results/jax/jax.numpy.isclose.init.json,stage4/results/jax-thesis-all-coverage/execution_results/jax.numpy.isclose.results.json
jax.numpy.iscomplex,python,2.1210820670323627,2.2498,2401,115252,,,,,,stage4/results/jax-thesis-all-coverage/coverage_reports/per_api/python/jax.numpy.iscomplex/coverage.json,,,,0,False,json2init/results/jax/jax.numpy.iscomplex.init.json,stage4/results/jax-thesis-all-coverage/execution_results/jax.numpy.iscomplex.results.json
jax.numpy.isdtype,python,0.012741245423210526,0.0148,14,115252,,,,,,stage4/results/jax-thesis-all-coverage/coverage_reports/per_api/python/jax.numpy.isdtype/coverage.json,,,,0,False,json2init/results/jax/jax.numpy.isdtype.init.json,stage4/results/jax-thesis-all-coverage/execution_results/jax.numpy.isdtype.results.json
jax.numpy.isfinite,python,2.0473169619506177,2.173,2317,115252,,,,,,stage4/results/jax-thesis-all-coverage/coverage_reports/per_api/python/jax.numpy.isfinite/coverage.json,,,,0,False,json2init/results/jax/jax.numpy.isfinite.init.json,stage4/results/jax-thesis-all-coverage/execution_results/jax.numpy.isfinite.results.json
jax.numpy.isin,python,2.6562143748072047,2.9229,2971,115252,,,,,,stage4/results/jax-thesis-all-coverage/coverage_reports/per_api/python/jax.numpy.isin/coverage.json,,,,0,False,json2init/results/jax/jax.numpy.isin.init.json,stage4/results/jax-thesis-all-coverage/execution_results/jax.numpy.isin.results.json
jax.numpy.isinf,python,2.12443502635426,2.2882,2393,115252,,,,,,stage4/results/jax-thesis-all-coverage/coverage_reports/per_api/python/jax.numpy.isinf/coverage.json,,,,0,False,json2init/results/jax/jax.numpy.isinf.init.json,stage4/results/jax-thesis-all-coverage/execution_results/jax.numpy.isinf.results.json
jax.numpy.isnan,python,1.9178927321253738,2.0018,2182,115252,,,,,,stage4/results/jax-thesis-all-coverage/coverage_reports/per_api/python/jax.numpy.isnan/coverage.json,,,,0,False,json2init/results/jax/jax.numpy.isnan.init.json,stage4/results/jax-thesis-all-coverage/execution_results/jax.numpy.isnan.results.json
jax.numpy.isneginf,python,2.260565174823299,2.4358,2546,115252,,,,,,stage4/results/jax-thesis-all-coverage/coverage_reports/per_api/python/jax.numpy.isneginf/coverage.json,,,,0,False,json2init/results/jax/jax.numpy.isneginf.init.json,stage4/results/jax-thesis-all-coverage/execution_results/jax.numpy.isneginf.results.json
jax.numpy.isposinf,python,2.260565174823299,2.4358,2546,115252,,,,,,stage4/results/jax-thesis-all-coverage/coverage_reports/per_api/python/jax.numpy.isposinf/coverage.json,,,,0,False,json2init/results/jax/jax.numpy.isposinf.init.json,stage4/results/jax-thesis-all-coverage/execution_results/jax.numpy.isposinf.results.json
jax.numpy.isreal,python,2.1210820670323627,2.2498,2401,115252,,,,,,stage4/results/jax-thesis-all-coverage/coverage_reports/per_api/python/jax.numpy.isreal/coverage.json,,,,0,False,json2init/results/jax/jax.numpy.isreal.init.json,stage4/results/jax-thesis-all-coverage/execution_results/jax.numpy.isreal.results.json
jax.numpy.issubdtype,python,0.013411837287590028,0.0177,14,115252,,,,,,stage4/results/jax-thesis-all-coverage/coverage_reports/per_api/python/jax.numpy.issubdtype/coverage.json,,,,0,False,json2init/results/jax/jax.numpy.issubdtype.init.json,stage4/results/jax-thesis-all-coverage/execution_results/jax.numpy.issubdtype.results.json
jax.numpy.kron,python,2.1458939660144045,2.2852,2426,115252,,,,,,stage4/results/jax-thesis-all-coverage/coverage_reports/per_api/python/jax.numpy.kron/coverage.json,,,,0,False,json2init/results/jax/jax.numpy.kron.init.json,stage4/results/jax-thesis-all-coverage/execution_results/jax.numpy.kron.results.json
jax.numpy.lcm,python,2.646155496841512,2.8344,2986,115252,,,,,,stage4/results/jax-thesis-all-coverage/coverage_reports/per_api/python/jax.numpy.lcm/coverage.json,,,,0,False,json2init/results/jax/jax.numpy.lcm.init.json,stage4/results/jax-thesis-all-coverage/execution_results/jax.numpy.lcm.results.json
jax.numpy.ldexp,python,2.6622497015866204,2.8137,3017,115252,,,,,,stage4/results/jax-thesis-all-coverage/coverage_reports/per_api/python/jax.numpy.ldexp/coverage.json,,,,0,False,json2init/results/jax/jax.numpy.ldexp.init.json,stage4/results/jax-thesis-all-coverage/execution_results/jax.numpy.ldexp.results.json
jax.numpy.left_shift,python,2.059387615509449,2.173,2335,115252,,,,,,stage4/results/jax-thesis-all-coverage/coverage_reports/per_api/python/jax.numpy.left_shift/coverage.json,,,,0,False,json2init/results/jax/jax.numpy.left_shift.init.json,stage4/results/jax-thesis-all-coverage/execution_results/jax.numpy.left_shift.results.json
jax.numpy.less,python,2.034575716527407,2.1612,2302,115252,,,,,,stage4/results/jax-thesis-all-coverage/coverage_reports/per_api/python/jax.numpy.less/coverage.json,,,,0,False,json2init/results/jax/jax.numpy.less.init.json,stage4/results/jax-thesis-all-coverage/execution_results/jax.numpy.less.results.json
jax.numpy.less_equal,python,2.034575716527407,2.1612,2302,115252,,,,,,stage4/results/jax-thesis-all-coverage/coverage_reports/per_api/python/jax.numpy.less_equal/coverage.json,,,,0,False,json2init/results/jax/jax.numpy.less_equal.init.json,stage4/results/jax-thesis-all-coverage/execution_results/jax.numpy.less_equal.results.json
jax.numpy.lexsort,python,2.2920829924491355,2.4624,2584,115252,,,,,,stage4/results/jax-thesis-all-coverage/coverage_reports/per_api/python/jax.numpy.lexsort/coverage.json,,,,0,False,json2init/results/jax/jax.numpy.lexsort.init.json,stage4/results/jax-thesis-all-coverage/execution_results/jax.numpy.lexsort.results.json
jax.numpy.linalg.cond,python,2.6609085178578615,2.9643,2964,115252,,,,,,stage4/results/jax-thesis-all-coverage/coverage_reports/per_api/python/jax.numpy.linalg.cond/coverage.json,,,,0,False,json2init/results/jax/jax.numpy.linalg.cond.init.json,stage4/results/jax-thesis-all-coverage/execution_results/jax.numpy.linalg.cond.results.json
jax.numpy.linalg.cross,python,2.634755435147061,2.9407,2933,115252,,,,,,stage4/results/jax-thesis-all-coverage/coverage_reports/per_api/python/jax.numpy.linalg.cross/coverage.json,,,,0,False,json2init/results/jax/jax.numpy.linalg.cross.init.json,stage4/results/jax-thesis-all-coverage/execution_results/jax.numpy.linalg.cross.results.json
jax.numpy.linalg.det,python,2.264588726009576,2.4624,2543,115252,,,,,,stage4/results/jax-thesis-all-coverage/coverage_reports/per_api/python/jax.numpy.linalg.det/coverage.json,,,,0,False,json2init/results/jax/jax.numpy.linalg.det.init.json,stage4/results/jax-thesis-all-coverage/execution_results/jax.numpy.linalg.det.results.json
jax.numpy.linalg.diagonal,python,3.2751706656294846,3.6552,3646,115252,,,,,,stage4/results/jax-thesis-all-coverage/coverage_reports/per_api/python/jax.numpy.linalg.diagonal/coverage.json,,,,0,False,json2init/results/jax/jax.numpy.linalg.diagonal.init.json,stage4/results/jax-thesis-all-coverage/execution_results/jax.numpy.linalg.diagonal.results.json
jax.numpy.linalg.eig,python,2.5321548798969973,2.734,2850,115252,,,,,,stage4/results/jax-thesis-all-coverage/coverage_reports/per_api/python/jax.numpy.linalg.eig/coverage.json,,,,0,False,json2init/results/jax/jax.numpy.linalg.eig.init.json,stage4/results/jax-thesis-all-coverage/execution_results/jax.numpy.linalg.eig.results.json
jax.numpy.linalg.eigh,python,2.5395313904051715,2.793,2841,115252,,,,,,stage4/results/jax-thesis-all-coverage/coverage_reports/per_api/python/jax.numpy.linalg.eigh/coverage.json,,,,0,False,json2init/results/jax/jax.numpy.linalg.eigh.init.json,stage4/results/jax-thesis-all-coverage/execution_results/jax.numpy.linalg.eigh.results.json
jax.numpy.linalg.eigvalsh,python,2.6367672107401994,2.9082,2947,115252,,,,,,stage4/results/jax-thesis-all-coverage/coverage_reports/per_api/python/jax.numpy.linalg.eigvalsh/coverage.json,,,,0,False,json2init/results/jax/jax.numpy.linalg.eigvalsh.init.json,stage4/results/jax-thesis-all-coverage/execution_results/jax.numpy.linalg.eigvalsh.results.json
jax.numpy.linalg.inv,python,4.898002977427878,5.2642,5521,115252,,,,,,stage4/results/jax-thesis-all-coverage/coverage_reports/per_api/python/jax.numpy.linalg.inv/coverage.json,,,,0,False,json2init/results/jax/jax.numpy.linalg.inv.init.json,stage4/results/jax-thesis-all-coverage/execution_results/jax.numpy.linalg.inv.results.json
jax.numpy.linalg.lstsq,python,3.6191842920561688,4.0774,4016,115252,,,,,,stage4/results/jax-thesis-all-coverage/coverage_reports/per_api/python/jax.numpy.linalg.lstsq/coverage.json,,,,0,False,json2init/results/jax/jax.numpy.linalg.lstsq.init.json,stage4/results/jax-thesis-all-coverage/execution_results/jax.numpy.linalg.lstsq.results.json
jax.numpy.linalg.matrix_power,python,2.1619881707595123,2.2882,2449,115252,,,,,,stage4/results/jax-thesis-all-coverage/coverage_reports/per_api/python/jax.numpy.linalg.matrix_power/coverage.json,,,,0,False,json2init/results/jax/jax.numpy.linalg.matrix_power.init.json,stage4/results/jax-thesis-all-coverage/execution_results/jax.numpy.linalg.matrix_power.results.json
jax.numpy.linalg.matrix_transpose,python,2.15192929279382,2.2764,2438,115252,,,,,,stage4/results/jax-thesis-all-coverage/coverage_reports/per_api/python/jax.numpy.linalg.matrix_transpose/coverage.json,,,,0,False,json2init/results/jax/jax.numpy.linalg.matrix_transpose.init.json,stage4/results/jax-thesis-all-coverage/execution_results/jax.numpy.linalg.matrix_transpose.results.json
jax.numpy.linalg.norm,python,2.2411180107562934,2.3974,2530,115252,,,,,,stage4/results/jax-thesis-all-coverage/coverage_reports/per_api/python/jax.numpy.linalg.norm/coverage.json,,,,0,False,json2init/results/jax/jax.numpy.linalg.norm.init.json,stage4/results/jax-thesis-all-coverage/execution_results/jax.numpy.linalg.norm.results.json
jax.numpy.linalg.outer,python,2.449001488713939,2.6838,2743,115252,,,,,,stage4/results/jax-thesis-all-coverage/coverage_reports/per_api/python/jax.numpy.linalg.outer/coverage.json,,,,0,False,json2init/results/jax/jax.numpy.linalg.outer.init.json,stage4/results/jax-thesis-all-coverage/execution_results/jax.numpy.linalg.outer.results.json
jax.numpy.linalg.slogdet,python,2.404742425664892,2.5598,2719,115252,,,,,,stage4/results/jax-thesis-all-coverage/coverage_reports/per_api/python/jax.numpy.linalg.slogdet/coverage.json,,,,0,False,json2init/results/jax/jax.numpy.linalg.slogdet.init.json,stage4/results/jax-thesis-all-coverage/execution_results/jax.numpy.linalg.slogdet.results.json
jax.numpy.linalg.svdvals,python,2.544225533455828,2.7606,2859,115252,,,,,,stage4/results/jax-thesis-all-coverage/coverage_reports/per_api/python/jax.numpy.linalg.svdvals/coverage.json,,,,0,False,json2init/results/jax/jax.numpy.linalg.svdvals.init.json,stage4/results/jax-thesis-all-coverage/execution_results/jax.numpy.linalg.svdvals.results.json
jax.numpy.linalg.tensorinv,python,5.025415431659983,5.4119,5661,115252,,,,,,stage4/results/jax-thesis-all-coverage/coverage_reports/per_api/python/jax.numpy.linalg.tensorinv/coverage.json,,,,0,False,json2init/results/jax/jax.numpy.linalg.tensorinv.init.json,stage4/results/jax-thesis-all-coverage/execution_results/jax.numpy.linalg.tensorinv.results.json
jax.numpy.linalg.tensorsolve,python,4.61367202693097,5.0546,5168,115252,,,,,,stage4/results/jax-thesis-all-coverage/coverage_reports/per_api/python/jax.numpy.linalg.tensorsolve/coverage.json,,,,0,False,json2init/results/jax/jax.numpy.linalg.tensorsolve.init.json,stage4/results/jax-thesis-all-coverage/execution_results/jax.numpy.linalg.tensorsolve.results.json
jax.numpy.linalg.trace,python,2.8298976676814958,3.103,3169,115252,,,,,,stage4/results/jax-thesis-all-coverage/coverage_reports/per_api/python/jax.numpy.linalg.trace/coverage.json,,,,0,False,json2init/results/jax/jax.numpy.linalg.trace.init.json,stage4/results/jax-thesis-all-coverage/execution_results/jax.numpy.linalg.trace.results.json
jax.numpy.linalg.vector_norm,python,2.4342484676975897,2.6247,2741,115252,,,,,,stage4/results/jax-thesis-all-coverage/coverage_reports/per_api/python/jax.numpy.linalg.vector_norm/coverage.json,,,,0,False,json2init/results/jax/jax.numpy.linalg.vector_norm.init.json,stage4/results/jax-thesis-all-coverage/execution_results/jax.numpy.linalg.vector_norm.results.json
jax.numpy.log,python,1.9802577755126676,2.0726,2251,115252,,,,,,stage4/results/jax-thesis-all-coverage/coverage_reports/per_api/python/jax.numpy.log/coverage.json,,,,0,False,json2init/results/jax/jax.numpy.log.init.json,stage4/results/jax-thesis-all-coverage/execution_results/jax.numpy.log.results.json
jax.numpy.log10,python,2.066093534153244,2.2055,2334,115252,,,,,,stage4/results/jax-thesis-all-coverage/coverage_reports/per_api/python/jax.numpy.log10/coverage.json,,,,0,False,json2init/results/jax/jax.numpy.log10.init.json,stage4/results/jax-thesis-all-coverage/execution_results/jax.numpy.log10.results.json
jax.numpy.log1p,python,1.9802577755126676,2.0726,2251,115252,,,,,,stage4/results/jax-thesis-all-coverage/coverage_reports/per_api/python/jax.numpy.log1p/coverage.json,,,,0,False,json2init/results/jax/jax.numpy.log1p.init.json,stage4/results/jax-thesis-all-coverage/execution_results/jax.numpy.log1p.results.json
jax.numpy.log2,python,2.1405292310993684,2.3147,2408,115252,,,,,,stage4/results/jax-thesis-all-coverage/coverage_reports/per_api/python/jax.numpy.log2/coverage.json,,,,0,False,json2init/results/jax/jax.numpy.log2.init.json,stage4/results/jax-thesis-all-coverage/execution_results/jax.numpy.log2.results.json
jax.numpy.logical_not,python,2.0419522270355817,2.1671,2311,115252,,,,,,stage4/results/jax-thesis-all-coverage/coverage_reports/per_api/python/jax.numpy.logical_not/coverage.json,,,,0,False,json2init/results/jax/jax.numpy.logical_not.init.json,stage4/results/jax-thesis-all-coverage/execution_results/jax.numpy.logical_not.results.json
jax.numpy.logspace,python,2.6609085178578615,2.8993,2986,115252,,,,,,stage4/results/jax-thesis-all-coverage/coverage_reports/per_api/python/jax.numpy.logspace/coverage.json,,,,0,False,json2init/results/jax/jax.numpy.logspace.init.json,stage4/results/jax-thesis-all-coverage/execution_results/jax.numpy.logspace.results.json
jax.numpy.matrix_transpose,python,2.131811536862435,2.2586,2414,115252,,,,,,stage4/results/jax-thesis-all-coverage/coverage_reports/per_api/python/jax.numpy.matrix_transpose/coverage.json,,,,0,False,json2init/results/jax/jax.numpy.matrix_transpose.init.json,stage4/results/jax-thesis-all-coverage/execution_results/jax.numpy.matrix_transpose.results.json
jax.numpy.matvec,python,2.231059132790601,2.3797,2521,115252,,,,,,stage4/results/jax-thesis-all-coverage/coverage_reports/per_api/python/jax.numpy.matvec/coverage.json,,,,0,False,json2init/results/jax/jax.numpy.matvec.init.json,stage4/results/jax-thesis-all-coverage/execution_results/jax.numpy.matvec.results.json
jax.numpy.max,python,2.073470044661418,2.2084,2344,115252,,,,,,stage4/results/jax-thesis-all-coverage/coverage_reports/per_api/python/jax.numpy.max/coverage.json,,,,0,False,json2init/results/jax/jax.numpy.max.init.json,stage4/results/jax-thesis-all-coverage/execution_results/jax.numpy.max.results.json
jax.numpy.mean,python,2.2324003165193598,2.4033,2515,115252,,,,,,stage4/results/jax-thesis-all-coverage/coverage_reports/per_api/python/jax.numpy.mean/coverage.json,,,,0,False,json2init/results/jax/jax.numpy.mean.init.json,stage4/results/jax-thesis-all-coverage/execution_results/jax.numpy.mean.results.json
jax.numpy.median,python,2.986816163946299,3.3215,3329,115252,,,,,,stage4/results/jax-thesis-all-coverage/coverage_reports/per_api/python/jax.numpy.median/coverage.json,,,,0,False,json2init/results/jax/jax.numpy.median.init.json,stage4/results/jax-thesis-all-coverage/execution_results/jax.numpy.median.results.json
jax.numpy.min,python,2.074811228390177,2.2114,2345,115252,,,,,,stage4/results/jax-thesis-all-coverage/coverage_reports/per_api/python/jax.numpy.min/coverage.json,,,,0,False,json2init/results/jax/jax.numpy.min.init.json,stage4/results/jax-thesis-all-coverage/execution_results/jax.numpy.min.results.json
jax.numpy.modf,python,2.3229302182105926,2.5007,2617,115252,,,,,,stage4/results/jax-thesis-all-coverage/coverage_reports/per_api/python/jax.numpy.modf/coverage.json,,,,0,False,json2init/results/jax/jax.numpy.modf.init.json,stage4/results/jax-thesis-all-coverage/execution_results/jax.numpy.modf.results.json
jax.numpy.nan_to_num,python,2.403401241936133,2.6277,2694,115252,,,,,,stage4/results/jax-thesis-all-coverage/coverage_reports/per_api/python/jax.numpy.nan_to_num/coverage.json,,,,0,False,json2init/results/jax/jax.numpy.nan_to_num.init.json,stage4/results/jax-thesis-all-coverage/execution_results/jax.numpy.nan_to_num.results.json
jax.numpy.nanargmax,python,2.873486138866163,3.0706,3245,115252,,,,,,stage4/results/jax-thesis-all-coverage/coverage_reports/per_api/python/jax.numpy.nanargmax/coverage.json,,,,0,False,json2init/results/jax/jax.numpy.nanargmax.init.json,stage4/results/jax-thesis-all-coverage/execution_results/jax.numpy.nanargmax.results.json
jax.numpy.nanargmin,python,2.8721449551374043,3.0706,3243,115252,,,,,,stage4/results/jax-thesis-all-coverage/coverage_reports/per_api/python/jax.numpy.nanargmin/coverage.json,,,,0,False,json2init/results/jax/jax.numpy.nanargmin.init.json,stage4/results/jax-thesis-all-coverage/execution_results/jax.numpy.nanargmin.results.json
jax.numpy.nancumprod,python,2.499966470406781,2.6897,2817,115252,,,,,,stage4/results/jax-thesis-all-coverage/coverage_reports/per_api/python/jax.numpy.nancumprod/coverage.json,,,,0,False,json2init/results/jax/jax.numpy.nancumprod.init.json,stage4/results/jax-thesis-all-coverage/execution_results/jax.numpy.nancumprod.results.json
jax.numpy.nancumsum,python,2.4697898365097033,2.6602,2782,115252,,,,,,stage4/results/jax-thesis-all-coverage/coverage_reports/per_api/python/jax.numpy.nancumsum/coverage.json,,,,0,False,json2init/results/jax/jax.numpy.nancumsum.init.json,stage4/results/jax-thesis-all-coverage/execution_results/jax.numpy.nancumsum.results.json
jax.numpy.nanpercentile,python,3.0706401469937368,3.4101,3424,115252,,,,,,stage4/results/jax-thesis-all-coverage/coverage_reports/per_api/python/jax.numpy.nanpercentile/coverage.json,,,,0,False,json2init/results/jax/jax.numpy.nanpercentile.init.json,stage4/results/jax-thesis-all-coverage/execution_results/jax.numpy.nanpercentile.results.json
jax.numpy.nanquantile,python,3.0491812073335924,3.3894,3399,115252,,,,,,stage4/results/jax-thesis-all-coverage/coverage_reports/per_api/python/jax.numpy.nanquantile/coverage.json,,,,0,False,json2init/results/jax/jax.numpy.nanquantile.init.json,stage4/results/jax-thesis-all-coverage/execution_results/jax.numpy.nanquantile.results.json
jax.numpy.ndim,python,0.08851812609809417,0.1063,96,115252,,,,,,stage4/results/jax-thesis-all-coverage/coverage_reports/per_api/python/jax.numpy.ndim/coverage.json,,,,0,False,json2init/results/jax/jax.numpy.ndim.init.json,stage4/results/jax-thesis-all-coverage/execution_results/jax.numpy.ndim.results.json
jax.numpy.nextafter,python,2.033234532798648,2.1553,2302,115252,,,,,,stage4/results/jax-thesis-all-coverage/coverage_reports/per_api/python/jax.numpy.nextafter/coverage.json,,,,0,False,json2init/results/jax/jax.numpy.nextafter.init.json,stage4/results/jax-thesis-all-coverage/execution_results/jax.numpy.nextafter.results.json
jax.numpy.nonzero,python,3.539383860195008,3.8766,3965,115252,,,,,,stage4/results/jax-thesis-all-coverage/coverage_reports/per_api/python/jax.numpy.nonzero/coverage.json,,,,0,False,json2init/results/jax/jax.numpy.nonzero.init.json,stage4/results/jax-thesis-all-coverage/execution_results/jax.numpy.nonzero.results.json
jax.numpy.not_equal,python,2.0325639409342684,2.1583,2300,115252,,,,,,stage4/results/jax-thesis-all-coverage/coverage_reports/per_api/python/jax.numpy.not_equal/coverage.json,,,,0,False,json2init/results/jax/jax.numpy.not_equal.init.json,stage4/results/jax-thesis-all-coverage/execution_results/jax.numpy.not_equal.results.json
jax.numpy.outer,python,2.373895199903435,2.5982,2660,115252,,,,,,stage4/results/jax-thesis-all-coverage/coverage_reports/per_api/python/jax.numpy.outer/coverage.json,,,,0,False,json2init/results/jax/jax.numpy.outer.init.json,stage4/results/jax-thesis-all-coverage/execution_results/jax.numpy.outer.results.json
jax.numpy.packbits,python,2.653532007349687,2.9082,2972,115252,,,,,,stage4/results/jax-thesis-all-coverage/coverage_reports/per_api/python/jax.numpy.packbits/coverage.json,,,,0,False,json2init/results/jax/jax.numpy.packbits.init.json,stage4/results/jax-thesis-all-coverage/execution_results/jax.numpy.packbits.results.json
jax.numpy.pad,python,2.302141870414828,2.4683,2597,115252,,,,,,stage4/results/jax-thesis-all-coverage/coverage_reports/per_api/python/jax.numpy.pad/coverage.json,,,,0,False,json2init/results/jax/jax.numpy.pad.init.json,stage4/results/jax-thesis-all-coverage/execution_results/jax.numpy.pad.results.json
jax.numpy.partition,python,2.12443502635426,2.2675,2400,115252,,,,,,stage4/results/jax-thesis-all-coverage/coverage_reports/per_api/python/jax.numpy.partition/coverage.json,,,,0,False,json2init/results/jax/jax.numpy.partition.init.json,stage4/results/jax-thesis-all-coverage/execution_results/jax.numpy.partition.results.json
jax.numpy.percentile,python,3.017663389707756,3.3451,3367,115252,,,,,,stage4/results/jax-thesis-all-coverage/coverage_reports/per_api/python/jax.numpy.percentile/coverage.json,,,,0,False,json2init/results/jax/jax.numpy.percentile.init.json,stage4/results/jax-thesis-all-coverage/execution_results/jax.numpy.percentile.results.json
jax.numpy.permute_dims,python,1.8655865667037728,1.9221,2131,115252,,,,,,stage4/results/jax-thesis-all-coverage/coverage_reports/per_api/python/jax.numpy.permute_dims/coverage.json,,,,0,False,json2init/results/jax/jax.numpy.permute_dims.init.json,stage4/results/jax-thesis-all-coverage/execution_results/jax.numpy.permute_dims.results.json
jax.numpy.poly,python,2.7199206019232576,3.0794,3013,115252,,,,,,stage4/results/jax-thesis-all-coverage/coverage_reports/per_api/python/jax.numpy.poly/coverage.json,,,,0,False,json2init/results/jax/jax.numpy.poly.init.json,stage4/results/jax-thesis-all-coverage/execution_results/jax.numpy.poly.results.json
jax.numpy.polyadd,python,2.6119553117581575,2.858,2927,115252,,,,,,stage4/results/jax-thesis-all-coverage/coverage_reports/per_api/python/jax.numpy.polyadd/coverage.json,,,,0,False,json2init/results/jax/jax.numpy.polyadd.init.json,stage4/results/jax-thesis-all-coverage/execution_results/jax.numpy.polyadd.results.json
jax.numpy.polyder,python,2.5925081476911522,2.8934,2886,115252,,,,,,stage4/results/jax-thesis-all-coverage/coverage_reports/per_api/python/jax.numpy.polyder/coverage.json,,,,0,False,json2init/results/jax/jax.numpy.polyder.init.json,stage4/results/jax-thesis-all-coverage/execution_results/jax.numpy.polyder.results.json
jax.numpy.polydiv,python,2.9767572859806064,3.2831,3327,115252,,,,,,stage4/results/jax-thesis-all-coverage/coverage_reports/per_api/python/jax.numpy.polydiv/coverage.json,,,,0,False,json2init/results/jax/jax.numpy.polydiv.init.json,stage4/results/jax-thesis-all-coverage/execution_results/jax.numpy.polydiv.results.json
jax.numpy.polyint,python,2.8379447700540497,3.1975,3149,115252,,,,,,stage4/results/jax-thesis-all-coverage/coverage_reports/per_api/python/jax.numpy.polyint/coverage.json,,,,0,False,json2init/results/jax/jax.numpy.polyint.init.json,stage4/results/jax-thesis-all-coverage/execution_results/jax.numpy.polyint.results.json
jax.numpy.polymul,python,2.677673314467349,2.9672,2988,115252,,,,,,stage4/results/jax-thesis-all-coverage/coverage_reports/per_api/python/jax.numpy.polymul/coverage.json,,,,0,False,json2init/results/jax/jax.numpy.polymul.init.json,stage4/results/jax-thesis-all-coverage/execution_results/jax.numpy.polymul.results.json
jax.numpy.polysub,python,2.7199206019232576,2.9731,3049,115252,,,,,,stage4/results/jax-thesis-all-coverage/coverage_reports/per_api/python/jax.numpy.polysub/coverage.json,,,,0,False,json2init/results/jax/jax.numpy.polysub.init.json,stage4/results/jax-thesis-all-coverage/execution_results/jax.numpy.polysub.results.json
jax.numpy.polyval,python,2.621343597859471,2.8285,2951,115252,,,,,,stage4/results/jax-thesis-all-coverage/coverage_reports/per_api/python/jax.numpy.polyval/coverage.json,,,,0,False,json2init/results/jax/jax.numpy.polyval.init.json,stage4/results/jax-thesis-all-coverage/execution_results/jax.numpy.polyval.results.json
jax.numpy.positive,python,1.535655369429058,1.553,1764,115252,,,,,,stage4/results/jax-thesis-all-coverage/coverage_reports/per_api/python/jax.numpy.positive/coverage.json,,,,0,False,json2init/results/jax/jax.numpy.positive.init.json,stage4/results/jax-thesis-all-coverage/execution_results/jax.numpy.positive.results.json
jax.numpy.power,python,2.0499993294081356,2.1701,2322,115252,,,,,,stage4/results/jax-thesis-all-coverage/coverage_reports/per_api/python/jax.numpy.power/coverage.json,,,,0,False,json2init/results/jax/jax.numpy.power.init.json,stage4/results/jax-thesis-all-coverage/execution_results/jax.numpy.power.results.json
jax.numpy.prod,python,2.0754818202545566,2.1996,2350,115252,,,,,,stage4/results/jax-thesis-all-coverage/coverage_reports/per_api/python/jax.numpy.prod/coverage.json,,,,0,False,json2init/results/jax/jax.numpy.prod.init.json,stage4/results/jax-thesis-all-coverage/execution_results/jax.numpy.prod.results.json
jax.numpy.promote_types,python,0.0985770040637867,0.1151,108,115252,,,,,,stage4/results/jax-thesis-all-coverage/coverage_reports/per_api/python/jax.numpy.promote_types/coverage.json,,,,0,False,json2init/results/jax/jax.numpy.promote_types.init.json,stage4/results/jax-thesis-all-coverage/execution_results/jax.numpy.promote_types.results.json
jax.numpy.ptp,python,2.3886482209197837,2.5834,2687,115252,,,,,,stage4/results/jax-thesis-all-coverage/coverage_reports/per_api/python/jax.numpy.ptp/coverage.json,,,,0,False,json2init/results/jax/jax.numpy.ptp.init.json,stage4/results/jax-thesis-all-coverage/execution_results/jax.numpy.ptp.results.json
jax.numpy.quantile,python,2.9982162256407507,3.3304,3343,115252,,,,,,stage4/results/jax-thesis-all-coverage/coverage_reports/per_api/python/jax.numpy.quantile/coverage.json,,,,0,False,json2init/results/jax/jax.numpy.quantile.init.json,stage4/results/jax-thesis-all-coverage/execution_results/jax.numpy.quantile.results.json
jax.numpy.rad2deg,python,2.045305186357479,2.1671,2316,115252,,,,,,stage4/results/jax-thesis-all-coverage/coverage_reports/per_api/python/jax.numpy.rad2deg/coverage.json,,,,0,False,json2init/results/jax/jax.numpy.rad2deg.init.json,stage4/results/jax-thesis-all-coverage/execution_results/jax.numpy.rad2deg.results.json
jax.numpy.ravel,python,1.5825967999356232,1.6032,1817,115252,,,,,,stage4/results/jax-thesis-all-coverage/coverage_reports/per_api/python/jax.numpy.ravel/coverage.json,,,,0,False,json2init/results/jax/jax.numpy.ravel.init.json,stage4/results/jax-thesis-all-coverage/execution_results/jax.numpy.ravel.results.json
jax.numpy.ravel_multi_index,python,2.5395313904051715,2.796,2840,115252,,,,,,stage4/results/jax-thesis-all-coverage/coverage_reports/per_api/python/jax.numpy.ravel_multi_index/coverage.json,,,,0,False,json2init/results/jax/jax.numpy.ravel_multi_index.init.json,stage4/results/jax-thesis-all-coverage/execution_results/jax.numpy.ravel_multi_index.results.json
jax.numpy.real,python,1.5229141240058475,1.5353,1751,115252,,,,,,stage4/results/jax-thesis-all-coverage/coverage_reports/per_api/python/jax.numpy.real/coverage.json,,,,0,False,json2init/results/jax/jax.numpy.real.init.json,stage4/results/jax-thesis-all-coverage/execution_results/jax.numpy.real.results.json
jax.numpy.reciprocal,python,1.9896460616139806,2.0844,2261,115252,,,,,,stage4/results/jax-thesis-all-coverage/coverage_reports/per_api/python/jax.numpy.reciprocal/coverage.json,,,,0,False,json2init/results/jax/jax.numpy.reciprocal.init.json,stage4/results/jax-thesis-all-coverage/execution_results/jax.numpy.reciprocal.results.json
jax.numpy.remainder,python,2.1861294778771745,2.362,2460,115252,,,,,,stage4/results/jax-thesis-all-coverage/coverage_reports/per_api/python/jax.numpy.remainder/coverage.json,,,,0,False,json2init/results/jax/jax.numpy.remainder.init.json,stage4/results/jax-thesis-all-coverage/execution_results/jax.numpy.remainder.results.json
jax.numpy.repeat,python,2.4630839178659083,2.5362,2814,115252,,,,,,stage4/results/jax-thesis-all-coverage/coverage_reports/per_api/python/jax.numpy.repeat/coverage.json,,,,0,False,json2init/results/jax/jax.numpy.repeat.init.json,stage4/results/jax-thesis-all-coverage/execution_results/jax.numpy.repeat.results.json
jax.numpy.reshape,python,0.008717694236933518,0.0059,11,115252,,,,,,stage4/results/jax-thesis-all-coverage/coverage_reports/per_api/python/jax.numpy.reshape/coverage.json,,,,0,False,json2init/results/jax/jax.numpy.reshape.init.json,stage4/results/jax-thesis-all-coverage/execution_results/jax.numpy.reshape.results.json
jax.numpy.right_shift,python,2.0607287992382077,2.173,2337,115252,,,,,,stage4/results/jax-thesis-all-coverage/coverage_reports/per_api/python/jax.numpy.right_shift/coverage.json,,,,0,False,json2init/results/jax/jax.numpy.right_shift.init.json,stage4/results/jax-thesis-all-coverage/execution_results/jax.numpy.right_shift.results.json
jax.numpy.rint,python,1.9185633239897533,2.0047,2182,115252,,,,,,stage4/results/jax-thesis-all-coverage/coverage_reports/per_api/python/jax.numpy.rint/coverage.json,,,,0,False,json2init/results/jax/jax.numpy.rint.init.json,stage4/results/jax-thesis-all-coverage/execution_results/jax.numpy.rint.results.json
jax.numpy.roll,python,2.9164040181864515,3.1828,3271,115252,,,,,,stage4/results/jax-thesis-all-coverage/coverage_reports/per_api/python/jax.numpy.roll/coverage.json,,,,0,False,json2init/results/jax/jax.numpy.roll.init.json,stage4/results/jax-thesis-all-coverage/execution_results/jax.numpy.roll.results.json
jax.numpy.roots,python,3.8947975483161437,4.3608,4331,115252,,,,,,stage4/results/jax-thesis-all-coverage/coverage_reports/per_api/python/jax.numpy.roots/coverage.json,,,,0,False,json2init/results/jax/jax.numpy.roots.init.json,stage4/results/jax-thesis-all-coverage/execution_results/jax.numpy.roots.results.json
jax.numpy.rot90,python,2.060058207373828,2.176,2335,115252,,,,,,stage4/results/jax-thesis-all-coverage/coverage_reports/per_api/python/jax.numpy.rot90/coverage.json,,,,0,False,json2init/results/jax/jax.numpy.rot90.init.json,stage4/results/jax-thesis-all-coverage/execution_results/jax.numpy.rot90.results.json
jax.numpy.round,python,1.92325746704041,2.0106,2187,115252,,,,,,stage4/results/jax-thesis-all-coverage/coverage_reports/per_api/python/jax.numpy.round/coverage.json,,,,0,False,json2init/results/jax/jax.numpy.round.init.json,stage4/results/jax-thesis-all-coverage/execution_results/jax.numpy.round.results.json
jax.numpy.searchsorted,python,3.788173441879803,4.098,4261,115252,,,,,,stage4/results/jax-thesis-all-coverage/coverage_reports/per_api/python/jax.numpy.searchsorted/coverage.json,,,,0,False,json2init/results/jax/jax.numpy.searchsorted.init.json,stage4/results/jax-thesis-all-coverage/execution_results/jax.numpy.searchsorted.results.json
jax.numpy.select,python,2.7474148683628172,2.9761,3089,115252,,,,,,stage4/results/jax-thesis-all-coverage/coverage_reports/per_api/python/jax.numpy.select/coverage.json,,,,0,False,json2init/results/jax/jax.numpy.select.init.json,stage4/results/jax-thesis-all-coverage/execution_results/jax.numpy.select.results.json
jax.numpy.setdiff1d,python,3.6922788052735345,4.1512,4100,115252,,,,,,stage4/results/jax-thesis-all-coverage/coverage_reports/per_api/python/jax.numpy.setdiff1d/coverage.json,,,,0,False,json2init/results/jax/jax.numpy.setdiff1d.init.json,stage4/results/jax-thesis-all-coverage/execution_results/jax.numpy.setdiff1d.results.json
jax.numpy.setxor1d,python,3.7177612961199555,4.1748,4130,115252,,,,,,stage4/results/jax-thesis-all-coverage/coverage_reports/per_api/python/jax.numpy.setxor1d/coverage.json,,,,0,False,json2init/results/jax/jax.numpy.setxor1d.init.json,stage4/results/jax-thesis-all-coverage/execution_results/jax.numpy.setxor1d.results.json
jax.numpy.shape,python,0.08851812609809417,0.1063,96,115252,,,,,,stage4/results/jax-thesis-all-coverage/coverage_reports/per_api/python/jax.numpy.shape/coverage.json,,,,0,False,json2init/results/jax/jax.numpy.shape.init.json,stage4/results/jax-thesis-all-coverage/execution_results/jax.numpy.shape.results.json
jax.numpy.sign,python,1.8984455680583683,1.9693,2164,115252,,,,,,stage4/results/jax-thesis-all-coverage/coverage_reports/per_api/python/jax.numpy.sign/coverage.json,,,,0,False,json2init/results/jax/jax.numpy.sign.init.json,stage4/results/jax-thesis-all-coverage/execution_results/jax.numpy.sign.results.json
jax.numpy.signbit,python,2.209600193130457,2.3797,2489,115252,,,,,,stage4/results/jax-thesis-all-coverage/coverage_reports/per_api/python/jax.numpy.signbit/coverage.json,,,,0,False,json2init/results/jax/jax.numpy.signbit.init.json,stage4/results/jax-thesis-all-coverage/execution_results/jax.numpy.signbit.results.json
jax.numpy.sin,python,1.982269551105806,2.0756,2253,115252,,,,,,stage4/results/jax-thesis-all-coverage/coverage_reports/per_api/python/jax.numpy.sin/coverage.json,,,,0,False,json2init/results/jax/jax.numpy.sin.init.json,stage4/results/jax-thesis-all-coverage/execution_results/jax.numpy.sin.results.json
jax.numpy.sinc,python,2.575072759217285,2.7281,2916,115252,,,,,,stage4/results/jax-thesis-all-coverage/coverage_reports/per_api/python/jax.numpy.sinc/coverage.json,,,,0,False,json2init/results/jax/jax.numpy.sinc.init.json,stage4/results/jax-thesis-all-coverage/execution_results/jax.numpy.sinc.results.json
jax.numpy.sinh,python,1.97690481619077,2.0697,2247,115252,,,,,,stage4/results/jax-thesis-all-coverage/coverage_reports/per_api/python/jax.numpy.sinh/coverage.json,,,,0,False,json2init/results/jax/jax.numpy.sinh.init.json,stage4/results/jax-thesis-all-coverage/execution_results/jax.numpy.sinh.results.json
jax.numpy.size,python,0.09187108541999169,0.1092,100,115252,,,,,,stage4/results/jax-thesis-all-coverage/coverage_reports/per_api/python/jax.numpy.size/coverage.json,,,,0,False,json2init/results/jax/jax.numpy.size.init.json,stage4/results/jax-thesis-all-coverage/execution_results/jax.numpy.size.results.json
jax.numpy.spacing,python,2.3906599965129223,2.5745,2693,115252,,,,,,stage4/results/jax-thesis-all-coverage/coverage_reports/per_api/python/jax.numpy.spacing/coverage.json,,,,0,False,json2init/results/jax/jax.numpy.spacing.init.json,stage4/results/jax-thesis-all-coverage/execution_results/jax.numpy.spacing.results.json
jax.numpy.sqrt,python,1.9802577755126676,2.0726,2251,115252,,,,,,stage4/results/jax-thesis-all-coverage/coverage_reports/per_api/python/jax.numpy.sqrt/coverage.json,,,,0,False,json2init/results/jax/jax.numpy.sqrt.init.json,stage4/results/jax-thesis-all-coverage/execution_results/jax.numpy.sqrt.results.json
jax.numpy.square,python,1.919233915854133,1.9959,2186,115252,,,,,,stage4/results/jax-thesis-all-coverage/coverage_reports/per_api/python/jax.numpy.square/coverage.json,,,,0,False,json2init/results/jax/jax.numpy.square.init.json,stage4/results/jax-thesis-all-coverage/execution_results/jax.numpy.square.results.json
jax.numpy.squeeze,python,2.194847172114108,2.3265,2485,115252,,,,,,stage4/results/jax-thesis-all-coverage/coverage_reports/per_api/python/jax.numpy.squeeze/coverage.json,,,,0,False,json2init/results/jax/jax.numpy.squeeze.init.json,stage4/results/jax-thesis-all-coverage/execution_results/jax.numpy.squeeze.results.json
jax.numpy.stack,python,2.29945950295731,2.4565,2597,115252,,,,,,stage4/results/jax-thesis-all-coverage/coverage_reports/per_api/python/jax.numpy.stack/coverage.json,,,,0,False,json2init/results/jax/jax.numpy.stack.init.json,stage4/results/jax-thesis-all-coverage/execution_results/jax.numpy.stack.results.json
jax.numpy.std,python,2.8198387897158033,3.1208,3148,115252,,,,,,stage4/results/jax-thesis-all-coverage/coverage_reports/per_api/python/jax.numpy.std/coverage.json,,,,0,False,json2init/results/jax/jax.numpy.std.init.json,stage4/results/jax-thesis-all-coverage/execution_results/jax.numpy.std.results.json
jax.numpy.sum,python,2.079505371440834,2.2025,2355,115252,,,,,,stage4/results/jax-thesis-all-coverage/coverage_reports/per_api/python/jax.numpy.sum/coverage.json,,,,0,False,json2init/results/jax/jax.numpy.sum.init.json,stage4/results/jax-thesis-all-coverage/execution_results/jax.numpy.sum.results.json
jax.numpy.take,python,2.835932994460911,3.1267,3170,115252,,,,,,stage4/results/jax-thesis-all-coverage/coverage_reports/per_api/python/jax.numpy.take/coverage.json,,,,0,False,json2init/results/jax/jax.numpy.take.init.json,stage4/results/jax-thesis-all-coverage/execution_results/jax.numpy.take.results.json
jax.numpy.tan,python,1.9802577755126676,2.0726,2251,115252,,,,,,stage4/results/jax-thesis-all-coverage/coverage_reports/per_api/python/jax.numpy.tan/coverage.json,,,,0,False,json2init/results/jax/jax.numpy.tan.init.json,stage4/results/jax-thesis-all-coverage/execution_results/jax.numpy.tan.results.json
jax.numpy.tanh,python,1.97690481619077,2.0697,2247,115252,,,,,,stage4/results/jax-thesis-all-coverage/coverage_reports/per_api/python/jax.numpy.tanh/coverage.json,,,,0,False,json2init/results/jax/jax.numpy.tanh.init.json,stage4/results/jax-thesis-all-coverage/execution_results/jax.numpy.tanh.results.json
jax.numpy.trace,python,2.6112847198937783,2.8698,2922,115252,,,,,,stage4/results/jax-thesis-all-coverage/coverage_reports/per_api/python/jax.numpy.trace/coverage.json,,,,0,False,json2init/results/jax/jax.numpy.trace.init.json,stage4/results/jax-thesis-all-coverage/execution_results/jax.numpy.trace.results.json
jax.numpy.transpose,python,1.8709513016188088,1.928,2137,115252,,,,,,stage4/results/jax-thesis-all-coverage/coverage_reports/per_api/python/jax.numpy.transpose/coverage.json,,,,0,False,json2init/results/jax/jax.numpy.transpose.init.json,stage4/results/jax-thesis-all-coverage/execution_results/jax.numpy.transpose.results.json
jax.numpy.trapezoid,python,2.54154316599831,2.8344,2830,115252,,,,,,stage4/results/jax-thesis-all-coverage/coverage_reports/per_api/python/jax.numpy.trapezoid/coverage.json,,,,0,False,json2init/results/jax/jax.numpy.trapezoid.init.json,stage4/results/jax-thesis-all-coverage/execution_results/jax.numpy.trapezoid.results.json
jax.numpy.tri,python,2.3430479741419776,2.5273,2638,115252,,,,,,stage4/results/jax-thesis-all-coverage/coverage_reports/per_api/python/jax.numpy.tri/coverage.json,,,,0,False,json2init/results/jax/jax.numpy.tri.init.json,stage4/results/jax-thesis-all-coverage/execution_results/jax.numpy.tri.results.json
jax.numpy.tril,python,2.2894006249916177,2.5155,2562,115252,,,,,,stage4/results/jax-thesis-all-coverage/coverage_reports/per_api/python/jax.numpy.tril/coverage.json,,FileNotFoundError: [Errno 2] No such file or directory: 'stage4/results/jax-thesis-all-coverage/coverage_reports/per_api/python/jax.numpy.tril/html/z_d405a2800ae8d353_lax_test_util_py.html',,0,False,json2init/results/jax/jax.numpy.tril.init.json,stage4/results/jax-thesis-all-coverage/execution_results/jax.numpy.tril.results.json
jax.numpy.tril_indices,python,3.5353603090087313,3.8618,3964,115252,,,,,,stage4/results/jax-thesis-all-coverage/coverage_reports/per_api/python/jax.numpy.tril_indices/coverage.json,,,,0,False,json2init/results/jax/jax.numpy.tril_indices.init.json,stage4/results/jax-thesis-all-coverage/execution_results/jax.numpy.tril_indices.results.json
jax.numpy.tril_indices_from,python,3.539383860195008,3.8677,3968,115252,,,,,,stage4/results/jax-thesis-all-coverage/coverage_reports/per_api/python/jax.numpy.tril_indices_from/coverage.json,,,,0,False,json2init/results/jax/jax.numpy.tril_indices_from.init.json,stage4/results/jax-thesis-all-coverage/execution_results/jax.numpy.tril_indices_from.results.json
jax.numpy.trim_zeros,python,2.8580625259854346,3.1089,3209,115252,,,,,,stage4/results/jax-thesis-all-coverage/coverage_reports/per_api/python/jax.numpy.trim_zeros/coverage.json,,,,0,False,json2init/results/jax/jax.numpy.trim_zeros.init.json,stage4/results/jax-thesis-all-coverage/execution_results/jax.numpy.trim_zeros.results.json
jax.numpy.triu,python,2.2894006249916177,2.5155,2562,115252,,,,,,stage4/results/jax-thesis-all-coverage/coverage_reports/per_api/python/jax.numpy.triu/coverage.json,,,,0,False,json2init/results/jax/jax.numpy.triu.init.json,stage4/results/jax-thesis-all-coverage/execution_results/jax.numpy.triu.results.json
jax.numpy.triu_indices,python,3.5353603090087313,3.8618,3964,115252,,,,,,stage4/results/jax-thesis-all-coverage/coverage_reports/per_api/python/jax.numpy.triu_indices/coverage.json,,,,0,False,json2init/results/jax/jax.numpy.triu_indices.init.json,stage4/results/jax-thesis-all-coverage/execution_results/jax.numpy.triu_indices.results.json
jax.numpy.triu_indices_from,python,3.539383860195008,3.8677,3968,115252,,,,,,stage4/results/jax-thesis-all-coverage/coverage_reports/per_api/python/jax.numpy.triu_indices_from/coverage.json,,,,0,False,json2init/results/jax/jax.numpy.triu_indices_from.init.json,stage4/results/jax-thesis-all-coverage/execution_results/jax.numpy.triu_indices_from.results.json
jax.numpy.true_divide,python,2.074811228390177,2.1937,2351,115252,,,,,,stage4/results/jax-thesis-all-coverage/coverage_reports/per_api/python/jax.numpy.true_divide/coverage.json,,,,0,False,json2init/results/jax/jax.numpy.true_divide.init.json,stage4/results/jax-thesis-all-coverage/execution_results/jax.numpy.true_divide.results.json
jax.numpy.trunc,python,2.241788602620673,2.4151,2525,115252,,,,,,stage4/results/jax-thesis-all-coverage/coverage_reports/per_api/python/jax.numpy.trunc/coverage.json,,,,0,False,json2init/results/jax/jax.numpy.trunc.init.json,stage4/results/jax-thesis-all-coverage/execution_results/jax.numpy.trunc.results.json
jax.numpy.ufunc.accumulate,python,2.2317297246549805,2.3767,2523,115252,,,,,,stage4/results/jax-thesis-all-coverage/coverage_reports/per_api/python/jax.numpy.ufunc.accumulate/coverage.json,,,,0,False,json2init/results/jax/jax.numpy.ufunc.accumulate.init.json,stage4/results/jax-thesis-all-coverage/execution_results/jax.numpy.ufunc.accumulate.results.json
jax.numpy.ufunc.outer,python,2.533496063625756,2.6277,2888,115252,,,,,,stage4/results/jax-thesis-all-coverage/coverage_reports/per_api/python/jax.numpy.ufunc.outer/coverage.json,,,,0,False,json2init/results/jax/jax.numpy.ufunc.outer.init.json,stage4/results/jax-thesis-all-coverage/execution_results/jax.numpy.ufunc.outer.results.json
jax.numpy.ufunc.reduce,python,2.117729107710465,2.2498,2396,115252,,,,,,stage4/results/jax-thesis-all-coverage/coverage_reports/per_api/python/jax.numpy.ufunc.reduce/coverage.json,,,,0,False,json2init/results/jax/jax.numpy.ufunc.reduce.init.json,stage4/results/jax-thesis-all-coverage/execution_results/jax.numpy.ufunc.reduce.results.json
jax.numpy.ufunc.reduceat,python,3.2470058073255457,3.5636,3635,115252,,,,,,stage4/results/jax-thesis-all-coverage/coverage_reports/per_api/python/jax.numpy.ufunc.reduceat/coverage.json,,,,0,False,json2init/results/jax/jax.numpy.ufunc.reduceat.init.json,stage4/results/jax-thesis-all-coverage/execution_results/jax.numpy.ufunc.reduceat.results.json
jax.numpy.union1d,python,3.6654551306983545,4.1039,4076,115252,,,,,,stage4/results/jax-thesis-all-coverage/coverage_reports/per_api/python/jax.numpy.union1d/coverage.json,,,,0,False,json2init/results/jax/jax.numpy.union1d.init.json,stage4/results/jax-thesis-all-coverage/execution_results/jax.numpy.union1d.results.json
jax.numpy.unique_all,python,4.110057536781964,4.5793,4578,115252,,,,,,stage4/results/jax-thesis-all-coverage/coverage_reports/per_api/python/jax.numpy.unique_all/coverage.json,,,,0,False,json2init/results/jax/jax.numpy.unique_all.init.json,stage4/results/jax-thesis-all-coverage/execution_results/jax.numpy.unique_all.results.json
jax.numpy.unique_counts,python,4.096645699494374,4.5616,4564,115252,,,,,,stage4/results/jax-thesis-all-coverage/coverage_reports/per_api/python/jax.numpy.unique_counts/coverage.json,,,,0,False,json2init/results/jax/jax.numpy.unique_counts.init.json,stage4/results/jax-thesis-all-coverage/execution_results/jax.numpy.unique_counts.results.json
jax.numpy.unique_inverse,python,3.7217848473062323,4.1512,4144,115252,,,,,,stage4/results/jax-thesis-all-coverage/coverage_reports/per_api/python/jax.numpy.unique_inverse/coverage.json,,,,0,False,json2init/results/jax/jax.numpy.unique_inverse.init.json,stage4/results/jax-thesis-all-coverage/execution_results/jax.numpy.unique_inverse.results.json
jax.numpy.unique_values,python,3.609796005954856,4.0301,4018,115252,,,,,,stage4/results/jax-thesis-all-coverage/coverage_reports/per_api/python/jax.numpy.unique_values/coverage.json,,,,0,False,json2init/results/jax/jax.numpy.unique_values.init.json,stage4/results/jax-thesis-all-coverage/execution_results/jax.numpy.unique_values.results.json
jax.numpy.unpackbits,python,2.6877321924330415,3.0145,2987,115252,,,,,,stage4/results/jax-thesis-all-coverage/coverage_reports/per_api/python/jax.numpy.unpackbits/coverage.json,,,,0,False,json2init/results/jax/jax.numpy.unpackbits.init.json,stage4/results/jax-thesis-all-coverage/execution_results/jax.numpy.unpackbits.results.json
jax.numpy.unravel_index,python,2.6743203551454515,2.92,2999,115252,,,,,,stage4/results/jax-thesis-all-coverage/coverage_reports/per_api/python/jax.numpy.unravel_index/coverage.json,,,,0,False,json2init/results/jax/jax.numpy.unravel_index.init.json,stage4/results/jax-thesis-all-coverage/execution_results/jax.numpy.unravel_index.results.json
jax.numpy.unstack,python,1.9735518568688724,2.052,2248,115252,,,,,,stage4/results/jax-thesis-all-coverage/coverage_reports/per_api/python/jax.numpy.unstack/coverage.json,,,,0,False,json2init/results/jax/jax.numpy.unstack.init.json,stage4/results/jax-thesis-all-coverage/execution_results/jax.numpy.unstack.results.json
jax.numpy.unwrap,python,2.9324982229315593,3.2595,3269,115252,,,,,,stage4/results/jax-thesis-all-coverage/coverage_reports/per_api/python/jax.numpy.unwrap/coverage.json,,,,0,False,json2init/results/jax/jax.numpy.unwrap.init.json,stage4/results/jax-thesis-all-coverage/execution_results/jax.numpy.unwrap.results.json
jax.numpy.vander,python,2.3638363219377423,2.5893,2648,115252,,,,,,stage4/results/jax-thesis-all-coverage/coverage_reports/per_api/python/jax.numpy.vander/coverage.json,,,,0,False,json2init/results/jax/jax.numpy.vander.init.json,stage4/results/jax-thesis-all-coverage/execution_results/jax.numpy.vander.results.json
jax.numpy.var,python,2.8111210954788697,3.1089,3139,115252,,,,,,stage4/results/jax-thesis-all-coverage/coverage_reports/per_api/python/jax.numpy.var/coverage.json,,,,0,False,json2init/results/jax/jax.numpy.var.init.json,stage4/results/jax-thesis-all-coverage/execution_results/jax.numpy.var.results.json
jax.numpy.vecmat,python,2.2330709083837395,2.3797,2524,115252,,,,,,stage4/results/jax-thesis-all-coverage/coverage_reports/per_api/python/jax.numpy.vecmat/coverage.json,,,,0,False,json2init/results/jax/jax.numpy.vecmat.init.json,stage4/results/jax-thesis-all-coverage/execution_results/jax.numpy.vecmat.results.json
jax.numpy.vstack,python,2.58177867786108,2.6602,2949,115252,,,,,,stage4/results/jax-thesis-all-coverage/coverage_reports/per_api/python/jax.numpy.vstack/coverage.json,,,,0,False,json2init/results/jax/jax.numpy.vstack.init.json,stage4/results/jax-thesis-all-coverage/execution_results/jax.numpy.vstack.results.json
jax.ops.segment_max,python,3.049851799197972,3.2831,3436,115252,,,,,,stage4/results/jax-thesis-all-coverage/coverage_reports/per_api/python/jax.ops.segment_max/coverage.json,,,,0,False,json2init/results/jax/jax.ops.segment_max.init.json,stage4/results/jax-thesis-all-coverage/execution_results/jax.ops.segment_max.results.json
jax.ops.segment_min,python,3.048510615469213,3.2802,3435,115252,,,,,,stage4/results/jax-thesis-all-coverage/coverage_reports/per_api/python/jax.ops.segment_min/coverage.json,,,,0,False,json2init/results/jax/jax.ops.segment_min.init.json,stage4/results/jax-thesis-all-coverage/execution_results/jax.ops.segment_min.results.json
jax.ops.segment_prod,python,3.044487064282936,3.2772,3430,115252,,,,,,stage4/results/jax-thesis-all-coverage/coverage_reports/per_api/python/jax.ops.segment_prod/coverage.json,,,,0,False,json2init/results/jax/jax.ops.segment_prod.init.json,stage4/results/jax-thesis-all-coverage/execution_results/jax.ops.segment_prod.results.json
jax.ops.segment_sum,python,3.041804696825418,3.2743,3427,115252,,,,,,stage4/results/jax-thesis-all-coverage/coverage_reports/per_api/python/jax.ops.segment_sum/coverage.json,,,,0,False,json2init/results/jax/jax.ops.segment_sum.init.json,stage4/results/jax-thesis-all-coverage/execution_results/jax.ops.segment_sum.results.json
jax.random.PRNGKey,python,2.5522726358283823,2.7694,2868,115252,,,,,,stage4/results/jax-thesis-all-coverage/coverage_reports/per_api/python/jax.random.PRNGKey/coverage.json,,,,0,False,json2init/results/jax/jax.random.PRNGKey.init.json,stage4/results/jax-thesis-all-coverage/execution_results/jax.random.PRNGKey.results.json
jax.random.key,python,2.5100253483724737,2.731,2818,115252,,,,,,stage4/results/jax-thesis-all-coverage/coverage_reports/per_api/python/jax.random.key/coverage.json,,,,0,False,json2init/results/jax/jax.random.key.init.json,stage4/results/jax-thesis-all-coverage/execution_results/jax.random.key.results.json
jax.random.wrap_key_data,python,0.22397768270275345,0.2421,252,115252,,,,,,stage4/results/jax-thesis-all-coverage/coverage_reports/per_api/python/jax.random.wrap_key_data/coverage.json,,,,0,False,json2init/results/jax/jax.random.wrap_key_data.init.json,stage4/results/jax-thesis-all-coverage/execution_results/jax.random.wrap_key_data.results.json
jax.scipy.integrate.trapezoid,python,2.725955928702673,3.0174,3043,115252,,,,,,stage4/results/jax-thesis-all-coverage/coverage_reports/per_api/python/jax.scipy.integrate.trapezoid/coverage.json,,,,0,False,json2init/results/jax/jax.scipy.integrate.trapezoid.init.json,stage4/results/jax-thesis-all-coverage/execution_results/jax.scipy.integrate.trapezoid.results.json
jax.scipy.linalg.cho_factor,python,2.943898284626011,3.1857,3311,115252,,,,,,stage4/results/jax-thesis-all-coverage/coverage_reports/per_api/python/jax.scipy.linalg.cho_factor/coverage.json,,,,0,False,json2init/results/jax/jax.scipy.linalg.cho_factor.init.json,stage4/results/jax-thesis-all-coverage/execution_results/jax.scipy.linalg.cho_factor.results.json
jax.scipy.linalg.cholesky,python,2.9425571008972518,3.1857,3309,115252,,,,,,stage4/results/jax-thesis-all-coverage/coverage_reports/per_api/python/jax.scipy.linalg.cholesky/coverage.json,,,,0,False,json2init/results/jax/jax.scipy.linalg.cholesky.init.json,stage4/results/jax-thesis-all-coverage/execution_results/jax.scipy.linalg.cholesky.results.json
jax.scipy.linalg.det,python,2.50130765413554,2.6454,2834,115252,,,,,,stage4/results/jax-thesis-all-coverage/coverage_reports/per_api/python/jax.scipy.linalg.det/coverage.json,,,,0,False,json2init/results/jax/jax.scipy.linalg.det.init.json,stage4/results/jax-thesis-all-coverage/execution_results/jax.scipy.linalg.det.results.json
jax.scipy.linalg.eigh_tridiagonal,python,3.4957953890103406,3.8648,3904,115252,,,,,,stage4/results/jax-thesis-all-coverage/coverage_reports/per_api/python/jax.scipy.linalg.eigh_tridiagonal/coverage.json,,,,0,False,json2init/results/jax/jax.scipy.linalg.eigh_tridiagonal.init.json,stage4/results/jax-thesis-all-coverage/execution_results/jax.scipy.linalg.eigh_tridiagonal.results.json
jax.scipy.linalg.expm,python,5.916632019420341,6.3006,6689,115252,,,,,,stage4/results/jax-thesis-all-coverage/coverage_reports/per_api/python/jax.scipy.linalg.expm/coverage.json,,,,0,False,json2init/results/jax/jax.scipy.linalg.expm.init.json,stage4/results/jax-thesis-all-coverage/execution_results/jax.scipy.linalg.expm.results.json
jax.scipy.linalg.hankel,python,3.2349351537667146,3.5075,3636,115252,,,,,,stage4/results/jax-thesis-all-coverage/coverage_reports/per_api/python/jax.scipy.linalg.hankel/coverage.json,,,,0,False,json2init/results/jax/jax.scipy.linalg.hankel.init.json,stage4/results/jax-thesis-all-coverage/execution_results/jax.scipy.linalg.hankel.results.json
jax.scipy.linalg.inv,python,5.115945333351216,5.4325,5789,115252,,,,,,stage4/results/jax-thesis-all-coverage/coverage_reports/per_api/python/jax.scipy.linalg.inv/coverage.json,,,,0,False,json2init/results/jax/jax.scipy.linalg.inv.init.json,stage4/results/jax-thesis-all-coverage/execution_results/jax.scipy.linalg.inv.results.json
jax.scipy.linalg.lu_factor,python,3.749279113745792,4.0537,4218,115252,,,,,,stage4/results/jax-thesis-all-coverage/coverage_reports/per_api/python/jax.scipy.linalg.lu_factor/coverage.json,,,,0,False,json2init/results/jax/jax.scipy.linalg.lu_factor.init.json,stage4/results/jax-thesis-all-coverage/execution_results/jax.scipy.linalg.lu_factor.results.json
jax.scipy.linalg.rsf2csf,python,4.570754147610681,4.9808,5129,115252,,,,,,stage4/results/jax-thesis-all-coverage/coverage_reports/per_api/python/jax.scipy.linalg.rsf2csf/coverage.json,,,,0,False,json2init/results/jax/jax.scipy.linalg.rsf2csf.init.json,stage4/results/jax-thesis-all-coverage/execution_results/jax.scipy.linalg.rsf2csf.results.json
jax.scipy.linalg.schur,python,2.5288019205751,2.6395,2877,115252,,,,,,stage4/results/jax-thesis-all-coverage/coverage_reports/per_api/python/jax.scipy.linalg.schur/coverage.json,,,,0,False,json2init/results/jax/jax.scipy.linalg.schur.init.json,stage4/results/jax-thesis-all-coverage/execution_results/jax.scipy.linalg.schur.results.json
jax.scipy.linalg.solve_sylvester,python,4.63915451777739,5.0458,5209,115252,,,,,,stage4/results/jax-thesis-all-coverage/coverage_reports/per_api/python/jax.scipy.linalg.solve_sylvester/coverage.json,,,,0,False,json2init/results/jax/jax.scipy.linalg.solve_sylvester.init.json,stage4/results/jax-thesis-all-coverage/execution_results/jax.scipy.linalg.solve_sylvester.results.json
jax.scipy.linalg.sqrtm,python,4.6264132723541795,5.0517,5188,115252,,,,,,stage4/results/jax-thesis-all-coverage/coverage_reports/per_api/python/jax.scipy.linalg.sqrtm/coverage.json,,,,0,False,json2init/results/jax/jax.scipy.linalg.sqrtm.init.json,stage4/results/jax-thesis-all-coverage/execution_results/jax.scipy.linalg.sqrtm.results.json
jax.scipy.linalg.toeplitz,python,3.2228645002078835,3.4662,3632,115252,,,,,,stage4/results/jax-thesis-all-coverage/coverage_reports/per_api/python/jax.scipy.linalg.toeplitz/coverage.json,,,,0,False,json2init/results/jax/jax.scipy.linalg.toeplitz.init.json,stage4/results/jax-thesis-all-coverage/execution_results/jax.scipy.linalg.toeplitz.results.json
jax.scipy.signal.csd,python,4.238811174742828,4.7003,4729,115252,,,,,,stage4/results/jax-thesis-all-coverage/coverage_reports/per_api/python/jax.scipy.signal.csd/coverage.json,,,,0,False,json2init/results/jax/jax.scipy.signal.csd.init.json,stage4/results/jax-thesis-all-coverage/execution_results/jax.scipy.signal.csd.results.json
jax.scipy.signal.stft,python,3.918938855433806,4.3401,4374,115252,,,,,,stage4/results/jax-thesis-all-coverage/coverage_reports/per_api/python/jax.scipy.signal.stft/coverage.json,,,,0,False,json2init/results/jax/jax.scipy.signal.stft.init.json,stage4/results/jax-thesis-all-coverage/execution_results/jax.scipy.signal.stft.results.json
jax.scipy.signal.welch,python,4.165716661525463,4.6088,4651,115252,,,,,,stage4/results/jax-thesis-all-coverage/coverage_reports/per_api/python/jax.scipy.signal.welch/coverage.json,,,,0,False,json2init/results/jax/jax.scipy.signal.welch.init.json,stage4/results/jax-thesis-all-coverage/execution_results/jax.scipy.signal.welch.results.json
jax.scipy.special.gamma,python,3.234264561902335,3.3688,3682,115252,,,,,,stage4/results/jax-thesis-all-coverage/coverage_reports/per_api/python/jax.scipy.special.gamma/coverage.json,,,,0,False,json2init/results/jax/jax.scipy.special.gamma.init.json,stage4/results/jax-thesis-all-coverage/execution_results/jax.scipy.special.gamma.results.json
jax.scipy.special.i0,python,2.6957792948055954,2.7192,3099,115252,,,,,,stage4/results/jax-thesis-all-coverage/coverage_reports/per_api/python/jax.scipy.special.i0/coverage.json,,,,0,False,json2init/results/jax/jax.scipy.special.i0.init.json,stage4/results/jax-thesis-all-coverage/execution_results/jax.scipy.special.i0.results.json
jax.scipy.special.i0e,python,2.6749909470098308,2.6897,3078,115252,,,,,,stage4/results/jax-thesis-all-coverage/coverage_reports/per_api/python/jax.scipy.special.i0e/coverage.json,,,,0,False,json2init/results/jax/jax.scipy.special.i0e.init.json,stage4/results/jax-thesis-all-coverage/execution_results/jax.scipy.special.i0e.results.json
jax.scipy.special.i1,python,2.373895199903435,2.359,2741,115252,,,,,,stage4/results/jax-thesis-all-coverage/coverage_reports/per_api/python/jax.scipy.special.i1/coverage.json,,,,0,False,json2init/results/jax/jax.scipy.special.i1.init.json,stage4/results/jax-thesis-all-coverage/execution_results/jax.scipy.special.i1.results.json
jax.scipy.special.i1e,python,2.3242714019393516,2.2823,2693,115252,,,,,,stage4/results/jax-thesis-all-coverage/coverage_reports/per_api/python/jax.scipy.special.i1e/coverage.json,,,,0,False,json2init/results/jax/jax.scipy.special.i1e.init.json,stage4/results/jax-thesis-all-coverage/execution_results/jax.scipy.special.i1e.results.json
jax.scipy.special.log_ndtr,python,2.734003031075227,2.7458,3147,115252,,,,,,stage4/results/jax-thesis-all-coverage/coverage_reports/per_api/python/jax.scipy.special.log_ndtr/coverage.json,,,,0,False,json2init/results/jax/jax.scipy.special.log_ndtr.init.json,stage4/results/jax-thesis-all-coverage/execution_results/jax.scipy.special.log_ndtr.results.json
jax.scipy.special.log_softmax,python,2.6998028459918726,2.7783,3085,115252,,,,,,stage4/results/jax-thesis-all-coverage/coverage_reports/per_api/python/jax.scipy.special.log_softmax/coverage.json,,,,0,False,json2init/results/jax/jax.scipy.special.log_softmax.init.json,stage4/results/jax-thesis-all-coverage/execution_results/jax.scipy.special.log_softmax.results.json
jax.scipy.special.loggamma,python,2.524107777524443,2.5509,2900,115252,,,,,,stage4/results/jax-thesis-all-coverage/coverage_reports/per_api/python/jax.scipy.special.loggamma/coverage.json,,,,0,False,json2init/results/jax/jax.scipy.special.loggamma.init.json,stage4/results/jax-thesis-all-coverage/execution_results/jax.scipy.special.loggamma.results.json
jax.scipy.special.logsumexp,python,2.848674239884122,2.9348,3254,115252,,,,,,stage4/results/jax-thesis-all-coverage/coverage_reports/per_api/python/jax.scipy.special.logsumexp/coverage.json,,,,0,False,json2init/results/jax/jax.scipy.special.logsumexp.init.json,stage4/results/jax-thesis-all-coverage/execution_results/jax.scipy.special.logsumexp.results.json
jax.scipy.special.ndtr,python,2.5086841646437144,2.5244,2886,115252,,,,,,stage4/results/jax-thesis-all-coverage/coverage_reports/per_api/python/jax.scipy.special.ndtr/coverage.json,,,,0,False,json2init/results/jax/jax.scipy.special.ndtr.init.json,stage4/results/jax-thesis-all-coverage/execution_results/jax.scipy.special.ndtr.results.json
jax.scipy.special.ndtri,python,3.1558053137699336,3.2625,3601,115252,,,,,,stage4/results/jax-thesis-all-coverage/coverage_reports/per_api/python/jax.scipy.special.ndtri/coverage.json,,,,0,False,json2init/results/jax/jax.scipy.special.ndtri.init.json,stage4/results/jax-thesis-all-coverage/execution_results/jax.scipy.special.ndtri.results.json
jax.scipy.special.sici,python,3.5226190635855206,3.5872,4038,115252,,,,,,stage4/results/jax-thesis-all-coverage/coverage_reports/per_api/python/jax.scipy.special.sici/coverage.json,,,,0,False,json2init/results/jax/jax.scipy.special.sici.init.json,stage4/results/jax-thesis-all-coverage/execution_results/jax.scipy.special.sici.results.json
jax.scipy.special.softmax,python,2.72997947988895,2.8107,3119,115252,,,,,,stage4/results/jax-thesis-all-coverage/coverage_reports/per_api/python/jax.scipy.special.softmax/coverage.json,,,,0,False,json2init/results/jax/jax.scipy.special.softmax.init.json,stage4/results/jax-thesis-all-coverage/execution_results/jax.scipy.special.softmax.results.json
