bug_id,api,category,oracle_verdict,stage,status,target_library,target_version,reproducer_path,reproduce_command,error_signature,exit_code,first_seen_at,duplicate_of
bug-8c8e758ba666a187,torch.masked.argmax,differential_mismatch,candidate_implementation_bug,mutation,candidate,torch,2.11.0,stage4/results/torch-thesis-all-coverage/execution_results/torch.masked.argmax.results.json,python3 -m stage4.stage4_worker --init-path json2init/results/torch/torch.masked.argmax.init.json --results-json stage4/results/torch-thesis-all-coverage/repro/repro_torch.masked.argmax.init.json --mutation-budget 32 --seed 1362,8c8e758ba666a187,0,2026-05-12T11:04:00Z,
bug-af8220cae34e5ce8,torch.masked.argmin,differential_mismatch,candidate_implementation_bug,mutation,candidate,torch,2.11.0,stage4/results/torch-thesis-all-coverage/execution_results/torch.masked.argmin.results.json,python3 -m stage4.stage4_worker --init-path json2init/results/torch/torch.masked.argmin.init.json --results-json stage4/results/torch-thesis-all-coverage/repro/repro_torch.masked.argmin.init.json --mutation-budget 32 --seed 1363,af8220cae34e5ce8,0,2026-05-12T11:04:00Z,
bug-4068d1911797f327,torch.masked.softmax,differential_mismatch,candidate_implementation_bug,mutation,candidate,torch,2.11.0,stage4/results/torch-thesis-all-coverage/execution_results/torch.masked.softmax.results.json,python3 -m stage4.stage4_worker --init-path json2init/results/torch/torch.masked.softmax.init.json --results-json stage4/results/torch-thesis-all-coverage/repro/repro_torch.masked.softmax.init.json --mutation-budget 32 --seed 1374,4068d1911797f327,0,2026-05-12T11:04:00Z,
bug-7de2d3bb38b8624b,torch.masked.softmin,differential_mismatch,candidate_implementation_bug,mutation,candidate,torch,2.11.0,stage4/results/torch-thesis-all-coverage/execution_results/torch.masked.softmin.results.json,python3 -m stage4.stage4_worker --init-path json2init/results/torch/torch.masked.softmin.init.json --results-json stage4/results/torch-thesis-all-coverage/repro/repro_torch.masked.softmin.init.json --mutation-budget 32 --seed 1375,7de2d3bb38b8624b,0,2026-05-12T11:04:00Z,
bug-d30b955a77e80c5a,torch.storage.np.asfortranarray,differential_mismatch,candidate_implementation_bug,base_execution,candidate,torch,2.11.0,stage4/results/torch-thesis-all-coverage/execution_results/torch.storage.np.asfortranarray.results.json,python3 -m stage4.stage4_worker --init-path json2init/results/torch/torch.storage.np.asfortranarray.init.json --results-json stage4/results/torch-thesis-all-coverage/repro/repro_torch.storage.np.asfortranarray.init.json --mutation-budget 32 --seed 1383,d30b955a77e80c5a,0,2026-05-12T11:04:00Z,
bug-9581d43434900f67,torch.storage.np.broadcast_to,differential_mismatch,candidate_implementation_bug,base_execution,candidate,torch,2.11.0,stage4/results/torch-thesis-all-coverage/execution_results/torch.storage.np.broadcast_to.results.json,python3 -m stage4.stage4_worker --init-path json2init/results/torch/torch.storage.np.broadcast_to.init.json --results-json stage4/results/torch-thesis-all-coverage/repro/repro_torch.storage.np.broadcast_to.init.json --mutation-budget 32 --seed 1386,9581d43434900f67,0,2026-05-12T11:04:00Z,
bug-f1c7b77af42bba45,torch.storage.np.clip,differential_mismatch,candidate_implementation_bug,base_execution,candidate,torch,2.11.0,stage4/results/torch-thesis-all-coverage/execution_results/torch.storage.np.clip.results.json,python3 -m stage4.stage4_worker --init-path json2init/results/torch/torch.storage.np.clip.init.json --results-json stage4/results/torch-thesis-all-coverage/repro/repro_torch.storage.np.clip.init.json --mutation-budget 32 --seed 1387,f1c7b77af42bba45,0,2026-05-12T11:04:00Z,
bug-d31fe1ef94a593af,torch.storage.np.compress,differential_mismatch,candidate_implementation_bug,base_execution,candidate,torch,2.11.0,stage4/results/torch-thesis-all-coverage/execution_results/torch.storage.np.compress.results.json,python3 -m stage4.stage4_worker --init-path json2init/results/torch/torch.storage.np.compress.init.json --results-json stage4/results/torch-thesis-all-coverage/repro/repro_torch.storage.np.compress.init.json --mutation-budget 32 --seed 1389,d31fe1ef94a593af,0,2026-05-12T11:04:00Z,
bug-3231c1ab43b3b0d7,torch.storage.np.core.fromnumeric.cumprod,differential_mismatch,candidate_implementation_bug,base_execution,candidate,torch,2.11.0,stage4/results/torch-thesis-all-coverage/execution_results/torch.storage.np.core.fromnumeric.cumprod.results.json,python3 -m stage4.stage4_worker --init-path json2init/results/torch/torch.storage.np.core.fromnumeric.cumprod.init.json --results-json stage4/results/torch-thesis-all-coverage/repro/repro_torch.storage.np.core.fromnumeric.cumprod.init.json --mutation-budget 32 --seed 1396,3231c1ab43b3b0d7,0,2026-05-12T11:04:00Z,
bug-2eba568222b93877,torch.storage.np.core.fromnumeric.partition,differential_mismatch,candidate_implementation_bug,base_execution,candidate,torch,2.11.0,stage4/results/torch-thesis-all-coverage/execution_results/torch.storage.np.core.fromnumeric.partition.results.json,python3 -m stage4.stage4_worker --init-path json2init/results/torch/torch.storage.np.core.fromnumeric.partition.init.json --results-json stage4/results/torch-thesis-all-coverage/repro/repro_torch.storage.np.core.fromnumeric.partition.init.json --mutation-budget 32 --seed 1399,2eba568222b93877,0,2026-05-12T11:04:00Z,
bug-48a095e9c38f2c1e,torch.storage.np.core.fromnumeric.sort,differential_mismatch,candidate_implementation_bug,base_execution,candidate,torch,2.11.0,stage4/results/torch-thesis-all-coverage/execution_results/torch.storage.np.core.fromnumeric.sort.results.json,python3 -m stage4.stage4_worker --init-path json2init/results/torch/torch.storage.np.core.fromnumeric.sort.init.json --results-json stage4/results/torch-thesis-all-coverage/repro/repro_torch.storage.np.core.fromnumeric.sort.init.json --mutation-budget 32 --seed 1401,48a095e9c38f2c1e,0,2026-05-12T11:04:00Z,
bug-7c27b861428def72,torch.storage.np.core.fromnumeric.transpose,differential_mismatch,candidate_implementation_bug,base_execution,candidate,torch,2.11.0,stage4/results/torch-thesis-all-coverage/execution_results/torch.storage.np.core.fromnumeric.transpose.results.json,python3 -m stage4.stage4_worker --init-path json2init/results/torch/torch.storage.np.core.fromnumeric.transpose.init.json --results-json stage4/results/torch-thesis-all-coverage/repro/repro_torch.storage.np.core.fromnumeric.transpose.init.json --mutation-budget 32 --seed 1402,7c27b861428def72,0,2026-05-12T11:04:00Z,
bug-d5ab2223a6bb1e97,torch.storage.np.core.multiarray.asfortranarray,differential_mismatch,candidate_implementation_bug,base_execution,candidate,torch,2.11.0,stage4/results/torch-thesis-all-coverage/execution_results/torch.storage.np.core.multiarray.asfortranarray.results.json,python3 -m stage4.stage4_worker --init-path json2init/results/torch/torch.storage.np.core.multiarray.asfortranarray.init.json --results-json stage4/results/torch-thesis-all-coverage/repro/repro_torch.storage.np.core.multiarray.asfortranarray.init.json --mutation-budget 32 --seed 1407,d5ab2223a6bb1e97,0,2026-05-12T11:04:00Z,
bug-b05f240f47c1e46e,torch.storage.np.core.multiarray.empty_like,differential_mismatch,candidate_implementation_bug,base_execution,candidate,torch,2.11.0,stage4/results/torch-thesis-all-coverage/execution_results/torch.storage.np.core.multiarray.empty_like.results.json,python3 -m stage4.stage4_worker --init-path json2init/results/torch/torch.storage.np.core.multiarray.empty_like.init.json --results-json stage4/results/torch-thesis-all-coverage/repro/repro_torch.storage.np.core.multiarray.empty_like.init.json --mutation-budget 32 --seed 1409,b05f240f47c1e46e,0,2026-05-12T11:04:00Z,
bug-d385c653d94e48bc,torch.storage.np.core.numeric.asfortranarray,differential_mismatch,candidate_implementation_bug,base_execution,candidate,torch,2.11.0,stage4/results/torch-thesis-all-coverage/execution_results/torch.storage.np.core.numeric.asfortranarray.results.json,python3 -m stage4.stage4_worker --init-path json2init/results/torch/torch.storage.np.core.numeric.asfortranarray.init.json --results-json stage4/results/torch-thesis-all-coverage/repro/repro_torch.storage.np.core.numeric.asfortranarray.init.json --mutation-budget 32 --seed 1412,d385c653d94e48bc,0,2026-05-12T11:04:00Z,
bug-eb51403765c61eb1,torch.storage.np.core.numeric.clip,differential_mismatch,candidate_implementation_bug,base_execution,candidate,torch,2.11.0,stage4/results/torch-thesis-all-coverage/execution_results/torch.storage.np.core.numeric.clip.results.json,python3 -m stage4.stage4_worker --init-path json2init/results/torch/torch.storage.np.core.numeric.clip.init.json --results-json stage4/results/torch-thesis-all-coverage/repro/repro_torch.storage.np.core.numeric.clip.init.json --mutation-budget 32 --seed 1414,eb51403765c61eb1,0,2026-05-12T11:04:00Z,
bug-ca35fe2ebd0e0094,torch.storage.np.core.numeric.compress,differential_mismatch,candidate_implementation_bug,base_execution,candidate,torch,2.11.0,stage4/results/torch-thesis-all-coverage/execution_results/torch.storage.np.core.numeric.compress.results.json,python3 -m stage4.stage4_worker --init-path json2init/results/torch/torch.storage.np.core.numeric.compress.init.json --results-json stage4/results/torch-thesis-all-coverage/repro/repro_torch.storage.np.core.numeric.compress.init.json --mutation-budget 32 --seed 1415,ca35fe2ebd0e0094,0,2026-05-12T11:04:00Z,
bug-0d00cbb9514b11f5,torch.storage.np.core.numeric.count_nonzero,differential_mismatch,candidate_implementation_bug,base_execution,candidate,torch,2.11.0,stage4/results/torch-thesis-all-coverage/execution_results/torch.storage.np.core.numeric.count_nonzero.results.json,python3 -m stage4.stage4_worker --init-path json2init/results/torch/torch.storage.np.core.numeric.count_nonzero.init.json --results-json stage4/results/torch-thesis-all-coverage/repro/repro_torch.storage.np.core.numeric.count_nonzero.init.json --mutation-budget 32 --seed 1416,0d00cbb9514b11f5,0,2026-05-12T11:04:00Z,
bug-48d838bb30bd9444,torch.storage.np.core.numeric.cumprod,differential_mismatch,candidate_implementation_bug,base_execution,candidate,torch,2.11.0,stage4/results/torch-thesis-all-coverage/execution_results/torch.storage.np.core.numeric.cumprod.results.json,python3 -m stage4.stage4_worker --init-path json2init/results/torch/torch.storage.np.core.numeric.cumprod.init.json --results-json stage4/results/torch-thesis-all-coverage/repro/repro_torch.storage.np.core.numeric.cumprod.init.json --mutation-budget 32 --seed 1417,48d838bb30bd9444,0,2026-05-12T11:04:00Z,
bug-3401faf6d508d733,torch.storage.np.core.numeric.empty_like,differential_mismatch,candidate_implementation_bug,base_execution,candidate,torch,2.11.0,stage4/results/torch-thesis-all-coverage/execution_results/torch.storage.np.core.numeric.empty_like.results.json,python3 -m stage4.stage4_worker --init-path json2init/results/torch/torch.storage.np.core.numeric.empty_like.init.json --results-json stage4/results/torch-thesis-all-coverage/repro/repro_torch.storage.np.core.numeric.empty_like.init.json --mutation-budget 32 --seed 1419,3401faf6d508d733,0,2026-05-12T11:04:00Z,
bug-48969862878bdec3,torch.storage.np.core.numeric.identity,crash_or_abort,candidate_implementation_bug,mutation,candidate,torch,2.11.0,stage4/results/torch-thesis-all-coverage/execution_results/torch.storage.np.core.numeric.identity.results.json,python3 -m stage4.stage4_worker --init-path json2init/results/torch/torch.storage.np.core.numeric.identity.init.json --results-json stage4/results/torch-thesis-all-coverage/repro/repro_torch.storage.np.core.numeric.identity.init.json --mutation-budget 32 --seed 1423,48969862878bdec3,-9,2026-05-12T11:04:00Z,
bug-e38658bcc9e459eb,torch.storage.np.core.numeric.ones_like,differential_mismatch,candidate_implementation_bug,base_execution,candidate,torch,2.11.0,stage4/results/torch-thesis-all-coverage/execution_results/torch.storage.np.core.numeric.ones_like.results.json,python3 -m stage4.stage4_worker --init-path json2init/results/torch/torch.storage.np.core.numeric.ones_like.init.json --results-json stage4/results/torch-thesis-all-coverage/repro/repro_torch.storage.np.core.numeric.ones_like.init.json --mutation-budget 32 --seed 1428,e38658bcc9e459eb,0,2026-05-12T11:04:00Z,
bug-6c91cdc9abfeb8a5,torch.storage.np.core.numeric.partition,differential_mismatch,candidate_implementation_bug,base_execution,candidate,torch,2.11.0,stage4/results/torch-thesis-all-coverage/execution_results/torch.storage.np.core.numeric.partition.results.json,python3 -m stage4.stage4_worker --init-path json2init/results/torch/torch.storage.np.core.numeric.partition.init.json --results-json stage4/results/torch-thesis-all-coverage/repro/repro_torch.storage.np.core.numeric.partition.init.json --mutation-budget 32 --seed 1429,6c91cdc9abfeb8a5,0,2026-05-12T11:04:00Z,
bug-c8383abde35dded9,torch.storage.np.core.numeric.roll,differential_mismatch,candidate_implementation_bug,base_execution,candidate,torch,2.11.0,stage4/results/torch-thesis-all-coverage/execution_results/torch.storage.np.core.numeric.roll.results.json,python3 -m stage4.stage4_worker --init-path json2init/results/torch/torch.storage.np.core.numeric.roll.init.json --results-json stage4/results/torch-thesis-all-coverage/repro/repro_torch.storage.np.core.numeric.roll.init.json --mutation-budget 32 --seed 1430,c8383abde35dded9,0,2026-05-12T11:04:00Z,
bug-4557243e3c319074,torch.storage.np.core.numeric.sort,differential_mismatch,candidate_implementation_bug,base_execution,candidate,torch,2.11.0,stage4/results/torch-thesis-all-coverage/execution_results/torch.storage.np.core.numeric.sort.results.json,python3 -m stage4.stage4_worker --init-path json2init/results/torch/torch.storage.np.core.numeric.sort.init.json --results-json stage4/results/torch-thesis-all-coverage/repro/repro_torch.storage.np.core.numeric.sort.init.json --mutation-budget 32 --seed 1432,4557243e3c319074,0,2026-05-12T11:04:00Z,
bug-3bb3cbba759780a0,torch.storage.np.core.numeric.transpose,differential_mismatch,candidate_implementation_bug,base_execution,candidate,torch,2.11.0,stage4/results/torch-thesis-all-coverage/execution_results/torch.storage.np.core.numeric.transpose.results.json,python3 -m stage4.stage4_worker --init-path json2init/results/torch/torch.storage.np.core.numeric.transpose.init.json --results-json stage4/results/torch-thesis-all-coverage/repro/repro_torch.storage.np.core.numeric.transpose.init.json --mutation-budget 32 --seed 1433,3bb3cbba759780a0,0,2026-05-12T11:04:00Z,
bug-17d411a44a5b1603,torch.storage.np.core.numeric.zeros_like,differential_mismatch,candidate_implementation_bug,base_execution,candidate,torch,2.11.0,stage4/results/torch-thesis-all-coverage/execution_results/torch.storage.np.core.numeric.zeros_like.results.json,python3 -m stage4.stage4_worker --init-path json2init/results/torch/torch.storage.np.core.numeric.zeros_like.init.json --results-json stage4/results/torch-thesis-all-coverage/repro/repro_torch.storage.np.core.numeric.zeros_like.init.json --mutation-budget 32 --seed 1435,17d411a44a5b1603,0,2026-05-12T11:04:00Z,
bug-bba9d9134f18e6d1,torch.storage.np.core.records.fromarrays,differential_mismatch,candidate_implementation_bug,base_execution,candidate,torch,2.11.0,stage4/results/torch-thesis-all-coverage/execution_results/torch.storage.np.core.records.fromarrays.results.json,python3 -m stage4.stage4_worker --init-path json2init/results/torch/torch.storage.np.core.records.fromarrays.init.json --results-json stage4/results/torch-thesis-all-coverage/repro/repro_torch.storage.np.core.records.fromarrays.init.json --mutation-budget 32 --seed 1437,bba9d9134f18e6d1,0,2026-05-12T11:04:00Z,
bug-725c59bfc294b21b,torch.storage.np.core.shape_base.hstack,differential_mismatch,candidate_implementation_bug,base_execution,candidate,torch,2.11.0,stage4/results/torch-thesis-all-coverage/execution_results/torch.storage.np.core.shape_base.hstack.results.json,python3 -m stage4.stage4_worker --init-path json2init/results/torch/torch.storage.np.core.shape_base.hstack.init.json --results-json stage4/results/torch-thesis-all-coverage/repro/repro_torch.storage.np.core.shape_base.hstack.init.json --mutation-budget 32 --seed 1441,725c59bfc294b21b,0,2026-05-12T11:04:00Z,
bug-9e229efc74ebd8dc,torch.storage.np.core.shape_base.stack,differential_mismatch,candidate_implementation_bug,base_execution,candidate,torch,2.11.0,stage4/results/torch-thesis-all-coverage/execution_results/torch.storage.np.core.shape_base.stack.results.json,python3 -m stage4.stage4_worker --init-path json2init/results/torch/torch.storage.np.core.shape_base.stack.init.json --results-json stage4/results/torch-thesis-all-coverage/repro/repro_torch.storage.np.core.shape_base.stack.init.json --mutation-budget 32 --seed 1442,9e229efc74ebd8dc,0,2026-05-12T11:04:00Z,
bug-45dd7160d7556bbc,torch.storage.np.core.shape_base.vstack,differential_mismatch,candidate_implementation_bug,base_execution,candidate,torch,2.11.0,stage4/results/torch-thesis-all-coverage/execution_results/torch.storage.np.core.shape_base.vstack.results.json,python3 -m stage4.stage4_worker --init-path json2init/results/torch/torch.storage.np.core.shape_base.vstack.init.json --results-json stage4/results/torch-thesis-all-coverage/repro/repro_torch.storage.np.core.shape_base.vstack.init.json --mutation-budget 32 --seed 1443,45dd7160d7556bbc,0,2026-05-12T11:04:00Z,
bug-de6e9cf3f51a4cdd,torch.storage.np.core.umath.asfortranarray,differential_mismatch,candidate_implementation_bug,base_execution,candidate,torch,2.11.0,stage4/results/torch-thesis-all-coverage/execution_results/torch.storage.np.core.umath.asfortranarray.results.json,python3 -m stage4.stage4_worker --init-path json2init/results/torch/torch.storage.np.core.umath.asfortranarray.init.json --results-json stage4/results/torch-thesis-all-coverage/repro/repro_torch.storage.np.core.umath.asfortranarray.init.json --mutation-budget 32 --seed 1445,de6e9cf3f51a4cdd,0,2026-05-12T11:04:00Z,
bug-1ceef091c26eee8f,torch.storage.np.core.umath.empty_like,differential_mismatch,candidate_implementation_bug,base_execution,candidate,torch,2.11.0,stage4/results/torch-thesis-all-coverage/execution_results/torch.storage.np.core.umath.empty_like.results.json,python3 -m stage4.stage4_worker --init-path json2init/results/torch/torch.storage.np.core.umath.empty_like.init.json --results-json stage4/results/torch-thesis-all-coverage/repro/repro_torch.storage.np.core.umath.empty_like.init.json --mutation-budget 32 --seed 1447,1ceef091c26eee8f,0,2026-05-12T11:04:00Z,
bug-69ea870e6f64cb63,torch.storage.np.corrcoef,differential_mismatch,candidate_implementation_bug,base_execution,candidate,torch,2.11.0,stage4/results/torch-thesis-all-coverage/execution_results/torch.storage.np.corrcoef.results.json,python3 -m stage4.stage4_worker --init-path json2init/results/torch/torch.storage.np.corrcoef.init.json --results-json stage4/results/torch-thesis-all-coverage/repro/repro_torch.storage.np.corrcoef.init.json --mutation-budget 32 --seed 1449,69ea870e6f64cb63,0,2026-05-12T11:04:00Z,
bug-0a50e708d9e002c2,torch.storage.np.count_nonzero,differential_mismatch,candidate_implementation_bug,base_execution,candidate,torch,2.11.0,stage4/results/torch-thesis-all-coverage/execution_results/torch.storage.np.count_nonzero.results.json,python3 -m stage4.stage4_worker --init-path json2init/results/torch/torch.storage.np.count_nonzero.init.json --results-json stage4/results/torch-thesis-all-coverage/repro/repro_torch.storage.np.count_nonzero.init.json --mutation-budget 32 --seed 1450,0a50e708d9e002c2,0,2026-05-12T11:04:00Z,
bug-2bbccf1f1aadc98e,torch.storage.np.cov,differential_mismatch,candidate_implementation_bug,base_execution,candidate,torch,2.11.0,stage4/results/torch-thesis-all-coverage/execution_results/torch.storage.np.cov.results.json,python3 -m stage4.stage4_worker --init-path json2init/results/torch/torch.storage.np.cov.init.json --results-json stage4/results/torch-thesis-all-coverage/repro/repro_torch.storage.np.cov.init.json --mutation-budget 32 --seed 1451,2bbccf1f1aadc98e,0,2026-05-12T11:04:00Z,
bug-d1a2d854eca51e29,torch.storage.np.cumprod,differential_mismatch,candidate_implementation_bug,base_execution,candidate,torch,2.11.0,stage4/results/torch-thesis-all-coverage/execution_results/torch.storage.np.cumprod.results.json,python3 -m stage4.stage4_worker --init-path json2init/results/torch/torch.storage.np.cumprod.init.json --results-json stage4/results/torch-thesis-all-coverage/repro/repro_torch.storage.np.cumprod.init.json --mutation-budget 32 --seed 1453,d1a2d854eca51e29,0,2026-05-12T11:04:00Z,
bug-5dc3e2f48c4e3b7b,torch.storage.np.diff,differential_mismatch,candidate_implementation_bug,base_execution,candidate,torch,2.11.0,stage4/results/torch-thesis-all-coverage/execution_results/torch.storage.np.diff.results.json,python3 -m stage4.stage4_worker --init-path json2init/results/torch/torch.storage.np.diff.init.json --results-json stage4/results/torch-thesis-all-coverage/repro/repro_torch.storage.np.diff.init.json --mutation-budget 32 --seed 1454,5dc3e2f48c4e3b7b,0,2026-05-12T11:04:00Z,
bug-3f42404f3d0b6ab3,torch.storage.np.digitize,differential_mismatch,candidate_implementation_bug,base_execution,candidate,torch,2.11.0,stage4/results/torch-thesis-all-coverage/execution_results/torch.storage.np.digitize.results.json,python3 -m stage4.stage4_worker --init-path json2init/results/torch/torch.storage.np.digitize.init.json --results-json stage4/results/torch-thesis-all-coverage/repro/repro_torch.storage.np.digitize.init.json --mutation-budget 32 --seed 1455,3f42404f3d0b6ab3,0,2026-05-12T11:04:00Z,
bug-6737ec1f23d7ed8e,torch.storage.np.empty_like,differential_mismatch,candidate_implementation_bug,base_execution,candidate,torch,2.11.0,stage4/results/torch-thesis-all-coverage/execution_results/torch.storage.np.empty_like.results.json,python3 -m stage4.stage4_worker --init-path json2init/results/torch/torch.storage.np.empty_like.init.json --results-json stage4/results/torch-thesis-all-coverage/repro/repro_torch.storage.np.empty_like.init.json --mutation-budget 32 --seed 1458,6737ec1f23d7ed8e,0,2026-05-12T11:04:00Z,
bug-db7a1fc85891c023,torch.storage.np.expand_dims,differential_mismatch,candidate_implementation_bug,base_execution,candidate,torch,2.11.0,stage4/results/torch-thesis-all-coverage/execution_results/torch.storage.np.expand_dims.results.json,python3 -m stage4.stage4_worker --init-path json2init/results/torch/torch.storage.np.expand_dims.init.json --results-json stage4/results/torch-thesis-all-coverage/repro/repro_torch.storage.np.expand_dims.init.json --mutation-budget 32 --seed 1459,db7a1fc85891c023,0,2026-05-12T11:04:00Z,
bug-7152d22c2f0f797a,torch.storage.np.extract,differential_mismatch,candidate_implementation_bug,base_execution,candidate,torch,2.11.0,stage4/results/torch-thesis-all-coverage/execution_results/torch.storage.np.extract.results.json,python3 -m stage4.stage4_worker --init-path json2init/results/torch/torch.storage.np.extract.init.json --results-json stage4/results/torch-thesis-all-coverage/repro/repro_torch.storage.np.extract.init.json --mutation-budget 32 --seed 1460,7152d22c2f0f797a,0,2026-05-12T11:04:00Z,
bug-5474c359b41e1323,torch.storage.np.fft.fftn,differential_mismatch,candidate_implementation_bug,base_execution,candidate,torch,2.11.0,stage4/results/torch-thesis-all-coverage/execution_results/torch.storage.np.fft.fftn.results.json,python3 -m stage4.stage4_worker --init-path json2init/results/torch/torch.storage.np.fft.fftn.init.json --results-json stage4/results/torch-thesis-all-coverage/repro/repro_torch.storage.np.fft.fftn.init.json --mutation-budget 32 --seed 1462,5474c359b41e1323,0,2026-05-12T11:04:00Z,
bug-a262336c1f40584b,torch.storage.np.fft.ifftn,differential_mismatch,candidate_implementation_bug,base_execution,candidate,torch,2.11.0,stage4/results/torch-thesis-all-coverage/execution_results/torch.storage.np.fft.ifftn.results.json,python3 -m stage4.stage4_worker --init-path json2init/results/torch/torch.storage.np.fft.ifftn.init.json --results-json stage4/results/torch-thesis-all-coverage/repro/repro_torch.storage.np.fft.ifftn.init.json --mutation-budget 32 --seed 1464,a262336c1f40584b,0,2026-05-12T11:04:00Z,
bug-175950404ca338ad,torch.storage.np.fft.ifftshift,differential_mismatch,candidate_implementation_bug,base_execution,candidate,torch,2.11.0,stage4/results/torch-thesis-all-coverage/execution_results/torch.storage.np.fft.ifftshift.results.json,python3 -m stage4.stage4_worker --init-path json2init/results/torch/torch.storage.np.fft.ifftshift.init.json --results-json stage4/results/torch-thesis-all-coverage/repro/repro_torch.storage.np.fft.ifftshift.init.json --mutation-budget 32 --seed 1465,175950404ca338ad,0,2026-05-12T11:04:00Z,
bug-12dd3872f64e6294,torch.storage.np.histogram_bin_edges,differential_mismatch,candidate_implementation_bug,base_execution,candidate,torch,2.11.0,stage4/results/torch-thesis-all-coverage/execution_results/torch.storage.np.histogram_bin_edges.results.json,python3 -m stage4.stage4_worker --init-path json2init/results/torch/torch.storage.np.histogram_bin_edges.init.json --results-json stage4/results/torch-thesis-all-coverage/repro/repro_torch.storage.np.histogram_bin_edges.init.json --mutation-budget 32 --seed 1473,12dd3872f64e6294,0,2026-05-12T11:04:00Z,
bug-4157f35ebd37e4ed,torch.storage.np.histogramdd,differential_mismatch,candidate_implementation_bug,base_execution,candidate,torch,2.11.0,stage4/results/torch-thesis-all-coverage/execution_results/torch.storage.np.histogramdd.results.json,python3 -m stage4.stage4_worker --init-path json2init/results/torch/torch.storage.np.histogramdd.init.json --results-json stage4/results/torch-thesis-all-coverage/repro/repro_torch.storage.np.histogramdd.init.json --mutation-budget 32 --seed 1474,4157f35ebd37e4ed,0,2026-05-12T11:04:00Z,
bug-46ad429bd4b918e7,torch.storage.np.hstack,differential_mismatch,candidate_implementation_bug,base_execution,candidate,torch,2.11.0,stage4/results/torch-thesis-all-coverage/execution_results/torch.storage.np.hstack.results.json,python3 -m stage4.stage4_worker --init-path json2init/results/torch/torch.storage.np.hstack.init.json --results-json stage4/results/torch-thesis-all-coverage/repro/repro_torch.storage.np.hstack.init.json --mutation-budget 32 --seed 1475,46ad429bd4b918e7,0,2026-05-12T11:04:00Z,
bug-3eb2e1cad838191c,torch.storage.np.iscomplex,differential_mismatch,candidate_implementation_bug,base_execution,candidate,torch,2.11.0,stage4/results/torch-thesis-all-coverage/execution_results/torch.storage.np.iscomplex.results.json,python3 -m stage4.stage4_worker --init-path json2init/results/torch/torch.storage.np.iscomplex.init.json --results-json stage4/results/torch-thesis-all-coverage/repro/repro_torch.storage.np.iscomplex.init.json --mutation-budget 32 --seed 1477,3eb2e1cad838191c,0,2026-05-12T11:04:00Z,
bug-af38c2c09c2d4c8b,torch.storage.np.isneginf,differential_mismatch,candidate_implementation_bug,base_execution,candidate,torch,2.11.0,stage4/results/torch-thesis-all-coverage/execution_results/torch.storage.np.isneginf.results.json,python3 -m stage4.stage4_worker --init-path json2init/results/torch/torch.storage.np.isneginf.init.json --results-json stage4/results/torch-thesis-all-coverage/repro/repro_torch.storage.np.isneginf.init.json --mutation-budget 32 --seed 1480,af38c2c09c2d4c8b,0,2026-05-12T11:04:00Z,
bug-eb1d581dc7eeff33,torch.storage.np.isposinf,differential_mismatch,candidate_implementation_bug,base_execution,candidate,torch,2.11.0,stage4/results/torch-thesis-all-coverage/execution_results/torch.storage.np.isposinf.results.json,python3 -m stage4.stage4_worker --init-path json2init/results/torch/torch.storage.np.isposinf.init.json --results-json stage4/results/torch-thesis-all-coverage/repro/repro_torch.storage.np.isposinf.init.json --mutation-budget 32 --seed 1481,eb1d581dc7eeff33,0,2026-05-12T11:04:00Z,
bug-57522d1f3b3f397c,torch.storage.np.lib.stride_tricks.as_strided,differential_mismatch,candidate_implementation_bug,base_execution,candidate,torch,2.11.0,stage4/results/torch-thesis-all-coverage/execution_results/torch.storage.np.lib.stride_tricks.as_strided.results.json,python3 -m stage4.stage4_worker --init-path json2init/results/torch/torch.storage.np.lib.stride_tricks.as_strided.init.json --results-json stage4/results/torch-thesis-all-coverage/repro/repro_torch.storage.np.lib.stride_tricks.as_strided.init.json --mutation-budget 32 --seed 1485,57522d1f3b3f397c,0,2026-05-12T11:04:00Z,
bug-2d9461cea18f1bdb,torch.storage.np.linalg.eig,differential_mismatch,candidate_implementation_bug,base_execution,candidate,torch,2.11.0,stage4/results/torch-thesis-all-coverage/execution_results/torch.storage.np.linalg.eig.results.json,python3 -m stage4.stage4_worker --init-path json2init/results/torch/torch.storage.np.linalg.eig.init.json --results-json stage4/results/torch-thesis-all-coverage/repro/repro_torch.storage.np.linalg.eig.init.json --mutation-budget 32 --seed 1486,2d9461cea18f1bdb,0,2026-05-12T11:04:00Z,
bug-6cd6a94744a4dd5c,torch.storage.np.linalg.eig,unexpected_exception_on_valid_input,candidate_implementation_bug,mutation,candidate,torch,2.11.0,stage4/results/torch-thesis-all-coverage/execution_results/torch.storage.np.linalg.eig.results.json,python3 -m stage4.stage4_worker --init-path json2init/results/torch/torch.storage.np.linalg.eig.init.json --results-json stage4/results/torch-thesis-all-coverage/repro/repro_torch.storage.np.linalg.eig.init.json --mutation-budget 32 --seed 1486,6cd6a94744a4dd5c,0,2026-05-12T11:04:00Z,
bug-f4f2cb4c25b6ad69,torch.storage.np.linalg.norm,differential_mismatch,candidate_implementation_bug,base_execution,candidate,torch,2.11.0,stage4/results/torch-thesis-all-coverage/execution_results/torch.storage.np.linalg.norm.results.json,python3 -m stage4.stage4_worker --init-path json2init/results/torch/torch.storage.np.linalg.norm.init.json --results-json stage4/results/torch-thesis-all-coverage/repro/repro_torch.storage.np.linalg.norm.init.json --mutation-budget 32 --seed 1487,f4f2cb4c25b6ad69,0,2026-05-12T11:04:00Z,
bug-9fbbd296cbcc96ca,torch.storage.np.ma.asarray,differential_mismatch,candidate_implementation_bug,base_execution,candidate,torch,2.11.0,stage4/results/torch-thesis-all-coverage/execution_results/torch.storage.np.ma.asarray.results.json,python3 -m stage4.stage4_worker --init-path json2init/results/torch/torch.storage.np.ma.asarray.init.json --results-json stage4/results/torch-thesis-all-coverage/repro/repro_torch.storage.np.ma.asarray.init.json --mutation-budget 32 --seed 1489,9fbbd296cbcc96ca,0,2026-05-12T11:04:00Z,
bug-99ea5fa3894722d3,torch.storage.np.ma.clump_unmasked,differential_mismatch,candidate_implementation_bug,base_execution,candidate,torch,2.11.0,stage4/results/torch-thesis-all-coverage/execution_results/torch.storage.np.ma.clump_unmasked.results.json,python3 -m stage4.stage4_worker --init-path json2init/results/torch/torch.storage.np.ma.clump_unmasked.init.json --results-json stage4/results/torch-thesis-all-coverage/repro/repro_torch.storage.np.ma.clump_unmasked.init.json --mutation-budget 32 --seed 1491,99ea5fa3894722d3,0,2026-05-12T11:04:00Z,
bug-2f2a04999ea0d55a,torch.storage.np.ma.clump_unmasked,differential_mismatch,candidate_implementation_bug,mutation,candidate,torch,2.11.0,stage4/results/torch-thesis-all-coverage/execution_results/torch.storage.np.ma.clump_unmasked.results.json,python3 -m stage4.stage4_worker --init-path json2init/results/torch/torch.storage.np.ma.clump_unmasked.init.json --results-json stage4/results/torch-thesis-all-coverage/repro/repro_torch.storage.np.ma.clump_unmasked.init.json --mutation-budget 32 --seed 1491,2f2a04999ea0d55a,0,2026-05-12T11:04:00Z,
bug-3c6f001cb5c0341e,torch.storage.np.ma.clump_unmasked,differential_mismatch,candidate_implementation_bug,mutation,candidate,torch,2.11.0,stage4/results/torch-thesis-all-coverage/execution_results/torch.storage.np.ma.clump_unmasked.results.json,python3 -m stage4.stage4_worker --init-path json2init/results/torch/torch.storage.np.ma.clump_unmasked.init.json --results-json stage4/results/torch-thesis-all-coverage/repro/repro_torch.storage.np.ma.clump_unmasked.init.json --mutation-budget 32 --seed 1491,3c6f001cb5c0341e,0,2026-05-12T11:04:00Z,
bug-43def7dc4715f0a8,torch.storage.np.ma.clump_unmasked,differential_mismatch,candidate_implementation_bug,mutation,candidate,torch,2.11.0,stage4/results/torch-thesis-all-coverage/execution_results/torch.storage.np.ma.clump_unmasked.results.json,python3 -m stage4.stage4_worker --init-path json2init/results/torch/torch.storage.np.ma.clump_unmasked.init.json --results-json stage4/results/torch-thesis-all-coverage/repro/repro_torch.storage.np.ma.clump_unmasked.init.json --mutation-budget 32 --seed 1491,43def7dc4715f0a8,0,2026-05-12T11:04:00Z,
bug-d54092b2451883ed,torch.storage.np.ma.clump_unmasked,differential_mismatch,candidate_implementation_bug,mutation,candidate,torch,2.11.0,stage4/results/torch-thesis-all-coverage/execution_results/torch.storage.np.ma.clump_unmasked.results.json,python3 -m stage4.stage4_worker --init-path json2init/results/torch/torch.storage.np.ma.clump_unmasked.init.json --results-json stage4/results/torch-thesis-all-coverage/repro/repro_torch.storage.np.ma.clump_unmasked.init.json --mutation-budget 32 --seed 1491,d54092b2451883ed,0,2026-05-12T11:04:00Z,
bug-cb384659638bc26c,torch.storage.np.ma.clump_unmasked,differential_mismatch,candidate_implementation_bug,mutation,candidate,torch,2.11.0,stage4/results/torch-thesis-all-coverage/execution_results/torch.storage.np.ma.clump_unmasked.results.json,python3 -m stage4.stage4_worker --init-path json2init/results/torch/torch.storage.np.ma.clump_unmasked.init.json --results-json stage4/results/torch-thesis-all-coverage/repro/repro_torch.storage.np.ma.clump_unmasked.init.json --mutation-budget 32 --seed 1491,cb384659638bc26c,0,2026-05-12T11:04:00Z,
bug-6547451902ef88ab,torch.storage.np.ma.clump_unmasked,differential_mismatch,candidate_implementation_bug,mutation,candidate,torch,2.11.0,stage4/results/torch-thesis-all-coverage/execution_results/torch.storage.np.ma.clump_unmasked.results.json,python3 -m stage4.stage4_worker --init-path json2init/results/torch/torch.storage.np.ma.clump_unmasked.init.json --results-json stage4/results/torch-thesis-all-coverage/repro/repro_torch.storage.np.ma.clump_unmasked.init.json --mutation-budget 32 --seed 1491,6547451902ef88ab,0,2026-05-12T11:04:00Z,
bug-c15fddf822e12ff8,torch.storage.np.ma.clump_unmasked,differential_mismatch,candidate_implementation_bug,mutation,candidate,torch,2.11.0,stage4/results/torch-thesis-all-coverage/execution_results/torch.storage.np.ma.clump_unmasked.results.json,python3 -m stage4.stage4_worker --init-path json2init/results/torch/torch.storage.np.ma.clump_unmasked.init.json --results-json stage4/results/torch-thesis-all-coverage/repro/repro_torch.storage.np.ma.clump_unmasked.init.json --mutation-budget 32 --seed 1491,c15fddf822e12ff8,0,2026-05-12T11:04:00Z,
bug-bbc34598ab5c95de,torch.storage.np.ma.clump_unmasked,differential_mismatch,candidate_implementation_bug,mutation,candidate,torch,2.11.0,stage4/results/torch-thesis-all-coverage/execution_results/torch.storage.np.ma.clump_unmasked.results.json,python3 -m stage4.stage4_worker --init-path json2init/results/torch/torch.storage.np.ma.clump_unmasked.init.json --results-json stage4/results/torch-thesis-all-coverage/repro/repro_torch.storage.np.ma.clump_unmasked.init.json --mutation-budget 32 --seed 1491,bbc34598ab5c95de,0,2026-05-12T11:04:00Z,
bug-0eb07d76a87cfd17,torch.storage.np.ma.compress_nd,differential_mismatch,candidate_implementation_bug,base_execution,candidate,torch,2.11.0,stage4/results/torch-thesis-all-coverage/execution_results/torch.storage.np.ma.compress_nd.results.json,python3 -m stage4.stage4_worker --init-path json2init/results/torch/torch.storage.np.ma.compress_nd.init.json --results-json stage4/results/torch-thesis-all-coverage/repro/repro_torch.storage.np.ma.compress_nd.init.json --mutation-budget 32 --seed 1492,0eb07d76a87cfd17,0,2026-05-12T11:04:00Z,
bug-7a1974c5b3396a8a,torch.storage.np.ma.compress_rowcols,differential_mismatch,candidate_implementation_bug,base_execution,candidate,torch,2.11.0,stage4/results/torch-thesis-all-coverage/execution_results/torch.storage.np.ma.compress_rowcols.results.json,python3 -m stage4.stage4_worker --init-path json2init/results/torch/torch.storage.np.ma.compress_rowcols.init.json --results-json stage4/results/torch-thesis-all-coverage/repro/repro_torch.storage.np.ma.compress_rowcols.init.json --mutation-budget 32 --seed 1493,7a1974c5b3396a8a,0,2026-05-12T11:04:00Z,
bug-96c9739b91d47e3d,torch.storage.np.ma.core.asarray,differential_mismatch,candidate_implementation_bug,base_execution,candidate,torch,2.11.0,stage4/results/torch-thesis-all-coverage/execution_results/torch.storage.np.ma.core.asarray.results.json,python3 -m stage4.stage4_worker --init-path json2init/results/torch/torch.storage.np.ma.core.asarray.init.json --results-json stage4/results/torch-thesis-all-coverage/repro/repro_torch.storage.np.ma.core.asarray.init.json --mutation-budget 32 --seed 1494,96c9739b91d47e3d,0,2026-05-12T11:04:00Z,
bug-86112d8240b3befb,torch.storage.np.ma.core.empty_like,differential_mismatch,candidate_implementation_bug,base_execution,candidate,torch,2.11.0,stage4/results/torch-thesis-all-coverage/execution_results/torch.storage.np.ma.core.empty_like.results.json,python3 -m stage4.stage4_worker --init-path json2init/results/torch/torch.storage.np.ma.core.empty_like.init.json --results-json stage4/results/torch-thesis-all-coverage/repro/repro_torch.storage.np.ma.core.empty_like.init.json --mutation-budget 32 --seed 1497,86112d8240b3befb,0,2026-05-12T11:04:00Z,
bug-01d3396d6bc9c379,torch.storage.np.ma.core.expand_dims,differential_mismatch,candidate_implementation_bug,base_execution,candidate,torch,2.11.0,stage4/results/torch-thesis-all-coverage/execution_results/torch.storage.np.ma.core.expand_dims.results.json,python3 -m stage4.stage4_worker --init-path json2init/results/torch/torch.storage.np.ma.core.expand_dims.init.json --results-json stage4/results/torch-thesis-all-coverage/repro/repro_torch.storage.np.ma.core.expand_dims.init.json --mutation-budget 32 --seed 1498,01d3396d6bc9c379,0,2026-05-12T11:04:00Z,
bug-0aa2d3347cad7378,torch.storage.np.ma.core.fix_invalid,differential_mismatch,candidate_implementation_bug,base_execution,candidate,torch,2.11.0,stage4/results/torch-thesis-all-coverage/execution_results/torch.storage.np.ma.core.fix_invalid.results.json,python3 -m stage4.stage4_worker --init-path json2init/results/torch/torch.storage.np.ma.core.fix_invalid.init.json --results-json stage4/results/torch-thesis-all-coverage/repro/repro_torch.storage.np.ma.core.fix_invalid.init.json --mutation-budget 32 --seed 1499,0aa2d3347cad7378,0,2026-05-12T11:04:00Z,
bug-85c6c207a2a18db9,torch.storage.np.ma.core.identity,crash_or_abort,candidate_implementation_bug,mutation,candidate,torch,2.11.0,stage4/results/torch-thesis-all-coverage/execution_results/torch.storage.np.ma.core.identity.results.json,python3 -m stage4.stage4_worker --init-path json2init/results/torch/torch.storage.np.ma.core.identity.init.json --results-json stage4/results/torch-thesis-all-coverage/repro/repro_torch.storage.np.ma.core.identity.init.json --mutation-budget 32 --seed 1500,85c6c207a2a18db9,-9,2026-05-12T11:04:00Z,
bug-74c41553fc39dca4,torch.storage.np.ma.core.ones_like,differential_mismatch,candidate_implementation_bug,base_execution,candidate,torch,2.11.0,stage4/results/torch-thesis-all-coverage/execution_results/torch.storage.np.ma.core.ones_like.results.json,python3 -m stage4.stage4_worker --init-path json2init/results/torch/torch.storage.np.ma.core.ones_like.init.json --results-json stage4/results/torch-thesis-all-coverage/repro/repro_torch.storage.np.ma.core.ones_like.init.json --mutation-budget 32 --seed 1508,74c41553fc39dca4,0,2026-05-12T11:04:00Z,
bug-4b412f95efa0d5e8,torch.storage.np.ma.core.zeros_like,differential_mismatch,candidate_implementation_bug,base_execution,candidate,torch,2.11.0,stage4/results/torch-thesis-all-coverage/execution_results/torch.storage.np.ma.core.zeros_like.results.json,python3 -m stage4.stage4_worker --init-path json2init/results/torch/torch.storage.np.ma.core.zeros_like.init.json --results-json stage4/results/torch-thesis-all-coverage/repro/repro_torch.storage.np.ma.core.zeros_like.init.json --mutation-budget 32 --seed 1510,4b412f95efa0d5e8,0,2026-05-12T11:04:00Z,
bug-cf930acee0a6b84f,torch.storage.np.ma.empty_like,differential_mismatch,candidate_implementation_bug,base_execution,candidate,torch,2.11.0,stage4/results/torch-thesis-all-coverage/execution_results/torch.storage.np.ma.empty_like.results.json,python3 -m stage4.stage4_worker --init-path json2init/results/torch/torch.storage.np.ma.empty_like.init.json --results-json stage4/results/torch-thesis-all-coverage/repro/repro_torch.storage.np.ma.empty_like.init.json --mutation-budget 32 --seed 1513,cf930acee0a6b84f,0,2026-05-12T11:04:00Z,
bug-e45fc224bfc1f4df,torch.storage.np.ma.expand_dims,differential_mismatch,candidate_implementation_bug,base_execution,candidate,torch,2.11.0,stage4/results/torch-thesis-all-coverage/execution_results/torch.storage.np.ma.expand_dims.results.json,python3 -m stage4.stage4_worker --init-path json2init/results/torch/torch.storage.np.ma.expand_dims.init.json --results-json stage4/results/torch-thesis-all-coverage/repro/repro_torch.storage.np.ma.expand_dims.init.json --mutation-budget 32 --seed 1514,e45fc224bfc1f4df,0,2026-05-12T11:04:00Z,
bug-744f166eaf444ee4,torch.storage.np.ma.extras.asarray,differential_mismatch,candidate_implementation_bug,base_execution,candidate,torch,2.11.0,stage4/results/torch-thesis-all-coverage/execution_results/torch.storage.np.ma.extras.asarray.results.json,python3 -m stage4.stage4_worker --init-path json2init/results/torch/torch.storage.np.ma.extras.asarray.init.json --results-json stage4/results/torch-thesis-all-coverage/repro/repro_torch.storage.np.ma.extras.asarray.init.json --mutation-budget 32 --seed 1515,744f166eaf444ee4,0,2026-05-12T11:04:00Z,
bug-c2b6d2a89e8246f5,torch.storage.np.ma.extras.clump_unmasked,differential_mismatch,candidate_implementation_bug,base_execution,candidate,torch,2.11.0,stage4/results/torch-thesis-all-coverage/execution_results/torch.storage.np.ma.extras.clump_unmasked.results.json,python3 -m stage4.stage4_worker --init-path json2init/results/torch/torch.storage.np.ma.extras.clump_unmasked.init.json --results-json stage4/results/torch-thesis-all-coverage/repro/repro_torch.storage.np.ma.extras.clump_unmasked.init.json --mutation-budget 32 --seed 1517,c2b6d2a89e8246f5,0,2026-05-12T11:04:00Z,
bug-624518c6b8c4967b,torch.storage.np.ma.extras.clump_unmasked,differential_mismatch,candidate_implementation_bug,mutation,candidate,torch,2.11.0,stage4/results/torch-thesis-all-coverage/execution_results/torch.storage.np.ma.extras.clump_unmasked.results.json,python3 -m stage4.stage4_worker --init-path json2init/results/torch/torch.storage.np.ma.extras.clump_unmasked.init.json --results-json stage4/results/torch-thesis-all-coverage/repro/repro_torch.storage.np.ma.extras.clump_unmasked.init.json --mutation-budget 32 --seed 1517,624518c6b8c4967b,0,2026-05-12T11:04:00Z,
bug-5e2d88098bb99eec,torch.storage.np.ma.extras.clump_unmasked,differential_mismatch,candidate_implementation_bug,mutation,candidate,torch,2.11.0,stage4/results/torch-thesis-all-coverage/execution_results/torch.storage.np.ma.extras.clump_unmasked.results.json,python3 -m stage4.stage4_worker --init-path json2init/results/torch/torch.storage.np.ma.extras.clump_unmasked.init.json --results-json stage4/results/torch-thesis-all-coverage/repro/repro_torch.storage.np.ma.extras.clump_unmasked.init.json --mutation-budget 32 --seed 1517,5e2d88098bb99eec,0,2026-05-12T11:04:00Z,
bug-65dd64717b518520,torch.storage.np.ma.extras.clump_unmasked,differential_mismatch,candidate_implementation_bug,mutation,candidate,torch,2.11.0,stage4/results/torch-thesis-all-coverage/execution_results/torch.storage.np.ma.extras.clump_unmasked.results.json,python3 -m stage4.stage4_worker --init-path json2init/results/torch/torch.storage.np.ma.extras.clump_unmasked.init.json --results-json stage4/results/torch-thesis-all-coverage/repro/repro_torch.storage.np.ma.extras.clump_unmasked.init.json --mutation-budget 32 --seed 1517,65dd64717b518520,0,2026-05-12T11:04:00Z,
bug-205f0a0392cd6cd3,torch.storage.np.ma.extras.clump_unmasked,differential_mismatch,candidate_implementation_bug,mutation,candidate,torch,2.11.0,stage4/results/torch-thesis-all-coverage/execution_results/torch.storage.np.ma.extras.clump_unmasked.results.json,python3 -m stage4.stage4_worker --init-path json2init/results/torch/torch.storage.np.ma.extras.clump_unmasked.init.json --results-json stage4/results/torch-thesis-all-coverage/repro/repro_torch.storage.np.ma.extras.clump_unmasked.init.json --mutation-budget 32 --seed 1517,205f0a0392cd6cd3,0,2026-05-12T11:04:00Z,
bug-1068066e3ea972e6,torch.storage.np.ma.extras.clump_unmasked,differential_mismatch,candidate_implementation_bug,mutation,candidate,torch,2.11.0,stage4/results/torch-thesis-all-coverage/execution_results/torch.storage.np.ma.extras.clump_unmasked.results.json,python3 -m stage4.stage4_worker --init-path json2init/results/torch/torch.storage.np.ma.extras.clump_unmasked.init.json --results-json stage4/results/torch-thesis-all-coverage/repro/repro_torch.storage.np.ma.extras.clump_unmasked.init.json --mutation-budget 32 --seed 1517,1068066e3ea972e6,0,2026-05-12T11:04:00Z,
bug-7f4e8f281fcf8d3e,torch.storage.np.ma.extras.clump_unmasked,differential_mismatch,candidate_implementation_bug,mutation,candidate,torch,2.11.0,stage4/results/torch-thesis-all-coverage/execution_results/torch.storage.np.ma.extras.clump_unmasked.results.json,python3 -m stage4.stage4_worker --init-path json2init/results/torch/torch.storage.np.ma.extras.clump_unmasked.init.json --results-json stage4/results/torch-thesis-all-coverage/repro/repro_torch.storage.np.ma.extras.clump_unmasked.init.json --mutation-budget 32 --seed 1517,7f4e8f281fcf8d3e,0,2026-05-12T11:04:00Z,
bug-b37b774cc2e15ff2,torch.storage.np.ma.extras.clump_unmasked,differential_mismatch,candidate_implementation_bug,mutation,candidate,torch,2.11.0,stage4/results/torch-thesis-all-coverage/execution_results/torch.storage.np.ma.extras.clump_unmasked.results.json,python3 -m stage4.stage4_worker --init-path json2init/results/torch/torch.storage.np.ma.extras.clump_unmasked.init.json --results-json stage4/results/torch-thesis-all-coverage/repro/repro_torch.storage.np.ma.extras.clump_unmasked.init.json --mutation-budget 32 --seed 1517,b37b774cc2e15ff2,0,2026-05-12T11:04:00Z,
bug-f59fc2ae1342ac6e,torch.storage.np.ma.extras.clump_unmasked,differential_mismatch,candidate_implementation_bug,mutation,candidate,torch,2.11.0,stage4/results/torch-thesis-all-coverage/execution_results/torch.storage.np.ma.extras.clump_unmasked.results.json,python3 -m stage4.stage4_worker --init-path json2init/results/torch/torch.storage.np.ma.extras.clump_unmasked.init.json --results-json stage4/results/torch-thesis-all-coverage/repro/repro_torch.storage.np.ma.extras.clump_unmasked.init.json --mutation-budget 32 --seed 1517,f59fc2ae1342ac6e,0,2026-05-12T11:04:00Z,
bug-1483e8a57bdebef9,torch.storage.np.ma.extras.compress_nd,differential_mismatch,candidate_implementation_bug,base_execution,candidate,torch,2.11.0,stage4/results/torch-thesis-all-coverage/execution_results/torch.storage.np.ma.extras.compress_nd.results.json,python3 -m stage4.stage4_worker --init-path json2init/results/torch/torch.storage.np.ma.extras.compress_nd.init.json --results-json stage4/results/torch-thesis-all-coverage/repro/repro_torch.storage.np.ma.extras.compress_nd.init.json --mutation-budget 32 --seed 1518,1483e8a57bdebef9,0,2026-05-12T11:04:00Z,
bug-6c85c784c7cea5ae,torch.storage.np.ma.extras.compress_rowcols,differential_mismatch,candidate_implementation_bug,base_execution,candidate,torch,2.11.0,stage4/results/torch-thesis-all-coverage/execution_results/torch.storage.np.ma.extras.compress_rowcols.results.json,python3 -m stage4.stage4_worker --init-path json2init/results/torch/torch.storage.np.ma.extras.compress_rowcols.init.json --results-json stage4/results/torch-thesis-all-coverage/repro/repro_torch.storage.np.ma.extras.compress_rowcols.init.json --mutation-budget 32 --seed 1519,6c85c784c7cea5ae,0,2026-05-12T11:04:00Z,
bug-2314266919b337cf,torch.storage.np.ma.extras.flatnotmasked_contiguous,differential_mismatch,candidate_implementation_bug,base_execution,candidate,torch,2.11.0,stage4/results/torch-thesis-all-coverage/execution_results/torch.storage.np.ma.extras.flatnotmasked_contiguous.results.json,python3 -m stage4.stage4_worker --init-path json2init/results/torch/torch.storage.np.ma.extras.flatnotmasked_contiguous.init.json --results-json stage4/results/torch-thesis-all-coverage/repro/repro_torch.storage.np.ma.extras.flatnotmasked_contiguous.init.json --mutation-budget 32 --seed 1520,2314266919b337cf,0,2026-05-12T11:04:00Z,
bug-386291348c6e6813,torch.storage.np.ma.extras.flatnotmasked_contiguous,differential_mismatch,candidate_implementation_bug,mutation,candidate,torch,2.11.0,stage4/results/torch-thesis-all-coverage/execution_results/torch.storage.np.ma.extras.flatnotmasked_contiguous.results.json,python3 -m stage4.stage4_worker --init-path json2init/results/torch/torch.storage.np.ma.extras.flatnotmasked_contiguous.init.json --results-json stage4/results/torch-thesis-all-coverage/repro/repro_torch.storage.np.ma.extras.flatnotmasked_contiguous.init.json --mutation-budget 32 --seed 1520,386291348c6e6813,0,2026-05-12T11:04:00Z,
bug-6214c51e93db231c,torch.storage.np.ma.extras.flatnotmasked_contiguous,differential_mismatch,candidate_implementation_bug,mutation,candidate,torch,2.11.0,stage4/results/torch-thesis-all-coverage/execution_results/torch.storage.np.ma.extras.flatnotmasked_contiguous.results.json,python3 -m stage4.stage4_worker --init-path json2init/results/torch/torch.storage.np.ma.extras.flatnotmasked_contiguous.init.json --results-json stage4/results/torch-thesis-all-coverage/repro/repro_torch.storage.np.ma.extras.flatnotmasked_contiguous.init.json --mutation-budget 32 --seed 1520,6214c51e93db231c,0,2026-05-12T11:04:00Z,
bug-30abacd0794cc2bf,torch.storage.np.ma.extras.flatnotmasked_contiguous,differential_mismatch,candidate_implementation_bug,mutation,candidate,torch,2.11.0,stage4/results/torch-thesis-all-coverage/execution_results/torch.storage.np.ma.extras.flatnotmasked_contiguous.results.json,python3 -m stage4.stage4_worker --init-path json2init/results/torch/torch.storage.np.ma.extras.flatnotmasked_contiguous.init.json --results-json stage4/results/torch-thesis-all-coverage/repro/repro_torch.storage.np.ma.extras.flatnotmasked_contiguous.init.json --mutation-budget 32 --seed 1520,30abacd0794cc2bf,0,2026-05-12T11:04:00Z,
bug-e37f5249c7b9d766,torch.storage.np.ma.extras.flatnotmasked_contiguous,differential_mismatch,candidate_implementation_bug,mutation,candidate,torch,2.11.0,stage4/results/torch-thesis-all-coverage/execution_results/torch.storage.np.ma.extras.flatnotmasked_contiguous.results.json,python3 -m stage4.stage4_worker --init-path json2init/results/torch/torch.storage.np.ma.extras.flatnotmasked_contiguous.init.json --results-json stage4/results/torch-thesis-all-coverage/repro/repro_torch.storage.np.ma.extras.flatnotmasked_contiguous.init.json --mutation-budget 32 --seed 1520,e37f5249c7b9d766,0,2026-05-12T11:04:00Z,
bug-4c79f8ccd4de5265,torch.storage.np.ma.extras.flatnotmasked_contiguous,differential_mismatch,candidate_implementation_bug,mutation,candidate,torch,2.11.0,stage4/results/torch-thesis-all-coverage/execution_results/torch.storage.np.ma.extras.flatnotmasked_contiguous.results.json,python3 -m stage4.stage4_worker --init-path json2init/results/torch/torch.storage.np.ma.extras.flatnotmasked_contiguous.init.json --results-json stage4/results/torch-thesis-all-coverage/repro/repro_torch.storage.np.ma.extras.flatnotmasked_contiguous.init.json --mutation-budget 32 --seed 1520,4c79f8ccd4de5265,0,2026-05-12T11:04:00Z,
bug-2ff983a1b69334dc,torch.storage.np.ma.extras.flatnotmasked_contiguous,differential_mismatch,candidate_implementation_bug,mutation,candidate,torch,2.11.0,stage4/results/torch-thesis-all-coverage/execution_results/torch.storage.np.ma.extras.flatnotmasked_contiguous.results.json,python3 -m stage4.stage4_worker --init-path json2init/results/torch/torch.storage.np.ma.extras.flatnotmasked_contiguous.init.json --results-json stage4/results/torch-thesis-all-coverage/repro/repro_torch.storage.np.ma.extras.flatnotmasked_contiguous.init.json --mutation-budget 32 --seed 1520,2ff983a1b69334dc,0,2026-05-12T11:04:00Z,
bug-c84f6a760f15d062,torch.storage.np.ma.extras.flatnotmasked_contiguous,differential_mismatch,candidate_implementation_bug,mutation,candidate,torch,2.11.0,stage4/results/torch-thesis-all-coverage/execution_results/torch.storage.np.ma.extras.flatnotmasked_contiguous.results.json,python3 -m stage4.stage4_worker --init-path json2init/results/torch/torch.storage.np.ma.extras.flatnotmasked_contiguous.init.json --results-json stage4/results/torch-thesis-all-coverage/repro/repro_torch.storage.np.ma.extras.flatnotmasked_contiguous.init.json --mutation-budget 32 --seed 1520,c84f6a760f15d062,0,2026-05-12T11:04:00Z,
bug-4c4a3a339d80bf36,torch.storage.np.ma.extras.flatnotmasked_contiguous,differential_mismatch,candidate_implementation_bug,mutation,candidate,torch,2.11.0,stage4/results/torch-thesis-all-coverage/execution_results/torch.storage.np.ma.extras.flatnotmasked_contiguous.results.json,python3 -m stage4.stage4_worker --init-path json2init/results/torch/torch.storage.np.ma.extras.flatnotmasked_contiguous.init.json --results-json stage4/results/torch-thesis-all-coverage/repro/repro_torch.storage.np.ma.extras.flatnotmasked_contiguous.init.json --mutation-budget 32 --seed 1520,4c4a3a339d80bf36,0,2026-05-12T11:04:00Z,
bug-6554b9ab6946c967,torch.storage.np.ma.extras.mask_rowcols,differential_mismatch,candidate_implementation_bug,base_execution,candidate,torch,2.11.0,stage4/results/torch-thesis-all-coverage/execution_results/torch.storage.np.ma.extras.mask_rowcols.results.json,python3 -m stage4.stage4_worker --init-path json2init/results/torch/torch.storage.np.ma.extras.mask_rowcols.init.json --results-json stage4/results/torch-thesis-all-coverage/repro/repro_torch.storage.np.ma.extras.mask_rowcols.init.json --mutation-budget 32 --seed 1521,6554b9ab6946c967,0,2026-05-12T11:04:00Z,
bug-1a9c44949e4900fb,torch.storage.np.ma.extras.masked_all_like,differential_mismatch,candidate_implementation_bug,base_execution,candidate,torch,2.11.0,stage4/results/torch-thesis-all-coverage/execution_results/torch.storage.np.ma.extras.masked_all_like.results.json,python3 -m stage4.stage4_worker --init-path json2init/results/torch/torch.storage.np.ma.extras.masked_all_like.init.json --results-json stage4/results/torch-thesis-all-coverage/repro/repro_torch.storage.np.ma.extras.masked_all_like.init.json --mutation-budget 32 --seed 1523,1a9c44949e4900fb,0,2026-05-12T11:04:00Z,
bug-bd7425c4bd10eaad,torch.storage.np.ma.fix_invalid,differential_mismatch,candidate_implementation_bug,base_execution,candidate,torch,2.11.0,stage4/results/torch-thesis-all-coverage/execution_results/torch.storage.np.ma.fix_invalid.results.json,python3 -m stage4.stage4_worker --init-path json2init/results/torch/torch.storage.np.ma.fix_invalid.init.json --results-json stage4/results/torch-thesis-all-coverage/repro/repro_torch.storage.np.ma.fix_invalid.init.json --mutation-budget 32 --seed 1527,bd7425c4bd10eaad,0,2026-05-12T11:04:00Z,
bug-e49f7dd88fc6c491,torch.storage.np.ma.flatnotmasked_contiguous,differential_mismatch,candidate_implementation_bug,base_execution,candidate,torch,2.11.0,stage4/results/torch-thesis-all-coverage/execution_results/torch.storage.np.ma.flatnotmasked_contiguous.results.json,python3 -m stage4.stage4_worker --init-path json2init/results/torch/torch.storage.np.ma.flatnotmasked_contiguous.init.json --results-json stage4/results/torch-thesis-all-coverage/repro/repro_torch.storage.np.ma.flatnotmasked_contiguous.init.json --mutation-budget 32 --seed 1528,e49f7dd88fc6c491,0,2026-05-12T11:04:00Z,
bug-4398980bfa3a2c0f,torch.storage.np.ma.flatnotmasked_contiguous,differential_mismatch,candidate_implementation_bug,mutation,candidate,torch,2.11.0,stage4/results/torch-thesis-all-coverage/execution_results/torch.storage.np.ma.flatnotmasked_contiguous.results.json,python3 -m stage4.stage4_worker --init-path json2init/results/torch/torch.storage.np.ma.flatnotmasked_contiguous.init.json --results-json stage4/results/torch-thesis-all-coverage/repro/repro_torch.storage.np.ma.flatnotmasked_contiguous.init.json --mutation-budget 32 --seed 1528,4398980bfa3a2c0f,0,2026-05-12T11:04:00Z,
bug-f3206ecbb52eaf8c,torch.storage.np.ma.flatnotmasked_contiguous,differential_mismatch,candidate_implementation_bug,mutation,candidate,torch,2.11.0,stage4/results/torch-thesis-all-coverage/execution_results/torch.storage.np.ma.flatnotmasked_contiguous.results.json,python3 -m stage4.stage4_worker --init-path json2init/results/torch/torch.storage.np.ma.flatnotmasked_contiguous.init.json --results-json stage4/results/torch-thesis-all-coverage/repro/repro_torch.storage.np.ma.flatnotmasked_contiguous.init.json --mutation-budget 32 --seed 1528,f3206ecbb52eaf8c,0,2026-05-12T11:04:00Z,
bug-ad3bc29a1fe478fa,torch.storage.np.ma.flatnotmasked_contiguous,differential_mismatch,candidate_implementation_bug,mutation,candidate,torch,2.11.0,stage4/results/torch-thesis-all-coverage/execution_results/torch.storage.np.ma.flatnotmasked_contiguous.results.json,python3 -m stage4.stage4_worker --init-path json2init/results/torch/torch.storage.np.ma.flatnotmasked_contiguous.init.json --results-json stage4/results/torch-thesis-all-coverage/repro/repro_torch.storage.np.ma.flatnotmasked_contiguous.init.json --mutation-budget 32 --seed 1528,ad3bc29a1fe478fa,0,2026-05-12T11:04:00Z,
bug-e502c88522478a36,torch.storage.np.ma.flatnotmasked_contiguous,differential_mismatch,candidate_implementation_bug,mutation,candidate,torch,2.11.0,stage4/results/torch-thesis-all-coverage/execution_results/torch.storage.np.ma.flatnotmasked_contiguous.results.json,python3 -m stage4.stage4_worker --init-path json2init/results/torch/torch.storage.np.ma.flatnotmasked_contiguous.init.json --results-json stage4/results/torch-thesis-all-coverage/repro/repro_torch.storage.np.ma.flatnotmasked_contiguous.init.json --mutation-budget 32 --seed 1528,e502c88522478a36,0,2026-05-12T11:04:00Z,
bug-4416fc39efd95d6f,torch.storage.np.ma.flatnotmasked_contiguous,differential_mismatch,candidate_implementation_bug,mutation,candidate,torch,2.11.0,stage4/results/torch-thesis-all-coverage/execution_results/torch.storage.np.ma.flatnotmasked_contiguous.results.json,python3 -m stage4.stage4_worker --init-path json2init/results/torch/torch.storage.np.ma.flatnotmasked_contiguous.init.json --results-json stage4/results/torch-thesis-all-coverage/repro/repro_torch.storage.np.ma.flatnotmasked_contiguous.init.json --mutation-budget 32 --seed 1528,4416fc39efd95d6f,0,2026-05-12T11:04:00Z,
bug-0eba93efe2876db6,torch.storage.np.ma.flatnotmasked_contiguous,differential_mismatch,candidate_implementation_bug,mutation,candidate,torch,2.11.0,stage4/results/torch-thesis-all-coverage/execution_results/torch.storage.np.ma.flatnotmasked_contiguous.results.json,python3 -m stage4.stage4_worker --init-path json2init/results/torch/torch.storage.np.ma.flatnotmasked_contiguous.init.json --results-json stage4/results/torch-thesis-all-coverage/repro/repro_torch.storage.np.ma.flatnotmasked_contiguous.init.json --mutation-budget 32 --seed 1528,0eba93efe2876db6,0,2026-05-12T11:04:00Z,
bug-3dca2a1492f3833b,torch.storage.np.ma.flatnotmasked_contiguous,differential_mismatch,candidate_implementation_bug,mutation,candidate,torch,2.11.0,stage4/results/torch-thesis-all-coverage/execution_results/torch.storage.np.ma.flatnotmasked_contiguous.results.json,python3 -m stage4.stage4_worker --init-path json2init/results/torch/torch.storage.np.ma.flatnotmasked_contiguous.init.json --results-json stage4/results/torch-thesis-all-coverage/repro/repro_torch.storage.np.ma.flatnotmasked_contiguous.init.json --mutation-budget 32 --seed 1528,3dca2a1492f3833b,0,2026-05-12T11:04:00Z,
bug-6bbc0f219a155215,torch.storage.np.ma.flatnotmasked_contiguous,differential_mismatch,candidate_implementation_bug,mutation,candidate,torch,2.11.0,stage4/results/torch-thesis-all-coverage/execution_results/torch.storage.np.ma.flatnotmasked_contiguous.results.json,python3 -m stage4.stage4_worker --init-path json2init/results/torch/torch.storage.np.ma.flatnotmasked_contiguous.init.json --results-json stage4/results/torch-thesis-all-coverage/repro/repro_torch.storage.np.ma.flatnotmasked_contiguous.init.json --mutation-budget 32 --seed 1528,6bbc0f219a155215,0,2026-05-12T11:04:00Z,
bug-60e49f3b7f5962ee,torch.storage.np.ma.identity,crash_or_abort,candidate_implementation_bug,mutation,candidate,torch,2.11.0,stage4/results/torch-thesis-all-coverage/execution_results/torch.storage.np.ma.identity.results.json,python3 -m stage4.stage4_worker --init-path json2init/results/torch/torch.storage.np.ma.identity.init.json --results-json stage4/results/torch-thesis-all-coverage/repro/repro_torch.storage.np.ma.identity.init.json --mutation-budget 32 --seed 1529,60e49f3b7f5962ee,-9,2026-05-12T11:04:00Z,
bug-4dce25395b6dbe8d,torch.storage.np.ma.mask_rowcols,differential_mismatch,candidate_implementation_bug,base_execution,candidate,torch,2.11.0,stage4/results/torch-thesis-all-coverage/execution_results/torch.storage.np.ma.mask_rowcols.results.json,python3 -m stage4.stage4_worker --init-path json2init/results/torch/torch.storage.np.ma.mask_rowcols.init.json --results-json stage4/results/torch-thesis-all-coverage/repro/repro_torch.storage.np.ma.mask_rowcols.init.json --mutation-budget 32 --seed 1532,4dce25395b6dbe8d,0,2026-05-12T11:04:00Z,
bug-455f5c8e38aaad56,torch.storage.np.ma.masked_all_like,differential_mismatch,candidate_implementation_bug,base_execution,candidate,torch,2.11.0,stage4/results/torch-thesis-all-coverage/execution_results/torch.storage.np.ma.masked_all_like.results.json,python3 -m stage4.stage4_worker --init-path json2init/results/torch/torch.storage.np.ma.masked_all_like.init.json --results-json stage4/results/torch-thesis-all-coverage/repro/repro_torch.storage.np.ma.masked_all_like.init.json --mutation-budget 32 --seed 1534,455f5c8e38aaad56,0,2026-05-12T11:04:00Z,
bug-fb24fc7cbb263cf3,torch.storage.np.ma.ones_like,differential_mismatch,candidate_implementation_bug,base_execution,candidate,torch,2.11.0,stage4/results/torch-thesis-all-coverage/execution_results/torch.storage.np.ma.ones_like.results.json,python3 -m stage4.stage4_worker --init-path json2init/results/torch/torch.storage.np.ma.ones_like.init.json --results-json stage4/results/torch-thesis-all-coverage/repro/repro_torch.storage.np.ma.ones_like.init.json --mutation-budget 32 --seed 1538,fb24fc7cbb263cf3,0,2026-05-12T11:04:00Z,
bug-a6a9a307abd7a5d6,torch.storage.np.ma.zeros_like,differential_mismatch,candidate_implementation_bug,base_execution,candidate,torch,2.11.0,stage4/results/torch-thesis-all-coverage/execution_results/torch.storage.np.ma.zeros_like.results.json,python3 -m stage4.stage4_worker --init-path json2init/results/torch/torch.storage.np.ma.zeros_like.init.json --results-json stage4/results/torch-thesis-all-coverage/repro/repro_torch.storage.np.ma.zeros_like.init.json --mutation-budget 32 --seed 1540,a6a9a307abd7a5d6,0,2026-05-12T11:04:00Z,
bug-4cbba1b6a10d0c36,torch.storage.np.nancumprod,differential_mismatch,candidate_implementation_bug,base_execution,candidate,torch,2.11.0,stage4/results/torch-thesis-all-coverage/execution_results/torch.storage.np.nancumprod.results.json,python3 -m stage4.stage4_worker --init-path json2init/results/torch/torch.storage.np.nancumprod.init.json --results-json stage4/results/torch-thesis-all-coverage/repro/repro_torch.storage.np.nancumprod.init.json --mutation-budget 32 --seed 1541,4cbba1b6a10d0c36,0,2026-05-12T11:04:00Z,
bug-74f634245e1c4f03,torch.storage.np.nanprod,differential_mismatch,candidate_implementation_bug,base_execution,candidate,torch,2.11.0,stage4/results/torch-thesis-all-coverage/execution_results/torch.storage.np.nanprod.results.json,python3 -m stage4.stage4_worker --init-path json2init/results/torch/torch.storage.np.nanprod.init.json --results-json stage4/results/torch-thesis-all-coverage/repro/repro_torch.storage.np.nanprod.init.json --mutation-budget 32 --seed 1542,74f634245e1c4f03,0,2026-05-12T11:04:00Z,
bug-ca5fbd777f234ce2,torch.storage.np.ones_like,differential_mismatch,candidate_implementation_bug,base_execution,candidate,torch,2.11.0,stage4/results/torch-thesis-all-coverage/execution_results/torch.storage.np.ones_like.results.json,python3 -m stage4.stage4_worker --init-path json2init/results/torch/torch.storage.np.ones_like.init.json --results-json stage4/results/torch-thesis-all-coverage/repro/repro_torch.storage.np.ones_like.init.json --mutation-budget 32 --seed 1546,ca5fbd777f234ce2,0,2026-05-12T11:04:00Z,
bug-9639de108b9e8340,torch.storage.np.pad,differential_mismatch,candidate_implementation_bug,base_execution,candidate,torch,2.11.0,stage4/results/torch-thesis-all-coverage/execution_results/torch.storage.np.pad.results.json,python3 -m stage4.stage4_worker --init-path json2init/results/torch/torch.storage.np.pad.init.json --results-json stage4/results/torch-thesis-all-coverage/repro/repro_torch.storage.np.pad.init.json --mutation-budget 32 --seed 1547,9639de108b9e8340,0,2026-05-12T11:04:00Z,
bug-9323d229c130c7ca,torch.storage.np.partition,differential_mismatch,candidate_implementation_bug,base_execution,candidate,torch,2.11.0,stage4/results/torch-thesis-all-coverage/execution_results/torch.storage.np.partition.results.json,python3 -m stage4.stage4_worker --init-path json2init/results/torch/torch.storage.np.partition.init.json --results-json stage4/results/torch-thesis-all-coverage/repro/repro_torch.storage.np.partition.init.json --mutation-budget 32 --seed 1548,9323d229c130c7ca,0,2026-05-12T11:04:00Z,
bug-6e360955ebf75a54,torch.storage.np.permute_dims,differential_mismatch,candidate_implementation_bug,base_execution,candidate,torch,2.11.0,stage4/results/torch-thesis-all-coverage/execution_results/torch.storage.np.permute_dims.results.json,python3 -m stage4.stage4_worker --init-path json2init/results/torch/torch.storage.np.permute_dims.init.json --results-json stage4/results/torch-thesis-all-coverage/repro/repro_torch.storage.np.permute_dims.init.json --mutation-budget 32 --seed 1549,6e360955ebf75a54,0,2026-05-12T11:04:00Z,
bug-e72d2b2ac4ccb933,torch.storage.np.poly,differential_mismatch,candidate_implementation_bug,base_execution,candidate,torch,2.11.0,stage4/results/torch-thesis-all-coverage/execution_results/torch.storage.np.poly.results.json,python3 -m stage4.stage4_worker --init-path json2init/results/torch/torch.storage.np.poly.init.json --results-json stage4/results/torch-thesis-all-coverage/repro/repro_torch.storage.np.poly.init.json --mutation-budget 32 --seed 1550,e72d2b2ac4ccb933,0,2026-05-12T11:04:00Z,
bug-dfc132db59ef8dc4,torch.storage.np.polynomial.chebyshev.cheb2poly,differential_mismatch,candidate_implementation_bug,base_execution,candidate,torch,2.11.0,stage4/results/torch-thesis-all-coverage/execution_results/torch.storage.np.polynomial.chebyshev.cheb2poly.results.json,python3 -m stage4.stage4_worker --init-path json2init/results/torch/torch.storage.np.polynomial.chebyshev.cheb2poly.init.json --results-json stage4/results/torch-thesis-all-coverage/repro/repro_torch.storage.np.polynomial.chebyshev.cheb2poly.init.json --mutation-budget 32 --seed 1551,dfc132db59ef8dc4,0,2026-05-12T11:04:00Z,
bug-191ab0a46a5ae099,torch.storage.np.polynomial.chebyshev.chebcompanion,differential_mismatch,candidate_implementation_bug,base_execution,candidate,torch,2.11.0,stage4/results/torch-thesis-all-coverage/execution_results/torch.storage.np.polynomial.chebyshev.chebcompanion.results.json,python3 -m stage4.stage4_worker --init-path json2init/results/torch/torch.storage.np.polynomial.chebyshev.chebcompanion.init.json --results-json stage4/results/torch-thesis-all-coverage/repro/repro_torch.storage.np.polynomial.chebyshev.chebcompanion.init.json --mutation-budget 32 --seed 1552,191ab0a46a5ae099,0,2026-05-12T11:04:00Z,
bug-b5a4328155d37d93,torch.storage.np.polynomial.chebyshev.chebder,differential_mismatch,candidate_implementation_bug,base_execution,candidate,torch,2.11.0,stage4/results/torch-thesis-all-coverage/execution_results/torch.storage.np.polynomial.chebyshev.chebder.results.json,python3 -m stage4.stage4_worker --init-path json2init/results/torch/torch.storage.np.polynomial.chebyshev.chebder.init.json --results-json stage4/results/torch-thesis-all-coverage/repro/repro_torch.storage.np.polynomial.chebyshev.chebder.init.json --mutation-budget 32 --seed 1553,b5a4328155d37d93,0,2026-05-12T11:04:00Z,
bug-62ee83242163465b,torch.storage.np.polynomial.chebyshev.chebint,differential_mismatch,candidate_implementation_bug,base_execution,candidate,torch,2.11.0,stage4/results/torch-thesis-all-coverage/execution_results/torch.storage.np.polynomial.chebyshev.chebint.results.json,python3 -m stage4.stage4_worker --init-path json2init/results/torch/torch.storage.np.polynomial.chebyshev.chebint.init.json --results-json stage4/results/torch-thesis-all-coverage/repro/repro_torch.storage.np.polynomial.chebyshev.chebint.init.json --mutation-budget 32 --seed 1555,62ee83242163465b,0,2026-05-12T11:04:00Z,
bug-257a14fd8c0f64ec,torch.storage.np.polynomial.chebyshev.chebmulx,differential_mismatch,candidate_implementation_bug,base_execution,candidate,torch,2.11.0,stage4/results/torch-thesis-all-coverage/execution_results/torch.storage.np.polynomial.chebyshev.chebmulx.results.json,python3 -m stage4.stage4_worker --init-path json2init/results/torch/torch.storage.np.polynomial.chebyshev.chebmulx.init.json --results-json stage4/results/torch-thesis-all-coverage/repro/repro_torch.storage.np.polynomial.chebyshev.chebmulx.init.json --mutation-budget 32 --seed 1556,257a14fd8c0f64ec,0,2026-05-12T11:04:00Z,
bug-f7bd57bfb4a305c1,torch.storage.np.polynomial.chebyshev.chebval,differential_mismatch,candidate_implementation_bug,base_execution,candidate,torch,2.11.0,stage4/results/torch-thesis-all-coverage/execution_results/torch.storage.np.polynomial.chebyshev.chebval.results.json,python3 -m stage4.stage4_worker --init-path json2init/results/torch/torch.storage.np.polynomial.chebyshev.chebval.init.json --results-json stage4/results/torch-thesis-all-coverage/repro/repro_torch.storage.np.polynomial.chebyshev.chebval.init.json --mutation-budget 32 --seed 1557,f7bd57bfb4a305c1,0,2026-05-12T11:04:00Z,
bug-dd8b5fec009a8c28,torch.storage.np.polynomial.chebyshev.poly2cheb,differential_mismatch,candidate_implementation_bug,base_execution,candidate,torch,2.11.0,stage4/results/torch-thesis-all-coverage/execution_results/torch.storage.np.polynomial.chebyshev.poly2cheb.results.json,python3 -m stage4.stage4_worker --init-path json2init/results/torch/torch.storage.np.polynomial.chebyshev.poly2cheb.init.json --results-json stage4/results/torch-thesis-all-coverage/repro/repro_torch.storage.np.polynomial.chebyshev.poly2cheb.init.json --mutation-budget 32 --seed 1559,dd8b5fec009a8c28,0,2026-05-12T11:04:00Z,
bug-5d4ec38c12549f3f,torch.storage.np.polynomial.hermite.herm2poly,differential_mismatch,candidate_implementation_bug,base_execution,candidate,torch,2.11.0,stage4/results/torch-thesis-all-coverage/execution_results/torch.storage.np.polynomial.hermite.herm2poly.results.json,python3 -m stage4.stage4_worker --init-path json2init/results/torch/torch.storage.np.polynomial.hermite.herm2poly.init.json --results-json stage4/results/torch-thesis-all-coverage/repro/repro_torch.storage.np.polynomial.hermite.herm2poly.init.json --mutation-budget 32 --seed 1560,5d4ec38c12549f3f,0,2026-05-12T11:04:00Z,
bug-c9a2f8443f985895,torch.storage.np.polynomial.hermite.hermcompanion,differential_mismatch,candidate_implementation_bug,base_execution,candidate,torch,2.11.0,stage4/results/torch-thesis-all-coverage/execution_results/torch.storage.np.polynomial.hermite.hermcompanion.results.json,python3 -m stage4.stage4_worker --init-path json2init/results/torch/torch.storage.np.polynomial.hermite.hermcompanion.init.json --results-json stage4/results/torch-thesis-all-coverage/repro/repro_torch.storage.np.polynomial.hermite.hermcompanion.init.json --mutation-budget 32 --seed 1561,c9a2f8443f985895,0,2026-05-12T11:04:00Z,
bug-28ca0a1dfd254925,torch.storage.np.polynomial.hermite.hermder,differential_mismatch,candidate_implementation_bug,base_execution,candidate,torch,2.11.0,stage4/results/torch-thesis-all-coverage/execution_results/torch.storage.np.polynomial.hermite.hermder.results.json,python3 -m stage4.stage4_worker --init-path json2init/results/torch/torch.storage.np.polynomial.hermite.hermder.init.json --results-json stage4/results/torch-thesis-all-coverage/repro/repro_torch.storage.np.polynomial.hermite.hermder.init.json --mutation-budget 32 --seed 1562,28ca0a1dfd254925,0,2026-05-12T11:04:00Z,
bug-ddaab21de2a8d3a9,torch.storage.np.polynomial.hermite.hermgauss,timeout_or_hang,candidate_implementation_bug,mutation,candidate,torch,2.11.0,stage4/results/torch-thesis-all-coverage/execution_results/torch.storage.np.polynomial.hermite.hermgauss.results.json,python3 -m stage4.stage4_worker --init-path json2init/results/torch/torch.storage.np.polynomial.hermite.hermgauss.init.json --results-json stage4/results/torch-thesis-all-coverage/repro/repro_torch.storage.np.polynomial.hermite.hermgauss.init.json --mutation-budget 32 --seed 1563,ddaab21de2a8d3a9,-9,2026-05-12T11:04:00Z,
bug-767dbc938c48918e,torch.storage.np.polynomial.hermite.hermint,differential_mismatch,candidate_implementation_bug,base_execution,candidate,torch,2.11.0,stage4/results/torch-thesis-all-coverage/execution_results/torch.storage.np.polynomial.hermite.hermint.results.json,python3 -m stage4.stage4_worker --init-path json2init/results/torch/torch.storage.np.polynomial.hermite.hermint.init.json --results-json stage4/results/torch-thesis-all-coverage/repro/repro_torch.storage.np.polynomial.hermite.hermint.init.json --mutation-budget 32 --seed 1564,767dbc938c48918e,0,2026-05-12T11:04:00Z,
bug-4b8e7760933aecbb,torch.storage.np.polynomial.hermite.hermmulx,differential_mismatch,candidate_implementation_bug,base_execution,candidate,torch,2.11.0,stage4/results/torch-thesis-all-coverage/execution_results/torch.storage.np.polynomial.hermite.hermmulx.results.json,python3 -m stage4.stage4_worker --init-path json2init/results/torch/torch.storage.np.polynomial.hermite.hermmulx.init.json --results-json stage4/results/torch-thesis-all-coverage/repro/repro_torch.storage.np.polynomial.hermite.hermmulx.init.json --mutation-budget 32 --seed 1565,4b8e7760933aecbb,0,2026-05-12T11:04:00Z,
bug-abae96cf29ab646a,torch.storage.np.polynomial.hermite.hermval,differential_mismatch,candidate_implementation_bug,base_execution,candidate,torch,2.11.0,stage4/results/torch-thesis-all-coverage/execution_results/torch.storage.np.polynomial.hermite.hermval.results.json,python3 -m stage4.stage4_worker --init-path json2init/results/torch/torch.storage.np.polynomial.hermite.hermval.init.json --results-json stage4/results/torch-thesis-all-coverage/repro/repro_torch.storage.np.polynomial.hermite.hermval.init.json --mutation-budget 32 --seed 1566,abae96cf29ab646a,0,2026-05-12T11:04:00Z,
bug-278724fa8257a25b,torch.storage.np.polynomial.hermite.poly2herm,differential_mismatch,candidate_implementation_bug,base_execution,candidate,torch,2.11.0,stage4/results/torch-thesis-all-coverage/execution_results/torch.storage.np.polynomial.hermite.poly2herm.results.json,python3 -m stage4.stage4_worker --init-path json2init/results/torch/torch.storage.np.polynomial.hermite.poly2herm.init.json --results-json stage4/results/torch-thesis-all-coverage/repro/repro_torch.storage.np.polynomial.hermite.poly2herm.init.json --mutation-budget 32 --seed 1568,278724fa8257a25b,0,2026-05-12T11:04:00Z,
bug-95d5731d4705da53,torch.storage.np.polynomial.hermite_e.hermegauss,timeout_or_hang,candidate_implementation_bug,mutation,candidate,torch,2.11.0,stage4/results/torch-thesis-all-coverage/execution_results/torch.storage.np.polynomial.hermite_e.hermegauss.results.json,python3 -m stage4.stage4_worker --init-path json2init/results/torch/torch.storage.np.polynomial.hermite_e.hermegauss.init.json --results-json stage4/results/torch-thesis-all-coverage/repro/repro_torch.storage.np.polynomial.hermite_e.hermegauss.init.json --mutation-budget 32 --seed 1572,95d5731d4705da53,-9,2026-05-12T11:04:00Z,
bug-0b249d7f4345bbe7,torch.storage.np.polynomial.hermite_e.hermeint,differential_mismatch,candidate_implementation_bug,base_execution,candidate,torch,2.11.0,stage4/results/torch-thesis-all-coverage/execution_results/torch.storage.np.polynomial.hermite_e.hermeint.results.json,python3 -m stage4.stage4_worker --init-path json2init/results/torch/torch.storage.np.polynomial.hermite_e.hermeint.init.json --results-json stage4/results/torch-thesis-all-coverage/repro/repro_torch.storage.np.polynomial.hermite_e.hermeint.init.json --mutation-budget 32 --seed 1573,0b249d7f4345bbe7,0,2026-05-12T11:04:00Z,
bug-a9eb76641f2c4fcb,torch.storage.np.polynomial.hermite_e.hermemulx,differential_mismatch,candidate_implementation_bug,base_execution,candidate,torch,2.11.0,stage4/results/torch-thesis-all-coverage/execution_results/torch.storage.np.polynomial.hermite_e.hermemulx.results.json,python3 -m stage4.stage4_worker --init-path json2init/results/torch/torch.storage.np.polynomial.hermite_e.hermemulx.init.json --results-json stage4/results/torch-thesis-all-coverage/repro/repro_torch.storage.np.polynomial.hermite_e.hermemulx.init.json --mutation-budget 32 --seed 1574,a9eb76641f2c4fcb,0,2026-05-12T11:04:00Z,
bug-dee31bf92273bdf7,torch.storage.np.polynomial.hermite_e.hermeval,differential_mismatch,candidate_implementation_bug,base_execution,candidate,torch,2.11.0,stage4/results/torch-thesis-all-coverage/execution_results/torch.storage.np.polynomial.hermite_e.hermeval.results.json,python3 -m stage4.stage4_worker --init-path json2init/results/torch/torch.storage.np.polynomial.hermite_e.hermeval.init.json --results-json stage4/results/torch-thesis-all-coverage/repro/repro_torch.storage.np.polynomial.hermite_e.hermeval.init.json --mutation-budget 32 --seed 1575,dee31bf92273bdf7,0,2026-05-12T11:04:00Z,
bug-2be553e8e2022b1e,torch.storage.np.polynomial.hermite_e.poly2herme,differential_mismatch,candidate_implementation_bug,base_execution,candidate,torch,2.11.0,stage4/results/torch-thesis-all-coverage/execution_results/torch.storage.np.polynomial.hermite_e.poly2herme.results.json,python3 -m stage4.stage4_worker --init-path json2init/results/torch/torch.storage.np.polynomial.hermite_e.poly2herme.init.json --results-json stage4/results/torch-thesis-all-coverage/repro/repro_torch.storage.np.polynomial.hermite_e.poly2herme.init.json --mutation-budget 32 --seed 1577,2be553e8e2022b1e,0,2026-05-12T11:04:00Z,
bug-89151f2a4c6194ee,torch.storage.np.polynomial.laguerre.lag2poly,differential_mismatch,candidate_implementation_bug,base_execution,candidate,torch,2.11.0,stage4/results/torch-thesis-all-coverage/execution_results/torch.storage.np.polynomial.laguerre.lag2poly.results.json,python3 -m stage4.stage4_worker --init-path json2init/results/torch/torch.storage.np.polynomial.laguerre.lag2poly.init.json --results-json stage4/results/torch-thesis-all-coverage/repro/repro_torch.storage.np.polynomial.laguerre.lag2poly.init.json --mutation-budget 32 --seed 1578,89151f2a4c6194ee,0,2026-05-12T11:04:00Z,
bug-fea7c25fedae1650,torch.storage.np.polynomial.laguerre.lagder,differential_mismatch,candidate_implementation_bug,base_execution,candidate,torch,2.11.0,stage4/results/torch-thesis-all-coverage/execution_results/torch.storage.np.polynomial.laguerre.lagder.results.json,python3 -m stage4.stage4_worker --init-path json2init/results/torch/torch.storage.np.polynomial.laguerre.lagder.init.json --results-json stage4/results/torch-thesis-all-coverage/repro/repro_torch.storage.np.polynomial.laguerre.lagder.init.json --mutation-budget 32 --seed 1579,fea7c25fedae1650,0,2026-05-12T11:04:00Z,
bug-3ca7fec7b82a2f42,torch.storage.np.polynomial.laguerre.laggauss,timeout_or_hang,candidate_implementation_bug,mutation,candidate,torch,2.11.0,stage4/results/torch-thesis-all-coverage/execution_results/torch.storage.np.polynomial.laguerre.laggauss.results.json,python3 -m stage4.stage4_worker --init-path json2init/results/torch/torch.storage.np.polynomial.laguerre.laggauss.init.json --results-json stage4/results/torch-thesis-all-coverage/repro/repro_torch.storage.np.polynomial.laguerre.laggauss.init.json --mutation-budget 32 --seed 1580,3ca7fec7b82a2f42,-9,2026-05-12T11:04:00Z,
bug-1cccbb8f823c0bdc,torch.storage.np.polynomial.laguerre.lagint,differential_mismatch,candidate_implementation_bug,base_execution,candidate,torch,2.11.0,stage4/results/torch-thesis-all-coverage/execution_results/torch.storage.np.polynomial.laguerre.lagint.results.json,python3 -m stage4.stage4_worker --init-path json2init/results/torch/torch.storage.np.polynomial.laguerre.lagint.init.json --results-json stage4/results/torch-thesis-all-coverage/repro/repro_torch.storage.np.polynomial.laguerre.lagint.init.json --mutation-budget 32 --seed 1581,1cccbb8f823c0bdc,0,2026-05-12T11:04:00Z,
bug-4cc6d2e9041b4a76,torch.storage.np.polynomial.laguerre.lagmulx,differential_mismatch,candidate_implementation_bug,base_execution,candidate,torch,2.11.0,stage4/results/torch-thesis-all-coverage/execution_results/torch.storage.np.polynomial.laguerre.lagmulx.results.json,python3 -m stage4.stage4_worker --init-path json2init/results/torch/torch.storage.np.polynomial.laguerre.lagmulx.init.json --results-json stage4/results/torch-thesis-all-coverage/repro/repro_torch.storage.np.polynomial.laguerre.lagmulx.init.json --mutation-budget 32 --seed 1582,4cc6d2e9041b4a76,0,2026-05-12T11:04:00Z,
bug-1eb5fe30895796fc,torch.storage.np.polynomial.laguerre.lagval,differential_mismatch,candidate_implementation_bug,base_execution,candidate,torch,2.11.0,stage4/results/torch-thesis-all-coverage/execution_results/torch.storage.np.polynomial.laguerre.lagval.results.json,python3 -m stage4.stage4_worker --init-path json2init/results/torch/torch.storage.np.polynomial.laguerre.lagval.init.json --results-json stage4/results/torch-thesis-all-coverage/repro/repro_torch.storage.np.polynomial.laguerre.lagval.init.json --mutation-budget 32 --seed 1583,1eb5fe30895796fc,0,2026-05-12T11:04:00Z,
bug-5a65286a4653e0c7,torch.storage.np.polynomial.laguerre.poly2lag,differential_mismatch,candidate_implementation_bug,base_execution,candidate,torch,2.11.0,stage4/results/torch-thesis-all-coverage/execution_results/torch.storage.np.polynomial.laguerre.poly2lag.results.json,python3 -m stage4.stage4_worker --init-path json2init/results/torch/torch.storage.np.polynomial.laguerre.poly2lag.init.json --results-json stage4/results/torch-thesis-all-coverage/repro/repro_torch.storage.np.polynomial.laguerre.poly2lag.init.json --mutation-budget 32 --seed 1585,5a65286a4653e0c7,0,2026-05-12T11:04:00Z,
bug-c66483af2f559a3a,torch.storage.np.polynomial.legendre.leg2poly,differential_mismatch,candidate_implementation_bug,base_execution,candidate,torch,2.11.0,stage4/results/torch-thesis-all-coverage/execution_results/torch.storage.np.polynomial.legendre.leg2poly.results.json,python3 -m stage4.stage4_worker --init-path json2init/results/torch/torch.storage.np.polynomial.legendre.leg2poly.init.json --results-json stage4/results/torch-thesis-all-coverage/repro/repro_torch.storage.np.polynomial.legendre.leg2poly.init.json --mutation-budget 32 --seed 1586,c66483af2f559a3a,0,2026-05-12T11:04:00Z,
bug-312315e4c589ae93,torch.storage.np.polynomial.legendre.legcompanion,differential_mismatch,candidate_implementation_bug,base_execution,candidate,torch,2.11.0,stage4/results/torch-thesis-all-coverage/execution_results/torch.storage.np.polynomial.legendre.legcompanion.results.json,python3 -m stage4.stage4_worker --init-path json2init/results/torch/torch.storage.np.polynomial.legendre.legcompanion.init.json --results-json stage4/results/torch-thesis-all-coverage/repro/repro_torch.storage.np.polynomial.legendre.legcompanion.init.json --mutation-budget 32 --seed 1587,312315e4c589ae93,0,2026-05-12T11:04:00Z,
bug-f64446d32c0bb4be,torch.storage.np.polynomial.legendre.legder,differential_mismatch,candidate_implementation_bug,base_execution,candidate,torch,2.11.0,stage4/results/torch-thesis-all-coverage/execution_results/torch.storage.np.polynomial.legendre.legder.results.json,python3 -m stage4.stage4_worker --init-path json2init/results/torch/torch.storage.np.polynomial.legendre.legder.init.json --results-json stage4/results/torch-thesis-all-coverage/repro/repro_torch.storage.np.polynomial.legendre.legder.init.json --mutation-budget 32 --seed 1588,f64446d32c0bb4be,0,2026-05-12T11:04:00Z,
bug-83551913492110ff,torch.storage.np.polynomial.legendre.leggauss,timeout_or_hang,candidate_implementation_bug,mutation,candidate,torch,2.11.0,stage4/results/torch-thesis-all-coverage/execution_results/torch.storage.np.polynomial.legendre.leggauss.results.json,python3 -m stage4.stage4_worker --init-path json2init/results/torch/torch.storage.np.polynomial.legendre.leggauss.init.json --results-json stage4/results/torch-thesis-all-coverage/repro/repro_torch.storage.np.polynomial.legendre.leggauss.init.json --mutation-budget 32 --seed 1589,83551913492110ff,-9,2026-05-12T11:04:00Z,
bug-c2bf2bda9a2caeed,torch.storage.np.polynomial.legendre.legint,differential_mismatch,candidate_implementation_bug,base_execution,candidate,torch,2.11.0,stage4/results/torch-thesis-all-coverage/execution_results/torch.storage.np.polynomial.legendre.legint.results.json,python3 -m stage4.stage4_worker --init-path json2init/results/torch/torch.storage.np.polynomial.legendre.legint.init.json --results-json stage4/results/torch-thesis-all-coverage/repro/repro_torch.storage.np.polynomial.legendre.legint.init.json --mutation-budget 32 --seed 1590,c2bf2bda9a2caeed,0,2026-05-12T11:04:00Z,
bug-750cb698fc92e2cc,torch.storage.np.polynomial.legendre.legmulx,differential_mismatch,candidate_implementation_bug,base_execution,candidate,torch,2.11.0,stage4/results/torch-thesis-all-coverage/execution_results/torch.storage.np.polynomial.legendre.legmulx.results.json,python3 -m stage4.stage4_worker --init-path json2init/results/torch/torch.storage.np.polynomial.legendre.legmulx.init.json --results-json stage4/results/torch-thesis-all-coverage/repro/repro_torch.storage.np.polynomial.legendre.legmulx.init.json --mutation-budget 32 --seed 1591,750cb698fc92e2cc,0,2026-05-12T11:04:00Z,
bug-1b814470eb6c38a6,torch.storage.np.polynomial.legendre.legval,differential_mismatch,candidate_implementation_bug,base_execution,candidate,torch,2.11.0,stage4/results/torch-thesis-all-coverage/execution_results/torch.storage.np.polynomial.legendre.legval.results.json,python3 -m stage4.stage4_worker --init-path json2init/results/torch/torch.storage.np.polynomial.legendre.legval.init.json --results-json stage4/results/torch-thesis-all-coverage/repro/repro_torch.storage.np.polynomial.legendre.legval.init.json --mutation-budget 32 --seed 1592,1b814470eb6c38a6,0,2026-05-12T11:04:00Z,
bug-3f01e304ba0c500a,torch.storage.np.polynomial.legendre.poly2leg,differential_mismatch,candidate_implementation_bug,base_execution,candidate,torch,2.11.0,stage4/results/torch-thesis-all-coverage/execution_results/torch.storage.np.polynomial.legendre.poly2leg.results.json,python3 -m stage4.stage4_worker --init-path json2init/results/torch/torch.storage.np.polynomial.legendre.poly2leg.init.json --results-json stage4/results/torch-thesis-all-coverage/repro/repro_torch.storage.np.polynomial.legendre.poly2leg.init.json --mutation-budget 32 --seed 1594,3f01e304ba0c500a,0,2026-05-12T11:04:00Z,
bug-607675321496162a,torch.storage.np.polynomial.polynomial.polyder,differential_mismatch,candidate_implementation_bug,base_execution,candidate,torch,2.11.0,stage4/results/torch-thesis-all-coverage/execution_results/torch.storage.np.polynomial.polynomial.polyder.results.json,python3 -m stage4.stage4_worker --init-path json2init/results/torch/torch.storage.np.polynomial.polynomial.polyder.init.json --results-json stage4/results/torch-thesis-all-coverage/repro/repro_torch.storage.np.polynomial.polynomial.polyder.init.json --mutation-budget 32 --seed 1595,607675321496162a,0,2026-05-12T11:04:00Z,
bug-0d98a246f48195ba,torch.storage.np.polynomial.polynomial.polyint,differential_mismatch,candidate_implementation_bug,base_execution,candidate,torch,2.11.0,stage4/results/torch-thesis-all-coverage/execution_results/torch.storage.np.polynomial.polynomial.polyint.results.json,python3 -m stage4.stage4_worker --init-path json2init/results/torch/torch.storage.np.polynomial.polynomial.polyint.init.json --results-json stage4/results/torch-thesis-all-coverage/repro/repro_torch.storage.np.polynomial.polynomial.polyint.init.json --mutation-budget 32 --seed 1596,0d98a246f48195ba,0,2026-05-12T11:04:00Z,
bug-3b81ce6d906a85c8,torch.storage.np.polynomial.polynomial.polymulx,differential_mismatch,candidate_implementation_bug,base_execution,candidate,torch,2.11.0,stage4/results/torch-thesis-all-coverage/execution_results/torch.storage.np.polynomial.polynomial.polymulx.results.json,python3 -m stage4.stage4_worker --init-path json2init/results/torch/torch.storage.np.polynomial.polynomial.polymulx.init.json --results-json stage4/results/torch-thesis-all-coverage/repro/repro_torch.storage.np.polynomial.polynomial.polymulx.init.json --mutation-budget 32 --seed 1597,3b81ce6d906a85c8,0,2026-05-12T11:04:00Z,
bug-4998d381ad3b8a93,torch.storage.np.polynomial.polynomial.polyval,differential_mismatch,candidate_implementation_bug,base_execution,candidate,torch,2.11.0,stage4/results/torch-thesis-all-coverage/execution_results/torch.storage.np.polynomial.polynomial.polyval.results.json,python3 -m stage4.stage4_worker --init-path json2init/results/torch/torch.storage.np.polynomial.polynomial.polyval.init.json --results-json stage4/results/torch-thesis-all-coverage/repro/repro_torch.storage.np.polynomial.polynomial.polyval.init.json --mutation-budget 32 --seed 1598,4998d381ad3b8a93,0,2026-05-12T11:04:00Z,
bug-a328c26dc2269200,torch.storage.np.polynomial.polynomial.polyvalfromroots,differential_mismatch,candidate_implementation_bug,base_execution,candidate,torch,2.11.0,stage4/results/torch-thesis-all-coverage/execution_results/torch.storage.np.polynomial.polynomial.polyvalfromroots.results.json,python3 -m stage4.stage4_worker --init-path json2init/results/torch/torch.storage.np.polynomial.polynomial.polyvalfromroots.init.json --results-json stage4/results/torch-thesis-all-coverage/repro/repro_torch.storage.np.polynomial.polynomial.polyvalfromroots.init.json --mutation-budget 32 --seed 1599,a328c26dc2269200,0,2026-05-12T11:04:00Z,
bug-a82c7175b2d91b89,torch.storage.np.random.choice,differential_mismatch,candidate_implementation_bug,mutation,candidate,torch,2.11.0,stage4/results/torch-thesis-all-coverage/execution_results/torch.storage.np.random.choice.results.json,python3 -m stage4.stage4_worker --init-path json2init/results/torch/torch.storage.np.random.choice.init.json --results-json stage4/results/torch-thesis-all-coverage/repro/repro_torch.storage.np.random.choice.init.json --mutation-budget 32 --seed 1601,a82c7175b2d91b89,0,2026-05-12T11:04:00Z,
bug-627407e65d675151,torch.storage.np.random.mtrand.choice,differential_mismatch,candidate_implementation_bug,mutation,candidate,torch,2.11.0,stage4/results/torch-thesis-all-coverage/execution_results/torch.storage.np.random.mtrand.choice.results.json,python3 -m stage4.stage4_worker --init-path json2init/results/torch/torch.storage.np.random.mtrand.choice.init.json --results-json stage4/results/torch-thesis-all-coverage/repro/repro_torch.storage.np.random.mtrand.choice.init.json --mutation-budget 32 --seed 1602,627407e65d675151,0,2026-05-12T11:04:00Z,
bug-9f15134d6fcb1f75,torch.storage.np.random.mtrand.choice,differential_mismatch,candidate_implementation_bug,mutation,candidate,torch,2.11.0,stage4/results/torch-thesis-all-coverage/execution_results/torch.storage.np.random.mtrand.choice.results.json,python3 -m stage4.stage4_worker --init-path json2init/results/torch/torch.storage.np.random.mtrand.choice.init.json --results-json stage4/results/torch-thesis-all-coverage/repro/repro_torch.storage.np.random.mtrand.choice.init.json --mutation-budget 32 --seed 1602,9f15134d6fcb1f75,0,2026-05-12T11:04:00Z,
bug-23347b3e1ef6b141,torch.storage.np.random.mtrand.standard_cauchy,differential_mismatch,candidate_implementation_bug,base_execution,candidate,torch,2.11.0,stage4/results/torch-thesis-all-coverage/execution_results/torch.storage.np.random.mtrand.standard_cauchy.results.json,python3 -m stage4.stage4_worker --init-path json2init/results/torch/torch.storage.np.random.mtrand.standard_cauchy.init.json --results-json stage4/results/torch-thesis-all-coverage/repro/repro_torch.storage.np.random.mtrand.standard_cauchy.init.json --mutation-budget 32 --seed 1604,23347b3e1ef6b141,0,2026-05-12T11:04:00Z,
bug-68713cc057ae07e8,torch.storage.np.random.mtrand.standard_exponential,differential_mismatch,candidate_implementation_bug,base_execution,candidate,torch,2.11.0,stage4/results/torch-thesis-all-coverage/execution_results/torch.storage.np.random.mtrand.standard_exponential.results.json,python3 -m stage4.stage4_worker --init-path json2init/results/torch/torch.storage.np.random.mtrand.standard_exponential.init.json --results-json stage4/results/torch-thesis-all-coverage/repro/repro_torch.storage.np.random.mtrand.standard_exponential.init.json --mutation-budget 32 --seed 1605,68713cc057ae07e8,0,2026-05-12T11:04:00Z,
bug-988655521b76084c,torch.storage.np.random.standard_cauchy,differential_mismatch,candidate_implementation_bug,base_execution,candidate,torch,2.11.0,stage4/results/torch-thesis-all-coverage/execution_results/torch.storage.np.random.standard_cauchy.results.json,python3 -m stage4.stage4_worker --init-path json2init/results/torch/torch.storage.np.random.standard_cauchy.init.json --results-json stage4/results/torch-thesis-all-coverage/repro/repro_torch.storage.np.random.standard_cauchy.init.json --mutation-budget 32 --seed 1607,988655521b76084c,0,2026-05-12T11:04:00Z,
bug-265991daa6e819f6,torch.storage.np.random.standard_exponential,differential_mismatch,candidate_implementation_bug,base_execution,candidate,torch,2.11.0,stage4/results/torch-thesis-all-coverage/execution_results/torch.storage.np.random.standard_exponential.results.json,python3 -m stage4.stage4_worker --init-path json2init/results/torch/torch.storage.np.random.standard_exponential.init.json --results-json stage4/results/torch-thesis-all-coverage/repro/repro_torch.storage.np.random.standard_exponential.init.json --mutation-budget 32 --seed 1608,265991daa6e819f6,0,2026-05-12T11:04:00Z,
bug-04482df70708f014,torch.storage.np.rec.fromarrays,differential_mismatch,candidate_implementation_bug,base_execution,candidate,torch,2.11.0,stage4/results/torch-thesis-all-coverage/execution_results/torch.storage.np.rec.fromarrays.results.json,python3 -m stage4.stage4_worker --init-path json2init/results/torch/torch.storage.np.rec.fromarrays.init.json --results-json stage4/results/torch-thesis-all-coverage/repro/repro_torch.storage.np.rec.fromarrays.init.json --mutation-budget 32 --seed 1609,04482df70708f014,0,2026-05-12T11:04:00Z,
bug-eec739d9fbbb69b9,torch.storage.np.roll,differential_mismatch,candidate_implementation_bug,base_execution,candidate,torch,2.11.0,stage4/results/torch-thesis-all-coverage/execution_results/torch.storage.np.roll.results.json,python3 -m stage4.stage4_worker --init-path json2init/results/torch/torch.storage.np.roll.init.json --results-json stage4/results/torch-thesis-all-coverage/repro/repro_torch.storage.np.roll.init.json --mutation-budget 32 --seed 1611,eec739d9fbbb69b9,0,2026-05-12T11:04:00Z,
bug-8e1e69c647d3f587,torch.storage.np.roots,differential_mismatch,candidate_implementation_bug,base_execution,candidate,torch,2.11.0,stage4/results/torch-thesis-all-coverage/execution_results/torch.storage.np.roots.results.json,python3 -m stage4.stage4_worker --init-path json2init/results/torch/torch.storage.np.roots.init.json --results-json stage4/results/torch-thesis-all-coverage/repro/repro_torch.storage.np.roots.init.json --mutation-budget 32 --seed 1612,8e1e69c647d3f587,0,2026-05-12T11:04:00Z,
bug-652d7ee9be8e5fbc,torch.storage.np.roots,unexpected_exception_on_valid_input,candidate_implementation_bug,mutation,candidate,torch,2.11.0,stage4/results/torch-thesis-all-coverage/execution_results/torch.storage.np.roots.results.json,python3 -m stage4.stage4_worker --init-path json2init/results/torch/torch.storage.np.roots.init.json --results-json stage4/results/torch-thesis-all-coverage/repro/repro_torch.storage.np.roots.init.json --mutation-budget 32 --seed 1612,652d7ee9be8e5fbc,0,2026-05-12T11:04:00Z,
bug-acaf950e59cedfd0,torch.storage.np.row_stack,differential_mismatch,candidate_implementation_bug,base_execution,candidate,torch,2.11.0,stage4/results/torch-thesis-all-coverage/execution_results/torch.storage.np.row_stack.results.json,python3 -m stage4.stage4_worker --init-path json2init/results/torch/torch.storage.np.row_stack.init.json --results-json stage4/results/torch-thesis-all-coverage/repro/repro_torch.storage.np.row_stack.init.json --mutation-budget 32 --seed 1613,acaf950e59cedfd0,0,2026-05-12T11:04:00Z,
bug-e868bdb1d3eafd41,torch.storage.np.sinc,differential_mismatch,candidate_implementation_bug,base_execution,candidate,torch,2.11.0,stage4/results/torch-thesis-all-coverage/execution_results/torch.storage.np.sinc.results.json,python3 -m stage4.stage4_worker --init-path json2init/results/torch/torch.storage.np.sinc.init.json --results-json stage4/results/torch-thesis-all-coverage/repro/repro_torch.storage.np.sinc.init.json --mutation-budget 32 --seed 1615,e868bdb1d3eafd41,0,2026-05-12T11:04:00Z,
bug-b1bd59b36c283f13,torch.storage.np.sort,differential_mismatch,candidate_implementation_bug,base_execution,candidate,torch,2.11.0,stage4/results/torch-thesis-all-coverage/execution_results/torch.storage.np.sort.results.json,python3 -m stage4.stage4_worker --init-path json2init/results/torch/torch.storage.np.sort.init.json --results-json stage4/results/torch-thesis-all-coverage/repro/repro_torch.storage.np.sort.init.json --mutation-budget 32 --seed 1616,b1bd59b36c283f13,0,2026-05-12T11:04:00Z,
bug-294fb1cf12f2a4b8,torch.storage.np.stack,differential_mismatch,candidate_implementation_bug,base_execution,candidate,torch,2.11.0,stage4/results/torch-thesis-all-coverage/execution_results/torch.storage.np.stack.results.json,python3 -m stage4.stage4_worker --init-path json2init/results/torch/torch.storage.np.stack.init.json --results-json stage4/results/torch-thesis-all-coverage/repro/repro_torch.storage.np.stack.init.json --mutation-budget 32 --seed 1617,294fb1cf12f2a4b8,0,2026-05-12T11:04:00Z,
bug-66bbe45f4229aa7c,torch.storage.np.transpose,differential_mismatch,candidate_implementation_bug,base_execution,candidate,torch,2.11.0,stage4/results/torch-thesis-all-coverage/execution_results/torch.storage.np.transpose.results.json,python3 -m stage4.stage4_worker --init-path json2init/results/torch/torch.storage.np.transpose.init.json --results-json stage4/results/torch-thesis-all-coverage/repro/repro_torch.storage.np.transpose.init.json --mutation-budget 32 --seed 1618,66bbe45f4229aa7c,0,2026-05-12T11:04:00Z,
bug-9f1a5eb914f1d7b5,torch.storage.np.tri,crash_or_abort,candidate_implementation_bug,mutation,candidate,torch,2.11.0,stage4/results/torch-thesis-all-coverage/execution_results/torch.storage.np.tri.results.json,python3 -m stage4.stage4_worker --init-path json2init/results/torch/torch.storage.np.tri.init.json --results-json stage4/results/torch-thesis-all-coverage/repro/repro_torch.storage.np.tri.init.json --mutation-budget 32 --seed 1619,9f1a5eb914f1d7b5,-9,2026-05-12T11:04:00Z,
bug-616a8a8977bccbe9,torch.storage.np.tril,differential_mismatch,candidate_implementation_bug,base_execution,candidate,torch,2.11.0,stage4/results/torch-thesis-all-coverage/execution_results/torch.storage.np.tril.results.json,python3 -m stage4.stage4_worker --init-path json2init/results/torch/torch.storage.np.tril.init.json --results-json stage4/results/torch-thesis-all-coverage/repro/repro_torch.storage.np.tril.init.json --mutation-budget 32 --seed 1620,616a8a8977bccbe9,0,2026-05-12T11:04:00Z,
bug-c6e946a2876f4d08,torch.storage.np.tril_indices,crash_or_abort,candidate_implementation_bug,mutation,candidate,torch,2.11.0,stage4/results/torch-thesis-all-coverage/execution_results/torch.storage.np.tril_indices.results.json,python3 -m stage4.stage4_worker --init-path json2init/results/torch/torch.storage.np.tril_indices.init.json --results-json stage4/results/torch-thesis-all-coverage/repro/repro_torch.storage.np.tril_indices.init.json --mutation-budget 32 --seed 1621,c6e946a2876f4d08,-9,2026-05-12T11:04:00Z,
bug-fd460470b17da939,torch.storage.np.trim_zeros,differential_mismatch,candidate_implementation_bug,base_execution,candidate,torch,2.11.0,stage4/results/torch-thesis-all-coverage/execution_results/torch.storage.np.trim_zeros.results.json,python3 -m stage4.stage4_worker --init-path json2init/results/torch/torch.storage.np.trim_zeros.init.json --results-json stage4/results/torch-thesis-all-coverage/repro/repro_torch.storage.np.trim_zeros.init.json --mutation-budget 32 --seed 1622,fd460470b17da939,0,2026-05-12T11:04:00Z,
bug-97a06fb2711b89f1,torch.storage.np.triu_indices,crash_or_abort,candidate_implementation_bug,mutation,candidate,torch,2.11.0,stage4/results/torch-thesis-all-coverage/execution_results/torch.storage.np.triu_indices.results.json,python3 -m stage4.stage4_worker --init-path json2init/results/torch/torch.storage.np.triu_indices.init.json --results-json stage4/results/torch-thesis-all-coverage/repro/repro_torch.storage.np.triu_indices.init.json --mutation-budget 32 --seed 1623,97a06fb2711b89f1,-9,2026-05-12T11:04:00Z,
bug-7cfdece9dcc996bb,torch.storage.np.unwrap,differential_mismatch,candidate_implementation_bug,base_execution,candidate,torch,2.11.0,stage4/results/torch-thesis-all-coverage/execution_results/torch.storage.np.unwrap.results.json,python3 -m stage4.stage4_worker --init-path json2init/results/torch/torch.storage.np.unwrap.init.json --results-json stage4/results/torch-thesis-all-coverage/repro/repro_torch.storage.np.unwrap.init.json --mutation-budget 32 --seed 1624,7cfdece9dcc996bb,0,2026-05-12T11:04:00Z,
bug-570ae0a59d20e1d9,torch.storage.np.vstack,differential_mismatch,candidate_implementation_bug,base_execution,candidate,torch,2.11.0,stage4/results/torch-thesis-all-coverage/execution_results/torch.storage.np.vstack.results.json,python3 -m stage4.stage4_worker --init-path json2init/results/torch/torch.storage.np.vstack.init.json --results-json stage4/results/torch-thesis-all-coverage/repro/repro_torch.storage.np.vstack.init.json --mutation-budget 32 --seed 1625,570ae0a59d20e1d9,0,2026-05-12T11:04:00Z,
bug-8d9237fb5cf66d88,torch.storage.np.zeros_like,differential_mismatch,candidate_implementation_bug,base_execution,candidate,torch,2.11.0,stage4/results/torch-thesis-all-coverage/execution_results/torch.storage.np.zeros_like.results.json,python3 -m stage4.stage4_worker --init-path json2init/results/torch/torch.storage.np.zeros_like.init.json --results-json stage4/results/torch-thesis-all-coverage/repro/repro_torch.storage.np.zeros_like.init.json --mutation-budget 32 --seed 1627,8d9237fb5cf66d88,0,2026-05-12T11:04:00Z,
