api_full_name,case_kind,case_index,mutation_intent,param,rule,success,classification,error_type,error,results_json_path
torch.cuda.max_memory_allocated,base_valid,0,valid,,,True,success_valid,,,stage4/results/torch-thesis-all-coverage/execution_results/torch.cuda.max_memory_allocated.results.json
torch.cuda.max_memory_reserved,base_valid,0,valid,,,True,success_valid,,,stage4/results/torch-thesis-all-coverage/execution_results/torch.cuda.max_memory_reserved.results.json
torch.cuda.memory.max_memory_allocated,base_valid,0,valid,,,True,success_valid,,,stage4/results/torch-thesis-all-coverage/execution_results/torch.cuda.memory.max_memory_allocated.results.json
torch.cuda.memory.max_memory_reserved,base_valid,0,valid,,,True,success_valid,,,stage4/results/torch-thesis-all-coverage/execution_results/torch.cuda.memory.max_memory_reserved.results.json
torch.cuda.memory.memory_allocated,base_valid,0,valid,,,True,success_valid,,,stage4/results/torch-thesis-all-coverage/execution_results/torch.cuda.memory.memory_allocated.results.json
torch.cuda.memory.memory_reserved,base_valid,0,valid,,,True,success_valid,,,stage4/results/torch-thesis-all-coverage/execution_results/torch.cuda.memory.memory_reserved.results.json
torch.cuda.memory.memory_stats,base_valid,0,valid,,,True,success_valid,,,stage4/results/torch-thesis-all-coverage/execution_results/torch.cuda.memory.memory_stats.results.json
torch.cuda.memory_allocated,base_valid,0,valid,,,True,success_valid,,,stage4/results/torch-thesis-all-coverage/execution_results/torch.cuda.memory_allocated.results.json
torch.cuda.memory_reserved,base_valid,0,valid,,,True,success_valid,,,stage4/results/torch-thesis-all-coverage/execution_results/torch.cuda.memory_reserved.results.json
torch.cuda.memory_stats,base_valid,0,valid,,,True,success_valid,,,stage4/results/torch-thesis-all-coverage/execution_results/torch.cuda.memory_stats.results.json
torch.distributions.bernoulli.binary_cross_entropy_with_logits,base_valid,0,valid,,,True,success_valid,,,stage4/results/torch-thesis-all-coverage/execution_results/torch.distributions.bernoulli.binary_cross_entropy_with_logits.results.json
torch.distributions.bernoulli.binary_cross_entropy_with_logits,valid_mutation,1,valid,input,value_division,True,valid_mutation_success,,,stage4/results/torch-thesis-all-coverage/execution_results/torch.distributions.bernoulli.binary_cross_entropy_with_logits.results.json
torch.distributions.bernoulli.binary_cross_entropy_with_logits,valid_mutation,2,valid,input,value_large_magnitude,True,valid_mutation_success,,,stage4/results/torch-thesis-all-coverage/execution_results/torch.distributions.bernoulli.binary_cross_entropy_with_logits.results.json
torch.distributions.bernoulli.binary_cross_entropy_with_logits,valid_mutation,3,valid,input,value_posinf,True,valid_mutation_success,,,stage4/results/torch-thesis-all-coverage/execution_results/torch.distributions.bernoulli.binary_cross_entropy_with_logits.results.json
torch.distributions.bernoulli.binary_cross_entropy_with_logits,valid_mutation,4,valid,input,value_noise,True,valid_mutation_success,,,stage4/results/torch-thesis-all-coverage/execution_results/torch.distributions.bernoulli.binary_cross_entropy_with_logits.results.json
torch.distributions.bernoulli.binary_cross_entropy_with_logits,valid_mutation,5,valid,input,value_nan,True,valid_mutation_success,,,stage4/results/torch-thesis-all-coverage/execution_results/torch.distributions.bernoulli.binary_cross_entropy_with_logits.results.json
torch.distributions.bernoulli.binary_cross_entropy_with_logits,valid_mutation,6,valid,input,value_negzero,True,valid_mutation_success,,,stage4/results/torch-thesis-all-coverage/execution_results/torch.distributions.bernoulli.binary_cross_entropy_with_logits.results.json
torch.distributions.bernoulli.binary_cross_entropy_with_logits,valid_mutation,7,valid,input,value_mask,True,valid_mutation_success,,,stage4/results/torch-thesis-all-coverage/execution_results/torch.distributions.bernoulli.binary_cross_entropy_with_logits.results.json
torch.distributions.bernoulli.binary_cross_entropy_with_logits,valid_mutation,8,valid,input,value_neginf,True,valid_mutation_success,,,stage4/results/torch-thesis-all-coverage/execution_results/torch.distributions.bernoulli.binary_cross_entropy_with_logits.results.json
torch.distributions.bernoulli.binary_cross_entropy_with_logits,negative_mutation,9,negative,input,shape_expand,False,expected_negative_rejection,ValueError,Target size (torch.Size([2])) must be the same as input size (torch.Size([3])),stage4/results/torch-thesis-all-coverage/execution_results/torch.distributions.bernoulli.binary_cross_entropy_with_logits.results.json
torch.distributions.bernoulli.binary_cross_entropy_with_logits,negative_mutation,10,negative,input,dtype_mutate,True,negative_accepted_not_bug,,,stage4/results/torch-thesis-all-coverage/execution_results/torch.distributions.bernoulli.binary_cross_entropy_with_logits.results.json
torch.distributions.bernoulli.binary_cross_entropy_with_logits,valid_mutation,11,valid,target,value_neginf,True,valid_mutation_success,,,stage4/results/torch-thesis-all-coverage/execution_results/torch.distributions.bernoulli.binary_cross_entropy_with_logits.results.json
torch.distributions.bernoulli.binary_cross_entropy_with_logits,valid_mutation,12,valid,target,value_negzero,True,valid_mutation_success,,,stage4/results/torch-thesis-all-coverage/execution_results/torch.distributions.bernoulli.binary_cross_entropy_with_logits.results.json
torch.distributions.bernoulli.binary_cross_entropy_with_logits,valid_mutation,13,valid,target,value_posinf,True,valid_mutation_success,,,stage4/results/torch-thesis-all-coverage/execution_results/torch.distributions.bernoulli.binary_cross_entropy_with_logits.results.json
torch.distributions.bernoulli.binary_cross_entropy_with_logits,valid_mutation,14,valid,target,value_large_magnitude,True,valid_mutation_success,,,stage4/results/torch-thesis-all-coverage/execution_results/torch.distributions.bernoulli.binary_cross_entropy_with_logits.results.json
torch.distributions.bernoulli.binary_cross_entropy_with_logits,valid_mutation,15,valid,target,value_division,True,valid_mutation_success,,,stage4/results/torch-thesis-all-coverage/execution_results/torch.distributions.bernoulli.binary_cross_entropy_with_logits.results.json
torch.distributions.bernoulli.binary_cross_entropy_with_logits,valid_mutation,16,valid,target,value_mask,True,valid_mutation_success,,,stage4/results/torch-thesis-all-coverage/execution_results/torch.distributions.bernoulli.binary_cross_entropy_with_logits.results.json
torch.distributions.bernoulli.binary_cross_entropy_with_logits,valid_mutation,17,valid,target,value_nan,True,valid_mutation_success,,,stage4/results/torch-thesis-all-coverage/execution_results/torch.distributions.bernoulli.binary_cross_entropy_with_logits.results.json
torch.distributions.bernoulli.binary_cross_entropy_with_logits,valid_mutation,18,valid,target,value_noise,True,valid_mutation_success,,,stage4/results/torch-thesis-all-coverage/execution_results/torch.distributions.bernoulli.binary_cross_entropy_with_logits.results.json
torch.distributions.bernoulli.binary_cross_entropy_with_logits,negative_mutation,19,negative,target,shape_shrink,False,expected_negative_rejection,ValueError,Target size (torch.Size([1])) must be the same as input size (torch.Size([2])),stage4/results/torch-thesis-all-coverage/execution_results/torch.distributions.bernoulli.binary_cross_entropy_with_logits.results.json
torch.distributions.bernoulli.binary_cross_entropy_with_logits,negative_mutation,20,negative,target,dtype_mutate,True,negative_accepted_not_bug,,,stage4/results/torch-thesis-all-coverage/execution_results/torch.distributions.bernoulli.binary_cross_entropy_with_logits.results.json
torch.distributions.continuous_bernoulli.binary_cross_entropy_with_logits,base_valid,0,valid,,,True,success_valid,,,stage4/results/torch-thesis-all-coverage/execution_results/torch.distributions.continuous_bernoulli.binary_cross_entropy_with_logits.results.json
torch.distributions.continuous_bernoulli.binary_cross_entropy_with_logits,valid_mutation,1,valid,input,value_mask,True,valid_mutation_success,,,stage4/results/torch-thesis-all-coverage/execution_results/torch.distributions.continuous_bernoulli.binary_cross_entropy_with_logits.results.json
torch.distributions.continuous_bernoulli.binary_cross_entropy_with_logits,valid_mutation,2,valid,input,value_large_magnitude,True,valid_mutation_success,,,stage4/results/torch-thesis-all-coverage/execution_results/torch.distributions.continuous_bernoulli.binary_cross_entropy_with_logits.results.json
torch.distributions.continuous_bernoulli.binary_cross_entropy_with_logits,valid_mutation,3,valid,input,value_noise,True,valid_mutation_success,,,stage4/results/torch-thesis-all-coverage/execution_results/torch.distributions.continuous_bernoulli.binary_cross_entropy_with_logits.results.json
torch.distributions.continuous_bernoulli.binary_cross_entropy_with_logits,valid_mutation,4,valid,input,value_division,True,valid_mutation_success,,,stage4/results/torch-thesis-all-coverage/execution_results/torch.distributions.continuous_bernoulli.binary_cross_entropy_with_logits.results.json
torch.distributions.continuous_bernoulli.binary_cross_entropy_with_logits,valid_mutation,5,valid,input,value_negzero,True,valid_mutation_success,,,stage4/results/torch-thesis-all-coverage/execution_results/torch.distributions.continuous_bernoulli.binary_cross_entropy_with_logits.results.json
torch.distributions.continuous_bernoulli.binary_cross_entropy_with_logits,valid_mutation,6,valid,input,value_neginf,True,valid_mutation_success,,,stage4/results/torch-thesis-all-coverage/execution_results/torch.distributions.continuous_bernoulli.binary_cross_entropy_with_logits.results.json
torch.distributions.continuous_bernoulli.binary_cross_entropy_with_logits,valid_mutation,7,valid,input,value_nan,True,valid_mutation_success,,,stage4/results/torch-thesis-all-coverage/execution_results/torch.distributions.continuous_bernoulli.binary_cross_entropy_with_logits.results.json
torch.distributions.continuous_bernoulli.binary_cross_entropy_with_logits,valid_mutation,8,valid,input,value_posinf,True,valid_mutation_success,,,stage4/results/torch-thesis-all-coverage/execution_results/torch.distributions.continuous_bernoulli.binary_cross_entropy_with_logits.results.json
torch.distributions.continuous_bernoulli.binary_cross_entropy_with_logits,negative_mutation,9,negative,input,shape_expand,False,expected_negative_rejection,ValueError,Target size (torch.Size([2])) must be the same as input size (torch.Size([3])),stage4/results/torch-thesis-all-coverage/execution_results/torch.distributions.continuous_bernoulli.binary_cross_entropy_with_logits.results.json
torch.distributions.continuous_bernoulli.binary_cross_entropy_with_logits,negative_mutation,10,negative,input,dtype_mutate,True,negative_accepted_not_bug,,,stage4/results/torch-thesis-all-coverage/execution_results/torch.distributions.continuous_bernoulli.binary_cross_entropy_with_logits.results.json
torch.distributions.continuous_bernoulli.binary_cross_entropy_with_logits,valid_mutation,11,valid,target,value_posinf,True,valid_mutation_success,,,stage4/results/torch-thesis-all-coverage/execution_results/torch.distributions.continuous_bernoulli.binary_cross_entropy_with_logits.results.json
torch.distributions.continuous_bernoulli.binary_cross_entropy_with_logits,valid_mutation,12,valid,target,value_large_magnitude,True,valid_mutation_success,,,stage4/results/torch-thesis-all-coverage/execution_results/torch.distributions.continuous_bernoulli.binary_cross_entropy_with_logits.results.json
torch.distributions.continuous_bernoulli.binary_cross_entropy_with_logits,valid_mutation,13,valid,target,value_neginf,True,valid_mutation_success,,,stage4/results/torch-thesis-all-coverage/execution_results/torch.distributions.continuous_bernoulli.binary_cross_entropy_with_logits.results.json
torch.distributions.continuous_bernoulli.binary_cross_entropy_with_logits,valid_mutation,14,valid,target,value_noise,True,valid_mutation_success,,,stage4/results/torch-thesis-all-coverage/execution_results/torch.distributions.continuous_bernoulli.binary_cross_entropy_with_logits.results.json
torch.distributions.continuous_bernoulli.binary_cross_entropy_with_logits,valid_mutation,15,valid,target,value_nan,True,valid_mutation_success,,,stage4/results/torch-thesis-all-coverage/execution_results/torch.distributions.continuous_bernoulli.binary_cross_entropy_with_logits.results.json
torch.distributions.continuous_bernoulli.binary_cross_entropy_with_logits,valid_mutation,16,valid,target,value_division,True,valid_mutation_success,,,stage4/results/torch-thesis-all-coverage/execution_results/torch.distributions.continuous_bernoulli.binary_cross_entropy_with_logits.results.json
torch.distributions.continuous_bernoulli.binary_cross_entropy_with_logits,valid_mutation,17,valid,target,value_negzero,True,valid_mutation_success,,,stage4/results/torch-thesis-all-coverage/execution_results/torch.distributions.continuous_bernoulli.binary_cross_entropy_with_logits.results.json
torch.distributions.continuous_bernoulli.binary_cross_entropy_with_logits,valid_mutation,18,valid,target,value_mask,True,valid_mutation_success,,,stage4/results/torch-thesis-all-coverage/execution_results/torch.distributions.continuous_bernoulli.binary_cross_entropy_with_logits.results.json
torch.distributions.continuous_bernoulli.binary_cross_entropy_with_logits,negative_mutation,19,negative,target,shape_expand,False,expected_negative_rejection,ValueError,Target size (torch.Size([3])) must be the same as input size (torch.Size([2])),stage4/results/torch-thesis-all-coverage/execution_results/torch.distributions.continuous_bernoulli.binary_cross_entropy_with_logits.results.json
torch.distributions.continuous_bernoulli.binary_cross_entropy_with_logits,negative_mutation,20,negative,target,dtype_mutate,True,negative_accepted_not_bug,,,stage4/results/torch-thesis-all-coverage/execution_results/torch.distributions.continuous_bernoulli.binary_cross_entropy_with_logits.results.json
torch.distributions.geometric.binary_cross_entropy_with_logits,base_valid,0,valid,,,True,success_valid,,,stage4/results/torch-thesis-all-coverage/execution_results/torch.distributions.geometric.binary_cross_entropy_with_logits.results.json
torch.distributions.geometric.binary_cross_entropy_with_logits,valid_mutation,1,valid,input,value_negzero,True,valid_mutation_success,,,stage4/results/torch-thesis-all-coverage/execution_results/torch.distributions.geometric.binary_cross_entropy_with_logits.results.json
torch.distributions.geometric.binary_cross_entropy_with_logits,valid_mutation,2,valid,input,value_neginf,True,valid_mutation_success,,,stage4/results/torch-thesis-all-coverage/execution_results/torch.distributions.geometric.binary_cross_entropy_with_logits.results.json
torch.distributions.geometric.binary_cross_entropy_with_logits,valid_mutation,3,valid,input,value_nan,True,valid_mutation_success,,,stage4/results/torch-thesis-all-coverage/execution_results/torch.distributions.geometric.binary_cross_entropy_with_logits.results.json
torch.distributions.geometric.binary_cross_entropy_with_logits,valid_mutation,4,valid,input,value_mask,True,valid_mutation_success,,,stage4/results/torch-thesis-all-coverage/execution_results/torch.distributions.geometric.binary_cross_entropy_with_logits.results.json
torch.distributions.geometric.binary_cross_entropy_with_logits,valid_mutation,5,valid,input,value_noise,True,valid_mutation_success,,,stage4/results/torch-thesis-all-coverage/execution_results/torch.distributions.geometric.binary_cross_entropy_with_logits.results.json
torch.distributions.geometric.binary_cross_entropy_with_logits,valid_mutation,6,valid,input,value_posinf,True,valid_mutation_success,,,stage4/results/torch-thesis-all-coverage/execution_results/torch.distributions.geometric.binary_cross_entropy_with_logits.results.json
torch.distributions.geometric.binary_cross_entropy_with_logits,valid_mutation,7,valid,input,value_division,True,valid_mutation_success,,,stage4/results/torch-thesis-all-coverage/execution_results/torch.distributions.geometric.binary_cross_entropy_with_logits.results.json
torch.distributions.geometric.binary_cross_entropy_with_logits,valid_mutation,8,valid,input,value_large_magnitude,True,valid_mutation_success,,,stage4/results/torch-thesis-all-coverage/execution_results/torch.distributions.geometric.binary_cross_entropy_with_logits.results.json
torch.distributions.geometric.binary_cross_entropy_with_logits,negative_mutation,9,negative,input,shape_expand,False,expected_negative_rejection,ValueError,Target size (torch.Size([2])) must be the same as input size (torch.Size([3])),stage4/results/torch-thesis-all-coverage/execution_results/torch.distributions.geometric.binary_cross_entropy_with_logits.results.json
torch.distributions.geometric.binary_cross_entropy_with_logits,negative_mutation,10,negative,input,dtype_mutate,True,negative_accepted_not_bug,,,stage4/results/torch-thesis-all-coverage/execution_results/torch.distributions.geometric.binary_cross_entropy_with_logits.results.json
torch.distributions.geometric.binary_cross_entropy_with_logits,valid_mutation,11,valid,target,value_mask,True,valid_mutation_success,,,stage4/results/torch-thesis-all-coverage/execution_results/torch.distributions.geometric.binary_cross_entropy_with_logits.results.json
torch.distributions.geometric.binary_cross_entropy_with_logits,valid_mutation,12,valid,target,value_noise,True,valid_mutation_success,,,stage4/results/torch-thesis-all-coverage/execution_results/torch.distributions.geometric.binary_cross_entropy_with_logits.results.json
torch.distributions.geometric.binary_cross_entropy_with_logits,valid_mutation,13,valid,target,value_negzero,True,valid_mutation_success,,,stage4/results/torch-thesis-all-coverage/execution_results/torch.distributions.geometric.binary_cross_entropy_with_logits.results.json
torch.distributions.geometric.binary_cross_entropy_with_logits,valid_mutation,14,valid,target,value_division,True,valid_mutation_success,,,stage4/results/torch-thesis-all-coverage/execution_results/torch.distributions.geometric.binary_cross_entropy_with_logits.results.json
torch.distributions.geometric.binary_cross_entropy_with_logits,valid_mutation,15,valid,target,value_neginf,True,valid_mutation_success,,,stage4/results/torch-thesis-all-coverage/execution_results/torch.distributions.geometric.binary_cross_entropy_with_logits.results.json
torch.distributions.geometric.binary_cross_entropy_with_logits,valid_mutation,16,valid,target,value_nan,True,valid_mutation_success,,,stage4/results/torch-thesis-all-coverage/execution_results/torch.distributions.geometric.binary_cross_entropy_with_logits.results.json
torch.distributions.geometric.binary_cross_entropy_with_logits,valid_mutation,17,valid,target,value_large_magnitude,True,valid_mutation_success,,,stage4/results/torch-thesis-all-coverage/execution_results/torch.distributions.geometric.binary_cross_entropy_with_logits.results.json
torch.distributions.geometric.binary_cross_entropy_with_logits,valid_mutation,18,valid,target,value_posinf,True,valid_mutation_success,,,stage4/results/torch-thesis-all-coverage/execution_results/torch.distributions.geometric.binary_cross_entropy_with_logits.results.json
torch.distributions.geometric.binary_cross_entropy_with_logits,negative_mutation,19,negative,target,shape_expand,False,expected_negative_rejection,ValueError,Target size (torch.Size([3])) must be the same as input size (torch.Size([2])),stage4/results/torch-thesis-all-coverage/execution_results/torch.distributions.geometric.binary_cross_entropy_with_logits.results.json
torch.distributions.geometric.binary_cross_entropy_with_logits,negative_mutation,20,negative,target,dtype_mutate,True,negative_accepted_not_bug,,,stage4/results/torch-thesis-all-coverage/execution_results/torch.distributions.geometric.binary_cross_entropy_with_logits.results.json
torch.distributions.transforms.pad,base_valid,0,valid,,,True,success_valid,,,stage4/results/torch-thesis-all-coverage/execution_results/torch.distributions.transforms.pad.results.json
torch.distributions.transforms.pad,valid_mutation,1,valid,input,value_division,True,valid_mutation_success,,,stage4/results/torch-thesis-all-coverage/execution_results/torch.distributions.transforms.pad.results.json
torch.distributions.transforms.pad,valid_mutation,2,valid,input,value_neginf,True,valid_mutation_success,,,stage4/results/torch-thesis-all-coverage/execution_results/torch.distributions.transforms.pad.results.json
torch.distributions.transforms.pad,valid_mutation,3,valid,input,value_posinf,True,valid_mutation_success,,,stage4/results/torch-thesis-all-coverage/execution_results/torch.distributions.transforms.pad.results.json
torch.distributions.transforms.pad,valid_mutation,4,valid,input,value_noise,True,valid_mutation_success,,,stage4/results/torch-thesis-all-coverage/execution_results/torch.distributions.transforms.pad.results.json
torch.distributions.transforms.pad,valid_mutation,5,valid,input,value_mask,True,valid_mutation_success,,,stage4/results/torch-thesis-all-coverage/execution_results/torch.distributions.transforms.pad.results.json
torch.distributions.transforms.pad,valid_mutation,6,valid,input,value_large_magnitude,True,valid_mutation_success,,,stage4/results/torch-thesis-all-coverage/execution_results/torch.distributions.transforms.pad.results.json
torch.distributions.transforms.pad,valid_mutation,7,valid,input,value_nan,True,valid_mutation_success,,,stage4/results/torch-thesis-all-coverage/execution_results/torch.distributions.transforms.pad.results.json
torch.distributions.transforms.pad,valid_mutation,8,valid,input,value_negzero,True,valid_mutation_success,,,stage4/results/torch-thesis-all-coverage/execution_results/torch.distributions.transforms.pad.results.json
torch.distributions.transforms.pad,negative_mutation,9,negative,input,shape_shrink,True,negative_accepted_not_bug,,,stage4/results/torch-thesis-all-coverage/execution_results/torch.distributions.transforms.pad.results.json
torch.distributions.transforms.pad,negative_mutation,10,negative,input,dtype_mutate,True,negative_accepted_not_bug,,,stage4/results/torch-thesis-all-coverage/execution_results/torch.distributions.transforms.pad.results.json
torch.distributions.transforms.pad,valid_mutation,11,valid,pad,element_delta,True,valid_mutation_success,,,stage4/results/torch-thesis-all-coverage/execution_results/torch.distributions.transforms.pad.results.json
torch.distributions.transforms.pad,valid_mutation,12,valid,pad,structure_grow,False,invalid_valid_mutation,RuntimeError,Padding length must be divisible by 2,stage4/results/torch-thesis-all-coverage/execution_results/torch.distributions.transforms.pad.results.json
torch.distributions.transforms.pad,negative_mutation,13,negative,pad,structure_shrink,False,expected_negative_rejection,RuntimeError,Padding length must be divisible by 2,stage4/results/torch-thesis-all-coverage/execution_results/torch.distributions.transforms.pad.results.json
torch.fx.experimental.symbolic_shapes.cast_symbool_to_symint_guardless,base_valid,0,valid,,,True,success_valid,,,stage4/results/torch-thesis-all-coverage/execution_results/torch.fx.experimental.symbolic_shapes.cast_symbool_to_symint_guardless.results.json
torch.fx.experimental.symbolic_shapes.cast_symbool_to_symint_guardless,valid_mutation,1,valid,symbool,scalar_delta,True,valid_mutation_success,,,stage4/results/torch-thesis-all-coverage/execution_results/torch.fx.experimental.symbolic_shapes.cast_symbool_to_symint_guardless.results.json
torch.fx.experimental.symbolic_shapes.cast_symbool_to_symint_guardless,negative_mutation,2,negative,symbool,type_widen,True,negative_accepted_not_bug,,,stage4/results/torch-thesis-all-coverage/execution_results/torch.fx.experimental.symbolic_shapes.cast_symbool_to_symint_guardless.results.json
torch.fx.experimental.symbolic_shapes.free_symbols,base_valid,0,valid,,,True,success_valid,,,stage4/results/torch-thesis-all-coverage/execution_results/torch.fx.experimental.symbolic_shapes.free_symbols.results.json
torch.fx.experimental.symbolic_shapes.guard_scalar,base_valid,0,valid,,,True,success_valid,,,stage4/results/torch-thesis-all-coverage/execution_results/torch.fx.experimental.symbolic_shapes.guard_scalar.results.json
torch.fx.experimental.symbolic_shapes.guard_scalar,valid_mutation,1,valid,a,scalar_delta,True,valid_mutation_success,,,stage4/results/torch-thesis-all-coverage/execution_results/torch.fx.experimental.symbolic_shapes.guard_scalar.results.json
torch.fx.experimental.symbolic_shapes.guard_scalar,negative_mutation,2,negative,a,type_widen,True,negative_accepted_not_bug,,,stage4/results/torch-thesis-all-coverage/execution_results/torch.fx.experimental.symbolic_shapes.guard_scalar.results.json
torch.fx.experimental.symbolic_shapes.has_static_value,base_valid,0,valid,,,True,success_valid,,,stage4/results/torch-thesis-all-coverage/execution_results/torch.fx.experimental.symbolic_shapes.has_static_value.results.json
torch.fx.experimental.symbolic_shapes.has_static_value,valid_mutation,1,valid,a,scalar_delta,True,valid_mutation_success,,,stage4/results/torch-thesis-all-coverage/execution_results/torch.fx.experimental.symbolic_shapes.has_static_value.results.json
torch.fx.experimental.symbolic_shapes.has_static_value,negative_mutation,2,negative,a,type_widen,True,negative_accepted_not_bug,,,stage4/results/torch-thesis-all-coverage/execution_results/torch.fx.experimental.symbolic_shapes.has_static_value.results.json
torch.fx.experimental.symbolic_shapes.sympy.cse,base_valid,0,valid,,,True,success_valid,,,stage4/results/torch-thesis-all-coverage/execution_results/torch.fx.experimental.symbolic_shapes.sympy.cse.results.json
torch.fx.experimental.symbolic_shapes.sympy.cse,valid_mutation,1,valid,exprs,element_delta,True,valid_mutation_success,,,stage4/results/torch-thesis-all-coverage/execution_results/torch.fx.experimental.symbolic_shapes.sympy.cse.results.json
torch.fx.experimental.symbolic_shapes.sympy.cse,valid_mutation,2,valid,exprs,structure_grow,True,valid_mutation_success,,,stage4/results/torch-thesis-all-coverage/execution_results/torch.fx.experimental.symbolic_shapes.sympy.cse.results.json
torch.fx.experimental.symbolic_shapes.sympy.cse,negative_mutation,3,negative,exprs,structure_shrink,True,negative_accepted_not_bug,,,stage4/results/torch-thesis-all-coverage/execution_results/torch.fx.experimental.symbolic_shapes.sympy.cse.results.json
torch.fx.experimental.symbolic_shapes.sympy.factor_system,base_valid,0,valid,,,True,success_valid,,,stage4/results/torch-thesis-all-coverage/execution_results/torch.fx.experimental.symbolic_shapes.sympy.factor_system.results.json
torch.fx.experimental.symbolic_shapes.sympy.factor_system,valid_mutation,1,valid,eqs,element_delta,True,valid_mutation_success,,,stage4/results/torch-thesis-all-coverage/execution_results/torch.fx.experimental.symbolic_shapes.sympy.factor_system.results.json
torch.fx.experimental.symbolic_shapes.sympy.factor_system,valid_mutation,2,valid,eqs,structure_grow,True,valid_mutation_success,,,stage4/results/torch-thesis-all-coverage/execution_results/torch.fx.experimental.symbolic_shapes.sympy.factor_system.results.json
torch.fx.experimental.symbolic_shapes.sympy.factor_system,negative_mutation,3,negative,eqs,structure_shrink,True,negative_accepted_not_bug,,,stage4/results/torch-thesis-all-coverage/execution_results/torch.fx.experimental.symbolic_shapes.sympy.factor_system.results.json
torch.fx.experimental.symbolic_shapes.sympy.finite_diff_weights,base_valid,0,valid,,,True,success_valid,,,stage4/results/torch-thesis-all-coverage/execution_results/torch.fx.experimental.symbolic_shapes.sympy.finite_diff_weights.results.json
torch.fx.experimental.symbolic_shapes.sympy.finite_diff_weights,valid_mutation,1,valid,order,scalar_delta,True,valid_mutation_success,,,stage4/results/torch-thesis-all-coverage/execution_results/torch.fx.experimental.symbolic_shapes.sympy.finite_diff_weights.results.json
torch.fx.experimental.symbolic_shapes.sympy.finite_diff_weights,valid_mutation,2,valid,order,value_large_magnitude,True,valid_mutation_success,,,stage4/results/torch-thesis-all-coverage/execution_results/torch.fx.experimental.symbolic_shapes.sympy.finite_diff_weights.results.json
torch.fx.experimental.symbolic_shapes.sympy.finite_diff_weights,negative_mutation,3,negative,order,type_widen,False,expected_negative_rejection,ValueError,Non-integer order illegal,stage4/results/torch-thesis-all-coverage/execution_results/torch.fx.experimental.symbolic_shapes.sympy.finite_diff_weights.results.json
torch.fx.experimental.symbolic_shapes.sympy.finite_diff_weights,valid_mutation,4,valid,x_list,enum_switch,True,valid_mutation_success,,,stage4/results/torch-thesis-all-coverage/execution_results/torch.fx.experimental.symbolic_shapes.sympy.finite_diff_weights.results.json
torch.fx.experimental.symbolic_shapes.sympy.finite_diff_weights,negative_mutation,5,negative,x_list,enum_invalid,True,negative_accepted_not_bug,,,stage4/results/torch-thesis-all-coverage/execution_results/torch.fx.experimental.symbolic_shapes.sympy.finite_diff_weights.results.json
torch.fx.experimental.symbolic_shapes.sympy.intersection,base_valid,0,valid,,,True,success_valid,,,stage4/results/torch-thesis-all-coverage/execution_results/torch.fx.experimental.symbolic_shapes.sympy.intersection.results.json
torch.fx.experimental.symbolic_shapes.sympy.intersection,valid_mutation,1,valid,entities,noop_clone,True,valid_mutation_success,,,stage4/results/torch-thesis-all-coverage/execution_results/torch.fx.experimental.symbolic_shapes.sympy.intersection.results.json
torch.fx.experimental.symbolic_shapes.sympy.intersection,negative_mutation,2,negative,entities,type_switch,True,negative_accepted_not_bug,,,stage4/results/torch-thesis-all-coverage/execution_results/torch.fx.experimental.symbolic_shapes.sympy.intersection.results.json
torch.fx.experimental.symbolic_shapes.sympy.primefactors,base_valid,0,valid,,,True,success_valid,,,stage4/results/torch-thesis-all-coverage/execution_results/torch.fx.experimental.symbolic_shapes.sympy.primefactors.results.json
torch.fx.experimental.symbolic_shapes.sympy.primefactors,valid_mutation,1,valid,n,enum_switch,True,valid_mutation_success,,,stage4/results/torch-thesis-all-coverage/execution_results/torch.fx.experimental.symbolic_shapes.sympy.primefactors.results.json
torch.fx.experimental.symbolic_shapes.sympy.primefactors,valid_mutation,2,valid,n,value_large_magnitude,True,valid_mutation_success,,,stage4/results/torch-thesis-all-coverage/execution_results/torch.fx.experimental.symbolic_shapes.sympy.primefactors.results.json
torch.fx.experimental.symbolic_shapes.sympy.primefactors,negative_mutation,3,negative,n,enum_invalid,True,negative_accepted_not_bug,,,stage4/results/torch-thesis-all-coverage/execution_results/torch.fx.experimental.symbolic_shapes.sympy.primefactors.results.json
torch.masked.amax,base_valid,0,valid,,,True,success_valid,,,stage4/results/torch-thesis-all-coverage/execution_results/torch.masked.amax.results.json
torch.masked.amax,valid_mutation,1,valid,input,value_neginf,True,valid_mutation_success,,,stage4/results/torch-thesis-all-coverage/execution_results/torch.masked.amax.results.json
torch.masked.amax,valid_mutation,2,valid,input,value_mask,True,valid_mutation_success,,,stage4/results/torch-thesis-all-coverage/execution_results/torch.masked.amax.results.json
torch.masked.amax,valid_mutation,3,valid,input,value_large_magnitude,True,valid_mutation_success,,,stage4/results/torch-thesis-all-coverage/execution_results/torch.masked.amax.results.json
torch.masked.amax,valid_mutation,4,valid,input,value_negzero,True,valid_mutation_success,,,stage4/results/torch-thesis-all-coverage/execution_results/torch.masked.amax.results.json
torch.masked.amax,valid_mutation,5,valid,input,value_posinf,True,valid_mutation_success,,,stage4/results/torch-thesis-all-coverage/execution_results/torch.masked.amax.results.json
torch.masked.amax,valid_mutation,6,valid,input,value_nan,True,valid_mutation_success,,,stage4/results/torch-thesis-all-coverage/execution_results/torch.masked.amax.results.json
torch.masked.amax,valid_mutation,7,valid,input,value_noise,True,valid_mutation_success,,,stage4/results/torch-thesis-all-coverage/execution_results/torch.masked.amax.results.json
torch.masked.amax,valid_mutation,8,valid,input,value_division,True,valid_mutation_success,,,stage4/results/torch-thesis-all-coverage/execution_results/torch.masked.amax.results.json
torch.masked.amax,negative_mutation,9,negative,input,shape_shrink,True,negative_accepted_not_bug,,,stage4/results/torch-thesis-all-coverage/execution_results/torch.masked.amax.results.json
torch.masked.amax,negative_mutation,10,negative,input,dtype_mutate,True,negative_accepted_not_bug,,,stage4/results/torch-thesis-all-coverage/execution_results/torch.masked.amax.results.json
torch.masked.amin,base_valid,0,valid,,,True,success_valid,,,stage4/results/torch-thesis-all-coverage/execution_results/torch.masked.amin.results.json
torch.masked.amin,valid_mutation,1,valid,input,value_nan,True,valid_mutation_success,,,stage4/results/torch-thesis-all-coverage/execution_results/torch.masked.amin.results.json
torch.masked.amin,valid_mutation,2,valid,input,value_division,True,valid_mutation_success,,,stage4/results/torch-thesis-all-coverage/execution_results/torch.masked.amin.results.json
torch.masked.amin,valid_mutation,3,valid,input,value_negzero,True,valid_mutation_success,,,stage4/results/torch-thesis-all-coverage/execution_results/torch.masked.amin.results.json
torch.masked.amin,valid_mutation,4,valid,input,value_noise,True,valid_mutation_success,,,stage4/results/torch-thesis-all-coverage/execution_results/torch.masked.amin.results.json
torch.masked.amin,valid_mutation,5,valid,input,value_mask,True,valid_mutation_success,,,stage4/results/torch-thesis-all-coverage/execution_results/torch.masked.amin.results.json
torch.masked.amin,valid_mutation,6,valid,input,value_neginf,True,valid_mutation_success,,,stage4/results/torch-thesis-all-coverage/execution_results/torch.masked.amin.results.json
torch.masked.amin,valid_mutation,7,valid,input,value_posinf,True,valid_mutation_success,,,stage4/results/torch-thesis-all-coverage/execution_results/torch.masked.amin.results.json
torch.masked.amin,valid_mutation,8,valid,input,value_large_magnitude,True,valid_mutation_success,,,stage4/results/torch-thesis-all-coverage/execution_results/torch.masked.amin.results.json
torch.masked.amin,negative_mutation,9,negative,input,shape_shrink,True,negative_accepted_not_bug,,,stage4/results/torch-thesis-all-coverage/execution_results/torch.masked.amin.results.json
torch.masked.amin,negative_mutation,10,negative,input,dtype_mutate,True,negative_accepted_not_bug,,,stage4/results/torch-thesis-all-coverage/execution_results/torch.masked.amin.results.json
torch.masked.argmax,base_valid,0,valid,,,True,success_valid,,,stage4/results/torch-thesis-all-coverage/execution_results/torch.masked.argmax.results.json
torch.masked.argmax,valid_mutation,1,valid,input,value_negzero,True,valid_mutation_success,,,stage4/results/torch-thesis-all-coverage/execution_results/torch.masked.argmax.results.json
torch.masked.argmax,valid_mutation,2,valid,input,value_mask,True,valid_mutation_success,,,stage4/results/torch-thesis-all-coverage/execution_results/torch.masked.argmax.results.json
torch.masked.argmax,valid_mutation,3,valid,input,value_division,True,valid_mutation_success,,,stage4/results/torch-thesis-all-coverage/execution_results/torch.masked.argmax.results.json
torch.masked.argmax,valid_mutation,4,valid,input,value_noise,True,valid_mutation_success,,,stage4/results/torch-thesis-all-coverage/execution_results/torch.masked.argmax.results.json
torch.masked.argmax,valid_mutation,5,valid,input,value_large_magnitude,True,valid_mutation_success,,,stage4/results/torch-thesis-all-coverage/execution_results/torch.masked.argmax.results.json
torch.masked.argmax,valid_mutation,6,valid,input,value_posinf,True,valid_mutation_success,,,stage4/results/torch-thesis-all-coverage/execution_results/torch.masked.argmax.results.json
torch.masked.argmax,valid_mutation,7,valid,input,value_nan,True,differential_mismatch,DifferentialMismatch,floating values differ beyond tolerance,stage4/results/torch-thesis-all-coverage/execution_results/torch.masked.argmax.results.json
torch.masked.argmax,valid_mutation,8,valid,input,value_neginf,True,valid_mutation_success,,,stage4/results/torch-thesis-all-coverage/execution_results/torch.masked.argmax.results.json
torch.masked.argmax,negative_mutation,9,negative,input,shape_expand,True,negative_accepted_not_bug,,,stage4/results/torch-thesis-all-coverage/execution_results/torch.masked.argmax.results.json
torch.masked.argmax,negative_mutation,10,negative,input,dtype_mutate,True,negative_accepted_not_bug,,,stage4/results/torch-thesis-all-coverage/execution_results/torch.masked.argmax.results.json
torch.masked.argmin,base_valid,0,valid,,,True,success_valid,,,stage4/results/torch-thesis-all-coverage/execution_results/torch.masked.argmin.results.json
torch.masked.argmin,valid_mutation,1,valid,input,value_neginf,True,valid_mutation_success,,,stage4/results/torch-thesis-all-coverage/execution_results/torch.masked.argmin.results.json
torch.masked.argmin,valid_mutation,2,valid,input,value_large_magnitude,True,valid_mutation_success,,,stage4/results/torch-thesis-all-coverage/execution_results/torch.masked.argmin.results.json
torch.masked.argmin,valid_mutation,3,valid,input,value_noise,True,valid_mutation_success,,,stage4/results/torch-thesis-all-coverage/execution_results/torch.masked.argmin.results.json
torch.masked.argmin,valid_mutation,4,valid,input,value_mask,True,valid_mutation_success,,,stage4/results/torch-thesis-all-coverage/execution_results/torch.masked.argmin.results.json
torch.masked.argmin,valid_mutation,5,valid,input,value_division,True,valid_mutation_success,,,stage4/results/torch-thesis-all-coverage/execution_results/torch.masked.argmin.results.json
torch.masked.argmin,valid_mutation,6,valid,input,value_negzero,True,valid_mutation_success,,,stage4/results/torch-thesis-all-coverage/execution_results/torch.masked.argmin.results.json
torch.masked.argmin,valid_mutation,7,valid,input,value_posinf,True,valid_mutation_success,,,stage4/results/torch-thesis-all-coverage/execution_results/torch.masked.argmin.results.json
torch.masked.argmin,valid_mutation,8,valid,input,value_nan,True,differential_mismatch,DifferentialMismatch,floating values differ beyond tolerance,stage4/results/torch-thesis-all-coverage/execution_results/torch.masked.argmin.results.json
torch.masked.argmin,negative_mutation,9,negative,input,shape_shrink,True,negative_accepted_not_bug,,,stage4/results/torch-thesis-all-coverage/execution_results/torch.masked.argmin.results.json
torch.masked.argmin,negative_mutation,10,negative,input,dtype_mutate,True,negative_accepted_not_bug,,,stage4/results/torch-thesis-all-coverage/execution_results/torch.masked.argmin.results.json
torch.masked.cumprod,base_valid,0,valid,,,True,success_valid,,,stage4/results/torch-thesis-all-coverage/execution_results/torch.masked.cumprod.results.json
torch.masked.cumprod,valid_mutation,1,valid,input,value_posinf,True,valid_mutation_success,,,stage4/results/torch-thesis-all-coverage/execution_results/torch.masked.cumprod.results.json
torch.masked.cumprod,valid_mutation,2,valid,input,value_negzero,True,valid_mutation_success,,,stage4/results/torch-thesis-all-coverage/execution_results/torch.masked.cumprod.results.json
torch.masked.cumprod,valid_mutation,3,valid,input,value_noise,True,valid_mutation_success,,,stage4/results/torch-thesis-all-coverage/execution_results/torch.masked.cumprod.results.json
torch.masked.cumprod,valid_mutation,4,valid,input,value_nan,True,valid_mutation_success,,,stage4/results/torch-thesis-all-coverage/execution_results/torch.masked.cumprod.results.json
torch.masked.cumprod,valid_mutation,5,valid,input,value_mask,True,valid_mutation_success,,,stage4/results/torch-thesis-all-coverage/execution_results/torch.masked.cumprod.results.json
torch.masked.cumprod,valid_mutation,6,valid,input,value_division,True,valid_mutation_success,,,stage4/results/torch-thesis-all-coverage/execution_results/torch.masked.cumprod.results.json
torch.masked.cumprod,valid_mutation,7,valid,input,value_large_magnitude,True,valid_mutation_success,,,stage4/results/torch-thesis-all-coverage/execution_results/torch.masked.cumprod.results.json
torch.masked.cumprod,valid_mutation,8,valid,input,value_neginf,True,valid_mutation_success,,,stage4/results/torch-thesis-all-coverage/execution_results/torch.masked.cumprod.results.json
torch.masked.cumprod,negative_mutation,9,negative,input,shape_shrink,True,negative_accepted_not_bug,,,stage4/results/torch-thesis-all-coverage/execution_results/torch.masked.cumprod.results.json
torch.masked.cumprod,negative_mutation,10,negative,input,dtype_mutate,True,negative_accepted_not_bug,,,stage4/results/torch-thesis-all-coverage/execution_results/torch.masked.cumprod.results.json
torch.masked.cumprod,valid_mutation,11,valid,dim,value_large_magnitude,True,valid_mutation_success,,,stage4/results/torch-thesis-all-coverage/execution_results/torch.masked.cumprod.results.json
torch.masked.cumprod,valid_mutation,12,valid,dim,scalar_delta,True,valid_mutation_success,,,stage4/results/torch-thesis-all-coverage/execution_results/torch.masked.cumprod.results.json
torch.masked.cumprod,negative_mutation,13,negative,dim,type_widen,False,expected_negative_rejection,TypeError,'float' object is not iterable,stage4/results/torch-thesis-all-coverage/execution_results/torch.masked.cumprod.results.json
torch.masked.cumsum,base_valid,0,valid,,,True,success_valid,,,stage4/results/torch-thesis-all-coverage/execution_results/torch.masked.cumsum.results.json
torch.masked.cumsum,valid_mutation,1,valid,input,value_division,True,valid_mutation_success,,,stage4/results/torch-thesis-all-coverage/execution_results/torch.masked.cumsum.results.json
torch.masked.cumsum,valid_mutation,2,valid,input,value_nan,True,valid_mutation_success,,,stage4/results/torch-thesis-all-coverage/execution_results/torch.masked.cumsum.results.json
torch.masked.cumsum,valid_mutation,3,valid,input,value_noise,True,valid_mutation_success,,,stage4/results/torch-thesis-all-coverage/execution_results/torch.masked.cumsum.results.json
torch.masked.cumsum,valid_mutation,4,valid,input,value_negzero,True,valid_mutation_success,,,stage4/results/torch-thesis-all-coverage/execution_results/torch.masked.cumsum.results.json
torch.masked.cumsum,valid_mutation,5,valid,input,value_mask,True,valid_mutation_success,,,stage4/results/torch-thesis-all-coverage/execution_results/torch.masked.cumsum.results.json
torch.masked.cumsum,valid_mutation,6,valid,input,value_posinf,True,valid_mutation_success,,,stage4/results/torch-thesis-all-coverage/execution_results/torch.masked.cumsum.results.json
torch.masked.cumsum,valid_mutation,7,valid,input,value_neginf,True,valid_mutation_success,,,stage4/results/torch-thesis-all-coverage/execution_results/torch.masked.cumsum.results.json
torch.masked.cumsum,valid_mutation,8,valid,input,value_large_magnitude,True,valid_mutation_success,,,stage4/results/torch-thesis-all-coverage/execution_results/torch.masked.cumsum.results.json
torch.masked.cumsum,negative_mutation,9,negative,input,shape_expand,True,negative_accepted_not_bug,,,stage4/results/torch-thesis-all-coverage/execution_results/torch.masked.cumsum.results.json
torch.masked.cumsum,negative_mutation,10,negative,input,dtype_mutate,True,negative_accepted_not_bug,,,stage4/results/torch-thesis-all-coverage/execution_results/torch.masked.cumsum.results.json
torch.masked.cumsum,valid_mutation,11,valid,dim,value_large_magnitude,True,valid_mutation_success,,,stage4/results/torch-thesis-all-coverage/execution_results/torch.masked.cumsum.results.json
torch.masked.cumsum,valid_mutation,12,valid,dim,scalar_delta,True,valid_mutation_success,,,stage4/results/torch-thesis-all-coverage/execution_results/torch.masked.cumsum.results.json
torch.masked.cumsum,negative_mutation,13,negative,dim,type_widen,False,expected_negative_rejection,TypeError,'float' object is not iterable,stage4/results/torch-thesis-all-coverage/execution_results/torch.masked.cumsum.results.json
torch.masked.log_softmax,base_valid,0,valid,,,True,success_valid,,,stage4/results/torch-thesis-all-coverage/execution_results/torch.masked.log_softmax.results.json
torch.masked.log_softmax,valid_mutation,1,valid,input,value_neginf,True,valid_mutation_success,,,stage4/results/torch-thesis-all-coverage/execution_results/torch.masked.log_softmax.results.json
torch.masked.log_softmax,valid_mutation,2,valid,input,value_division,True,valid_mutation_success,,,stage4/results/torch-thesis-all-coverage/execution_results/torch.masked.log_softmax.results.json
torch.masked.log_softmax,valid_mutation,3,valid,input,value_large_magnitude,True,valid_mutation_success,,,stage4/results/torch-thesis-all-coverage/execution_results/torch.masked.log_softmax.results.json
torch.masked.log_softmax,valid_mutation,4,valid,input,value_nan,True,valid_mutation_success,,,stage4/results/torch-thesis-all-coverage/execution_results/torch.masked.log_softmax.results.json
torch.masked.log_softmax,valid_mutation,5,valid,input,value_negzero,True,valid_mutation_success,,,stage4/results/torch-thesis-all-coverage/execution_results/torch.masked.log_softmax.results.json
torch.masked.log_softmax,valid_mutation,6,valid,input,value_posinf,True,valid_mutation_success,,,stage4/results/torch-thesis-all-coverage/execution_results/torch.masked.log_softmax.results.json
torch.masked.log_softmax,valid_mutation,7,valid,input,value_noise,True,valid_mutation_success,,,stage4/results/torch-thesis-all-coverage/execution_results/torch.masked.log_softmax.results.json
torch.masked.log_softmax,valid_mutation,8,valid,input,value_mask,True,valid_mutation_success,,,stage4/results/torch-thesis-all-coverage/execution_results/torch.masked.log_softmax.results.json
torch.masked.log_softmax,negative_mutation,9,negative,input,shape_expand,True,negative_accepted_not_bug,,,stage4/results/torch-thesis-all-coverage/execution_results/torch.masked.log_softmax.results.json
torch.masked.log_softmax,negative_mutation,10,negative,input,dtype_mutate,True,negative_accepted_not_bug,,,stage4/results/torch-thesis-all-coverage/execution_results/torch.masked.log_softmax.results.json
torch.masked.log_softmax,valid_mutation,11,valid,dim,value_large_magnitude,True,valid_mutation_success,,,stage4/results/torch-thesis-all-coverage/execution_results/torch.masked.log_softmax.results.json
torch.masked.log_softmax,valid_mutation,12,valid,dim,scalar_delta,True,valid_mutation_success,,,stage4/results/torch-thesis-all-coverage/execution_results/torch.masked.log_softmax.results.json
torch.masked.log_softmax,negative_mutation,13,negative,dim,type_widen,False,expected_negative_rejection,TypeError,'float' object is not iterable,stage4/results/torch-thesis-all-coverage/execution_results/torch.masked.log_softmax.results.json
torch.masked.logaddexp,base_valid,0,valid,,,True,success_valid,,,stage4/results/torch-thesis-all-coverage/execution_results/torch.masked.logaddexp.results.json
torch.masked.logaddexp,valid_mutation,1,valid,input,value_mask,True,valid_mutation_success,,,stage4/results/torch-thesis-all-coverage/execution_results/torch.masked.logaddexp.results.json
torch.masked.logaddexp,valid_mutation,2,valid,input,value_large_magnitude,True,valid_mutation_success,,,stage4/results/torch-thesis-all-coverage/execution_results/torch.masked.logaddexp.results.json
torch.masked.logaddexp,valid_mutation,3,valid,input,value_neginf,True,valid_mutation_success,,,stage4/results/torch-thesis-all-coverage/execution_results/torch.masked.logaddexp.results.json
torch.masked.logaddexp,valid_mutation,4,valid,input,value_division,True,valid_mutation_success,,,stage4/results/torch-thesis-all-coverage/execution_results/torch.masked.logaddexp.results.json
torch.masked.logaddexp,valid_mutation,5,valid,input,value_posinf,True,valid_mutation_success,,,stage4/results/torch-thesis-all-coverage/execution_results/torch.masked.logaddexp.results.json
torch.masked.logaddexp,valid_mutation,6,valid,input,value_negzero,True,valid_mutation_success,,,stage4/results/torch-thesis-all-coverage/execution_results/torch.masked.logaddexp.results.json
torch.masked.logaddexp,valid_mutation,7,valid,input,value_noise,True,valid_mutation_success,,,stage4/results/torch-thesis-all-coverage/execution_results/torch.masked.logaddexp.results.json
torch.masked.logaddexp,valid_mutation,8,valid,input,value_nan,True,valid_mutation_success,,,stage4/results/torch-thesis-all-coverage/execution_results/torch.masked.logaddexp.results.json
torch.masked.logaddexp,negative_mutation,9,negative,input,shape_expand,False,expected_negative_rejection,RuntimeError,The size of tensor a (3) must match the size of tensor b (2) at non-singleton dimension 0,stage4/results/torch-thesis-all-coverage/execution_results/torch.masked.logaddexp.results.json
torch.masked.logaddexp,negative_mutation,10,negative,input,dtype_mutate,True,negative_accepted_not_bug,,,stage4/results/torch-thesis-all-coverage/execution_results/torch.masked.logaddexp.results.json
torch.masked.logaddexp,valid_mutation,11,valid,other,value_noise,True,valid_mutation_success,,,stage4/results/torch-thesis-all-coverage/execution_results/torch.masked.logaddexp.results.json
torch.masked.logaddexp,valid_mutation,12,valid,other,value_neginf,True,valid_mutation_success,,,stage4/results/torch-thesis-all-coverage/execution_results/torch.masked.logaddexp.results.json
torch.masked.logaddexp,valid_mutation,13,valid,other,value_division,True,valid_mutation_success,,,stage4/results/torch-thesis-all-coverage/execution_results/torch.masked.logaddexp.results.json
torch.masked.logaddexp,valid_mutation,14,valid,other,value_negzero,True,valid_mutation_success,,,stage4/results/torch-thesis-all-coverage/execution_results/torch.masked.logaddexp.results.json
torch.masked.logaddexp,valid_mutation,15,valid,other,value_mask,True,valid_mutation_success,,,stage4/results/torch-thesis-all-coverage/execution_results/torch.masked.logaddexp.results.json
torch.masked.logaddexp,valid_mutation,16,valid,other,value_posinf,True,valid_mutation_success,,,stage4/results/torch-thesis-all-coverage/execution_results/torch.masked.logaddexp.results.json
torch.masked.logaddexp,valid_mutation,17,valid,other,value_large_magnitude,True,valid_mutation_success,,,stage4/results/torch-thesis-all-coverage/execution_results/torch.masked.logaddexp.results.json
torch.masked.logaddexp,valid_mutation,18,valid,other,value_nan,True,valid_mutation_success,,,stage4/results/torch-thesis-all-coverage/execution_results/torch.masked.logaddexp.results.json
torch.masked.logaddexp,negative_mutation,19,negative,other,shape_expand,False,expected_negative_rejection,RuntimeError,The size of tensor a (2) must match the size of tensor b (3) at non-singleton dimension 0,stage4/results/torch-thesis-all-coverage/execution_results/torch.masked.logaddexp.results.json
torch.masked.logaddexp,negative_mutation,20,negative,other,dtype_mutate,True,negative_accepted_not_bug,,,stage4/results/torch-thesis-all-coverage/execution_results/torch.masked.logaddexp.results.json
torch.masked.logsumexp,base_valid,0,valid,,,True,success_valid,,,stage4/results/torch-thesis-all-coverage/execution_results/torch.masked.logsumexp.results.json
torch.masked.logsumexp,valid_mutation,1,valid,input,value_neginf,True,valid_mutation_success,,,stage4/results/torch-thesis-all-coverage/execution_results/torch.masked.logsumexp.results.json
torch.masked.logsumexp,valid_mutation,2,valid,input,value_negzero,True,valid_mutation_success,,,stage4/results/torch-thesis-all-coverage/execution_results/torch.masked.logsumexp.results.json
torch.masked.logsumexp,valid_mutation,3,valid,input,value_posinf,True,valid_mutation_success,,,stage4/results/torch-thesis-all-coverage/execution_results/torch.masked.logsumexp.results.json
torch.masked.logsumexp,valid_mutation,4,valid,input,value_mask,True,valid_mutation_success,,,stage4/results/torch-thesis-all-coverage/execution_results/torch.masked.logsumexp.results.json
torch.masked.logsumexp,valid_mutation,5,valid,input,value_division,True,valid_mutation_success,,,stage4/results/torch-thesis-all-coverage/execution_results/torch.masked.logsumexp.results.json
torch.masked.logsumexp,valid_mutation,6,valid,input,value_noise,True,valid_mutation_success,,,stage4/results/torch-thesis-all-coverage/execution_results/torch.masked.logsumexp.results.json
torch.masked.logsumexp,valid_mutation,7,valid,input,value_nan,True,valid_mutation_success,,,stage4/results/torch-thesis-all-coverage/execution_results/torch.masked.logsumexp.results.json
torch.masked.logsumexp,valid_mutation,8,valid,input,value_large_magnitude,True,valid_mutation_success,,,stage4/results/torch-thesis-all-coverage/execution_results/torch.masked.logsumexp.results.json
torch.masked.logsumexp,negative_mutation,9,negative,input,shape_expand,True,negative_accepted_not_bug,,,stage4/results/torch-thesis-all-coverage/execution_results/torch.masked.logsumexp.results.json
torch.masked.logsumexp,negative_mutation,10,negative,input,dtype_mutate,True,negative_accepted_not_bug,,,stage4/results/torch-thesis-all-coverage/execution_results/torch.masked.logsumexp.results.json
torch.masked.mean,base_valid,0,valid,,,True,success_valid,,,stage4/results/torch-thesis-all-coverage/execution_results/torch.masked.mean.results.json
torch.masked.mean,valid_mutation,1,valid,input,value_large_magnitude,True,valid_mutation_success,,,stage4/results/torch-thesis-all-coverage/execution_results/torch.masked.mean.results.json
torch.masked.mean,valid_mutation,2,valid,input,value_division,True,valid_mutation_success,,,stage4/results/torch-thesis-all-coverage/execution_results/torch.masked.mean.results.json
torch.masked.mean,valid_mutation,3,valid,input,value_nan,True,valid_mutation_success,,,stage4/results/torch-thesis-all-coverage/execution_results/torch.masked.mean.results.json
torch.masked.mean,valid_mutation,4,valid,input,value_noise,True,valid_mutation_success,,,stage4/results/torch-thesis-all-coverage/execution_results/torch.masked.mean.results.json
torch.masked.mean,valid_mutation,5,valid,input,value_neginf,True,valid_mutation_success,,,stage4/results/torch-thesis-all-coverage/execution_results/torch.masked.mean.results.json
torch.masked.mean,valid_mutation,6,valid,input,value_posinf,True,valid_mutation_success,,,stage4/results/torch-thesis-all-coverage/execution_results/torch.masked.mean.results.json
torch.masked.mean,valid_mutation,7,valid,input,value_negzero,True,valid_mutation_success,,,stage4/results/torch-thesis-all-coverage/execution_results/torch.masked.mean.results.json
torch.masked.mean,valid_mutation,8,valid,input,value_mask,True,valid_mutation_success,,,stage4/results/torch-thesis-all-coverage/execution_results/torch.masked.mean.results.json
torch.masked.mean,negative_mutation,9,negative,input,shape_expand,True,negative_accepted_not_bug,,,stage4/results/torch-thesis-all-coverage/execution_results/torch.masked.mean.results.json
torch.masked.mean,negative_mutation,10,negative,input,dtype_mutate,True,negative_accepted_not_bug,,,stage4/results/torch-thesis-all-coverage/execution_results/torch.masked.mean.results.json
torch.masked.median,base_valid,0,valid,,,True,success_valid,,,stage4/results/torch-thesis-all-coverage/execution_results/torch.masked.median.results.json
torch.masked.median,valid_mutation,1,valid,input,value_large_magnitude,True,valid_mutation_success,,,stage4/results/torch-thesis-all-coverage/execution_results/torch.masked.median.results.json
torch.masked.median,valid_mutation,2,valid,input,value_mask,True,valid_mutation_success,,,stage4/results/torch-thesis-all-coverage/execution_results/torch.masked.median.results.json
torch.masked.median,valid_mutation,3,valid,input,value_division,True,valid_mutation_success,,,stage4/results/torch-thesis-all-coverage/execution_results/torch.masked.median.results.json
torch.masked.median,valid_mutation,4,valid,input,value_negzero,True,valid_mutation_success,,,stage4/results/torch-thesis-all-coverage/execution_results/torch.masked.median.results.json
torch.masked.median,valid_mutation,5,valid,input,value_posinf,True,valid_mutation_success,,,stage4/results/torch-thesis-all-coverage/execution_results/torch.masked.median.results.json
torch.masked.median,valid_mutation,6,valid,input,value_noise,True,valid_mutation_success,,,stage4/results/torch-thesis-all-coverage/execution_results/torch.masked.median.results.json
torch.masked.median,valid_mutation,7,valid,input,value_neginf,True,valid_mutation_success,,,stage4/results/torch-thesis-all-coverage/execution_results/torch.masked.median.results.json
torch.masked.median,valid_mutation,8,valid,input,value_nan,True,valid_mutation_success,,,stage4/results/torch-thesis-all-coverage/execution_results/torch.masked.median.results.json
torch.masked.median,negative_mutation,9,negative,input,shape_expand,True,negative_accepted_not_bug,,,stage4/results/torch-thesis-all-coverage/execution_results/torch.masked.median.results.json
torch.masked.median,negative_mutation,10,negative,input,dtype_mutate,True,negative_accepted_not_bug,,,stage4/results/torch-thesis-all-coverage/execution_results/torch.masked.median.results.json
torch.masked.norm,base_valid,0,valid,,,True,success_valid,,,stage4/results/torch-thesis-all-coverage/execution_results/torch.masked.norm.results.json
torch.masked.norm,valid_mutation,1,valid,input,value_mask,True,valid_mutation_success,,,stage4/results/torch-thesis-all-coverage/execution_results/torch.masked.norm.results.json
torch.masked.norm,valid_mutation,2,valid,input,value_posinf,True,valid_mutation_success,,,stage4/results/torch-thesis-all-coverage/execution_results/torch.masked.norm.results.json
torch.masked.norm,valid_mutation,3,valid,input,value_nan,True,valid_mutation_success,,,stage4/results/torch-thesis-all-coverage/execution_results/torch.masked.norm.results.json
torch.masked.norm,valid_mutation,4,valid,input,value_neginf,True,valid_mutation_success,,,stage4/results/torch-thesis-all-coverage/execution_results/torch.masked.norm.results.json
torch.masked.norm,valid_mutation,5,valid,input,value_negzero,True,valid_mutation_success,,,stage4/results/torch-thesis-all-coverage/execution_results/torch.masked.norm.results.json
torch.masked.norm,valid_mutation,6,valid,input,value_division,True,valid_mutation_success,,,stage4/results/torch-thesis-all-coverage/execution_results/torch.masked.norm.results.json
torch.masked.norm,valid_mutation,7,valid,input,value_large_magnitude,True,valid_mutation_success,,,stage4/results/torch-thesis-all-coverage/execution_results/torch.masked.norm.results.json
torch.masked.norm,valid_mutation,8,valid,input,value_noise,True,valid_mutation_success,,,stage4/results/torch-thesis-all-coverage/execution_results/torch.masked.norm.results.json
torch.masked.norm,negative_mutation,9,negative,input,shape_shrink,True,negative_accepted_not_bug,,,stage4/results/torch-thesis-all-coverage/execution_results/torch.masked.norm.results.json
torch.masked.norm,negative_mutation,10,negative,input,dtype_mutate,True,negative_accepted_not_bug,,,stage4/results/torch-thesis-all-coverage/execution_results/torch.masked.norm.results.json
torch.masked.normalize,base_valid,0,valid,,,True,success_valid,,,stage4/results/torch-thesis-all-coverage/execution_results/torch.masked.normalize.results.json
torch.masked.normalize,valid_mutation,1,valid,input,value_nan,True,valid_mutation_success,,,stage4/results/torch-thesis-all-coverage/execution_results/torch.masked.normalize.results.json
torch.masked.normalize,valid_mutation,2,valid,input,value_negzero,True,valid_mutation_success,,,stage4/results/torch-thesis-all-coverage/execution_results/torch.masked.normalize.results.json
torch.masked.normalize,valid_mutation,3,valid,input,value_neginf,True,valid_mutation_success,,,stage4/results/torch-thesis-all-coverage/execution_results/torch.masked.normalize.results.json
torch.masked.normalize,valid_mutation,4,valid,input,value_posinf,True,valid_mutation_success,,,stage4/results/torch-thesis-all-coverage/execution_results/torch.masked.normalize.results.json
torch.masked.normalize,valid_mutation,5,valid,input,value_division,True,valid_mutation_success,,,stage4/results/torch-thesis-all-coverage/execution_results/torch.masked.normalize.results.json
torch.masked.normalize,valid_mutation,6,valid,input,value_mask,True,valid_mutation_success,,,stage4/results/torch-thesis-all-coverage/execution_results/torch.masked.normalize.results.json
torch.masked.normalize,valid_mutation,7,valid,input,value_noise,True,valid_mutation_success,,,stage4/results/torch-thesis-all-coverage/execution_results/torch.masked.normalize.results.json
torch.masked.normalize,valid_mutation,8,valid,input,value_large_magnitude,True,valid_mutation_success,,,stage4/results/torch-thesis-all-coverage/execution_results/torch.masked.normalize.results.json
torch.masked.normalize,negative_mutation,9,negative,input,shape_shrink,True,negative_accepted_not_bug,,,stage4/results/torch-thesis-all-coverage/execution_results/torch.masked.normalize.results.json
torch.masked.normalize,negative_mutation,10,negative,input,dtype_mutate,True,negative_accepted_not_bug,,,stage4/results/torch-thesis-all-coverage/execution_results/torch.masked.normalize.results.json
torch.masked.normalize,valid_mutation,11,valid,dim,scalar_delta,True,valid_mutation_success,,,stage4/results/torch-thesis-all-coverage/execution_results/torch.masked.normalize.results.json
torch.masked.normalize,valid_mutation,12,valid,dim,value_large_magnitude,True,valid_mutation_success,,,stage4/results/torch-thesis-all-coverage/execution_results/torch.masked.normalize.results.json
torch.masked.normalize,negative_mutation,13,negative,dim,type_widen,False,expected_negative_rejection,TypeError,'float' object is not iterable,stage4/results/torch-thesis-all-coverage/execution_results/torch.masked.normalize.results.json
torch.masked.prod,base_valid,0,valid,,,True,success_valid,,,stage4/results/torch-thesis-all-coverage/execution_results/torch.masked.prod.results.json
torch.masked.prod,valid_mutation,1,valid,input,value_negzero,True,valid_mutation_success,,,stage4/results/torch-thesis-all-coverage/execution_results/torch.masked.prod.results.json
torch.masked.prod,valid_mutation,2,valid,input,value_noise,True,valid_mutation_success,,,stage4/results/torch-thesis-all-coverage/execution_results/torch.masked.prod.results.json
torch.masked.prod,valid_mutation,3,valid,input,value_neginf,True,valid_mutation_success,,,stage4/results/torch-thesis-all-coverage/execution_results/torch.masked.prod.results.json
torch.masked.prod,valid_mutation,4,valid,input,value_large_magnitude,True,valid_mutation_success,,,stage4/results/torch-thesis-all-coverage/execution_results/torch.masked.prod.results.json
torch.masked.prod,valid_mutation,5,valid,input,value_mask,True,valid_mutation_success,,,stage4/results/torch-thesis-all-coverage/execution_results/torch.masked.prod.results.json
torch.masked.prod,valid_mutation,6,valid,input,value_division,True,valid_mutation_success,,,stage4/results/torch-thesis-all-coverage/execution_results/torch.masked.prod.results.json
torch.masked.prod,valid_mutation,7,valid,input,value_nan,True,valid_mutation_success,,,stage4/results/torch-thesis-all-coverage/execution_results/torch.masked.prod.results.json
torch.masked.prod,valid_mutation,8,valid,input,value_posinf,True,valid_mutation_success,,,stage4/results/torch-thesis-all-coverage/execution_results/torch.masked.prod.results.json
torch.masked.prod,negative_mutation,9,negative,input,shape_expand,True,negative_accepted_not_bug,,,stage4/results/torch-thesis-all-coverage/execution_results/torch.masked.prod.results.json
torch.masked.prod,negative_mutation,10,negative,input,dtype_mutate,True,negative_accepted_not_bug,,,stage4/results/torch-thesis-all-coverage/execution_results/torch.masked.prod.results.json
torch.masked.softmax,base_valid,0,valid,,,True,success_valid,,,stage4/results/torch-thesis-all-coverage/execution_results/torch.masked.softmax.results.json
torch.masked.softmax,valid_mutation,1,valid,input,value_negzero,True,valid_mutation_success,,,stage4/results/torch-thesis-all-coverage/execution_results/torch.masked.softmax.results.json
torch.masked.softmax,valid_mutation,2,valid,input,value_posinf,True,differential_mismatch,DifferentialMismatch,floating values differ beyond tolerance,stage4/results/torch-thesis-all-coverage/execution_results/torch.masked.softmax.results.json
torch.masked.softmax,valid_mutation,3,valid,input,value_neginf,True,valid_mutation_success,,,stage4/results/torch-thesis-all-coverage/execution_results/torch.masked.softmax.results.json
torch.masked.softmax,valid_mutation,4,valid,input,value_nan,True,valid_mutation_success,,,stage4/results/torch-thesis-all-coverage/execution_results/torch.masked.softmax.results.json
torch.masked.softmax,valid_mutation,5,valid,input,value_division,True,valid_mutation_success,,,stage4/results/torch-thesis-all-coverage/execution_results/torch.masked.softmax.results.json
torch.masked.softmax,valid_mutation,6,valid,input,value_noise,True,valid_mutation_success,,,stage4/results/torch-thesis-all-coverage/execution_results/torch.masked.softmax.results.json
torch.masked.softmax,valid_mutation,7,valid,input,value_large_magnitude,True,valid_mutation_success,,,stage4/results/torch-thesis-all-coverage/execution_results/torch.masked.softmax.results.json
torch.masked.softmax,valid_mutation,8,valid,input,value_mask,True,valid_mutation_success,,,stage4/results/torch-thesis-all-coverage/execution_results/torch.masked.softmax.results.json
torch.masked.softmax,negative_mutation,9,negative,input,shape_shrink,True,negative_accepted_not_bug,,,stage4/results/torch-thesis-all-coverage/execution_results/torch.masked.softmax.results.json
torch.masked.softmax,negative_mutation,10,negative,input,dtype_mutate,True,negative_accepted_not_bug,,,stage4/results/torch-thesis-all-coverage/execution_results/torch.masked.softmax.results.json
torch.masked.softmax,valid_mutation,11,valid,dim,scalar_delta,True,valid_mutation_success,,,stage4/results/torch-thesis-all-coverage/execution_results/torch.masked.softmax.results.json
torch.masked.softmax,valid_mutation,12,valid,dim,value_large_magnitude,True,valid_mutation_success,,,stage4/results/torch-thesis-all-coverage/execution_results/torch.masked.softmax.results.json
torch.masked.softmax,negative_mutation,13,negative,dim,type_widen,False,expected_negative_rejection,TypeError,'float' object is not iterable,stage4/results/torch-thesis-all-coverage/execution_results/torch.masked.softmax.results.json
torch.masked.softmin,base_valid,0,valid,,,True,success_valid,,,stage4/results/torch-thesis-all-coverage/execution_results/torch.masked.softmin.results.json
torch.masked.softmin,valid_mutation,1,valid,input,value_negzero,True,valid_mutation_success,,,stage4/results/torch-thesis-all-coverage/execution_results/torch.masked.softmin.results.json
torch.masked.softmin,valid_mutation,2,valid,input,value_division,True,valid_mutation_success,,,stage4/results/torch-thesis-all-coverage/execution_results/torch.masked.softmin.results.json
torch.masked.softmin,valid_mutation,3,valid,input,value_nan,True,valid_mutation_success,,,stage4/results/torch-thesis-all-coverage/execution_results/torch.masked.softmin.results.json
torch.masked.softmin,valid_mutation,4,valid,input,value_noise,True,valid_mutation_success,,,stage4/results/torch-thesis-all-coverage/execution_results/torch.masked.softmin.results.json
torch.masked.softmin,valid_mutation,5,valid,input,value_posinf,True,valid_mutation_success,,,stage4/results/torch-thesis-all-coverage/execution_results/torch.masked.softmin.results.json
torch.masked.softmin,valid_mutation,6,valid,input,value_neginf,True,differential_mismatch,DifferentialMismatch,floating values differ beyond tolerance,stage4/results/torch-thesis-all-coverage/execution_results/torch.masked.softmin.results.json
torch.masked.softmin,valid_mutation,7,valid,input,value_large_magnitude,True,valid_mutation_success,,,stage4/results/torch-thesis-all-coverage/execution_results/torch.masked.softmin.results.json
torch.masked.softmin,valid_mutation,8,valid,input,value_mask,True,valid_mutation_success,,,stage4/results/torch-thesis-all-coverage/execution_results/torch.masked.softmin.results.json
torch.masked.softmin,negative_mutation,9,negative,input,shape_shrink,True,negative_accepted_not_bug,,,stage4/results/torch-thesis-all-coverage/execution_results/torch.masked.softmin.results.json
torch.masked.softmin,negative_mutation,10,negative,input,dtype_mutate,True,negative_accepted_not_bug,,,stage4/results/torch-thesis-all-coverage/execution_results/torch.masked.softmin.results.json
torch.masked.softmin,valid_mutation,11,valid,dim,scalar_delta,True,valid_mutation_success,,,stage4/results/torch-thesis-all-coverage/execution_results/torch.masked.softmin.results.json
torch.masked.softmin,valid_mutation,12,valid,dim,value_large_magnitude,True,valid_mutation_success,,,stage4/results/torch-thesis-all-coverage/execution_results/torch.masked.softmin.results.json
torch.masked.softmin,negative_mutation,13,negative,dim,type_widen,False,expected_negative_rejection,TypeError,'float' object is not iterable,stage4/results/torch-thesis-all-coverage/execution_results/torch.masked.softmin.results.json
torch.masked.std,base_valid,0,valid,,,True,success_valid,,,stage4/results/torch-thesis-all-coverage/execution_results/torch.masked.std.results.json
torch.masked.std,valid_mutation,1,valid,input,value_division,True,valid_mutation_success,,,stage4/results/torch-thesis-all-coverage/execution_results/torch.masked.std.results.json
torch.masked.std,valid_mutation,2,valid,input,value_noise,True,valid_mutation_success,,,stage4/results/torch-thesis-all-coverage/execution_results/torch.masked.std.results.json
torch.masked.std,valid_mutation,3,valid,input,value_negzero,True,valid_mutation_success,,,stage4/results/torch-thesis-all-coverage/execution_results/torch.masked.std.results.json
torch.masked.std,valid_mutation,4,valid,input,value_nan,True,valid_mutation_success,,,stage4/results/torch-thesis-all-coverage/execution_results/torch.masked.std.results.json
torch.masked.std,valid_mutation,5,valid,input,value_large_magnitude,True,valid_mutation_success,,,stage4/results/torch-thesis-all-coverage/execution_results/torch.masked.std.results.json
torch.masked.std,valid_mutation,6,valid,input,value_mask,True,valid_mutation_success,,,stage4/results/torch-thesis-all-coverage/execution_results/torch.masked.std.results.json
torch.masked.std,valid_mutation,7,valid,input,value_neginf,True,valid_mutation_success,,,stage4/results/torch-thesis-all-coverage/execution_results/torch.masked.std.results.json
torch.masked.std,valid_mutation,8,valid,input,value_posinf,True,valid_mutation_success,,,stage4/results/torch-thesis-all-coverage/execution_results/torch.masked.std.results.json
torch.masked.std,negative_mutation,9,negative,input,shape_expand,True,negative_accepted_not_bug,,,stage4/results/torch-thesis-all-coverage/execution_results/torch.masked.std.results.json
torch.masked.std,negative_mutation,10,negative,input,dtype_mutate,True,negative_accepted_not_bug,,,stage4/results/torch-thesis-all-coverage/execution_results/torch.masked.std.results.json
torch.masked.sum,base_valid,0,valid,,,True,success_valid,,,stage4/results/torch-thesis-all-coverage/execution_results/torch.masked.sum.results.json
torch.masked.sum,valid_mutation,1,valid,input,value_posinf,True,valid_mutation_success,,,stage4/results/torch-thesis-all-coverage/execution_results/torch.masked.sum.results.json
torch.masked.sum,valid_mutation,2,valid,input,value_nan,True,valid_mutation_success,,,stage4/results/torch-thesis-all-coverage/execution_results/torch.masked.sum.results.json
torch.masked.sum,valid_mutation,3,valid,input,value_noise,True,valid_mutation_success,,,stage4/results/torch-thesis-all-coverage/execution_results/torch.masked.sum.results.json
torch.masked.sum,valid_mutation,4,valid,input,value_large_magnitude,True,valid_mutation_success,,,stage4/results/torch-thesis-all-coverage/execution_results/torch.masked.sum.results.json
torch.masked.sum,valid_mutation,5,valid,input,value_mask,True,valid_mutation_success,,,stage4/results/torch-thesis-all-coverage/execution_results/torch.masked.sum.results.json
torch.masked.sum,valid_mutation,6,valid,input,value_division,True,valid_mutation_success,,,stage4/results/torch-thesis-all-coverage/execution_results/torch.masked.sum.results.json
torch.masked.sum,valid_mutation,7,valid,input,value_neginf,True,valid_mutation_success,,,stage4/results/torch-thesis-all-coverage/execution_results/torch.masked.sum.results.json
torch.masked.sum,valid_mutation,8,valid,input,value_negzero,True,valid_mutation_success,,,stage4/results/torch-thesis-all-coverage/execution_results/torch.masked.sum.results.json
torch.masked.sum,negative_mutation,9,negative,input,shape_shrink,True,negative_accepted_not_bug,,,stage4/results/torch-thesis-all-coverage/execution_results/torch.masked.sum.results.json
torch.masked.sum,negative_mutation,10,negative,input,dtype_mutate,True,negative_accepted_not_bug,,,stage4/results/torch-thesis-all-coverage/execution_results/torch.masked.sum.results.json
torch.masked.var,base_valid,0,valid,,,True,success_valid,,,stage4/results/torch-thesis-all-coverage/execution_results/torch.masked.var.results.json
torch.masked.var,valid_mutation,1,valid,input,value_negzero,True,valid_mutation_success,,,stage4/results/torch-thesis-all-coverage/execution_results/torch.masked.var.results.json
torch.masked.var,valid_mutation,2,valid,input,value_division,True,valid_mutation_success,,,stage4/results/torch-thesis-all-coverage/execution_results/torch.masked.var.results.json
torch.masked.var,valid_mutation,3,valid,input,value_noise,True,valid_mutation_success,,,stage4/results/torch-thesis-all-coverage/execution_results/torch.masked.var.results.json
torch.masked.var,valid_mutation,4,valid,input,value_large_magnitude,True,valid_mutation_success,,,stage4/results/torch-thesis-all-coverage/execution_results/torch.masked.var.results.json
torch.masked.var,valid_mutation,5,valid,input,value_nan,True,valid_mutation_success,,,stage4/results/torch-thesis-all-coverage/execution_results/torch.masked.var.results.json
torch.masked.var,valid_mutation,6,valid,input,value_mask,True,valid_mutation_success,,,stage4/results/torch-thesis-all-coverage/execution_results/torch.masked.var.results.json
torch.masked.var,valid_mutation,7,valid,input,value_neginf,True,valid_mutation_success,,,stage4/results/torch-thesis-all-coverage/execution_results/torch.masked.var.results.json
torch.masked.var,valid_mutation,8,valid,input,value_posinf,True,valid_mutation_success,,,stage4/results/torch-thesis-all-coverage/execution_results/torch.masked.var.results.json
torch.masked.var,negative_mutation,9,negative,input,shape_shrink,True,negative_accepted_not_bug,,,stage4/results/torch-thesis-all-coverage/execution_results/torch.masked.var.results.json
torch.masked.var,negative_mutation,10,negative,input,dtype_mutate,True,negative_accepted_not_bug,,,stage4/results/torch-thesis-all-coverage/execution_results/torch.masked.var.results.json
torch.mtia.memory.memory_allocated,base_valid,0,valid,,,True,success_valid,,,stage4/results/torch-thesis-all-coverage/execution_results/torch.mtia.memory.memory_allocated.results.json
torch.mtia.memory_allocated,base_valid,0,valid,,,True,success_valid,,,stage4/results/torch-thesis-all-coverage/execution_results/torch.mtia.memory_allocated.results.json
torch.storage.np.angle,base_valid,0,valid,,,True,success_valid,,,stage4/results/torch-thesis-all-coverage/execution_results/torch.storage.np.angle.results.json
torch.storage.np.angle,valid_mutation,1,valid,z,value_large_magnitude,True,valid_mutation_success,,,stage4/results/torch-thesis-all-coverage/execution_results/torch.storage.np.angle.results.json
torch.storage.np.angle,valid_mutation,2,valid,z,value_posinf,True,valid_mutation_success,,,stage4/results/torch-thesis-all-coverage/execution_results/torch.storage.np.angle.results.json
torch.storage.np.angle,valid_mutation,3,valid,z,value_nan,True,valid_mutation_success,,,stage4/results/torch-thesis-all-coverage/execution_results/torch.storage.np.angle.results.json
torch.storage.np.angle,valid_mutation,4,valid,z,value_neginf,True,valid_mutation_success,,,stage4/results/torch-thesis-all-coverage/execution_results/torch.storage.np.angle.results.json
torch.storage.np.angle,valid_mutation,5,valid,z,value_negzero,True,valid_mutation_success,,,stage4/results/torch-thesis-all-coverage/execution_results/torch.storage.np.angle.results.json
torch.storage.np.angle,valid_mutation,6,valid,z,scalar_delta,True,valid_mutation_success,,,stage4/results/torch-thesis-all-coverage/execution_results/torch.storage.np.angle.results.json
torch.storage.np.angle,negative_mutation,7,negative,z,type_widen,True,negative_accepted_not_bug,,,stage4/results/torch-thesis-all-coverage/execution_results/torch.storage.np.angle.results.json
torch.storage.np.array,base_valid,0,valid,,,True,success_valid,,,stage4/results/torch-thesis-all-coverage/execution_results/torch.storage.np.array.results.json
torch.storage.np.array,valid_mutation,1,valid,object,scalar_delta,True,valid_mutation_success,,,stage4/results/torch-thesis-all-coverage/execution_results/torch.storage.np.array.results.json
torch.storage.np.array,valid_mutation,2,valid,object,value_large_magnitude,True,valid_mutation_success,,,stage4/results/torch-thesis-all-coverage/execution_results/torch.storage.np.array.results.json
torch.storage.np.array,valid_mutation,3,valid,object,value_negzero,True,valid_mutation_success,,,stage4/results/torch-thesis-all-coverage/execution_results/torch.storage.np.array.results.json
torch.storage.np.array,valid_mutation,4,valid,object,value_posinf,True,valid_mutation_success,,,stage4/results/torch-thesis-all-coverage/execution_results/torch.storage.np.array.results.json
torch.storage.np.array,valid_mutation,5,valid,object,value_nan,True,valid_mutation_success,,,stage4/results/torch-thesis-all-coverage/execution_results/torch.storage.np.array.results.json
torch.storage.np.array,valid_mutation,6,valid,object,value_neginf,True,valid_mutation_success,,,stage4/results/torch-thesis-all-coverage/execution_results/torch.storage.np.array.results.json
torch.storage.np.array,negative_mutation,7,negative,object,type_widen,True,negative_accepted_not_bug,,,stage4/results/torch-thesis-all-coverage/execution_results/torch.storage.np.array.results.json
torch.storage.np.asfortranarray,base_valid,0,valid,,,True,differential_mismatch,DifferentialMismatch,success/exception mismatch between cpu and mps,stage4/results/torch-thesis-all-coverage/execution_results/torch.storage.np.asfortranarray.results.json
torch.storage.np.asfortranarray,valid_mutation,1,valid,a,value_nan,True,differential_mismatch,DifferentialMismatch,success/exception mismatch between cpu and mps,stage4/results/torch-thesis-all-coverage/execution_results/torch.storage.np.asfortranarray.results.json
torch.storage.np.asfortranarray,valid_mutation,2,valid,a,value_neginf,True,differential_mismatch,DifferentialMismatch,success/exception mismatch between cpu and mps,stage4/results/torch-thesis-all-coverage/execution_results/torch.storage.np.asfortranarray.results.json
torch.storage.np.asfortranarray,valid_mutation,3,valid,a,value_mask,True,differential_mismatch,DifferentialMismatch,success/exception mismatch between cpu and mps,stage4/results/torch-thesis-all-coverage/execution_results/torch.storage.np.asfortranarray.results.json
torch.storage.np.asfortranarray,valid_mutation,4,valid,a,value_division,True,differential_mismatch,DifferentialMismatch,success/exception mismatch between cpu and mps,stage4/results/torch-thesis-all-coverage/execution_results/torch.storage.np.asfortranarray.results.json
torch.storage.np.asfortranarray,valid_mutation,5,valid,a,value_negzero,True,differential_mismatch,DifferentialMismatch,success/exception mismatch between cpu and mps,stage4/results/torch-thesis-all-coverage/execution_results/torch.storage.np.asfortranarray.results.json
torch.storage.np.asfortranarray,valid_mutation,6,valid,a,value_posinf,True,differential_mismatch,DifferentialMismatch,success/exception mismatch between cpu and mps,stage4/results/torch-thesis-all-coverage/execution_results/torch.storage.np.asfortranarray.results.json
torch.storage.np.asfortranarray,valid_mutation,7,valid,a,value_noise,True,differential_mismatch,DifferentialMismatch,success/exception mismatch between cpu and mps,stage4/results/torch-thesis-all-coverage/execution_results/torch.storage.np.asfortranarray.results.json
torch.storage.np.asfortranarray,valid_mutation,8,valid,a,value_large_magnitude,True,differential_mismatch,DifferentialMismatch,success/exception mismatch between cpu and mps,stage4/results/torch-thesis-all-coverage/execution_results/torch.storage.np.asfortranarray.results.json
torch.storage.np.asfortranarray,negative_mutation,9,negative,a,shape_shrink,True,negative_accepted_not_bug,,,stage4/results/torch-thesis-all-coverage/execution_results/torch.storage.np.asfortranarray.results.json
torch.storage.np.asfortranarray,negative_mutation,10,negative,a,dtype_mutate,True,negative_accepted_not_bug,,,stage4/results/torch-thesis-all-coverage/execution_results/torch.storage.np.asfortranarray.results.json
torch.storage.np.base_repr,base_valid,0,valid,,,True,success_valid,,,stage4/results/torch-thesis-all-coverage/execution_results/torch.storage.np.base_repr.results.json
torch.storage.np.base_repr,valid_mutation,1,valid,number,scalar_delta,True,valid_mutation_success,,,stage4/results/torch-thesis-all-coverage/execution_results/torch.storage.np.base_repr.results.json
torch.storage.np.base_repr,valid_mutation,2,valid,number,value_large_magnitude,True,valid_mutation_success,,,stage4/results/torch-thesis-all-coverage/execution_results/torch.storage.np.base_repr.results.json
torch.storage.np.base_repr,negative_mutation,3,negative,number,type_widen,True,negative_accepted_not_bug,,,stage4/results/torch-thesis-all-coverage/execution_results/torch.storage.np.base_repr.results.json
torch.storage.np.block,base_valid,0,valid,,,True,success_valid,,,stage4/results/torch-thesis-all-coverage/execution_results/torch.storage.np.block.results.json
torch.storage.np.block,valid_mutation,1,valid,arrays,value_nan,True,valid_mutation_success,,,stage4/results/torch-thesis-all-coverage/execution_results/torch.storage.np.block.results.json
torch.storage.np.block,valid_mutation,2,valid,arrays,scalar_delta,True,valid_mutation_success,,,stage4/results/torch-thesis-all-coverage/execution_results/torch.storage.np.block.results.json
torch.storage.np.block,valid_mutation,3,valid,arrays,value_neginf,True,valid_mutation_success,,,stage4/results/torch-thesis-all-coverage/execution_results/torch.storage.np.block.results.json
torch.storage.np.block,valid_mutation,4,valid,arrays,value_posinf,True,valid_mutation_success,,,stage4/results/torch-thesis-all-coverage/execution_results/torch.storage.np.block.results.json
torch.storage.np.block,valid_mutation,5,valid,arrays,value_large_magnitude,True,valid_mutation_success,,,stage4/results/torch-thesis-all-coverage/execution_results/torch.storage.np.block.results.json
torch.storage.np.block,valid_mutation,6,valid,arrays,value_negzero,True,valid_mutation_success,,,stage4/results/torch-thesis-all-coverage/execution_results/torch.storage.np.block.results.json
torch.storage.np.block,negative_mutation,7,negative,arrays,type_widen,True,negative_accepted_not_bug,,,stage4/results/torch-thesis-all-coverage/execution_results/torch.storage.np.block.results.json
torch.storage.np.broadcast_to,base_valid,0,valid,,,True,differential_mismatch,DifferentialMismatch,success/exception mismatch between cpu and mps,stage4/results/torch-thesis-all-coverage/execution_results/torch.storage.np.broadcast_to.results.json
torch.storage.np.broadcast_to,valid_mutation,1,valid,array,value_posinf,True,differential_mismatch,DifferentialMismatch,success/exception mismatch between cpu and mps,stage4/results/torch-thesis-all-coverage/execution_results/torch.storage.np.broadcast_to.results.json
torch.storage.np.broadcast_to,valid_mutation,2,valid,array,value_mask,True,differential_mismatch,DifferentialMismatch,success/exception mismatch between cpu and mps,stage4/results/torch-thesis-all-coverage/execution_results/torch.storage.np.broadcast_to.results.json
torch.storage.np.broadcast_to,valid_mutation,3,valid,array,value_neginf,True,differential_mismatch,DifferentialMismatch,success/exception mismatch between cpu and mps,stage4/results/torch-thesis-all-coverage/execution_results/torch.storage.np.broadcast_to.results.json
torch.storage.np.broadcast_to,valid_mutation,4,valid,array,value_division,True,differential_mismatch,DifferentialMismatch,success/exception mismatch between cpu and mps,stage4/results/torch-thesis-all-coverage/execution_results/torch.storage.np.broadcast_to.results.json
torch.storage.np.broadcast_to,valid_mutation,5,valid,array,value_nan,True,differential_mismatch,DifferentialMismatch,success/exception mismatch between cpu and mps,stage4/results/torch-thesis-all-coverage/execution_results/torch.storage.np.broadcast_to.results.json
torch.storage.np.broadcast_to,valid_mutation,6,valid,array,value_negzero,True,differential_mismatch,DifferentialMismatch,success/exception mismatch between cpu and mps,stage4/results/torch-thesis-all-coverage/execution_results/torch.storage.np.broadcast_to.results.json
torch.storage.np.broadcast_to,valid_mutation,7,valid,array,value_large_magnitude,True,differential_mismatch,DifferentialMismatch,success/exception mismatch between cpu and mps,stage4/results/torch-thesis-all-coverage/execution_results/torch.storage.np.broadcast_to.results.json
torch.storage.np.broadcast_to,valid_mutation,8,valid,array,value_noise,True,differential_mismatch,DifferentialMismatch,success/exception mismatch between cpu and mps,stage4/results/torch-thesis-all-coverage/execution_results/torch.storage.np.broadcast_to.results.json
torch.storage.np.broadcast_to,negative_mutation,9,negative,array,shape_expand,False,expected_negative_rejection,ValueError,"operands could not be broadcast together with remapped shapes [original->remapped]: (3,)  and requested shape (2,2)",stage4/results/torch-thesis-all-coverage/execution_results/torch.storage.np.broadcast_to.results.json
torch.storage.np.broadcast_to,negative_mutation,10,negative,array,dtype_mutate,True,negative_accepted_not_bug,,,stage4/results/torch-thesis-all-coverage/execution_results/torch.storage.np.broadcast_to.results.json
torch.storage.np.broadcast_to,valid_mutation,11,valid,shape,element_delta,True,differential_mismatch,DifferentialMismatch,success/exception mismatch between cpu and mps,stage4/results/torch-thesis-all-coverage/execution_results/torch.storage.np.broadcast_to.results.json
torch.storage.np.broadcast_to,valid_mutation,12,valid,shape,structure_grow,True,differential_mismatch,DifferentialMismatch,success/exception mismatch between cpu and mps,stage4/results/torch-thesis-all-coverage/execution_results/torch.storage.np.broadcast_to.results.json
torch.storage.np.broadcast_to,negative_mutation,13,negative,shape,structure_shrink,True,negative_accepted_not_bug,,,stage4/results/torch-thesis-all-coverage/execution_results/torch.storage.np.broadcast_to.results.json
torch.storage.np.clip,base_valid,0,valid,,,True,differential_mismatch,DifferentialMismatch,success/exception mismatch between cpu and mps,stage4/results/torch-thesis-all-coverage/execution_results/torch.storage.np.clip.results.json
torch.storage.np.clip,valid_mutation,1,valid,a,value_negzero,True,differential_mismatch,DifferentialMismatch,success/exception mismatch between cpu and mps,stage4/results/torch-thesis-all-coverage/execution_results/torch.storage.np.clip.results.json
torch.storage.np.clip,valid_mutation,2,valid,a,value_neginf,True,differential_mismatch,DifferentialMismatch,success/exception mismatch between cpu and mps,stage4/results/torch-thesis-all-coverage/execution_results/torch.storage.np.clip.results.json
torch.storage.np.clip,valid_mutation,3,valid,a,value_nan,True,differential_mismatch,DifferentialMismatch,success/exception mismatch between cpu and mps,stage4/results/torch-thesis-all-coverage/execution_results/torch.storage.np.clip.results.json
torch.storage.np.clip,valid_mutation,4,valid,a,value_posinf,True,differential_mismatch,DifferentialMismatch,success/exception mismatch between cpu and mps,stage4/results/torch-thesis-all-coverage/execution_results/torch.storage.np.clip.results.json
torch.storage.np.clip,valid_mutation,5,valid,a,value_large_magnitude,True,differential_mismatch,DifferentialMismatch,success/exception mismatch between cpu and mps,stage4/results/torch-thesis-all-coverage/execution_results/torch.storage.np.clip.results.json
torch.storage.np.clip,valid_mutation,6,valid,a,enum_switch,True,differential_mismatch,DifferentialMismatch,success/exception mismatch between cpu and mps,stage4/results/torch-thesis-all-coverage/execution_results/torch.storage.np.clip.results.json
torch.storage.np.clip,negative_mutation,7,negative,a,enum_invalid,True,negative_accepted_not_bug,,,stage4/results/torch-thesis-all-coverage/execution_results/torch.storage.np.clip.results.json
torch.storage.np.column_stack,base_valid,0,valid,,,True,success_valid,,,stage4/results/torch-thesis-all-coverage/execution_results/torch.storage.np.column_stack.results.json
torch.storage.np.column_stack,valid_mutation,1,valid,tup,element_delta,True,valid_mutation_success,,,stage4/results/torch-thesis-all-coverage/execution_results/torch.storage.np.column_stack.results.json
torch.storage.np.column_stack,valid_mutation,2,valid,tup,structure_grow,True,valid_mutation_success,,,stage4/results/torch-thesis-all-coverage/execution_results/torch.storage.np.column_stack.results.json
torch.storage.np.column_stack,negative_mutation,3,negative,tup,structure_shrink,True,negative_accepted_not_bug,,,stage4/results/torch-thesis-all-coverage/execution_results/torch.storage.np.column_stack.results.json
torch.storage.np.compress,base_valid,0,valid,,,True,differential_mismatch,DifferentialMismatch,success/exception mismatch between cpu and mps,stage4/results/torch-thesis-all-coverage/execution_results/torch.storage.np.compress.results.json
torch.storage.np.compress,valid_mutation,1,valid,condition,value_negzero,True,differential_mismatch,DifferentialMismatch,success/exception mismatch between cpu and mps,stage4/results/torch-thesis-all-coverage/execution_results/torch.storage.np.compress.results.json
torch.storage.np.compress,valid_mutation,2,valid,condition,value_noise,True,differential_mismatch,DifferentialMismatch,success/exception mismatch between cpu and mps,stage4/results/torch-thesis-all-coverage/execution_results/torch.storage.np.compress.results.json
torch.storage.np.compress,valid_mutation,3,valid,condition,value_large_magnitude,True,differential_mismatch,DifferentialMismatch,success/exception mismatch between cpu and mps,stage4/results/torch-thesis-all-coverage/execution_results/torch.storage.np.compress.results.json
torch.storage.np.compress,valid_mutation,4,valid,condition,value_mask,True,differential_mismatch,DifferentialMismatch,success/exception mismatch between cpu and mps,stage4/results/torch-thesis-all-coverage/execution_results/torch.storage.np.compress.results.json
torch.storage.np.compress,valid_mutation,5,valid,condition,value_division,True,differential_mismatch,DifferentialMismatch,success/exception mismatch between cpu and mps,stage4/results/torch-thesis-all-coverage/execution_results/torch.storage.np.compress.results.json
torch.storage.np.compress,valid_mutation,6,valid,condition,value_nan,True,differential_mismatch,DifferentialMismatch,success/exception mismatch between cpu and mps,stage4/results/torch-thesis-all-coverage/execution_results/torch.storage.np.compress.results.json
torch.storage.np.compress,valid_mutation,7,valid,condition,value_neginf,True,differential_mismatch,DifferentialMismatch,success/exception mismatch between cpu and mps,stage4/results/torch-thesis-all-coverage/execution_results/torch.storage.np.compress.results.json
torch.storage.np.compress,valid_mutation,8,valid,condition,value_posinf,True,differential_mismatch,DifferentialMismatch,success/exception mismatch between cpu and mps,stage4/results/torch-thesis-all-coverage/execution_results/torch.storage.np.compress.results.json
torch.storage.np.compress,negative_mutation,9,negative,condition,shape_shrink,True,negative_accepted_not_bug,,,stage4/results/torch-thesis-all-coverage/execution_results/torch.storage.np.compress.results.json
torch.storage.np.compress,negative_mutation,10,negative,condition,dtype_mutate,True,negative_accepted_not_bug,,,stage4/results/torch-thesis-all-coverage/execution_results/torch.storage.np.compress.results.json
torch.storage.np.compress,valid_mutation,11,valid,a,value_neginf,True,differential_mismatch,DifferentialMismatch,success/exception mismatch between cpu and mps,stage4/results/torch-thesis-all-coverage/execution_results/torch.storage.np.compress.results.json
torch.storage.np.compress,valid_mutation,12,valid,a,value_nan,True,differential_mismatch,DifferentialMismatch,success/exception mismatch between cpu and mps,stage4/results/torch-thesis-all-coverage/execution_results/torch.storage.np.compress.results.json
torch.storage.np.compress,valid_mutation,13,valid,a,value_negzero,True,differential_mismatch,DifferentialMismatch,success/exception mismatch between cpu and mps,stage4/results/torch-thesis-all-coverage/execution_results/torch.storage.np.compress.results.json
torch.storage.np.compress,valid_mutation,14,valid,a,value_noise,True,differential_mismatch,DifferentialMismatch,success/exception mismatch between cpu and mps,stage4/results/torch-thesis-all-coverage/execution_results/torch.storage.np.compress.results.json
torch.storage.np.compress,valid_mutation,15,valid,a,value_large_magnitude,True,differential_mismatch,DifferentialMismatch,success/exception mismatch between cpu and mps,stage4/results/torch-thesis-all-coverage/execution_results/torch.storage.np.compress.results.json
torch.storage.np.compress,valid_mutation,16,valid,a,value_mask,True,differential_mismatch,DifferentialMismatch,success/exception mismatch between cpu and mps,stage4/results/torch-thesis-all-coverage/execution_results/torch.storage.np.compress.results.json
torch.storage.np.compress,valid_mutation,17,valid,a,value_posinf,True,differential_mismatch,DifferentialMismatch,success/exception mismatch between cpu and mps,stage4/results/torch-thesis-all-coverage/execution_results/torch.storage.np.compress.results.json
torch.storage.np.compress,valid_mutation,18,valid,a,value_division,True,differential_mismatch,DifferentialMismatch,success/exception mismatch between cpu and mps,stage4/results/torch-thesis-all-coverage/execution_results/torch.storage.np.compress.results.json
torch.storage.np.compress,negative_mutation,19,negative,a,shape_expand,True,negative_accepted_not_bug,,,stage4/results/torch-thesis-all-coverage/execution_results/torch.storage.np.compress.results.json
torch.storage.np.compress,negative_mutation,20,negative,a,dtype_mutate,True,negative_accepted_not_bug,,,stage4/results/torch-thesis-all-coverage/execution_results/torch.storage.np.compress.results.json
torch.storage.np.core.arrayprint.array,base_valid,0,valid,,,True,success_valid,,,stage4/results/torch-thesis-all-coverage/execution_results/torch.storage.np.core.arrayprint.array.results.json
torch.storage.np.core.arrayprint.array,valid_mutation,1,valid,object,value_negzero,True,valid_mutation_success,,,stage4/results/torch-thesis-all-coverage/execution_results/torch.storage.np.core.arrayprint.array.results.json
torch.storage.np.core.arrayprint.array,valid_mutation,2,valid,object,value_neginf,True,valid_mutation_success,,,stage4/results/torch-thesis-all-coverage/execution_results/torch.storage.np.core.arrayprint.array.results.json
torch.storage.np.core.arrayprint.array,valid_mutation,3,valid,object,value_nan,True,valid_mutation_success,,,stage4/results/torch-thesis-all-coverage/execution_results/torch.storage.np.core.arrayprint.array.results.json
torch.storage.np.core.arrayprint.array,valid_mutation,4,valid,object,value_large_magnitude,True,valid_mutation_success,,,stage4/results/torch-thesis-all-coverage/execution_results/torch.storage.np.core.arrayprint.array.results.json
torch.storage.np.core.arrayprint.array,valid_mutation,5,valid,object,value_posinf,True,valid_mutation_success,,,stage4/results/torch-thesis-all-coverage/execution_results/torch.storage.np.core.arrayprint.array.results.json
torch.storage.np.core.arrayprint.array,valid_mutation,6,valid,object,scalar_delta,True,valid_mutation_success,,,stage4/results/torch-thesis-all-coverage/execution_results/torch.storage.np.core.arrayprint.array.results.json
torch.storage.np.core.arrayprint.array,negative_mutation,7,negative,object,type_widen,True,negative_accepted_not_bug,,,stage4/results/torch-thesis-all-coverage/execution_results/torch.storage.np.core.arrayprint.array.results.json
torch.storage.np.core.arrayprint.format_float_positional,base_valid,0,valid,,,True,success_valid,,,stage4/results/torch-thesis-all-coverage/execution_results/torch.storage.np.core.arrayprint.format_float_positional.results.json
torch.storage.np.core.arrayprint.format_float_positional,valid_mutation,1,valid,x,scalar_delta,True,valid_mutation_success,,,stage4/results/torch-thesis-all-coverage/execution_results/torch.storage.np.core.arrayprint.format_float_positional.results.json
torch.storage.np.core.arrayprint.format_float_positional,negative_mutation,2,negative,x,type_widen,True,negative_accepted_not_bug,,,stage4/results/torch-thesis-all-coverage/execution_results/torch.storage.np.core.arrayprint.format_float_positional.results.json
torch.storage.np.core.arrayprint.format_float_scientific,base_valid,0,valid,,,True,success_valid,,,stage4/results/torch-thesis-all-coverage/execution_results/torch.storage.np.core.arrayprint.format_float_scientific.results.json
torch.storage.np.core.arrayprint.format_float_scientific,valid_mutation,1,valid,x,scalar_delta,True,valid_mutation_success,,,stage4/results/torch-thesis-all-coverage/execution_results/torch.storage.np.core.arrayprint.format_float_scientific.results.json
torch.storage.np.core.arrayprint.format_float_scientific,negative_mutation,2,negative,x,type_widen,True,negative_accepted_not_bug,,,stage4/results/torch-thesis-all-coverage/execution_results/torch.storage.np.core.arrayprint.format_float_scientific.results.json
torch.storage.np.core.defchararray.narray,base_valid,0,valid,,,True,success_valid,,,stage4/results/torch-thesis-all-coverage/execution_results/torch.storage.np.core.defchararray.narray.results.json
torch.storage.np.core.defchararray.narray,valid_mutation,1,valid,object,value_neginf,True,valid_mutation_success,,,stage4/results/torch-thesis-all-coverage/execution_results/torch.storage.np.core.defchararray.narray.results.json
torch.storage.np.core.defchararray.narray,valid_mutation,2,valid,object,value_large_magnitude,True,valid_mutation_success,,,stage4/results/torch-thesis-all-coverage/execution_results/torch.storage.np.core.defchararray.narray.results.json
torch.storage.np.core.defchararray.narray,valid_mutation,3,valid,object,value_negzero,True,valid_mutation_success,,,stage4/results/torch-thesis-all-coverage/execution_results/torch.storage.np.core.defchararray.narray.results.json
torch.storage.np.core.defchararray.narray,valid_mutation,4,valid,object,value_nan,True,valid_mutation_success,,,stage4/results/torch-thesis-all-coverage/execution_results/torch.storage.np.core.defchararray.narray.results.json
torch.storage.np.core.defchararray.narray,valid_mutation,5,valid,object,scalar_delta,True,valid_mutation_success,,,stage4/results/torch-thesis-all-coverage/execution_results/torch.storage.np.core.defchararray.narray.results.json
torch.storage.np.core.defchararray.narray,valid_mutation,6,valid,object,value_posinf,True,valid_mutation_success,,,stage4/results/torch-thesis-all-coverage/execution_results/torch.storage.np.core.defchararray.narray.results.json
torch.storage.np.core.defchararray.narray,negative_mutation,7,negative,object,type_widen,True,negative_accepted_not_bug,,,stage4/results/torch-thesis-all-coverage/execution_results/torch.storage.np.core.defchararray.narray.results.json
torch.storage.np.core.fromnumeric.clip,base_valid,0,valid,,,True,success_valid,,,stage4/results/torch-thesis-all-coverage/execution_results/torch.storage.np.core.fromnumeric.clip.results.json
torch.storage.np.core.fromnumeric.clip,valid_mutation,1,valid,a,enum_switch,True,valid_mutation_success,,,stage4/results/torch-thesis-all-coverage/execution_results/torch.storage.np.core.fromnumeric.clip.results.json
torch.storage.np.core.fromnumeric.clip,negative_mutation,2,negative,a,enum_invalid,True,negative_accepted_not_bug,,,stage4/results/torch-thesis-all-coverage/execution_results/torch.storage.np.core.fromnumeric.clip.results.json
torch.storage.np.core.fromnumeric.compress,base_valid,0,valid,,,True,success_valid,,,stage4/results/torch-thesis-all-coverage/execution_results/torch.storage.np.core.fromnumeric.compress.results.json
torch.storage.np.core.fromnumeric.compress,valid_mutation,1,valid,condition,value_noise,True,valid_mutation_success,,,stage4/results/torch-thesis-all-coverage/execution_results/torch.storage.np.core.fromnumeric.compress.results.json
torch.storage.np.core.fromnumeric.compress,valid_mutation,2,valid,condition,value_mask,True,valid_mutation_success,,,stage4/results/torch-thesis-all-coverage/execution_results/torch.storage.np.core.fromnumeric.compress.results.json
torch.storage.np.core.fromnumeric.compress,valid_mutation,3,valid,condition,value_division,True,valid_mutation_success,,,stage4/results/torch-thesis-all-coverage/execution_results/torch.storage.np.core.fromnumeric.compress.results.json
torch.storage.np.core.fromnumeric.compress,negative_mutation,4,negative,condition,shape_expand,False,expected_negative_rejection,IndexError,index 2 is out of bounds for axis 0 with size 2,stage4/results/torch-thesis-all-coverage/execution_results/torch.storage.np.core.fromnumeric.compress.results.json
torch.storage.np.core.fromnumeric.compress,negative_mutation,5,negative,condition,dtype_mutate,True,negative_accepted_not_bug,,,stage4/results/torch-thesis-all-coverage/execution_results/torch.storage.np.core.fromnumeric.compress.results.json
torch.storage.np.core.fromnumeric.compress,valid_mutation,6,valid,a,value_mask,True,valid_mutation_success,,,stage4/results/torch-thesis-all-coverage/execution_results/torch.storage.np.core.fromnumeric.compress.results.json
torch.storage.np.core.fromnumeric.compress,valid_mutation,7,valid,a,value_division,True,valid_mutation_success,,,stage4/results/torch-thesis-all-coverage/execution_results/torch.storage.np.core.fromnumeric.compress.results.json
torch.storage.np.core.fromnumeric.compress,valid_mutation,8,valid,a,value_noise,True,valid_mutation_success,,,stage4/results/torch-thesis-all-coverage/execution_results/torch.storage.np.core.fromnumeric.compress.results.json
torch.storage.np.core.fromnumeric.compress,negative_mutation,9,negative,a,shape_expand,True,negative_accepted_not_bug,,,stage4/results/torch-thesis-all-coverage/execution_results/torch.storage.np.core.fromnumeric.compress.results.json
torch.storage.np.core.fromnumeric.compress,negative_mutation,10,negative,a,dtype_mutate,True,negative_accepted_not_bug,,,stage4/results/torch-thesis-all-coverage/execution_results/torch.storage.np.core.fromnumeric.compress.results.json
torch.storage.np.core.fromnumeric.cumprod,base_valid,0,valid,,,True,differential_mismatch,DifferentialMismatch,success/exception mismatch between cpu and mps,stage4/results/torch-thesis-all-coverage/execution_results/torch.storage.np.core.fromnumeric.cumprod.results.json
torch.storage.np.core.fromnumeric.cumprod,valid_mutation,1,valid,a,value_nan,True,differential_mismatch,DifferentialMismatch,success/exception mismatch between cpu and mps,stage4/results/torch-thesis-all-coverage/execution_results/torch.storage.np.core.fromnumeric.cumprod.results.json
torch.storage.np.core.fromnumeric.cumprod,valid_mutation,2,valid,a,value_large_magnitude,True,differential_mismatch,DifferentialMismatch,success/exception mismatch between cpu and mps,stage4/results/torch-thesis-all-coverage/execution_results/torch.storage.np.core.fromnumeric.cumprod.results.json
torch.storage.np.core.fromnumeric.cumprod,valid_mutation,3,valid,a,value_neginf,True,differential_mismatch,DifferentialMismatch,success/exception mismatch between cpu and mps,stage4/results/torch-thesis-all-coverage/execution_results/torch.storage.np.core.fromnumeric.cumprod.results.json
torch.storage.np.core.fromnumeric.cumprod,valid_mutation,4,valid,a,value_mask,True,differential_mismatch,DifferentialMismatch,success/exception mismatch between cpu and mps,stage4/results/torch-thesis-all-coverage/execution_results/torch.storage.np.core.fromnumeric.cumprod.results.json
torch.storage.np.core.fromnumeric.cumprod,valid_mutation,5,valid,a,value_posinf,True,differential_mismatch,DifferentialMismatch,success/exception mismatch between cpu and mps,stage4/results/torch-thesis-all-coverage/execution_results/torch.storage.np.core.fromnumeric.cumprod.results.json
torch.storage.np.core.fromnumeric.cumprod,valid_mutation,6,valid,a,value_negzero,True,differential_mismatch,DifferentialMismatch,success/exception mismatch between cpu and mps,stage4/results/torch-thesis-all-coverage/execution_results/torch.storage.np.core.fromnumeric.cumprod.results.json
torch.storage.np.core.fromnumeric.cumprod,valid_mutation,7,valid,a,value_noise,True,differential_mismatch,DifferentialMismatch,success/exception mismatch between cpu and mps,stage4/results/torch-thesis-all-coverage/execution_results/torch.storage.np.core.fromnumeric.cumprod.results.json
torch.storage.np.core.fromnumeric.cumprod,valid_mutation,8,valid,a,value_division,True,differential_mismatch,DifferentialMismatch,success/exception mismatch between cpu and mps,stage4/results/torch-thesis-all-coverage/execution_results/torch.storage.np.core.fromnumeric.cumprod.results.json
torch.storage.np.core.fromnumeric.cumprod,negative_mutation,9,negative,a,shape_shrink,True,negative_accepted_not_bug,,,stage4/results/torch-thesis-all-coverage/execution_results/torch.storage.np.core.fromnumeric.cumprod.results.json
torch.storage.np.core.fromnumeric.cumprod,negative_mutation,10,negative,a,dtype_mutate,True,negative_accepted_not_bug,,,stage4/results/torch-thesis-all-coverage/execution_results/torch.storage.np.core.fromnumeric.cumprod.results.json
torch.storage.np.core.fromnumeric.ndim,base_valid,0,valid,,,True,success_valid,,,stage4/results/torch-thesis-all-coverage/execution_results/torch.storage.np.core.fromnumeric.ndim.results.json
torch.storage.np.core.fromnumeric.ndim,valid_mutation,1,valid,a,value_nan,True,valid_mutation_success,,,stage4/results/torch-thesis-all-coverage/execution_results/torch.storage.np.core.fromnumeric.ndim.results.json
torch.storage.np.core.fromnumeric.ndim,valid_mutation,2,valid,a,value_negzero,True,valid_mutation_success,,,stage4/results/torch-thesis-all-coverage/execution_results/torch.storage.np.core.fromnumeric.ndim.results.json
torch.storage.np.core.fromnumeric.ndim,valid_mutation,3,valid,a,value_large_magnitude,True,valid_mutation_success,,,stage4/results/torch-thesis-all-coverage/execution_results/torch.storage.np.core.fromnumeric.ndim.results.json
torch.storage.np.core.fromnumeric.ndim,valid_mutation,4,valid,a,value_posinf,True,valid_mutation_success,,,stage4/results/torch-thesis-all-coverage/execution_results/torch.storage.np.core.fromnumeric.ndim.results.json
torch.storage.np.core.fromnumeric.ndim,valid_mutation,5,valid,a,value_mask,True,valid_mutation_success,,,stage4/results/torch-thesis-all-coverage/execution_results/torch.storage.np.core.fromnumeric.ndim.results.json
torch.storage.np.core.fromnumeric.ndim,valid_mutation,6,valid,a,value_division,True,valid_mutation_success,,,stage4/results/torch-thesis-all-coverage/execution_results/torch.storage.np.core.fromnumeric.ndim.results.json
torch.storage.np.core.fromnumeric.ndim,valid_mutation,7,valid,a,value_neginf,True,valid_mutation_success,,,stage4/results/torch-thesis-all-coverage/execution_results/torch.storage.np.core.fromnumeric.ndim.results.json
torch.storage.np.core.fromnumeric.ndim,valid_mutation,8,valid,a,value_noise,True,valid_mutation_success,,,stage4/results/torch-thesis-all-coverage/execution_results/torch.storage.np.core.fromnumeric.ndim.results.json
torch.storage.np.core.fromnumeric.ndim,negative_mutation,9,negative,a,shape_expand,True,negative_accepted_not_bug,,,stage4/results/torch-thesis-all-coverage/execution_results/torch.storage.np.core.fromnumeric.ndim.results.json
torch.storage.np.core.fromnumeric.ndim,negative_mutation,10,negative,a,dtype_mutate,True,negative_accepted_not_bug,,,stage4/results/torch-thesis-all-coverage/execution_results/torch.storage.np.core.fromnumeric.ndim.results.json
torch.storage.np.core.fromnumeric.nonzero,base_valid,0,valid,,,True,success_valid,,,stage4/results/torch-thesis-all-coverage/execution_results/torch.storage.np.core.fromnumeric.nonzero.results.json
torch.storage.np.core.fromnumeric.nonzero,valid_mutation,1,valid,a,value_noise,True,valid_mutation_success,,,stage4/results/torch-thesis-all-coverage/execution_results/torch.storage.np.core.fromnumeric.nonzero.results.json
torch.storage.np.core.fromnumeric.nonzero,valid_mutation,2,valid,a,value_neginf,True,valid_mutation_success,,,stage4/results/torch-thesis-all-coverage/execution_results/torch.storage.np.core.fromnumeric.nonzero.results.json
torch.storage.np.core.fromnumeric.nonzero,valid_mutation,3,valid,a,value_large_magnitude,True,valid_mutation_success,,,stage4/results/torch-thesis-all-coverage/execution_results/torch.storage.np.core.fromnumeric.nonzero.results.json
torch.storage.np.core.fromnumeric.nonzero,valid_mutation,4,valid,a,value_nan,True,valid_mutation_success,,,stage4/results/torch-thesis-all-coverage/execution_results/torch.storage.np.core.fromnumeric.nonzero.results.json
torch.storage.np.core.fromnumeric.nonzero,valid_mutation,5,valid,a,value_division,True,valid_mutation_success,,,stage4/results/torch-thesis-all-coverage/execution_results/torch.storage.np.core.fromnumeric.nonzero.results.json
torch.storage.np.core.fromnumeric.nonzero,valid_mutation,6,valid,a,value_negzero,True,valid_mutation_success,,,stage4/results/torch-thesis-all-coverage/execution_results/torch.storage.np.core.fromnumeric.nonzero.results.json
torch.storage.np.core.fromnumeric.nonzero,valid_mutation,7,valid,a,value_posinf,True,valid_mutation_success,,,stage4/results/torch-thesis-all-coverage/execution_results/torch.storage.np.core.fromnumeric.nonzero.results.json
torch.storage.np.core.fromnumeric.nonzero,valid_mutation,8,valid,a,value_mask,True,valid_mutation_success,,,stage4/results/torch-thesis-all-coverage/execution_results/torch.storage.np.core.fromnumeric.nonzero.results.json
torch.storage.np.core.fromnumeric.nonzero,negative_mutation,9,negative,a,shape_expand,True,negative_accepted_not_bug,,,stage4/results/torch-thesis-all-coverage/execution_results/torch.storage.np.core.fromnumeric.nonzero.results.json
torch.storage.np.core.fromnumeric.nonzero,negative_mutation,10,negative,a,dtype_mutate,True,negative_accepted_not_bug,,,stage4/results/torch-thesis-all-coverage/execution_results/torch.storage.np.core.fromnumeric.nonzero.results.json
torch.storage.np.core.fromnumeric.partition,base_valid,0,valid,,,True,differential_mismatch,DifferentialMismatch,success/exception mismatch between cpu and mps,stage4/results/torch-thesis-all-coverage/execution_results/torch.storage.np.core.fromnumeric.partition.results.json
torch.storage.np.core.fromnumeric.partition,valid_mutation,1,valid,a,value_neginf,True,differential_mismatch,DifferentialMismatch,success/exception mismatch between cpu and mps,stage4/results/torch-thesis-all-coverage/execution_results/torch.storage.np.core.fromnumeric.partition.results.json
torch.storage.np.core.fromnumeric.partition,valid_mutation,2,valid,a,value_posinf,True,differential_mismatch,DifferentialMismatch,success/exception mismatch between cpu and mps,stage4/results/torch-thesis-all-coverage/execution_results/torch.storage.np.core.fromnumeric.partition.results.json
torch.storage.np.core.fromnumeric.partition,valid_mutation,3,valid,a,value_noise,True,differential_mismatch,DifferentialMismatch,success/exception mismatch between cpu and mps,stage4/results/torch-thesis-all-coverage/execution_results/torch.storage.np.core.fromnumeric.partition.results.json
torch.storage.np.core.fromnumeric.partition,valid_mutation,4,valid,a,value_mask,True,differential_mismatch,DifferentialMismatch,success/exception mismatch between cpu and mps,stage4/results/torch-thesis-all-coverage/execution_results/torch.storage.np.core.fromnumeric.partition.results.json
torch.storage.np.core.fromnumeric.partition,valid_mutation,5,valid,a,value_nan,True,differential_mismatch,DifferentialMismatch,success/exception mismatch between cpu and mps,stage4/results/torch-thesis-all-coverage/execution_results/torch.storage.np.core.fromnumeric.partition.results.json
torch.storage.np.core.fromnumeric.partition,valid_mutation,6,valid,a,value_negzero,True,differential_mismatch,DifferentialMismatch,success/exception mismatch between cpu and mps,stage4/results/torch-thesis-all-coverage/execution_results/torch.storage.np.core.fromnumeric.partition.results.json
torch.storage.np.core.fromnumeric.partition,valid_mutation,7,valid,a,value_large_magnitude,True,differential_mismatch,DifferentialMismatch,success/exception mismatch between cpu and mps,stage4/results/torch-thesis-all-coverage/execution_results/torch.storage.np.core.fromnumeric.partition.results.json
torch.storage.np.core.fromnumeric.partition,valid_mutation,8,valid,a,value_division,True,differential_mismatch,DifferentialMismatch,success/exception mismatch between cpu and mps,stage4/results/torch-thesis-all-coverage/execution_results/torch.storage.np.core.fromnumeric.partition.results.json
torch.storage.np.core.fromnumeric.partition,negative_mutation,9,negative,a,shape_expand,True,negative_accepted_not_bug,,,stage4/results/torch-thesis-all-coverage/execution_results/torch.storage.np.core.fromnumeric.partition.results.json
torch.storage.np.core.fromnumeric.partition,negative_mutation,10,negative,a,dtype_mutate,True,negative_accepted_not_bug,,,stage4/results/torch-thesis-all-coverage/execution_results/torch.storage.np.core.fromnumeric.partition.results.json
torch.storage.np.core.fromnumeric.partition,valid_mutation,11,valid,kth,scalar_delta,True,differential_mismatch,DifferentialMismatch,success/exception mismatch between cpu and mps,stage4/results/torch-thesis-all-coverage/execution_results/torch.storage.np.core.fromnumeric.partition.results.json
torch.storage.np.core.fromnumeric.partition,valid_mutation,12,valid,kth,value_large_magnitude,True,differential_mismatch,DifferentialMismatch,success/exception mismatch between cpu and mps,stage4/results/torch-thesis-all-coverage/execution_results/torch.storage.np.core.fromnumeric.partition.results.json
torch.storage.np.core.fromnumeric.partition,negative_mutation,13,negative,kth,type_widen,False,expected_negative_rejection,TypeError,Partition index must be integer,stage4/results/torch-thesis-all-coverage/execution_results/torch.storage.np.core.fromnumeric.partition.results.json
torch.storage.np.core.fromnumeric.shape,base_valid,0,valid,,,True,success_valid,,,stage4/results/torch-thesis-all-coverage/execution_results/torch.storage.np.core.fromnumeric.shape.results.json
torch.storage.np.core.fromnumeric.shape,valid_mutation,1,valid,a,value_posinf,True,valid_mutation_success,,,stage4/results/torch-thesis-all-coverage/execution_results/torch.storage.np.core.fromnumeric.shape.results.json
torch.storage.np.core.fromnumeric.shape,valid_mutation,2,valid,a,value_division,True,valid_mutation_success,,,stage4/results/torch-thesis-all-coverage/execution_results/torch.storage.np.core.fromnumeric.shape.results.json
torch.storage.np.core.fromnumeric.shape,valid_mutation,3,valid,a,value_negzero,True,valid_mutation_success,,,stage4/results/torch-thesis-all-coverage/execution_results/torch.storage.np.core.fromnumeric.shape.results.json
torch.storage.np.core.fromnumeric.shape,valid_mutation,4,valid,a,value_large_magnitude,True,valid_mutation_success,,,stage4/results/torch-thesis-all-coverage/execution_results/torch.storage.np.core.fromnumeric.shape.results.json
torch.storage.np.core.fromnumeric.shape,valid_mutation,5,valid,a,value_neginf,True,valid_mutation_success,,,stage4/results/torch-thesis-all-coverage/execution_results/torch.storage.np.core.fromnumeric.shape.results.json
torch.storage.np.core.fromnumeric.shape,valid_mutation,6,valid,a,value_nan,True,valid_mutation_success,,,stage4/results/torch-thesis-all-coverage/execution_results/torch.storage.np.core.fromnumeric.shape.results.json
torch.storage.np.core.fromnumeric.shape,valid_mutation,7,valid,a,value_mask,True,valid_mutation_success,,,stage4/results/torch-thesis-all-coverage/execution_results/torch.storage.np.core.fromnumeric.shape.results.json
torch.storage.np.core.fromnumeric.shape,valid_mutation,8,valid,a,value_noise,True,valid_mutation_success,,,stage4/results/torch-thesis-all-coverage/execution_results/torch.storage.np.core.fromnumeric.shape.results.json
torch.storage.np.core.fromnumeric.shape,negative_mutation,9,negative,a,shape_shrink,True,negative_accepted_not_bug,,,stage4/results/torch-thesis-all-coverage/execution_results/torch.storage.np.core.fromnumeric.shape.results.json
torch.storage.np.core.fromnumeric.shape,negative_mutation,10,negative,a,dtype_mutate,True,negative_accepted_not_bug,,,stage4/results/torch-thesis-all-coverage/execution_results/torch.storage.np.core.fromnumeric.shape.results.json
torch.storage.np.core.fromnumeric.sort,base_valid,0,valid,,,True,differential_mismatch,DifferentialMismatch,success/exception mismatch between cpu and mps,stage4/results/torch-thesis-all-coverage/execution_results/torch.storage.np.core.fromnumeric.sort.results.json
torch.storage.np.core.fromnumeric.sort,valid_mutation,1,valid,a,value_division,True,differential_mismatch,DifferentialMismatch,success/exception mismatch between cpu and mps,stage4/results/torch-thesis-all-coverage/execution_results/torch.storage.np.core.fromnumeric.sort.results.json
torch.storage.np.core.fromnumeric.sort,valid_mutation,2,valid,a,value_mask,True,differential_mismatch,DifferentialMismatch,success/exception mismatch between cpu and mps,stage4/results/torch-thesis-all-coverage/execution_results/torch.storage.np.core.fromnumeric.sort.results.json
torch.storage.np.core.fromnumeric.sort,valid_mutation,3,valid,a,value_posinf,True,differential_mismatch,DifferentialMismatch,success/exception mismatch between cpu and mps,stage4/results/torch-thesis-all-coverage/execution_results/torch.storage.np.core.fromnumeric.sort.results.json
torch.storage.np.core.fromnumeric.sort,valid_mutation,4,valid,a,value_large_magnitude,True,differential_mismatch,DifferentialMismatch,success/exception mismatch between cpu and mps,stage4/results/torch-thesis-all-coverage/execution_results/torch.storage.np.core.fromnumeric.sort.results.json
torch.storage.np.core.fromnumeric.sort,valid_mutation,5,valid,a,value_neginf,True,differential_mismatch,DifferentialMismatch,success/exception mismatch between cpu and mps,stage4/results/torch-thesis-all-coverage/execution_results/torch.storage.np.core.fromnumeric.sort.results.json
torch.storage.np.core.fromnumeric.sort,valid_mutation,6,valid,a,value_nan,True,differential_mismatch,DifferentialMismatch,success/exception mismatch between cpu and mps,stage4/results/torch-thesis-all-coverage/execution_results/torch.storage.np.core.fromnumeric.sort.results.json
torch.storage.np.core.fromnumeric.sort,valid_mutation,7,valid,a,value_noise,True,differential_mismatch,DifferentialMismatch,success/exception mismatch between cpu and mps,stage4/results/torch-thesis-all-coverage/execution_results/torch.storage.np.core.fromnumeric.sort.results.json
torch.storage.np.core.fromnumeric.sort,valid_mutation,8,valid,a,value_negzero,True,differential_mismatch,DifferentialMismatch,success/exception mismatch between cpu and mps,stage4/results/torch-thesis-all-coverage/execution_results/torch.storage.np.core.fromnumeric.sort.results.json
torch.storage.np.core.fromnumeric.sort,negative_mutation,9,negative,a,shape_shrink,True,negative_accepted_not_bug,,,stage4/results/torch-thesis-all-coverage/execution_results/torch.storage.np.core.fromnumeric.sort.results.json
torch.storage.np.core.fromnumeric.sort,negative_mutation,10,negative,a,dtype_mutate,True,negative_accepted_not_bug,,,stage4/results/torch-thesis-all-coverage/execution_results/torch.storage.np.core.fromnumeric.sort.results.json
torch.storage.np.core.fromnumeric.transpose,base_valid,0,valid,,,True,differential_mismatch,DifferentialMismatch,success/exception mismatch between cpu and mps,stage4/results/torch-thesis-all-coverage/execution_results/torch.storage.np.core.fromnumeric.transpose.results.json
torch.storage.np.core.fromnumeric.transpose,valid_mutation,1,valid,a,value_negzero,True,differential_mismatch,DifferentialMismatch,success/exception mismatch between cpu and mps,stage4/results/torch-thesis-all-coverage/execution_results/torch.storage.np.core.fromnumeric.transpose.results.json
torch.storage.np.core.fromnumeric.transpose,valid_mutation,2,valid,a,value_noise,True,differential_mismatch,DifferentialMismatch,success/exception mismatch between cpu and mps,stage4/results/torch-thesis-all-coverage/execution_results/torch.storage.np.core.fromnumeric.transpose.results.json
torch.storage.np.core.fromnumeric.transpose,valid_mutation,3,valid,a,value_neginf,True,differential_mismatch,DifferentialMismatch,success/exception mismatch between cpu and mps,stage4/results/torch-thesis-all-coverage/execution_results/torch.storage.np.core.fromnumeric.transpose.results.json
torch.storage.np.core.fromnumeric.transpose,valid_mutation,4,valid,a,value_nan,True,differential_mismatch,DifferentialMismatch,success/exception mismatch between cpu and mps,stage4/results/torch-thesis-all-coverage/execution_results/torch.storage.np.core.fromnumeric.transpose.results.json
torch.storage.np.core.fromnumeric.transpose,valid_mutation,5,valid,a,value_mask,True,differential_mismatch,DifferentialMismatch,success/exception mismatch between cpu and mps,stage4/results/torch-thesis-all-coverage/execution_results/torch.storage.np.core.fromnumeric.transpose.results.json
torch.storage.np.core.fromnumeric.transpose,valid_mutation,6,valid,a,value_division,True,differential_mismatch,DifferentialMismatch,success/exception mismatch between cpu and mps,stage4/results/torch-thesis-all-coverage/execution_results/torch.storage.np.core.fromnumeric.transpose.results.json
torch.storage.np.core.fromnumeric.transpose,valid_mutation,7,valid,a,value_large_magnitude,True,differential_mismatch,DifferentialMismatch,success/exception mismatch between cpu and mps,stage4/results/torch-thesis-all-coverage/execution_results/torch.storage.np.core.fromnumeric.transpose.results.json
torch.storage.np.core.fromnumeric.transpose,valid_mutation,8,valid,a,value_posinf,True,differential_mismatch,DifferentialMismatch,success/exception mismatch between cpu and mps,stage4/results/torch-thesis-all-coverage/execution_results/torch.storage.np.core.fromnumeric.transpose.results.json
torch.storage.np.core.fromnumeric.transpose,negative_mutation,9,negative,a,shape_expand,True,negative_accepted_not_bug,,,stage4/results/torch-thesis-all-coverage/execution_results/torch.storage.np.core.fromnumeric.transpose.results.json
torch.storage.np.core.fromnumeric.transpose,negative_mutation,10,negative,a,dtype_mutate,True,negative_accepted_not_bug,,,stage4/results/torch-thesis-all-coverage/execution_results/torch.storage.np.core.fromnumeric.transpose.results.json
torch.storage.np.core.function_base.geomspace,base_valid,0,valid,,,True,success_valid,,,stage4/results/torch-thesis-all-coverage/execution_results/torch.storage.np.core.function_base.geomspace.results.json
torch.storage.np.core.function_base.geomspace,valid_mutation,1,valid,start,element_delta,True,valid_mutation_success,,,stage4/results/torch-thesis-all-coverage/execution_results/torch.storage.np.core.function_base.geomspace.results.json
torch.storage.np.core.function_base.geomspace,valid_mutation,2,valid,start,structure_grow,True,valid_mutation_success,,,stage4/results/torch-thesis-all-coverage/execution_results/torch.storage.np.core.function_base.geomspace.results.json
torch.storage.np.core.function_base.geomspace,negative_mutation,3,negative,start,structure_shrink,True,negative_accepted_not_bug,,,stage4/results/torch-thesis-all-coverage/execution_results/torch.storage.np.core.function_base.geomspace.results.json
torch.storage.np.core.function_base.geomspace,valid_mutation,4,valid,stop,enum_switch,True,valid_mutation_success,,,stage4/results/torch-thesis-all-coverage/execution_results/torch.storage.np.core.function_base.geomspace.results.json
torch.storage.np.core.function_base.geomspace,negative_mutation,5,negative,stop,enum_invalid,True,negative_accepted_not_bug,,,stage4/results/torch-thesis-all-coverage/execution_results/torch.storage.np.core.function_base.geomspace.results.json
torch.storage.np.core.function_base.logspace,base_valid,0,valid,,,True,success_valid,,,stage4/results/torch-thesis-all-coverage/execution_results/torch.storage.np.core.function_base.logspace.results.json
torch.storage.np.core.function_base.logspace,valid_mutation,1,valid,start,element_delta,True,valid_mutation_success,,,stage4/results/torch-thesis-all-coverage/execution_results/torch.storage.np.core.function_base.logspace.results.json
torch.storage.np.core.function_base.logspace,valid_mutation,2,valid,start,structure_grow,True,valid_mutation_success,,,stage4/results/torch-thesis-all-coverage/execution_results/torch.storage.np.core.function_base.logspace.results.json
torch.storage.np.core.function_base.logspace,negative_mutation,3,negative,start,structure_shrink,True,negative_accepted_not_bug,,,stage4/results/torch-thesis-all-coverage/execution_results/torch.storage.np.core.function_base.logspace.results.json
torch.storage.np.core.function_base.logspace,valid_mutation,4,valid,stop,enum_switch,True,valid_mutation_success,,,stage4/results/torch-thesis-all-coverage/execution_results/torch.storage.np.core.function_base.logspace.results.json
torch.storage.np.core.function_base.logspace,negative_mutation,5,negative,stop,enum_invalid,True,negative_accepted_not_bug,,,stage4/results/torch-thesis-all-coverage/execution_results/torch.storage.np.core.function_base.logspace.results.json
torch.storage.np.core.function_base.ndim,base_valid,0,valid,,,True,success_valid,,,stage4/results/torch-thesis-all-coverage/execution_results/torch.storage.np.core.function_base.ndim.results.json
torch.storage.np.core.function_base.ndim,valid_mutation,1,valid,a,value_mask,True,valid_mutation_success,,,stage4/results/torch-thesis-all-coverage/execution_results/torch.storage.np.core.function_base.ndim.results.json
torch.storage.np.core.function_base.ndim,valid_mutation,2,valid,a,value_posinf,True,valid_mutation_success,,,stage4/results/torch-thesis-all-coverage/execution_results/torch.storage.np.core.function_base.ndim.results.json
torch.storage.np.core.function_base.ndim,valid_mutation,3,valid,a,value_division,True,valid_mutation_success,,,stage4/results/torch-thesis-all-coverage/execution_results/torch.storage.np.core.function_base.ndim.results.json
torch.storage.np.core.function_base.ndim,valid_mutation,4,valid,a,value_negzero,True,valid_mutation_success,,,stage4/results/torch-thesis-all-coverage/execution_results/torch.storage.np.core.function_base.ndim.results.json
torch.storage.np.core.function_base.ndim,valid_mutation,5,valid,a,value_noise,True,valid_mutation_success,,,stage4/results/torch-thesis-all-coverage/execution_results/torch.storage.np.core.function_base.ndim.results.json
torch.storage.np.core.function_base.ndim,valid_mutation,6,valid,a,value_nan,True,valid_mutation_success,,,stage4/results/torch-thesis-all-coverage/execution_results/torch.storage.np.core.function_base.ndim.results.json
torch.storage.np.core.function_base.ndim,valid_mutation,7,valid,a,value_large_magnitude,True,valid_mutation_success,,,stage4/results/torch-thesis-all-coverage/execution_results/torch.storage.np.core.function_base.ndim.results.json
torch.storage.np.core.function_base.ndim,valid_mutation,8,valid,a,value_neginf,True,valid_mutation_success,,,stage4/results/torch-thesis-all-coverage/execution_results/torch.storage.np.core.function_base.ndim.results.json
torch.storage.np.core.function_base.ndim,negative_mutation,9,negative,a,shape_shrink,True,negative_accepted_not_bug,,,stage4/results/torch-thesis-all-coverage/execution_results/torch.storage.np.core.function_base.ndim.results.json
torch.storage.np.core.function_base.ndim,negative_mutation,10,negative,a,dtype_mutate,True,negative_accepted_not_bug,,,stage4/results/torch-thesis-all-coverage/execution_results/torch.storage.np.core.function_base.ndim.results.json
torch.storage.np.core.multiarray.array,base_valid,0,valid,,,True,success_valid,,,stage4/results/torch-thesis-all-coverage/execution_results/torch.storage.np.core.multiarray.array.results.json
torch.storage.np.core.multiarray.array,valid_mutation,1,valid,object,value_nan,True,valid_mutation_success,,,stage4/results/torch-thesis-all-coverage/execution_results/torch.storage.np.core.multiarray.array.results.json
torch.storage.np.core.multiarray.array,valid_mutation,2,valid,object,value_posinf,True,valid_mutation_success,,,stage4/results/torch-thesis-all-coverage/execution_results/torch.storage.np.core.multiarray.array.results.json
torch.storage.np.core.multiarray.array,valid_mutation,3,valid,object,value_negzero,True,valid_mutation_success,,,stage4/results/torch-thesis-all-coverage/execution_results/torch.storage.np.core.multiarray.array.results.json
torch.storage.np.core.multiarray.array,valid_mutation,4,valid,object,scalar_delta,True,valid_mutation_success,,,stage4/results/torch-thesis-all-coverage/execution_results/torch.storage.np.core.multiarray.array.results.json
torch.storage.np.core.multiarray.array,valid_mutation,5,valid,object,value_neginf,True,valid_mutation_success,,,stage4/results/torch-thesis-all-coverage/execution_results/torch.storage.np.core.multiarray.array.results.json
torch.storage.np.core.multiarray.array,valid_mutation,6,valid,object,value_large_magnitude,True,valid_mutation_success,,,stage4/results/torch-thesis-all-coverage/execution_results/torch.storage.np.core.multiarray.array.results.json
torch.storage.np.core.multiarray.array,negative_mutation,7,negative,object,type_widen,True,negative_accepted_not_bug,,,stage4/results/torch-thesis-all-coverage/execution_results/torch.storage.np.core.multiarray.array.results.json
torch.storage.np.core.multiarray.asfortranarray,base_valid,0,valid,,,True,differential_mismatch,DifferentialMismatch,success/exception mismatch between cpu and mps,stage4/results/torch-thesis-all-coverage/execution_results/torch.storage.np.core.multiarray.asfortranarray.results.json
torch.storage.np.core.multiarray.asfortranarray,valid_mutation,1,valid,a,value_nan,True,differential_mismatch,DifferentialMismatch,success/exception mismatch between cpu and mps,stage4/results/torch-thesis-all-coverage/execution_results/torch.storage.np.core.multiarray.asfortranarray.results.json
torch.storage.np.core.multiarray.asfortranarray,valid_mutation,2,valid,a,value_posinf,True,differential_mismatch,DifferentialMismatch,success/exception mismatch between cpu and mps,stage4/results/torch-thesis-all-coverage/execution_results/torch.storage.np.core.multiarray.asfortranarray.results.json
torch.storage.np.core.multiarray.asfortranarray,valid_mutation,3,valid,a,value_mask,True,differential_mismatch,DifferentialMismatch,success/exception mismatch between cpu and mps,stage4/results/torch-thesis-all-coverage/execution_results/torch.storage.np.core.multiarray.asfortranarray.results.json
torch.storage.np.core.multiarray.asfortranarray,valid_mutation,4,valid,a,value_neginf,True,differential_mismatch,DifferentialMismatch,success/exception mismatch between cpu and mps,stage4/results/torch-thesis-all-coverage/execution_results/torch.storage.np.core.multiarray.asfortranarray.results.json
torch.storage.np.core.multiarray.asfortranarray,valid_mutation,5,valid,a,value_large_magnitude,True,differential_mismatch,DifferentialMismatch,success/exception mismatch between cpu and mps,stage4/results/torch-thesis-all-coverage/execution_results/torch.storage.np.core.multiarray.asfortranarray.results.json
torch.storage.np.core.multiarray.asfortranarray,valid_mutation,6,valid,a,value_noise,True,differential_mismatch,DifferentialMismatch,success/exception mismatch between cpu and mps,stage4/results/torch-thesis-all-coverage/execution_results/torch.storage.np.core.multiarray.asfortranarray.results.json
torch.storage.np.core.multiarray.asfortranarray,valid_mutation,7,valid,a,value_negzero,True,differential_mismatch,DifferentialMismatch,success/exception mismatch between cpu and mps,stage4/results/torch-thesis-all-coverage/execution_results/torch.storage.np.core.multiarray.asfortranarray.results.json
torch.storage.np.core.multiarray.asfortranarray,valid_mutation,8,valid,a,value_division,True,differential_mismatch,DifferentialMismatch,success/exception mismatch between cpu and mps,stage4/results/torch-thesis-all-coverage/execution_results/torch.storage.np.core.multiarray.asfortranarray.results.json
torch.storage.np.core.multiarray.asfortranarray,negative_mutation,9,negative,a,shape_expand,True,negative_accepted_not_bug,,,stage4/results/torch-thesis-all-coverage/execution_results/torch.storage.np.core.multiarray.asfortranarray.results.json
torch.storage.np.core.multiarray.asfortranarray,negative_mutation,10,negative,a,dtype_mutate,True,negative_accepted_not_bug,,,stage4/results/torch-thesis-all-coverage/execution_results/torch.storage.np.core.multiarray.asfortranarray.results.json
torch.storage.np.core.multiarray.empty,base_valid,0,valid,,,True,success_valid,,,stage4/results/torch-thesis-all-coverage/execution_results/torch.storage.np.core.multiarray.empty.results.json
torch.storage.np.core.multiarray.empty,valid_mutation,1,valid,shape,element_delta,True,valid_mutation_success,,,stage4/results/torch-thesis-all-coverage/execution_results/torch.storage.np.core.multiarray.empty.results.json
torch.storage.np.core.multiarray.empty,valid_mutation,2,valid,shape,structure_grow,True,valid_mutation_success,,,stage4/results/torch-thesis-all-coverage/execution_results/torch.storage.np.core.multiarray.empty.results.json
torch.storage.np.core.multiarray.empty,negative_mutation,3,negative,shape,structure_shrink,True,negative_accepted_not_bug,,,stage4/results/torch-thesis-all-coverage/execution_results/torch.storage.np.core.multiarray.empty.results.json
torch.storage.np.core.multiarray.empty_like,base_valid,0,valid,,,True,differential_mismatch,DifferentialMismatch,success/exception mismatch between cpu and mps,stage4/results/torch-thesis-all-coverage/execution_results/torch.storage.np.core.multiarray.empty_like.results.json
torch.storage.np.core.multiarray.empty_like,valid_mutation,1,valid,prototype,value_negzero,True,differential_mismatch,DifferentialMismatch,success/exception mismatch between cpu and mps,stage4/results/torch-thesis-all-coverage/execution_results/torch.storage.np.core.multiarray.empty_like.results.json
torch.storage.np.core.multiarray.empty_like,valid_mutation,2,valid,prototype,value_division,True,differential_mismatch,DifferentialMismatch,success/exception mismatch between cpu and mps,stage4/results/torch-thesis-all-coverage/execution_results/torch.storage.np.core.multiarray.empty_like.results.json
torch.storage.np.core.multiarray.empty_like,valid_mutation,3,valid,prototype,value_nan,True,differential_mismatch,DifferentialMismatch,success/exception mismatch between cpu and mps,stage4/results/torch-thesis-all-coverage/execution_results/torch.storage.np.core.multiarray.empty_like.results.json
torch.storage.np.core.multiarray.empty_like,valid_mutation,4,valid,prototype,value_posinf,True,differential_mismatch,DifferentialMismatch,success/exception mismatch between cpu and mps,stage4/results/torch-thesis-all-coverage/execution_results/torch.storage.np.core.multiarray.empty_like.results.json
torch.storage.np.core.multiarray.empty_like,valid_mutation,5,valid,prototype,value_noise,True,differential_mismatch,DifferentialMismatch,success/exception mismatch between cpu and mps,stage4/results/torch-thesis-all-coverage/execution_results/torch.storage.np.core.multiarray.empty_like.results.json
torch.storage.np.core.multiarray.empty_like,valid_mutation,6,valid,prototype,value_neginf,True,differential_mismatch,DifferentialMismatch,success/exception mismatch between cpu and mps,stage4/results/torch-thesis-all-coverage/execution_results/torch.storage.np.core.multiarray.empty_like.results.json
torch.storage.np.core.multiarray.empty_like,valid_mutation,7,valid,prototype,value_mask,True,differential_mismatch,DifferentialMismatch,success/exception mismatch between cpu and mps,stage4/results/torch-thesis-all-coverage/execution_results/torch.storage.np.core.multiarray.empty_like.results.json
torch.storage.np.core.multiarray.empty_like,valid_mutation,8,valid,prototype,value_large_magnitude,True,differential_mismatch,DifferentialMismatch,success/exception mismatch between cpu and mps,stage4/results/torch-thesis-all-coverage/execution_results/torch.storage.np.core.multiarray.empty_like.results.json
torch.storage.np.core.multiarray.empty_like,negative_mutation,9,negative,prototype,shape_shrink,True,negative_accepted_not_bug,,,stage4/results/torch-thesis-all-coverage/execution_results/torch.storage.np.core.multiarray.empty_like.results.json
torch.storage.np.core.multiarray.empty_like,negative_mutation,10,negative,prototype,dtype_mutate,True,negative_accepted_not_bug,,,stage4/results/torch-thesis-all-coverage/execution_results/torch.storage.np.core.multiarray.empty_like.results.json
torch.storage.np.core.multiarray.zeros,base_valid,0,valid,,,True,success_valid,,,stage4/results/torch-thesis-all-coverage/execution_results/torch.storage.np.core.multiarray.zeros.results.json
torch.storage.np.core.multiarray.zeros,valid_mutation,1,valid,shape,element_delta,True,valid_mutation_success,,,stage4/results/torch-thesis-all-coverage/execution_results/torch.storage.np.core.multiarray.zeros.results.json
torch.storage.np.core.multiarray.zeros,valid_mutation,2,valid,shape,structure_grow,True,valid_mutation_success,,,stage4/results/torch-thesis-all-coverage/execution_results/torch.storage.np.core.multiarray.zeros.results.json
torch.storage.np.core.multiarray.zeros,negative_mutation,3,negative,shape,structure_shrink,True,negative_accepted_not_bug,,,stage4/results/torch-thesis-all-coverage/execution_results/torch.storage.np.core.multiarray.zeros.results.json
torch.storage.np.core.numeric.array,base_valid,0,valid,,,True,success_valid,,,stage4/results/torch-thesis-all-coverage/execution_results/torch.storage.np.core.numeric.array.results.json
torch.storage.np.core.numeric.array,valid_mutation,1,valid,object,value_negzero,True,valid_mutation_success,,,stage4/results/torch-thesis-all-coverage/execution_results/torch.storage.np.core.numeric.array.results.json
torch.storage.np.core.numeric.array,valid_mutation,2,valid,object,value_nan,True,valid_mutation_success,,,stage4/results/torch-thesis-all-coverage/execution_results/torch.storage.np.core.numeric.array.results.json
torch.storage.np.core.numeric.array,valid_mutation,3,valid,object,value_posinf,True,valid_mutation_success,,,stage4/results/torch-thesis-all-coverage/execution_results/torch.storage.np.core.numeric.array.results.json
torch.storage.np.core.numeric.array,valid_mutation,4,valid,object,value_large_magnitude,True,valid_mutation_success,,,stage4/results/torch-thesis-all-coverage/execution_results/torch.storage.np.core.numeric.array.results.json
torch.storage.np.core.numeric.array,valid_mutation,5,valid,object,value_neginf,True,valid_mutation_success,,,stage4/results/torch-thesis-all-coverage/execution_results/torch.storage.np.core.numeric.array.results.json
torch.storage.np.core.numeric.array,valid_mutation,6,valid,object,scalar_delta,True,valid_mutation_success,,,stage4/results/torch-thesis-all-coverage/execution_results/torch.storage.np.core.numeric.array.results.json
torch.storage.np.core.numeric.array,negative_mutation,7,negative,object,type_widen,True,negative_accepted_not_bug,,,stage4/results/torch-thesis-all-coverage/execution_results/torch.storage.np.core.numeric.array.results.json
torch.storage.np.core.numeric.asfortranarray,base_valid,0,valid,,,True,differential_mismatch,DifferentialMismatch,success/exception mismatch between cpu and mps,stage4/results/torch-thesis-all-coverage/execution_results/torch.storage.np.core.numeric.asfortranarray.results.json
torch.storage.np.core.numeric.asfortranarray,valid_mutation,1,valid,a,value_division,True,differential_mismatch,DifferentialMismatch,success/exception mismatch between cpu and mps,stage4/results/torch-thesis-all-coverage/execution_results/torch.storage.np.core.numeric.asfortranarray.results.json
torch.storage.np.core.numeric.asfortranarray,valid_mutation,2,valid,a,value_mask,True,differential_mismatch,DifferentialMismatch,success/exception mismatch between cpu and mps,stage4/results/torch-thesis-all-coverage/execution_results/torch.storage.np.core.numeric.asfortranarray.results.json
torch.storage.np.core.numeric.asfortranarray,valid_mutation,3,valid,a,value_large_magnitude,True,differential_mismatch,DifferentialMismatch,success/exception mismatch between cpu and mps,stage4/results/torch-thesis-all-coverage/execution_results/torch.storage.np.core.numeric.asfortranarray.results.json
torch.storage.np.core.numeric.asfortranarray,valid_mutation,4,valid,a,value_neginf,True,differential_mismatch,DifferentialMismatch,success/exception mismatch between cpu and mps,stage4/results/torch-thesis-all-coverage/execution_results/torch.storage.np.core.numeric.asfortranarray.results.json
torch.storage.np.core.numeric.asfortranarray,valid_mutation,5,valid,a,value_nan,True,differential_mismatch,DifferentialMismatch,success/exception mismatch between cpu and mps,stage4/results/torch-thesis-all-coverage/execution_results/torch.storage.np.core.numeric.asfortranarray.results.json
torch.storage.np.core.numeric.asfortranarray,valid_mutation,6,valid,a,value_posinf,True,differential_mismatch,DifferentialMismatch,success/exception mismatch between cpu and mps,stage4/results/torch-thesis-all-coverage/execution_results/torch.storage.np.core.numeric.asfortranarray.results.json
torch.storage.np.core.numeric.asfortranarray,valid_mutation,7,valid,a,value_noise,True,differential_mismatch,DifferentialMismatch,success/exception mismatch between cpu and mps,stage4/results/torch-thesis-all-coverage/execution_results/torch.storage.np.core.numeric.asfortranarray.results.json
torch.storage.np.core.numeric.asfortranarray,valid_mutation,8,valid,a,value_negzero,True,differential_mismatch,DifferentialMismatch,success/exception mismatch between cpu and mps,stage4/results/torch-thesis-all-coverage/execution_results/torch.storage.np.core.numeric.asfortranarray.results.json
torch.storage.np.core.numeric.asfortranarray,negative_mutation,9,negative,a,shape_shrink,True,negative_accepted_not_bug,,,stage4/results/torch-thesis-all-coverage/execution_results/torch.storage.np.core.numeric.asfortranarray.results.json
torch.storage.np.core.numeric.asfortranarray,negative_mutation,10,negative,a,dtype_mutate,True,negative_accepted_not_bug,,,stage4/results/torch-thesis-all-coverage/execution_results/torch.storage.np.core.numeric.asfortranarray.results.json
torch.storage.np.core.numeric.base_repr,base_valid,0,valid,,,True,success_valid,,,stage4/results/torch-thesis-all-coverage/execution_results/torch.storage.np.core.numeric.base_repr.results.json
torch.storage.np.core.numeric.base_repr,valid_mutation,1,valid,number,scalar_delta,True,valid_mutation_success,,,stage4/results/torch-thesis-all-coverage/execution_results/torch.storage.np.core.numeric.base_repr.results.json
torch.storage.np.core.numeric.base_repr,valid_mutation,2,valid,number,value_large_magnitude,True,valid_mutation_success,,,stage4/results/torch-thesis-all-coverage/execution_results/torch.storage.np.core.numeric.base_repr.results.json
torch.storage.np.core.numeric.base_repr,negative_mutation,3,negative,number,type_widen,True,negative_accepted_not_bug,,,stage4/results/torch-thesis-all-coverage/execution_results/torch.storage.np.core.numeric.base_repr.results.json
torch.storage.np.core.numeric.clip,base_valid,0,valid,,,True,differential_mismatch,DifferentialMismatch,success/exception mismatch between cpu and mps,stage4/results/torch-thesis-all-coverage/execution_results/torch.storage.np.core.numeric.clip.results.json
torch.storage.np.core.numeric.clip,valid_mutation,1,valid,a,value_nan,True,differential_mismatch,DifferentialMismatch,success/exception mismatch between cpu and mps,stage4/results/torch-thesis-all-coverage/execution_results/torch.storage.np.core.numeric.clip.results.json
torch.storage.np.core.numeric.clip,valid_mutation,2,valid,a,value_posinf,True,differential_mismatch,DifferentialMismatch,success/exception mismatch between cpu and mps,stage4/results/torch-thesis-all-coverage/execution_results/torch.storage.np.core.numeric.clip.results.json
torch.storage.np.core.numeric.clip,valid_mutation,3,valid,a,value_neginf,True,differential_mismatch,DifferentialMismatch,success/exception mismatch between cpu and mps,stage4/results/torch-thesis-all-coverage/execution_results/torch.storage.np.core.numeric.clip.results.json
torch.storage.np.core.numeric.clip,valid_mutation,4,valid,a,value_large_magnitude,True,differential_mismatch,DifferentialMismatch,success/exception mismatch between cpu and mps,stage4/results/torch-thesis-all-coverage/execution_results/torch.storage.np.core.numeric.clip.results.json
torch.storage.np.core.numeric.clip,valid_mutation,5,valid,a,value_negzero,True,differential_mismatch,DifferentialMismatch,success/exception mismatch between cpu and mps,stage4/results/torch-thesis-all-coverage/execution_results/torch.storage.np.core.numeric.clip.results.json
torch.storage.np.core.numeric.clip,valid_mutation,6,valid,a,enum_switch,True,differential_mismatch,DifferentialMismatch,success/exception mismatch between cpu and mps,stage4/results/torch-thesis-all-coverage/execution_results/torch.storage.np.core.numeric.clip.results.json
torch.storage.np.core.numeric.clip,negative_mutation,7,negative,a,enum_invalid,True,negative_accepted_not_bug,,,stage4/results/torch-thesis-all-coverage/execution_results/torch.storage.np.core.numeric.clip.results.json
torch.storage.np.core.numeric.compress,base_valid,0,valid,,,True,differential_mismatch,DifferentialMismatch,success/exception mismatch between cpu and mps,stage4/results/torch-thesis-all-coverage/execution_results/torch.storage.np.core.numeric.compress.results.json
torch.storage.np.core.numeric.compress,valid_mutation,1,valid,condition,value_mask,True,differential_mismatch,DifferentialMismatch,success/exception mismatch between cpu and mps,stage4/results/torch-thesis-all-coverage/execution_results/torch.storage.np.core.numeric.compress.results.json
torch.storage.np.core.numeric.compress,valid_mutation,2,valid,condition,value_neginf,True,differential_mismatch,DifferentialMismatch,success/exception mismatch between cpu and mps,stage4/results/torch-thesis-all-coverage/execution_results/torch.storage.np.core.numeric.compress.results.json
torch.storage.np.core.numeric.compress,valid_mutation,3,valid,condition,value_negzero,True,differential_mismatch,DifferentialMismatch,success/exception mismatch between cpu and mps,stage4/results/torch-thesis-all-coverage/execution_results/torch.storage.np.core.numeric.compress.results.json
torch.storage.np.core.numeric.compress,valid_mutation,4,valid,condition,value_large_magnitude,True,differential_mismatch,DifferentialMismatch,success/exception mismatch between cpu and mps,stage4/results/torch-thesis-all-coverage/execution_results/torch.storage.np.core.numeric.compress.results.json
torch.storage.np.core.numeric.compress,valid_mutation,5,valid,condition,value_posinf,True,differential_mismatch,DifferentialMismatch,success/exception mismatch between cpu and mps,stage4/results/torch-thesis-all-coverage/execution_results/torch.storage.np.core.numeric.compress.results.json
torch.storage.np.core.numeric.compress,valid_mutation,6,valid,condition,value_nan,True,differential_mismatch,DifferentialMismatch,success/exception mismatch between cpu and mps,stage4/results/torch-thesis-all-coverage/execution_results/torch.storage.np.core.numeric.compress.results.json
torch.storage.np.core.numeric.compress,valid_mutation,7,valid,condition,value_division,True,differential_mismatch,DifferentialMismatch,success/exception mismatch between cpu and mps,stage4/results/torch-thesis-all-coverage/execution_results/torch.storage.np.core.numeric.compress.results.json
torch.storage.np.core.numeric.compress,valid_mutation,8,valid,condition,value_noise,True,differential_mismatch,DifferentialMismatch,success/exception mismatch between cpu and mps,stage4/results/torch-thesis-all-coverage/execution_results/torch.storage.np.core.numeric.compress.results.json
torch.storage.np.core.numeric.compress,negative_mutation,9,negative,condition,shape_shrink,True,negative_accepted_not_bug,,,stage4/results/torch-thesis-all-coverage/execution_results/torch.storage.np.core.numeric.compress.results.json
torch.storage.np.core.numeric.compress,negative_mutation,10,negative,condition,dtype_mutate,True,negative_accepted_not_bug,,,stage4/results/torch-thesis-all-coverage/execution_results/torch.storage.np.core.numeric.compress.results.json
torch.storage.np.core.numeric.compress,valid_mutation,11,valid,a,value_mask,True,differential_mismatch,DifferentialMismatch,success/exception mismatch between cpu and mps,stage4/results/torch-thesis-all-coverage/execution_results/torch.storage.np.core.numeric.compress.results.json
torch.storage.np.core.numeric.compress,valid_mutation,12,valid,a,value_neginf,True,differential_mismatch,DifferentialMismatch,success/exception mismatch between cpu and mps,stage4/results/torch-thesis-all-coverage/execution_results/torch.storage.np.core.numeric.compress.results.json
torch.storage.np.core.numeric.compress,valid_mutation,13,valid,a,value_negzero,True,differential_mismatch,DifferentialMismatch,success/exception mismatch between cpu and mps,stage4/results/torch-thesis-all-coverage/execution_results/torch.storage.np.core.numeric.compress.results.json
torch.storage.np.core.numeric.compress,valid_mutation,14,valid,a,value_posinf,True,differential_mismatch,DifferentialMismatch,success/exception mismatch between cpu and mps,stage4/results/torch-thesis-all-coverage/execution_results/torch.storage.np.core.numeric.compress.results.json
torch.storage.np.core.numeric.compress,valid_mutation,15,valid,a,value_division,True,differential_mismatch,DifferentialMismatch,success/exception mismatch between cpu and mps,stage4/results/torch-thesis-all-coverage/execution_results/torch.storage.np.core.numeric.compress.results.json
torch.storage.np.core.numeric.compress,valid_mutation,16,valid,a,value_noise,True,differential_mismatch,DifferentialMismatch,success/exception mismatch between cpu and mps,stage4/results/torch-thesis-all-coverage/execution_results/torch.storage.np.core.numeric.compress.results.json
torch.storage.np.core.numeric.compress,valid_mutation,17,valid,a,value_large_magnitude,True,differential_mismatch,DifferentialMismatch,success/exception mismatch between cpu and mps,stage4/results/torch-thesis-all-coverage/execution_results/torch.storage.np.core.numeric.compress.results.json
torch.storage.np.core.numeric.compress,valid_mutation,18,valid,a,value_nan,True,differential_mismatch,DifferentialMismatch,success/exception mismatch between cpu and mps,stage4/results/torch-thesis-all-coverage/execution_results/torch.storage.np.core.numeric.compress.results.json
torch.storage.np.core.numeric.compress,negative_mutation,19,negative,a,shape_expand,True,negative_accepted_not_bug,,,stage4/results/torch-thesis-all-coverage/execution_results/torch.storage.np.core.numeric.compress.results.json
torch.storage.np.core.numeric.compress,negative_mutation,20,negative,a,dtype_mutate,True,negative_accepted_not_bug,,,stage4/results/torch-thesis-all-coverage/execution_results/torch.storage.np.core.numeric.compress.results.json
torch.storage.np.core.numeric.count_nonzero,base_valid,0,valid,,,True,differential_mismatch,DifferentialMismatch,success/exception mismatch between cpu and mps,stage4/results/torch-thesis-all-coverage/execution_results/torch.storage.np.core.numeric.count_nonzero.results.json
torch.storage.np.core.numeric.count_nonzero,valid_mutation,1,valid,a,value_nan,True,differential_mismatch,DifferentialMismatch,success/exception mismatch between cpu and mps,stage4/results/torch-thesis-all-coverage/execution_results/torch.storage.np.core.numeric.count_nonzero.results.json
torch.storage.np.core.numeric.count_nonzero,valid_mutation,2,valid,a,value_noise,True,differential_mismatch,DifferentialMismatch,success/exception mismatch between cpu and mps,stage4/results/torch-thesis-all-coverage/execution_results/torch.storage.np.core.numeric.count_nonzero.results.json
torch.storage.np.core.numeric.count_nonzero,valid_mutation,3,valid,a,value_posinf,True,differential_mismatch,DifferentialMismatch,success/exception mismatch between cpu and mps,stage4/results/torch-thesis-all-coverage/execution_results/torch.storage.np.core.numeric.count_nonzero.results.json
torch.storage.np.core.numeric.count_nonzero,valid_mutation,4,valid,a,value_neginf,True,differential_mismatch,DifferentialMismatch,success/exception mismatch between cpu and mps,stage4/results/torch-thesis-all-coverage/execution_results/torch.storage.np.core.numeric.count_nonzero.results.json
torch.storage.np.core.numeric.count_nonzero,valid_mutation,5,valid,a,value_large_magnitude,True,differential_mismatch,DifferentialMismatch,success/exception mismatch between cpu and mps,stage4/results/torch-thesis-all-coverage/execution_results/torch.storage.np.core.numeric.count_nonzero.results.json
torch.storage.np.core.numeric.count_nonzero,valid_mutation,6,valid,a,value_negzero,True,differential_mismatch,DifferentialMismatch,success/exception mismatch between cpu and mps,stage4/results/torch-thesis-all-coverage/execution_results/torch.storage.np.core.numeric.count_nonzero.results.json
torch.storage.np.core.numeric.count_nonzero,valid_mutation,7,valid,a,value_mask,True,differential_mismatch,DifferentialMismatch,success/exception mismatch between cpu and mps,stage4/results/torch-thesis-all-coverage/execution_results/torch.storage.np.core.numeric.count_nonzero.results.json
torch.storage.np.core.numeric.count_nonzero,valid_mutation,8,valid,a,value_division,True,differential_mismatch,DifferentialMismatch,success/exception mismatch between cpu and mps,stage4/results/torch-thesis-all-coverage/execution_results/torch.storage.np.core.numeric.count_nonzero.results.json
torch.storage.np.core.numeric.count_nonzero,negative_mutation,9,negative,a,shape_expand,True,negative_accepted_not_bug,,,stage4/results/torch-thesis-all-coverage/execution_results/torch.storage.np.core.numeric.count_nonzero.results.json
torch.storage.np.core.numeric.count_nonzero,negative_mutation,10,negative,a,dtype_mutate,True,negative_accepted_not_bug,,,stage4/results/torch-thesis-all-coverage/execution_results/torch.storage.np.core.numeric.count_nonzero.results.json
torch.storage.np.core.numeric.cumprod,base_valid,0,valid,,,True,differential_mismatch,DifferentialMismatch,success/exception mismatch between cpu and mps,stage4/results/torch-thesis-all-coverage/execution_results/torch.storage.np.core.numeric.cumprod.results.json
torch.storage.np.core.numeric.cumprod,valid_mutation,1,valid,a,value_noise,True,differential_mismatch,DifferentialMismatch,success/exception mismatch between cpu and mps,stage4/results/torch-thesis-all-coverage/execution_results/torch.storage.np.core.numeric.cumprod.results.json
torch.storage.np.core.numeric.cumprod,valid_mutation,2,valid,a,value_negzero,True,differential_mismatch,DifferentialMismatch,success/exception mismatch between cpu and mps,stage4/results/torch-thesis-all-coverage/execution_results/torch.storage.np.core.numeric.cumprod.results.json
torch.storage.np.core.numeric.cumprod,valid_mutation,3,valid,a,value_mask,True,differential_mismatch,DifferentialMismatch,success/exception mismatch between cpu and mps,stage4/results/torch-thesis-all-coverage/execution_results/torch.storage.np.core.numeric.cumprod.results.json
torch.storage.np.core.numeric.cumprod,valid_mutation,4,valid,a,value_posinf,True,differential_mismatch,DifferentialMismatch,success/exception mismatch between cpu and mps,stage4/results/torch-thesis-all-coverage/execution_results/torch.storage.np.core.numeric.cumprod.results.json
torch.storage.np.core.numeric.cumprod,valid_mutation,5,valid,a,value_division,True,differential_mismatch,DifferentialMismatch,success/exception mismatch between cpu and mps,stage4/results/torch-thesis-all-coverage/execution_results/torch.storage.np.core.numeric.cumprod.results.json
torch.storage.np.core.numeric.cumprod,valid_mutation,6,valid,a,value_large_magnitude,True,differential_mismatch,DifferentialMismatch,success/exception mismatch between cpu and mps,stage4/results/torch-thesis-all-coverage/execution_results/torch.storage.np.core.numeric.cumprod.results.json
torch.storage.np.core.numeric.cumprod,valid_mutation,7,valid,a,value_neginf,True,differential_mismatch,DifferentialMismatch,success/exception mismatch between cpu and mps,stage4/results/torch-thesis-all-coverage/execution_results/torch.storage.np.core.numeric.cumprod.results.json
torch.storage.np.core.numeric.cumprod,valid_mutation,8,valid,a,value_nan,True,differential_mismatch,DifferentialMismatch,success/exception mismatch between cpu and mps,stage4/results/torch-thesis-all-coverage/execution_results/torch.storage.np.core.numeric.cumprod.results.json
torch.storage.np.core.numeric.cumprod,negative_mutation,9,negative,a,shape_shrink,True,negative_accepted_not_bug,,,stage4/results/torch-thesis-all-coverage/execution_results/torch.storage.np.core.numeric.cumprod.results.json
torch.storage.np.core.numeric.cumprod,negative_mutation,10,negative,a,dtype_mutate,True,negative_accepted_not_bug,,,stage4/results/torch-thesis-all-coverage/execution_results/torch.storage.np.core.numeric.cumprod.results.json
torch.storage.np.core.numeric.empty,base_valid,0,valid,,,True,success_valid,,,stage4/results/torch-thesis-all-coverage/execution_results/torch.storage.np.core.numeric.empty.results.json
torch.storage.np.core.numeric.empty,valid_mutation,1,valid,shape,element_delta,True,valid_mutation_success,,,stage4/results/torch-thesis-all-coverage/execution_results/torch.storage.np.core.numeric.empty.results.json
torch.storage.np.core.numeric.empty,valid_mutation,2,valid,shape,structure_grow,True,valid_mutation_success,,,stage4/results/torch-thesis-all-coverage/execution_results/torch.storage.np.core.numeric.empty.results.json
torch.storage.np.core.numeric.empty,negative_mutation,3,negative,shape,structure_shrink,True,negative_accepted_not_bug,,,stage4/results/torch-thesis-all-coverage/execution_results/torch.storage.np.core.numeric.empty.results.json
torch.storage.np.core.numeric.empty_like,base_valid,0,valid,,,True,differential_mismatch,DifferentialMismatch,success/exception mismatch between cpu and mps,stage4/results/torch-thesis-all-coverage/execution_results/torch.storage.np.core.numeric.empty_like.results.json
torch.storage.np.core.numeric.empty_like,valid_mutation,1,valid,prototype,value_negzero,True,differential_mismatch,DifferentialMismatch,success/exception mismatch between cpu and mps,stage4/results/torch-thesis-all-coverage/execution_results/torch.storage.np.core.numeric.empty_like.results.json
torch.storage.np.core.numeric.empty_like,valid_mutation,2,valid,prototype,value_noise,True,differential_mismatch,DifferentialMismatch,success/exception mismatch between cpu and mps,stage4/results/torch-thesis-all-coverage/execution_results/torch.storage.np.core.numeric.empty_like.results.json
torch.storage.np.core.numeric.empty_like,valid_mutation,3,valid,prototype,value_large_magnitude,True,differential_mismatch,DifferentialMismatch,success/exception mismatch between cpu and mps,stage4/results/torch-thesis-all-coverage/execution_results/torch.storage.np.core.numeric.empty_like.results.json
torch.storage.np.core.numeric.empty_like,valid_mutation,4,valid,prototype,value_division,True,differential_mismatch,DifferentialMismatch,success/exception mismatch between cpu and mps,stage4/results/torch-thesis-all-coverage/execution_results/torch.storage.np.core.numeric.empty_like.results.json
torch.storage.np.core.numeric.empty_like,valid_mutation,5,valid,prototype,value_neginf,True,differential_mismatch,DifferentialMismatch,success/exception mismatch between cpu and mps,stage4/results/torch-thesis-all-coverage/execution_results/torch.storage.np.core.numeric.empty_like.results.json
torch.storage.np.core.numeric.empty_like,valid_mutation,6,valid,prototype,value_mask,True,differential_mismatch,DifferentialMismatch,success/exception mismatch between cpu and mps,stage4/results/torch-thesis-all-coverage/execution_results/torch.storage.np.core.numeric.empty_like.results.json
torch.storage.np.core.numeric.empty_like,valid_mutation,7,valid,prototype,value_nan,True,differential_mismatch,DifferentialMismatch,success/exception mismatch between cpu and mps,stage4/results/torch-thesis-all-coverage/execution_results/torch.storage.np.core.numeric.empty_like.results.json
torch.storage.np.core.numeric.empty_like,valid_mutation,8,valid,prototype,value_posinf,True,differential_mismatch,DifferentialMismatch,success/exception mismatch between cpu and mps,stage4/results/torch-thesis-all-coverage/execution_results/torch.storage.np.core.numeric.empty_like.results.json
torch.storage.np.core.numeric.empty_like,negative_mutation,9,negative,prototype,shape_expand,True,negative_accepted_not_bug,,,stage4/results/torch-thesis-all-coverage/execution_results/torch.storage.np.core.numeric.empty_like.results.json
torch.storage.np.core.numeric.empty_like,negative_mutation,10,negative,prototype,dtype_mutate,True,negative_accepted_not_bug,,,stage4/results/torch-thesis-all-coverage/execution_results/torch.storage.np.core.numeric.empty_like.results.json
torch.storage.np.core.numeric.format_float_positional,base_valid,0,valid,,,True,success_valid,,,stage4/results/torch-thesis-all-coverage/execution_results/torch.storage.np.core.numeric.format_float_positional.results.json
torch.storage.np.core.numeric.format_float_positional,valid_mutation,1,valid,x,scalar_delta,True,valid_mutation_success,,,stage4/results/torch-thesis-all-coverage/execution_results/torch.storage.np.core.numeric.format_float_positional.results.json
torch.storage.np.core.numeric.format_float_positional,valid_mutation,2,valid,x,value_nan,True,valid_mutation_success,,,stage4/results/torch-thesis-all-coverage/execution_results/torch.storage.np.core.numeric.format_float_positional.results.json
torch.storage.np.core.numeric.format_float_positional,valid_mutation,3,valid,x,value_large_magnitude,True,valid_mutation_success,,,stage4/results/torch-thesis-all-coverage/execution_results/torch.storage.np.core.numeric.format_float_positional.results.json
torch.storage.np.core.numeric.format_float_positional,valid_mutation,4,valid,x,value_negzero,True,valid_mutation_success,,,stage4/results/torch-thesis-all-coverage/execution_results/torch.storage.np.core.numeric.format_float_positional.results.json
torch.storage.np.core.numeric.format_float_positional,valid_mutation,5,valid,x,value_posinf,True,valid_mutation_success,,,stage4/results/torch-thesis-all-coverage/execution_results/torch.storage.np.core.numeric.format_float_positional.results.json
torch.storage.np.core.numeric.format_float_positional,valid_mutation,6,valid,x,value_neginf,True,valid_mutation_success,,,stage4/results/torch-thesis-all-coverage/execution_results/torch.storage.np.core.numeric.format_float_positional.results.json
torch.storage.np.core.numeric.format_float_positional,negative_mutation,7,negative,x,type_widen,True,negative_accepted_not_bug,,,stage4/results/torch-thesis-all-coverage/execution_results/torch.storage.np.core.numeric.format_float_positional.results.json
torch.storage.np.core.numeric.format_float_scientific,base_valid,0,valid,,,True,success_valid,,,stage4/results/torch-thesis-all-coverage/execution_results/torch.storage.np.core.numeric.format_float_scientific.results.json
torch.storage.np.core.numeric.format_float_scientific,valid_mutation,1,valid,x,value_negzero,True,valid_mutation_success,,,stage4/results/torch-thesis-all-coverage/execution_results/torch.storage.np.core.numeric.format_float_scientific.results.json
torch.storage.np.core.numeric.format_float_scientific,valid_mutation,2,valid,x,value_posinf,True,valid_mutation_success,,,stage4/results/torch-thesis-all-coverage/execution_results/torch.storage.np.core.numeric.format_float_scientific.results.json
torch.storage.np.core.numeric.format_float_scientific,valid_mutation,3,valid,x,value_neginf,True,valid_mutation_success,,,stage4/results/torch-thesis-all-coverage/execution_results/torch.storage.np.core.numeric.format_float_scientific.results.json
torch.storage.np.core.numeric.format_float_scientific,valid_mutation,4,valid,x,scalar_delta,True,valid_mutation_success,,,stage4/results/torch-thesis-all-coverage/execution_results/torch.storage.np.core.numeric.format_float_scientific.results.json
torch.storage.np.core.numeric.format_float_scientific,valid_mutation,5,valid,x,value_nan,True,valid_mutation_success,,,stage4/results/torch-thesis-all-coverage/execution_results/torch.storage.np.core.numeric.format_float_scientific.results.json
torch.storage.np.core.numeric.format_float_scientific,valid_mutation,6,valid,x,value_large_magnitude,True,valid_mutation_success,,,stage4/results/torch-thesis-all-coverage/execution_results/torch.storage.np.core.numeric.format_float_scientific.results.json
torch.storage.np.core.numeric.format_float_scientific,negative_mutation,7,negative,x,type_widen,True,negative_accepted_not_bug,,,stage4/results/torch-thesis-all-coverage/execution_results/torch.storage.np.core.numeric.format_float_scientific.results.json
torch.storage.np.core.numeric.full,base_valid,0,valid,,,True,success_valid,,,stage4/results/torch-thesis-all-coverage/execution_results/torch.storage.np.core.numeric.full.results.json
torch.storage.np.core.numeric.full,valid_mutation,1,valid,shape,element_delta,True,valid_mutation_success,,,stage4/results/torch-thesis-all-coverage/execution_results/torch.storage.np.core.numeric.full.results.json
torch.storage.np.core.numeric.full,valid_mutation,2,valid,shape,structure_grow,True,valid_mutation_success,,,stage4/results/torch-thesis-all-coverage/execution_results/torch.storage.np.core.numeric.full.results.json
torch.storage.np.core.numeric.full,negative_mutation,3,negative,shape,structure_shrink,True,negative_accepted_not_bug,,,stage4/results/torch-thesis-all-coverage/execution_results/torch.storage.np.core.numeric.full.results.json
torch.storage.np.core.numeric.full,valid_mutation,4,valid,fill_value,value_neginf,True,valid_mutation_success,,,stage4/results/torch-thesis-all-coverage/execution_results/torch.storage.np.core.numeric.full.results.json
torch.storage.np.core.numeric.full,valid_mutation,5,valid,fill_value,value_nan,True,valid_mutation_success,,,stage4/results/torch-thesis-all-coverage/execution_results/torch.storage.np.core.numeric.full.results.json
torch.storage.np.core.numeric.full,valid_mutation,6,valid,fill_value,value_large_magnitude,True,valid_mutation_success,,,stage4/results/torch-thesis-all-coverage/execution_results/torch.storage.np.core.numeric.full.results.json
torch.storage.np.core.numeric.full,valid_mutation,7,valid,fill_value,value_posinf,True,valid_mutation_success,,,stage4/results/torch-thesis-all-coverage/execution_results/torch.storage.np.core.numeric.full.results.json
torch.storage.np.core.numeric.full,valid_mutation,8,valid,fill_value,scalar_delta,True,valid_mutation_success,,,stage4/results/torch-thesis-all-coverage/execution_results/torch.storage.np.core.numeric.full.results.json
torch.storage.np.core.numeric.full,valid_mutation,9,valid,fill_value,value_negzero,True,valid_mutation_success,,,stage4/results/torch-thesis-all-coverage/execution_results/torch.storage.np.core.numeric.full.results.json
torch.storage.np.core.numeric.full,negative_mutation,10,negative,fill_value,type_widen,True,negative_accepted_not_bug,,,stage4/results/torch-thesis-all-coverage/execution_results/torch.storage.np.core.numeric.full.results.json
torch.storage.np.core.numeric.identity,base_valid,0,valid,,,True,success_valid,,,stage4/results/torch-thesis-all-coverage/execution_results/torch.storage.np.core.numeric.identity.results.json
torch.storage.np.core.numeric.identity,valid_mutation,1,valid,n,enum_switch,True,valid_mutation_success,,,stage4/results/torch-thesis-all-coverage/execution_results/torch.storage.np.core.numeric.identity.results.json
torch.storage.np.core.numeric.identity,valid_mutation,2,valid,n,value_large_magnitude,False,valid_mutation_failure,NativeCrashOrAbort,"isolated execution subprocess exited abnormally (exitcode=-9, signal=SIGKILL)",stage4/results/torch-thesis-all-coverage/execution_results/torch.storage.np.core.numeric.identity.results.json
torch.storage.np.core.numeric.identity,negative_mutation,3,negative,n,enum_invalid,True,negative_accepted_not_bug,,,stage4/results/torch-thesis-all-coverage/execution_results/torch.storage.np.core.numeric.identity.results.json
torch.storage.np.core.numeric.isscalar,base_valid,0,valid,,,True,success_valid,,,stage4/results/torch-thesis-all-coverage/execution_results/torch.storage.np.core.numeric.isscalar.results.json
torch.storage.np.core.numeric.isscalar,valid_mutation,1,valid,element,noop_clone,True,valid_mutation_success,,,stage4/results/torch-thesis-all-coverage/execution_results/torch.storage.np.core.numeric.isscalar.results.json
torch.storage.np.core.numeric.isscalar,negative_mutation,2,negative,element,type_switch,True,negative_accepted_not_bug,,,stage4/results/torch-thesis-all-coverage/execution_results/torch.storage.np.core.numeric.isscalar.results.json
torch.storage.np.core.numeric.ndim,base_valid,0,valid,,,True,success_valid,,,stage4/results/torch-thesis-all-coverage/execution_results/torch.storage.np.core.numeric.ndim.results.json
torch.storage.np.core.numeric.ndim,valid_mutation,1,valid,a,value_noise,True,valid_mutation_success,,,stage4/results/torch-thesis-all-coverage/execution_results/torch.storage.np.core.numeric.ndim.results.json
torch.storage.np.core.numeric.ndim,valid_mutation,2,valid,a,value_mask,True,valid_mutation_success,,,stage4/results/torch-thesis-all-coverage/execution_results/torch.storage.np.core.numeric.ndim.results.json
torch.storage.np.core.numeric.ndim,valid_mutation,3,valid,a,value_large_magnitude,True,valid_mutation_success,,,stage4/results/torch-thesis-all-coverage/execution_results/torch.storage.np.core.numeric.ndim.results.json
torch.storage.np.core.numeric.ndim,valid_mutation,4,valid,a,value_division,True,valid_mutation_success,,,stage4/results/torch-thesis-all-coverage/execution_results/torch.storage.np.core.numeric.ndim.results.json
torch.storage.np.core.numeric.ndim,valid_mutation,5,valid,a,value_posinf,True,valid_mutation_success,,,stage4/results/torch-thesis-all-coverage/execution_results/torch.storage.np.core.numeric.ndim.results.json
torch.storage.np.core.numeric.ndim,valid_mutation,6,valid,a,value_nan,True,valid_mutation_success,,,stage4/results/torch-thesis-all-coverage/execution_results/torch.storage.np.core.numeric.ndim.results.json
torch.storage.np.core.numeric.ndim,valid_mutation,7,valid,a,value_neginf,True,valid_mutation_success,,,stage4/results/torch-thesis-all-coverage/execution_results/torch.storage.np.core.numeric.ndim.results.json
torch.storage.np.core.numeric.ndim,valid_mutation,8,valid,a,value_negzero,True,valid_mutation_success,,,stage4/results/torch-thesis-all-coverage/execution_results/torch.storage.np.core.numeric.ndim.results.json
torch.storage.np.core.numeric.ndim,negative_mutation,9,negative,a,shape_expand,True,negative_accepted_not_bug,,,stage4/results/torch-thesis-all-coverage/execution_results/torch.storage.np.core.numeric.ndim.results.json
torch.storage.np.core.numeric.ndim,negative_mutation,10,negative,a,dtype_mutate,True,negative_accepted_not_bug,,,stage4/results/torch-thesis-all-coverage/execution_results/torch.storage.np.core.numeric.ndim.results.json
torch.storage.np.core.numeric.nonzero,base_valid,0,valid,,,True,success_valid,,,stage4/results/torch-thesis-all-coverage/execution_results/torch.storage.np.core.numeric.nonzero.results.json
torch.storage.np.core.numeric.nonzero,valid_mutation,1,valid,a,value_nan,True,valid_mutation_success,,,stage4/results/torch-thesis-all-coverage/execution_results/torch.storage.np.core.numeric.nonzero.results.json
torch.storage.np.core.numeric.nonzero,valid_mutation,2,valid,a,value_division,True,valid_mutation_success,,,stage4/results/torch-thesis-all-coverage/execution_results/torch.storage.np.core.numeric.nonzero.results.json
torch.storage.np.core.numeric.nonzero,valid_mutation,3,valid,a,value_noise,True,valid_mutation_success,,,stage4/results/torch-thesis-all-coverage/execution_results/torch.storage.np.core.numeric.nonzero.results.json
torch.storage.np.core.numeric.nonzero,valid_mutation,4,valid,a,value_posinf,True,valid_mutation_success,,,stage4/results/torch-thesis-all-coverage/execution_results/torch.storage.np.core.numeric.nonzero.results.json
torch.storage.np.core.numeric.nonzero,valid_mutation,5,valid,a,value_large_magnitude,True,valid_mutation_success,,,stage4/results/torch-thesis-all-coverage/execution_results/torch.storage.np.core.numeric.nonzero.results.json
torch.storage.np.core.numeric.nonzero,valid_mutation,6,valid,a,value_mask,True,valid_mutation_success,,,stage4/results/torch-thesis-all-coverage/execution_results/torch.storage.np.core.numeric.nonzero.results.json
torch.storage.np.core.numeric.nonzero,valid_mutation,7,valid,a,value_negzero,True,valid_mutation_success,,,stage4/results/torch-thesis-all-coverage/execution_results/torch.storage.np.core.numeric.nonzero.results.json
torch.storage.np.core.numeric.nonzero,valid_mutation,8,valid,a,value_neginf,True,valid_mutation_success,,,stage4/results/torch-thesis-all-coverage/execution_results/torch.storage.np.core.numeric.nonzero.results.json
torch.storage.np.core.numeric.nonzero,negative_mutation,9,negative,a,shape_shrink,True,negative_accepted_not_bug,,,stage4/results/torch-thesis-all-coverage/execution_results/torch.storage.np.core.numeric.nonzero.results.json
torch.storage.np.core.numeric.nonzero,negative_mutation,10,negative,a,dtype_mutate,True,negative_accepted_not_bug,,,stage4/results/torch-thesis-all-coverage/execution_results/torch.storage.np.core.numeric.nonzero.results.json
torch.storage.np.core.numeric.ones,base_valid,0,valid,,,True,success_valid,,,stage4/results/torch-thesis-all-coverage/execution_results/torch.storage.np.core.numeric.ones.results.json
torch.storage.np.core.numeric.ones,valid_mutation,1,valid,shape,element_delta,True,valid_mutation_success,,,stage4/results/torch-thesis-all-coverage/execution_results/torch.storage.np.core.numeric.ones.results.json
torch.storage.np.core.numeric.ones,valid_mutation,2,valid,shape,structure_grow,True,valid_mutation_success,,,stage4/results/torch-thesis-all-coverage/execution_results/torch.storage.np.core.numeric.ones.results.json
torch.storage.np.core.numeric.ones,negative_mutation,3,negative,shape,structure_shrink,True,negative_accepted_not_bug,,,stage4/results/torch-thesis-all-coverage/execution_results/torch.storage.np.core.numeric.ones.results.json
torch.storage.np.core.numeric.ones_like,base_valid,0,valid,,,True,differential_mismatch,DifferentialMismatch,success/exception mismatch between cpu and mps,stage4/results/torch-thesis-all-coverage/execution_results/torch.storage.np.core.numeric.ones_like.results.json
torch.storage.np.core.numeric.ones_like,valid_mutation,1,valid,a,value_posinf,True,differential_mismatch,DifferentialMismatch,success/exception mismatch between cpu and mps,stage4/results/torch-thesis-all-coverage/execution_results/torch.storage.np.core.numeric.ones_like.results.json
torch.storage.np.core.numeric.ones_like,valid_mutation,2,valid,a,value_large_magnitude,True,differential_mismatch,DifferentialMismatch,success/exception mismatch between cpu and mps,stage4/results/torch-thesis-all-coverage/execution_results/torch.storage.np.core.numeric.ones_like.results.json
torch.storage.np.core.numeric.ones_like,valid_mutation,3,valid,a,value_nan,True,differential_mismatch,DifferentialMismatch,success/exception mismatch between cpu and mps,stage4/results/torch-thesis-all-coverage/execution_results/torch.storage.np.core.numeric.ones_like.results.json
torch.storage.np.core.numeric.ones_like,valid_mutation,4,valid,a,value_mask,True,differential_mismatch,DifferentialMismatch,success/exception mismatch between cpu and mps,stage4/results/torch-thesis-all-coverage/execution_results/torch.storage.np.core.numeric.ones_like.results.json
torch.storage.np.core.numeric.ones_like,valid_mutation,5,valid,a,value_negzero,True,differential_mismatch,DifferentialMismatch,success/exception mismatch between cpu and mps,stage4/results/torch-thesis-all-coverage/execution_results/torch.storage.np.core.numeric.ones_like.results.json
torch.storage.np.core.numeric.ones_like,valid_mutation,6,valid,a,value_neginf,True,differential_mismatch,DifferentialMismatch,success/exception mismatch between cpu and mps,stage4/results/torch-thesis-all-coverage/execution_results/torch.storage.np.core.numeric.ones_like.results.json
torch.storage.np.core.numeric.ones_like,valid_mutation,7,valid,a,value_noise,True,differential_mismatch,DifferentialMismatch,success/exception mismatch between cpu and mps,stage4/results/torch-thesis-all-coverage/execution_results/torch.storage.np.core.numeric.ones_like.results.json
torch.storage.np.core.numeric.ones_like,valid_mutation,8,valid,a,value_division,True,differential_mismatch,DifferentialMismatch,success/exception mismatch between cpu and mps,stage4/results/torch-thesis-all-coverage/execution_results/torch.storage.np.core.numeric.ones_like.results.json
torch.storage.np.core.numeric.ones_like,negative_mutation,9,negative,a,shape_shrink,True,negative_accepted_not_bug,,,stage4/results/torch-thesis-all-coverage/execution_results/torch.storage.np.core.numeric.ones_like.results.json
torch.storage.np.core.numeric.ones_like,negative_mutation,10,negative,a,dtype_mutate,True,negative_accepted_not_bug,,,stage4/results/torch-thesis-all-coverage/execution_results/torch.storage.np.core.numeric.ones_like.results.json
torch.storage.np.core.numeric.partition,base_valid,0,valid,,,True,differential_mismatch,DifferentialMismatch,success/exception mismatch between cpu and mps,stage4/results/torch-thesis-all-coverage/execution_results/torch.storage.np.core.numeric.partition.results.json
torch.storage.np.core.numeric.partition,valid_mutation,1,valid,a,value_nan,True,differential_mismatch,DifferentialMismatch,success/exception mismatch between cpu and mps,stage4/results/torch-thesis-all-coverage/execution_results/torch.storage.np.core.numeric.partition.results.json
torch.storage.np.core.numeric.partition,valid_mutation,2,valid,a,value_large_magnitude,True,differential_mismatch,DifferentialMismatch,success/exception mismatch between cpu and mps,stage4/results/torch-thesis-all-coverage/execution_results/torch.storage.np.core.numeric.partition.results.json
torch.storage.np.core.numeric.partition,valid_mutation,3,valid,a,value_noise,True,differential_mismatch,DifferentialMismatch,success/exception mismatch between cpu and mps,stage4/results/torch-thesis-all-coverage/execution_results/torch.storage.np.core.numeric.partition.results.json
torch.storage.np.core.numeric.partition,valid_mutation,4,valid,a,value_division,True,differential_mismatch,DifferentialMismatch,success/exception mismatch between cpu and mps,stage4/results/torch-thesis-all-coverage/execution_results/torch.storage.np.core.numeric.partition.results.json
torch.storage.np.core.numeric.partition,valid_mutation,5,valid,a,value_posinf,True,differential_mismatch,DifferentialMismatch,success/exception mismatch between cpu and mps,stage4/results/torch-thesis-all-coverage/execution_results/torch.storage.np.core.numeric.partition.results.json
torch.storage.np.core.numeric.partition,valid_mutation,6,valid,a,value_mask,True,differential_mismatch,DifferentialMismatch,success/exception mismatch between cpu and mps,stage4/results/torch-thesis-all-coverage/execution_results/torch.storage.np.core.numeric.partition.results.json
torch.storage.np.core.numeric.partition,valid_mutation,7,valid,a,value_negzero,True,differential_mismatch,DifferentialMismatch,success/exception mismatch between cpu and mps,stage4/results/torch-thesis-all-coverage/execution_results/torch.storage.np.core.numeric.partition.results.json
torch.storage.np.core.numeric.partition,valid_mutation,8,valid,a,value_neginf,True,differential_mismatch,DifferentialMismatch,success/exception mismatch between cpu and mps,stage4/results/torch-thesis-all-coverage/execution_results/torch.storage.np.core.numeric.partition.results.json
torch.storage.np.core.numeric.partition,negative_mutation,9,negative,a,shape_shrink,False,expected_negative_rejection,ValueError,kth(=1) out of bounds (1),stage4/results/torch-thesis-all-coverage/execution_results/torch.storage.np.core.numeric.partition.results.json
torch.storage.np.core.numeric.partition,negative_mutation,10,negative,a,dtype_mutate,True,negative_accepted_not_bug,,,stage4/results/torch-thesis-all-coverage/execution_results/torch.storage.np.core.numeric.partition.results.json
torch.storage.np.core.numeric.partition,valid_mutation,11,valid,kth,scalar_delta,True,differential_mismatch,DifferentialMismatch,success/exception mismatch between cpu and mps,stage4/results/torch-thesis-all-coverage/execution_results/torch.storage.np.core.numeric.partition.results.json
torch.storage.np.core.numeric.partition,valid_mutation,12,valid,kth,value_large_magnitude,True,differential_mismatch,DifferentialMismatch,success/exception mismatch between cpu and mps,stage4/results/torch-thesis-all-coverage/execution_results/torch.storage.np.core.numeric.partition.results.json
torch.storage.np.core.numeric.partition,negative_mutation,13,negative,kth,type_widen,False,expected_negative_rejection,TypeError,Partition index must be integer,stage4/results/torch-thesis-all-coverage/execution_results/torch.storage.np.core.numeric.partition.results.json
torch.storage.np.core.numeric.roll,base_valid,0,valid,,,True,differential_mismatch,DifferentialMismatch,success/exception mismatch between cpu and mps,stage4/results/torch-thesis-all-coverage/execution_results/torch.storage.np.core.numeric.roll.results.json
torch.storage.np.core.numeric.roll,valid_mutation,1,valid,a,value_large_magnitude,True,differential_mismatch,DifferentialMismatch,success/exception mismatch between cpu and mps,stage4/results/torch-thesis-all-coverage/execution_results/torch.storage.np.core.numeric.roll.results.json
torch.storage.np.core.numeric.roll,valid_mutation,2,valid,a,value_division,True,differential_mismatch,DifferentialMismatch,success/exception mismatch between cpu and mps,stage4/results/torch-thesis-all-coverage/execution_results/torch.storage.np.core.numeric.roll.results.json
torch.storage.np.core.numeric.roll,valid_mutation,3,valid,a,value_negzero,True,differential_mismatch,DifferentialMismatch,success/exception mismatch between cpu and mps,stage4/results/torch-thesis-all-coverage/execution_results/torch.storage.np.core.numeric.roll.results.json
torch.storage.np.core.numeric.roll,valid_mutation,4,valid,a,value_posinf,True,differential_mismatch,DifferentialMismatch,success/exception mismatch between cpu and mps,stage4/results/torch-thesis-all-coverage/execution_results/torch.storage.np.core.numeric.roll.results.json
torch.storage.np.core.numeric.roll,valid_mutation,5,valid,a,value_neginf,True,differential_mismatch,DifferentialMismatch,success/exception mismatch between cpu and mps,stage4/results/torch-thesis-all-coverage/execution_results/torch.storage.np.core.numeric.roll.results.json
torch.storage.np.core.numeric.roll,valid_mutation,6,valid,a,value_nan,True,differential_mismatch,DifferentialMismatch,success/exception mismatch between cpu and mps,stage4/results/torch-thesis-all-coverage/execution_results/torch.storage.np.core.numeric.roll.results.json
torch.storage.np.core.numeric.roll,valid_mutation,7,valid,a,value_noise,True,differential_mismatch,DifferentialMismatch,success/exception mismatch between cpu and mps,stage4/results/torch-thesis-all-coverage/execution_results/torch.storage.np.core.numeric.roll.results.json
torch.storage.np.core.numeric.roll,valid_mutation,8,valid,a,value_mask,True,differential_mismatch,DifferentialMismatch,success/exception mismatch between cpu and mps,stage4/results/torch-thesis-all-coverage/execution_results/torch.storage.np.core.numeric.roll.results.json
torch.storage.np.core.numeric.roll,negative_mutation,9,negative,a,shape_shrink,True,negative_accepted_not_bug,,,stage4/results/torch-thesis-all-coverage/execution_results/torch.storage.np.core.numeric.roll.results.json
torch.storage.np.core.numeric.roll,negative_mutation,10,negative,a,dtype_mutate,True,negative_accepted_not_bug,,,stage4/results/torch-thesis-all-coverage/execution_results/torch.storage.np.core.numeric.roll.results.json
torch.storage.np.core.numeric.roll,valid_mutation,11,valid,shift,enum_switch,True,differential_mismatch,DifferentialMismatch,success/exception mismatch between cpu and mps,stage4/results/torch-thesis-all-coverage/execution_results/torch.storage.np.core.numeric.roll.results.json
torch.storage.np.core.numeric.roll,valid_mutation,12,valid,shift,value_large_magnitude,True,differential_mismatch,DifferentialMismatch,success/exception mismatch between cpu and mps,stage4/results/torch-thesis-all-coverage/execution_results/torch.storage.np.core.numeric.roll.results.json
torch.storage.np.core.numeric.roll,negative_mutation,13,negative,shift,enum_invalid,True,negative_accepted_not_bug,,,stage4/results/torch-thesis-all-coverage/execution_results/torch.storage.np.core.numeric.roll.results.json
torch.storage.np.core.numeric.shape,base_valid,0,valid,,,True,success_valid,,,stage4/results/torch-thesis-all-coverage/execution_results/torch.storage.np.core.numeric.shape.results.json
torch.storage.np.core.numeric.shape,valid_mutation,1,valid,a,value_posinf,True,valid_mutation_success,,,stage4/results/torch-thesis-all-coverage/execution_results/torch.storage.np.core.numeric.shape.results.json
torch.storage.np.core.numeric.shape,valid_mutation,2,valid,a,value_large_magnitude,True,valid_mutation_success,,,stage4/results/torch-thesis-all-coverage/execution_results/torch.storage.np.core.numeric.shape.results.json
torch.storage.np.core.numeric.shape,valid_mutation,3,valid,a,value_negzero,True,valid_mutation_success,,,stage4/results/torch-thesis-all-coverage/execution_results/torch.storage.np.core.numeric.shape.results.json
torch.storage.np.core.numeric.shape,valid_mutation,4,valid,a,value_mask,True,valid_mutation_success,,,stage4/results/torch-thesis-all-coverage/execution_results/torch.storage.np.core.numeric.shape.results.json
torch.storage.np.core.numeric.shape,valid_mutation,5,valid,a,value_nan,True,valid_mutation_success,,,stage4/results/torch-thesis-all-coverage/execution_results/torch.storage.np.core.numeric.shape.results.json
torch.storage.np.core.numeric.shape,valid_mutation,6,valid,a,value_division,True,valid_mutation_success,,,stage4/results/torch-thesis-all-coverage/execution_results/torch.storage.np.core.numeric.shape.results.json
torch.storage.np.core.numeric.shape,valid_mutation,7,valid,a,value_neginf,True,valid_mutation_success,,,stage4/results/torch-thesis-all-coverage/execution_results/torch.storage.np.core.numeric.shape.results.json
torch.storage.np.core.numeric.shape,valid_mutation,8,valid,a,value_noise,True,valid_mutation_success,,,stage4/results/torch-thesis-all-coverage/execution_results/torch.storage.np.core.numeric.shape.results.json
torch.storage.np.core.numeric.shape,negative_mutation,9,negative,a,shape_shrink,True,negative_accepted_not_bug,,,stage4/results/torch-thesis-all-coverage/execution_results/torch.storage.np.core.numeric.shape.results.json
torch.storage.np.core.numeric.shape,negative_mutation,10,negative,a,dtype_mutate,True,negative_accepted_not_bug,,,stage4/results/torch-thesis-all-coverage/execution_results/torch.storage.np.core.numeric.shape.results.json
torch.storage.np.core.numeric.sort,base_valid,0,valid,,,True,differential_mismatch,DifferentialMismatch,success/exception mismatch between cpu and mps,stage4/results/torch-thesis-all-coverage/execution_results/torch.storage.np.core.numeric.sort.results.json
torch.storage.np.core.numeric.sort,valid_mutation,1,valid,a,value_division,True,differential_mismatch,DifferentialMismatch,success/exception mismatch between cpu and mps,stage4/results/torch-thesis-all-coverage/execution_results/torch.storage.np.core.numeric.sort.results.json
torch.storage.np.core.numeric.sort,valid_mutation,2,valid,a,value_noise,True,differential_mismatch,DifferentialMismatch,success/exception mismatch between cpu and mps,stage4/results/torch-thesis-all-coverage/execution_results/torch.storage.np.core.numeric.sort.results.json
torch.storage.np.core.numeric.sort,valid_mutation,3,valid,a,value_negzero,True,differential_mismatch,DifferentialMismatch,success/exception mismatch between cpu and mps,stage4/results/torch-thesis-all-coverage/execution_results/torch.storage.np.core.numeric.sort.results.json
torch.storage.np.core.numeric.sort,valid_mutation,4,valid,a,value_neginf,True,differential_mismatch,DifferentialMismatch,success/exception mismatch between cpu and mps,stage4/results/torch-thesis-all-coverage/execution_results/torch.storage.np.core.numeric.sort.results.json
torch.storage.np.core.numeric.sort,valid_mutation,5,valid,a,value_large_magnitude,True,differential_mismatch,DifferentialMismatch,success/exception mismatch between cpu and mps,stage4/results/torch-thesis-all-coverage/execution_results/torch.storage.np.core.numeric.sort.results.json
torch.storage.np.core.numeric.sort,valid_mutation,6,valid,a,value_mask,True,differential_mismatch,DifferentialMismatch,success/exception mismatch between cpu and mps,stage4/results/torch-thesis-all-coverage/execution_results/torch.storage.np.core.numeric.sort.results.json
torch.storage.np.core.numeric.sort,valid_mutation,7,valid,a,value_posinf,True,differential_mismatch,DifferentialMismatch,success/exception mismatch between cpu and mps,stage4/results/torch-thesis-all-coverage/execution_results/torch.storage.np.core.numeric.sort.results.json
torch.storage.np.core.numeric.sort,valid_mutation,8,valid,a,value_nan,True,differential_mismatch,DifferentialMismatch,success/exception mismatch between cpu and mps,stage4/results/torch-thesis-all-coverage/execution_results/torch.storage.np.core.numeric.sort.results.json
torch.storage.np.core.numeric.sort,negative_mutation,9,negative,a,shape_expand,True,negative_accepted_not_bug,,,stage4/results/torch-thesis-all-coverage/execution_results/torch.storage.np.core.numeric.sort.results.json
torch.storage.np.core.numeric.sort,negative_mutation,10,negative,a,dtype_mutate,True,negative_accepted_not_bug,,,stage4/results/torch-thesis-all-coverage/execution_results/torch.storage.np.core.numeric.sort.results.json
torch.storage.np.core.numeric.transpose,base_valid,0,valid,,,True,differential_mismatch,DifferentialMismatch,success/exception mismatch between cpu and mps,stage4/results/torch-thesis-all-coverage/execution_results/torch.storage.np.core.numeric.transpose.results.json
torch.storage.np.core.numeric.transpose,valid_mutation,1,valid,a,value_nan,True,differential_mismatch,DifferentialMismatch,success/exception mismatch between cpu and mps,stage4/results/torch-thesis-all-coverage/execution_results/torch.storage.np.core.numeric.transpose.results.json
torch.storage.np.core.numeric.transpose,valid_mutation,2,valid,a,value_division,True,differential_mismatch,DifferentialMismatch,success/exception mismatch between cpu and mps,stage4/results/torch-thesis-all-coverage/execution_results/torch.storage.np.core.numeric.transpose.results.json
torch.storage.np.core.numeric.transpose,valid_mutation,3,valid,a,value_neginf,True,differential_mismatch,DifferentialMismatch,success/exception mismatch between cpu and mps,stage4/results/torch-thesis-all-coverage/execution_results/torch.storage.np.core.numeric.transpose.results.json
torch.storage.np.core.numeric.transpose,valid_mutation,4,valid,a,value_mask,True,differential_mismatch,DifferentialMismatch,success/exception mismatch between cpu and mps,stage4/results/torch-thesis-all-coverage/execution_results/torch.storage.np.core.numeric.transpose.results.json
torch.storage.np.core.numeric.transpose,valid_mutation,5,valid,a,value_large_magnitude,True,differential_mismatch,DifferentialMismatch,success/exception mismatch between cpu and mps,stage4/results/torch-thesis-all-coverage/execution_results/torch.storage.np.core.numeric.transpose.results.json
torch.storage.np.core.numeric.transpose,valid_mutation,6,valid,a,value_posinf,True,differential_mismatch,DifferentialMismatch,success/exception mismatch between cpu and mps,stage4/results/torch-thesis-all-coverage/execution_results/torch.storage.np.core.numeric.transpose.results.json
torch.storage.np.core.numeric.transpose,valid_mutation,7,valid,a,value_negzero,True,differential_mismatch,DifferentialMismatch,success/exception mismatch between cpu and mps,stage4/results/torch-thesis-all-coverage/execution_results/torch.storage.np.core.numeric.transpose.results.json
torch.storage.np.core.numeric.transpose,valid_mutation,8,valid,a,value_noise,True,differential_mismatch,DifferentialMismatch,success/exception mismatch between cpu and mps,stage4/results/torch-thesis-all-coverage/execution_results/torch.storage.np.core.numeric.transpose.results.json
torch.storage.np.core.numeric.transpose,negative_mutation,9,negative,a,shape_expand,True,negative_accepted_not_bug,,,stage4/results/torch-thesis-all-coverage/execution_results/torch.storage.np.core.numeric.transpose.results.json
torch.storage.np.core.numeric.transpose,negative_mutation,10,negative,a,dtype_mutate,True,negative_accepted_not_bug,,,stage4/results/torch-thesis-all-coverage/execution_results/torch.storage.np.core.numeric.transpose.results.json
torch.storage.np.core.numeric.zeros,base_valid,0,valid,,,True,success_valid,,,stage4/results/torch-thesis-all-coverage/execution_results/torch.storage.np.core.numeric.zeros.results.json
torch.storage.np.core.numeric.zeros,valid_mutation,1,valid,shape,element_delta,True,valid_mutation_success,,,stage4/results/torch-thesis-all-coverage/execution_results/torch.storage.np.core.numeric.zeros.results.json
torch.storage.np.core.numeric.zeros,valid_mutation,2,valid,shape,structure_grow,True,valid_mutation_success,,,stage4/results/torch-thesis-all-coverage/execution_results/torch.storage.np.core.numeric.zeros.results.json
torch.storage.np.core.numeric.zeros,negative_mutation,3,negative,shape,structure_shrink,True,negative_accepted_not_bug,,,stage4/results/torch-thesis-all-coverage/execution_results/torch.storage.np.core.numeric.zeros.results.json
torch.storage.np.core.numeric.zeros_like,base_valid,0,valid,,,True,differential_mismatch,DifferentialMismatch,success/exception mismatch between cpu and mps,stage4/results/torch-thesis-all-coverage/execution_results/torch.storage.np.core.numeric.zeros_like.results.json
torch.storage.np.core.numeric.zeros_like,valid_mutation,1,valid,a,value_large_magnitude,True,differential_mismatch,DifferentialMismatch,success/exception mismatch between cpu and mps,stage4/results/torch-thesis-all-coverage/execution_results/torch.storage.np.core.numeric.zeros_like.results.json
torch.storage.np.core.numeric.zeros_like,valid_mutation,2,valid,a,value_division,True,differential_mismatch,DifferentialMismatch,success/exception mismatch between cpu and mps,stage4/results/torch-thesis-all-coverage/execution_results/torch.storage.np.core.numeric.zeros_like.results.json
torch.storage.np.core.numeric.zeros_like,valid_mutation,3,valid,a,value_nan,True,differential_mismatch,DifferentialMismatch,success/exception mismatch between cpu and mps,stage4/results/torch-thesis-all-coverage/execution_results/torch.storage.np.core.numeric.zeros_like.results.json
torch.storage.np.core.numeric.zeros_like,valid_mutation,4,valid,a,value_mask,True,differential_mismatch,DifferentialMismatch,success/exception mismatch between cpu and mps,stage4/results/torch-thesis-all-coverage/execution_results/torch.storage.np.core.numeric.zeros_like.results.json
torch.storage.np.core.numeric.zeros_like,valid_mutation,5,valid,a,value_posinf,True,differential_mismatch,DifferentialMismatch,success/exception mismatch between cpu and mps,stage4/results/torch-thesis-all-coverage/execution_results/torch.storage.np.core.numeric.zeros_like.results.json
torch.storage.np.core.numeric.zeros_like,valid_mutation,6,valid,a,value_neginf,True,differential_mismatch,DifferentialMismatch,success/exception mismatch between cpu and mps,stage4/results/torch-thesis-all-coverage/execution_results/torch.storage.np.core.numeric.zeros_like.results.json
torch.storage.np.core.numeric.zeros_like,valid_mutation,7,valid,a,value_negzero,True,differential_mismatch,DifferentialMismatch,success/exception mismatch between cpu and mps,stage4/results/torch-thesis-all-coverage/execution_results/torch.storage.np.core.numeric.zeros_like.results.json
torch.storage.np.core.numeric.zeros_like,valid_mutation,8,valid,a,value_noise,True,differential_mismatch,DifferentialMismatch,success/exception mismatch between cpu and mps,stage4/results/torch-thesis-all-coverage/execution_results/torch.storage.np.core.numeric.zeros_like.results.json
torch.storage.np.core.numeric.zeros_like,negative_mutation,9,negative,a,shape_shrink,True,negative_accepted_not_bug,,,stage4/results/torch-thesis-all-coverage/execution_results/torch.storage.np.core.numeric.zeros_like.results.json
torch.storage.np.core.numeric.zeros_like,negative_mutation,10,negative,a,dtype_mutate,True,negative_accepted_not_bug,,,stage4/results/torch-thesis-all-coverage/execution_results/torch.storage.np.core.numeric.zeros_like.results.json
torch.storage.np.core.numerictypes.maximum_sctype,base_valid,0,valid,,,True,success_valid,,,stage4/results/torch-thesis-all-coverage/execution_results/torch.storage.np.core.numerictypes.maximum_sctype.results.json
torch.storage.np.core.numerictypes.maximum_sctype,valid_mutation,1,valid,t,enum_switch,True,valid_mutation_success,,,stage4/results/torch-thesis-all-coverage/execution_results/torch.storage.np.core.numerictypes.maximum_sctype.results.json
torch.storage.np.core.numerictypes.maximum_sctype,negative_mutation,2,negative,t,enum_invalid,True,negative_accepted_not_bug,,,stage4/results/torch-thesis-all-coverage/execution_results/torch.storage.np.core.numerictypes.maximum_sctype.results.json
torch.storage.np.core.records.fromarrays,base_valid,0,valid,,,True,differential_mismatch,DifferentialMismatch,success/exception mismatch between cpu and mps,stage4/results/torch-thesis-all-coverage/execution_results/torch.storage.np.core.records.fromarrays.results.json
torch.storage.np.core.records.fromarrays,valid_mutation,1,valid,arrayList,value_neginf,True,differential_mismatch,DifferentialMismatch,success/exception mismatch between cpu and mps,stage4/results/torch-thesis-all-coverage/execution_results/torch.storage.np.core.records.fromarrays.results.json
torch.storage.np.core.records.fromarrays,valid_mutation,2,valid,arrayList,value_negzero,True,differential_mismatch,DifferentialMismatch,success/exception mismatch between cpu and mps,stage4/results/torch-thesis-all-coverage/execution_results/torch.storage.np.core.records.fromarrays.results.json
torch.storage.np.core.records.fromarrays,valid_mutation,3,valid,arrayList,value_noise,True,differential_mismatch,DifferentialMismatch,success/exception mismatch between cpu and mps,stage4/results/torch-thesis-all-coverage/execution_results/torch.storage.np.core.records.fromarrays.results.json
torch.storage.np.core.records.fromarrays,valid_mutation,4,valid,arrayList,value_nan,True,differential_mismatch,DifferentialMismatch,success/exception mismatch between cpu and mps,stage4/results/torch-thesis-all-coverage/execution_results/torch.storage.np.core.records.fromarrays.results.json
torch.storage.np.core.records.fromarrays,valid_mutation,5,valid,arrayList,value_large_magnitude,True,differential_mismatch,DifferentialMismatch,success/exception mismatch between cpu and mps,stage4/results/torch-thesis-all-coverage/execution_results/torch.storage.np.core.records.fromarrays.results.json
torch.storage.np.core.records.fromarrays,valid_mutation,6,valid,arrayList,value_posinf,True,differential_mismatch,DifferentialMismatch,success/exception mismatch between cpu and mps,stage4/results/torch-thesis-all-coverage/execution_results/torch.storage.np.core.records.fromarrays.results.json
torch.storage.np.core.records.fromarrays,valid_mutation,7,valid,arrayList,value_division,True,differential_mismatch,DifferentialMismatch,success/exception mismatch between cpu and mps,stage4/results/torch-thesis-all-coverage/execution_results/torch.storage.np.core.records.fromarrays.results.json
torch.storage.np.core.records.fromarrays,valid_mutation,8,valid,arrayList,value_mask,True,differential_mismatch,DifferentialMismatch,success/exception mismatch between cpu and mps,stage4/results/torch-thesis-all-coverage/execution_results/torch.storage.np.core.records.fromarrays.results.json
torch.storage.np.core.records.fromarrays,negative_mutation,9,negative,arrayList,shape_shrink,True,negative_accepted_not_bug,,,stage4/results/torch-thesis-all-coverage/execution_results/torch.storage.np.core.records.fromarrays.results.json
torch.storage.np.core.records.fromarrays,negative_mutation,10,negative,arrayList,dtype_mutate,True,negative_accepted_not_bug,,,stage4/results/torch-thesis-all-coverage/execution_results/torch.storage.np.core.records.fromarrays.results.json
torch.storage.np.core.records.fromrecords,base_valid,0,valid,,,True,success_valid,,,stage4/results/torch-thesis-all-coverage/execution_results/torch.storage.np.core.records.fromrecords.results.json
torch.storage.np.core.records.fromrecords,valid_mutation,1,valid,recList,element_delta,True,valid_mutation_success,,,stage4/results/torch-thesis-all-coverage/execution_results/torch.storage.np.core.records.fromrecords.results.json
torch.storage.np.core.records.fromrecords,valid_mutation,2,valid,recList,structure_grow,True,valid_mutation_success,,,stage4/results/torch-thesis-all-coverage/execution_results/torch.storage.np.core.records.fromrecords.results.json
torch.storage.np.core.records.fromrecords,negative_mutation,3,negative,recList,structure_shrink,True,negative_accepted_not_bug,,,stage4/results/torch-thesis-all-coverage/execution_results/torch.storage.np.core.records.fromrecords.results.json
torch.storage.np.core.shape_base.array,base_valid,0,valid,,,True,success_valid,,,stage4/results/torch-thesis-all-coverage/execution_results/torch.storage.np.core.shape_base.array.results.json
torch.storage.np.core.shape_base.array,valid_mutation,1,valid,object,value_large_magnitude,True,valid_mutation_success,,,stage4/results/torch-thesis-all-coverage/execution_results/torch.storage.np.core.shape_base.array.results.json
torch.storage.np.core.shape_base.array,valid_mutation,2,valid,object,value_negzero,True,valid_mutation_success,,,stage4/results/torch-thesis-all-coverage/execution_results/torch.storage.np.core.shape_base.array.results.json
torch.storage.np.core.shape_base.array,valid_mutation,3,valid,object,value_neginf,True,valid_mutation_success,,,stage4/results/torch-thesis-all-coverage/execution_results/torch.storage.np.core.shape_base.array.results.json
torch.storage.np.core.shape_base.array,valid_mutation,4,valid,object,value_posinf,True,valid_mutation_success,,,stage4/results/torch-thesis-all-coverage/execution_results/torch.storage.np.core.shape_base.array.results.json
torch.storage.np.core.shape_base.array,valid_mutation,5,valid,object,scalar_delta,True,valid_mutation_success,,,stage4/results/torch-thesis-all-coverage/execution_results/torch.storage.np.core.shape_base.array.results.json
torch.storage.np.core.shape_base.array,valid_mutation,6,valid,object,value_nan,True,valid_mutation_success,,,stage4/results/torch-thesis-all-coverage/execution_results/torch.storage.np.core.shape_base.array.results.json
torch.storage.np.core.shape_base.array,negative_mutation,7,negative,object,type_widen,True,negative_accepted_not_bug,,,stage4/results/torch-thesis-all-coverage/execution_results/torch.storage.np.core.shape_base.array.results.json
torch.storage.np.core.shape_base.block,base_valid,0,valid,,,True,success_valid,,,stage4/results/torch-thesis-all-coverage/execution_results/torch.storage.np.core.shape_base.block.results.json
torch.storage.np.core.shape_base.block,valid_mutation,1,valid,arrays,value_nan,True,valid_mutation_success,,,stage4/results/torch-thesis-all-coverage/execution_results/torch.storage.np.core.shape_base.block.results.json
torch.storage.np.core.shape_base.block,valid_mutation,2,valid,arrays,scalar_delta,True,valid_mutation_success,,,stage4/results/torch-thesis-all-coverage/execution_results/torch.storage.np.core.shape_base.block.results.json
torch.storage.np.core.shape_base.block,valid_mutation,3,valid,arrays,value_negzero,True,valid_mutation_success,,,stage4/results/torch-thesis-all-coverage/execution_results/torch.storage.np.core.shape_base.block.results.json
torch.storage.np.core.shape_base.block,valid_mutation,4,valid,arrays,value_posinf,True,valid_mutation_success,,,stage4/results/torch-thesis-all-coverage/execution_results/torch.storage.np.core.shape_base.block.results.json
torch.storage.np.core.shape_base.block,valid_mutation,5,valid,arrays,value_neginf,True,valid_mutation_success,,,stage4/results/torch-thesis-all-coverage/execution_results/torch.storage.np.core.shape_base.block.results.json
torch.storage.np.core.shape_base.block,valid_mutation,6,valid,arrays,value_large_magnitude,True,valid_mutation_success,,,stage4/results/torch-thesis-all-coverage/execution_results/torch.storage.np.core.shape_base.block.results.json
torch.storage.np.core.shape_base.block,negative_mutation,7,negative,arrays,type_widen,True,negative_accepted_not_bug,,,stage4/results/torch-thesis-all-coverage/execution_results/torch.storage.np.core.shape_base.block.results.json
torch.storage.np.core.shape_base.hstack,base_valid,0,valid,,,True,differential_mismatch,DifferentialMismatch,success/exception mismatch between cpu and mps,stage4/results/torch-thesis-all-coverage/execution_results/torch.storage.np.core.shape_base.hstack.results.json
torch.storage.np.core.shape_base.hstack,valid_mutation,1,valid,tup,value_large_magnitude,True,differential_mismatch,DifferentialMismatch,success/exception mismatch between cpu and mps,stage4/results/torch-thesis-all-coverage/execution_results/torch.storage.np.core.shape_base.hstack.results.json
torch.storage.np.core.shape_base.hstack,valid_mutation,2,valid,tup,value_mask,True,differential_mismatch,DifferentialMismatch,success/exception mismatch between cpu and mps,stage4/results/torch-thesis-all-coverage/execution_results/torch.storage.np.core.shape_base.hstack.results.json
torch.storage.np.core.shape_base.hstack,valid_mutation,3,valid,tup,value_neginf,True,differential_mismatch,DifferentialMismatch,success/exception mismatch between cpu and mps,stage4/results/torch-thesis-all-coverage/execution_results/torch.storage.np.core.shape_base.hstack.results.json
torch.storage.np.core.shape_base.hstack,valid_mutation,4,valid,tup,value_negzero,True,differential_mismatch,DifferentialMismatch,success/exception mismatch between cpu and mps,stage4/results/torch-thesis-all-coverage/execution_results/torch.storage.np.core.shape_base.hstack.results.json
torch.storage.np.core.shape_base.hstack,valid_mutation,5,valid,tup,value_posinf,True,differential_mismatch,DifferentialMismatch,success/exception mismatch between cpu and mps,stage4/results/torch-thesis-all-coverage/execution_results/torch.storage.np.core.shape_base.hstack.results.json
torch.storage.np.core.shape_base.hstack,valid_mutation,6,valid,tup,value_nan,True,differential_mismatch,DifferentialMismatch,success/exception mismatch between cpu and mps,stage4/results/torch-thesis-all-coverage/execution_results/torch.storage.np.core.shape_base.hstack.results.json
torch.storage.np.core.shape_base.hstack,valid_mutation,7,valid,tup,value_noise,True,differential_mismatch,DifferentialMismatch,success/exception mismatch between cpu and mps,stage4/results/torch-thesis-all-coverage/execution_results/torch.storage.np.core.shape_base.hstack.results.json
torch.storage.np.core.shape_base.hstack,valid_mutation,8,valid,tup,value_division,True,differential_mismatch,DifferentialMismatch,success/exception mismatch between cpu and mps,stage4/results/torch-thesis-all-coverage/execution_results/torch.storage.np.core.shape_base.hstack.results.json
torch.storage.np.core.shape_base.hstack,negative_mutation,9,negative,tup,shape_expand,True,negative_accepted_not_bug,,,stage4/results/torch-thesis-all-coverage/execution_results/torch.storage.np.core.shape_base.hstack.results.json
torch.storage.np.core.shape_base.hstack,negative_mutation,10,negative,tup,dtype_mutate,True,negative_accepted_not_bug,,,stage4/results/torch-thesis-all-coverage/execution_results/torch.storage.np.core.shape_base.hstack.results.json
torch.storage.np.core.shape_base.stack,base_valid,0,valid,,,True,differential_mismatch,DifferentialMismatch,success/exception mismatch between cpu and mps,stage4/results/torch-thesis-all-coverage/execution_results/torch.storage.np.core.shape_base.stack.results.json
torch.storage.np.core.shape_base.stack,valid_mutation,1,valid,arrays,value_negzero,True,differential_mismatch,DifferentialMismatch,success/exception mismatch between cpu and mps,stage4/results/torch-thesis-all-coverage/execution_results/torch.storage.np.core.shape_base.stack.results.json
torch.storage.np.core.shape_base.stack,valid_mutation,2,valid,arrays,value_posinf,True,differential_mismatch,DifferentialMismatch,success/exception mismatch between cpu and mps,stage4/results/torch-thesis-all-coverage/execution_results/torch.storage.np.core.shape_base.stack.results.json
torch.storage.np.core.shape_base.stack,valid_mutation,3,valid,arrays,value_division,True,differential_mismatch,DifferentialMismatch,success/exception mismatch between cpu and mps,stage4/results/torch-thesis-all-coverage/execution_results/torch.storage.np.core.shape_base.stack.results.json
torch.storage.np.core.shape_base.stack,valid_mutation,4,valid,arrays,value_mask,True,differential_mismatch,DifferentialMismatch,success/exception mismatch between cpu and mps,stage4/results/torch-thesis-all-coverage/execution_results/torch.storage.np.core.shape_base.stack.results.json
torch.storage.np.core.shape_base.stack,valid_mutation,5,valid,arrays,value_neginf,True,differential_mismatch,DifferentialMismatch,success/exception mismatch between cpu and mps,stage4/results/torch-thesis-all-coverage/execution_results/torch.storage.np.core.shape_base.stack.results.json
torch.storage.np.core.shape_base.stack,valid_mutation,6,valid,arrays,value_noise,True,differential_mismatch,DifferentialMismatch,success/exception mismatch between cpu and mps,stage4/results/torch-thesis-all-coverage/execution_results/torch.storage.np.core.shape_base.stack.results.json
torch.storage.np.core.shape_base.stack,valid_mutation,7,valid,arrays,value_nan,True,differential_mismatch,DifferentialMismatch,success/exception mismatch between cpu and mps,stage4/results/torch-thesis-all-coverage/execution_results/torch.storage.np.core.shape_base.stack.results.json
torch.storage.np.core.shape_base.stack,valid_mutation,8,valid,arrays,value_large_magnitude,True,differential_mismatch,DifferentialMismatch,success/exception mismatch between cpu and mps,stage4/results/torch-thesis-all-coverage/execution_results/torch.storage.np.core.shape_base.stack.results.json
torch.storage.np.core.shape_base.stack,negative_mutation,9,negative,arrays,shape_expand,True,negative_accepted_not_bug,,,stage4/results/torch-thesis-all-coverage/execution_results/torch.storage.np.core.shape_base.stack.results.json
torch.storage.np.core.shape_base.stack,negative_mutation,10,negative,arrays,dtype_mutate,True,negative_accepted_not_bug,,,stage4/results/torch-thesis-all-coverage/execution_results/torch.storage.np.core.shape_base.stack.results.json
torch.storage.np.core.shape_base.vstack,base_valid,0,valid,,,True,differential_mismatch,DifferentialMismatch,success/exception mismatch between cpu and mps,stage4/results/torch-thesis-all-coverage/execution_results/torch.storage.np.core.shape_base.vstack.results.json
torch.storage.np.core.shape_base.vstack,valid_mutation,1,valid,tup,value_neginf,True,differential_mismatch,DifferentialMismatch,success/exception mismatch between cpu and mps,stage4/results/torch-thesis-all-coverage/execution_results/torch.storage.np.core.shape_base.vstack.results.json
torch.storage.np.core.shape_base.vstack,valid_mutation,2,valid,tup,value_posinf,True,differential_mismatch,DifferentialMismatch,success/exception mismatch between cpu and mps,stage4/results/torch-thesis-all-coverage/execution_results/torch.storage.np.core.shape_base.vstack.results.json
torch.storage.np.core.shape_base.vstack,valid_mutation,3,valid,tup,value_division,True,differential_mismatch,DifferentialMismatch,success/exception mismatch between cpu and mps,stage4/results/torch-thesis-all-coverage/execution_results/torch.storage.np.core.shape_base.vstack.results.json
torch.storage.np.core.shape_base.vstack,valid_mutation,4,valid,tup,value_mask,True,differential_mismatch,DifferentialMismatch,success/exception mismatch between cpu and mps,stage4/results/torch-thesis-all-coverage/execution_results/torch.storage.np.core.shape_base.vstack.results.json
torch.storage.np.core.shape_base.vstack,valid_mutation,5,valid,tup,value_large_magnitude,True,differential_mismatch,DifferentialMismatch,success/exception mismatch between cpu and mps,stage4/results/torch-thesis-all-coverage/execution_results/torch.storage.np.core.shape_base.vstack.results.json
torch.storage.np.core.shape_base.vstack,valid_mutation,6,valid,tup,value_nan,True,differential_mismatch,DifferentialMismatch,success/exception mismatch between cpu and mps,stage4/results/torch-thesis-all-coverage/execution_results/torch.storage.np.core.shape_base.vstack.results.json
torch.storage.np.core.shape_base.vstack,valid_mutation,7,valid,tup,value_noise,True,differential_mismatch,DifferentialMismatch,success/exception mismatch between cpu and mps,stage4/results/torch-thesis-all-coverage/execution_results/torch.storage.np.core.shape_base.vstack.results.json
torch.storage.np.core.shape_base.vstack,valid_mutation,8,valid,tup,value_negzero,True,differential_mismatch,DifferentialMismatch,success/exception mismatch between cpu and mps,stage4/results/torch-thesis-all-coverage/execution_results/torch.storage.np.core.shape_base.vstack.results.json
torch.storage.np.core.shape_base.vstack,negative_mutation,9,negative,tup,shape_shrink,True,negative_accepted_not_bug,,,stage4/results/torch-thesis-all-coverage/execution_results/torch.storage.np.core.shape_base.vstack.results.json
torch.storage.np.core.shape_base.vstack,negative_mutation,10,negative,tup,dtype_mutate,True,negative_accepted_not_bug,,,stage4/results/torch-thesis-all-coverage/execution_results/torch.storage.np.core.shape_base.vstack.results.json
torch.storage.np.core.umath.array,base_valid,0,valid,,,True,success_valid,,,stage4/results/torch-thesis-all-coverage/execution_results/torch.storage.np.core.umath.array.results.json
torch.storage.np.core.umath.array,valid_mutation,1,valid,object,scalar_delta,True,valid_mutation_success,,,stage4/results/torch-thesis-all-coverage/execution_results/torch.storage.np.core.umath.array.results.json
torch.storage.np.core.umath.array,valid_mutation,2,valid,object,value_negzero,True,valid_mutation_success,,,stage4/results/torch-thesis-all-coverage/execution_results/torch.storage.np.core.umath.array.results.json
torch.storage.np.core.umath.array,valid_mutation,3,valid,object,value_posinf,True,valid_mutation_success,,,stage4/results/torch-thesis-all-coverage/execution_results/torch.storage.np.core.umath.array.results.json
torch.storage.np.core.umath.array,valid_mutation,4,valid,object,value_large_magnitude,True,valid_mutation_success,,,stage4/results/torch-thesis-all-coverage/execution_results/torch.storage.np.core.umath.array.results.json
torch.storage.np.core.umath.array,valid_mutation,5,valid,object,value_neginf,True,valid_mutation_success,,,stage4/results/torch-thesis-all-coverage/execution_results/torch.storage.np.core.umath.array.results.json
torch.storage.np.core.umath.array,valid_mutation,6,valid,object,value_nan,True,valid_mutation_success,,,stage4/results/torch-thesis-all-coverage/execution_results/torch.storage.np.core.umath.array.results.json
torch.storage.np.core.umath.array,negative_mutation,7,negative,object,type_widen,True,negative_accepted_not_bug,,,stage4/results/torch-thesis-all-coverage/execution_results/torch.storage.np.core.umath.array.results.json
torch.storage.np.core.umath.asfortranarray,base_valid,0,valid,,,True,differential_mismatch,DifferentialMismatch,success/exception mismatch between cpu and mps,stage4/results/torch-thesis-all-coverage/execution_results/torch.storage.np.core.umath.asfortranarray.results.json
torch.storage.np.core.umath.asfortranarray,valid_mutation,1,valid,a,value_neginf,True,differential_mismatch,DifferentialMismatch,success/exception mismatch between cpu and mps,stage4/results/torch-thesis-all-coverage/execution_results/torch.storage.np.core.umath.asfortranarray.results.json
torch.storage.np.core.umath.asfortranarray,valid_mutation,2,valid,a,value_mask,True,differential_mismatch,DifferentialMismatch,success/exception mismatch between cpu and mps,stage4/results/torch-thesis-all-coverage/execution_results/torch.storage.np.core.umath.asfortranarray.results.json
torch.storage.np.core.umath.asfortranarray,valid_mutation,3,valid,a,value_nan,True,differential_mismatch,DifferentialMismatch,success/exception mismatch between cpu and mps,stage4/results/torch-thesis-all-coverage/execution_results/torch.storage.np.core.umath.asfortranarray.results.json
torch.storage.np.core.umath.asfortranarray,valid_mutation,4,valid,a,value_division,True,differential_mismatch,DifferentialMismatch,success/exception mismatch between cpu and mps,stage4/results/torch-thesis-all-coverage/execution_results/torch.storage.np.core.umath.asfortranarray.results.json
torch.storage.np.core.umath.asfortranarray,valid_mutation,5,valid,a,value_large_magnitude,True,differential_mismatch,DifferentialMismatch,success/exception mismatch between cpu and mps,stage4/results/torch-thesis-all-coverage/execution_results/torch.storage.np.core.umath.asfortranarray.results.json
torch.storage.np.core.umath.asfortranarray,valid_mutation,6,valid,a,value_negzero,True,differential_mismatch,DifferentialMismatch,success/exception mismatch between cpu and mps,stage4/results/torch-thesis-all-coverage/execution_results/torch.storage.np.core.umath.asfortranarray.results.json
torch.storage.np.core.umath.asfortranarray,valid_mutation,7,valid,a,value_noise,True,differential_mismatch,DifferentialMismatch,success/exception mismatch between cpu and mps,stage4/results/torch-thesis-all-coverage/execution_results/torch.storage.np.core.umath.asfortranarray.results.json
torch.storage.np.core.umath.asfortranarray,valid_mutation,8,valid,a,value_posinf,True,differential_mismatch,DifferentialMismatch,success/exception mismatch between cpu and mps,stage4/results/torch-thesis-all-coverage/execution_results/torch.storage.np.core.umath.asfortranarray.results.json
torch.storage.np.core.umath.asfortranarray,negative_mutation,9,negative,a,shape_expand,True,negative_accepted_not_bug,,,stage4/results/torch-thesis-all-coverage/execution_results/torch.storage.np.core.umath.asfortranarray.results.json
torch.storage.np.core.umath.asfortranarray,negative_mutation,10,negative,a,dtype_mutate,True,negative_accepted_not_bug,,,stage4/results/torch-thesis-all-coverage/execution_results/torch.storage.np.core.umath.asfortranarray.results.json
torch.storage.np.core.umath.empty,base_valid,0,valid,,,True,success_valid,,,stage4/results/torch-thesis-all-coverage/execution_results/torch.storage.np.core.umath.empty.results.json
torch.storage.np.core.umath.empty,valid_mutation,1,valid,shape,element_delta,True,valid_mutation_success,,,stage4/results/torch-thesis-all-coverage/execution_results/torch.storage.np.core.umath.empty.results.json
torch.storage.np.core.umath.empty,valid_mutation,2,valid,shape,structure_grow,True,valid_mutation_success,,,stage4/results/torch-thesis-all-coverage/execution_results/torch.storage.np.core.umath.empty.results.json
torch.storage.np.core.umath.empty,negative_mutation,3,negative,shape,structure_shrink,True,negative_accepted_not_bug,,,stage4/results/torch-thesis-all-coverage/execution_results/torch.storage.np.core.umath.empty.results.json
torch.storage.np.core.umath.empty_like,base_valid,0,valid,,,True,differential_mismatch,DifferentialMismatch,success/exception mismatch between cpu and mps,stage4/results/torch-thesis-all-coverage/execution_results/torch.storage.np.core.umath.empty_like.results.json
torch.storage.np.core.umath.empty_like,valid_mutation,1,valid,prototype,value_nan,True,differential_mismatch,DifferentialMismatch,success/exception mismatch between cpu and mps,stage4/results/torch-thesis-all-coverage/execution_results/torch.storage.np.core.umath.empty_like.results.json
torch.storage.np.core.umath.empty_like,valid_mutation,2,valid,prototype,value_large_magnitude,True,differential_mismatch,DifferentialMismatch,success/exception mismatch between cpu and mps,stage4/results/torch-thesis-all-coverage/execution_results/torch.storage.np.core.umath.empty_like.results.json
torch.storage.np.core.umath.empty_like,valid_mutation,3,valid,prototype,value_neginf,True,differential_mismatch,DifferentialMismatch,success/exception mismatch between cpu and mps,stage4/results/torch-thesis-all-coverage/execution_results/torch.storage.np.core.umath.empty_like.results.json
torch.storage.np.core.umath.empty_like,valid_mutation,4,valid,prototype,value_posinf,True,differential_mismatch,DifferentialMismatch,success/exception mismatch between cpu and mps,stage4/results/torch-thesis-all-coverage/execution_results/torch.storage.np.core.umath.empty_like.results.json
torch.storage.np.core.umath.empty_like,valid_mutation,5,valid,prototype,value_division,True,differential_mismatch,DifferentialMismatch,success/exception mismatch between cpu and mps,stage4/results/torch-thesis-all-coverage/execution_results/torch.storage.np.core.umath.empty_like.results.json
torch.storage.np.core.umath.empty_like,valid_mutation,6,valid,prototype,value_negzero,True,differential_mismatch,DifferentialMismatch,success/exception mismatch between cpu and mps,stage4/results/torch-thesis-all-coverage/execution_results/torch.storage.np.core.umath.empty_like.results.json
torch.storage.np.core.umath.empty_like,valid_mutation,7,valid,prototype,value_noise,True,differential_mismatch,DifferentialMismatch,success/exception mismatch between cpu and mps,stage4/results/torch-thesis-all-coverage/execution_results/torch.storage.np.core.umath.empty_like.results.json
torch.storage.np.core.umath.empty_like,valid_mutation,8,valid,prototype,value_mask,True,differential_mismatch,DifferentialMismatch,success/exception mismatch between cpu and mps,stage4/results/torch-thesis-all-coverage/execution_results/torch.storage.np.core.umath.empty_like.results.json
torch.storage.np.core.umath.empty_like,negative_mutation,9,negative,prototype,shape_expand,True,negative_accepted_not_bug,,,stage4/results/torch-thesis-all-coverage/execution_results/torch.storage.np.core.umath.empty_like.results.json
torch.storage.np.core.umath.empty_like,negative_mutation,10,negative,prototype,dtype_mutate,True,negative_accepted_not_bug,,,stage4/results/torch-thesis-all-coverage/execution_results/torch.storage.np.core.umath.empty_like.results.json
torch.storage.np.core.umath.zeros,base_valid,0,valid,,,True,success_valid,,,stage4/results/torch-thesis-all-coverage/execution_results/torch.storage.np.core.umath.zeros.results.json
torch.storage.np.core.umath.zeros,valid_mutation,1,valid,shape,element_delta,True,valid_mutation_success,,,stage4/results/torch-thesis-all-coverage/execution_results/torch.storage.np.core.umath.zeros.results.json
torch.storage.np.core.umath.zeros,valid_mutation,2,valid,shape,structure_grow,True,valid_mutation_success,,,stage4/results/torch-thesis-all-coverage/execution_results/torch.storage.np.core.umath.zeros.results.json
torch.storage.np.core.umath.zeros,negative_mutation,3,negative,shape,structure_shrink,True,negative_accepted_not_bug,,,stage4/results/torch-thesis-all-coverage/execution_results/torch.storage.np.core.umath.zeros.results.json
torch.storage.np.corrcoef,base_valid,0,valid,,,True,differential_mismatch,DifferentialMismatch,success/exception mismatch between cpu and mps,stage4/results/torch-thesis-all-coverage/execution_results/torch.storage.np.corrcoef.results.json
torch.storage.np.corrcoef,valid_mutation,1,valid,x,value_negzero,True,differential_mismatch,DifferentialMismatch,success/exception mismatch between cpu and mps,stage4/results/torch-thesis-all-coverage/execution_results/torch.storage.np.corrcoef.results.json
torch.storage.np.corrcoef,valid_mutation,2,valid,x,value_neginf,True,differential_mismatch,DifferentialMismatch,success/exception mismatch between cpu and mps,stage4/results/torch-thesis-all-coverage/execution_results/torch.storage.np.corrcoef.results.json
torch.storage.np.corrcoef,valid_mutation,3,valid,x,value_large_magnitude,True,differential_mismatch,DifferentialMismatch,success/exception mismatch between cpu and mps,stage4/results/torch-thesis-all-coverage/execution_results/torch.storage.np.corrcoef.results.json
torch.storage.np.corrcoef,valid_mutation,4,valid,x,value_posinf,True,differential_mismatch,DifferentialMismatch,success/exception mismatch between cpu and mps,stage4/results/torch-thesis-all-coverage/execution_results/torch.storage.np.corrcoef.results.json
torch.storage.np.corrcoef,valid_mutation,5,valid,x,value_nan,True,differential_mismatch,DifferentialMismatch,success/exception mismatch between cpu and mps,stage4/results/torch-thesis-all-coverage/execution_results/torch.storage.np.corrcoef.results.json
torch.storage.np.corrcoef,valid_mutation,6,valid,x,enum_switch,True,differential_mismatch,DifferentialMismatch,success/exception mismatch between cpu and mps,stage4/results/torch-thesis-all-coverage/execution_results/torch.storage.np.corrcoef.results.json
torch.storage.np.corrcoef,negative_mutation,7,negative,x,enum_invalid,True,negative_accepted_not_bug,,,stage4/results/torch-thesis-all-coverage/execution_results/torch.storage.np.corrcoef.results.json
torch.storage.np.count_nonzero,base_valid,0,valid,,,True,differential_mismatch,DifferentialMismatch,success/exception mismatch between cpu and mps,stage4/results/torch-thesis-all-coverage/execution_results/torch.storage.np.count_nonzero.results.json
torch.storage.np.count_nonzero,valid_mutation,1,valid,a,value_mask,True,differential_mismatch,DifferentialMismatch,success/exception mismatch between cpu and mps,stage4/results/torch-thesis-all-coverage/execution_results/torch.storage.np.count_nonzero.results.json
torch.storage.np.count_nonzero,valid_mutation,2,valid,a,value_negzero,True,differential_mismatch,DifferentialMismatch,success/exception mismatch between cpu and mps,stage4/results/torch-thesis-all-coverage/execution_results/torch.storage.np.count_nonzero.results.json
torch.storage.np.count_nonzero,valid_mutation,3,valid,a,value_division,True,differential_mismatch,DifferentialMismatch,success/exception mismatch between cpu and mps,stage4/results/torch-thesis-all-coverage/execution_results/torch.storage.np.count_nonzero.results.json
torch.storage.np.count_nonzero,valid_mutation,4,valid,a,value_noise,True,differential_mismatch,DifferentialMismatch,success/exception mismatch between cpu and mps,stage4/results/torch-thesis-all-coverage/execution_results/torch.storage.np.count_nonzero.results.json
torch.storage.np.count_nonzero,valid_mutation,5,valid,a,value_neginf,True,differential_mismatch,DifferentialMismatch,success/exception mismatch between cpu and mps,stage4/results/torch-thesis-all-coverage/execution_results/torch.storage.np.count_nonzero.results.json
torch.storage.np.count_nonzero,valid_mutation,6,valid,a,value_large_magnitude,True,differential_mismatch,DifferentialMismatch,success/exception mismatch between cpu and mps,stage4/results/torch-thesis-all-coverage/execution_results/torch.storage.np.count_nonzero.results.json
torch.storage.np.count_nonzero,valid_mutation,7,valid,a,value_nan,True,differential_mismatch,DifferentialMismatch,success/exception mismatch between cpu and mps,stage4/results/torch-thesis-all-coverage/execution_results/torch.storage.np.count_nonzero.results.json
torch.storage.np.count_nonzero,valid_mutation,8,valid,a,value_posinf,True,differential_mismatch,DifferentialMismatch,success/exception mismatch between cpu and mps,stage4/results/torch-thesis-all-coverage/execution_results/torch.storage.np.count_nonzero.results.json
torch.storage.np.count_nonzero,negative_mutation,9,negative,a,shape_shrink,True,negative_accepted_not_bug,,,stage4/results/torch-thesis-all-coverage/execution_results/torch.storage.np.count_nonzero.results.json
torch.storage.np.count_nonzero,negative_mutation,10,negative,a,dtype_mutate,True,negative_accepted_not_bug,,,stage4/results/torch-thesis-all-coverage/execution_results/torch.storage.np.count_nonzero.results.json
torch.storage.np.cov,base_valid,0,valid,,,True,differential_mismatch,DifferentialMismatch,success/exception mismatch between cpu and mps,stage4/results/torch-thesis-all-coverage/execution_results/torch.storage.np.cov.results.json
torch.storage.np.cov,valid_mutation,1,valid,m,value_posinf,True,differential_mismatch,DifferentialMismatch,success/exception mismatch between cpu and mps,stage4/results/torch-thesis-all-coverage/execution_results/torch.storage.np.cov.results.json
torch.storage.np.cov,valid_mutation,2,valid,m,value_large_magnitude,True,differential_mismatch,DifferentialMismatch,success/exception mismatch between cpu and mps,stage4/results/torch-thesis-all-coverage/execution_results/torch.storage.np.cov.results.json
torch.storage.np.cov,valid_mutation,3,valid,m,enum_switch,True,differential_mismatch,DifferentialMismatch,success/exception mismatch between cpu and mps,stage4/results/torch-thesis-all-coverage/execution_results/torch.storage.np.cov.results.json
torch.storage.np.cov,valid_mutation,4,valid,m,value_negzero,True,differential_mismatch,DifferentialMismatch,success/exception mismatch between cpu and mps,stage4/results/torch-thesis-all-coverage/execution_results/torch.storage.np.cov.results.json
torch.storage.np.cov,valid_mutation,5,valid,m,value_neginf,True,differential_mismatch,DifferentialMismatch,success/exception mismatch between cpu and mps,stage4/results/torch-thesis-all-coverage/execution_results/torch.storage.np.cov.results.json
torch.storage.np.cov,valid_mutation,6,valid,m,value_nan,True,differential_mismatch,DifferentialMismatch,success/exception mismatch between cpu and mps,stage4/results/torch-thesis-all-coverage/execution_results/torch.storage.np.cov.results.json
torch.storage.np.cov,negative_mutation,7,negative,m,enum_invalid,True,negative_accepted_not_bug,,,stage4/results/torch-thesis-all-coverage/execution_results/torch.storage.np.cov.results.json
torch.storage.np.ctypeslib.ndpointer,base_valid,0,valid,,,True,success_valid,,,stage4/results/torch-thesis-all-coverage/execution_results/torch.storage.np.ctypeslib.ndpointer.results.json
torch.storage.np.cumprod,base_valid,0,valid,,,True,differential_mismatch,DifferentialMismatch,success/exception mismatch between cpu and mps,stage4/results/torch-thesis-all-coverage/execution_results/torch.storage.np.cumprod.results.json
torch.storage.np.cumprod,valid_mutation,1,valid,a,value_large_magnitude,True,differential_mismatch,DifferentialMismatch,success/exception mismatch between cpu and mps,stage4/results/torch-thesis-all-coverage/execution_results/torch.storage.np.cumprod.results.json
torch.storage.np.cumprod,valid_mutation,2,valid,a,value_noise,True,differential_mismatch,DifferentialMismatch,success/exception mismatch between cpu and mps,stage4/results/torch-thesis-all-coverage/execution_results/torch.storage.np.cumprod.results.json
torch.storage.np.cumprod,valid_mutation,3,valid,a,value_negzero,True,differential_mismatch,DifferentialMismatch,success/exception mismatch between cpu and mps,stage4/results/torch-thesis-all-coverage/execution_results/torch.storage.np.cumprod.results.json
torch.storage.np.cumprod,valid_mutation,4,valid,a,value_posinf,True,differential_mismatch,DifferentialMismatch,success/exception mismatch between cpu and mps,stage4/results/torch-thesis-all-coverage/execution_results/torch.storage.np.cumprod.results.json
torch.storage.np.cumprod,valid_mutation,5,valid,a,value_nan,True,differential_mismatch,DifferentialMismatch,success/exception mismatch between cpu and mps,stage4/results/torch-thesis-all-coverage/execution_results/torch.storage.np.cumprod.results.json
torch.storage.np.cumprod,valid_mutation,6,valid,a,value_neginf,True,differential_mismatch,DifferentialMismatch,success/exception mismatch between cpu and mps,stage4/results/torch-thesis-all-coverage/execution_results/torch.storage.np.cumprod.results.json
torch.storage.np.cumprod,valid_mutation,7,valid,a,value_division,True,differential_mismatch,DifferentialMismatch,success/exception mismatch between cpu and mps,stage4/results/torch-thesis-all-coverage/execution_results/torch.storage.np.cumprod.results.json
torch.storage.np.cumprod,valid_mutation,8,valid,a,value_mask,True,differential_mismatch,DifferentialMismatch,success/exception mismatch between cpu and mps,stage4/results/torch-thesis-all-coverage/execution_results/torch.storage.np.cumprod.results.json
torch.storage.np.cumprod,negative_mutation,9,negative,a,shape_shrink,True,negative_accepted_not_bug,,,stage4/results/torch-thesis-all-coverage/execution_results/torch.storage.np.cumprod.results.json
torch.storage.np.cumprod,negative_mutation,10,negative,a,dtype_mutate,True,negative_accepted_not_bug,,,stage4/results/torch-thesis-all-coverage/execution_results/torch.storage.np.cumprod.results.json
torch.storage.np.diff,base_valid,0,valid,,,True,differential_mismatch,DifferentialMismatch,success/exception mismatch between cpu and mps,stage4/results/torch-thesis-all-coverage/execution_results/torch.storage.np.diff.results.json
torch.storage.np.diff,valid_mutation,1,valid,a,value_large_magnitude,True,differential_mismatch,DifferentialMismatch,success/exception mismatch between cpu and mps,stage4/results/torch-thesis-all-coverage/execution_results/torch.storage.np.diff.results.json
torch.storage.np.diff,valid_mutation,2,valid,a,value_nan,True,differential_mismatch,DifferentialMismatch,success/exception mismatch between cpu and mps,stage4/results/torch-thesis-all-coverage/execution_results/torch.storage.np.diff.results.json
torch.storage.np.diff,valid_mutation,3,valid,a,value_neginf,True,differential_mismatch,DifferentialMismatch,success/exception mismatch between cpu and mps,stage4/results/torch-thesis-all-coverage/execution_results/torch.storage.np.diff.results.json
torch.storage.np.diff,valid_mutation,4,valid,a,value_division,True,differential_mismatch,DifferentialMismatch,success/exception mismatch between cpu and mps,stage4/results/torch-thesis-all-coverage/execution_results/torch.storage.np.diff.results.json
torch.storage.np.diff,valid_mutation,5,valid,a,value_mask,True,differential_mismatch,DifferentialMismatch,success/exception mismatch between cpu and mps,stage4/results/torch-thesis-all-coverage/execution_results/torch.storage.np.diff.results.json
torch.storage.np.diff,valid_mutation,6,valid,a,value_negzero,True,differential_mismatch,DifferentialMismatch,success/exception mismatch between cpu and mps,stage4/results/torch-thesis-all-coverage/execution_results/torch.storage.np.diff.results.json
torch.storage.np.diff,valid_mutation,7,valid,a,value_noise,True,differential_mismatch,DifferentialMismatch,success/exception mismatch between cpu and mps,stage4/results/torch-thesis-all-coverage/execution_results/torch.storage.np.diff.results.json
torch.storage.np.diff,valid_mutation,8,valid,a,value_posinf,True,differential_mismatch,DifferentialMismatch,success/exception mismatch between cpu and mps,stage4/results/torch-thesis-all-coverage/execution_results/torch.storage.np.diff.results.json
torch.storage.np.diff,negative_mutation,9,negative,a,shape_shrink,True,negative_accepted_not_bug,,,stage4/results/torch-thesis-all-coverage/execution_results/torch.storage.np.diff.results.json
torch.storage.np.diff,negative_mutation,10,negative,a,dtype_mutate,True,negative_accepted_not_bug,,,stage4/results/torch-thesis-all-coverage/execution_results/torch.storage.np.diff.results.json
torch.storage.np.digitize,base_valid,0,valid,,,True,differential_mismatch,DifferentialMismatch,success/exception mismatch between cpu and mps,stage4/results/torch-thesis-all-coverage/execution_results/torch.storage.np.digitize.results.json
torch.storage.np.digitize,valid_mutation,1,valid,x,value_negzero,True,differential_mismatch,DifferentialMismatch,success/exception mismatch between cpu and mps,stage4/results/torch-thesis-all-coverage/execution_results/torch.storage.np.digitize.results.json
torch.storage.np.digitize,valid_mutation,2,valid,x,value_neginf,True,differential_mismatch,DifferentialMismatch,success/exception mismatch between cpu and mps,stage4/results/torch-thesis-all-coverage/execution_results/torch.storage.np.digitize.results.json
torch.storage.np.digitize,valid_mutation,3,valid,x,value_division,True,differential_mismatch,DifferentialMismatch,success/exception mismatch between cpu and mps,stage4/results/torch-thesis-all-coverage/execution_results/torch.storage.np.digitize.results.json
torch.storage.np.digitize,valid_mutation,4,valid,x,value_mask,True,differential_mismatch,DifferentialMismatch,success/exception mismatch between cpu and mps,stage4/results/torch-thesis-all-coverage/execution_results/torch.storage.np.digitize.results.json
torch.storage.np.digitize,valid_mutation,5,valid,x,value_large_magnitude,True,differential_mismatch,DifferentialMismatch,success/exception mismatch between cpu and mps,stage4/results/torch-thesis-all-coverage/execution_results/torch.storage.np.digitize.results.json
torch.storage.np.digitize,valid_mutation,6,valid,x,value_nan,True,differential_mismatch,DifferentialMismatch,success/exception mismatch between cpu and mps,stage4/results/torch-thesis-all-coverage/execution_results/torch.storage.np.digitize.results.json
torch.storage.np.digitize,valid_mutation,7,valid,x,value_noise,True,differential_mismatch,DifferentialMismatch,success/exception mismatch between cpu and mps,stage4/results/torch-thesis-all-coverage/execution_results/torch.storage.np.digitize.results.json
torch.storage.np.digitize,valid_mutation,8,valid,x,value_posinf,True,differential_mismatch,DifferentialMismatch,success/exception mismatch between cpu and mps,stage4/results/torch-thesis-all-coverage/execution_results/torch.storage.np.digitize.results.json
torch.storage.np.digitize,negative_mutation,9,negative,x,shape_expand,True,negative_accepted_not_bug,,,stage4/results/torch-thesis-all-coverage/execution_results/torch.storage.np.digitize.results.json
torch.storage.np.digitize,negative_mutation,10,negative,x,dtype_mutate,True,negative_accepted_not_bug,,,stage4/results/torch-thesis-all-coverage/execution_results/torch.storage.np.digitize.results.json
torch.storage.np.digitize,valid_mutation,11,valid,bins,value_noise,True,differential_mismatch,DifferentialMismatch,success/exception mismatch between cpu and mps,stage4/results/torch-thesis-all-coverage/execution_results/torch.storage.np.digitize.results.json
torch.storage.np.digitize,valid_mutation,12,valid,bins,value_negzero,True,differential_mismatch,DifferentialMismatch,success/exception mismatch between cpu and mps,stage4/results/torch-thesis-all-coverage/execution_results/torch.storage.np.digitize.results.json
torch.storage.np.digitize,valid_mutation,13,valid,bins,value_posinf,True,differential_mismatch,DifferentialMismatch,success/exception mismatch between cpu and mps,stage4/results/torch-thesis-all-coverage/execution_results/torch.storage.np.digitize.results.json
torch.storage.np.digitize,valid_mutation,14,valid,bins,value_division,True,differential_mismatch,DifferentialMismatch,success/exception mismatch between cpu and mps,stage4/results/torch-thesis-all-coverage/execution_results/torch.storage.np.digitize.results.json
torch.storage.np.digitize,valid_mutation,15,valid,bins,value_large_magnitude,True,differential_mismatch,DifferentialMismatch,success/exception mismatch between cpu and mps,stage4/results/torch-thesis-all-coverage/execution_results/torch.storage.np.digitize.results.json
torch.storage.np.digitize,valid_mutation,16,valid,bins,value_mask,True,differential_mismatch,DifferentialMismatch,success/exception mismatch between cpu and mps,stage4/results/torch-thesis-all-coverage/execution_results/torch.storage.np.digitize.results.json
torch.storage.np.digitize,valid_mutation,17,valid,bins,value_neginf,True,differential_mismatch,DifferentialMismatch,success/exception mismatch between cpu and mps,stage4/results/torch-thesis-all-coverage/execution_results/torch.storage.np.digitize.results.json
torch.storage.np.digitize,valid_mutation,18,valid,bins,value_nan,True,differential_mismatch,DifferentialMismatch,success/exception mismatch between cpu and mps,stage4/results/torch-thesis-all-coverage/execution_results/torch.storage.np.digitize.results.json
torch.storage.np.digitize,negative_mutation,19,negative,bins,shape_expand,True,negative_accepted_not_bug,,,stage4/results/torch-thesis-all-coverage/execution_results/torch.storage.np.digitize.results.json
torch.storage.np.digitize,negative_mutation,20,negative,bins,dtype_mutate,True,negative_accepted_not_bug,,,stage4/results/torch-thesis-all-coverage/execution_results/torch.storage.np.digitize.results.json
torch.storage.np.dstack,base_valid,0,valid,,,True,success_valid,,,stage4/results/torch-thesis-all-coverage/execution_results/torch.storage.np.dstack.results.json
torch.storage.np.dstack,valid_mutation,1,valid,tup,element_delta,True,valid_mutation_success,,,stage4/results/torch-thesis-all-coverage/execution_results/torch.storage.np.dstack.results.json
torch.storage.np.dstack,valid_mutation,2,valid,tup,structure_grow,True,valid_mutation_success,,,stage4/results/torch-thesis-all-coverage/execution_results/torch.storage.np.dstack.results.json
torch.storage.np.dstack,negative_mutation,3,negative,tup,structure_shrink,True,negative_accepted_not_bug,,,stage4/results/torch-thesis-all-coverage/execution_results/torch.storage.np.dstack.results.json
torch.storage.np.empty,base_valid,0,valid,,,True,success_valid,,,stage4/results/torch-thesis-all-coverage/execution_results/torch.storage.np.empty.results.json
torch.storage.np.empty,valid_mutation,1,valid,shape,element_delta,True,valid_mutation_success,,,stage4/results/torch-thesis-all-coverage/execution_results/torch.storage.np.empty.results.json
torch.storage.np.empty,valid_mutation,2,valid,shape,structure_grow,True,valid_mutation_success,,,stage4/results/torch-thesis-all-coverage/execution_results/torch.storage.np.empty.results.json
torch.storage.np.empty,negative_mutation,3,negative,shape,structure_shrink,True,negative_accepted_not_bug,,,stage4/results/torch-thesis-all-coverage/execution_results/torch.storage.np.empty.results.json
torch.storage.np.empty_like,base_valid,0,valid,,,True,differential_mismatch,DifferentialMismatch,success/exception mismatch between cpu and mps,stage4/results/torch-thesis-all-coverage/execution_results/torch.storage.np.empty_like.results.json
torch.storage.np.empty_like,valid_mutation,1,valid,prototype,value_posinf,True,differential_mismatch,DifferentialMismatch,success/exception mismatch between cpu and mps,stage4/results/torch-thesis-all-coverage/execution_results/torch.storage.np.empty_like.results.json
torch.storage.np.empty_like,valid_mutation,2,valid,prototype,value_division,True,differential_mismatch,DifferentialMismatch,success/exception mismatch between cpu and mps,stage4/results/torch-thesis-all-coverage/execution_results/torch.storage.np.empty_like.results.json
torch.storage.np.empty_like,valid_mutation,3,valid,prototype,value_negzero,True,differential_mismatch,DifferentialMismatch,success/exception mismatch between cpu and mps,stage4/results/torch-thesis-all-coverage/execution_results/torch.storage.np.empty_like.results.json
torch.storage.np.empty_like,valid_mutation,4,valid,prototype,value_nan,True,differential_mismatch,DifferentialMismatch,success/exception mismatch between cpu and mps,stage4/results/torch-thesis-all-coverage/execution_results/torch.storage.np.empty_like.results.json
torch.storage.np.empty_like,valid_mutation,5,valid,prototype,value_large_magnitude,True,differential_mismatch,DifferentialMismatch,success/exception mismatch between cpu and mps,stage4/results/torch-thesis-all-coverage/execution_results/torch.storage.np.empty_like.results.json
torch.storage.np.empty_like,valid_mutation,6,valid,prototype,value_neginf,True,differential_mismatch,DifferentialMismatch,success/exception mismatch between cpu and mps,stage4/results/torch-thesis-all-coverage/execution_results/torch.storage.np.empty_like.results.json
torch.storage.np.empty_like,valid_mutation,7,valid,prototype,value_mask,True,differential_mismatch,DifferentialMismatch,success/exception mismatch between cpu and mps,stage4/results/torch-thesis-all-coverage/execution_results/torch.storage.np.empty_like.results.json
torch.storage.np.empty_like,valid_mutation,8,valid,prototype,value_noise,True,differential_mismatch,DifferentialMismatch,success/exception mismatch between cpu and mps,stage4/results/torch-thesis-all-coverage/execution_results/torch.storage.np.empty_like.results.json
torch.storage.np.empty_like,negative_mutation,9,negative,prototype,shape_shrink,True,negative_accepted_not_bug,,,stage4/results/torch-thesis-all-coverage/execution_results/torch.storage.np.empty_like.results.json
torch.storage.np.empty_like,negative_mutation,10,negative,prototype,dtype_mutate,True,negative_accepted_not_bug,,,stage4/results/torch-thesis-all-coverage/execution_results/torch.storage.np.empty_like.results.json
torch.storage.np.expand_dims,base_valid,0,valid,,,True,differential_mismatch,DifferentialMismatch,success/exception mismatch between cpu and mps,stage4/results/torch-thesis-all-coverage/execution_results/torch.storage.np.expand_dims.results.json
torch.storage.np.expand_dims,valid_mutation,1,valid,a,value_mask,True,differential_mismatch,DifferentialMismatch,success/exception mismatch between cpu and mps,stage4/results/torch-thesis-all-coverage/execution_results/torch.storage.np.expand_dims.results.json
torch.storage.np.expand_dims,valid_mutation,2,valid,a,value_posinf,True,differential_mismatch,DifferentialMismatch,success/exception mismatch between cpu and mps,stage4/results/torch-thesis-all-coverage/execution_results/torch.storage.np.expand_dims.results.json
torch.storage.np.expand_dims,valid_mutation,3,valid,a,value_noise,True,differential_mismatch,DifferentialMismatch,success/exception mismatch between cpu and mps,stage4/results/torch-thesis-all-coverage/execution_results/torch.storage.np.expand_dims.results.json
torch.storage.np.expand_dims,valid_mutation,4,valid,a,value_large_magnitude,True,differential_mismatch,DifferentialMismatch,success/exception mismatch between cpu and mps,stage4/results/torch-thesis-all-coverage/execution_results/torch.storage.np.expand_dims.results.json
torch.storage.np.expand_dims,valid_mutation,5,valid,a,value_negzero,True,differential_mismatch,DifferentialMismatch,success/exception mismatch between cpu and mps,stage4/results/torch-thesis-all-coverage/execution_results/torch.storage.np.expand_dims.results.json
torch.storage.np.expand_dims,valid_mutation,6,valid,a,value_division,True,differential_mismatch,DifferentialMismatch,success/exception mismatch between cpu and mps,stage4/results/torch-thesis-all-coverage/execution_results/torch.storage.np.expand_dims.results.json
torch.storage.np.expand_dims,valid_mutation,7,valid,a,value_neginf,True,differential_mismatch,DifferentialMismatch,success/exception mismatch between cpu and mps,stage4/results/torch-thesis-all-coverage/execution_results/torch.storage.np.expand_dims.results.json
torch.storage.np.expand_dims,valid_mutation,8,valid,a,value_nan,True,differential_mismatch,DifferentialMismatch,success/exception mismatch between cpu and mps,stage4/results/torch-thesis-all-coverage/execution_results/torch.storage.np.expand_dims.results.json
torch.storage.np.expand_dims,negative_mutation,9,negative,a,shape_expand,True,negative_accepted_not_bug,,,stage4/results/torch-thesis-all-coverage/execution_results/torch.storage.np.expand_dims.results.json
torch.storage.np.expand_dims,negative_mutation,10,negative,a,dtype_mutate,True,negative_accepted_not_bug,,,stage4/results/torch-thesis-all-coverage/execution_results/torch.storage.np.expand_dims.results.json
torch.storage.np.expand_dims,valid_mutation,11,valid,axis,value_large_magnitude,True,differential_mismatch,DifferentialMismatch,success/exception mismatch between cpu and mps,stage4/results/torch-thesis-all-coverage/execution_results/torch.storage.np.expand_dims.results.json
torch.storage.np.expand_dims,valid_mutation,12,valid,axis,scalar_delta,True,differential_mismatch,DifferentialMismatch,success/exception mismatch between cpu and mps,stage4/results/torch-thesis-all-coverage/execution_results/torch.storage.np.expand_dims.results.json
torch.storage.np.expand_dims,negative_mutation,13,negative,axis,type_widen,True,negative_accepted_not_bug,,,stage4/results/torch-thesis-all-coverage/execution_results/torch.storage.np.expand_dims.results.json
torch.storage.np.extract,base_valid,0,valid,,,True,differential_mismatch,DifferentialMismatch,success/exception mismatch between cpu and mps,stage4/results/torch-thesis-all-coverage/execution_results/torch.storage.np.extract.results.json
torch.storage.np.extract,valid_mutation,1,valid,condition,value_mask,True,differential_mismatch,DifferentialMismatch,success/exception mismatch between cpu and mps,stage4/results/torch-thesis-all-coverage/execution_results/torch.storage.np.extract.results.json
torch.storage.np.extract,valid_mutation,2,valid,condition,value_nan,True,differential_mismatch,DifferentialMismatch,success/exception mismatch between cpu and mps,stage4/results/torch-thesis-all-coverage/execution_results/torch.storage.np.extract.results.json
torch.storage.np.extract,valid_mutation,3,valid,condition,value_neginf,True,differential_mismatch,DifferentialMismatch,success/exception mismatch between cpu and mps,stage4/results/torch-thesis-all-coverage/execution_results/torch.storage.np.extract.results.json
torch.storage.np.extract,valid_mutation,4,valid,condition,value_negzero,True,differential_mismatch,DifferentialMismatch,success/exception mismatch between cpu and mps,stage4/results/torch-thesis-all-coverage/execution_results/torch.storage.np.extract.results.json
torch.storage.np.extract,valid_mutation,5,valid,condition,value_noise,True,differential_mismatch,DifferentialMismatch,success/exception mismatch between cpu and mps,stage4/results/torch-thesis-all-coverage/execution_results/torch.storage.np.extract.results.json
torch.storage.np.extract,valid_mutation,6,valid,condition,value_division,True,differential_mismatch,DifferentialMismatch,success/exception mismatch between cpu and mps,stage4/results/torch-thesis-all-coverage/execution_results/torch.storage.np.extract.results.json
torch.storage.np.extract,valid_mutation,7,valid,condition,value_posinf,True,differential_mismatch,DifferentialMismatch,success/exception mismatch between cpu and mps,stage4/results/torch-thesis-all-coverage/execution_results/torch.storage.np.extract.results.json
torch.storage.np.extract,valid_mutation,8,valid,condition,value_large_magnitude,True,differential_mismatch,DifferentialMismatch,success/exception mismatch between cpu and mps,stage4/results/torch-thesis-all-coverage/execution_results/torch.storage.np.extract.results.json
torch.storage.np.extract,negative_mutation,9,negative,condition,shape_shrink,True,negative_accepted_not_bug,,,stage4/results/torch-thesis-all-coverage/execution_results/torch.storage.np.extract.results.json
torch.storage.np.extract,negative_mutation,10,negative,condition,dtype_mutate,True,negative_accepted_not_bug,,,stage4/results/torch-thesis-all-coverage/execution_results/torch.storage.np.extract.results.json
torch.storage.np.extract,valid_mutation,11,valid,arr,value_noise,True,differential_mismatch,DifferentialMismatch,success/exception mismatch between cpu and mps,stage4/results/torch-thesis-all-coverage/execution_results/torch.storage.np.extract.results.json
torch.storage.np.extract,valid_mutation,12,valid,arr,value_neginf,True,differential_mismatch,DifferentialMismatch,success/exception mismatch between cpu and mps,stage4/results/torch-thesis-all-coverage/execution_results/torch.storage.np.extract.results.json
torch.storage.np.extract,valid_mutation,13,valid,arr,value_posinf,True,differential_mismatch,DifferentialMismatch,success/exception mismatch between cpu and mps,stage4/results/torch-thesis-all-coverage/execution_results/torch.storage.np.extract.results.json
torch.storage.np.extract,valid_mutation,14,valid,arr,value_mask,True,differential_mismatch,DifferentialMismatch,success/exception mismatch between cpu and mps,stage4/results/torch-thesis-all-coverage/execution_results/torch.storage.np.extract.results.json
torch.storage.np.extract,valid_mutation,15,valid,arr,value_negzero,True,differential_mismatch,DifferentialMismatch,success/exception mismatch between cpu and mps,stage4/results/torch-thesis-all-coverage/execution_results/torch.storage.np.extract.results.json
torch.storage.np.extract,valid_mutation,16,valid,arr,value_large_magnitude,True,differential_mismatch,DifferentialMismatch,success/exception mismatch between cpu and mps,stage4/results/torch-thesis-all-coverage/execution_results/torch.storage.np.extract.results.json
torch.storage.np.extract,valid_mutation,17,valid,arr,value_nan,True,differential_mismatch,DifferentialMismatch,success/exception mismatch between cpu and mps,stage4/results/torch-thesis-all-coverage/execution_results/torch.storage.np.extract.results.json
torch.storage.np.extract,valid_mutation,18,valid,arr,value_division,True,differential_mismatch,DifferentialMismatch,success/exception mismatch between cpu and mps,stage4/results/torch-thesis-all-coverage/execution_results/torch.storage.np.extract.results.json
torch.storage.np.extract,negative_mutation,19,negative,arr,shape_expand,True,negative_accepted_not_bug,,,stage4/results/torch-thesis-all-coverage/execution_results/torch.storage.np.extract.results.json
torch.storage.np.extract,negative_mutation,20,negative,arr,dtype_mutate,True,negative_accepted_not_bug,,,stage4/results/torch-thesis-all-coverage/execution_results/torch.storage.np.extract.results.json
torch.storage.np.fft.fftfreq,base_valid,0,valid,,,True,success_valid,,,stage4/results/torch-thesis-all-coverage/execution_results/torch.storage.np.fft.fftfreq.results.json
torch.storage.np.fft.fftfreq,valid_mutation,1,valid,n,value_large_magnitude,True,valid_mutation_success,,,stage4/results/torch-thesis-all-coverage/execution_results/torch.storage.np.fft.fftfreq.results.json
torch.storage.np.fft.fftfreq,valid_mutation,2,valid,n,scalar_delta,True,valid_mutation_success,,,stage4/results/torch-thesis-all-coverage/execution_results/torch.storage.np.fft.fftfreq.results.json
torch.storage.np.fft.fftfreq,negative_mutation,3,negative,n,type_widen,False,expected_negative_rejection,ValueError,n should be an integer,stage4/results/torch-thesis-all-coverage/execution_results/torch.storage.np.fft.fftfreq.results.json
torch.storage.np.fft.fftn,base_valid,0,valid,,,True,differential_mismatch,DifferentialMismatch,success/exception mismatch between cpu and mps,stage4/results/torch-thesis-all-coverage/execution_results/torch.storage.np.fft.fftn.results.json
torch.storage.np.fft.fftn,valid_mutation,1,valid,a,value_large_magnitude,True,differential_mismatch,DifferentialMismatch,success/exception mismatch between cpu and mps,stage4/results/torch-thesis-all-coverage/execution_results/torch.storage.np.fft.fftn.results.json
torch.storage.np.fft.fftn,valid_mutation,2,valid,a,value_negzero,True,differential_mismatch,DifferentialMismatch,success/exception mismatch between cpu and mps,stage4/results/torch-thesis-all-coverage/execution_results/torch.storage.np.fft.fftn.results.json
torch.storage.np.fft.fftn,valid_mutation,3,valid,a,value_posinf,True,differential_mismatch,DifferentialMismatch,success/exception mismatch between cpu and mps,stage4/results/torch-thesis-all-coverage/execution_results/torch.storage.np.fft.fftn.results.json
torch.storage.np.fft.fftn,valid_mutation,4,valid,a,value_mask,True,differential_mismatch,DifferentialMismatch,success/exception mismatch between cpu and mps,stage4/results/torch-thesis-all-coverage/execution_results/torch.storage.np.fft.fftn.results.json
torch.storage.np.fft.fftn,valid_mutation,5,valid,a,value_noise,True,differential_mismatch,DifferentialMismatch,success/exception mismatch between cpu and mps,stage4/results/torch-thesis-all-coverage/execution_results/torch.storage.np.fft.fftn.results.json
torch.storage.np.fft.fftn,valid_mutation,6,valid,a,value_neginf,True,differential_mismatch,DifferentialMismatch,success/exception mismatch between cpu and mps,stage4/results/torch-thesis-all-coverage/execution_results/torch.storage.np.fft.fftn.results.json
torch.storage.np.fft.fftn,valid_mutation,7,valid,a,value_division,True,differential_mismatch,DifferentialMismatch,success/exception mismatch between cpu and mps,stage4/results/torch-thesis-all-coverage/execution_results/torch.storage.np.fft.fftn.results.json
torch.storage.np.fft.fftn,valid_mutation,8,valid,a,value_nan,True,differential_mismatch,DifferentialMismatch,success/exception mismatch between cpu and mps,stage4/results/torch-thesis-all-coverage/execution_results/torch.storage.np.fft.fftn.results.json
torch.storage.np.fft.fftn,negative_mutation,9,negative,a,shape_expand,True,negative_accepted_not_bug,,,stage4/results/torch-thesis-all-coverage/execution_results/torch.storage.np.fft.fftn.results.json
torch.storage.np.fft.fftn,negative_mutation,10,negative,a,dtype_mutate,True,negative_accepted_not_bug,,,stage4/results/torch-thesis-all-coverage/execution_results/torch.storage.np.fft.fftn.results.json
torch.storage.np.fft.fftshift,base_valid,0,valid,,,True,success_valid,,,stage4/results/torch-thesis-all-coverage/execution_results/torch.storage.np.fft.fftshift.results.json
torch.storage.np.fft.fftshift,valid_mutation,1,valid,x,value_division,True,valid_mutation_success,,,stage4/results/torch-thesis-all-coverage/execution_results/torch.storage.np.fft.fftshift.results.json
torch.storage.np.fft.fftshift,valid_mutation,2,valid,x,value_noise,True,valid_mutation_success,,,stage4/results/torch-thesis-all-coverage/execution_results/torch.storage.np.fft.fftshift.results.json
torch.storage.np.fft.fftshift,valid_mutation,3,valid,x,value_mask,True,valid_mutation_success,,,stage4/results/torch-thesis-all-coverage/execution_results/torch.storage.np.fft.fftshift.results.json
torch.storage.np.fft.fftshift,negative_mutation,4,negative,x,shape_expand,True,negative_accepted_not_bug,,,stage4/results/torch-thesis-all-coverage/execution_results/torch.storage.np.fft.fftshift.results.json
torch.storage.np.fft.fftshift,negative_mutation,5,negative,x,dtype_mutate,True,negative_accepted_not_bug,,,stage4/results/torch-thesis-all-coverage/execution_results/torch.storage.np.fft.fftshift.results.json
torch.storage.np.fft.ifftn,base_valid,0,valid,,,True,differential_mismatch,DifferentialMismatch,success/exception mismatch between cpu and mps,stage4/results/torch-thesis-all-coverage/execution_results/torch.storage.np.fft.ifftn.results.json
torch.storage.np.fft.ifftn,valid_mutation,1,valid,a,value_noise,True,differential_mismatch,DifferentialMismatch,success/exception mismatch between cpu and mps,stage4/results/torch-thesis-all-coverage/execution_results/torch.storage.np.fft.ifftn.results.json
torch.storage.np.fft.ifftn,valid_mutation,2,valid,a,value_negzero,True,differential_mismatch,DifferentialMismatch,success/exception mismatch between cpu and mps,stage4/results/torch-thesis-all-coverage/execution_results/torch.storage.np.fft.ifftn.results.json
torch.storage.np.fft.ifftn,valid_mutation,3,valid,a,value_large_magnitude,True,differential_mismatch,DifferentialMismatch,success/exception mismatch between cpu and mps,stage4/results/torch-thesis-all-coverage/execution_results/torch.storage.np.fft.ifftn.results.json
torch.storage.np.fft.ifftn,valid_mutation,4,valid,a,value_mask,True,differential_mismatch,DifferentialMismatch,success/exception mismatch between cpu and mps,stage4/results/torch-thesis-all-coverage/execution_results/torch.storage.np.fft.ifftn.results.json
torch.storage.np.fft.ifftn,valid_mutation,5,valid,a,value_nan,True,differential_mismatch,DifferentialMismatch,success/exception mismatch between cpu and mps,stage4/results/torch-thesis-all-coverage/execution_results/torch.storage.np.fft.ifftn.results.json
torch.storage.np.fft.ifftn,valid_mutation,6,valid,a,value_posinf,True,differential_mismatch,DifferentialMismatch,success/exception mismatch between cpu and mps,stage4/results/torch-thesis-all-coverage/execution_results/torch.storage.np.fft.ifftn.results.json
torch.storage.np.fft.ifftn,valid_mutation,7,valid,a,value_neginf,True,differential_mismatch,DifferentialMismatch,success/exception mismatch between cpu and mps,stage4/results/torch-thesis-all-coverage/execution_results/torch.storage.np.fft.ifftn.results.json
torch.storage.np.fft.ifftn,valid_mutation,8,valid,a,value_division,True,differential_mismatch,DifferentialMismatch,success/exception mismatch between cpu and mps,stage4/results/torch-thesis-all-coverage/execution_results/torch.storage.np.fft.ifftn.results.json
torch.storage.np.fft.ifftn,negative_mutation,9,negative,a,shape_shrink,True,negative_accepted_not_bug,,,stage4/results/torch-thesis-all-coverage/execution_results/torch.storage.np.fft.ifftn.results.json
torch.storage.np.fft.ifftn,negative_mutation,10,negative,a,dtype_mutate,True,negative_accepted_not_bug,,,stage4/results/torch-thesis-all-coverage/execution_results/torch.storage.np.fft.ifftn.results.json
torch.storage.np.fft.ifftshift,base_valid,0,valid,,,True,differential_mismatch,DifferentialMismatch,success/exception mismatch between cpu and mps,stage4/results/torch-thesis-all-coverage/execution_results/torch.storage.np.fft.ifftshift.results.json
torch.storage.np.fft.ifftshift,valid_mutation,1,valid,x,value_neginf,True,differential_mismatch,DifferentialMismatch,success/exception mismatch between cpu and mps,stage4/results/torch-thesis-all-coverage/execution_results/torch.storage.np.fft.ifftshift.results.json
torch.storage.np.fft.ifftshift,valid_mutation,2,valid,x,value_nan,True,differential_mismatch,DifferentialMismatch,success/exception mismatch between cpu and mps,stage4/results/torch-thesis-all-coverage/execution_results/torch.storage.np.fft.ifftshift.results.json
torch.storage.np.fft.ifftshift,valid_mutation,3,valid,x,value_division,True,differential_mismatch,DifferentialMismatch,success/exception mismatch between cpu and mps,stage4/results/torch-thesis-all-coverage/execution_results/torch.storage.np.fft.ifftshift.results.json
torch.storage.np.fft.ifftshift,valid_mutation,4,valid,x,value_negzero,True,differential_mismatch,DifferentialMismatch,success/exception mismatch between cpu and mps,stage4/results/torch-thesis-all-coverage/execution_results/torch.storage.np.fft.ifftshift.results.json
torch.storage.np.fft.ifftshift,valid_mutation,5,valid,x,value_mask,True,differential_mismatch,DifferentialMismatch,success/exception mismatch between cpu and mps,stage4/results/torch-thesis-all-coverage/execution_results/torch.storage.np.fft.ifftshift.results.json
torch.storage.np.fft.ifftshift,valid_mutation,6,valid,x,value_noise,True,differential_mismatch,DifferentialMismatch,success/exception mismatch between cpu and mps,stage4/results/torch-thesis-all-coverage/execution_results/torch.storage.np.fft.ifftshift.results.json
torch.storage.np.fft.ifftshift,valid_mutation,7,valid,x,value_large_magnitude,True,differential_mismatch,DifferentialMismatch,success/exception mismatch between cpu and mps,stage4/results/torch-thesis-all-coverage/execution_results/torch.storage.np.fft.ifftshift.results.json
torch.storage.np.fft.ifftshift,valid_mutation,8,valid,x,value_posinf,True,differential_mismatch,DifferentialMismatch,success/exception mismatch between cpu and mps,stage4/results/torch-thesis-all-coverage/execution_results/torch.storage.np.fft.ifftshift.results.json
torch.storage.np.fft.ifftshift,negative_mutation,9,negative,x,shape_expand,True,negative_accepted_not_bug,,,stage4/results/torch-thesis-all-coverage/execution_results/torch.storage.np.fft.ifftshift.results.json
torch.storage.np.fft.ifftshift,negative_mutation,10,negative,x,dtype_mutate,True,negative_accepted_not_bug,,,stage4/results/torch-thesis-all-coverage/execution_results/torch.storage.np.fft.ifftshift.results.json
torch.storage.np.fft.rfftfreq,base_valid,0,valid,,,True,success_valid,,,stage4/results/torch-thesis-all-coverage/execution_results/torch.storage.np.fft.rfftfreq.results.json
torch.storage.np.fft.rfftfreq,valid_mutation,1,valid,n,scalar_delta,True,valid_mutation_success,,,stage4/results/torch-thesis-all-coverage/execution_results/torch.storage.np.fft.rfftfreq.results.json
torch.storage.np.fft.rfftfreq,valid_mutation,2,valid,n,value_large_magnitude,True,valid_mutation_success,,,stage4/results/torch-thesis-all-coverage/execution_results/torch.storage.np.fft.rfftfreq.results.json
torch.storage.np.fft.rfftfreq,negative_mutation,3,negative,n,type_widen,False,expected_negative_rejection,ValueError,n should be an integer,stage4/results/torch-thesis-all-coverage/execution_results/torch.storage.np.fft.rfftfreq.results.json
torch.storage.np.fliplr,base_valid,0,valid,,,True,success_valid,,,stage4/results/torch-thesis-all-coverage/execution_results/torch.storage.np.fliplr.results.json
torch.storage.np.fliplr,valid_mutation,1,valid,m,value_noise,True,valid_mutation_success,,,stage4/results/torch-thesis-all-coverage/execution_results/torch.storage.np.fliplr.results.json
torch.storage.np.fliplr,valid_mutation,2,valid,m,value_mask,True,valid_mutation_success,,,stage4/results/torch-thesis-all-coverage/execution_results/torch.storage.np.fliplr.results.json
torch.storage.np.fliplr,valid_mutation,3,valid,m,value_division,True,valid_mutation_success,,,stage4/results/torch-thesis-all-coverage/execution_results/torch.storage.np.fliplr.results.json
torch.storage.np.fliplr,negative_mutation,4,negative,m,shape_shrink,True,negative_accepted_not_bug,,,stage4/results/torch-thesis-all-coverage/execution_results/torch.storage.np.fliplr.results.json
torch.storage.np.fliplr,negative_mutation,5,negative,m,dtype_mutate,True,negative_accepted_not_bug,,,stage4/results/torch-thesis-all-coverage/execution_results/torch.storage.np.fliplr.results.json
torch.storage.np.format_float_positional,base_valid,0,valid,,,True,success_valid,,,stage4/results/torch-thesis-all-coverage/execution_results/torch.storage.np.format_float_positional.results.json
torch.storage.np.format_float_positional,valid_mutation,1,valid,x,scalar_delta,True,valid_mutation_success,,,stage4/results/torch-thesis-all-coverage/execution_results/torch.storage.np.format_float_positional.results.json
torch.storage.np.format_float_positional,valid_mutation,2,valid,x,value_negzero,True,valid_mutation_success,,,stage4/results/torch-thesis-all-coverage/execution_results/torch.storage.np.format_float_positional.results.json
torch.storage.np.format_float_positional,valid_mutation,3,valid,x,value_neginf,True,valid_mutation_success,,,stage4/results/torch-thesis-all-coverage/execution_results/torch.storage.np.format_float_positional.results.json
torch.storage.np.format_float_positional,valid_mutation,4,valid,x,value_large_magnitude,True,valid_mutation_success,,,stage4/results/torch-thesis-all-coverage/execution_results/torch.storage.np.format_float_positional.results.json
torch.storage.np.format_float_positional,valid_mutation,5,valid,x,value_posinf,True,valid_mutation_success,,,stage4/results/torch-thesis-all-coverage/execution_results/torch.storage.np.format_float_positional.results.json
torch.storage.np.format_float_positional,valid_mutation,6,valid,x,value_nan,True,valid_mutation_success,,,stage4/results/torch-thesis-all-coverage/execution_results/torch.storage.np.format_float_positional.results.json
torch.storage.np.format_float_positional,negative_mutation,7,negative,x,type_widen,True,negative_accepted_not_bug,,,stage4/results/torch-thesis-all-coverage/execution_results/torch.storage.np.format_float_positional.results.json
torch.storage.np.format_float_scientific,base_valid,0,valid,,,True,success_valid,,,stage4/results/torch-thesis-all-coverage/execution_results/torch.storage.np.format_float_scientific.results.json
torch.storage.np.format_float_scientific,valid_mutation,1,valid,x,value_negzero,True,valid_mutation_success,,,stage4/results/torch-thesis-all-coverage/execution_results/torch.storage.np.format_float_scientific.results.json
torch.storage.np.format_float_scientific,valid_mutation,2,valid,x,value_posinf,True,valid_mutation_success,,,stage4/results/torch-thesis-all-coverage/execution_results/torch.storage.np.format_float_scientific.results.json
torch.storage.np.format_float_scientific,valid_mutation,3,valid,x,scalar_delta,True,valid_mutation_success,,,stage4/results/torch-thesis-all-coverage/execution_results/torch.storage.np.format_float_scientific.results.json
torch.storage.np.format_float_scientific,valid_mutation,4,valid,x,value_large_magnitude,True,valid_mutation_success,,,stage4/results/torch-thesis-all-coverage/execution_results/torch.storage.np.format_float_scientific.results.json
torch.storage.np.format_float_scientific,valid_mutation,5,valid,x,value_neginf,True,valid_mutation_success,,,stage4/results/torch-thesis-all-coverage/execution_results/torch.storage.np.format_float_scientific.results.json
torch.storage.np.format_float_scientific,valid_mutation,6,valid,x,value_nan,True,valid_mutation_success,,,stage4/results/torch-thesis-all-coverage/execution_results/torch.storage.np.format_float_scientific.results.json
torch.storage.np.format_float_scientific,negative_mutation,7,negative,x,type_widen,True,negative_accepted_not_bug,,,stage4/results/torch-thesis-all-coverage/execution_results/torch.storage.np.format_float_scientific.results.json
torch.storage.np.full,base_valid,0,valid,,,True,success_valid,,,stage4/results/torch-thesis-all-coverage/execution_results/torch.storage.np.full.results.json
torch.storage.np.full,valid_mutation,1,valid,shape,element_delta,True,valid_mutation_success,,,stage4/results/torch-thesis-all-coverage/execution_results/torch.storage.np.full.results.json
torch.storage.np.full,valid_mutation,2,valid,shape,structure_grow,True,valid_mutation_success,,,stage4/results/torch-thesis-all-coverage/execution_results/torch.storage.np.full.results.json
torch.storage.np.full,negative_mutation,3,negative,shape,structure_shrink,True,negative_accepted_not_bug,,,stage4/results/torch-thesis-all-coverage/execution_results/torch.storage.np.full.results.json
torch.storage.np.full,valid_mutation,4,valid,fill_value,value_nan,True,valid_mutation_success,,,stage4/results/torch-thesis-all-coverage/execution_results/torch.storage.np.full.results.json
torch.storage.np.full,valid_mutation,5,valid,fill_value,scalar_delta,True,valid_mutation_success,,,stage4/results/torch-thesis-all-coverage/execution_results/torch.storage.np.full.results.json
torch.storage.np.full,valid_mutation,6,valid,fill_value,value_posinf,True,valid_mutation_success,,,stage4/results/torch-thesis-all-coverage/execution_results/torch.storage.np.full.results.json
torch.storage.np.full,valid_mutation,7,valid,fill_value,value_negzero,True,valid_mutation_success,,,stage4/results/torch-thesis-all-coverage/execution_results/torch.storage.np.full.results.json
torch.storage.np.full,valid_mutation,8,valid,fill_value,value_neginf,True,valid_mutation_success,,,stage4/results/torch-thesis-all-coverage/execution_results/torch.storage.np.full.results.json
torch.storage.np.full,valid_mutation,9,valid,fill_value,value_large_magnitude,True,valid_mutation_success,,,stage4/results/torch-thesis-all-coverage/execution_results/torch.storage.np.full.results.json
torch.storage.np.full,negative_mutation,10,negative,fill_value,type_widen,True,negative_accepted_not_bug,,,stage4/results/torch-thesis-all-coverage/execution_results/torch.storage.np.full.results.json
torch.storage.np.geomspace,base_valid,0,valid,,,True,success_valid,,,stage4/results/torch-thesis-all-coverage/execution_results/torch.storage.np.geomspace.results.json
torch.storage.np.geomspace,valid_mutation,1,valid,start,element_delta,True,valid_mutation_success,,,stage4/results/torch-thesis-all-coverage/execution_results/torch.storage.np.geomspace.results.json
torch.storage.np.geomspace,valid_mutation,2,valid,start,structure_grow,True,valid_mutation_success,,,stage4/results/torch-thesis-all-coverage/execution_results/torch.storage.np.geomspace.results.json
torch.storage.np.geomspace,negative_mutation,3,negative,start,structure_shrink,True,negative_accepted_not_bug,,,stage4/results/torch-thesis-all-coverage/execution_results/torch.storage.np.geomspace.results.json
torch.storage.np.geomspace,valid_mutation,4,valid,stop,enum_switch,True,valid_mutation_success,,,stage4/results/torch-thesis-all-coverage/execution_results/torch.storage.np.geomspace.results.json
torch.storage.np.geomspace,negative_mutation,5,negative,stop,enum_invalid,True,negative_accepted_not_bug,,,stage4/results/torch-thesis-all-coverage/execution_results/torch.storage.np.geomspace.results.json
torch.storage.np.histogram2d,base_valid,0,valid,,,True,success_valid,,,stage4/results/torch-thesis-all-coverage/execution_results/torch.storage.np.histogram2d.results.json
torch.storage.np.histogram2d,valid_mutation,1,valid,x,value_division,True,valid_mutation_success,,,stage4/results/torch-thesis-all-coverage/execution_results/torch.storage.np.histogram2d.results.json
torch.storage.np.histogram2d,valid_mutation,2,valid,x,value_noise,True,valid_mutation_success,,,stage4/results/torch-thesis-all-coverage/execution_results/torch.storage.np.histogram2d.results.json
torch.storage.np.histogram2d,valid_mutation,3,valid,x,value_mask,True,valid_mutation_success,,,stage4/results/torch-thesis-all-coverage/execution_results/torch.storage.np.histogram2d.results.json
torch.storage.np.histogram2d,negative_mutation,4,negative,x,shape_expand,False,expected_negative_rejection,ValueError,x and y must have the same length.,stage4/results/torch-thesis-all-coverage/execution_results/torch.storage.np.histogram2d.results.json
torch.storage.np.histogram2d,negative_mutation,5,negative,x,dtype_mutate,True,negative_accepted_not_bug,,,stage4/results/torch-thesis-all-coverage/execution_results/torch.storage.np.histogram2d.results.json
torch.storage.np.histogram2d,valid_mutation,6,valid,y,value_mask,True,valid_mutation_success,,,stage4/results/torch-thesis-all-coverage/execution_results/torch.storage.np.histogram2d.results.json
torch.storage.np.histogram2d,valid_mutation,7,valid,y,value_division,True,valid_mutation_success,,,stage4/results/torch-thesis-all-coverage/execution_results/torch.storage.np.histogram2d.results.json
torch.storage.np.histogram2d,valid_mutation,8,valid,y,value_noise,True,valid_mutation_success,,,stage4/results/torch-thesis-all-coverage/execution_results/torch.storage.np.histogram2d.results.json
torch.storage.np.histogram2d,negative_mutation,9,negative,y,shape_expand,False,expected_negative_rejection,ValueError,x and y must have the same length.,stage4/results/torch-thesis-all-coverage/execution_results/torch.storage.np.histogram2d.results.json
torch.storage.np.histogram2d,negative_mutation,10,negative,y,dtype_mutate,True,negative_accepted_not_bug,,,stage4/results/torch-thesis-all-coverage/execution_results/torch.storage.np.histogram2d.results.json
torch.storage.np.histogram_bin_edges,base_valid,0,valid,,,True,differential_mismatch,DifferentialMismatch,success/exception mismatch between cpu and mps,stage4/results/torch-thesis-all-coverage/execution_results/torch.storage.np.histogram_bin_edges.results.json
torch.storage.np.histogram_bin_edges,valid_mutation,1,valid,a,value_nan,False,invalid_valid_mutation,ValueError,"autodetected range of [nan, nan] is not finite",stage4/results/torch-thesis-all-coverage/execution_results/torch.storage.np.histogram_bin_edges.results.json
torch.storage.np.histogram_bin_edges,valid_mutation,2,valid,a,value_noise,True,differential_mismatch,DifferentialMismatch,success/exception mismatch between cpu and mps,stage4/results/torch-thesis-all-coverage/execution_results/torch.storage.np.histogram_bin_edges.results.json
torch.storage.np.histogram_bin_edges,valid_mutation,3,valid,a,value_negzero,True,differential_mismatch,DifferentialMismatch,success/exception mismatch between cpu and mps,stage4/results/torch-thesis-all-coverage/execution_results/torch.storage.np.histogram_bin_edges.results.json
torch.storage.np.histogram_bin_edges,valid_mutation,4,valid,a,value_large_magnitude,True,differential_mismatch,DifferentialMismatch,success/exception mismatch between cpu and mps,stage4/results/torch-thesis-all-coverage/execution_results/torch.storage.np.histogram_bin_edges.results.json
torch.storage.np.histogram_bin_edges,valid_mutation,5,valid,a,value_neginf,False,invalid_valid_mutation,ValueError,"autodetected range of [-inf, 1.0] is not finite",stage4/results/torch-thesis-all-coverage/execution_results/torch.storage.np.histogram_bin_edges.results.json
torch.storage.np.histogram_bin_edges,valid_mutation,6,valid,a,value_division,True,differential_mismatch,DifferentialMismatch,success/exception mismatch between cpu and mps,stage4/results/torch-thesis-all-coverage/execution_results/torch.storage.np.histogram_bin_edges.results.json
torch.storage.np.histogram_bin_edges,valid_mutation,7,valid,a,value_posinf,False,invalid_valid_mutation,ValueError,"autodetected range of [1.0, inf] is not finite",stage4/results/torch-thesis-all-coverage/execution_results/torch.storage.np.histogram_bin_edges.results.json
torch.storage.np.histogram_bin_edges,valid_mutation,8,valid,a,value_mask,True,differential_mismatch,DifferentialMismatch,success/exception mismatch between cpu and mps,stage4/results/torch-thesis-all-coverage/execution_results/torch.storage.np.histogram_bin_edges.results.json
torch.storage.np.histogram_bin_edges,negative_mutation,9,negative,a,shape_shrink,True,negative_accepted_not_bug,,,stage4/results/torch-thesis-all-coverage/execution_results/torch.storage.np.histogram_bin_edges.results.json
torch.storage.np.histogram_bin_edges,negative_mutation,10,negative,a,dtype_mutate,True,negative_accepted_not_bug,,,stage4/results/torch-thesis-all-coverage/execution_results/torch.storage.np.histogram_bin_edges.results.json
torch.storage.np.histogramdd,base_valid,0,valid,,,True,differential_mismatch,DifferentialMismatch,success/exception mismatch between cpu and mps,stage4/results/torch-thesis-all-coverage/execution_results/torch.storage.np.histogramdd.results.json
torch.storage.np.histogramdd,valid_mutation,1,valid,sample,value_negzero,True,differential_mismatch,DifferentialMismatch,success/exception mismatch between cpu and mps,stage4/results/torch-thesis-all-coverage/execution_results/torch.storage.np.histogramdd.results.json
torch.storage.np.histogramdd,valid_mutation,2,valid,sample,value_nan,False,invalid_valid_mutation,ValueError,"autodetected range of [nan, nan] is not finite",stage4/results/torch-thesis-all-coverage/execution_results/torch.storage.np.histogramdd.results.json
torch.storage.np.histogramdd,valid_mutation,3,valid,sample,value_noise,True,differential_mismatch,DifferentialMismatch,success/exception mismatch between cpu and mps,stage4/results/torch-thesis-all-coverage/execution_results/torch.storage.np.histogramdd.results.json
torch.storage.np.histogramdd,valid_mutation,4,valid,sample,value_posinf,False,invalid_valid_mutation,ValueError,"autodetected range of [1.0, inf] is not finite",stage4/results/torch-thesis-all-coverage/execution_results/torch.storage.np.histogramdd.results.json
torch.storage.np.histogramdd,valid_mutation,5,valid,sample,value_neginf,False,invalid_valid_mutation,ValueError,"autodetected range of [-inf, 1.0] is not finite",stage4/results/torch-thesis-all-coverage/execution_results/torch.storage.np.histogramdd.results.json
torch.storage.np.histogramdd,valid_mutation,6,valid,sample,value_large_magnitude,True,differential_mismatch,DifferentialMismatch,success/exception mismatch between cpu and mps,stage4/results/torch-thesis-all-coverage/execution_results/torch.storage.np.histogramdd.results.json
torch.storage.np.histogramdd,valid_mutation,7,valid,sample,value_mask,True,differential_mismatch,DifferentialMismatch,success/exception mismatch between cpu and mps,stage4/results/torch-thesis-all-coverage/execution_results/torch.storage.np.histogramdd.results.json
torch.storage.np.histogramdd,valid_mutation,8,valid,sample,value_division,True,differential_mismatch,DifferentialMismatch,success/exception mismatch between cpu and mps,stage4/results/torch-thesis-all-coverage/execution_results/torch.storage.np.histogramdd.results.json
torch.storage.np.histogramdd,negative_mutation,9,negative,sample,shape_shrink,True,negative_accepted_not_bug,,,stage4/results/torch-thesis-all-coverage/execution_results/torch.storage.np.histogramdd.results.json
torch.storage.np.histogramdd,negative_mutation,10,negative,sample,dtype_mutate,True,negative_accepted_not_bug,,,stage4/results/torch-thesis-all-coverage/execution_results/torch.storage.np.histogramdd.results.json
torch.storage.np.hstack,base_valid,0,valid,,,True,differential_mismatch,DifferentialMismatch,success/exception mismatch between cpu and mps,stage4/results/torch-thesis-all-coverage/execution_results/torch.storage.np.hstack.results.json
torch.storage.np.hstack,valid_mutation,1,valid,tup,value_nan,True,differential_mismatch,DifferentialMismatch,success/exception mismatch between cpu and mps,stage4/results/torch-thesis-all-coverage/execution_results/torch.storage.np.hstack.results.json
torch.storage.np.hstack,valid_mutation,2,valid,tup,value_negzero,True,differential_mismatch,DifferentialMismatch,success/exception mismatch between cpu and mps,stage4/results/torch-thesis-all-coverage/execution_results/torch.storage.np.hstack.results.json
torch.storage.np.hstack,valid_mutation,3,valid,tup,value_division,True,differential_mismatch,DifferentialMismatch,success/exception mismatch between cpu and mps,stage4/results/torch-thesis-all-coverage/execution_results/torch.storage.np.hstack.results.json
torch.storage.np.hstack,valid_mutation,4,valid,tup,value_noise,True,differential_mismatch,DifferentialMismatch,success/exception mismatch between cpu and mps,stage4/results/torch-thesis-all-coverage/execution_results/torch.storage.np.hstack.results.json
torch.storage.np.hstack,valid_mutation,5,valid,tup,value_large_magnitude,True,differential_mismatch,DifferentialMismatch,success/exception mismatch between cpu and mps,stage4/results/torch-thesis-all-coverage/execution_results/torch.storage.np.hstack.results.json
torch.storage.np.hstack,valid_mutation,6,valid,tup,value_mask,True,differential_mismatch,DifferentialMismatch,success/exception mismatch between cpu and mps,stage4/results/torch-thesis-all-coverage/execution_results/torch.storage.np.hstack.results.json
torch.storage.np.hstack,valid_mutation,7,valid,tup,value_neginf,True,differential_mismatch,DifferentialMismatch,success/exception mismatch between cpu and mps,stage4/results/torch-thesis-all-coverage/execution_results/torch.storage.np.hstack.results.json
torch.storage.np.hstack,valid_mutation,8,valid,tup,value_posinf,True,differential_mismatch,DifferentialMismatch,success/exception mismatch between cpu and mps,stage4/results/torch-thesis-all-coverage/execution_results/torch.storage.np.hstack.results.json
torch.storage.np.hstack,negative_mutation,9,negative,tup,shape_shrink,True,negative_accepted_not_bug,,,stage4/results/torch-thesis-all-coverage/execution_results/torch.storage.np.hstack.results.json
torch.storage.np.hstack,negative_mutation,10,negative,tup,dtype_mutate,True,negative_accepted_not_bug,,,stage4/results/torch-thesis-all-coverage/execution_results/torch.storage.np.hstack.results.json
torch.storage.np.identity,base_valid,0,valid,,,True,success_valid,,,stage4/results/torch-thesis-all-coverage/execution_results/torch.storage.np.identity.results.json
torch.storage.np.identity,valid_mutation,1,valid,n,enum_switch,True,valid_mutation_success,,,stage4/results/torch-thesis-all-coverage/execution_results/torch.storage.np.identity.results.json
torch.storage.np.identity,negative_mutation,2,negative,n,enum_invalid,True,negative_accepted_not_bug,,,stage4/results/torch-thesis-all-coverage/execution_results/torch.storage.np.identity.results.json
torch.storage.np.iscomplex,base_valid,0,valid,,,True,differential_mismatch,DifferentialMismatch,success/exception mismatch between cpu and mps,stage4/results/torch-thesis-all-coverage/execution_results/torch.storage.np.iscomplex.results.json
torch.storage.np.iscomplex,valid_mutation,1,valid,x,value_division,True,differential_mismatch,DifferentialMismatch,success/exception mismatch between cpu and mps,stage4/results/torch-thesis-all-coverage/execution_results/torch.storage.np.iscomplex.results.json
torch.storage.np.iscomplex,valid_mutation,2,valid,x,value_negzero,True,differential_mismatch,DifferentialMismatch,success/exception mismatch between cpu and mps,stage4/results/torch-thesis-all-coverage/execution_results/torch.storage.np.iscomplex.results.json
torch.storage.np.iscomplex,valid_mutation,3,valid,x,value_noise,True,differential_mismatch,DifferentialMismatch,success/exception mismatch between cpu and mps,stage4/results/torch-thesis-all-coverage/execution_results/torch.storage.np.iscomplex.results.json
torch.storage.np.iscomplex,valid_mutation,4,valid,x,value_posinf,True,differential_mismatch,DifferentialMismatch,success/exception mismatch between cpu and mps,stage4/results/torch-thesis-all-coverage/execution_results/torch.storage.np.iscomplex.results.json
torch.storage.np.iscomplex,valid_mutation,5,valid,x,value_large_magnitude,True,differential_mismatch,DifferentialMismatch,success/exception mismatch between cpu and mps,stage4/results/torch-thesis-all-coverage/execution_results/torch.storage.np.iscomplex.results.json
torch.storage.np.iscomplex,valid_mutation,6,valid,x,value_neginf,True,differential_mismatch,DifferentialMismatch,success/exception mismatch between cpu and mps,stage4/results/torch-thesis-all-coverage/execution_results/torch.storage.np.iscomplex.results.json
torch.storage.np.iscomplex,valid_mutation,7,valid,x,value_nan,True,differential_mismatch,DifferentialMismatch,success/exception mismatch between cpu and mps,stage4/results/torch-thesis-all-coverage/execution_results/torch.storage.np.iscomplex.results.json
torch.storage.np.iscomplex,valid_mutation,8,valid,x,value_mask,True,differential_mismatch,DifferentialMismatch,success/exception mismatch between cpu and mps,stage4/results/torch-thesis-all-coverage/execution_results/torch.storage.np.iscomplex.results.json
torch.storage.np.iscomplex,negative_mutation,9,negative,x,shape_expand,True,negative_accepted_not_bug,,,stage4/results/torch-thesis-all-coverage/execution_results/torch.storage.np.iscomplex.results.json
torch.storage.np.iscomplex,negative_mutation,10,negative,x,dtype_mutate,True,negative_accepted_not_bug,,,stage4/results/torch-thesis-all-coverage/execution_results/torch.storage.np.iscomplex.results.json
torch.storage.np.iscomplexobj,base_valid,0,valid,,,True,success_valid,,,stage4/results/torch-thesis-all-coverage/execution_results/torch.storage.np.iscomplexobj.results.json
torch.storage.np.iscomplexobj,valid_mutation,1,valid,x,noop_clone,True,valid_mutation_success,,,stage4/results/torch-thesis-all-coverage/execution_results/torch.storage.np.iscomplexobj.results.json
torch.storage.np.iscomplexobj,negative_mutation,2,negative,x,type_switch,True,negative_accepted_not_bug,,,stage4/results/torch-thesis-all-coverage/execution_results/torch.storage.np.iscomplexobj.results.json
torch.storage.np.isin,base_valid,0,valid,,,True,success_valid,,,stage4/results/torch-thesis-all-coverage/execution_results/torch.storage.np.isin.results.json
torch.storage.np.isin,valid_mutation,1,valid,element,value_mask,True,valid_mutation_success,,,stage4/results/torch-thesis-all-coverage/execution_results/torch.storage.np.isin.results.json
torch.storage.np.isin,valid_mutation,2,valid,element,value_division,True,valid_mutation_success,,,stage4/results/torch-thesis-all-coverage/execution_results/torch.storage.np.isin.results.json
torch.storage.np.isin,valid_mutation,3,valid,element,value_noise,True,valid_mutation_success,,,stage4/results/torch-thesis-all-coverage/execution_results/torch.storage.np.isin.results.json
torch.storage.np.isin,negative_mutation,4,negative,element,shape_expand,True,negative_accepted_not_bug,,,stage4/results/torch-thesis-all-coverage/execution_results/torch.storage.np.isin.results.json
torch.storage.np.isin,negative_mutation,5,negative,element,dtype_mutate,True,negative_accepted_not_bug,,,stage4/results/torch-thesis-all-coverage/execution_results/torch.storage.np.isin.results.json
torch.storage.np.isin,valid_mutation,6,valid,test_elements,value_division,True,valid_mutation_success,,,stage4/results/torch-thesis-all-coverage/execution_results/torch.storage.np.isin.results.json
torch.storage.np.isin,valid_mutation,7,valid,test_elements,value_mask,True,valid_mutation_success,,,stage4/results/torch-thesis-all-coverage/execution_results/torch.storage.np.isin.results.json
torch.storage.np.isin,valid_mutation,8,valid,test_elements,value_noise,True,valid_mutation_success,,,stage4/results/torch-thesis-all-coverage/execution_results/torch.storage.np.isin.results.json
torch.storage.np.isin,negative_mutation,9,negative,test_elements,shape_shrink,True,negative_accepted_not_bug,,,stage4/results/torch-thesis-all-coverage/execution_results/torch.storage.np.isin.results.json
torch.storage.np.isin,negative_mutation,10,negative,test_elements,dtype_mutate,True,negative_accepted_not_bug,,,stage4/results/torch-thesis-all-coverage/execution_results/torch.storage.np.isin.results.json
torch.storage.np.isneginf,base_valid,0,valid,,,True,differential_mismatch,DifferentialMismatch,success/exception mismatch between cpu and mps,stage4/results/torch-thesis-all-coverage/execution_results/torch.storage.np.isneginf.results.json
torch.storage.np.isneginf,valid_mutation,1,valid,x,value_nan,True,differential_mismatch,DifferentialMismatch,success/exception mismatch between cpu and mps,stage4/results/torch-thesis-all-coverage/execution_results/torch.storage.np.isneginf.results.json
torch.storage.np.isneginf,valid_mutation,2,valid,x,value_mask,True,differential_mismatch,DifferentialMismatch,success/exception mismatch between cpu and mps,stage4/results/torch-thesis-all-coverage/execution_results/torch.storage.np.isneginf.results.json
torch.storage.np.isneginf,valid_mutation,3,valid,x,value_negzero,True,differential_mismatch,DifferentialMismatch,success/exception mismatch between cpu and mps,stage4/results/torch-thesis-all-coverage/execution_results/torch.storage.np.isneginf.results.json
torch.storage.np.isneginf,valid_mutation,4,valid,x,value_posinf,True,differential_mismatch,DifferentialMismatch,success/exception mismatch between cpu and mps,stage4/results/torch-thesis-all-coverage/execution_results/torch.storage.np.isneginf.results.json
torch.storage.np.isneginf,valid_mutation,5,valid,x,value_noise,True,differential_mismatch,DifferentialMismatch,success/exception mismatch between cpu and mps,stage4/results/torch-thesis-all-coverage/execution_results/torch.storage.np.isneginf.results.json
torch.storage.np.isneginf,valid_mutation,6,valid,x,value_neginf,True,differential_mismatch,DifferentialMismatch,success/exception mismatch between cpu and mps,stage4/results/torch-thesis-all-coverage/execution_results/torch.storage.np.isneginf.results.json
torch.storage.np.isneginf,valid_mutation,7,valid,x,value_division,True,differential_mismatch,DifferentialMismatch,success/exception mismatch between cpu and mps,stage4/results/torch-thesis-all-coverage/execution_results/torch.storage.np.isneginf.results.json
torch.storage.np.isneginf,valid_mutation,8,valid,x,value_large_magnitude,True,differential_mismatch,DifferentialMismatch,success/exception mismatch between cpu and mps,stage4/results/torch-thesis-all-coverage/execution_results/torch.storage.np.isneginf.results.json
torch.storage.np.isneginf,negative_mutation,9,negative,x,shape_shrink,True,negative_accepted_not_bug,,,stage4/results/torch-thesis-all-coverage/execution_results/torch.storage.np.isneginf.results.json
torch.storage.np.isneginf,negative_mutation,10,negative,x,dtype_mutate,True,negative_accepted_not_bug,,,stage4/results/torch-thesis-all-coverage/execution_results/torch.storage.np.isneginf.results.json
torch.storage.np.isposinf,base_valid,0,valid,,,True,differential_mismatch,DifferentialMismatch,success/exception mismatch between cpu and mps,stage4/results/torch-thesis-all-coverage/execution_results/torch.storage.np.isposinf.results.json
torch.storage.np.isposinf,valid_mutation,1,valid,x,value_negzero,True,differential_mismatch,DifferentialMismatch,success/exception mismatch between cpu and mps,stage4/results/torch-thesis-all-coverage/execution_results/torch.storage.np.isposinf.results.json
torch.storage.np.isposinf,valid_mutation,2,valid,x,value_large_magnitude,True,differential_mismatch,DifferentialMismatch,success/exception mismatch between cpu and mps,stage4/results/torch-thesis-all-coverage/execution_results/torch.storage.np.isposinf.results.json
torch.storage.np.isposinf,valid_mutation,3,valid,x,value_neginf,True,differential_mismatch,DifferentialMismatch,success/exception mismatch between cpu and mps,stage4/results/torch-thesis-all-coverage/execution_results/torch.storage.np.isposinf.results.json
torch.storage.np.isposinf,valid_mutation,4,valid,x,value_noise,True,differential_mismatch,DifferentialMismatch,success/exception mismatch between cpu and mps,stage4/results/torch-thesis-all-coverage/execution_results/torch.storage.np.isposinf.results.json
torch.storage.np.isposinf,valid_mutation,5,valid,x,value_posinf,True,differential_mismatch,DifferentialMismatch,success/exception mismatch between cpu and mps,stage4/results/torch-thesis-all-coverage/execution_results/torch.storage.np.isposinf.results.json
torch.storage.np.isposinf,valid_mutation,6,valid,x,value_nan,True,differential_mismatch,DifferentialMismatch,success/exception mismatch between cpu and mps,stage4/results/torch-thesis-all-coverage/execution_results/torch.storage.np.isposinf.results.json
torch.storage.np.isposinf,valid_mutation,7,valid,x,value_division,True,differential_mismatch,DifferentialMismatch,success/exception mismatch between cpu and mps,stage4/results/torch-thesis-all-coverage/execution_results/torch.storage.np.isposinf.results.json
torch.storage.np.isposinf,valid_mutation,8,valid,x,value_mask,True,differential_mismatch,DifferentialMismatch,success/exception mismatch between cpu and mps,stage4/results/torch-thesis-all-coverage/execution_results/torch.storage.np.isposinf.results.json
torch.storage.np.isposinf,negative_mutation,9,negative,x,shape_expand,True,negative_accepted_not_bug,,,stage4/results/torch-thesis-all-coverage/execution_results/torch.storage.np.isposinf.results.json
torch.storage.np.isposinf,negative_mutation,10,negative,x,dtype_mutate,True,negative_accepted_not_bug,,,stage4/results/torch-thesis-all-coverage/execution_results/torch.storage.np.isposinf.results.json
torch.storage.np.isrealobj,base_valid,0,valid,,,True,success_valid,,,stage4/results/torch-thesis-all-coverage/execution_results/torch.storage.np.isrealobj.results.json
torch.storage.np.isrealobj,valid_mutation,1,valid,x,noop_clone,True,valid_mutation_success,,,stage4/results/torch-thesis-all-coverage/execution_results/torch.storage.np.isrealobj.results.json
torch.storage.np.isrealobj,negative_mutation,2,negative,x,type_switch,True,negative_accepted_not_bug,,,stage4/results/torch-thesis-all-coverage/execution_results/torch.storage.np.isrealobj.results.json
torch.storage.np.isscalar,base_valid,0,valid,,,True,success_valid,,,stage4/results/torch-thesis-all-coverage/execution_results/torch.storage.np.isscalar.results.json
torch.storage.np.isscalar,valid_mutation,1,valid,element,noop_clone,True,valid_mutation_success,,,stage4/results/torch-thesis-all-coverage/execution_results/torch.storage.np.isscalar.results.json
torch.storage.np.isscalar,negative_mutation,2,negative,element,type_switch,True,negative_accepted_not_bug,,,stage4/results/torch-thesis-all-coverage/execution_results/torch.storage.np.isscalar.results.json
torch.storage.np.lib.introspect.opt_func_info,base_valid,0,valid,,,True,success_valid,,,stage4/results/torch-thesis-all-coverage/execution_results/torch.storage.np.lib.introspect.opt_func_info.results.json
torch.storage.np.lib.stride_tricks.as_strided,base_valid,0,valid,,,True,differential_mismatch,DifferentialMismatch,success/exception mismatch between cpu and mps,stage4/results/torch-thesis-all-coverage/execution_results/torch.storage.np.lib.stride_tricks.as_strided.results.json
torch.storage.np.lib.stride_tricks.as_strided,valid_mutation,1,valid,x,value_noise,True,differential_mismatch,DifferentialMismatch,success/exception mismatch between cpu and mps,stage4/results/torch-thesis-all-coverage/execution_results/torch.storage.np.lib.stride_tricks.as_strided.results.json
torch.storage.np.lib.stride_tricks.as_strided,valid_mutation,2,valid,x,value_posinf,True,differential_mismatch,DifferentialMismatch,success/exception mismatch between cpu and mps,stage4/results/torch-thesis-all-coverage/execution_results/torch.storage.np.lib.stride_tricks.as_strided.results.json
torch.storage.np.lib.stride_tricks.as_strided,valid_mutation,3,valid,x,value_mask,True,differential_mismatch,DifferentialMismatch,success/exception mismatch between cpu and mps,stage4/results/torch-thesis-all-coverage/execution_results/torch.storage.np.lib.stride_tricks.as_strided.results.json
torch.storage.np.lib.stride_tricks.as_strided,valid_mutation,4,valid,x,value_neginf,True,differential_mismatch,DifferentialMismatch,success/exception mismatch between cpu and mps,stage4/results/torch-thesis-all-coverage/execution_results/torch.storage.np.lib.stride_tricks.as_strided.results.json
torch.storage.np.lib.stride_tricks.as_strided,valid_mutation,5,valid,x,value_negzero,True,differential_mismatch,DifferentialMismatch,success/exception mismatch between cpu and mps,stage4/results/torch-thesis-all-coverage/execution_results/torch.storage.np.lib.stride_tricks.as_strided.results.json
torch.storage.np.lib.stride_tricks.as_strided,valid_mutation,6,valid,x,value_division,True,differential_mismatch,DifferentialMismatch,success/exception mismatch between cpu and mps,stage4/results/torch-thesis-all-coverage/execution_results/torch.storage.np.lib.stride_tricks.as_strided.results.json
torch.storage.np.lib.stride_tricks.as_strided,valid_mutation,7,valid,x,value_large_magnitude,True,differential_mismatch,DifferentialMismatch,success/exception mismatch between cpu and mps,stage4/results/torch-thesis-all-coverage/execution_results/torch.storage.np.lib.stride_tricks.as_strided.results.json
torch.storage.np.lib.stride_tricks.as_strided,valid_mutation,8,valid,x,value_nan,True,differential_mismatch,DifferentialMismatch,success/exception mismatch between cpu and mps,stage4/results/torch-thesis-all-coverage/execution_results/torch.storage.np.lib.stride_tricks.as_strided.results.json
torch.storage.np.lib.stride_tricks.as_strided,negative_mutation,9,negative,x,shape_shrink,True,negative_accepted_not_bug,,,stage4/results/torch-thesis-all-coverage/execution_results/torch.storage.np.lib.stride_tricks.as_strided.results.json
torch.storage.np.lib.stride_tricks.as_strided,negative_mutation,10,negative,x,dtype_mutate,True,negative_accepted_not_bug,,,stage4/results/torch-thesis-all-coverage/execution_results/torch.storage.np.lib.stride_tricks.as_strided.results.json
torch.storage.np.linalg.eig,base_valid,0,valid,,,True,differential_mismatch,DifferentialMismatch,success/exception mismatch between cpu and mps,stage4/results/torch-thesis-all-coverage/execution_results/torch.storage.np.linalg.eig.results.json
torch.storage.np.linalg.eig,valid_mutation,1,valid,a,value_mask,True,differential_mismatch,DifferentialMismatch,success/exception mismatch between cpu and mps,stage4/results/torch-thesis-all-coverage/execution_results/torch.storage.np.linalg.eig.results.json
torch.storage.np.linalg.eig,valid_mutation,2,valid,a,value_posinf,False,valid_mutation_failure,LinAlgError,Array must not contain infs or NaNs,stage4/results/torch-thesis-all-coverage/execution_results/torch.storage.np.linalg.eig.results.json
torch.storage.np.linalg.eig,valid_mutation,3,valid,a,value_nan,False,valid_mutation_failure,LinAlgError,Array must not contain infs or NaNs,stage4/results/torch-thesis-all-coverage/execution_results/torch.storage.np.linalg.eig.results.json
torch.storage.np.linalg.eig,valid_mutation,4,valid,a,value_negzero,True,differential_mismatch,DifferentialMismatch,success/exception mismatch between cpu and mps,stage4/results/torch-thesis-all-coverage/execution_results/torch.storage.np.linalg.eig.results.json
torch.storage.np.linalg.eig,valid_mutation,5,valid,a,value_large_magnitude,True,differential_mismatch,DifferentialMismatch,success/exception mismatch between cpu and mps,stage4/results/torch-thesis-all-coverage/execution_results/torch.storage.np.linalg.eig.results.json
torch.storage.np.linalg.eig,valid_mutation,6,valid,a,value_noise,True,differential_mismatch,DifferentialMismatch,success/exception mismatch between cpu and mps,stage4/results/torch-thesis-all-coverage/execution_results/torch.storage.np.linalg.eig.results.json
torch.storage.np.linalg.eig,valid_mutation,7,valid,a,value_neginf,False,valid_mutation_failure,LinAlgError,Array must not contain infs or NaNs,stage4/results/torch-thesis-all-coverage/execution_results/torch.storage.np.linalg.eig.results.json
torch.storage.np.linalg.eig,valid_mutation,8,valid,a,value_division,True,differential_mismatch,DifferentialMismatch,success/exception mismatch between cpu and mps,stage4/results/torch-thesis-all-coverage/execution_results/torch.storage.np.linalg.eig.results.json
torch.storage.np.linalg.eig,negative_mutation,9,negative,a,shape_expand,False,expected_negative_rejection,LinAlgError,Last 2 dimensions of the array must be square,stage4/results/torch-thesis-all-coverage/execution_results/torch.storage.np.linalg.eig.results.json
torch.storage.np.linalg.eig,negative_mutation,10,negative,a,dtype_mutate,True,negative_accepted_not_bug,,,stage4/results/torch-thesis-all-coverage/execution_results/torch.storage.np.linalg.eig.results.json
torch.storage.np.linalg.norm,base_valid,0,valid,,,True,differential_mismatch,DifferentialMismatch,success/exception mismatch between cpu and mps,stage4/results/torch-thesis-all-coverage/execution_results/torch.storage.np.linalg.norm.results.json
torch.storage.np.linalg.norm,valid_mutation,1,valid,x,value_nan,True,differential_mismatch,DifferentialMismatch,success/exception mismatch between cpu and mps,stage4/results/torch-thesis-all-coverage/execution_results/torch.storage.np.linalg.norm.results.json
torch.storage.np.linalg.norm,valid_mutation,2,valid,x,value_neginf,True,differential_mismatch,DifferentialMismatch,success/exception mismatch between cpu and mps,stage4/results/torch-thesis-all-coverage/execution_results/torch.storage.np.linalg.norm.results.json
torch.storage.np.linalg.norm,valid_mutation,3,valid,x,value_negzero,True,differential_mismatch,DifferentialMismatch,success/exception mismatch between cpu and mps,stage4/results/torch-thesis-all-coverage/execution_results/torch.storage.np.linalg.norm.results.json
torch.storage.np.linalg.norm,valid_mutation,4,valid,x,value_posinf,True,differential_mismatch,DifferentialMismatch,success/exception mismatch between cpu and mps,stage4/results/torch-thesis-all-coverage/execution_results/torch.storage.np.linalg.norm.results.json
torch.storage.np.linalg.norm,valid_mutation,5,valid,x,enum_switch,True,differential_mismatch,DifferentialMismatch,success/exception mismatch between cpu and mps,stage4/results/torch-thesis-all-coverage/execution_results/torch.storage.np.linalg.norm.results.json
torch.storage.np.linalg.norm,valid_mutation,6,valid,x,value_large_magnitude,True,differential_mismatch,DifferentialMismatch,success/exception mismatch between cpu and mps,stage4/results/torch-thesis-all-coverage/execution_results/torch.storage.np.linalg.norm.results.json
torch.storage.np.linalg.norm,negative_mutation,7,negative,x,enum_invalid,True,negative_accepted_not_bug,,,stage4/results/torch-thesis-all-coverage/execution_results/torch.storage.np.linalg.norm.results.json
torch.storage.np.logspace,base_valid,0,valid,,,True,success_valid,,,stage4/results/torch-thesis-all-coverage/execution_results/torch.storage.np.logspace.results.json
torch.storage.np.logspace,valid_mutation,1,valid,start,element_delta,True,valid_mutation_success,,,stage4/results/torch-thesis-all-coverage/execution_results/torch.storage.np.logspace.results.json
torch.storage.np.logspace,valid_mutation,2,valid,start,structure_grow,True,valid_mutation_success,,,stage4/results/torch-thesis-all-coverage/execution_results/torch.storage.np.logspace.results.json
torch.storage.np.logspace,negative_mutation,3,negative,start,structure_shrink,True,negative_accepted_not_bug,,,stage4/results/torch-thesis-all-coverage/execution_results/torch.storage.np.logspace.results.json
torch.storage.np.logspace,valid_mutation,4,valid,stop,enum_switch,True,valid_mutation_success,,,stage4/results/torch-thesis-all-coverage/execution_results/torch.storage.np.logspace.results.json
torch.storage.np.logspace,negative_mutation,5,negative,stop,enum_invalid,True,negative_accepted_not_bug,,,stage4/results/torch-thesis-all-coverage/execution_results/torch.storage.np.logspace.results.json
torch.storage.np.ma.asarray,base_valid,0,valid,,,True,differential_mismatch,DifferentialMismatch,success/exception mismatch between cpu and mps,stage4/results/torch-thesis-all-coverage/execution_results/torch.storage.np.ma.asarray.results.json
torch.storage.np.ma.asarray,valid_mutation,1,valid,a,value_mask,True,differential_mismatch,DifferentialMismatch,success/exception mismatch between cpu and mps,stage4/results/torch-thesis-all-coverage/execution_results/torch.storage.np.ma.asarray.results.json
torch.storage.np.ma.asarray,valid_mutation,2,valid,a,value_noise,True,differential_mismatch,DifferentialMismatch,success/exception mismatch between cpu and mps,stage4/results/torch-thesis-all-coverage/execution_results/torch.storage.np.ma.asarray.results.json
torch.storage.np.ma.asarray,valid_mutation,3,valid,a,value_large_magnitude,True,differential_mismatch,DifferentialMismatch,success/exception mismatch between cpu and mps,stage4/results/torch-thesis-all-coverage/execution_results/torch.storage.np.ma.asarray.results.json
torch.storage.np.ma.asarray,valid_mutation,4,valid,a,value_neginf,True,differential_mismatch,DifferentialMismatch,success/exception mismatch between cpu and mps,stage4/results/torch-thesis-all-coverage/execution_results/torch.storage.np.ma.asarray.results.json
torch.storage.np.ma.asarray,valid_mutation,5,valid,a,value_nan,True,differential_mismatch,DifferentialMismatch,success/exception mismatch between cpu and mps,stage4/results/torch-thesis-all-coverage/execution_results/torch.storage.np.ma.asarray.results.json
torch.storage.np.ma.asarray,valid_mutation,6,valid,a,value_posinf,True,differential_mismatch,DifferentialMismatch,success/exception mismatch between cpu and mps,stage4/results/torch-thesis-all-coverage/execution_results/torch.storage.np.ma.asarray.results.json
torch.storage.np.ma.asarray,valid_mutation,7,valid,a,value_negzero,True,differential_mismatch,DifferentialMismatch,success/exception mismatch between cpu and mps,stage4/results/torch-thesis-all-coverage/execution_results/torch.storage.np.ma.asarray.results.json
torch.storage.np.ma.asarray,valid_mutation,8,valid,a,value_division,True,differential_mismatch,DifferentialMismatch,success/exception mismatch between cpu and mps,stage4/results/torch-thesis-all-coverage/execution_results/torch.storage.np.ma.asarray.results.json
torch.storage.np.ma.asarray,negative_mutation,9,negative,a,shape_shrink,True,negative_accepted_not_bug,,,stage4/results/torch-thesis-all-coverage/execution_results/torch.storage.np.ma.asarray.results.json
torch.storage.np.ma.asarray,negative_mutation,10,negative,a,dtype_mutate,True,negative_accepted_not_bug,,,stage4/results/torch-thesis-all-coverage/execution_results/torch.storage.np.ma.asarray.results.json
torch.storage.np.ma.clump_masked,base_valid,0,valid,,,True,success_valid,,,stage4/results/torch-thesis-all-coverage/execution_results/torch.storage.np.ma.clump_masked.results.json
torch.storage.np.ma.clump_masked,valid_mutation,1,valid,a,value_mask,True,valid_mutation_success,,,stage4/results/torch-thesis-all-coverage/execution_results/torch.storage.np.ma.clump_masked.results.json
torch.storage.np.ma.clump_masked,valid_mutation,2,valid,a,value_division,True,valid_mutation_success,,,stage4/results/torch-thesis-all-coverage/execution_results/torch.storage.np.ma.clump_masked.results.json
torch.storage.np.ma.clump_masked,valid_mutation,3,valid,a,value_neginf,True,valid_mutation_success,,,stage4/results/torch-thesis-all-coverage/execution_results/torch.storage.np.ma.clump_masked.results.json
torch.storage.np.ma.clump_masked,valid_mutation,4,valid,a,value_large_magnitude,True,valid_mutation_success,,,stage4/results/torch-thesis-all-coverage/execution_results/torch.storage.np.ma.clump_masked.results.json
torch.storage.np.ma.clump_masked,valid_mutation,5,valid,a,value_posinf,True,valid_mutation_success,,,stage4/results/torch-thesis-all-coverage/execution_results/torch.storage.np.ma.clump_masked.results.json
torch.storage.np.ma.clump_masked,valid_mutation,6,valid,a,value_negzero,True,valid_mutation_success,,,stage4/results/torch-thesis-all-coverage/execution_results/torch.storage.np.ma.clump_masked.results.json
torch.storage.np.ma.clump_masked,valid_mutation,7,valid,a,value_noise,True,valid_mutation_success,,,stage4/results/torch-thesis-all-coverage/execution_results/torch.storage.np.ma.clump_masked.results.json
torch.storage.np.ma.clump_masked,valid_mutation,8,valid,a,value_nan,True,valid_mutation_success,,,stage4/results/torch-thesis-all-coverage/execution_results/torch.storage.np.ma.clump_masked.results.json
torch.storage.np.ma.clump_masked,negative_mutation,9,negative,a,shape_expand,True,negative_accepted_not_bug,,,stage4/results/torch-thesis-all-coverage/execution_results/torch.storage.np.ma.clump_masked.results.json
torch.storage.np.ma.clump_masked,negative_mutation,10,negative,a,dtype_mutate,True,negative_accepted_not_bug,,,stage4/results/torch-thesis-all-coverage/execution_results/torch.storage.np.ma.clump_masked.results.json
torch.storage.np.ma.clump_unmasked,base_valid,0,valid,,,True,differential_mismatch,DifferentialMismatch,"[0] values differ: slice(0, <built-in method size of Tensor object at 0x11e7f2cb0>, None) != slice(0, <built-in method size of Tensor object at 0x11e7f37f0>, None)",stage4/results/torch-thesis-all-coverage/execution_results/torch.storage.np.ma.clump_unmasked.results.json
torch.storage.np.ma.clump_unmasked,valid_mutation,1,valid,a,value_neginf,True,differential_mismatch,DifferentialMismatch,"[0] values differ: slice(0, <built-in method size of Tensor object at 0x12d1f7610>, None) != slice(0, <built-in method size of Tensor object at 0x12d1f7840>, None)",stage4/results/torch-thesis-all-coverage/execution_results/torch.storage.np.ma.clump_unmasked.results.json
torch.storage.np.ma.clump_unmasked,valid_mutation,2,valid,a,value_mask,True,differential_mismatch,DifferentialMismatch,"[0] values differ: slice(0, <built-in method size of Tensor object at 0x12b24b520>, None) != slice(0, <built-in method size of Tensor object at 0x12b24b750>, None)",stage4/results/torch-thesis-all-coverage/execution_results/torch.storage.np.ma.clump_unmasked.results.json
torch.storage.np.ma.clump_unmasked,valid_mutation,3,valid,a,value_division,True,differential_mismatch,DifferentialMismatch,"[0] values differ: slice(0, <built-in method size of Tensor object at 0x122e9b430>, None) != slice(0, <built-in method size of Tensor object at 0x122e9b660>, None)",stage4/results/torch-thesis-all-coverage/execution_results/torch.storage.np.ma.clump_unmasked.results.json
torch.storage.np.ma.clump_unmasked,valid_mutation,4,valid,a,value_nan,True,differential_mismatch,DifferentialMismatch,"[0] values differ: slice(0, <built-in method size of Tensor object at 0x12c0ef610>, None) != slice(0, <built-in method size of Tensor object at 0x12c0ef840>, None)",stage4/results/torch-thesis-all-coverage/execution_results/torch.storage.np.ma.clump_unmasked.results.json
torch.storage.np.ma.clump_unmasked,valid_mutation,5,valid,a,value_noise,True,differential_mismatch,DifferentialMismatch,"[0] values differ: slice(0, <built-in method size of Tensor object at 0x12f5434d0>, None) != slice(0, <built-in method size of Tensor object at 0x12f543700>, None)",stage4/results/torch-thesis-all-coverage/execution_results/torch.storage.np.ma.clump_unmasked.results.json
torch.storage.np.ma.clump_unmasked,valid_mutation,6,valid,a,value_posinf,True,differential_mismatch,DifferentialMismatch,"[0] values differ: slice(0, <built-in method size of Tensor object at 0x12b72b5c0>, None) != slice(0, <built-in method size of Tensor object at 0x12b72b7f0>, None)",stage4/results/torch-thesis-all-coverage/execution_results/torch.storage.np.ma.clump_unmasked.results.json
torch.storage.np.ma.clump_unmasked,valid_mutation,7,valid,a,value_large_magnitude,True,differential_mismatch,DifferentialMismatch,"[0] values differ: slice(0, <built-in method size of Tensor object at 0x12c14f610>, None) != slice(0, <built-in method size of Tensor object at 0x12c14f8e0>, None)",stage4/results/torch-thesis-all-coverage/execution_results/torch.storage.np.ma.clump_unmasked.results.json
torch.storage.np.ma.clump_unmasked,valid_mutation,8,valid,a,value_negzero,True,differential_mismatch,DifferentialMismatch,"[0] values differ: slice(0, <built-in method size of Tensor object at 0x12b66b6b0>, None) != slice(0, <built-in method size of Tensor object at 0x12b66b8e0>, None)",stage4/results/torch-thesis-all-coverage/execution_results/torch.storage.np.ma.clump_unmasked.results.json
torch.storage.np.ma.clump_unmasked,negative_mutation,9,negative,a,shape_shrink,True,negative_accepted_not_bug,,,stage4/results/torch-thesis-all-coverage/execution_results/torch.storage.np.ma.clump_unmasked.results.json
torch.storage.np.ma.clump_unmasked,negative_mutation,10,negative,a,dtype_mutate,True,negative_accepted_not_bug,,,stage4/results/torch-thesis-all-coverage/execution_results/torch.storage.np.ma.clump_unmasked.results.json
torch.storage.np.ma.compress_nd,base_valid,0,valid,,,True,differential_mismatch,DifferentialMismatch,success/exception mismatch between cpu and mps,stage4/results/torch-thesis-all-coverage/execution_results/torch.storage.np.ma.compress_nd.results.json
torch.storage.np.ma.compress_nd,valid_mutation,1,valid,x,value_large_magnitude,True,differential_mismatch,DifferentialMismatch,success/exception mismatch between cpu and mps,stage4/results/torch-thesis-all-coverage/execution_results/torch.storage.np.ma.compress_nd.results.json
torch.storage.np.ma.compress_nd,valid_mutation,2,valid,x,enum_switch,True,differential_mismatch,DifferentialMismatch,success/exception mismatch between cpu and mps,stage4/results/torch-thesis-all-coverage/execution_results/torch.storage.np.ma.compress_nd.results.json
torch.storage.np.ma.compress_nd,valid_mutation,3,valid,x,value_negzero,True,differential_mismatch,DifferentialMismatch,success/exception mismatch between cpu and mps,stage4/results/torch-thesis-all-coverage/execution_results/torch.storage.np.ma.compress_nd.results.json
torch.storage.np.ma.compress_nd,valid_mutation,4,valid,x,value_posinf,True,differential_mismatch,DifferentialMismatch,success/exception mismatch between cpu and mps,stage4/results/torch-thesis-all-coverage/execution_results/torch.storage.np.ma.compress_nd.results.json
torch.storage.np.ma.compress_nd,valid_mutation,5,valid,x,value_neginf,True,differential_mismatch,DifferentialMismatch,success/exception mismatch between cpu and mps,stage4/results/torch-thesis-all-coverage/execution_results/torch.storage.np.ma.compress_nd.results.json
torch.storage.np.ma.compress_nd,valid_mutation,6,valid,x,value_nan,True,differential_mismatch,DifferentialMismatch,success/exception mismatch between cpu and mps,stage4/results/torch-thesis-all-coverage/execution_results/torch.storage.np.ma.compress_nd.results.json
torch.storage.np.ma.compress_nd,negative_mutation,7,negative,x,enum_invalid,True,negative_accepted_not_bug,,,stage4/results/torch-thesis-all-coverage/execution_results/torch.storage.np.ma.compress_nd.results.json
torch.storage.np.ma.compress_rowcols,base_valid,0,valid,,,True,differential_mismatch,DifferentialMismatch,success/exception mismatch between cpu and mps,stage4/results/torch-thesis-all-coverage/execution_results/torch.storage.np.ma.compress_rowcols.results.json
torch.storage.np.ma.compress_rowcols,valid_mutation,1,valid,x,value_nan,True,differential_mismatch,DifferentialMismatch,success/exception mismatch between cpu and mps,stage4/results/torch-thesis-all-coverage/execution_results/torch.storage.np.ma.compress_rowcols.results.json
torch.storage.np.ma.compress_rowcols,valid_mutation,2,valid,x,value_posinf,True,differential_mismatch,DifferentialMismatch,success/exception mismatch between cpu and mps,stage4/results/torch-thesis-all-coverage/execution_results/torch.storage.np.ma.compress_rowcols.results.json
torch.storage.np.ma.compress_rowcols,valid_mutation,3,valid,x,value_large_magnitude,True,differential_mismatch,DifferentialMismatch,success/exception mismatch between cpu and mps,stage4/results/torch-thesis-all-coverage/execution_results/torch.storage.np.ma.compress_rowcols.results.json
torch.storage.np.ma.compress_rowcols,valid_mutation,4,valid,x,value_negzero,True,differential_mismatch,DifferentialMismatch,success/exception mismatch between cpu and mps,stage4/results/torch-thesis-all-coverage/execution_results/torch.storage.np.ma.compress_rowcols.results.json
torch.storage.np.ma.compress_rowcols,valid_mutation,5,valid,x,enum_switch,True,differential_mismatch,DifferentialMismatch,success/exception mismatch between cpu and mps,stage4/results/torch-thesis-all-coverage/execution_results/torch.storage.np.ma.compress_rowcols.results.json
torch.storage.np.ma.compress_rowcols,valid_mutation,6,valid,x,value_neginf,True,differential_mismatch,DifferentialMismatch,success/exception mismatch between cpu and mps,stage4/results/torch-thesis-all-coverage/execution_results/torch.storage.np.ma.compress_rowcols.results.json
torch.storage.np.ma.compress_rowcols,negative_mutation,7,negative,x,enum_invalid,True,negative_accepted_not_bug,,,stage4/results/torch-thesis-all-coverage/execution_results/torch.storage.np.ma.compress_rowcols.results.json
torch.storage.np.ma.core.asarray,base_valid,0,valid,,,True,differential_mismatch,DifferentialMismatch,success/exception mismatch between cpu and mps,stage4/results/torch-thesis-all-coverage/execution_results/torch.storage.np.ma.core.asarray.results.json
torch.storage.np.ma.core.asarray,valid_mutation,1,valid,a,value_posinf,True,differential_mismatch,DifferentialMismatch,success/exception mismatch between cpu and mps,stage4/results/torch-thesis-all-coverage/execution_results/torch.storage.np.ma.core.asarray.results.json
torch.storage.np.ma.core.asarray,valid_mutation,2,valid,a,value_neginf,True,differential_mismatch,DifferentialMismatch,success/exception mismatch between cpu and mps,stage4/results/torch-thesis-all-coverage/execution_results/torch.storage.np.ma.core.asarray.results.json
torch.storage.np.ma.core.asarray,valid_mutation,3,valid,a,value_division,True,differential_mismatch,DifferentialMismatch,success/exception mismatch between cpu and mps,stage4/results/torch-thesis-all-coverage/execution_results/torch.storage.np.ma.core.asarray.results.json
torch.storage.np.ma.core.asarray,valid_mutation,4,valid,a,value_mask,True,differential_mismatch,DifferentialMismatch,success/exception mismatch between cpu and mps,stage4/results/torch-thesis-all-coverage/execution_results/torch.storage.np.ma.core.asarray.results.json
torch.storage.np.ma.core.asarray,valid_mutation,5,valid,a,value_noise,True,differential_mismatch,DifferentialMismatch,success/exception mismatch between cpu and mps,stage4/results/torch-thesis-all-coverage/execution_results/torch.storage.np.ma.core.asarray.results.json
torch.storage.np.ma.core.asarray,valid_mutation,6,valid,a,value_large_magnitude,True,differential_mismatch,DifferentialMismatch,success/exception mismatch between cpu and mps,stage4/results/torch-thesis-all-coverage/execution_results/torch.storage.np.ma.core.asarray.results.json
torch.storage.np.ma.core.asarray,valid_mutation,7,valid,a,value_nan,True,differential_mismatch,DifferentialMismatch,success/exception mismatch between cpu and mps,stage4/results/torch-thesis-all-coverage/execution_results/torch.storage.np.ma.core.asarray.results.json
torch.storage.np.ma.core.asarray,valid_mutation,8,valid,a,value_negzero,True,differential_mismatch,DifferentialMismatch,success/exception mismatch between cpu and mps,stage4/results/torch-thesis-all-coverage/execution_results/torch.storage.np.ma.core.asarray.results.json
torch.storage.np.ma.core.asarray,negative_mutation,9,negative,a,shape_shrink,True,negative_accepted_not_bug,,,stage4/results/torch-thesis-all-coverage/execution_results/torch.storage.np.ma.core.asarray.results.json
torch.storage.np.ma.core.asarray,negative_mutation,10,negative,a,dtype_mutate,True,negative_accepted_not_bug,,,stage4/results/torch-thesis-all-coverage/execution_results/torch.storage.np.ma.core.asarray.results.json
torch.storage.np.ma.core.default_fill_value,base_valid,0,valid,,,True,success_valid,,,stage4/results/torch-thesis-all-coverage/execution_results/torch.storage.np.ma.core.default_fill_value.results.json
torch.storage.np.ma.core.empty,base_valid,0,valid,,,True,success_valid,,,stage4/results/torch-thesis-all-coverage/execution_results/torch.storage.np.ma.core.empty.results.json
torch.storage.np.ma.core.empty,valid_mutation,1,valid,shape,element_delta,True,valid_mutation_success,,,stage4/results/torch-thesis-all-coverage/execution_results/torch.storage.np.ma.core.empty.results.json
torch.storage.np.ma.core.empty,valid_mutation,2,valid,shape,structure_grow,True,valid_mutation_success,,,stage4/results/torch-thesis-all-coverage/execution_results/torch.storage.np.ma.core.empty.results.json
torch.storage.np.ma.core.empty,negative_mutation,3,negative,shape,structure_shrink,True,negative_accepted_not_bug,,,stage4/results/torch-thesis-all-coverage/execution_results/torch.storage.np.ma.core.empty.results.json
torch.storage.np.ma.core.empty_like,base_valid,0,valid,,,True,differential_mismatch,DifferentialMismatch,success/exception mismatch between cpu and mps,stage4/results/torch-thesis-all-coverage/execution_results/torch.storage.np.ma.core.empty_like.results.json
torch.storage.np.ma.core.empty_like,valid_mutation,1,valid,prototype,value_nan,True,differential_mismatch,DifferentialMismatch,success/exception mismatch between cpu and mps,stage4/results/torch-thesis-all-coverage/execution_results/torch.storage.np.ma.core.empty_like.results.json
torch.storage.np.ma.core.empty_like,valid_mutation,2,valid,prototype,value_negzero,True,differential_mismatch,DifferentialMismatch,success/exception mismatch between cpu and mps,stage4/results/torch-thesis-all-coverage/execution_results/torch.storage.np.ma.core.empty_like.results.json
torch.storage.np.ma.core.empty_like,valid_mutation,3,valid,prototype,value_mask,True,differential_mismatch,DifferentialMismatch,success/exception mismatch between cpu and mps,stage4/results/torch-thesis-all-coverage/execution_results/torch.storage.np.ma.core.empty_like.results.json
torch.storage.np.ma.core.empty_like,valid_mutation,4,valid,prototype,value_large_magnitude,True,differential_mismatch,DifferentialMismatch,success/exception mismatch between cpu and mps,stage4/results/torch-thesis-all-coverage/execution_results/torch.storage.np.ma.core.empty_like.results.json
torch.storage.np.ma.core.empty_like,valid_mutation,5,valid,prototype,value_neginf,True,differential_mismatch,DifferentialMismatch,success/exception mismatch between cpu and mps,stage4/results/torch-thesis-all-coverage/execution_results/torch.storage.np.ma.core.empty_like.results.json
torch.storage.np.ma.core.empty_like,valid_mutation,6,valid,prototype,value_noise,True,differential_mismatch,DifferentialMismatch,success/exception mismatch between cpu and mps,stage4/results/torch-thesis-all-coverage/execution_results/torch.storage.np.ma.core.empty_like.results.json
torch.storage.np.ma.core.empty_like,valid_mutation,7,valid,prototype,value_division,True,differential_mismatch,DifferentialMismatch,success/exception mismatch between cpu and mps,stage4/results/torch-thesis-all-coverage/execution_results/torch.storage.np.ma.core.empty_like.results.json
torch.storage.np.ma.core.empty_like,valid_mutation,8,valid,prototype,value_posinf,True,differential_mismatch,DifferentialMismatch,success/exception mismatch between cpu and mps,stage4/results/torch-thesis-all-coverage/execution_results/torch.storage.np.ma.core.empty_like.results.json
torch.storage.np.ma.core.empty_like,negative_mutation,9,negative,prototype,shape_shrink,True,negative_accepted_not_bug,,,stage4/results/torch-thesis-all-coverage/execution_results/torch.storage.np.ma.core.empty_like.results.json
torch.storage.np.ma.core.empty_like,negative_mutation,10,negative,prototype,dtype_mutate,True,negative_accepted_not_bug,,,stage4/results/torch-thesis-all-coverage/execution_results/torch.storage.np.ma.core.empty_like.results.json
torch.storage.np.ma.core.expand_dims,base_valid,0,valid,,,True,differential_mismatch,DifferentialMismatch,success/exception mismatch between cpu and mps,stage4/results/torch-thesis-all-coverage/execution_results/torch.storage.np.ma.core.expand_dims.results.json
torch.storage.np.ma.core.expand_dims,valid_mutation,1,valid,a,value_posinf,True,differential_mismatch,DifferentialMismatch,success/exception mismatch between cpu and mps,stage4/results/torch-thesis-all-coverage/execution_results/torch.storage.np.ma.core.expand_dims.results.json
torch.storage.np.ma.core.expand_dims,valid_mutation,2,valid,a,value_mask,True,differential_mismatch,DifferentialMismatch,success/exception mismatch between cpu and mps,stage4/results/torch-thesis-all-coverage/execution_results/torch.storage.np.ma.core.expand_dims.results.json
torch.storage.np.ma.core.expand_dims,valid_mutation,3,valid,a,value_nan,True,differential_mismatch,DifferentialMismatch,success/exception mismatch between cpu and mps,stage4/results/torch-thesis-all-coverage/execution_results/torch.storage.np.ma.core.expand_dims.results.json
torch.storage.np.ma.core.expand_dims,valid_mutation,4,valid,a,value_neginf,True,differential_mismatch,DifferentialMismatch,success/exception mismatch between cpu and mps,stage4/results/torch-thesis-all-coverage/execution_results/torch.storage.np.ma.core.expand_dims.results.json
torch.storage.np.ma.core.expand_dims,valid_mutation,5,valid,a,value_large_magnitude,True,differential_mismatch,DifferentialMismatch,success/exception mismatch between cpu and mps,stage4/results/torch-thesis-all-coverage/execution_results/torch.storage.np.ma.core.expand_dims.results.json
torch.storage.np.ma.core.expand_dims,valid_mutation,6,valid,a,value_noise,True,differential_mismatch,DifferentialMismatch,success/exception mismatch between cpu and mps,stage4/results/torch-thesis-all-coverage/execution_results/torch.storage.np.ma.core.expand_dims.results.json
torch.storage.np.ma.core.expand_dims,valid_mutation,7,valid,a,value_negzero,True,differential_mismatch,DifferentialMismatch,success/exception mismatch between cpu and mps,stage4/results/torch-thesis-all-coverage/execution_results/torch.storage.np.ma.core.expand_dims.results.json
torch.storage.np.ma.core.expand_dims,valid_mutation,8,valid,a,value_division,True,differential_mismatch,DifferentialMismatch,success/exception mismatch between cpu and mps,stage4/results/torch-thesis-all-coverage/execution_results/torch.storage.np.ma.core.expand_dims.results.json
torch.storage.np.ma.core.expand_dims,negative_mutation,9,negative,a,shape_shrink,True,negative_accepted_not_bug,,,stage4/results/torch-thesis-all-coverage/execution_results/torch.storage.np.ma.core.expand_dims.results.json
torch.storage.np.ma.core.expand_dims,negative_mutation,10,negative,a,dtype_mutate,True,negative_accepted_not_bug,,,stage4/results/torch-thesis-all-coverage/execution_results/torch.storage.np.ma.core.expand_dims.results.json
torch.storage.np.ma.core.fix_invalid,base_valid,0,valid,,,True,differential_mismatch,DifferentialMismatch,success/exception mismatch between cpu and mps,stage4/results/torch-thesis-all-coverage/execution_results/torch.storage.np.ma.core.fix_invalid.results.json
torch.storage.np.ma.core.fix_invalid,valid_mutation,1,valid,a,value_noise,True,differential_mismatch,DifferentialMismatch,success/exception mismatch between cpu and mps,stage4/results/torch-thesis-all-coverage/execution_results/torch.storage.np.ma.core.fix_invalid.results.json
torch.storage.np.ma.core.fix_invalid,valid_mutation,2,valid,a,value_mask,True,differential_mismatch,DifferentialMismatch,success/exception mismatch between cpu and mps,stage4/results/torch-thesis-all-coverage/execution_results/torch.storage.np.ma.core.fix_invalid.results.json
torch.storage.np.ma.core.fix_invalid,valid_mutation,3,valid,a,value_negzero,True,differential_mismatch,DifferentialMismatch,success/exception mismatch between cpu and mps,stage4/results/torch-thesis-all-coverage/execution_results/torch.storage.np.ma.core.fix_invalid.results.json
torch.storage.np.ma.core.fix_invalid,valid_mutation,4,valid,a,value_neginf,True,differential_mismatch,DifferentialMismatch,success/exception mismatch between cpu and mps,stage4/results/torch-thesis-all-coverage/execution_results/torch.storage.np.ma.core.fix_invalid.results.json
torch.storage.np.ma.core.fix_invalid,valid_mutation,5,valid,a,value_large_magnitude,True,differential_mismatch,DifferentialMismatch,success/exception mismatch between cpu and mps,stage4/results/torch-thesis-all-coverage/execution_results/torch.storage.np.ma.core.fix_invalid.results.json
torch.storage.np.ma.core.fix_invalid,valid_mutation,6,valid,a,value_posinf,True,differential_mismatch,DifferentialMismatch,success/exception mismatch between cpu and mps,stage4/results/torch-thesis-all-coverage/execution_results/torch.storage.np.ma.core.fix_invalid.results.json
torch.storage.np.ma.core.fix_invalid,valid_mutation,7,valid,a,value_nan,True,differential_mismatch,DifferentialMismatch,success/exception mismatch between cpu and mps,stage4/results/torch-thesis-all-coverage/execution_results/torch.storage.np.ma.core.fix_invalid.results.json
torch.storage.np.ma.core.fix_invalid,valid_mutation,8,valid,a,value_division,True,differential_mismatch,DifferentialMismatch,success/exception mismatch between cpu and mps,stage4/results/torch-thesis-all-coverage/execution_results/torch.storage.np.ma.core.fix_invalid.results.json
torch.storage.np.ma.core.fix_invalid,negative_mutation,9,negative,a,shape_expand,True,negative_accepted_not_bug,,,stage4/results/torch-thesis-all-coverage/execution_results/torch.storage.np.ma.core.fix_invalid.results.json
torch.storage.np.ma.core.fix_invalid,negative_mutation,10,negative,a,dtype_mutate,True,negative_accepted_not_bug,,,stage4/results/torch-thesis-all-coverage/execution_results/torch.storage.np.ma.core.fix_invalid.results.json
torch.storage.np.ma.core.identity,base_valid,0,valid,,,True,success_valid,,,stage4/results/torch-thesis-all-coverage/execution_results/torch.storage.np.ma.core.identity.results.json
torch.storage.np.ma.core.identity,valid_mutation,1,valid,n,enum_switch,True,valid_mutation_success,,,stage4/results/torch-thesis-all-coverage/execution_results/torch.storage.np.ma.core.identity.results.json
torch.storage.np.ma.core.identity,valid_mutation,2,valid,n,value_large_magnitude,False,valid_mutation_failure,NativeCrashOrAbort,"isolated execution subprocess exited abnormally (exitcode=-9, signal=SIGKILL)",stage4/results/torch-thesis-all-coverage/execution_results/torch.storage.np.ma.core.identity.results.json
torch.storage.np.ma.core.identity,negative_mutation,3,negative,n,enum_invalid,True,negative_accepted_not_bug,,,stage4/results/torch-thesis-all-coverage/execution_results/torch.storage.np.ma.core.identity.results.json
torch.storage.np.ma.core.is_mask,base_valid,0,valid,,,True,success_valid,,,stage4/results/torch-thesis-all-coverage/execution_results/torch.storage.np.ma.core.is_mask.results.json
torch.storage.np.ma.core.is_mask,valid_mutation,1,valid,m,value_neginf,True,valid_mutation_success,,,stage4/results/torch-thesis-all-coverage/execution_results/torch.storage.np.ma.core.is_mask.results.json
torch.storage.np.ma.core.is_mask,valid_mutation,2,valid,m,value_noise,True,valid_mutation_success,,,stage4/results/torch-thesis-all-coverage/execution_results/torch.storage.np.ma.core.is_mask.results.json
torch.storage.np.ma.core.is_mask,valid_mutation,3,valid,m,value_division,True,valid_mutation_success,,,stage4/results/torch-thesis-all-coverage/execution_results/torch.storage.np.ma.core.is_mask.results.json
torch.storage.np.ma.core.is_mask,valid_mutation,4,valid,m,value_posinf,True,valid_mutation_success,,,stage4/results/torch-thesis-all-coverage/execution_results/torch.storage.np.ma.core.is_mask.results.json
torch.storage.np.ma.core.is_mask,valid_mutation,5,valid,m,value_large_magnitude,True,valid_mutation_success,,,stage4/results/torch-thesis-all-coverage/execution_results/torch.storage.np.ma.core.is_mask.results.json
torch.storage.np.ma.core.is_mask,valid_mutation,6,valid,m,value_negzero,True,valid_mutation_success,,,stage4/results/torch-thesis-all-coverage/execution_results/torch.storage.np.ma.core.is_mask.results.json
torch.storage.np.ma.core.is_mask,valid_mutation,7,valid,m,value_nan,True,valid_mutation_success,,,stage4/results/torch-thesis-all-coverage/execution_results/torch.storage.np.ma.core.is_mask.results.json
torch.storage.np.ma.core.is_mask,valid_mutation,8,valid,m,value_mask,True,valid_mutation_success,,,stage4/results/torch-thesis-all-coverage/execution_results/torch.storage.np.ma.core.is_mask.results.json
torch.storage.np.ma.core.is_mask,negative_mutation,9,negative,m,shape_expand,True,negative_accepted_not_bug,,,stage4/results/torch-thesis-all-coverage/execution_results/torch.storage.np.ma.core.is_mask.results.json
torch.storage.np.ma.core.is_mask,negative_mutation,10,negative,m,dtype_mutate,True,negative_accepted_not_bug,,,stage4/results/torch-thesis-all-coverage/execution_results/torch.storage.np.ma.core.is_mask.results.json
torch.storage.np.ma.core.iscomplexobj,base_valid,0,valid,,,True,success_valid,,,stage4/results/torch-thesis-all-coverage/execution_results/torch.storage.np.ma.core.iscomplexobj.results.json
torch.storage.np.ma.core.iscomplexobj,valid_mutation,1,valid,x,noop_clone,True,valid_mutation_success,,,stage4/results/torch-thesis-all-coverage/execution_results/torch.storage.np.ma.core.iscomplexobj.results.json
torch.storage.np.ma.core.iscomplexobj,negative_mutation,2,negative,x,type_switch,True,negative_accepted_not_bug,,,stage4/results/torch-thesis-all-coverage/execution_results/torch.storage.np.ma.core.iscomplexobj.results.json
torch.storage.np.ma.core.make_mask_none,base_valid,0,valid,,,True,success_valid,,,stage4/results/torch-thesis-all-coverage/execution_results/torch.storage.np.ma.core.make_mask_none.results.json
torch.storage.np.ma.core.make_mask_none,valid_mutation,1,valid,newshape,element_delta,True,valid_mutation_success,,,stage4/results/torch-thesis-all-coverage/execution_results/torch.storage.np.ma.core.make_mask_none.results.json
torch.storage.np.ma.core.make_mask_none,valid_mutation,2,valid,newshape,structure_grow,True,valid_mutation_success,,,stage4/results/torch-thesis-all-coverage/execution_results/torch.storage.np.ma.core.make_mask_none.results.json
torch.storage.np.ma.core.make_mask_none,negative_mutation,3,negative,newshape,structure_shrink,True,negative_accepted_not_bug,,,stage4/results/torch-thesis-all-coverage/execution_results/torch.storage.np.ma.core.make_mask_none.results.json
torch.storage.np.ma.core.maximum_fill_value,base_valid,0,valid,,,True,success_valid,,,stage4/results/torch-thesis-all-coverage/execution_results/torch.storage.np.ma.core.maximum_fill_value.results.json
torch.storage.np.ma.core.maximum_fill_value,valid_mutation,1,valid,obj,value_neginf,True,valid_mutation_success,,,stage4/results/torch-thesis-all-coverage/execution_results/torch.storage.np.ma.core.maximum_fill_value.results.json
torch.storage.np.ma.core.maximum_fill_value,valid_mutation,2,valid,obj,value_negzero,True,valid_mutation_success,,,stage4/results/torch-thesis-all-coverage/execution_results/torch.storage.np.ma.core.maximum_fill_value.results.json
torch.storage.np.ma.core.maximum_fill_value,valid_mutation,3,valid,obj,value_posinf,True,valid_mutation_success,,,stage4/results/torch-thesis-all-coverage/execution_results/torch.storage.np.ma.core.maximum_fill_value.results.json
torch.storage.np.ma.core.maximum_fill_value,valid_mutation,4,valid,obj,value_nan,True,valid_mutation_success,,,stage4/results/torch-thesis-all-coverage/execution_results/torch.storage.np.ma.core.maximum_fill_value.results.json
torch.storage.np.ma.core.maximum_fill_value,valid_mutation,5,valid,obj,scalar_delta,True,valid_mutation_success,,,stage4/results/torch-thesis-all-coverage/execution_results/torch.storage.np.ma.core.maximum_fill_value.results.json
torch.storage.np.ma.core.maximum_fill_value,valid_mutation,6,valid,obj,value_large_magnitude,True,valid_mutation_success,,,stage4/results/torch-thesis-all-coverage/execution_results/torch.storage.np.ma.core.maximum_fill_value.results.json
torch.storage.np.ma.core.maximum_fill_value,negative_mutation,7,negative,obj,type_widen,True,negative_accepted_not_bug,,,stage4/results/torch-thesis-all-coverage/execution_results/torch.storage.np.ma.core.maximum_fill_value.results.json
torch.storage.np.ma.core.minimum_fill_value,base_valid,0,valid,,,True,success_valid,,,stage4/results/torch-thesis-all-coverage/execution_results/torch.storage.np.ma.core.minimum_fill_value.results.json
torch.storage.np.ma.core.minimum_fill_value,valid_mutation,1,valid,obj,value_negzero,True,valid_mutation_success,,,stage4/results/torch-thesis-all-coverage/execution_results/torch.storage.np.ma.core.minimum_fill_value.results.json
torch.storage.np.ma.core.minimum_fill_value,valid_mutation,2,valid,obj,value_posinf,True,valid_mutation_success,,,stage4/results/torch-thesis-all-coverage/execution_results/torch.storage.np.ma.core.minimum_fill_value.results.json
torch.storage.np.ma.core.minimum_fill_value,valid_mutation,3,valid,obj,value_nan,True,valid_mutation_success,,,stage4/results/torch-thesis-all-coverage/execution_results/torch.storage.np.ma.core.minimum_fill_value.results.json
torch.storage.np.ma.core.minimum_fill_value,valid_mutation,4,valid,obj,value_large_magnitude,True,valid_mutation_success,,,stage4/results/torch-thesis-all-coverage/execution_results/torch.storage.np.ma.core.minimum_fill_value.results.json
torch.storage.np.ma.core.minimum_fill_value,valid_mutation,5,valid,obj,value_neginf,True,valid_mutation_success,,,stage4/results/torch-thesis-all-coverage/execution_results/torch.storage.np.ma.core.minimum_fill_value.results.json
torch.storage.np.ma.core.minimum_fill_value,valid_mutation,6,valid,obj,scalar_delta,True,valid_mutation_success,,,stage4/results/torch-thesis-all-coverage/execution_results/torch.storage.np.ma.core.minimum_fill_value.results.json
torch.storage.np.ma.core.minimum_fill_value,negative_mutation,7,negative,obj,type_widen,True,negative_accepted_not_bug,,,stage4/results/torch-thesis-all-coverage/execution_results/torch.storage.np.ma.core.minimum_fill_value.results.json
torch.storage.np.ma.core.narray,base_valid,0,valid,,,True,success_valid,,,stage4/results/torch-thesis-all-coverage/execution_results/torch.storage.np.ma.core.narray.results.json
torch.storage.np.ma.core.narray,valid_mutation,1,valid,object,value_nan,True,valid_mutation_success,,,stage4/results/torch-thesis-all-coverage/execution_results/torch.storage.np.ma.core.narray.results.json
torch.storage.np.ma.core.narray,valid_mutation,2,valid,object,value_posinf,True,valid_mutation_success,,,stage4/results/torch-thesis-all-coverage/execution_results/torch.storage.np.ma.core.narray.results.json
torch.storage.np.ma.core.narray,valid_mutation,3,valid,object,scalar_delta,True,valid_mutation_success,,,stage4/results/torch-thesis-all-coverage/execution_results/torch.storage.np.ma.core.narray.results.json
torch.storage.np.ma.core.narray,valid_mutation,4,valid,object,value_negzero,True,valid_mutation_success,,,stage4/results/torch-thesis-all-coverage/execution_results/torch.storage.np.ma.core.narray.results.json
torch.storage.np.ma.core.narray,valid_mutation,5,valid,object,value_large_magnitude,True,valid_mutation_success,,,stage4/results/torch-thesis-all-coverage/execution_results/torch.storage.np.ma.core.narray.results.json
torch.storage.np.ma.core.narray,valid_mutation,6,valid,object,value_neginf,True,valid_mutation_success,,,stage4/results/torch-thesis-all-coverage/execution_results/torch.storage.np.ma.core.narray.results.json
torch.storage.np.ma.core.narray,negative_mutation,7,negative,object,type_widen,True,negative_accepted_not_bug,,,stage4/results/torch-thesis-all-coverage/execution_results/torch.storage.np.ma.core.narray.results.json
torch.storage.np.ma.core.ones,base_valid,0,valid,,,True,success_valid,,,stage4/results/torch-thesis-all-coverage/execution_results/torch.storage.np.ma.core.ones.results.json
torch.storage.np.ma.core.ones,valid_mutation,1,valid,shape,element_delta,True,valid_mutation_success,,,stage4/results/torch-thesis-all-coverage/execution_results/torch.storage.np.ma.core.ones.results.json
torch.storage.np.ma.core.ones,valid_mutation,2,valid,shape,structure_grow,True,valid_mutation_success,,,stage4/results/torch-thesis-all-coverage/execution_results/torch.storage.np.ma.core.ones.results.json
torch.storage.np.ma.core.ones,negative_mutation,3,negative,shape,structure_shrink,True,negative_accepted_not_bug,,,stage4/results/torch-thesis-all-coverage/execution_results/torch.storage.np.ma.core.ones.results.json
torch.storage.np.ma.core.ones_like,base_valid,0,valid,,,True,differential_mismatch,DifferentialMismatch,success/exception mismatch between cpu and mps,stage4/results/torch-thesis-all-coverage/execution_results/torch.storage.np.ma.core.ones_like.results.json
torch.storage.np.ma.core.ones_like,valid_mutation,1,valid,a,value_large_magnitude,True,differential_mismatch,DifferentialMismatch,success/exception mismatch between cpu and mps,stage4/results/torch-thesis-all-coverage/execution_results/torch.storage.np.ma.core.ones_like.results.json
torch.storage.np.ma.core.ones_like,valid_mutation,2,valid,a,value_mask,True,differential_mismatch,DifferentialMismatch,success/exception mismatch between cpu and mps,stage4/results/torch-thesis-all-coverage/execution_results/torch.storage.np.ma.core.ones_like.results.json
torch.storage.np.ma.core.ones_like,valid_mutation,3,valid,a,value_division,True,differential_mismatch,DifferentialMismatch,success/exception mismatch between cpu and mps,stage4/results/torch-thesis-all-coverage/execution_results/torch.storage.np.ma.core.ones_like.results.json
torch.storage.np.ma.core.ones_like,valid_mutation,4,valid,a,value_negzero,True,differential_mismatch,DifferentialMismatch,success/exception mismatch between cpu and mps,stage4/results/torch-thesis-all-coverage/execution_results/torch.storage.np.ma.core.ones_like.results.json
torch.storage.np.ma.core.ones_like,valid_mutation,5,valid,a,value_posinf,True,differential_mismatch,DifferentialMismatch,success/exception mismatch between cpu and mps,stage4/results/torch-thesis-all-coverage/execution_results/torch.storage.np.ma.core.ones_like.results.json
torch.storage.np.ma.core.ones_like,valid_mutation,6,valid,a,value_noise,True,differential_mismatch,DifferentialMismatch,success/exception mismatch between cpu and mps,stage4/results/torch-thesis-all-coverage/execution_results/torch.storage.np.ma.core.ones_like.results.json
torch.storage.np.ma.core.ones_like,valid_mutation,7,valid,a,value_nan,True,differential_mismatch,DifferentialMismatch,success/exception mismatch between cpu and mps,stage4/results/torch-thesis-all-coverage/execution_results/torch.storage.np.ma.core.ones_like.results.json
torch.storage.np.ma.core.ones_like,valid_mutation,8,valid,a,value_neginf,True,differential_mismatch,DifferentialMismatch,success/exception mismatch between cpu and mps,stage4/results/torch-thesis-all-coverage/execution_results/torch.storage.np.ma.core.ones_like.results.json
torch.storage.np.ma.core.ones_like,negative_mutation,9,negative,a,shape_expand,True,negative_accepted_not_bug,,,stage4/results/torch-thesis-all-coverage/execution_results/torch.storage.np.ma.core.ones_like.results.json
torch.storage.np.ma.core.ones_like,negative_mutation,10,negative,a,dtype_mutate,True,negative_accepted_not_bug,,,stage4/results/torch-thesis-all-coverage/execution_results/torch.storage.np.ma.core.ones_like.results.json
torch.storage.np.ma.core.zeros,base_valid,0,valid,,,True,success_valid,,,stage4/results/torch-thesis-all-coverage/execution_results/torch.storage.np.ma.core.zeros.results.json
torch.storage.np.ma.core.zeros,valid_mutation,1,valid,shape,element_delta,True,valid_mutation_success,,,stage4/results/torch-thesis-all-coverage/execution_results/torch.storage.np.ma.core.zeros.results.json
torch.storage.np.ma.core.zeros,valid_mutation,2,valid,shape,structure_grow,True,valid_mutation_success,,,stage4/results/torch-thesis-all-coverage/execution_results/torch.storage.np.ma.core.zeros.results.json
torch.storage.np.ma.core.zeros,negative_mutation,3,negative,shape,structure_shrink,True,negative_accepted_not_bug,,,stage4/results/torch-thesis-all-coverage/execution_results/torch.storage.np.ma.core.zeros.results.json
torch.storage.np.ma.core.zeros_like,base_valid,0,valid,,,True,differential_mismatch,DifferentialMismatch,success/exception mismatch between cpu and mps,stage4/results/torch-thesis-all-coverage/execution_results/torch.storage.np.ma.core.zeros_like.results.json
torch.storage.np.ma.core.zeros_like,valid_mutation,1,valid,a,value_mask,True,differential_mismatch,DifferentialMismatch,success/exception mismatch between cpu and mps,stage4/results/torch-thesis-all-coverage/execution_results/torch.storage.np.ma.core.zeros_like.results.json
torch.storage.np.ma.core.zeros_like,valid_mutation,2,valid,a,value_noise,True,differential_mismatch,DifferentialMismatch,success/exception mismatch between cpu and mps,stage4/results/torch-thesis-all-coverage/execution_results/torch.storage.np.ma.core.zeros_like.results.json
torch.storage.np.ma.core.zeros_like,valid_mutation,3,valid,a,value_negzero,True,differential_mismatch,DifferentialMismatch,success/exception mismatch between cpu and mps,stage4/results/torch-thesis-all-coverage/execution_results/torch.storage.np.ma.core.zeros_like.results.json
torch.storage.np.ma.core.zeros_like,valid_mutation,4,valid,a,value_nan,True,differential_mismatch,DifferentialMismatch,success/exception mismatch between cpu and mps,stage4/results/torch-thesis-all-coverage/execution_results/torch.storage.np.ma.core.zeros_like.results.json
torch.storage.np.ma.core.zeros_like,valid_mutation,5,valid,a,value_posinf,True,differential_mismatch,DifferentialMismatch,success/exception mismatch between cpu and mps,stage4/results/torch-thesis-all-coverage/execution_results/torch.storage.np.ma.core.zeros_like.results.json
torch.storage.np.ma.core.zeros_like,valid_mutation,6,valid,a,value_large_magnitude,True,differential_mismatch,DifferentialMismatch,success/exception mismatch between cpu and mps,stage4/results/torch-thesis-all-coverage/execution_results/torch.storage.np.ma.core.zeros_like.results.json
torch.storage.np.ma.core.zeros_like,valid_mutation,7,valid,a,value_neginf,True,differential_mismatch,DifferentialMismatch,success/exception mismatch between cpu and mps,stage4/results/torch-thesis-all-coverage/execution_results/torch.storage.np.ma.core.zeros_like.results.json
torch.storage.np.ma.core.zeros_like,valid_mutation,8,valid,a,value_division,True,differential_mismatch,DifferentialMismatch,success/exception mismatch between cpu and mps,stage4/results/torch-thesis-all-coverage/execution_results/torch.storage.np.ma.core.zeros_like.results.json
torch.storage.np.ma.core.zeros_like,negative_mutation,9,negative,a,shape_shrink,True,negative_accepted_not_bug,,,stage4/results/torch-thesis-all-coverage/execution_results/torch.storage.np.ma.core.zeros_like.results.json
torch.storage.np.ma.core.zeros_like,negative_mutation,10,negative,a,dtype_mutate,True,negative_accepted_not_bug,,,stage4/results/torch-thesis-all-coverage/execution_results/torch.storage.np.ma.core.zeros_like.results.json
torch.storage.np.ma.default_fill_value,base_valid,0,valid,,,True,success_valid,,,stage4/results/torch-thesis-all-coverage/execution_results/torch.storage.np.ma.default_fill_value.results.json
torch.storage.np.ma.empty,base_valid,0,valid,,,True,success_valid,,,stage4/results/torch-thesis-all-coverage/execution_results/torch.storage.np.ma.empty.results.json
torch.storage.np.ma.empty,valid_mutation,1,valid,shape,element_delta,True,valid_mutation_success,,,stage4/results/torch-thesis-all-coverage/execution_results/torch.storage.np.ma.empty.results.json
torch.storage.np.ma.empty,valid_mutation,2,valid,shape,structure_grow,True,valid_mutation_success,,,stage4/results/torch-thesis-all-coverage/execution_results/torch.storage.np.ma.empty.results.json
torch.storage.np.ma.empty,negative_mutation,3,negative,shape,structure_shrink,True,negative_accepted_not_bug,,,stage4/results/torch-thesis-all-coverage/execution_results/torch.storage.np.ma.empty.results.json
torch.storage.np.ma.empty_like,base_valid,0,valid,,,True,differential_mismatch,DifferentialMismatch,success/exception mismatch between cpu and mps,stage4/results/torch-thesis-all-coverage/execution_results/torch.storage.np.ma.empty_like.results.json
torch.storage.np.ma.empty_like,valid_mutation,1,valid,prototype,value_large_magnitude,True,differential_mismatch,DifferentialMismatch,success/exception mismatch between cpu and mps,stage4/results/torch-thesis-all-coverage/execution_results/torch.storage.np.ma.empty_like.results.json
torch.storage.np.ma.empty_like,valid_mutation,2,valid,prototype,value_negzero,True,differential_mismatch,DifferentialMismatch,success/exception mismatch between cpu and mps,stage4/results/torch-thesis-all-coverage/execution_results/torch.storage.np.ma.empty_like.results.json
torch.storage.np.ma.empty_like,valid_mutation,3,valid,prototype,value_noise,True,differential_mismatch,DifferentialMismatch,success/exception mismatch between cpu and mps,stage4/results/torch-thesis-all-coverage/execution_results/torch.storage.np.ma.empty_like.results.json
torch.storage.np.ma.empty_like,valid_mutation,4,valid,prototype,value_neginf,True,differential_mismatch,DifferentialMismatch,success/exception mismatch between cpu and mps,stage4/results/torch-thesis-all-coverage/execution_results/torch.storage.np.ma.empty_like.results.json
torch.storage.np.ma.empty_like,valid_mutation,5,valid,prototype,value_mask,True,differential_mismatch,DifferentialMismatch,success/exception mismatch between cpu and mps,stage4/results/torch-thesis-all-coverage/execution_results/torch.storage.np.ma.empty_like.results.json
torch.storage.np.ma.empty_like,valid_mutation,6,valid,prototype,value_posinf,True,differential_mismatch,DifferentialMismatch,success/exception mismatch between cpu and mps,stage4/results/torch-thesis-all-coverage/execution_results/torch.storage.np.ma.empty_like.results.json
torch.storage.np.ma.empty_like,valid_mutation,7,valid,prototype,value_division,True,differential_mismatch,DifferentialMismatch,success/exception mismatch between cpu and mps,stage4/results/torch-thesis-all-coverage/execution_results/torch.storage.np.ma.empty_like.results.json
torch.storage.np.ma.empty_like,valid_mutation,8,valid,prototype,value_nan,True,differential_mismatch,DifferentialMismatch,success/exception mismatch between cpu and mps,stage4/results/torch-thesis-all-coverage/execution_results/torch.storage.np.ma.empty_like.results.json
torch.storage.np.ma.empty_like,negative_mutation,9,negative,prototype,shape_shrink,True,negative_accepted_not_bug,,,stage4/results/torch-thesis-all-coverage/execution_results/torch.storage.np.ma.empty_like.results.json
torch.storage.np.ma.empty_like,negative_mutation,10,negative,prototype,dtype_mutate,True,negative_accepted_not_bug,,,stage4/results/torch-thesis-all-coverage/execution_results/torch.storage.np.ma.empty_like.results.json
torch.storage.np.ma.expand_dims,base_valid,0,valid,,,True,differential_mismatch,DifferentialMismatch,success/exception mismatch between cpu and mps,stage4/results/torch-thesis-all-coverage/execution_results/torch.storage.np.ma.expand_dims.results.json
torch.storage.np.ma.expand_dims,valid_mutation,1,valid,a,value_negzero,True,differential_mismatch,DifferentialMismatch,success/exception mismatch between cpu and mps,stage4/results/torch-thesis-all-coverage/execution_results/torch.storage.np.ma.expand_dims.results.json
torch.storage.np.ma.expand_dims,valid_mutation,2,valid,a,value_nan,True,differential_mismatch,DifferentialMismatch,success/exception mismatch between cpu and mps,stage4/results/torch-thesis-all-coverage/execution_results/torch.storage.np.ma.expand_dims.results.json
torch.storage.np.ma.expand_dims,valid_mutation,3,valid,a,value_mask,True,differential_mismatch,DifferentialMismatch,success/exception mismatch between cpu and mps,stage4/results/torch-thesis-all-coverage/execution_results/torch.storage.np.ma.expand_dims.results.json
torch.storage.np.ma.expand_dims,valid_mutation,4,valid,a,value_noise,True,differential_mismatch,DifferentialMismatch,success/exception mismatch between cpu and mps,stage4/results/torch-thesis-all-coverage/execution_results/torch.storage.np.ma.expand_dims.results.json
torch.storage.np.ma.expand_dims,valid_mutation,5,valid,a,value_division,True,differential_mismatch,DifferentialMismatch,success/exception mismatch between cpu and mps,stage4/results/torch-thesis-all-coverage/execution_results/torch.storage.np.ma.expand_dims.results.json
torch.storage.np.ma.expand_dims,valid_mutation,6,valid,a,value_neginf,True,differential_mismatch,DifferentialMismatch,success/exception mismatch between cpu and mps,stage4/results/torch-thesis-all-coverage/execution_results/torch.storage.np.ma.expand_dims.results.json
torch.storage.np.ma.expand_dims,valid_mutation,7,valid,a,value_large_magnitude,True,differential_mismatch,DifferentialMismatch,success/exception mismatch between cpu and mps,stage4/results/torch-thesis-all-coverage/execution_results/torch.storage.np.ma.expand_dims.results.json
torch.storage.np.ma.expand_dims,valid_mutation,8,valid,a,value_posinf,True,differential_mismatch,DifferentialMismatch,success/exception mismatch between cpu and mps,stage4/results/torch-thesis-all-coverage/execution_results/torch.storage.np.ma.expand_dims.results.json
torch.storage.np.ma.expand_dims,negative_mutation,9,negative,a,shape_shrink,True,negative_accepted_not_bug,,,stage4/results/torch-thesis-all-coverage/execution_results/torch.storage.np.ma.expand_dims.results.json
torch.storage.np.ma.expand_dims,negative_mutation,10,negative,a,dtype_mutate,True,negative_accepted_not_bug,,,stage4/results/torch-thesis-all-coverage/execution_results/torch.storage.np.ma.expand_dims.results.json
torch.storage.np.ma.extras.asarray,base_valid,0,valid,,,True,differential_mismatch,DifferentialMismatch,success/exception mismatch between cpu and mps,stage4/results/torch-thesis-all-coverage/execution_results/torch.storage.np.ma.extras.asarray.results.json
torch.storage.np.ma.extras.asarray,valid_mutation,1,valid,a,value_noise,True,differential_mismatch,DifferentialMismatch,success/exception mismatch between cpu and mps,stage4/results/torch-thesis-all-coverage/execution_results/torch.storage.np.ma.extras.asarray.results.json
torch.storage.np.ma.extras.asarray,valid_mutation,2,valid,a,value_negzero,True,differential_mismatch,DifferentialMismatch,success/exception mismatch between cpu and mps,stage4/results/torch-thesis-all-coverage/execution_results/torch.storage.np.ma.extras.asarray.results.json
torch.storage.np.ma.extras.asarray,valid_mutation,3,valid,a,value_division,True,differential_mismatch,DifferentialMismatch,success/exception mismatch between cpu and mps,stage4/results/torch-thesis-all-coverage/execution_results/torch.storage.np.ma.extras.asarray.results.json
torch.storage.np.ma.extras.asarray,valid_mutation,4,valid,a,value_posinf,True,differential_mismatch,DifferentialMismatch,success/exception mismatch between cpu and mps,stage4/results/torch-thesis-all-coverage/execution_results/torch.storage.np.ma.extras.asarray.results.json
torch.storage.np.ma.extras.asarray,valid_mutation,5,valid,a,value_neginf,True,differential_mismatch,DifferentialMismatch,success/exception mismatch between cpu and mps,stage4/results/torch-thesis-all-coverage/execution_results/torch.storage.np.ma.extras.asarray.results.json
torch.storage.np.ma.extras.asarray,valid_mutation,6,valid,a,value_mask,True,differential_mismatch,DifferentialMismatch,success/exception mismatch between cpu and mps,stage4/results/torch-thesis-all-coverage/execution_results/torch.storage.np.ma.extras.asarray.results.json
torch.storage.np.ma.extras.asarray,valid_mutation,7,valid,a,value_large_magnitude,True,differential_mismatch,DifferentialMismatch,success/exception mismatch between cpu and mps,stage4/results/torch-thesis-all-coverage/execution_results/torch.storage.np.ma.extras.asarray.results.json
torch.storage.np.ma.extras.asarray,valid_mutation,8,valid,a,value_nan,True,differential_mismatch,DifferentialMismatch,success/exception mismatch between cpu and mps,stage4/results/torch-thesis-all-coverage/execution_results/torch.storage.np.ma.extras.asarray.results.json
torch.storage.np.ma.extras.asarray,negative_mutation,9,negative,a,shape_shrink,True,negative_accepted_not_bug,,,stage4/results/torch-thesis-all-coverage/execution_results/torch.storage.np.ma.extras.asarray.results.json
torch.storage.np.ma.extras.asarray,negative_mutation,10,negative,a,dtype_mutate,True,negative_accepted_not_bug,,,stage4/results/torch-thesis-all-coverage/execution_results/torch.storage.np.ma.extras.asarray.results.json
torch.storage.np.ma.extras.clump_masked,base_valid,0,valid,,,True,success_valid,,,stage4/results/torch-thesis-all-coverage/execution_results/torch.storage.np.ma.extras.clump_masked.results.json
torch.storage.np.ma.extras.clump_masked,valid_mutation,1,valid,a,value_neginf,True,valid_mutation_success,,,stage4/results/torch-thesis-all-coverage/execution_results/torch.storage.np.ma.extras.clump_masked.results.json
torch.storage.np.ma.extras.clump_masked,valid_mutation,2,valid,a,value_mask,True,valid_mutation_success,,,stage4/results/torch-thesis-all-coverage/execution_results/torch.storage.np.ma.extras.clump_masked.results.json
torch.storage.np.ma.extras.clump_masked,valid_mutation,3,valid,a,value_division,True,valid_mutation_success,,,stage4/results/torch-thesis-all-coverage/execution_results/torch.storage.np.ma.extras.clump_masked.results.json
torch.storage.np.ma.extras.clump_masked,valid_mutation,4,valid,a,value_noise,True,valid_mutation_success,,,stage4/results/torch-thesis-all-coverage/execution_results/torch.storage.np.ma.extras.clump_masked.results.json
torch.storage.np.ma.extras.clump_masked,valid_mutation,5,valid,a,value_large_magnitude,True,valid_mutation_success,,,stage4/results/torch-thesis-all-coverage/execution_results/torch.storage.np.ma.extras.clump_masked.results.json
torch.storage.np.ma.extras.clump_masked,valid_mutation,6,valid,a,value_posinf,True,valid_mutation_success,,,stage4/results/torch-thesis-all-coverage/execution_results/torch.storage.np.ma.extras.clump_masked.results.json
torch.storage.np.ma.extras.clump_masked,valid_mutation,7,valid,a,value_nan,True,valid_mutation_success,,,stage4/results/torch-thesis-all-coverage/execution_results/torch.storage.np.ma.extras.clump_masked.results.json
torch.storage.np.ma.extras.clump_masked,valid_mutation,8,valid,a,value_negzero,True,valid_mutation_success,,,stage4/results/torch-thesis-all-coverage/execution_results/torch.storage.np.ma.extras.clump_masked.results.json
torch.storage.np.ma.extras.clump_masked,negative_mutation,9,negative,a,shape_expand,True,negative_accepted_not_bug,,,stage4/results/torch-thesis-all-coverage/execution_results/torch.storage.np.ma.extras.clump_masked.results.json
torch.storage.np.ma.extras.clump_masked,negative_mutation,10,negative,a,dtype_mutate,True,negative_accepted_not_bug,,,stage4/results/torch-thesis-all-coverage/execution_results/torch.storage.np.ma.extras.clump_masked.results.json
torch.storage.np.ma.extras.clump_unmasked,base_valid,0,valid,,,True,differential_mismatch,DifferentialMismatch,"[0] values differ: slice(0, <built-in method size of Tensor object at 0x12d692c10>, None) != slice(0, <built-in method size of Tensor object at 0x12d693750>, None)",stage4/results/torch-thesis-all-coverage/execution_results/torch.storage.np.ma.extras.clump_unmasked.results.json
torch.storage.np.ma.extras.clump_unmasked,valid_mutation,1,valid,a,value_mask,True,differential_mismatch,DifferentialMismatch,"[0] values differ: slice(0, <built-in method size of Tensor object at 0x12d8cf3e0>, None) != slice(0, <built-in method size of Tensor object at 0x12d8cf750>, None)",stage4/results/torch-thesis-all-coverage/execution_results/torch.storage.np.ma.extras.clump_unmasked.results.json
torch.storage.np.ma.extras.clump_unmasked,valid_mutation,2,valid,a,value_noise,True,differential_mismatch,DifferentialMismatch,"[0] values differ: slice(0, <built-in method size of Tensor object at 0x12bceb430>, None) != slice(0, <built-in method size of Tensor object at 0x12bceb6b0>, None)",stage4/results/torch-thesis-all-coverage/execution_results/torch.storage.np.ma.extras.clump_unmasked.results.json
torch.storage.np.ma.extras.clump_unmasked,valid_mutation,3,valid,a,value_large_magnitude,True,differential_mismatch,DifferentialMismatch,"[0] values differ: slice(0, <built-in method size of Tensor object at 0x12dd7f700>, None) != slice(0, <built-in method size of Tensor object at 0x12dd7f9d0>, None)",stage4/results/torch-thesis-all-coverage/execution_results/torch.storage.np.ma.extras.clump_unmasked.results.json
torch.storage.np.ma.extras.clump_unmasked,valid_mutation,4,valid,a,value_neginf,True,differential_mismatch,DifferentialMismatch,"[0] values differ: slice(0, <built-in method size of Tensor object at 0x12f6f34d0>, None) != slice(0, <built-in method size of Tensor object at 0x12f6f3700>, None)",stage4/results/torch-thesis-all-coverage/execution_results/torch.storage.np.ma.extras.clump_unmasked.results.json
torch.storage.np.ma.extras.clump_unmasked,valid_mutation,5,valid,a,value_nan,True,differential_mismatch,DifferentialMismatch,"[0] values differ: slice(0, <built-in method size of Tensor object at 0x12de2f570>, None) != slice(0, <built-in method size of Tensor object at 0x12de2f750>, None)",stage4/results/torch-thesis-all-coverage/execution_results/torch.storage.np.ma.extras.clump_unmasked.results.json
torch.storage.np.ma.extras.clump_unmasked,valid_mutation,6,valid,a,value_posinf,True,differential_mismatch,DifferentialMismatch,"[0] values differ: slice(0, <built-in method size of Tensor object at 0x12bc4f570>, None) != slice(0, <built-in method size of Tensor object at 0x12bc4f750>, None)",stage4/results/torch-thesis-all-coverage/execution_results/torch.storage.np.ma.extras.clump_unmasked.results.json
torch.storage.np.ma.extras.clump_unmasked,valid_mutation,7,valid,a,value_negzero,True,differential_mismatch,DifferentialMismatch,"[0] values differ: slice(0, <built-in method size of Tensor object at 0x1300f34d0>, None) != slice(0, <built-in method size of Tensor object at 0x1300f3700>, None)",stage4/results/torch-thesis-all-coverage/execution_results/torch.storage.np.ma.extras.clump_unmasked.results.json
torch.storage.np.ma.extras.clump_unmasked,valid_mutation,8,valid,a,value_division,True,differential_mismatch,DifferentialMismatch,"[0] values differ: slice(0, <built-in method size of Tensor object at 0x11ea6f570>, None) != slice(0, <built-in method size of Tensor object at 0x11ea6f7a0>, None)",stage4/results/torch-thesis-all-coverage/execution_results/torch.storage.np.ma.extras.clump_unmasked.results.json
torch.storage.np.ma.extras.clump_unmasked,negative_mutation,9,negative,a,shape_expand,True,negative_accepted_not_bug,,,stage4/results/torch-thesis-all-coverage/execution_results/torch.storage.np.ma.extras.clump_unmasked.results.json
torch.storage.np.ma.extras.clump_unmasked,negative_mutation,10,negative,a,dtype_mutate,True,negative_accepted_not_bug,,,stage4/results/torch-thesis-all-coverage/execution_results/torch.storage.np.ma.extras.clump_unmasked.results.json
torch.storage.np.ma.extras.compress_nd,base_valid,0,valid,,,True,differential_mismatch,DifferentialMismatch,success/exception mismatch between cpu and mps,stage4/results/torch-thesis-all-coverage/execution_results/torch.storage.np.ma.extras.compress_nd.results.json
torch.storage.np.ma.extras.compress_nd,valid_mutation,1,valid,x,value_nan,True,differential_mismatch,DifferentialMismatch,success/exception mismatch between cpu and mps,stage4/results/torch-thesis-all-coverage/execution_results/torch.storage.np.ma.extras.compress_nd.results.json
torch.storage.np.ma.extras.compress_nd,valid_mutation,2,valid,x,enum_switch,True,differential_mismatch,DifferentialMismatch,success/exception mismatch between cpu and mps,stage4/results/torch-thesis-all-coverage/execution_results/torch.storage.np.ma.extras.compress_nd.results.json
torch.storage.np.ma.extras.compress_nd,valid_mutation,3,valid,x,value_large_magnitude,True,differential_mismatch,DifferentialMismatch,success/exception mismatch between cpu and mps,stage4/results/torch-thesis-all-coverage/execution_results/torch.storage.np.ma.extras.compress_nd.results.json
torch.storage.np.ma.extras.compress_nd,valid_mutation,4,valid,x,value_negzero,True,differential_mismatch,DifferentialMismatch,success/exception mismatch between cpu and mps,stage4/results/torch-thesis-all-coverage/execution_results/torch.storage.np.ma.extras.compress_nd.results.json
torch.storage.np.ma.extras.compress_nd,valid_mutation,5,valid,x,value_posinf,True,differential_mismatch,DifferentialMismatch,success/exception mismatch between cpu and mps,stage4/results/torch-thesis-all-coverage/execution_results/torch.storage.np.ma.extras.compress_nd.results.json
torch.storage.np.ma.extras.compress_nd,valid_mutation,6,valid,x,value_neginf,True,differential_mismatch,DifferentialMismatch,success/exception mismatch between cpu and mps,stage4/results/torch-thesis-all-coverage/execution_results/torch.storage.np.ma.extras.compress_nd.results.json
torch.storage.np.ma.extras.compress_nd,negative_mutation,7,negative,x,enum_invalid,True,negative_accepted_not_bug,,,stage4/results/torch-thesis-all-coverage/execution_results/torch.storage.np.ma.extras.compress_nd.results.json
torch.storage.np.ma.extras.compress_rowcols,base_valid,0,valid,,,True,differential_mismatch,DifferentialMismatch,success/exception mismatch between cpu and mps,stage4/results/torch-thesis-all-coverage/execution_results/torch.storage.np.ma.extras.compress_rowcols.results.json
torch.storage.np.ma.extras.compress_rowcols,valid_mutation,1,valid,x,value_nan,True,differential_mismatch,DifferentialMismatch,success/exception mismatch between cpu and mps,stage4/results/torch-thesis-all-coverage/execution_results/torch.storage.np.ma.extras.compress_rowcols.results.json
torch.storage.np.ma.extras.compress_rowcols,valid_mutation,2,valid,x,enum_switch,True,differential_mismatch,DifferentialMismatch,success/exception mismatch between cpu and mps,stage4/results/torch-thesis-all-coverage/execution_results/torch.storage.np.ma.extras.compress_rowcols.results.json
torch.storage.np.ma.extras.compress_rowcols,valid_mutation,3,valid,x,value_negzero,True,differential_mismatch,DifferentialMismatch,success/exception mismatch between cpu and mps,stage4/results/torch-thesis-all-coverage/execution_results/torch.storage.np.ma.extras.compress_rowcols.results.json
torch.storage.np.ma.extras.compress_rowcols,valid_mutation,4,valid,x,value_neginf,True,differential_mismatch,DifferentialMismatch,success/exception mismatch between cpu and mps,stage4/results/torch-thesis-all-coverage/execution_results/torch.storage.np.ma.extras.compress_rowcols.results.json
torch.storage.np.ma.extras.compress_rowcols,valid_mutation,5,valid,x,value_large_magnitude,True,differential_mismatch,DifferentialMismatch,success/exception mismatch between cpu and mps,stage4/results/torch-thesis-all-coverage/execution_results/torch.storage.np.ma.extras.compress_rowcols.results.json
torch.storage.np.ma.extras.compress_rowcols,valid_mutation,6,valid,x,value_posinf,True,differential_mismatch,DifferentialMismatch,success/exception mismatch between cpu and mps,stage4/results/torch-thesis-all-coverage/execution_results/torch.storage.np.ma.extras.compress_rowcols.results.json
torch.storage.np.ma.extras.compress_rowcols,negative_mutation,7,negative,x,enum_invalid,True,negative_accepted_not_bug,,,stage4/results/torch-thesis-all-coverage/execution_results/torch.storage.np.ma.extras.compress_rowcols.results.json
torch.storage.np.ma.extras.flatnotmasked_contiguous,base_valid,0,valid,,,True,differential_mismatch,DifferentialMismatch,"[0] values differ: slice(0, <built-in method size of Tensor object at 0x12d6b6c10>, None) != slice(0, <built-in method size of Tensor object at 0x12d6b77f0>, None)",stage4/results/torch-thesis-all-coverage/execution_results/torch.storage.np.ma.extras.flatnotmasked_contiguous.results.json
torch.storage.np.ma.extras.flatnotmasked_contiguous,valid_mutation,1,valid,a,value_mask,True,differential_mismatch,DifferentialMismatch,"[0] values differ: slice(0, <built-in method size of Tensor object at 0x12b6bf660>, None) != slice(0, <built-in method size of Tensor object at 0x12b6bf9d0>, None)",stage4/results/torch-thesis-all-coverage/execution_results/torch.storage.np.ma.extras.flatnotmasked_contiguous.results.json
torch.storage.np.ma.extras.flatnotmasked_contiguous,valid_mutation,2,valid,a,value_noise,True,differential_mismatch,DifferentialMismatch,"[0] values differ: slice(0, <built-in method size of Tensor object at 0x12e07f3e0>, None) != slice(0, <built-in method size of Tensor object at 0x12e07fa70>, None)",stage4/results/torch-thesis-all-coverage/execution_results/torch.storage.np.ma.extras.flatnotmasked_contiguous.results.json
torch.storage.np.ma.extras.flatnotmasked_contiguous,valid_mutation,3,valid,a,value_division,True,differential_mismatch,DifferentialMismatch,"[0] values differ: slice(0, <built-in method size of Tensor object at 0x12dfab5c0>, None) != slice(0, <built-in method size of Tensor object at 0x12dfab8e0>, None)",stage4/results/torch-thesis-all-coverage/execution_results/torch.storage.np.ma.extras.flatnotmasked_contiguous.results.json
torch.storage.np.ma.extras.flatnotmasked_contiguous,valid_mutation,4,valid,a,value_posinf,True,differential_mismatch,DifferentialMismatch,"[0] values differ: slice(0, <built-in method size of Tensor object at 0x12d57b4d0>, None) != slice(0, <built-in method size of Tensor object at 0x12d57b840>, None)",stage4/results/torch-thesis-all-coverage/execution_results/torch.storage.np.ma.extras.flatnotmasked_contiguous.results.json
torch.storage.np.ma.extras.flatnotmasked_contiguous,valid_mutation,5,valid,a,value_large_magnitude,True,differential_mismatch,DifferentialMismatch,"[0] values differ: slice(0, <built-in method size of Tensor object at 0x12f64f2a0>, None) != slice(0, <built-in method size of Tensor object at 0x12f64f7f0>, None)",stage4/results/torch-thesis-all-coverage/execution_results/torch.storage.np.ma.extras.flatnotmasked_contiguous.results.json
torch.storage.np.ma.extras.flatnotmasked_contiguous,valid_mutation,6,valid,a,value_negzero,True,differential_mismatch,DifferentialMismatch,"[0] values differ: slice(0, <built-in method size of Tensor object at 0x12db833e0>, None) != slice(0, <built-in method size of Tensor object at 0x12db83890>, None)",stage4/results/torch-thesis-all-coverage/execution_results/torch.storage.np.ma.extras.flatnotmasked_contiguous.results.json
torch.storage.np.ma.extras.flatnotmasked_contiguous,valid_mutation,7,valid,a,value_nan,True,differential_mismatch,DifferentialMismatch,"[0] values differ: slice(0, <built-in method size of Tensor object at 0x12b487480>, None) != slice(0, <built-in method size of Tensor object at 0x12b4877f0>, None)",stage4/results/torch-thesis-all-coverage/execution_results/torch.storage.np.ma.extras.flatnotmasked_contiguous.results.json
torch.storage.np.ma.extras.flatnotmasked_contiguous,valid_mutation,8,valid,a,value_neginf,True,differential_mismatch,DifferentialMismatch,"[0] values differ: slice(0, <built-in method size of Tensor object at 0x12fa8b4d0>, None) != slice(0, <built-in method size of Tensor object at 0x12fa8b890>, None)",stage4/results/torch-thesis-all-coverage/execution_results/torch.storage.np.ma.extras.flatnotmasked_contiguous.results.json
torch.storage.np.ma.extras.flatnotmasked_contiguous,negative_mutation,9,negative,a,shape_shrink,True,negative_accepted_not_bug,,,stage4/results/torch-thesis-all-coverage/execution_results/torch.storage.np.ma.extras.flatnotmasked_contiguous.results.json
torch.storage.np.ma.extras.flatnotmasked_contiguous,negative_mutation,10,negative,a,dtype_mutate,True,negative_accepted_not_bug,,,stage4/results/torch-thesis-all-coverage/execution_results/torch.storage.np.ma.extras.flatnotmasked_contiguous.results.json
torch.storage.np.ma.extras.mask_rowcols,base_valid,0,valid,,,True,differential_mismatch,DifferentialMismatch,success/exception mismatch between cpu and mps,stage4/results/torch-thesis-all-coverage/execution_results/torch.storage.np.ma.extras.mask_rowcols.results.json
torch.storage.np.ma.extras.mask_rowcols,valid_mutation,1,valid,a,value_negzero,True,differential_mismatch,DifferentialMismatch,success/exception mismatch between cpu and mps,stage4/results/torch-thesis-all-coverage/execution_results/torch.storage.np.ma.extras.mask_rowcols.results.json
torch.storage.np.ma.extras.mask_rowcols,valid_mutation,2,valid,a,value_large_magnitude,True,differential_mismatch,DifferentialMismatch,success/exception mismatch between cpu and mps,stage4/results/torch-thesis-all-coverage/execution_results/torch.storage.np.ma.extras.mask_rowcols.results.json
torch.storage.np.ma.extras.mask_rowcols,valid_mutation,3,valid,a,value_neginf,True,differential_mismatch,DifferentialMismatch,success/exception mismatch between cpu and mps,stage4/results/torch-thesis-all-coverage/execution_results/torch.storage.np.ma.extras.mask_rowcols.results.json
torch.storage.np.ma.extras.mask_rowcols,valid_mutation,4,valid,a,value_nan,True,differential_mismatch,DifferentialMismatch,success/exception mismatch between cpu and mps,stage4/results/torch-thesis-all-coverage/execution_results/torch.storage.np.ma.extras.mask_rowcols.results.json
torch.storage.np.ma.extras.mask_rowcols,valid_mutation,5,valid,a,enum_switch,True,differential_mismatch,DifferentialMismatch,success/exception mismatch between cpu and mps,stage4/results/torch-thesis-all-coverage/execution_results/torch.storage.np.ma.extras.mask_rowcols.results.json
torch.storage.np.ma.extras.mask_rowcols,valid_mutation,6,valid,a,value_posinf,True,differential_mismatch,DifferentialMismatch,success/exception mismatch between cpu and mps,stage4/results/torch-thesis-all-coverage/execution_results/torch.storage.np.ma.extras.mask_rowcols.results.json
torch.storage.np.ma.extras.mask_rowcols,negative_mutation,7,negative,a,enum_invalid,True,negative_accepted_not_bug,,,stage4/results/torch-thesis-all-coverage/execution_results/torch.storage.np.ma.extras.mask_rowcols.results.json
torch.storage.np.ma.extras.masked_all,base_valid,0,valid,,,True,success_valid,,,stage4/results/torch-thesis-all-coverage/execution_results/torch.storage.np.ma.extras.masked_all.results.json
torch.storage.np.ma.extras.masked_all,valid_mutation,1,valid,shape,element_delta,True,valid_mutation_success,,,stage4/results/torch-thesis-all-coverage/execution_results/torch.storage.np.ma.extras.masked_all.results.json
torch.storage.np.ma.extras.masked_all,valid_mutation,2,valid,shape,structure_grow,True,valid_mutation_success,,,stage4/results/torch-thesis-all-coverage/execution_results/torch.storage.np.ma.extras.masked_all.results.json
torch.storage.np.ma.extras.masked_all,negative_mutation,3,negative,shape,structure_shrink,True,negative_accepted_not_bug,,,stage4/results/torch-thesis-all-coverage/execution_results/torch.storage.np.ma.extras.masked_all.results.json
torch.storage.np.ma.extras.masked_all_like,base_valid,0,valid,,,True,differential_mismatch,DifferentialMismatch,success/exception mismatch between cpu and mps,stage4/results/torch-thesis-all-coverage/execution_results/torch.storage.np.ma.extras.masked_all_like.results.json
torch.storage.np.ma.extras.masked_all_like,valid_mutation,1,valid,arr,value_posinf,True,differential_mismatch,DifferentialMismatch,success/exception mismatch between cpu and mps,stage4/results/torch-thesis-all-coverage/execution_results/torch.storage.np.ma.extras.masked_all_like.results.json
torch.storage.np.ma.extras.masked_all_like,valid_mutation,2,valid,arr,value_neginf,True,differential_mismatch,DifferentialMismatch,success/exception mismatch between cpu and mps,stage4/results/torch-thesis-all-coverage/execution_results/torch.storage.np.ma.extras.masked_all_like.results.json
torch.storage.np.ma.extras.masked_all_like,valid_mutation,3,valid,arr,value_large_magnitude,True,differential_mismatch,DifferentialMismatch,success/exception mismatch between cpu and mps,stage4/results/torch-thesis-all-coverage/execution_results/torch.storage.np.ma.extras.masked_all_like.results.json
torch.storage.np.ma.extras.masked_all_like,valid_mutation,4,valid,arr,value_division,True,differential_mismatch,DifferentialMismatch,success/exception mismatch between cpu and mps,stage4/results/torch-thesis-all-coverage/execution_results/torch.storage.np.ma.extras.masked_all_like.results.json
torch.storage.np.ma.extras.masked_all_like,valid_mutation,5,valid,arr,value_negzero,True,differential_mismatch,DifferentialMismatch,success/exception mismatch between cpu and mps,stage4/results/torch-thesis-all-coverage/execution_results/torch.storage.np.ma.extras.masked_all_like.results.json
torch.storage.np.ma.extras.masked_all_like,valid_mutation,6,valid,arr,value_nan,True,differential_mismatch,DifferentialMismatch,success/exception mismatch between cpu and mps,stage4/results/torch-thesis-all-coverage/execution_results/torch.storage.np.ma.extras.masked_all_like.results.json
torch.storage.np.ma.extras.masked_all_like,valid_mutation,7,valid,arr,value_noise,True,differential_mismatch,DifferentialMismatch,success/exception mismatch between cpu and mps,stage4/results/torch-thesis-all-coverage/execution_results/torch.storage.np.ma.extras.masked_all_like.results.json
torch.storage.np.ma.extras.masked_all_like,valid_mutation,8,valid,arr,value_mask,True,differential_mismatch,DifferentialMismatch,success/exception mismatch between cpu and mps,stage4/results/torch-thesis-all-coverage/execution_results/torch.storage.np.ma.extras.masked_all_like.results.json
torch.storage.np.ma.extras.masked_all_like,negative_mutation,9,negative,arr,shape_shrink,True,negative_accepted_not_bug,,,stage4/results/torch-thesis-all-coverage/execution_results/torch.storage.np.ma.extras.masked_all_like.results.json
torch.storage.np.ma.extras.masked_all_like,negative_mutation,10,negative,arr,dtype_mutate,True,negative_accepted_not_bug,,,stage4/results/torch-thesis-all-coverage/execution_results/torch.storage.np.ma.extras.masked_all_like.results.json
torch.storage.np.ma.extras.nxarray,base_valid,0,valid,,,True,success_valid,,,stage4/results/torch-thesis-all-coverage/execution_results/torch.storage.np.ma.extras.nxarray.results.json
torch.storage.np.ma.extras.nxarray,valid_mutation,1,valid,object,value_negzero,True,valid_mutation_success,,,stage4/results/torch-thesis-all-coverage/execution_results/torch.storage.np.ma.extras.nxarray.results.json
torch.storage.np.ma.extras.nxarray,valid_mutation,2,valid,object,value_large_magnitude,True,valid_mutation_success,,,stage4/results/torch-thesis-all-coverage/execution_results/torch.storage.np.ma.extras.nxarray.results.json
torch.storage.np.ma.extras.nxarray,valid_mutation,3,valid,object,value_neginf,True,valid_mutation_success,,,stage4/results/torch-thesis-all-coverage/execution_results/torch.storage.np.ma.extras.nxarray.results.json
torch.storage.np.ma.extras.nxarray,valid_mutation,4,valid,object,scalar_delta,True,valid_mutation_success,,,stage4/results/torch-thesis-all-coverage/execution_results/torch.storage.np.ma.extras.nxarray.results.json
torch.storage.np.ma.extras.nxarray,valid_mutation,5,valid,object,value_nan,True,valid_mutation_success,,,stage4/results/torch-thesis-all-coverage/execution_results/torch.storage.np.ma.extras.nxarray.results.json
torch.storage.np.ma.extras.nxarray,valid_mutation,6,valid,object,value_posinf,True,valid_mutation_success,,,stage4/results/torch-thesis-all-coverage/execution_results/torch.storage.np.ma.extras.nxarray.results.json
torch.storage.np.ma.extras.nxarray,negative_mutation,7,negative,object,type_widen,True,negative_accepted_not_bug,,,stage4/results/torch-thesis-all-coverage/execution_results/torch.storage.np.ma.extras.nxarray.results.json
torch.storage.np.ma.extras.ones,base_valid,0,valid,,,True,success_valid,,,stage4/results/torch-thesis-all-coverage/execution_results/torch.storage.np.ma.extras.ones.results.json
torch.storage.np.ma.extras.ones,valid_mutation,1,valid,shape,element_delta,True,valid_mutation_success,,,stage4/results/torch-thesis-all-coverage/execution_results/torch.storage.np.ma.extras.ones.results.json
torch.storage.np.ma.extras.ones,valid_mutation,2,valid,shape,structure_grow,True,valid_mutation_success,,,stage4/results/torch-thesis-all-coverage/execution_results/torch.storage.np.ma.extras.ones.results.json
torch.storage.np.ma.extras.ones,negative_mutation,3,negative,shape,structure_shrink,True,negative_accepted_not_bug,,,stage4/results/torch-thesis-all-coverage/execution_results/torch.storage.np.ma.extras.ones.results.json
torch.storage.np.ma.extras.zeros,base_valid,0,valid,,,True,success_valid,,,stage4/results/torch-thesis-all-coverage/execution_results/torch.storage.np.ma.extras.zeros.results.json
torch.storage.np.ma.extras.zeros,valid_mutation,1,valid,shape,element_delta,True,valid_mutation_success,,,stage4/results/torch-thesis-all-coverage/execution_results/torch.storage.np.ma.extras.zeros.results.json
torch.storage.np.ma.extras.zeros,valid_mutation,2,valid,shape,structure_grow,True,valid_mutation_success,,,stage4/results/torch-thesis-all-coverage/execution_results/torch.storage.np.ma.extras.zeros.results.json
torch.storage.np.ma.extras.zeros,negative_mutation,3,negative,shape,structure_shrink,True,negative_accepted_not_bug,,,stage4/results/torch-thesis-all-coverage/execution_results/torch.storage.np.ma.extras.zeros.results.json
torch.storage.np.ma.fix_invalid,base_valid,0,valid,,,True,differential_mismatch,DifferentialMismatch,success/exception mismatch between cpu and mps,stage4/results/torch-thesis-all-coverage/execution_results/torch.storage.np.ma.fix_invalid.results.json
torch.storage.np.ma.fix_invalid,valid_mutation,1,valid,a,value_noise,True,differential_mismatch,DifferentialMismatch,success/exception mismatch between cpu and mps,stage4/results/torch-thesis-all-coverage/execution_results/torch.storage.np.ma.fix_invalid.results.json
torch.storage.np.ma.fix_invalid,valid_mutation,2,valid,a,value_neginf,True,differential_mismatch,DifferentialMismatch,success/exception mismatch between cpu and mps,stage4/results/torch-thesis-all-coverage/execution_results/torch.storage.np.ma.fix_invalid.results.json
torch.storage.np.ma.fix_invalid,valid_mutation,3,valid,a,value_nan,True,differential_mismatch,DifferentialMismatch,success/exception mismatch between cpu and mps,stage4/results/torch-thesis-all-coverage/execution_results/torch.storage.np.ma.fix_invalid.results.json
torch.storage.np.ma.fix_invalid,valid_mutation,4,valid,a,value_large_magnitude,True,differential_mismatch,DifferentialMismatch,success/exception mismatch between cpu and mps,stage4/results/torch-thesis-all-coverage/execution_results/torch.storage.np.ma.fix_invalid.results.json
torch.storage.np.ma.fix_invalid,valid_mutation,5,valid,a,value_negzero,True,differential_mismatch,DifferentialMismatch,success/exception mismatch between cpu and mps,stage4/results/torch-thesis-all-coverage/execution_results/torch.storage.np.ma.fix_invalid.results.json
torch.storage.np.ma.fix_invalid,valid_mutation,6,valid,a,value_division,True,differential_mismatch,DifferentialMismatch,success/exception mismatch between cpu and mps,stage4/results/torch-thesis-all-coverage/execution_results/torch.storage.np.ma.fix_invalid.results.json
torch.storage.np.ma.fix_invalid,valid_mutation,7,valid,a,value_posinf,True,differential_mismatch,DifferentialMismatch,success/exception mismatch between cpu and mps,stage4/results/torch-thesis-all-coverage/execution_results/torch.storage.np.ma.fix_invalid.results.json
torch.storage.np.ma.fix_invalid,valid_mutation,8,valid,a,value_mask,True,differential_mismatch,DifferentialMismatch,success/exception mismatch between cpu and mps,stage4/results/torch-thesis-all-coverage/execution_results/torch.storage.np.ma.fix_invalid.results.json
torch.storage.np.ma.fix_invalid,negative_mutation,9,negative,a,shape_shrink,True,negative_accepted_not_bug,,,stage4/results/torch-thesis-all-coverage/execution_results/torch.storage.np.ma.fix_invalid.results.json
torch.storage.np.ma.fix_invalid,negative_mutation,10,negative,a,dtype_mutate,True,negative_accepted_not_bug,,,stage4/results/torch-thesis-all-coverage/execution_results/torch.storage.np.ma.fix_invalid.results.json
torch.storage.np.ma.flatnotmasked_contiguous,base_valid,0,valid,,,True,differential_mismatch,DifferentialMismatch,"[0] values differ: slice(0, <built-in method size of Tensor object at 0x12dd56d00>, None) != slice(0, <built-in method size of Tensor object at 0x12dd57980>, None)",stage4/results/torch-thesis-all-coverage/execution_results/torch.storage.np.ma.flatnotmasked_contiguous.results.json
torch.storage.np.ma.flatnotmasked_contiguous,valid_mutation,1,valid,a,value_noise,True,differential_mismatch,DifferentialMismatch,"[0] values differ: slice(0, <built-in method size of Tensor object at 0x12dce7660>, None) != slice(0, <built-in method size of Tensor object at 0x12dce7b60>, None)",stage4/results/torch-thesis-all-coverage/execution_results/torch.storage.np.ma.flatnotmasked_contiguous.results.json
torch.storage.np.ma.flatnotmasked_contiguous,valid_mutation,2,valid,a,value_mask,True,differential_mismatch,DifferentialMismatch,"[0] values differ: slice(0, <built-in method size of Tensor object at 0x12d8e7570>, None) != slice(0, <built-in method size of Tensor object at 0x12d8e79d0>, None)",stage4/results/torch-thesis-all-coverage/execution_results/torch.storage.np.ma.flatnotmasked_contiguous.results.json
torch.storage.np.ma.flatnotmasked_contiguous,valid_mutation,3,valid,a,value_negzero,True,differential_mismatch,DifferentialMismatch,"[0] values differ: slice(0, <built-in method size of Tensor object at 0x12f67b520>, None) != slice(0, <built-in method size of Tensor object at 0x12f67b930>, None)",stage4/results/torch-thesis-all-coverage/execution_results/torch.storage.np.ma.flatnotmasked_contiguous.results.json
torch.storage.np.ma.flatnotmasked_contiguous,valid_mutation,4,valid,a,value_posinf,True,differential_mismatch,DifferentialMismatch,"[0] values differ: slice(0, <built-in method size of Tensor object at 0x12dccf430>, None) != slice(0, <built-in method size of Tensor object at 0x12dccf890>, None)",stage4/results/torch-thesis-all-coverage/execution_results/torch.storage.np.ma.flatnotmasked_contiguous.results.json
torch.storage.np.ma.flatnotmasked_contiguous,valid_mutation,5,valid,a,value_large_magnitude,True,differential_mismatch,DifferentialMismatch,"[0] values differ: slice(0, <built-in method size of Tensor object at 0x11e9db570>, None) != slice(0, <built-in method size of Tensor object at 0x11e9dba20>, None)",stage4/results/torch-thesis-all-coverage/execution_results/torch.storage.np.ma.flatnotmasked_contiguous.results.json
torch.storage.np.ma.flatnotmasked_contiguous,valid_mutation,6,valid,a,value_neginf,True,differential_mismatch,DifferentialMismatch,"[0] values differ: slice(0, <built-in method size of Tensor object at 0x12d94f520>, None) != slice(0, <built-in method size of Tensor object at 0x12d94fac0>, None)",stage4/results/torch-thesis-all-coverage/execution_results/torch.storage.np.ma.flatnotmasked_contiguous.results.json
torch.storage.np.ma.flatnotmasked_contiguous,valid_mutation,7,valid,a,value_nan,True,differential_mismatch,DifferentialMismatch,"[0] values differ: slice(0, <built-in method size of Tensor object at 0x12bf034d0>, None) != slice(0, <built-in method size of Tensor object at 0x12bf03930>, None)",stage4/results/torch-thesis-all-coverage/execution_results/torch.storage.np.ma.flatnotmasked_contiguous.results.json
torch.storage.np.ma.flatnotmasked_contiguous,valid_mutation,8,valid,a,value_division,True,differential_mismatch,DifferentialMismatch,"[0] values differ: slice(0, <built-in method size of Tensor object at 0x12f703520>, None) != slice(0, <built-in method size of Tensor object at 0x12f703980>, None)",stage4/results/torch-thesis-all-coverage/execution_results/torch.storage.np.ma.flatnotmasked_contiguous.results.json
torch.storage.np.ma.flatnotmasked_contiguous,negative_mutation,9,negative,a,shape_shrink,True,negative_accepted_not_bug,,,stage4/results/torch-thesis-all-coverage/execution_results/torch.storage.np.ma.flatnotmasked_contiguous.results.json
torch.storage.np.ma.flatnotmasked_contiguous,negative_mutation,10,negative,a,dtype_mutate,True,negative_accepted_not_bug,,,stage4/results/torch-thesis-all-coverage/execution_results/torch.storage.np.ma.flatnotmasked_contiguous.results.json
torch.storage.np.ma.identity,base_valid,0,valid,,,True,success_valid,,,stage4/results/torch-thesis-all-coverage/execution_results/torch.storage.np.ma.identity.results.json
torch.storage.np.ma.identity,valid_mutation,1,valid,n,enum_switch,True,valid_mutation_success,,,stage4/results/torch-thesis-all-coverage/execution_results/torch.storage.np.ma.identity.results.json
torch.storage.np.ma.identity,valid_mutation,2,valid,n,value_large_magnitude,False,valid_mutation_failure,NativeCrashOrAbort,"isolated execution subprocess exited abnormally (exitcode=-9, signal=SIGKILL)",stage4/results/torch-thesis-all-coverage/execution_results/torch.storage.np.ma.identity.results.json
torch.storage.np.ma.identity,negative_mutation,3,negative,n,enum_invalid,True,negative_accepted_not_bug,,,stage4/results/torch-thesis-all-coverage/execution_results/torch.storage.np.ma.identity.results.json
torch.storage.np.ma.is_mask,base_valid,0,valid,,,True,success_valid,,,stage4/results/torch-thesis-all-coverage/execution_results/torch.storage.np.ma.is_mask.results.json
torch.storage.np.ma.is_mask,valid_mutation,1,valid,m,value_negzero,True,valid_mutation_success,,,stage4/results/torch-thesis-all-coverage/execution_results/torch.storage.np.ma.is_mask.results.json
torch.storage.np.ma.is_mask,valid_mutation,2,valid,m,value_nan,True,valid_mutation_success,,,stage4/results/torch-thesis-all-coverage/execution_results/torch.storage.np.ma.is_mask.results.json
torch.storage.np.ma.is_mask,valid_mutation,3,valid,m,value_neginf,True,valid_mutation_success,,,stage4/results/torch-thesis-all-coverage/execution_results/torch.storage.np.ma.is_mask.results.json
torch.storage.np.ma.is_mask,valid_mutation,4,valid,m,value_large_magnitude,True,valid_mutation_success,,,stage4/results/torch-thesis-all-coverage/execution_results/torch.storage.np.ma.is_mask.results.json
torch.storage.np.ma.is_mask,valid_mutation,5,valid,m,value_noise,True,valid_mutation_success,,,stage4/results/torch-thesis-all-coverage/execution_results/torch.storage.np.ma.is_mask.results.json
torch.storage.np.ma.is_mask,valid_mutation,6,valid,m,value_mask,True,valid_mutation_success,,,stage4/results/torch-thesis-all-coverage/execution_results/torch.storage.np.ma.is_mask.results.json
torch.storage.np.ma.is_mask,valid_mutation,7,valid,m,value_posinf,True,valid_mutation_success,,,stage4/results/torch-thesis-all-coverage/execution_results/torch.storage.np.ma.is_mask.results.json
torch.storage.np.ma.is_mask,valid_mutation,8,valid,m,value_division,True,valid_mutation_success,,,stage4/results/torch-thesis-all-coverage/execution_results/torch.storage.np.ma.is_mask.results.json
torch.storage.np.ma.is_mask,negative_mutation,9,negative,m,shape_shrink,True,negative_accepted_not_bug,,,stage4/results/torch-thesis-all-coverage/execution_results/torch.storage.np.ma.is_mask.results.json
torch.storage.np.ma.is_mask,negative_mutation,10,negative,m,dtype_mutate,True,negative_accepted_not_bug,,,stage4/results/torch-thesis-all-coverage/execution_results/torch.storage.np.ma.is_mask.results.json
torch.storage.np.ma.make_mask_none,base_valid,0,valid,,,True,success_valid,,,stage4/results/torch-thesis-all-coverage/execution_results/torch.storage.np.ma.make_mask_none.results.json
torch.storage.np.ma.make_mask_none,valid_mutation,1,valid,newshape,element_delta,True,valid_mutation_success,,,stage4/results/torch-thesis-all-coverage/execution_results/torch.storage.np.ma.make_mask_none.results.json
torch.storage.np.ma.make_mask_none,valid_mutation,2,valid,newshape,structure_grow,True,valid_mutation_success,,,stage4/results/torch-thesis-all-coverage/execution_results/torch.storage.np.ma.make_mask_none.results.json
torch.storage.np.ma.make_mask_none,negative_mutation,3,negative,newshape,structure_shrink,True,negative_accepted_not_bug,,,stage4/results/torch-thesis-all-coverage/execution_results/torch.storage.np.ma.make_mask_none.results.json
torch.storage.np.ma.mask_rowcols,base_valid,0,valid,,,True,differential_mismatch,DifferentialMismatch,success/exception mismatch between cpu and mps,stage4/results/torch-thesis-all-coverage/execution_results/torch.storage.np.ma.mask_rowcols.results.json
torch.storage.np.ma.mask_rowcols,valid_mutation,1,valid,a,value_nan,True,differential_mismatch,DifferentialMismatch,success/exception mismatch between cpu and mps,stage4/results/torch-thesis-all-coverage/execution_results/torch.storage.np.ma.mask_rowcols.results.json
torch.storage.np.ma.mask_rowcols,valid_mutation,2,valid,a,value_neginf,True,differential_mismatch,DifferentialMismatch,success/exception mismatch between cpu and mps,stage4/results/torch-thesis-all-coverage/execution_results/torch.storage.np.ma.mask_rowcols.results.json
torch.storage.np.ma.mask_rowcols,valid_mutation,3,valid,a,value_large_magnitude,True,differential_mismatch,DifferentialMismatch,success/exception mismatch between cpu and mps,stage4/results/torch-thesis-all-coverage/execution_results/torch.storage.np.ma.mask_rowcols.results.json
torch.storage.np.ma.mask_rowcols,valid_mutation,4,valid,a,value_negzero,True,differential_mismatch,DifferentialMismatch,success/exception mismatch between cpu and mps,stage4/results/torch-thesis-all-coverage/execution_results/torch.storage.np.ma.mask_rowcols.results.json
torch.storage.np.ma.mask_rowcols,valid_mutation,5,valid,a,enum_switch,True,differential_mismatch,DifferentialMismatch,success/exception mismatch between cpu and mps,stage4/results/torch-thesis-all-coverage/execution_results/torch.storage.np.ma.mask_rowcols.results.json
torch.storage.np.ma.mask_rowcols,valid_mutation,6,valid,a,value_posinf,True,differential_mismatch,DifferentialMismatch,success/exception mismatch between cpu and mps,stage4/results/torch-thesis-all-coverage/execution_results/torch.storage.np.ma.mask_rowcols.results.json
torch.storage.np.ma.mask_rowcols,negative_mutation,7,negative,a,enum_invalid,True,negative_accepted_not_bug,,,stage4/results/torch-thesis-all-coverage/execution_results/torch.storage.np.ma.mask_rowcols.results.json
torch.storage.np.ma.masked_all,base_valid,0,valid,,,True,success_valid,,,stage4/results/torch-thesis-all-coverage/execution_results/torch.storage.np.ma.masked_all.results.json
torch.storage.np.ma.masked_all,valid_mutation,1,valid,shape,element_delta,True,valid_mutation_success,,,stage4/results/torch-thesis-all-coverage/execution_results/torch.storage.np.ma.masked_all.results.json
torch.storage.np.ma.masked_all,valid_mutation,2,valid,shape,structure_grow,True,valid_mutation_success,,,stage4/results/torch-thesis-all-coverage/execution_results/torch.storage.np.ma.masked_all.results.json
torch.storage.np.ma.masked_all,negative_mutation,3,negative,shape,structure_shrink,True,negative_accepted_not_bug,,,stage4/results/torch-thesis-all-coverage/execution_results/torch.storage.np.ma.masked_all.results.json
torch.storage.np.ma.masked_all_like,base_valid,0,valid,,,True,differential_mismatch,DifferentialMismatch,success/exception mismatch between cpu and mps,stage4/results/torch-thesis-all-coverage/execution_results/torch.storage.np.ma.masked_all_like.results.json
torch.storage.np.ma.masked_all_like,valid_mutation,1,valid,arr,value_noise,True,differential_mismatch,DifferentialMismatch,success/exception mismatch between cpu and mps,stage4/results/torch-thesis-all-coverage/execution_results/torch.storage.np.ma.masked_all_like.results.json
torch.storage.np.ma.masked_all_like,valid_mutation,2,valid,arr,value_negzero,True,differential_mismatch,DifferentialMismatch,success/exception mismatch between cpu and mps,stage4/results/torch-thesis-all-coverage/execution_results/torch.storage.np.ma.masked_all_like.results.json
torch.storage.np.ma.masked_all_like,valid_mutation,3,valid,arr,value_nan,True,differential_mismatch,DifferentialMismatch,success/exception mismatch between cpu and mps,stage4/results/torch-thesis-all-coverage/execution_results/torch.storage.np.ma.masked_all_like.results.json
torch.storage.np.ma.masked_all_like,valid_mutation,4,valid,arr,value_mask,True,differential_mismatch,DifferentialMismatch,success/exception mismatch between cpu and mps,stage4/results/torch-thesis-all-coverage/execution_results/torch.storage.np.ma.masked_all_like.results.json
torch.storage.np.ma.masked_all_like,valid_mutation,5,valid,arr,value_large_magnitude,True,differential_mismatch,DifferentialMismatch,success/exception mismatch between cpu and mps,stage4/results/torch-thesis-all-coverage/execution_results/torch.storage.np.ma.masked_all_like.results.json
torch.storage.np.ma.masked_all_like,valid_mutation,6,valid,arr,value_neginf,True,differential_mismatch,DifferentialMismatch,success/exception mismatch between cpu and mps,stage4/results/torch-thesis-all-coverage/execution_results/torch.storage.np.ma.masked_all_like.results.json
torch.storage.np.ma.masked_all_like,valid_mutation,7,valid,arr,value_division,True,differential_mismatch,DifferentialMismatch,success/exception mismatch between cpu and mps,stage4/results/torch-thesis-all-coverage/execution_results/torch.storage.np.ma.masked_all_like.results.json
torch.storage.np.ma.masked_all_like,valid_mutation,8,valid,arr,value_posinf,True,differential_mismatch,DifferentialMismatch,success/exception mismatch between cpu and mps,stage4/results/torch-thesis-all-coverage/execution_results/torch.storage.np.ma.masked_all_like.results.json
torch.storage.np.ma.masked_all_like,negative_mutation,9,negative,arr,shape_shrink,True,negative_accepted_not_bug,,,stage4/results/torch-thesis-all-coverage/execution_results/torch.storage.np.ma.masked_all_like.results.json
torch.storage.np.ma.masked_all_like,negative_mutation,10,negative,arr,dtype_mutate,True,negative_accepted_not_bug,,,stage4/results/torch-thesis-all-coverage/execution_results/torch.storage.np.ma.masked_all_like.results.json
torch.storage.np.ma.maximum_fill_value,base_valid,0,valid,,,True,success_valid,,,stage4/results/torch-thesis-all-coverage/execution_results/torch.storage.np.ma.maximum_fill_value.results.json
torch.storage.np.ma.maximum_fill_value,valid_mutation,1,valid,obj,value_posinf,True,valid_mutation_success,,,stage4/results/torch-thesis-all-coverage/execution_results/torch.storage.np.ma.maximum_fill_value.results.json
torch.storage.np.ma.maximum_fill_value,valid_mutation,2,valid,obj,value_neginf,True,valid_mutation_success,,,stage4/results/torch-thesis-all-coverage/execution_results/torch.storage.np.ma.maximum_fill_value.results.json
torch.storage.np.ma.maximum_fill_value,valid_mutation,3,valid,obj,scalar_delta,True,valid_mutation_success,,,stage4/results/torch-thesis-all-coverage/execution_results/torch.storage.np.ma.maximum_fill_value.results.json
torch.storage.np.ma.maximum_fill_value,valid_mutation,4,valid,obj,value_nan,True,valid_mutation_success,,,stage4/results/torch-thesis-all-coverage/execution_results/torch.storage.np.ma.maximum_fill_value.results.json
torch.storage.np.ma.maximum_fill_value,valid_mutation,5,valid,obj,value_negzero,True,valid_mutation_success,,,stage4/results/torch-thesis-all-coverage/execution_results/torch.storage.np.ma.maximum_fill_value.results.json
torch.storage.np.ma.maximum_fill_value,valid_mutation,6,valid,obj,value_large_magnitude,True,valid_mutation_success,,,stage4/results/torch-thesis-all-coverage/execution_results/torch.storage.np.ma.maximum_fill_value.results.json
torch.storage.np.ma.maximum_fill_value,negative_mutation,7,negative,obj,type_widen,True,negative_accepted_not_bug,,,stage4/results/torch-thesis-all-coverage/execution_results/torch.storage.np.ma.maximum_fill_value.results.json
torch.storage.np.ma.minimum_fill_value,base_valid,0,valid,,,True,success_valid,,,stage4/results/torch-thesis-all-coverage/execution_results/torch.storage.np.ma.minimum_fill_value.results.json
torch.storage.np.ma.minimum_fill_value,valid_mutation,1,valid,obj,value_negzero,True,valid_mutation_success,,,stage4/results/torch-thesis-all-coverage/execution_results/torch.storage.np.ma.minimum_fill_value.results.json
torch.storage.np.ma.minimum_fill_value,valid_mutation,2,valid,obj,value_large_magnitude,True,valid_mutation_success,,,stage4/results/torch-thesis-all-coverage/execution_results/torch.storage.np.ma.minimum_fill_value.results.json
torch.storage.np.ma.minimum_fill_value,valid_mutation,3,valid,obj,value_nan,True,valid_mutation_success,,,stage4/results/torch-thesis-all-coverage/execution_results/torch.storage.np.ma.minimum_fill_value.results.json
torch.storage.np.ma.minimum_fill_value,valid_mutation,4,valid,obj,value_neginf,True,valid_mutation_success,,,stage4/results/torch-thesis-all-coverage/execution_results/torch.storage.np.ma.minimum_fill_value.results.json
torch.storage.np.ma.minimum_fill_value,valid_mutation,5,valid,obj,scalar_delta,True,valid_mutation_success,,,stage4/results/torch-thesis-all-coverage/execution_results/torch.storage.np.ma.minimum_fill_value.results.json
torch.storage.np.ma.minimum_fill_value,valid_mutation,6,valid,obj,value_posinf,True,valid_mutation_success,,,stage4/results/torch-thesis-all-coverage/execution_results/torch.storage.np.ma.minimum_fill_value.results.json
torch.storage.np.ma.minimum_fill_value,negative_mutation,7,negative,obj,type_widen,True,negative_accepted_not_bug,,,stage4/results/torch-thesis-all-coverage/execution_results/torch.storage.np.ma.minimum_fill_value.results.json
torch.storage.np.ma.ones,base_valid,0,valid,,,True,success_valid,,,stage4/results/torch-thesis-all-coverage/execution_results/torch.storage.np.ma.ones.results.json
torch.storage.np.ma.ones,valid_mutation,1,valid,shape,element_delta,True,valid_mutation_success,,,stage4/results/torch-thesis-all-coverage/execution_results/torch.storage.np.ma.ones.results.json
torch.storage.np.ma.ones,valid_mutation,2,valid,shape,structure_grow,True,valid_mutation_success,,,stage4/results/torch-thesis-all-coverage/execution_results/torch.storage.np.ma.ones.results.json
torch.storage.np.ma.ones,negative_mutation,3,negative,shape,structure_shrink,True,negative_accepted_not_bug,,,stage4/results/torch-thesis-all-coverage/execution_results/torch.storage.np.ma.ones.results.json
torch.storage.np.ma.ones_like,base_valid,0,valid,,,True,differential_mismatch,DifferentialMismatch,success/exception mismatch between cpu and mps,stage4/results/torch-thesis-all-coverage/execution_results/torch.storage.np.ma.ones_like.results.json
torch.storage.np.ma.ones_like,valid_mutation,1,valid,a,value_large_magnitude,True,differential_mismatch,DifferentialMismatch,success/exception mismatch between cpu and mps,stage4/results/torch-thesis-all-coverage/execution_results/torch.storage.np.ma.ones_like.results.json
torch.storage.np.ma.ones_like,valid_mutation,2,valid,a,value_posinf,True,differential_mismatch,DifferentialMismatch,success/exception mismatch between cpu and mps,stage4/results/torch-thesis-all-coverage/execution_results/torch.storage.np.ma.ones_like.results.json
torch.storage.np.ma.ones_like,valid_mutation,3,valid,a,value_noise,True,differential_mismatch,DifferentialMismatch,success/exception mismatch between cpu and mps,stage4/results/torch-thesis-all-coverage/execution_results/torch.storage.np.ma.ones_like.results.json
torch.storage.np.ma.ones_like,valid_mutation,4,valid,a,value_neginf,True,differential_mismatch,DifferentialMismatch,success/exception mismatch between cpu and mps,stage4/results/torch-thesis-all-coverage/execution_results/torch.storage.np.ma.ones_like.results.json
torch.storage.np.ma.ones_like,valid_mutation,5,valid,a,value_negzero,True,differential_mismatch,DifferentialMismatch,success/exception mismatch between cpu and mps,stage4/results/torch-thesis-all-coverage/execution_results/torch.storage.np.ma.ones_like.results.json
torch.storage.np.ma.ones_like,valid_mutation,6,valid,a,value_division,True,differential_mismatch,DifferentialMismatch,success/exception mismatch between cpu and mps,stage4/results/torch-thesis-all-coverage/execution_results/torch.storage.np.ma.ones_like.results.json
torch.storage.np.ma.ones_like,valid_mutation,7,valid,a,value_mask,True,differential_mismatch,DifferentialMismatch,success/exception mismatch between cpu and mps,stage4/results/torch-thesis-all-coverage/execution_results/torch.storage.np.ma.ones_like.results.json
torch.storage.np.ma.ones_like,valid_mutation,8,valid,a,value_nan,True,differential_mismatch,DifferentialMismatch,success/exception mismatch between cpu and mps,stage4/results/torch-thesis-all-coverage/execution_results/torch.storage.np.ma.ones_like.results.json
torch.storage.np.ma.ones_like,negative_mutation,9,negative,a,shape_expand,True,negative_accepted_not_bug,,,stage4/results/torch-thesis-all-coverage/execution_results/torch.storage.np.ma.ones_like.results.json
torch.storage.np.ma.ones_like,negative_mutation,10,negative,a,dtype_mutate,True,negative_accepted_not_bug,,,stage4/results/torch-thesis-all-coverage/execution_results/torch.storage.np.ma.ones_like.results.json
torch.storage.np.ma.zeros,base_valid,0,valid,,,True,success_valid,,,stage4/results/torch-thesis-all-coverage/execution_results/torch.storage.np.ma.zeros.results.json
torch.storage.np.ma.zeros,valid_mutation,1,valid,shape,element_delta,True,valid_mutation_success,,,stage4/results/torch-thesis-all-coverage/execution_results/torch.storage.np.ma.zeros.results.json
torch.storage.np.ma.zeros,valid_mutation,2,valid,shape,structure_grow,True,valid_mutation_success,,,stage4/results/torch-thesis-all-coverage/execution_results/torch.storage.np.ma.zeros.results.json
torch.storage.np.ma.zeros,negative_mutation,3,negative,shape,structure_shrink,True,negative_accepted_not_bug,,,stage4/results/torch-thesis-all-coverage/execution_results/torch.storage.np.ma.zeros.results.json
torch.storage.np.ma.zeros_like,base_valid,0,valid,,,True,differential_mismatch,DifferentialMismatch,success/exception mismatch between cpu and mps,stage4/results/torch-thesis-all-coverage/execution_results/torch.storage.np.ma.zeros_like.results.json
torch.storage.np.ma.zeros_like,valid_mutation,1,valid,a,value_negzero,True,differential_mismatch,DifferentialMismatch,success/exception mismatch between cpu and mps,stage4/results/torch-thesis-all-coverage/execution_results/torch.storage.np.ma.zeros_like.results.json
torch.storage.np.ma.zeros_like,valid_mutation,2,valid,a,value_neginf,True,differential_mismatch,DifferentialMismatch,success/exception mismatch between cpu and mps,stage4/results/torch-thesis-all-coverage/execution_results/torch.storage.np.ma.zeros_like.results.json
torch.storage.np.ma.zeros_like,valid_mutation,3,valid,a,value_posinf,True,differential_mismatch,DifferentialMismatch,success/exception mismatch between cpu and mps,stage4/results/torch-thesis-all-coverage/execution_results/torch.storage.np.ma.zeros_like.results.json
torch.storage.np.ma.zeros_like,valid_mutation,4,valid,a,value_division,True,differential_mismatch,DifferentialMismatch,success/exception mismatch between cpu and mps,stage4/results/torch-thesis-all-coverage/execution_results/torch.storage.np.ma.zeros_like.results.json
torch.storage.np.ma.zeros_like,valid_mutation,5,valid,a,value_nan,True,differential_mismatch,DifferentialMismatch,success/exception mismatch between cpu and mps,stage4/results/torch-thesis-all-coverage/execution_results/torch.storage.np.ma.zeros_like.results.json
torch.storage.np.ma.zeros_like,valid_mutation,6,valid,a,value_mask,True,differential_mismatch,DifferentialMismatch,success/exception mismatch between cpu and mps,stage4/results/torch-thesis-all-coverage/execution_results/torch.storage.np.ma.zeros_like.results.json
torch.storage.np.ma.zeros_like,valid_mutation,7,valid,a,value_large_magnitude,True,differential_mismatch,DifferentialMismatch,success/exception mismatch between cpu and mps,stage4/results/torch-thesis-all-coverage/execution_results/torch.storage.np.ma.zeros_like.results.json
torch.storage.np.ma.zeros_like,valid_mutation,8,valid,a,value_noise,True,differential_mismatch,DifferentialMismatch,success/exception mismatch between cpu and mps,stage4/results/torch-thesis-all-coverage/execution_results/torch.storage.np.ma.zeros_like.results.json
torch.storage.np.ma.zeros_like,negative_mutation,9,negative,a,shape_expand,True,negative_accepted_not_bug,,,stage4/results/torch-thesis-all-coverage/execution_results/torch.storage.np.ma.zeros_like.results.json
torch.storage.np.ma.zeros_like,negative_mutation,10,negative,a,dtype_mutate,True,negative_accepted_not_bug,,,stage4/results/torch-thesis-all-coverage/execution_results/torch.storage.np.ma.zeros_like.results.json
torch.storage.np.nancumprod,base_valid,0,valid,,,True,differential_mismatch,DifferentialMismatch,success/exception mismatch between cpu and mps,stage4/results/torch-thesis-all-coverage/execution_results/torch.storage.np.nancumprod.results.json
torch.storage.np.nancumprod,valid_mutation,1,valid,a,value_noise,True,differential_mismatch,DifferentialMismatch,success/exception mismatch between cpu and mps,stage4/results/torch-thesis-all-coverage/execution_results/torch.storage.np.nancumprod.results.json
torch.storage.np.nancumprod,valid_mutation,2,valid,a,value_neginf,True,differential_mismatch,DifferentialMismatch,success/exception mismatch between cpu and mps,stage4/results/torch-thesis-all-coverage/execution_results/torch.storage.np.nancumprod.results.json
torch.storage.np.nancumprod,valid_mutation,3,valid,a,value_large_magnitude,True,differential_mismatch,DifferentialMismatch,success/exception mismatch between cpu and mps,stage4/results/torch-thesis-all-coverage/execution_results/torch.storage.np.nancumprod.results.json
torch.storage.np.nancumprod,valid_mutation,4,valid,a,value_negzero,True,differential_mismatch,DifferentialMismatch,success/exception mismatch between cpu and mps,stage4/results/torch-thesis-all-coverage/execution_results/torch.storage.np.nancumprod.results.json
torch.storage.np.nancumprod,valid_mutation,5,valid,a,value_nan,True,differential_mismatch,DifferentialMismatch,success/exception mismatch between cpu and mps,stage4/results/torch-thesis-all-coverage/execution_results/torch.storage.np.nancumprod.results.json
torch.storage.np.nancumprod,valid_mutation,6,valid,a,value_division,True,differential_mismatch,DifferentialMismatch,success/exception mismatch between cpu and mps,stage4/results/torch-thesis-all-coverage/execution_results/torch.storage.np.nancumprod.results.json
torch.storage.np.nancumprod,valid_mutation,7,valid,a,value_posinf,True,differential_mismatch,DifferentialMismatch,success/exception mismatch between cpu and mps,stage4/results/torch-thesis-all-coverage/execution_results/torch.storage.np.nancumprod.results.json
torch.storage.np.nancumprod,valid_mutation,8,valid,a,value_mask,True,differential_mismatch,DifferentialMismatch,success/exception mismatch between cpu and mps,stage4/results/torch-thesis-all-coverage/execution_results/torch.storage.np.nancumprod.results.json
torch.storage.np.nancumprod,negative_mutation,9,negative,a,shape_expand,True,negative_accepted_not_bug,,,stage4/results/torch-thesis-all-coverage/execution_results/torch.storage.np.nancumprod.results.json
torch.storage.np.nancumprod,negative_mutation,10,negative,a,dtype_mutate,True,negative_accepted_not_bug,,,stage4/results/torch-thesis-all-coverage/execution_results/torch.storage.np.nancumprod.results.json
torch.storage.np.nanprod,base_valid,0,valid,,,True,differential_mismatch,DifferentialMismatch,success/exception mismatch between cpu and mps,stage4/results/torch-thesis-all-coverage/execution_results/torch.storage.np.nanprod.results.json
torch.storage.np.nanprod,valid_mutation,1,valid,a,value_noise,True,differential_mismatch,DifferentialMismatch,success/exception mismatch between cpu and mps,stage4/results/torch-thesis-all-coverage/execution_results/torch.storage.np.nanprod.results.json
torch.storage.np.nanprod,valid_mutation,2,valid,a,value_mask,True,differential_mismatch,DifferentialMismatch,success/exception mismatch between cpu and mps,stage4/results/torch-thesis-all-coverage/execution_results/torch.storage.np.nanprod.results.json
torch.storage.np.nanprod,valid_mutation,3,valid,a,value_large_magnitude,True,differential_mismatch,DifferentialMismatch,success/exception mismatch between cpu and mps,stage4/results/torch-thesis-all-coverage/execution_results/torch.storage.np.nanprod.results.json
torch.storage.np.nanprod,valid_mutation,4,valid,a,value_division,True,differential_mismatch,DifferentialMismatch,success/exception mismatch between cpu and mps,stage4/results/torch-thesis-all-coverage/execution_results/torch.storage.np.nanprod.results.json
torch.storage.np.nanprod,valid_mutation,5,valid,a,value_negzero,True,differential_mismatch,DifferentialMismatch,success/exception mismatch between cpu and mps,stage4/results/torch-thesis-all-coverage/execution_results/torch.storage.np.nanprod.results.json
torch.storage.np.nanprod,valid_mutation,6,valid,a,value_nan,True,differential_mismatch,DifferentialMismatch,success/exception mismatch between cpu and mps,stage4/results/torch-thesis-all-coverage/execution_results/torch.storage.np.nanprod.results.json
torch.storage.np.nanprod,valid_mutation,7,valid,a,value_posinf,True,differential_mismatch,DifferentialMismatch,success/exception mismatch between cpu and mps,stage4/results/torch-thesis-all-coverage/execution_results/torch.storage.np.nanprod.results.json
torch.storage.np.nanprod,valid_mutation,8,valid,a,value_neginf,True,differential_mismatch,DifferentialMismatch,success/exception mismatch between cpu and mps,stage4/results/torch-thesis-all-coverage/execution_results/torch.storage.np.nanprod.results.json
torch.storage.np.nanprod,negative_mutation,9,negative,a,shape_shrink,True,negative_accepted_not_bug,,,stage4/results/torch-thesis-all-coverage/execution_results/torch.storage.np.nanprod.results.json
torch.storage.np.nanprod,negative_mutation,10,negative,a,dtype_mutate,True,negative_accepted_not_bug,,,stage4/results/torch-thesis-all-coverage/execution_results/torch.storage.np.nanprod.results.json
torch.storage.np.ndim,base_valid,0,valid,,,True,success_valid,,,stage4/results/torch-thesis-all-coverage/execution_results/torch.storage.np.ndim.results.json
torch.storage.np.ndim,valid_mutation,1,valid,a,value_nan,True,valid_mutation_success,,,stage4/results/torch-thesis-all-coverage/execution_results/torch.storage.np.ndim.results.json
torch.storage.np.ndim,valid_mutation,2,valid,a,value_posinf,True,valid_mutation_success,,,stage4/results/torch-thesis-all-coverage/execution_results/torch.storage.np.ndim.results.json
torch.storage.np.ndim,valid_mutation,3,valid,a,value_noise,True,valid_mutation_success,,,stage4/results/torch-thesis-all-coverage/execution_results/torch.storage.np.ndim.results.json
torch.storage.np.ndim,valid_mutation,4,valid,a,value_division,True,valid_mutation_success,,,stage4/results/torch-thesis-all-coverage/execution_results/torch.storage.np.ndim.results.json
torch.storage.np.ndim,valid_mutation,5,valid,a,value_neginf,True,valid_mutation_success,,,stage4/results/torch-thesis-all-coverage/execution_results/torch.storage.np.ndim.results.json
torch.storage.np.ndim,valid_mutation,6,valid,a,value_negzero,True,valid_mutation_success,,,stage4/results/torch-thesis-all-coverage/execution_results/torch.storage.np.ndim.results.json
torch.storage.np.ndim,valid_mutation,7,valid,a,value_large_magnitude,True,valid_mutation_success,,,stage4/results/torch-thesis-all-coverage/execution_results/torch.storage.np.ndim.results.json
torch.storage.np.ndim,valid_mutation,8,valid,a,value_mask,True,valid_mutation_success,,,stage4/results/torch-thesis-all-coverage/execution_results/torch.storage.np.ndim.results.json
torch.storage.np.ndim,negative_mutation,9,negative,a,shape_shrink,True,negative_accepted_not_bug,,,stage4/results/torch-thesis-all-coverage/execution_results/torch.storage.np.ndim.results.json
torch.storage.np.ndim,negative_mutation,10,negative,a,dtype_mutate,True,negative_accepted_not_bug,,,stage4/results/torch-thesis-all-coverage/execution_results/torch.storage.np.ndim.results.json
torch.storage.np.nonzero,base_valid,0,valid,,,True,success_valid,,,stage4/results/torch-thesis-all-coverage/execution_results/torch.storage.np.nonzero.results.json
torch.storage.np.nonzero,valid_mutation,1,valid,a,value_noise,True,valid_mutation_success,,,stage4/results/torch-thesis-all-coverage/execution_results/torch.storage.np.nonzero.results.json
torch.storage.np.nonzero,valid_mutation,2,valid,a,value_division,True,valid_mutation_success,,,stage4/results/torch-thesis-all-coverage/execution_results/torch.storage.np.nonzero.results.json
torch.storage.np.nonzero,valid_mutation,3,valid,a,value_mask,True,valid_mutation_success,,,stage4/results/torch-thesis-all-coverage/execution_results/torch.storage.np.nonzero.results.json
torch.storage.np.nonzero,valid_mutation,4,valid,a,value_large_magnitude,True,valid_mutation_success,,,stage4/results/torch-thesis-all-coverage/execution_results/torch.storage.np.nonzero.results.json
torch.storage.np.nonzero,negative_mutation,5,negative,a,shape_shrink,True,negative_accepted_not_bug,,,stage4/results/torch-thesis-all-coverage/execution_results/torch.storage.np.nonzero.results.json
torch.storage.np.nonzero,negative_mutation,6,negative,a,dtype_mutate,True,negative_accepted_not_bug,,,stage4/results/torch-thesis-all-coverage/execution_results/torch.storage.np.nonzero.results.json
torch.storage.np.ones,base_valid,0,valid,,,True,success_valid,,,stage4/results/torch-thesis-all-coverage/execution_results/torch.storage.np.ones.results.json
torch.storage.np.ones,valid_mutation,1,valid,shape,element_delta,True,valid_mutation_success,,,stage4/results/torch-thesis-all-coverage/execution_results/torch.storage.np.ones.results.json
torch.storage.np.ones,valid_mutation,2,valid,shape,structure_grow,True,valid_mutation_success,,,stage4/results/torch-thesis-all-coverage/execution_results/torch.storage.np.ones.results.json
torch.storage.np.ones,negative_mutation,3,negative,shape,structure_shrink,True,negative_accepted_not_bug,,,stage4/results/torch-thesis-all-coverage/execution_results/torch.storage.np.ones.results.json
torch.storage.np.ones_like,base_valid,0,valid,,,True,differential_mismatch,DifferentialMismatch,success/exception mismatch between cpu and mps,stage4/results/torch-thesis-all-coverage/execution_results/torch.storage.np.ones_like.results.json
torch.storage.np.ones_like,valid_mutation,1,valid,a,value_posinf,True,differential_mismatch,DifferentialMismatch,success/exception mismatch between cpu and mps,stage4/results/torch-thesis-all-coverage/execution_results/torch.storage.np.ones_like.results.json
torch.storage.np.ones_like,valid_mutation,2,valid,a,value_division,True,differential_mismatch,DifferentialMismatch,success/exception mismatch between cpu and mps,stage4/results/torch-thesis-all-coverage/execution_results/torch.storage.np.ones_like.results.json
torch.storage.np.ones_like,valid_mutation,3,valid,a,value_large_magnitude,True,differential_mismatch,DifferentialMismatch,success/exception mismatch between cpu and mps,stage4/results/torch-thesis-all-coverage/execution_results/torch.storage.np.ones_like.results.json
torch.storage.np.ones_like,valid_mutation,4,valid,a,value_negzero,True,differential_mismatch,DifferentialMismatch,success/exception mismatch between cpu and mps,stage4/results/torch-thesis-all-coverage/execution_results/torch.storage.np.ones_like.results.json
torch.storage.np.ones_like,valid_mutation,5,valid,a,value_nan,True,differential_mismatch,DifferentialMismatch,success/exception mismatch between cpu and mps,stage4/results/torch-thesis-all-coverage/execution_results/torch.storage.np.ones_like.results.json
torch.storage.np.ones_like,valid_mutation,6,valid,a,value_noise,True,differential_mismatch,DifferentialMismatch,success/exception mismatch between cpu and mps,stage4/results/torch-thesis-all-coverage/execution_results/torch.storage.np.ones_like.results.json
torch.storage.np.ones_like,valid_mutation,7,valid,a,value_neginf,True,differential_mismatch,DifferentialMismatch,success/exception mismatch between cpu and mps,stage4/results/torch-thesis-all-coverage/execution_results/torch.storage.np.ones_like.results.json
torch.storage.np.ones_like,valid_mutation,8,valid,a,value_mask,True,differential_mismatch,DifferentialMismatch,success/exception mismatch between cpu and mps,stage4/results/torch-thesis-all-coverage/execution_results/torch.storage.np.ones_like.results.json
torch.storage.np.ones_like,negative_mutation,9,negative,a,shape_shrink,True,negative_accepted_not_bug,,,stage4/results/torch-thesis-all-coverage/execution_results/torch.storage.np.ones_like.results.json
torch.storage.np.ones_like,negative_mutation,10,negative,a,dtype_mutate,True,negative_accepted_not_bug,,,stage4/results/torch-thesis-all-coverage/execution_results/torch.storage.np.ones_like.results.json
torch.storage.np.pad,base_valid,0,valid,,,True,differential_mismatch,DifferentialMismatch,success/exception mismatch between cpu and mps,stage4/results/torch-thesis-all-coverage/execution_results/torch.storage.np.pad.results.json
torch.storage.np.pad,valid_mutation,1,valid,array,value_nan,True,differential_mismatch,DifferentialMismatch,success/exception mismatch between cpu and mps,stage4/results/torch-thesis-all-coverage/execution_results/torch.storage.np.pad.results.json
torch.storage.np.pad,valid_mutation,2,valid,array,value_mask,True,differential_mismatch,DifferentialMismatch,success/exception mismatch between cpu and mps,stage4/results/torch-thesis-all-coverage/execution_results/torch.storage.np.pad.results.json
torch.storage.np.pad,valid_mutation,3,valid,array,value_posinf,True,differential_mismatch,DifferentialMismatch,success/exception mismatch between cpu and mps,stage4/results/torch-thesis-all-coverage/execution_results/torch.storage.np.pad.results.json
torch.storage.np.pad,valid_mutation,4,valid,array,value_large_magnitude,True,differential_mismatch,DifferentialMismatch,success/exception mismatch between cpu and mps,stage4/results/torch-thesis-all-coverage/execution_results/torch.storage.np.pad.results.json
torch.storage.np.pad,valid_mutation,5,valid,array,value_negzero,True,differential_mismatch,DifferentialMismatch,success/exception mismatch between cpu and mps,stage4/results/torch-thesis-all-coverage/execution_results/torch.storage.np.pad.results.json
torch.storage.np.pad,valid_mutation,6,valid,array,value_division,True,differential_mismatch,DifferentialMismatch,success/exception mismatch between cpu and mps,stage4/results/torch-thesis-all-coverage/execution_results/torch.storage.np.pad.results.json
torch.storage.np.pad,valid_mutation,7,valid,array,value_neginf,True,differential_mismatch,DifferentialMismatch,success/exception mismatch between cpu and mps,stage4/results/torch-thesis-all-coverage/execution_results/torch.storage.np.pad.results.json
torch.storage.np.pad,valid_mutation,8,valid,array,value_noise,True,differential_mismatch,DifferentialMismatch,success/exception mismatch between cpu and mps,stage4/results/torch-thesis-all-coverage/execution_results/torch.storage.np.pad.results.json
torch.storage.np.pad,negative_mutation,9,negative,array,shape_shrink,True,negative_accepted_not_bug,,,stage4/results/torch-thesis-all-coverage/execution_results/torch.storage.np.pad.results.json
torch.storage.np.pad,negative_mutation,10,negative,array,dtype_mutate,True,negative_accepted_not_bug,,,stage4/results/torch-thesis-all-coverage/execution_results/torch.storage.np.pad.results.json
torch.storage.np.pad,valid_mutation,11,valid,pad_width,value_large_magnitude,True,differential_mismatch,DifferentialMismatch,success/exception mismatch between cpu and mps,stage4/results/torch-thesis-all-coverage/execution_results/torch.storage.np.pad.results.json
torch.storage.np.pad,valid_mutation,12,valid,pad_width,enum_switch,True,differential_mismatch,DifferentialMismatch,success/exception mismatch between cpu and mps,stage4/results/torch-thesis-all-coverage/execution_results/torch.storage.np.pad.results.json
torch.storage.np.pad,negative_mutation,13,negative,pad_width,enum_invalid,True,negative_accepted_not_bug,,,stage4/results/torch-thesis-all-coverage/execution_results/torch.storage.np.pad.results.json
torch.storage.np.partition,base_valid,0,valid,,,True,differential_mismatch,DifferentialMismatch,success/exception mismatch between cpu and mps,stage4/results/torch-thesis-all-coverage/execution_results/torch.storage.np.partition.results.json
torch.storage.np.partition,valid_mutation,1,valid,a,value_posinf,True,differential_mismatch,DifferentialMismatch,success/exception mismatch between cpu and mps,stage4/results/torch-thesis-all-coverage/execution_results/torch.storage.np.partition.results.json
torch.storage.np.partition,valid_mutation,2,valid,a,value_nan,True,differential_mismatch,DifferentialMismatch,success/exception mismatch between cpu and mps,stage4/results/torch-thesis-all-coverage/execution_results/torch.storage.np.partition.results.json
torch.storage.np.partition,valid_mutation,3,valid,a,value_division,True,differential_mismatch,DifferentialMismatch,success/exception mismatch between cpu and mps,stage4/results/torch-thesis-all-coverage/execution_results/torch.storage.np.partition.results.json
torch.storage.np.partition,valid_mutation,4,valid,a,value_large_magnitude,True,differential_mismatch,DifferentialMismatch,success/exception mismatch between cpu and mps,stage4/results/torch-thesis-all-coverage/execution_results/torch.storage.np.partition.results.json
torch.storage.np.partition,valid_mutation,5,valid,a,value_negzero,True,differential_mismatch,DifferentialMismatch,success/exception mismatch between cpu and mps,stage4/results/torch-thesis-all-coverage/execution_results/torch.storage.np.partition.results.json
torch.storage.np.partition,valid_mutation,6,valid,a,value_mask,True,differential_mismatch,DifferentialMismatch,success/exception mismatch between cpu and mps,stage4/results/torch-thesis-all-coverage/execution_results/torch.storage.np.partition.results.json
torch.storage.np.partition,valid_mutation,7,valid,a,value_noise,True,differential_mismatch,DifferentialMismatch,success/exception mismatch between cpu and mps,stage4/results/torch-thesis-all-coverage/execution_results/torch.storage.np.partition.results.json
torch.storage.np.partition,valid_mutation,8,valid,a,value_neginf,True,differential_mismatch,DifferentialMismatch,success/exception mismatch between cpu and mps,stage4/results/torch-thesis-all-coverage/execution_results/torch.storage.np.partition.results.json
torch.storage.np.partition,negative_mutation,9,negative,a,shape_shrink,False,expected_negative_rejection,ValueError,kth(=1) out of bounds (1),stage4/results/torch-thesis-all-coverage/execution_results/torch.storage.np.partition.results.json
torch.storage.np.partition,negative_mutation,10,negative,a,dtype_mutate,True,negative_accepted_not_bug,,,stage4/results/torch-thesis-all-coverage/execution_results/torch.storage.np.partition.results.json
torch.storage.np.partition,valid_mutation,11,valid,kth,scalar_delta,True,differential_mismatch,DifferentialMismatch,success/exception mismatch between cpu and mps,stage4/results/torch-thesis-all-coverage/execution_results/torch.storage.np.partition.results.json
torch.storage.np.partition,valid_mutation,12,valid,kth,value_large_magnitude,True,differential_mismatch,DifferentialMismatch,success/exception mismatch between cpu and mps,stage4/results/torch-thesis-all-coverage/execution_results/torch.storage.np.partition.results.json
torch.storage.np.partition,negative_mutation,13,negative,kth,type_widen,False,expected_negative_rejection,TypeError,Partition index must be integer,stage4/results/torch-thesis-all-coverage/execution_results/torch.storage.np.partition.results.json
torch.storage.np.permute_dims,base_valid,0,valid,,,True,differential_mismatch,DifferentialMismatch,success/exception mismatch between cpu and mps,stage4/results/torch-thesis-all-coverage/execution_results/torch.storage.np.permute_dims.results.json
torch.storage.np.permute_dims,valid_mutation,1,valid,a,value_posinf,True,differential_mismatch,DifferentialMismatch,success/exception mismatch between cpu and mps,stage4/results/torch-thesis-all-coverage/execution_results/torch.storage.np.permute_dims.results.json
torch.storage.np.permute_dims,valid_mutation,2,valid,a,value_noise,True,differential_mismatch,DifferentialMismatch,success/exception mismatch between cpu and mps,stage4/results/torch-thesis-all-coverage/execution_results/torch.storage.np.permute_dims.results.json
torch.storage.np.permute_dims,valid_mutation,3,valid,a,value_neginf,True,differential_mismatch,DifferentialMismatch,success/exception mismatch between cpu and mps,stage4/results/torch-thesis-all-coverage/execution_results/torch.storage.np.permute_dims.results.json
torch.storage.np.permute_dims,valid_mutation,4,valid,a,value_division,True,differential_mismatch,DifferentialMismatch,success/exception mismatch between cpu and mps,stage4/results/torch-thesis-all-coverage/execution_results/torch.storage.np.permute_dims.results.json
torch.storage.np.permute_dims,valid_mutation,5,valid,a,value_negzero,True,differential_mismatch,DifferentialMismatch,success/exception mismatch between cpu and mps,stage4/results/torch-thesis-all-coverage/execution_results/torch.storage.np.permute_dims.results.json
torch.storage.np.permute_dims,valid_mutation,6,valid,a,value_large_magnitude,True,differential_mismatch,DifferentialMismatch,success/exception mismatch between cpu and mps,stage4/results/torch-thesis-all-coverage/execution_results/torch.storage.np.permute_dims.results.json
torch.storage.np.permute_dims,valid_mutation,7,valid,a,value_mask,True,differential_mismatch,DifferentialMismatch,success/exception mismatch between cpu and mps,stage4/results/torch-thesis-all-coverage/execution_results/torch.storage.np.permute_dims.results.json
torch.storage.np.permute_dims,valid_mutation,8,valid,a,value_nan,True,differential_mismatch,DifferentialMismatch,success/exception mismatch between cpu and mps,stage4/results/torch-thesis-all-coverage/execution_results/torch.storage.np.permute_dims.results.json
torch.storage.np.permute_dims,negative_mutation,9,negative,a,shape_expand,True,negative_accepted_not_bug,,,stage4/results/torch-thesis-all-coverage/execution_results/torch.storage.np.permute_dims.results.json
torch.storage.np.permute_dims,negative_mutation,10,negative,a,dtype_mutate,True,negative_accepted_not_bug,,,stage4/results/torch-thesis-all-coverage/execution_results/torch.storage.np.permute_dims.results.json
torch.storage.np.poly,base_valid,0,valid,,,True,differential_mismatch,DifferentialMismatch,success/exception mismatch between cpu and mps,stage4/results/torch-thesis-all-coverage/execution_results/torch.storage.np.poly.results.json
torch.storage.np.polynomial.chebyshev.cheb2poly,base_valid,0,valid,,,True,differential_mismatch,DifferentialMismatch,success/exception mismatch between cpu and mps,stage4/results/torch-thesis-all-coverage/execution_results/torch.storage.np.polynomial.chebyshev.cheb2poly.results.json
torch.storage.np.polynomial.chebyshev.cheb2poly,valid_mutation,1,valid,c,value_posinf,True,differential_mismatch,DifferentialMismatch,success/exception mismatch between cpu and mps,stage4/results/torch-thesis-all-coverage/execution_results/torch.storage.np.polynomial.chebyshev.cheb2poly.results.json
torch.storage.np.polynomial.chebyshev.cheb2poly,valid_mutation,2,valid,c,value_large_magnitude,True,differential_mismatch,DifferentialMismatch,success/exception mismatch between cpu and mps,stage4/results/torch-thesis-all-coverage/execution_results/torch.storage.np.polynomial.chebyshev.cheb2poly.results.json
torch.storage.np.polynomial.chebyshev.cheb2poly,valid_mutation,3,valid,c,value_noise,True,differential_mismatch,DifferentialMismatch,success/exception mismatch between cpu and mps,stage4/results/torch-thesis-all-coverage/execution_results/torch.storage.np.polynomial.chebyshev.cheb2poly.results.json
torch.storage.np.polynomial.chebyshev.cheb2poly,valid_mutation,4,valid,c,value_neginf,True,differential_mismatch,DifferentialMismatch,success/exception mismatch between cpu and mps,stage4/results/torch-thesis-all-coverage/execution_results/torch.storage.np.polynomial.chebyshev.cheb2poly.results.json
torch.storage.np.polynomial.chebyshev.cheb2poly,valid_mutation,5,valid,c,value_nan,True,differential_mismatch,DifferentialMismatch,success/exception mismatch between cpu and mps,stage4/results/torch-thesis-all-coverage/execution_results/torch.storage.np.polynomial.chebyshev.cheb2poly.results.json
torch.storage.np.polynomial.chebyshev.cheb2poly,valid_mutation,6,valid,c,value_division,True,differential_mismatch,DifferentialMismatch,success/exception mismatch between cpu and mps,stage4/results/torch-thesis-all-coverage/execution_results/torch.storage.np.polynomial.chebyshev.cheb2poly.results.json
torch.storage.np.polynomial.chebyshev.cheb2poly,valid_mutation,7,valid,c,value_negzero,True,differential_mismatch,DifferentialMismatch,success/exception mismatch between cpu and mps,stage4/results/torch-thesis-all-coverage/execution_results/torch.storage.np.polynomial.chebyshev.cheb2poly.results.json
torch.storage.np.polynomial.chebyshev.cheb2poly,valid_mutation,8,valid,c,value_mask,True,differential_mismatch,DifferentialMismatch,success/exception mismatch between cpu and mps,stage4/results/torch-thesis-all-coverage/execution_results/torch.storage.np.polynomial.chebyshev.cheb2poly.results.json
torch.storage.np.polynomial.chebyshev.cheb2poly,negative_mutation,9,negative,c,shape_expand,True,negative_accepted_not_bug,,,stage4/results/torch-thesis-all-coverage/execution_results/torch.storage.np.polynomial.chebyshev.cheb2poly.results.json
torch.storage.np.polynomial.chebyshev.cheb2poly,negative_mutation,10,negative,c,dtype_mutate,True,negative_accepted_not_bug,,,stage4/results/torch-thesis-all-coverage/execution_results/torch.storage.np.polynomial.chebyshev.cheb2poly.results.json
torch.storage.np.polynomial.chebyshev.chebcompanion,base_valid,0,valid,,,True,differential_mismatch,DifferentialMismatch,success/exception mismatch between cpu and mps,stage4/results/torch-thesis-all-coverage/execution_results/torch.storage.np.polynomial.chebyshev.chebcompanion.results.json
torch.storage.np.polynomial.chebyshev.chebcompanion,valid_mutation,1,valid,c,value_posinf,True,differential_mismatch,DifferentialMismatch,success/exception mismatch between cpu and mps,stage4/results/torch-thesis-all-coverage/execution_results/torch.storage.np.polynomial.chebyshev.chebcompanion.results.json
torch.storage.np.polynomial.chebyshev.chebcompanion,valid_mutation,2,valid,c,value_nan,True,differential_mismatch,DifferentialMismatch,success/exception mismatch between cpu and mps,stage4/results/torch-thesis-all-coverage/execution_results/torch.storage.np.polynomial.chebyshev.chebcompanion.results.json
torch.storage.np.polynomial.chebyshev.chebcompanion,valid_mutation,3,valid,c,value_noise,True,differential_mismatch,DifferentialMismatch,success/exception mismatch between cpu and mps,stage4/results/torch-thesis-all-coverage/execution_results/torch.storage.np.polynomial.chebyshev.chebcompanion.results.json
torch.storage.np.polynomial.chebyshev.chebcompanion,valid_mutation,4,valid,c,value_neginf,True,differential_mismatch,DifferentialMismatch,success/exception mismatch between cpu and mps,stage4/results/torch-thesis-all-coverage/execution_results/torch.storage.np.polynomial.chebyshev.chebcompanion.results.json
torch.storage.np.polynomial.chebyshev.chebcompanion,valid_mutation,5,valid,c,value_division,True,differential_mismatch,DifferentialMismatch,success/exception mismatch between cpu and mps,stage4/results/torch-thesis-all-coverage/execution_results/torch.storage.np.polynomial.chebyshev.chebcompanion.results.json
torch.storage.np.polynomial.chebyshev.chebcompanion,valid_mutation,6,valid,c,value_large_magnitude,True,differential_mismatch,DifferentialMismatch,success/exception mismatch between cpu and mps,stage4/results/torch-thesis-all-coverage/execution_results/torch.storage.np.polynomial.chebyshev.chebcompanion.results.json
torch.storage.np.polynomial.chebyshev.chebcompanion,valid_mutation,7,valid,c,value_negzero,True,differential_mismatch,DifferentialMismatch,success/exception mismatch between cpu and mps,stage4/results/torch-thesis-all-coverage/execution_results/torch.storage.np.polynomial.chebyshev.chebcompanion.results.json
torch.storage.np.polynomial.chebyshev.chebcompanion,valid_mutation,8,valid,c,value_mask,True,differential_mismatch,DifferentialMismatch,success/exception mismatch between cpu and mps,stage4/results/torch-thesis-all-coverage/execution_results/torch.storage.np.polynomial.chebyshev.chebcompanion.results.json
torch.storage.np.polynomial.chebyshev.chebcompanion,negative_mutation,9,negative,c,shape_shrink,False,expected_negative_rejection,ValueError,Series must have maximum degree of at least 1.,stage4/results/torch-thesis-all-coverage/execution_results/torch.storage.np.polynomial.chebyshev.chebcompanion.results.json
torch.storage.np.polynomial.chebyshev.chebcompanion,negative_mutation,10,negative,c,dtype_mutate,True,negative_accepted_not_bug,,,stage4/results/torch-thesis-all-coverage/execution_results/torch.storage.np.polynomial.chebyshev.chebcompanion.results.json
torch.storage.np.polynomial.chebyshev.chebder,base_valid,0,valid,,,True,differential_mismatch,DifferentialMismatch,success/exception mismatch between cpu and mps,stage4/results/torch-thesis-all-coverage/execution_results/torch.storage.np.polynomial.chebyshev.chebder.results.json
torch.storage.np.polynomial.chebyshev.chebder,valid_mutation,1,valid,c,value_large_magnitude,True,differential_mismatch,DifferentialMismatch,success/exception mismatch between cpu and mps,stage4/results/torch-thesis-all-coverage/execution_results/torch.storage.np.polynomial.chebyshev.chebder.results.json
torch.storage.np.polynomial.chebyshev.chebder,valid_mutation,2,valid,c,value_negzero,True,differential_mismatch,DifferentialMismatch,success/exception mismatch between cpu and mps,stage4/results/torch-thesis-all-coverage/execution_results/torch.storage.np.polynomial.chebyshev.chebder.results.json
torch.storage.np.polynomial.chebyshev.chebder,valid_mutation,3,valid,c,value_mask,True,differential_mismatch,DifferentialMismatch,success/exception mismatch between cpu and mps,stage4/results/torch-thesis-all-coverage/execution_results/torch.storage.np.polynomial.chebyshev.chebder.results.json
torch.storage.np.polynomial.chebyshev.chebder,valid_mutation,4,valid,c,value_neginf,True,differential_mismatch,DifferentialMismatch,success/exception mismatch between cpu and mps,stage4/results/torch-thesis-all-coverage/execution_results/torch.storage.np.polynomial.chebyshev.chebder.results.json
torch.storage.np.polynomial.chebyshev.chebder,valid_mutation,5,valid,c,value_posinf,True,differential_mismatch,DifferentialMismatch,success/exception mismatch between cpu and mps,stage4/results/torch-thesis-all-coverage/execution_results/torch.storage.np.polynomial.chebyshev.chebder.results.json
torch.storage.np.polynomial.chebyshev.chebder,valid_mutation,6,valid,c,value_noise,True,differential_mismatch,DifferentialMismatch,success/exception mismatch between cpu and mps,stage4/results/torch-thesis-all-coverage/execution_results/torch.storage.np.polynomial.chebyshev.chebder.results.json
torch.storage.np.polynomial.chebyshev.chebder,valid_mutation,7,valid,c,value_division,True,differential_mismatch,DifferentialMismatch,success/exception mismatch between cpu and mps,stage4/results/torch-thesis-all-coverage/execution_results/torch.storage.np.polynomial.chebyshev.chebder.results.json
torch.storage.np.polynomial.chebyshev.chebder,valid_mutation,8,valid,c,value_nan,True,differential_mismatch,DifferentialMismatch,success/exception mismatch between cpu and mps,stage4/results/torch-thesis-all-coverage/execution_results/torch.storage.np.polynomial.chebyshev.chebder.results.json
torch.storage.np.polynomial.chebyshev.chebder,negative_mutation,9,negative,c,shape_expand,True,negative_accepted_not_bug,,,stage4/results/torch-thesis-all-coverage/execution_results/torch.storage.np.polynomial.chebyshev.chebder.results.json
torch.storage.np.polynomial.chebyshev.chebder,negative_mutation,10,negative,c,dtype_mutate,True,negative_accepted_not_bug,,,stage4/results/torch-thesis-all-coverage/execution_results/torch.storage.np.polynomial.chebyshev.chebder.results.json
torch.storage.np.polynomial.chebyshev.chebgauss,base_valid,0,valid,,,True,success_valid,,,stage4/results/torch-thesis-all-coverage/execution_results/torch.storage.np.polynomial.chebyshev.chebgauss.results.json
torch.storage.np.polynomial.chebyshev.chebgauss,valid_mutation,1,valid,deg,scalar_delta,True,valid_mutation_success,,,stage4/results/torch-thesis-all-coverage/execution_results/torch.storage.np.polynomial.chebyshev.chebgauss.results.json
torch.storage.np.polynomial.chebyshev.chebgauss,valid_mutation,2,valid,deg,value_large_magnitude,True,valid_mutation_success,,,stage4/results/torch-thesis-all-coverage/execution_results/torch.storage.np.polynomial.chebyshev.chebgauss.results.json
torch.storage.np.polynomial.chebyshev.chebgauss,negative_mutation,3,negative,deg,type_widen,False,expected_negative_rejection,TypeError,"deg must be an integer, received 1.0",stage4/results/torch-thesis-all-coverage/execution_results/torch.storage.np.polynomial.chebyshev.chebgauss.results.json
torch.storage.np.polynomial.chebyshev.chebint,base_valid,0,valid,,,True,differential_mismatch,DifferentialMismatch,success/exception mismatch between cpu and mps,stage4/results/torch-thesis-all-coverage/execution_results/torch.storage.np.polynomial.chebyshev.chebint.results.json
torch.storage.np.polynomial.chebyshev.chebint,valid_mutation,1,valid,c,value_noise,True,differential_mismatch,DifferentialMismatch,success/exception mismatch between cpu and mps,stage4/results/torch-thesis-all-coverage/execution_results/torch.storage.np.polynomial.chebyshev.chebint.results.json
torch.storage.np.polynomial.chebyshev.chebint,valid_mutation,2,valid,c,value_mask,True,differential_mismatch,DifferentialMismatch,success/exception mismatch between cpu and mps,stage4/results/torch-thesis-all-coverage/execution_results/torch.storage.np.polynomial.chebyshev.chebint.results.json
torch.storage.np.polynomial.chebyshev.chebint,valid_mutation,3,valid,c,value_posinf,True,differential_mismatch,DifferentialMismatch,success/exception mismatch between cpu and mps,stage4/results/torch-thesis-all-coverage/execution_results/torch.storage.np.polynomial.chebyshev.chebint.results.json
torch.storage.np.polynomial.chebyshev.chebint,valid_mutation,4,valid,c,value_neginf,True,differential_mismatch,DifferentialMismatch,success/exception mismatch between cpu and mps,stage4/results/torch-thesis-all-coverage/execution_results/torch.storage.np.polynomial.chebyshev.chebint.results.json
torch.storage.np.polynomial.chebyshev.chebint,valid_mutation,5,valid,c,value_division,True,differential_mismatch,DifferentialMismatch,success/exception mismatch between cpu and mps,stage4/results/torch-thesis-all-coverage/execution_results/torch.storage.np.polynomial.chebyshev.chebint.results.json
torch.storage.np.polynomial.chebyshev.chebint,valid_mutation,6,valid,c,value_nan,True,differential_mismatch,DifferentialMismatch,success/exception mismatch between cpu and mps,stage4/results/torch-thesis-all-coverage/execution_results/torch.storage.np.polynomial.chebyshev.chebint.results.json
torch.storage.np.polynomial.chebyshev.chebint,valid_mutation,7,valid,c,value_large_magnitude,True,differential_mismatch,DifferentialMismatch,success/exception mismatch between cpu and mps,stage4/results/torch-thesis-all-coverage/execution_results/torch.storage.np.polynomial.chebyshev.chebint.results.json
torch.storage.np.polynomial.chebyshev.chebint,valid_mutation,8,valid,c,value_negzero,True,differential_mismatch,DifferentialMismatch,success/exception mismatch between cpu and mps,stage4/results/torch-thesis-all-coverage/execution_results/torch.storage.np.polynomial.chebyshev.chebint.results.json
torch.storage.np.polynomial.chebyshev.chebint,negative_mutation,9,negative,c,shape_expand,True,negative_accepted_not_bug,,,stage4/results/torch-thesis-all-coverage/execution_results/torch.storage.np.polynomial.chebyshev.chebint.results.json
torch.storage.np.polynomial.chebyshev.chebint,negative_mutation,10,negative,c,dtype_mutate,True,negative_accepted_not_bug,,,stage4/results/torch-thesis-all-coverage/execution_results/torch.storage.np.polynomial.chebyshev.chebint.results.json
torch.storage.np.polynomial.chebyshev.chebmulx,base_valid,0,valid,,,True,differential_mismatch,DifferentialMismatch,success/exception mismatch between cpu and mps,stage4/results/torch-thesis-all-coverage/execution_results/torch.storage.np.polynomial.chebyshev.chebmulx.results.json
torch.storage.np.polynomial.chebyshev.chebmulx,valid_mutation,1,valid,c,value_noise,True,differential_mismatch,DifferentialMismatch,success/exception mismatch between cpu and mps,stage4/results/torch-thesis-all-coverage/execution_results/torch.storage.np.polynomial.chebyshev.chebmulx.results.json
torch.storage.np.polynomial.chebyshev.chebmulx,valid_mutation,2,valid,c,value_negzero,True,differential_mismatch,DifferentialMismatch,success/exception mismatch between cpu and mps,stage4/results/torch-thesis-all-coverage/execution_results/torch.storage.np.polynomial.chebyshev.chebmulx.results.json
torch.storage.np.polynomial.chebyshev.chebmulx,valid_mutation,3,valid,c,value_division,True,differential_mismatch,DifferentialMismatch,success/exception mismatch between cpu and mps,stage4/results/torch-thesis-all-coverage/execution_results/torch.storage.np.polynomial.chebyshev.chebmulx.results.json
torch.storage.np.polynomial.chebyshev.chebmulx,valid_mutation,4,valid,c,value_mask,True,differential_mismatch,DifferentialMismatch,success/exception mismatch between cpu and mps,stage4/results/torch-thesis-all-coverage/execution_results/torch.storage.np.polynomial.chebyshev.chebmulx.results.json
torch.storage.np.polynomial.chebyshev.chebmulx,valid_mutation,5,valid,c,value_nan,True,differential_mismatch,DifferentialMismatch,success/exception mismatch between cpu and mps,stage4/results/torch-thesis-all-coverage/execution_results/torch.storage.np.polynomial.chebyshev.chebmulx.results.json
torch.storage.np.polynomial.chebyshev.chebmulx,valid_mutation,6,valid,c,value_posinf,True,differential_mismatch,DifferentialMismatch,success/exception mismatch between cpu and mps,stage4/results/torch-thesis-all-coverage/execution_results/torch.storage.np.polynomial.chebyshev.chebmulx.results.json
torch.storage.np.polynomial.chebyshev.chebmulx,valid_mutation,7,valid,c,value_neginf,True,differential_mismatch,DifferentialMismatch,success/exception mismatch between cpu and mps,stage4/results/torch-thesis-all-coverage/execution_results/torch.storage.np.polynomial.chebyshev.chebmulx.results.json
torch.storage.np.polynomial.chebyshev.chebmulx,valid_mutation,8,valid,c,value_large_magnitude,True,differential_mismatch,DifferentialMismatch,success/exception mismatch between cpu and mps,stage4/results/torch-thesis-all-coverage/execution_results/torch.storage.np.polynomial.chebyshev.chebmulx.results.json
torch.storage.np.polynomial.chebyshev.chebmulx,negative_mutation,9,negative,c,shape_shrink,True,negative_accepted_not_bug,,,stage4/results/torch-thesis-all-coverage/execution_results/torch.storage.np.polynomial.chebyshev.chebmulx.results.json
torch.storage.np.polynomial.chebyshev.chebmulx,negative_mutation,10,negative,c,dtype_mutate,True,negative_accepted_not_bug,,,stage4/results/torch-thesis-all-coverage/execution_results/torch.storage.np.polynomial.chebyshev.chebmulx.results.json
torch.storage.np.polynomial.chebyshev.chebval,base_valid,0,valid,,,True,differential_mismatch,DifferentialMismatch,success/exception mismatch between cpu and mps,stage4/results/torch-thesis-all-coverage/execution_results/torch.storage.np.polynomial.chebyshev.chebval.results.json
torch.storage.np.polynomial.chebyshev.chebval,valid_mutation,1,valid,x,value_negzero,True,differential_mismatch,DifferentialMismatch,success/exception mismatch between cpu and mps,stage4/results/torch-thesis-all-coverage/execution_results/torch.storage.np.polynomial.chebyshev.chebval.results.json
torch.storage.np.polynomial.chebyshev.chebval,valid_mutation,2,valid,x,value_neginf,True,differential_mismatch,DifferentialMismatch,success/exception mismatch between cpu and mps,stage4/results/torch-thesis-all-coverage/execution_results/torch.storage.np.polynomial.chebyshev.chebval.results.json
torch.storage.np.polynomial.chebyshev.chebval,valid_mutation,3,valid,x,value_nan,True,differential_mismatch,DifferentialMismatch,success/exception mismatch between cpu and mps,stage4/results/torch-thesis-all-coverage/execution_results/torch.storage.np.polynomial.chebyshev.chebval.results.json
torch.storage.np.polynomial.chebyshev.chebval,valid_mutation,4,valid,x,enum_switch,True,differential_mismatch,DifferentialMismatch,success/exception mismatch between cpu and mps,stage4/results/torch-thesis-all-coverage/execution_results/torch.storage.np.polynomial.chebyshev.chebval.results.json
torch.storage.np.polynomial.chebyshev.chebval,valid_mutation,5,valid,x,value_posinf,True,differential_mismatch,DifferentialMismatch,success/exception mismatch between cpu and mps,stage4/results/torch-thesis-all-coverage/execution_results/torch.storage.np.polynomial.chebyshev.chebval.results.json
torch.storage.np.polynomial.chebyshev.chebval,valid_mutation,6,valid,x,value_large_magnitude,True,differential_mismatch,DifferentialMismatch,success/exception mismatch between cpu and mps,stage4/results/torch-thesis-all-coverage/execution_results/torch.storage.np.polynomial.chebyshev.chebval.results.json
torch.storage.np.polynomial.chebyshev.chebval,negative_mutation,7,negative,x,enum_invalid,True,negative_accepted_not_bug,,,stage4/results/torch-thesis-all-coverage/execution_results/torch.storage.np.polynomial.chebyshev.chebval.results.json
torch.storage.np.polynomial.chebyshev.chebval,valid_mutation,8,valid,c,value_neginf,True,differential_mismatch,DifferentialMismatch,success/exception mismatch between cpu and mps,stage4/results/torch-thesis-all-coverage/execution_results/torch.storage.np.polynomial.chebyshev.chebval.results.json
torch.storage.np.polynomial.chebyshev.chebval,valid_mutation,9,valid,c,value_nan,True,differential_mismatch,DifferentialMismatch,success/exception mismatch between cpu and mps,stage4/results/torch-thesis-all-coverage/execution_results/torch.storage.np.polynomial.chebyshev.chebval.results.json
torch.storage.np.polynomial.chebyshev.chebval,valid_mutation,10,valid,c,value_posinf,True,differential_mismatch,DifferentialMismatch,success/exception mismatch between cpu and mps,stage4/results/torch-thesis-all-coverage/execution_results/torch.storage.np.polynomial.chebyshev.chebval.results.json
torch.storage.np.polynomial.chebyshev.chebval,valid_mutation,11,valid,c,enum_switch,True,differential_mismatch,DifferentialMismatch,success/exception mismatch between cpu and mps,stage4/results/torch-thesis-all-coverage/execution_results/torch.storage.np.polynomial.chebyshev.chebval.results.json
torch.storage.np.polynomial.chebyshev.chebval,valid_mutation,12,valid,c,value_large_magnitude,True,differential_mismatch,DifferentialMismatch,success/exception mismatch between cpu and mps,stage4/results/torch-thesis-all-coverage/execution_results/torch.storage.np.polynomial.chebyshev.chebval.results.json
torch.storage.np.polynomial.chebyshev.chebval,valid_mutation,13,valid,c,value_negzero,True,differential_mismatch,DifferentialMismatch,success/exception mismatch between cpu and mps,stage4/results/torch-thesis-all-coverage/execution_results/torch.storage.np.polynomial.chebyshev.chebval.results.json
torch.storage.np.polynomial.chebyshev.chebval,negative_mutation,14,negative,c,enum_invalid,True,negative_accepted_not_bug,,,stage4/results/torch-thesis-all-coverage/execution_results/torch.storage.np.polynomial.chebyshev.chebval.results.json
torch.storage.np.polynomial.chebyshev.chebvander,base_valid,0,valid,,,True,success_valid,,,stage4/results/torch-thesis-all-coverage/execution_results/torch.storage.np.polynomial.chebyshev.chebvander.results.json
torch.storage.np.polynomial.chebyshev.chebvander,valid_mutation,1,valid,x,value_nan,True,valid_mutation_success,,,stage4/results/torch-thesis-all-coverage/execution_results/torch.storage.np.polynomial.chebyshev.chebvander.results.json
torch.storage.np.polynomial.chebyshev.chebvander,valid_mutation,2,valid,x,value_neginf,True,valid_mutation_success,,,stage4/results/torch-thesis-all-coverage/execution_results/torch.storage.np.polynomial.chebyshev.chebvander.results.json
torch.storage.np.polynomial.chebyshev.chebvander,valid_mutation,3,valid,x,value_large_magnitude,True,valid_mutation_success,,,stage4/results/torch-thesis-all-coverage/execution_results/torch.storage.np.polynomial.chebyshev.chebvander.results.json
torch.storage.np.polynomial.chebyshev.chebvander,valid_mutation,4,valid,x,scalar_delta,True,valid_mutation_success,,,stage4/results/torch-thesis-all-coverage/execution_results/torch.storage.np.polynomial.chebyshev.chebvander.results.json
torch.storage.np.polynomial.chebyshev.chebvander,valid_mutation,5,valid,x,value_posinf,True,valid_mutation_success,,,stage4/results/torch-thesis-all-coverage/execution_results/torch.storage.np.polynomial.chebyshev.chebvander.results.json
torch.storage.np.polynomial.chebyshev.chebvander,valid_mutation,6,valid,x,value_negzero,True,valid_mutation_success,,,stage4/results/torch-thesis-all-coverage/execution_results/torch.storage.np.polynomial.chebyshev.chebvander.results.json
torch.storage.np.polynomial.chebyshev.chebvander,negative_mutation,7,negative,x,type_widen,True,negative_accepted_not_bug,,,stage4/results/torch-thesis-all-coverage/execution_results/torch.storage.np.polynomial.chebyshev.chebvander.results.json
torch.storage.np.polynomial.chebyshev.chebvander,valid_mutation,8,valid,deg,scalar_delta,True,valid_mutation_success,,,stage4/results/torch-thesis-all-coverage/execution_results/torch.storage.np.polynomial.chebyshev.chebvander.results.json
torch.storage.np.polynomial.chebyshev.chebvander,valid_mutation,9,valid,deg,value_large_magnitude,True,valid_mutation_success,,,stage4/results/torch-thesis-all-coverage/execution_results/torch.storage.np.polynomial.chebyshev.chebvander.results.json
torch.storage.np.polynomial.chebyshev.chebvander,negative_mutation,10,negative,deg,type_widen,False,expected_negative_rejection,TypeError,"deg must be an integer, received 1.0",stage4/results/torch-thesis-all-coverage/execution_results/torch.storage.np.polynomial.chebyshev.chebvander.results.json
torch.storage.np.polynomial.chebyshev.poly2cheb,base_valid,0,valid,,,True,differential_mismatch,DifferentialMismatch,success/exception mismatch between cpu and mps,stage4/results/torch-thesis-all-coverage/execution_results/torch.storage.np.polynomial.chebyshev.poly2cheb.results.json
torch.storage.np.polynomial.chebyshev.poly2cheb,valid_mutation,1,valid,pol,value_division,True,differential_mismatch,DifferentialMismatch,success/exception mismatch between cpu and mps,stage4/results/torch-thesis-all-coverage/execution_results/torch.storage.np.polynomial.chebyshev.poly2cheb.results.json
torch.storage.np.polynomial.chebyshev.poly2cheb,valid_mutation,2,valid,pol,value_neginf,True,differential_mismatch,DifferentialMismatch,success/exception mismatch between cpu and mps,stage4/results/torch-thesis-all-coverage/execution_results/torch.storage.np.polynomial.chebyshev.poly2cheb.results.json
torch.storage.np.polynomial.chebyshev.poly2cheb,valid_mutation,3,valid,pol,value_large_magnitude,True,differential_mismatch,DifferentialMismatch,success/exception mismatch between cpu and mps,stage4/results/torch-thesis-all-coverage/execution_results/torch.storage.np.polynomial.chebyshev.poly2cheb.results.json
torch.storage.np.polynomial.chebyshev.poly2cheb,valid_mutation,4,valid,pol,value_negzero,True,differential_mismatch,DifferentialMismatch,success/exception mismatch between cpu and mps,stage4/results/torch-thesis-all-coverage/execution_results/torch.storage.np.polynomial.chebyshev.poly2cheb.results.json
torch.storage.np.polynomial.chebyshev.poly2cheb,valid_mutation,5,valid,pol,value_mask,True,differential_mismatch,DifferentialMismatch,success/exception mismatch between cpu and mps,stage4/results/torch-thesis-all-coverage/execution_results/torch.storage.np.polynomial.chebyshev.poly2cheb.results.json
torch.storage.np.polynomial.chebyshev.poly2cheb,valid_mutation,6,valid,pol,value_nan,True,differential_mismatch,DifferentialMismatch,success/exception mismatch between cpu and mps,stage4/results/torch-thesis-all-coverage/execution_results/torch.storage.np.polynomial.chebyshev.poly2cheb.results.json
torch.storage.np.polynomial.chebyshev.poly2cheb,valid_mutation,7,valid,pol,value_posinf,True,differential_mismatch,DifferentialMismatch,success/exception mismatch between cpu and mps,stage4/results/torch-thesis-all-coverage/execution_results/torch.storage.np.polynomial.chebyshev.poly2cheb.results.json
torch.storage.np.polynomial.chebyshev.poly2cheb,valid_mutation,8,valid,pol,value_noise,True,differential_mismatch,DifferentialMismatch,success/exception mismatch between cpu and mps,stage4/results/torch-thesis-all-coverage/execution_results/torch.storage.np.polynomial.chebyshev.poly2cheb.results.json
torch.storage.np.polynomial.chebyshev.poly2cheb,negative_mutation,9,negative,pol,shape_shrink,True,negative_accepted_not_bug,,,stage4/results/torch-thesis-all-coverage/execution_results/torch.storage.np.polynomial.chebyshev.poly2cheb.results.json
torch.storage.np.polynomial.chebyshev.poly2cheb,negative_mutation,10,negative,pol,dtype_mutate,True,negative_accepted_not_bug,,,stage4/results/torch-thesis-all-coverage/execution_results/torch.storage.np.polynomial.chebyshev.poly2cheb.results.json
torch.storage.np.polynomial.hermite.herm2poly,base_valid,0,valid,,,True,differential_mismatch,DifferentialMismatch,success/exception mismatch between cpu and mps,stage4/results/torch-thesis-all-coverage/execution_results/torch.storage.np.polynomial.hermite.herm2poly.results.json
torch.storage.np.polynomial.hermite.herm2poly,valid_mutation,1,valid,c,value_division,True,differential_mismatch,DifferentialMismatch,success/exception mismatch between cpu and mps,stage4/results/torch-thesis-all-coverage/execution_results/torch.storage.np.polynomial.hermite.herm2poly.results.json
torch.storage.np.polynomial.hermite.herm2poly,valid_mutation,2,valid,c,value_mask,True,differential_mismatch,DifferentialMismatch,success/exception mismatch between cpu and mps,stage4/results/torch-thesis-all-coverage/execution_results/torch.storage.np.polynomial.hermite.herm2poly.results.json
torch.storage.np.polynomial.hermite.herm2poly,valid_mutation,3,valid,c,value_large_magnitude,True,differential_mismatch,DifferentialMismatch,success/exception mismatch between cpu and mps,stage4/results/torch-thesis-all-coverage/execution_results/torch.storage.np.polynomial.hermite.herm2poly.results.json
torch.storage.np.polynomial.hermite.herm2poly,valid_mutation,4,valid,c,value_neginf,True,differential_mismatch,DifferentialMismatch,success/exception mismatch between cpu and mps,stage4/results/torch-thesis-all-coverage/execution_results/torch.storage.np.polynomial.hermite.herm2poly.results.json
torch.storage.np.polynomial.hermite.herm2poly,valid_mutation,5,valid,c,value_negzero,True,differential_mismatch,DifferentialMismatch,success/exception mismatch between cpu and mps,stage4/results/torch-thesis-all-coverage/execution_results/torch.storage.np.polynomial.hermite.herm2poly.results.json
torch.storage.np.polynomial.hermite.herm2poly,valid_mutation,6,valid,c,value_nan,True,differential_mismatch,DifferentialMismatch,success/exception mismatch between cpu and mps,stage4/results/torch-thesis-all-coverage/execution_results/torch.storage.np.polynomial.hermite.herm2poly.results.json
torch.storage.np.polynomial.hermite.herm2poly,valid_mutation,7,valid,c,value_noise,True,differential_mismatch,DifferentialMismatch,success/exception mismatch between cpu and mps,stage4/results/torch-thesis-all-coverage/execution_results/torch.storage.np.polynomial.hermite.herm2poly.results.json
torch.storage.np.polynomial.hermite.herm2poly,valid_mutation,8,valid,c,value_posinf,True,differential_mismatch,DifferentialMismatch,success/exception mismatch between cpu and mps,stage4/results/torch-thesis-all-coverage/execution_results/torch.storage.np.polynomial.hermite.herm2poly.results.json
torch.storage.np.polynomial.hermite.herm2poly,negative_mutation,9,negative,c,shape_shrink,True,negative_accepted_not_bug,,,stage4/results/torch-thesis-all-coverage/execution_results/torch.storage.np.polynomial.hermite.herm2poly.results.json
torch.storage.np.polynomial.hermite.herm2poly,negative_mutation,10,negative,c,dtype_mutate,True,negative_accepted_not_bug,,,stage4/results/torch-thesis-all-coverage/execution_results/torch.storage.np.polynomial.hermite.herm2poly.results.json
torch.storage.np.polynomial.hermite.hermcompanion,base_valid,0,valid,,,True,differential_mismatch,DifferentialMismatch,success/exception mismatch between cpu and mps,stage4/results/torch-thesis-all-coverage/execution_results/torch.storage.np.polynomial.hermite.hermcompanion.results.json
torch.storage.np.polynomial.hermite.hermcompanion,valid_mutation,1,valid,c,value_neginf,True,differential_mismatch,DifferentialMismatch,success/exception mismatch between cpu and mps,stage4/results/torch-thesis-all-coverage/execution_results/torch.storage.np.polynomial.hermite.hermcompanion.results.json
torch.storage.np.polynomial.hermite.hermcompanion,valid_mutation,2,valid,c,value_division,True,differential_mismatch,DifferentialMismatch,success/exception mismatch between cpu and mps,stage4/results/torch-thesis-all-coverage/execution_results/torch.storage.np.polynomial.hermite.hermcompanion.results.json
torch.storage.np.polynomial.hermite.hermcompanion,valid_mutation,3,valid,c,value_large_magnitude,True,differential_mismatch,DifferentialMismatch,success/exception mismatch between cpu and mps,stage4/results/torch-thesis-all-coverage/execution_results/torch.storage.np.polynomial.hermite.hermcompanion.results.json
torch.storage.np.polynomial.hermite.hermcompanion,valid_mutation,4,valid,c,value_nan,True,differential_mismatch,DifferentialMismatch,success/exception mismatch between cpu and mps,stage4/results/torch-thesis-all-coverage/execution_results/torch.storage.np.polynomial.hermite.hermcompanion.results.json
torch.storage.np.polynomial.hermite.hermcompanion,valid_mutation,5,valid,c,value_posinf,True,differential_mismatch,DifferentialMismatch,success/exception mismatch between cpu and mps,stage4/results/torch-thesis-all-coverage/execution_results/torch.storage.np.polynomial.hermite.hermcompanion.results.json
torch.storage.np.polynomial.hermite.hermcompanion,valid_mutation,6,valid,c,value_negzero,True,differential_mismatch,DifferentialMismatch,success/exception mismatch between cpu and mps,stage4/results/torch-thesis-all-coverage/execution_results/torch.storage.np.polynomial.hermite.hermcompanion.results.json
torch.storage.np.polynomial.hermite.hermcompanion,valid_mutation,7,valid,c,value_noise,True,differential_mismatch,DifferentialMismatch,success/exception mismatch between cpu and mps,stage4/results/torch-thesis-all-coverage/execution_results/torch.storage.np.polynomial.hermite.hermcompanion.results.json
torch.storage.np.polynomial.hermite.hermcompanion,valid_mutation,8,valid,c,value_mask,True,differential_mismatch,DifferentialMismatch,success/exception mismatch between cpu and mps,stage4/results/torch-thesis-all-coverage/execution_results/torch.storage.np.polynomial.hermite.hermcompanion.results.json
torch.storage.np.polynomial.hermite.hermcompanion,negative_mutation,9,negative,c,shape_shrink,False,expected_negative_rejection,ValueError,Series must have maximum degree of at least 1.,stage4/results/torch-thesis-all-coverage/execution_results/torch.storage.np.polynomial.hermite.hermcompanion.results.json
torch.storage.np.polynomial.hermite.hermcompanion,negative_mutation,10,negative,c,dtype_mutate,True,negative_accepted_not_bug,,,stage4/results/torch-thesis-all-coverage/execution_results/torch.storage.np.polynomial.hermite.hermcompanion.results.json
torch.storage.np.polynomial.hermite.hermder,base_valid,0,valid,,,True,differential_mismatch,DifferentialMismatch,success/exception mismatch between cpu and mps,stage4/results/torch-thesis-all-coverage/execution_results/torch.storage.np.polynomial.hermite.hermder.results.json
torch.storage.np.polynomial.hermite.hermder,valid_mutation,1,valid,c,value_noise,True,differential_mismatch,DifferentialMismatch,success/exception mismatch between cpu and mps,stage4/results/torch-thesis-all-coverage/execution_results/torch.storage.np.polynomial.hermite.hermder.results.json
torch.storage.np.polynomial.hermite.hermder,valid_mutation,2,valid,c,value_mask,True,differential_mismatch,DifferentialMismatch,success/exception mismatch between cpu and mps,stage4/results/torch-thesis-all-coverage/execution_results/torch.storage.np.polynomial.hermite.hermder.results.json
torch.storage.np.polynomial.hermite.hermder,valid_mutation,3,valid,c,value_posinf,True,differential_mismatch,DifferentialMismatch,success/exception mismatch between cpu and mps,stage4/results/torch-thesis-all-coverage/execution_results/torch.storage.np.polynomial.hermite.hermder.results.json
torch.storage.np.polynomial.hermite.hermder,valid_mutation,4,valid,c,value_negzero,True,differential_mismatch,DifferentialMismatch,success/exception mismatch between cpu and mps,stage4/results/torch-thesis-all-coverage/execution_results/torch.storage.np.polynomial.hermite.hermder.results.json
torch.storage.np.polynomial.hermite.hermder,valid_mutation,5,valid,c,value_division,True,differential_mismatch,DifferentialMismatch,success/exception mismatch between cpu and mps,stage4/results/torch-thesis-all-coverage/execution_results/torch.storage.np.polynomial.hermite.hermder.results.json
torch.storage.np.polynomial.hermite.hermder,valid_mutation,6,valid,c,value_nan,True,differential_mismatch,DifferentialMismatch,success/exception mismatch between cpu and mps,stage4/results/torch-thesis-all-coverage/execution_results/torch.storage.np.polynomial.hermite.hermder.results.json
torch.storage.np.polynomial.hermite.hermder,valid_mutation,7,valid,c,value_neginf,True,differential_mismatch,DifferentialMismatch,success/exception mismatch between cpu and mps,stage4/results/torch-thesis-all-coverage/execution_results/torch.storage.np.polynomial.hermite.hermder.results.json
torch.storage.np.polynomial.hermite.hermder,valid_mutation,8,valid,c,value_large_magnitude,True,differential_mismatch,DifferentialMismatch,success/exception mismatch between cpu and mps,stage4/results/torch-thesis-all-coverage/execution_results/torch.storage.np.polynomial.hermite.hermder.results.json
torch.storage.np.polynomial.hermite.hermder,negative_mutation,9,negative,c,shape_expand,True,negative_accepted_not_bug,,,stage4/results/torch-thesis-all-coverage/execution_results/torch.storage.np.polynomial.hermite.hermder.results.json
torch.storage.np.polynomial.hermite.hermder,negative_mutation,10,negative,c,dtype_mutate,True,negative_accepted_not_bug,,,stage4/results/torch-thesis-all-coverage/execution_results/torch.storage.np.polynomial.hermite.hermder.results.json
torch.storage.np.polynomial.hermite.hermgauss,base_valid,0,valid,,,True,success_valid,,,stage4/results/torch-thesis-all-coverage/execution_results/torch.storage.np.polynomial.hermite.hermgauss.results.json
torch.storage.np.polynomial.hermite.hermgauss,valid_mutation,1,valid,deg,scalar_delta,True,valid_mutation_success,,,stage4/results/torch-thesis-all-coverage/execution_results/torch.storage.np.polynomial.hermite.hermgauss.results.json
torch.storage.np.polynomial.hermite.hermgauss,valid_mutation,2,valid,deg,value_large_magnitude,False,valid_mutation_failure,WorkerTimeout,isolated execution timed out after 45s,stage4/results/torch-thesis-all-coverage/execution_results/torch.storage.np.polynomial.hermite.hermgauss.results.json
torch.storage.np.polynomial.hermite.hermgauss,negative_mutation,3,negative,deg,type_widen,False,expected_negative_rejection,TypeError,"deg must be an integer, received 1.0",stage4/results/torch-thesis-all-coverage/execution_results/torch.storage.np.polynomial.hermite.hermgauss.results.json
torch.storage.np.polynomial.hermite.hermint,base_valid,0,valid,,,True,differential_mismatch,DifferentialMismatch,success/exception mismatch between cpu and mps,stage4/results/torch-thesis-all-coverage/execution_results/torch.storage.np.polynomial.hermite.hermint.results.json
torch.storage.np.polynomial.hermite.hermint,valid_mutation,1,valid,c,value_nan,True,differential_mismatch,DifferentialMismatch,success/exception mismatch between cpu and mps,stage4/results/torch-thesis-all-coverage/execution_results/torch.storage.np.polynomial.hermite.hermint.results.json
torch.storage.np.polynomial.hermite.hermint,valid_mutation,2,valid,c,value_neginf,True,differential_mismatch,DifferentialMismatch,success/exception mismatch between cpu and mps,stage4/results/torch-thesis-all-coverage/execution_results/torch.storage.np.polynomial.hermite.hermint.results.json
torch.storage.np.polynomial.hermite.hermint,valid_mutation,3,valid,c,value_posinf,True,differential_mismatch,DifferentialMismatch,success/exception mismatch between cpu and mps,stage4/results/torch-thesis-all-coverage/execution_results/torch.storage.np.polynomial.hermite.hermint.results.json
torch.storage.np.polynomial.hermite.hermint,valid_mutation,4,valid,c,value_negzero,True,differential_mismatch,DifferentialMismatch,success/exception mismatch between cpu and mps,stage4/results/torch-thesis-all-coverage/execution_results/torch.storage.np.polynomial.hermite.hermint.results.json
torch.storage.np.polynomial.hermite.hermint,valid_mutation,5,valid,c,value_mask,True,differential_mismatch,DifferentialMismatch,success/exception mismatch between cpu and mps,stage4/results/torch-thesis-all-coverage/execution_results/torch.storage.np.polynomial.hermite.hermint.results.json
torch.storage.np.polynomial.hermite.hermint,valid_mutation,6,valid,c,value_noise,True,differential_mismatch,DifferentialMismatch,success/exception mismatch between cpu and mps,stage4/results/torch-thesis-all-coverage/execution_results/torch.storage.np.polynomial.hermite.hermint.results.json
torch.storage.np.polynomial.hermite.hermint,valid_mutation,7,valid,c,value_division,True,differential_mismatch,DifferentialMismatch,success/exception mismatch between cpu and mps,stage4/results/torch-thesis-all-coverage/execution_results/torch.storage.np.polynomial.hermite.hermint.results.json
torch.storage.np.polynomial.hermite.hermint,valid_mutation,8,valid,c,value_large_magnitude,True,differential_mismatch,DifferentialMismatch,success/exception mismatch between cpu and mps,stage4/results/torch-thesis-all-coverage/execution_results/torch.storage.np.polynomial.hermite.hermint.results.json
torch.storage.np.polynomial.hermite.hermint,negative_mutation,9,negative,c,shape_shrink,True,negative_accepted_not_bug,,,stage4/results/torch-thesis-all-coverage/execution_results/torch.storage.np.polynomial.hermite.hermint.results.json
torch.storage.np.polynomial.hermite.hermint,negative_mutation,10,negative,c,dtype_mutate,True,negative_accepted_not_bug,,,stage4/results/torch-thesis-all-coverage/execution_results/torch.storage.np.polynomial.hermite.hermint.results.json
torch.storage.np.polynomial.hermite.hermmulx,base_valid,0,valid,,,True,differential_mismatch,DifferentialMismatch,success/exception mismatch between cpu and mps,stage4/results/torch-thesis-all-coverage/execution_results/torch.storage.np.polynomial.hermite.hermmulx.results.json
torch.storage.np.polynomial.hermite.hermmulx,valid_mutation,1,valid,c,value_large_magnitude,True,differential_mismatch,DifferentialMismatch,success/exception mismatch between cpu and mps,stage4/results/torch-thesis-all-coverage/execution_results/torch.storage.np.polynomial.hermite.hermmulx.results.json
torch.storage.np.polynomial.hermite.hermmulx,valid_mutation,2,valid,c,value_negzero,True,differential_mismatch,DifferentialMismatch,success/exception mismatch between cpu and mps,stage4/results/torch-thesis-all-coverage/execution_results/torch.storage.np.polynomial.hermite.hermmulx.results.json
torch.storage.np.polynomial.hermite.hermmulx,valid_mutation,3,valid,c,value_mask,True,differential_mismatch,DifferentialMismatch,success/exception mismatch between cpu and mps,stage4/results/torch-thesis-all-coverage/execution_results/torch.storage.np.polynomial.hermite.hermmulx.results.json
torch.storage.np.polynomial.hermite.hermmulx,valid_mutation,4,valid,c,value_nan,True,differential_mismatch,DifferentialMismatch,success/exception mismatch between cpu and mps,stage4/results/torch-thesis-all-coverage/execution_results/torch.storage.np.polynomial.hermite.hermmulx.results.json
torch.storage.np.polynomial.hermite.hermmulx,valid_mutation,5,valid,c,value_noise,True,differential_mismatch,DifferentialMismatch,success/exception mismatch between cpu and mps,stage4/results/torch-thesis-all-coverage/execution_results/torch.storage.np.polynomial.hermite.hermmulx.results.json
torch.storage.np.polynomial.hermite.hermmulx,valid_mutation,6,valid,c,value_posinf,True,differential_mismatch,DifferentialMismatch,success/exception mismatch between cpu and mps,stage4/results/torch-thesis-all-coverage/execution_results/torch.storage.np.polynomial.hermite.hermmulx.results.json
torch.storage.np.polynomial.hermite.hermmulx,valid_mutation,7,valid,c,value_neginf,True,differential_mismatch,DifferentialMismatch,success/exception mismatch between cpu and mps,stage4/results/torch-thesis-all-coverage/execution_results/torch.storage.np.polynomial.hermite.hermmulx.results.json
torch.storage.np.polynomial.hermite.hermmulx,valid_mutation,8,valid,c,value_division,True,differential_mismatch,DifferentialMismatch,success/exception mismatch between cpu and mps,stage4/results/torch-thesis-all-coverage/execution_results/torch.storage.np.polynomial.hermite.hermmulx.results.json
torch.storage.np.polynomial.hermite.hermmulx,negative_mutation,9,negative,c,shape_shrink,True,negative_accepted_not_bug,,,stage4/results/torch-thesis-all-coverage/execution_results/torch.storage.np.polynomial.hermite.hermmulx.results.json
torch.storage.np.polynomial.hermite.hermmulx,negative_mutation,10,negative,c,dtype_mutate,True,negative_accepted_not_bug,,,stage4/results/torch-thesis-all-coverage/execution_results/torch.storage.np.polynomial.hermite.hermmulx.results.json
torch.storage.np.polynomial.hermite.hermval,base_valid,0,valid,,,True,differential_mismatch,DifferentialMismatch,success/exception mismatch between cpu and mps,stage4/results/torch-thesis-all-coverage/execution_results/torch.storage.np.polynomial.hermite.hermval.results.json
torch.storage.np.polynomial.hermite.hermval,valid_mutation,1,valid,x,value_negzero,True,differential_mismatch,DifferentialMismatch,success/exception mismatch between cpu and mps,stage4/results/torch-thesis-all-coverage/execution_results/torch.storage.np.polynomial.hermite.hermval.results.json
torch.storage.np.polynomial.hermite.hermval,valid_mutation,2,valid,x,enum_switch,True,differential_mismatch,DifferentialMismatch,success/exception mismatch between cpu and mps,stage4/results/torch-thesis-all-coverage/execution_results/torch.storage.np.polynomial.hermite.hermval.results.json
torch.storage.np.polynomial.hermite.hermval,valid_mutation,3,valid,x,value_nan,True,differential_mismatch,DifferentialMismatch,success/exception mismatch between cpu and mps,stage4/results/torch-thesis-all-coverage/execution_results/torch.storage.np.polynomial.hermite.hermval.results.json
torch.storage.np.polynomial.hermite.hermval,valid_mutation,4,valid,x,value_neginf,True,differential_mismatch,DifferentialMismatch,success/exception mismatch between cpu and mps,stage4/results/torch-thesis-all-coverage/execution_results/torch.storage.np.polynomial.hermite.hermval.results.json
torch.storage.np.polynomial.hermite.hermval,valid_mutation,5,valid,x,value_posinf,True,differential_mismatch,DifferentialMismatch,success/exception mismatch between cpu and mps,stage4/results/torch-thesis-all-coverage/execution_results/torch.storage.np.polynomial.hermite.hermval.results.json
torch.storage.np.polynomial.hermite.hermval,valid_mutation,6,valid,x,value_large_magnitude,True,differential_mismatch,DifferentialMismatch,success/exception mismatch between cpu and mps,stage4/results/torch-thesis-all-coverage/execution_results/torch.storage.np.polynomial.hermite.hermval.results.json
torch.storage.np.polynomial.hermite.hermval,negative_mutation,7,negative,x,enum_invalid,True,negative_accepted_not_bug,,,stage4/results/torch-thesis-all-coverage/execution_results/torch.storage.np.polynomial.hermite.hermval.results.json
torch.storage.np.polynomial.hermite.hermval,valid_mutation,8,valid,c,value_nan,True,differential_mismatch,DifferentialMismatch,success/exception mismatch between cpu and mps,stage4/results/torch-thesis-all-coverage/execution_results/torch.storage.np.polynomial.hermite.hermval.results.json
torch.storage.np.polynomial.hermite.hermval,valid_mutation,9,valid,c,value_posinf,True,differential_mismatch,DifferentialMismatch,success/exception mismatch between cpu and mps,stage4/results/torch-thesis-all-coverage/execution_results/torch.storage.np.polynomial.hermite.hermval.results.json
torch.storage.np.polynomial.hermite.hermval,valid_mutation,10,valid,c,value_large_magnitude,True,differential_mismatch,DifferentialMismatch,success/exception mismatch between cpu and mps,stage4/results/torch-thesis-all-coverage/execution_results/torch.storage.np.polynomial.hermite.hermval.results.json
torch.storage.np.polynomial.hermite.hermval,valid_mutation,11,valid,c,enum_switch,True,differential_mismatch,DifferentialMismatch,success/exception mismatch between cpu and mps,stage4/results/torch-thesis-all-coverage/execution_results/torch.storage.np.polynomial.hermite.hermval.results.json
torch.storage.np.polynomial.hermite.hermval,valid_mutation,12,valid,c,value_neginf,True,differential_mismatch,DifferentialMismatch,success/exception mismatch between cpu and mps,stage4/results/torch-thesis-all-coverage/execution_results/torch.storage.np.polynomial.hermite.hermval.results.json
torch.storage.np.polynomial.hermite.hermval,valid_mutation,13,valid,c,value_negzero,True,differential_mismatch,DifferentialMismatch,success/exception mismatch between cpu and mps,stage4/results/torch-thesis-all-coverage/execution_results/torch.storage.np.polynomial.hermite.hermval.results.json
torch.storage.np.polynomial.hermite.hermval,negative_mutation,14,negative,c,enum_invalid,True,negative_accepted_not_bug,,,stage4/results/torch-thesis-all-coverage/execution_results/torch.storage.np.polynomial.hermite.hermval.results.json
torch.storage.np.polynomial.hermite.hermvander,base_valid,0,valid,,,True,success_valid,,,stage4/results/torch-thesis-all-coverage/execution_results/torch.storage.np.polynomial.hermite.hermvander.results.json
torch.storage.np.polynomial.hermite.hermvander,valid_mutation,1,valid,x,value_large_magnitude,True,valid_mutation_success,,,stage4/results/torch-thesis-all-coverage/execution_results/torch.storage.np.polynomial.hermite.hermvander.results.json
torch.storage.np.polynomial.hermite.hermvander,valid_mutation,2,valid,x,value_neginf,True,valid_mutation_success,,,stage4/results/torch-thesis-all-coverage/execution_results/torch.storage.np.polynomial.hermite.hermvander.results.json
torch.storage.np.polynomial.hermite.hermvander,valid_mutation,3,valid,x,value_posinf,True,valid_mutation_success,,,stage4/results/torch-thesis-all-coverage/execution_results/torch.storage.np.polynomial.hermite.hermvander.results.json
torch.storage.np.polynomial.hermite.hermvander,valid_mutation,4,valid,x,scalar_delta,True,valid_mutation_success,,,stage4/results/torch-thesis-all-coverage/execution_results/torch.storage.np.polynomial.hermite.hermvander.results.json
torch.storage.np.polynomial.hermite.hermvander,valid_mutation,5,valid,x,value_nan,True,valid_mutation_success,,,stage4/results/torch-thesis-all-coverage/execution_results/torch.storage.np.polynomial.hermite.hermvander.results.json
torch.storage.np.polynomial.hermite.hermvander,valid_mutation,6,valid,x,value_negzero,True,valid_mutation_success,,,stage4/results/torch-thesis-all-coverage/execution_results/torch.storage.np.polynomial.hermite.hermvander.results.json
torch.storage.np.polynomial.hermite.hermvander,negative_mutation,7,negative,x,type_widen,True,negative_accepted_not_bug,,,stage4/results/torch-thesis-all-coverage/execution_results/torch.storage.np.polynomial.hermite.hermvander.results.json
torch.storage.np.polynomial.hermite.hermvander,valid_mutation,8,valid,deg,value_large_magnitude,True,valid_mutation_success,,,stage4/results/torch-thesis-all-coverage/execution_results/torch.storage.np.polynomial.hermite.hermvander.results.json
torch.storage.np.polynomial.hermite.hermvander,valid_mutation,9,valid,deg,scalar_delta,True,valid_mutation_success,,,stage4/results/torch-thesis-all-coverage/execution_results/torch.storage.np.polynomial.hermite.hermvander.results.json
torch.storage.np.polynomial.hermite.hermvander,negative_mutation,10,negative,deg,type_widen,False,expected_negative_rejection,TypeError,"deg must be an integer, received 1.0",stage4/results/torch-thesis-all-coverage/execution_results/torch.storage.np.polynomial.hermite.hermvander.results.json
torch.storage.np.polynomial.hermite.poly2herm,base_valid,0,valid,,,True,differential_mismatch,DifferentialMismatch,success/exception mismatch between cpu and mps,stage4/results/torch-thesis-all-coverage/execution_results/torch.storage.np.polynomial.hermite.poly2herm.results.json
torch.storage.np.polynomial.hermite.poly2herm,valid_mutation,1,valid,pol,value_division,True,differential_mismatch,DifferentialMismatch,success/exception mismatch between cpu and mps,stage4/results/torch-thesis-all-coverage/execution_results/torch.storage.np.polynomial.hermite.poly2herm.results.json
torch.storage.np.polynomial.hermite.poly2herm,valid_mutation,2,valid,pol,value_posinf,True,differential_mismatch,DifferentialMismatch,success/exception mismatch between cpu and mps,stage4/results/torch-thesis-all-coverage/execution_results/torch.storage.np.polynomial.hermite.poly2herm.results.json
torch.storage.np.polynomial.hermite.poly2herm,valid_mutation,3,valid,pol,value_nan,True,differential_mismatch,DifferentialMismatch,success/exception mismatch between cpu and mps,stage4/results/torch-thesis-all-coverage/execution_results/torch.storage.np.polynomial.hermite.poly2herm.results.json
torch.storage.np.polynomial.hermite.poly2herm,valid_mutation,4,valid,pol,value_neginf,True,differential_mismatch,DifferentialMismatch,success/exception mismatch between cpu and mps,stage4/results/torch-thesis-all-coverage/execution_results/torch.storage.np.polynomial.hermite.poly2herm.results.json
torch.storage.np.polynomial.hermite.poly2herm,valid_mutation,5,valid,pol,value_negzero,True,differential_mismatch,DifferentialMismatch,success/exception mismatch between cpu and mps,stage4/results/torch-thesis-all-coverage/execution_results/torch.storage.np.polynomial.hermite.poly2herm.results.json
torch.storage.np.polynomial.hermite.poly2herm,valid_mutation,6,valid,pol,value_mask,True,differential_mismatch,DifferentialMismatch,success/exception mismatch between cpu and mps,stage4/results/torch-thesis-all-coverage/execution_results/torch.storage.np.polynomial.hermite.poly2herm.results.json
torch.storage.np.polynomial.hermite.poly2herm,valid_mutation,7,valid,pol,value_large_magnitude,True,differential_mismatch,DifferentialMismatch,success/exception mismatch between cpu and mps,stage4/results/torch-thesis-all-coverage/execution_results/torch.storage.np.polynomial.hermite.poly2herm.results.json
torch.storage.np.polynomial.hermite.poly2herm,valid_mutation,8,valid,pol,value_noise,True,differential_mismatch,DifferentialMismatch,success/exception mismatch between cpu and mps,stage4/results/torch-thesis-all-coverage/execution_results/torch.storage.np.polynomial.hermite.poly2herm.results.json
torch.storage.np.polynomial.hermite.poly2herm,negative_mutation,9,negative,pol,shape_shrink,True,negative_accepted_not_bug,,,stage4/results/torch-thesis-all-coverage/execution_results/torch.storage.np.polynomial.hermite.poly2herm.results.json
torch.storage.np.polynomial.hermite.poly2herm,negative_mutation,10,negative,pol,dtype_mutate,True,negative_accepted_not_bug,,,stage4/results/torch-thesis-all-coverage/execution_results/torch.storage.np.polynomial.hermite.poly2herm.results.json
torch.storage.np.polynomial.hermite_e.herme2poly,base_valid,0,valid,,,True,success_valid,,,stage4/results/torch-thesis-all-coverage/execution_results/torch.storage.np.polynomial.hermite_e.herme2poly.results.json
torch.storage.np.polynomial.hermite_e.herme2poly,valid_mutation,1,valid,c,value_noise,True,valid_mutation_success,,,stage4/results/torch-thesis-all-coverage/execution_results/torch.storage.np.polynomial.hermite_e.herme2poly.results.json
torch.storage.np.polynomial.hermite_e.herme2poly,valid_mutation,2,valid,c,value_division,True,valid_mutation_success,,,stage4/results/torch-thesis-all-coverage/execution_results/torch.storage.np.polynomial.hermite_e.herme2poly.results.json
torch.storage.np.polynomial.hermite_e.herme2poly,valid_mutation,3,valid,c,value_mask,True,valid_mutation_success,,,stage4/results/torch-thesis-all-coverage/execution_results/torch.storage.np.polynomial.hermite_e.herme2poly.results.json
torch.storage.np.polynomial.hermite_e.herme2poly,negative_mutation,4,negative,c,shape_expand,True,negative_accepted_not_bug,,,stage4/results/torch-thesis-all-coverage/execution_results/torch.storage.np.polynomial.hermite_e.herme2poly.results.json
torch.storage.np.polynomial.hermite_e.herme2poly,negative_mutation,5,negative,c,dtype_mutate,True,negative_accepted_not_bug,,,stage4/results/torch-thesis-all-coverage/execution_results/torch.storage.np.polynomial.hermite_e.herme2poly.results.json
torch.storage.np.polynomial.hermite_e.hermecompanion,base_valid,0,valid,,,True,success_valid,,,stage4/results/torch-thesis-all-coverage/execution_results/torch.storage.np.polynomial.hermite_e.hermecompanion.results.json
torch.storage.np.polynomial.hermite_e.hermecompanion,valid_mutation,1,valid,c,value_noise,True,valid_mutation_success,,,stage4/results/torch-thesis-all-coverage/execution_results/torch.storage.np.polynomial.hermite_e.hermecompanion.results.json
torch.storage.np.polynomial.hermite_e.hermecompanion,valid_mutation,2,valid,c,value_division,True,valid_mutation_success,,,stage4/results/torch-thesis-all-coverage/execution_results/torch.storage.np.polynomial.hermite_e.hermecompanion.results.json
torch.storage.np.polynomial.hermite_e.hermecompanion,valid_mutation,3,valid,c,value_mask,True,valid_mutation_success,,,stage4/results/torch-thesis-all-coverage/execution_results/torch.storage.np.polynomial.hermite_e.hermecompanion.results.json
torch.storage.np.polynomial.hermite_e.hermecompanion,negative_mutation,4,negative,c,shape_shrink,False,expected_negative_rejection,ValueError,Series must have maximum degree of at least 1.,stage4/results/torch-thesis-all-coverage/execution_results/torch.storage.np.polynomial.hermite_e.hermecompanion.results.json
torch.storage.np.polynomial.hermite_e.hermecompanion,negative_mutation,5,negative,c,dtype_mutate,True,negative_accepted_not_bug,,,stage4/results/torch-thesis-all-coverage/execution_results/torch.storage.np.polynomial.hermite_e.hermecompanion.results.json
torch.storage.np.polynomial.hermite_e.hermeder,base_valid,0,valid,,,True,success_valid,,,stage4/results/torch-thesis-all-coverage/execution_results/torch.storage.np.polynomial.hermite_e.hermeder.results.json
torch.storage.np.polynomial.hermite_e.hermeder,valid_mutation,1,valid,c,value_noise,True,valid_mutation_success,,,stage4/results/torch-thesis-all-coverage/execution_results/torch.storage.np.polynomial.hermite_e.hermeder.results.json
torch.storage.np.polynomial.hermite_e.hermeder,valid_mutation,2,valid,c,value_division,True,valid_mutation_success,,,stage4/results/torch-thesis-all-coverage/execution_results/torch.storage.np.polynomial.hermite_e.hermeder.results.json
torch.storage.np.polynomial.hermite_e.hermeder,valid_mutation,3,valid,c,value_mask,True,valid_mutation_success,,,stage4/results/torch-thesis-all-coverage/execution_results/torch.storage.np.polynomial.hermite_e.hermeder.results.json
torch.storage.np.polynomial.hermite_e.hermeder,negative_mutation,4,negative,c,shape_expand,True,negative_accepted_not_bug,,,stage4/results/torch-thesis-all-coverage/execution_results/torch.storage.np.polynomial.hermite_e.hermeder.results.json
torch.storage.np.polynomial.hermite_e.hermeder,negative_mutation,5,negative,c,dtype_mutate,True,negative_accepted_not_bug,,,stage4/results/torch-thesis-all-coverage/execution_results/torch.storage.np.polynomial.hermite_e.hermeder.results.json
torch.storage.np.polynomial.hermite_e.hermegauss,base_valid,0,valid,,,True,success_valid,,,stage4/results/torch-thesis-all-coverage/execution_results/torch.storage.np.polynomial.hermite_e.hermegauss.results.json
torch.storage.np.polynomial.hermite_e.hermegauss,valid_mutation,1,valid,deg,scalar_delta,True,valid_mutation_success,,,stage4/results/torch-thesis-all-coverage/execution_results/torch.storage.np.polynomial.hermite_e.hermegauss.results.json
torch.storage.np.polynomial.hermite_e.hermegauss,valid_mutation,2,valid,deg,value_large_magnitude,False,valid_mutation_failure,WorkerTimeout,isolated execution timed out after 45s,stage4/results/torch-thesis-all-coverage/execution_results/torch.storage.np.polynomial.hermite_e.hermegauss.results.json
torch.storage.np.polynomial.hermite_e.hermegauss,negative_mutation,3,negative,deg,type_widen,False,expected_negative_rejection,TypeError,"deg must be an integer, received 1.0",stage4/results/torch-thesis-all-coverage/execution_results/torch.storage.np.polynomial.hermite_e.hermegauss.results.json
torch.storage.np.polynomial.hermite_e.hermeint,base_valid,0,valid,,,True,differential_mismatch,DifferentialMismatch,success/exception mismatch between cpu and mps,stage4/results/torch-thesis-all-coverage/execution_results/torch.storage.np.polynomial.hermite_e.hermeint.results.json
torch.storage.np.polynomial.hermite_e.hermeint,valid_mutation,1,valid,c,value_mask,True,differential_mismatch,DifferentialMismatch,success/exception mismatch between cpu and mps,stage4/results/torch-thesis-all-coverage/execution_results/torch.storage.np.polynomial.hermite_e.hermeint.results.json
torch.storage.np.polynomial.hermite_e.hermeint,valid_mutation,2,valid,c,value_neginf,True,differential_mismatch,DifferentialMismatch,success/exception mismatch between cpu and mps,stage4/results/torch-thesis-all-coverage/execution_results/torch.storage.np.polynomial.hermite_e.hermeint.results.json
torch.storage.np.polynomial.hermite_e.hermeint,valid_mutation,3,valid,c,value_posinf,True,differential_mismatch,DifferentialMismatch,success/exception mismatch between cpu and mps,stage4/results/torch-thesis-all-coverage/execution_results/torch.storage.np.polynomial.hermite_e.hermeint.results.json
torch.storage.np.polynomial.hermite_e.hermeint,valid_mutation,4,valid,c,value_large_magnitude,True,differential_mismatch,DifferentialMismatch,success/exception mismatch between cpu and mps,stage4/results/torch-thesis-all-coverage/execution_results/torch.storage.np.polynomial.hermite_e.hermeint.results.json
torch.storage.np.polynomial.hermite_e.hermeint,valid_mutation,5,valid,c,value_division,True,differential_mismatch,DifferentialMismatch,success/exception mismatch between cpu and mps,stage4/results/torch-thesis-all-coverage/execution_results/torch.storage.np.polynomial.hermite_e.hermeint.results.json
torch.storage.np.polynomial.hermite_e.hermeint,valid_mutation,6,valid,c,value_negzero,True,differential_mismatch,DifferentialMismatch,success/exception mismatch between cpu and mps,stage4/results/torch-thesis-all-coverage/execution_results/torch.storage.np.polynomial.hermite_e.hermeint.results.json
torch.storage.np.polynomial.hermite_e.hermeint,valid_mutation,7,valid,c,value_noise,True,differential_mismatch,DifferentialMismatch,success/exception mismatch between cpu and mps,stage4/results/torch-thesis-all-coverage/execution_results/torch.storage.np.polynomial.hermite_e.hermeint.results.json
torch.storage.np.polynomial.hermite_e.hermeint,valid_mutation,8,valid,c,value_nan,True,differential_mismatch,DifferentialMismatch,success/exception mismatch between cpu and mps,stage4/results/torch-thesis-all-coverage/execution_results/torch.storage.np.polynomial.hermite_e.hermeint.results.json
torch.storage.np.polynomial.hermite_e.hermeint,negative_mutation,9,negative,c,shape_shrink,True,negative_accepted_not_bug,,,stage4/results/torch-thesis-all-coverage/execution_results/torch.storage.np.polynomial.hermite_e.hermeint.results.json
torch.storage.np.polynomial.hermite_e.hermeint,negative_mutation,10,negative,c,dtype_mutate,True,negative_accepted_not_bug,,,stage4/results/torch-thesis-all-coverage/execution_results/torch.storage.np.polynomial.hermite_e.hermeint.results.json
torch.storage.np.polynomial.hermite_e.hermemulx,base_valid,0,valid,,,True,differential_mismatch,DifferentialMismatch,success/exception mismatch between cpu and mps,stage4/results/torch-thesis-all-coverage/execution_results/torch.storage.np.polynomial.hermite_e.hermemulx.results.json
torch.storage.np.polynomial.hermite_e.hermemulx,valid_mutation,1,valid,c,value_division,True,differential_mismatch,DifferentialMismatch,success/exception mismatch between cpu and mps,stage4/results/torch-thesis-all-coverage/execution_results/torch.storage.np.polynomial.hermite_e.hermemulx.results.json
torch.storage.np.polynomial.hermite_e.hermemulx,valid_mutation,2,valid,c,value_negzero,True,differential_mismatch,DifferentialMismatch,success/exception mismatch between cpu and mps,stage4/results/torch-thesis-all-coverage/execution_results/torch.storage.np.polynomial.hermite_e.hermemulx.results.json
torch.storage.np.polynomial.hermite_e.hermemulx,valid_mutation,3,valid,c,value_noise,True,differential_mismatch,DifferentialMismatch,success/exception mismatch between cpu and mps,stage4/results/torch-thesis-all-coverage/execution_results/torch.storage.np.polynomial.hermite_e.hermemulx.results.json
torch.storage.np.polynomial.hermite_e.hermemulx,valid_mutation,4,valid,c,value_large_magnitude,True,differential_mismatch,DifferentialMismatch,success/exception mismatch between cpu and mps,stage4/results/torch-thesis-all-coverage/execution_results/torch.storage.np.polynomial.hermite_e.hermemulx.results.json
torch.storage.np.polynomial.hermite_e.hermemulx,valid_mutation,5,valid,c,value_neginf,True,differential_mismatch,DifferentialMismatch,success/exception mismatch between cpu and mps,stage4/results/torch-thesis-all-coverage/execution_results/torch.storage.np.polynomial.hermite_e.hermemulx.results.json
torch.storage.np.polynomial.hermite_e.hermemulx,valid_mutation,6,valid,c,value_mask,True,differential_mismatch,DifferentialMismatch,success/exception mismatch between cpu and mps,stage4/results/torch-thesis-all-coverage/execution_results/torch.storage.np.polynomial.hermite_e.hermemulx.results.json
torch.storage.np.polynomial.hermite_e.hermemulx,valid_mutation,7,valid,c,value_nan,True,differential_mismatch,DifferentialMismatch,success/exception mismatch between cpu and mps,stage4/results/torch-thesis-all-coverage/execution_results/torch.storage.np.polynomial.hermite_e.hermemulx.results.json
torch.storage.np.polynomial.hermite_e.hermemulx,valid_mutation,8,valid,c,value_posinf,True,differential_mismatch,DifferentialMismatch,success/exception mismatch between cpu and mps,stage4/results/torch-thesis-all-coverage/execution_results/torch.storage.np.polynomial.hermite_e.hermemulx.results.json
torch.storage.np.polynomial.hermite_e.hermemulx,negative_mutation,9,negative,c,shape_shrink,True,negative_accepted_not_bug,,,stage4/results/torch-thesis-all-coverage/execution_results/torch.storage.np.polynomial.hermite_e.hermemulx.results.json
torch.storage.np.polynomial.hermite_e.hermemulx,negative_mutation,10,negative,c,dtype_mutate,True,negative_accepted_not_bug,,,stage4/results/torch-thesis-all-coverage/execution_results/torch.storage.np.polynomial.hermite_e.hermemulx.results.json
torch.storage.np.polynomial.hermite_e.hermeval,base_valid,0,valid,,,True,differential_mismatch,DifferentialMismatch,success/exception mismatch between cpu and mps,stage4/results/torch-thesis-all-coverage/execution_results/torch.storage.np.polynomial.hermite_e.hermeval.results.json
torch.storage.np.polynomial.hermite_e.hermeval,valid_mutation,1,valid,x,value_nan,True,differential_mismatch,DifferentialMismatch,success/exception mismatch between cpu and mps,stage4/results/torch-thesis-all-coverage/execution_results/torch.storage.np.polynomial.hermite_e.hermeval.results.json
torch.storage.np.polynomial.hermite_e.hermeval,valid_mutation,2,valid,x,value_neginf,True,differential_mismatch,DifferentialMismatch,success/exception mismatch between cpu and mps,stage4/results/torch-thesis-all-coverage/execution_results/torch.storage.np.polynomial.hermite_e.hermeval.results.json
torch.storage.np.polynomial.hermite_e.hermeval,valid_mutation,3,valid,x,value_large_magnitude,True,differential_mismatch,DifferentialMismatch,success/exception mismatch between cpu and mps,stage4/results/torch-thesis-all-coverage/execution_results/torch.storage.np.polynomial.hermite_e.hermeval.results.json
torch.storage.np.polynomial.hermite_e.hermeval,valid_mutation,4,valid,x,enum_switch,True,differential_mismatch,DifferentialMismatch,success/exception mismatch between cpu and mps,stage4/results/torch-thesis-all-coverage/execution_results/torch.storage.np.polynomial.hermite_e.hermeval.results.json
torch.storage.np.polynomial.hermite_e.hermeval,valid_mutation,5,valid,x,value_posinf,True,differential_mismatch,DifferentialMismatch,success/exception mismatch between cpu and mps,stage4/results/torch-thesis-all-coverage/execution_results/torch.storage.np.polynomial.hermite_e.hermeval.results.json
torch.storage.np.polynomial.hermite_e.hermeval,valid_mutation,6,valid,x,value_negzero,True,differential_mismatch,DifferentialMismatch,success/exception mismatch between cpu and mps,stage4/results/torch-thesis-all-coverage/execution_results/torch.storage.np.polynomial.hermite_e.hermeval.results.json
torch.storage.np.polynomial.hermite_e.hermeval,negative_mutation,7,negative,x,enum_invalid,True,negative_accepted_not_bug,,,stage4/results/torch-thesis-all-coverage/execution_results/torch.storage.np.polynomial.hermite_e.hermeval.results.json
torch.storage.np.polynomial.hermite_e.hermeval,valid_mutation,8,valid,c,value_neginf,True,differential_mismatch,DifferentialMismatch,success/exception mismatch between cpu and mps,stage4/results/torch-thesis-all-coverage/execution_results/torch.storage.np.polynomial.hermite_e.hermeval.results.json
torch.storage.np.polynomial.hermite_e.hermeval,valid_mutation,9,valid,c,value_negzero,True,differential_mismatch,DifferentialMismatch,success/exception mismatch between cpu and mps,stage4/results/torch-thesis-all-coverage/execution_results/torch.storage.np.polynomial.hermite_e.hermeval.results.json
torch.storage.np.polynomial.hermite_e.hermeval,valid_mutation,10,valid,c,enum_switch,True,differential_mismatch,DifferentialMismatch,success/exception mismatch between cpu and mps,stage4/results/torch-thesis-all-coverage/execution_results/torch.storage.np.polynomial.hermite_e.hermeval.results.json
torch.storage.np.polynomial.hermite_e.hermeval,valid_mutation,11,valid,c,value_posinf,True,differential_mismatch,DifferentialMismatch,success/exception mismatch between cpu and mps,stage4/results/torch-thesis-all-coverage/execution_results/torch.storage.np.polynomial.hermite_e.hermeval.results.json
torch.storage.np.polynomial.hermite_e.hermeval,valid_mutation,12,valid,c,value_large_magnitude,True,differential_mismatch,DifferentialMismatch,success/exception mismatch between cpu and mps,stage4/results/torch-thesis-all-coverage/execution_results/torch.storage.np.polynomial.hermite_e.hermeval.results.json
torch.storage.np.polynomial.hermite_e.hermeval,valid_mutation,13,valid,c,value_nan,True,differential_mismatch,DifferentialMismatch,success/exception mismatch between cpu and mps,stage4/results/torch-thesis-all-coverage/execution_results/torch.storage.np.polynomial.hermite_e.hermeval.results.json
torch.storage.np.polynomial.hermite_e.hermeval,negative_mutation,14,negative,c,enum_invalid,True,negative_accepted_not_bug,,,stage4/results/torch-thesis-all-coverage/execution_results/torch.storage.np.polynomial.hermite_e.hermeval.results.json
torch.storage.np.polynomial.hermite_e.hermevander,base_valid,0,valid,,,True,success_valid,,,stage4/results/torch-thesis-all-coverage/execution_results/torch.storage.np.polynomial.hermite_e.hermevander.results.json
torch.storage.np.polynomial.hermite_e.hermevander,valid_mutation,1,valid,x,scalar_delta,True,valid_mutation_success,,,stage4/results/torch-thesis-all-coverage/execution_results/torch.storage.np.polynomial.hermite_e.hermevander.results.json
torch.storage.np.polynomial.hermite_e.hermevander,valid_mutation,2,valid,x,value_negzero,True,valid_mutation_success,,,stage4/results/torch-thesis-all-coverage/execution_results/torch.storage.np.polynomial.hermite_e.hermevander.results.json
torch.storage.np.polynomial.hermite_e.hermevander,valid_mutation,3,valid,x,value_neginf,True,valid_mutation_success,,,stage4/results/torch-thesis-all-coverage/execution_results/torch.storage.np.polynomial.hermite_e.hermevander.results.json
torch.storage.np.polynomial.hermite_e.hermevander,valid_mutation,4,valid,x,value_nan,True,valid_mutation_success,,,stage4/results/torch-thesis-all-coverage/execution_results/torch.storage.np.polynomial.hermite_e.hermevander.results.json
torch.storage.np.polynomial.hermite_e.hermevander,valid_mutation,5,valid,x,value_large_magnitude,True,valid_mutation_success,,,stage4/results/torch-thesis-all-coverage/execution_results/torch.storage.np.polynomial.hermite_e.hermevander.results.json
torch.storage.np.polynomial.hermite_e.hermevander,valid_mutation,6,valid,x,value_posinf,True,valid_mutation_success,,,stage4/results/torch-thesis-all-coverage/execution_results/torch.storage.np.polynomial.hermite_e.hermevander.results.json
torch.storage.np.polynomial.hermite_e.hermevander,negative_mutation,7,negative,x,type_widen,True,negative_accepted_not_bug,,,stage4/results/torch-thesis-all-coverage/execution_results/torch.storage.np.polynomial.hermite_e.hermevander.results.json
torch.storage.np.polynomial.hermite_e.hermevander,valid_mutation,8,valid,deg,scalar_delta,True,valid_mutation_success,,,stage4/results/torch-thesis-all-coverage/execution_results/torch.storage.np.polynomial.hermite_e.hermevander.results.json
torch.storage.np.polynomial.hermite_e.hermevander,valid_mutation,9,valid,deg,value_large_magnitude,True,valid_mutation_success,,,stage4/results/torch-thesis-all-coverage/execution_results/torch.storage.np.polynomial.hermite_e.hermevander.results.json
torch.storage.np.polynomial.hermite_e.hermevander,negative_mutation,10,negative,deg,type_widen,False,expected_negative_rejection,TypeError,"deg must be an integer, received 1.0",stage4/results/torch-thesis-all-coverage/execution_results/torch.storage.np.polynomial.hermite_e.hermevander.results.json
torch.storage.np.polynomial.hermite_e.poly2herme,base_valid,0,valid,,,True,differential_mismatch,DifferentialMismatch,success/exception mismatch between cpu and mps,stage4/results/torch-thesis-all-coverage/execution_results/torch.storage.np.polynomial.hermite_e.poly2herme.results.json
torch.storage.np.polynomial.hermite_e.poly2herme,valid_mutation,1,valid,pol,value_large_magnitude,True,differential_mismatch,DifferentialMismatch,success/exception mismatch between cpu and mps,stage4/results/torch-thesis-all-coverage/execution_results/torch.storage.np.polynomial.hermite_e.poly2herme.results.json
torch.storage.np.polynomial.hermite_e.poly2herme,valid_mutation,2,valid,pol,value_division,True,differential_mismatch,DifferentialMismatch,success/exception mismatch between cpu and mps,stage4/results/torch-thesis-all-coverage/execution_results/torch.storage.np.polynomial.hermite_e.poly2herme.results.json
torch.storage.np.polynomial.hermite_e.poly2herme,valid_mutation,3,valid,pol,value_posinf,True,differential_mismatch,DifferentialMismatch,success/exception mismatch between cpu and mps,stage4/results/torch-thesis-all-coverage/execution_results/torch.storage.np.polynomial.hermite_e.poly2herme.results.json
torch.storage.np.polynomial.hermite_e.poly2herme,valid_mutation,4,valid,pol,value_negzero,True,differential_mismatch,DifferentialMismatch,success/exception mismatch between cpu and mps,stage4/results/torch-thesis-all-coverage/execution_results/torch.storage.np.polynomial.hermite_e.poly2herme.results.json
torch.storage.np.polynomial.hermite_e.poly2herme,valid_mutation,5,valid,pol,value_neginf,True,differential_mismatch,DifferentialMismatch,success/exception mismatch between cpu and mps,stage4/results/torch-thesis-all-coverage/execution_results/torch.storage.np.polynomial.hermite_e.poly2herme.results.json
torch.storage.np.polynomial.hermite_e.poly2herme,valid_mutation,6,valid,pol,value_mask,True,differential_mismatch,DifferentialMismatch,success/exception mismatch between cpu and mps,stage4/results/torch-thesis-all-coverage/execution_results/torch.storage.np.polynomial.hermite_e.poly2herme.results.json
torch.storage.np.polynomial.hermite_e.poly2herme,valid_mutation,7,valid,pol,value_nan,True,differential_mismatch,DifferentialMismatch,success/exception mismatch between cpu and mps,stage4/results/torch-thesis-all-coverage/execution_results/torch.storage.np.polynomial.hermite_e.poly2herme.results.json
torch.storage.np.polynomial.hermite_e.poly2herme,valid_mutation,8,valid,pol,value_noise,True,differential_mismatch,DifferentialMismatch,success/exception mismatch between cpu and mps,stage4/results/torch-thesis-all-coverage/execution_results/torch.storage.np.polynomial.hermite_e.poly2herme.results.json
torch.storage.np.polynomial.hermite_e.poly2herme,negative_mutation,9,negative,pol,shape_shrink,True,negative_accepted_not_bug,,,stage4/results/torch-thesis-all-coverage/execution_results/torch.storage.np.polynomial.hermite_e.poly2herme.results.json
torch.storage.np.polynomial.hermite_e.poly2herme,negative_mutation,10,negative,pol,dtype_mutate,True,negative_accepted_not_bug,,,stage4/results/torch-thesis-all-coverage/execution_results/torch.storage.np.polynomial.hermite_e.poly2herme.results.json
torch.storage.np.polynomial.laguerre.lag2poly,base_valid,0,valid,,,True,differential_mismatch,DifferentialMismatch,success/exception mismatch between cpu and mps,stage4/results/torch-thesis-all-coverage/execution_results/torch.storage.np.polynomial.laguerre.lag2poly.results.json
torch.storage.np.polynomial.laguerre.lag2poly,valid_mutation,1,valid,c,value_division,True,differential_mismatch,DifferentialMismatch,success/exception mismatch between cpu and mps,stage4/results/torch-thesis-all-coverage/execution_results/torch.storage.np.polynomial.laguerre.lag2poly.results.json
torch.storage.np.polynomial.laguerre.lag2poly,valid_mutation,2,valid,c,value_negzero,True,differential_mismatch,DifferentialMismatch,success/exception mismatch between cpu and mps,stage4/results/torch-thesis-all-coverage/execution_results/torch.storage.np.polynomial.laguerre.lag2poly.results.json
torch.storage.np.polynomial.laguerre.lag2poly,valid_mutation,3,valid,c,value_posinf,True,differential_mismatch,DifferentialMismatch,success/exception mismatch between cpu and mps,stage4/results/torch-thesis-all-coverage/execution_results/torch.storage.np.polynomial.laguerre.lag2poly.results.json
torch.storage.np.polynomial.laguerre.lag2poly,valid_mutation,4,valid,c,value_nan,True,differential_mismatch,DifferentialMismatch,success/exception mismatch between cpu and mps,stage4/results/torch-thesis-all-coverage/execution_results/torch.storage.np.polynomial.laguerre.lag2poly.results.json
torch.storage.np.polynomial.laguerre.lag2poly,valid_mutation,5,valid,c,value_large_magnitude,True,differential_mismatch,DifferentialMismatch,success/exception mismatch between cpu and mps,stage4/results/torch-thesis-all-coverage/execution_results/torch.storage.np.polynomial.laguerre.lag2poly.results.json
torch.storage.np.polynomial.laguerre.lag2poly,valid_mutation,6,valid,c,value_neginf,True,differential_mismatch,DifferentialMismatch,success/exception mismatch between cpu and mps,stage4/results/torch-thesis-all-coverage/execution_results/torch.storage.np.polynomial.laguerre.lag2poly.results.json
torch.storage.np.polynomial.laguerre.lag2poly,valid_mutation,7,valid,c,value_mask,True,differential_mismatch,DifferentialMismatch,success/exception mismatch between cpu and mps,stage4/results/torch-thesis-all-coverage/execution_results/torch.storage.np.polynomial.laguerre.lag2poly.results.json
torch.storage.np.polynomial.laguerre.lag2poly,valid_mutation,8,valid,c,value_noise,True,differential_mismatch,DifferentialMismatch,success/exception mismatch between cpu and mps,stage4/results/torch-thesis-all-coverage/execution_results/torch.storage.np.polynomial.laguerre.lag2poly.results.json
torch.storage.np.polynomial.laguerre.lag2poly,negative_mutation,9,negative,c,shape_expand,True,negative_accepted_not_bug,,,stage4/results/torch-thesis-all-coverage/execution_results/torch.storage.np.polynomial.laguerre.lag2poly.results.json
torch.storage.np.polynomial.laguerre.lag2poly,negative_mutation,10,negative,c,dtype_mutate,True,negative_accepted_not_bug,,,stage4/results/torch-thesis-all-coverage/execution_results/torch.storage.np.polynomial.laguerre.lag2poly.results.json
torch.storage.np.polynomial.laguerre.lagder,base_valid,0,valid,,,True,differential_mismatch,DifferentialMismatch,success/exception mismatch between cpu and mps,stage4/results/torch-thesis-all-coverage/execution_results/torch.storage.np.polynomial.laguerre.lagder.results.json
torch.storage.np.polynomial.laguerre.lagder,valid_mutation,1,valid,c,value_nan,True,differential_mismatch,DifferentialMismatch,success/exception mismatch between cpu and mps,stage4/results/torch-thesis-all-coverage/execution_results/torch.storage.np.polynomial.laguerre.lagder.results.json
torch.storage.np.polynomial.laguerre.lagder,valid_mutation,2,valid,c,value_division,True,differential_mismatch,DifferentialMismatch,success/exception mismatch between cpu and mps,stage4/results/torch-thesis-all-coverage/execution_results/torch.storage.np.polynomial.laguerre.lagder.results.json
torch.storage.np.polynomial.laguerre.lagder,valid_mutation,3,valid,c,value_posinf,True,differential_mismatch,DifferentialMismatch,success/exception mismatch between cpu and mps,stage4/results/torch-thesis-all-coverage/execution_results/torch.storage.np.polynomial.laguerre.lagder.results.json
torch.storage.np.polynomial.laguerre.lagder,valid_mutation,4,valid,c,value_mask,True,differential_mismatch,DifferentialMismatch,success/exception mismatch between cpu and mps,stage4/results/torch-thesis-all-coverage/execution_results/torch.storage.np.polynomial.laguerre.lagder.results.json
torch.storage.np.polynomial.laguerre.lagder,valid_mutation,5,valid,c,value_large_magnitude,True,differential_mismatch,DifferentialMismatch,success/exception mismatch between cpu and mps,stage4/results/torch-thesis-all-coverage/execution_results/torch.storage.np.polynomial.laguerre.lagder.results.json
torch.storage.np.polynomial.laguerre.lagder,valid_mutation,6,valid,c,value_negzero,True,differential_mismatch,DifferentialMismatch,success/exception mismatch between cpu and mps,stage4/results/torch-thesis-all-coverage/execution_results/torch.storage.np.polynomial.laguerre.lagder.results.json
torch.storage.np.polynomial.laguerre.lagder,valid_mutation,7,valid,c,value_neginf,True,differential_mismatch,DifferentialMismatch,success/exception mismatch between cpu and mps,stage4/results/torch-thesis-all-coverage/execution_results/torch.storage.np.polynomial.laguerre.lagder.results.json
torch.storage.np.polynomial.laguerre.lagder,valid_mutation,8,valid,c,value_noise,True,differential_mismatch,DifferentialMismatch,success/exception mismatch between cpu and mps,stage4/results/torch-thesis-all-coverage/execution_results/torch.storage.np.polynomial.laguerre.lagder.results.json
torch.storage.np.polynomial.laguerre.lagder,negative_mutation,9,negative,c,shape_shrink,True,negative_accepted_not_bug,,,stage4/results/torch-thesis-all-coverage/execution_results/torch.storage.np.polynomial.laguerre.lagder.results.json
torch.storage.np.polynomial.laguerre.lagder,negative_mutation,10,negative,c,dtype_mutate,True,negative_accepted_not_bug,,,stage4/results/torch-thesis-all-coverage/execution_results/torch.storage.np.polynomial.laguerre.lagder.results.json
torch.storage.np.polynomial.laguerre.laggauss,base_valid,0,valid,,,True,success_valid,,,stage4/results/torch-thesis-all-coverage/execution_results/torch.storage.np.polynomial.laguerre.laggauss.results.json
torch.storage.np.polynomial.laguerre.laggauss,valid_mutation,1,valid,deg,value_large_magnitude,False,valid_mutation_failure,WorkerTimeout,isolated execution timed out after 45s,stage4/results/torch-thesis-all-coverage/execution_results/torch.storage.np.polynomial.laguerre.laggauss.results.json
torch.storage.np.polynomial.laguerre.laggauss,valid_mutation,2,valid,deg,scalar_delta,True,valid_mutation_success,,,stage4/results/torch-thesis-all-coverage/execution_results/torch.storage.np.polynomial.laguerre.laggauss.results.json
torch.storage.np.polynomial.laguerre.laggauss,negative_mutation,3,negative,deg,type_widen,False,expected_negative_rejection,TypeError,"deg must be an integer, received 1.0",stage4/results/torch-thesis-all-coverage/execution_results/torch.storage.np.polynomial.laguerre.laggauss.results.json
torch.storage.np.polynomial.laguerre.lagint,base_valid,0,valid,,,True,differential_mismatch,DifferentialMismatch,success/exception mismatch between cpu and mps,stage4/results/torch-thesis-all-coverage/execution_results/torch.storage.np.polynomial.laguerre.lagint.results.json
torch.storage.np.polynomial.laguerre.lagint,valid_mutation,1,valid,c,value_noise,True,differential_mismatch,DifferentialMismatch,success/exception mismatch between cpu and mps,stage4/results/torch-thesis-all-coverage/execution_results/torch.storage.np.polynomial.laguerre.lagint.results.json
torch.storage.np.polynomial.laguerre.lagint,valid_mutation,2,valid,c,value_posinf,True,differential_mismatch,DifferentialMismatch,success/exception mismatch between cpu and mps,stage4/results/torch-thesis-all-coverage/execution_results/torch.storage.np.polynomial.laguerre.lagint.results.json
torch.storage.np.polynomial.laguerre.lagint,valid_mutation,3,valid,c,value_nan,True,differential_mismatch,DifferentialMismatch,success/exception mismatch between cpu and mps,stage4/results/torch-thesis-all-coverage/execution_results/torch.storage.np.polynomial.laguerre.lagint.results.json
torch.storage.np.polynomial.laguerre.lagint,valid_mutation,4,valid,c,value_large_magnitude,True,differential_mismatch,DifferentialMismatch,success/exception mismatch between cpu and mps,stage4/results/torch-thesis-all-coverage/execution_results/torch.storage.np.polynomial.laguerre.lagint.results.json
torch.storage.np.polynomial.laguerre.lagint,valid_mutation,5,valid,c,value_negzero,True,differential_mismatch,DifferentialMismatch,success/exception mismatch between cpu and mps,stage4/results/torch-thesis-all-coverage/execution_results/torch.storage.np.polynomial.laguerre.lagint.results.json
torch.storage.np.polynomial.laguerre.lagint,valid_mutation,6,valid,c,value_mask,True,differential_mismatch,DifferentialMismatch,success/exception mismatch between cpu and mps,stage4/results/torch-thesis-all-coverage/execution_results/torch.storage.np.polynomial.laguerre.lagint.results.json
torch.storage.np.polynomial.laguerre.lagint,valid_mutation,7,valid,c,value_neginf,True,differential_mismatch,DifferentialMismatch,success/exception mismatch between cpu and mps,stage4/results/torch-thesis-all-coverage/execution_results/torch.storage.np.polynomial.laguerre.lagint.results.json
torch.storage.np.polynomial.laguerre.lagint,valid_mutation,8,valid,c,value_division,True,differential_mismatch,DifferentialMismatch,success/exception mismatch between cpu and mps,stage4/results/torch-thesis-all-coverage/execution_results/torch.storage.np.polynomial.laguerre.lagint.results.json
torch.storage.np.polynomial.laguerre.lagint,negative_mutation,9,negative,c,shape_expand,True,negative_accepted_not_bug,,,stage4/results/torch-thesis-all-coverage/execution_results/torch.storage.np.polynomial.laguerre.lagint.results.json
torch.storage.np.polynomial.laguerre.lagint,negative_mutation,10,negative,c,dtype_mutate,True,negative_accepted_not_bug,,,stage4/results/torch-thesis-all-coverage/execution_results/torch.storage.np.polynomial.laguerre.lagint.results.json
torch.storage.np.polynomial.laguerre.lagmulx,base_valid,0,valid,,,True,differential_mismatch,DifferentialMismatch,success/exception mismatch between cpu and mps,stage4/results/torch-thesis-all-coverage/execution_results/torch.storage.np.polynomial.laguerre.lagmulx.results.json
torch.storage.np.polynomial.laguerre.lagmulx,valid_mutation,1,valid,c,value_neginf,True,differential_mismatch,DifferentialMismatch,success/exception mismatch between cpu and mps,stage4/results/torch-thesis-all-coverage/execution_results/torch.storage.np.polynomial.laguerre.lagmulx.results.json
torch.storage.np.polynomial.laguerre.lagmulx,valid_mutation,2,valid,c,value_negzero,True,differential_mismatch,DifferentialMismatch,success/exception mismatch between cpu and mps,stage4/results/torch-thesis-all-coverage/execution_results/torch.storage.np.polynomial.laguerre.lagmulx.results.json
torch.storage.np.polynomial.laguerre.lagmulx,valid_mutation,3,valid,c,value_nan,True,differential_mismatch,DifferentialMismatch,success/exception mismatch between cpu and mps,stage4/results/torch-thesis-all-coverage/execution_results/torch.storage.np.polynomial.laguerre.lagmulx.results.json
torch.storage.np.polynomial.laguerre.lagmulx,valid_mutation,4,valid,c,value_large_magnitude,True,differential_mismatch,DifferentialMismatch,success/exception mismatch between cpu and mps,stage4/results/torch-thesis-all-coverage/execution_results/torch.storage.np.polynomial.laguerre.lagmulx.results.json
torch.storage.np.polynomial.laguerre.lagmulx,valid_mutation,5,valid,c,value_posinf,True,differential_mismatch,DifferentialMismatch,success/exception mismatch between cpu and mps,stage4/results/torch-thesis-all-coverage/execution_results/torch.storage.np.polynomial.laguerre.lagmulx.results.json
torch.storage.np.polynomial.laguerre.lagmulx,valid_mutation,6,valid,c,value_noise,True,differential_mismatch,DifferentialMismatch,success/exception mismatch between cpu and mps,stage4/results/torch-thesis-all-coverage/execution_results/torch.storage.np.polynomial.laguerre.lagmulx.results.json
torch.storage.np.polynomial.laguerre.lagmulx,valid_mutation,7,valid,c,value_mask,True,differential_mismatch,DifferentialMismatch,success/exception mismatch between cpu and mps,stage4/results/torch-thesis-all-coverage/execution_results/torch.storage.np.polynomial.laguerre.lagmulx.results.json
torch.storage.np.polynomial.laguerre.lagmulx,valid_mutation,8,valid,c,value_division,True,differential_mismatch,DifferentialMismatch,success/exception mismatch between cpu and mps,stage4/results/torch-thesis-all-coverage/execution_results/torch.storage.np.polynomial.laguerre.lagmulx.results.json
torch.storage.np.polynomial.laguerre.lagmulx,negative_mutation,9,negative,c,shape_expand,True,negative_accepted_not_bug,,,stage4/results/torch-thesis-all-coverage/execution_results/torch.storage.np.polynomial.laguerre.lagmulx.results.json
torch.storage.np.polynomial.laguerre.lagmulx,negative_mutation,10,negative,c,dtype_mutate,True,negative_accepted_not_bug,,,stage4/results/torch-thesis-all-coverage/execution_results/torch.storage.np.polynomial.laguerre.lagmulx.results.json
torch.storage.np.polynomial.laguerre.lagval,base_valid,0,valid,,,True,differential_mismatch,DifferentialMismatch,success/exception mismatch between cpu and mps,stage4/results/torch-thesis-all-coverage/execution_results/torch.storage.np.polynomial.laguerre.lagval.results.json
torch.storage.np.polynomial.laguerre.lagval,valid_mutation,1,valid,x,value_neginf,True,differential_mismatch,DifferentialMismatch,success/exception mismatch between cpu and mps,stage4/results/torch-thesis-all-coverage/execution_results/torch.storage.np.polynomial.laguerre.lagval.results.json
torch.storage.np.polynomial.laguerre.lagval,valid_mutation,2,valid,x,enum_switch,True,differential_mismatch,DifferentialMismatch,success/exception mismatch between cpu and mps,stage4/results/torch-thesis-all-coverage/execution_results/torch.storage.np.polynomial.laguerre.lagval.results.json
torch.storage.np.polynomial.laguerre.lagval,valid_mutation,3,valid,x,value_posinf,True,differential_mismatch,DifferentialMismatch,success/exception mismatch between cpu and mps,stage4/results/torch-thesis-all-coverage/execution_results/torch.storage.np.polynomial.laguerre.lagval.results.json
torch.storage.np.polynomial.laguerre.lagval,valid_mutation,4,valid,x,value_large_magnitude,True,differential_mismatch,DifferentialMismatch,success/exception mismatch between cpu and mps,stage4/results/torch-thesis-all-coverage/execution_results/torch.storage.np.polynomial.laguerre.lagval.results.json
torch.storage.np.polynomial.laguerre.lagval,valid_mutation,5,valid,x,value_negzero,True,differential_mismatch,DifferentialMismatch,success/exception mismatch between cpu and mps,stage4/results/torch-thesis-all-coverage/execution_results/torch.storage.np.polynomial.laguerre.lagval.results.json
torch.storage.np.polynomial.laguerre.lagval,valid_mutation,6,valid,x,value_nan,True,differential_mismatch,DifferentialMismatch,success/exception mismatch between cpu and mps,stage4/results/torch-thesis-all-coverage/execution_results/torch.storage.np.polynomial.laguerre.lagval.results.json
torch.storage.np.polynomial.laguerre.lagval,negative_mutation,7,negative,x,enum_invalid,True,negative_accepted_not_bug,,,stage4/results/torch-thesis-all-coverage/execution_results/torch.storage.np.polynomial.laguerre.lagval.results.json
torch.storage.np.polynomial.laguerre.lagval,valid_mutation,8,valid,c,value_negzero,True,differential_mismatch,DifferentialMismatch,success/exception mismatch between cpu and mps,stage4/results/torch-thesis-all-coverage/execution_results/torch.storage.np.polynomial.laguerre.lagval.results.json
torch.storage.np.polynomial.laguerre.lagval,valid_mutation,9,valid,c,value_nan,True,differential_mismatch,DifferentialMismatch,success/exception mismatch between cpu and mps,stage4/results/torch-thesis-all-coverage/execution_results/torch.storage.np.polynomial.laguerre.lagval.results.json
torch.storage.np.polynomial.laguerre.lagval,valid_mutation,10,valid,c,enum_switch,True,differential_mismatch,DifferentialMismatch,success/exception mismatch between cpu and mps,stage4/results/torch-thesis-all-coverage/execution_results/torch.storage.np.polynomial.laguerre.lagval.results.json
torch.storage.np.polynomial.laguerre.lagval,valid_mutation,11,valid,c,value_posinf,True,differential_mismatch,DifferentialMismatch,success/exception mismatch between cpu and mps,stage4/results/torch-thesis-all-coverage/execution_results/torch.storage.np.polynomial.laguerre.lagval.results.json
torch.storage.np.polynomial.laguerre.lagval,valid_mutation,12,valid,c,value_large_magnitude,True,differential_mismatch,DifferentialMismatch,success/exception mismatch between cpu and mps,stage4/results/torch-thesis-all-coverage/execution_results/torch.storage.np.polynomial.laguerre.lagval.results.json
torch.storage.np.polynomial.laguerre.lagval,valid_mutation,13,valid,c,value_neginf,True,differential_mismatch,DifferentialMismatch,success/exception mismatch between cpu and mps,stage4/results/torch-thesis-all-coverage/execution_results/torch.storage.np.polynomial.laguerre.lagval.results.json
torch.storage.np.polynomial.laguerre.lagval,negative_mutation,14,negative,c,enum_invalid,True,negative_accepted_not_bug,,,stage4/results/torch-thesis-all-coverage/execution_results/torch.storage.np.polynomial.laguerre.lagval.results.json
torch.storage.np.polynomial.laguerre.lagvander,base_valid,0,valid,,,True,success_valid,,,stage4/results/torch-thesis-all-coverage/execution_results/torch.storage.np.polynomial.laguerre.lagvander.results.json
torch.storage.np.polynomial.laguerre.lagvander,valid_mutation,1,valid,x,value_posinf,True,valid_mutation_success,,,stage4/results/torch-thesis-all-coverage/execution_results/torch.storage.np.polynomial.laguerre.lagvander.results.json
torch.storage.np.polynomial.laguerre.lagvander,valid_mutation,2,valid,x,value_nan,True,valid_mutation_success,,,stage4/results/torch-thesis-all-coverage/execution_results/torch.storage.np.polynomial.laguerre.lagvander.results.json
torch.storage.np.polynomial.laguerre.lagvander,valid_mutation,3,valid,x,value_neginf,True,valid_mutation_success,,,stage4/results/torch-thesis-all-coverage/execution_results/torch.storage.np.polynomial.laguerre.lagvander.results.json
torch.storage.np.polynomial.laguerre.lagvander,valid_mutation,4,valid,x,scalar_delta,True,valid_mutation_success,,,stage4/results/torch-thesis-all-coverage/execution_results/torch.storage.np.polynomial.laguerre.lagvander.results.json
torch.storage.np.polynomial.laguerre.lagvander,valid_mutation,5,valid,x,value_negzero,True,valid_mutation_success,,,stage4/results/torch-thesis-all-coverage/execution_results/torch.storage.np.polynomial.laguerre.lagvander.results.json
torch.storage.np.polynomial.laguerre.lagvander,valid_mutation,6,valid,x,value_large_magnitude,True,valid_mutation_success,,,stage4/results/torch-thesis-all-coverage/execution_results/torch.storage.np.polynomial.laguerre.lagvander.results.json
torch.storage.np.polynomial.laguerre.lagvander,negative_mutation,7,negative,x,type_widen,True,negative_accepted_not_bug,,,stage4/results/torch-thesis-all-coverage/execution_results/torch.storage.np.polynomial.laguerre.lagvander.results.json
torch.storage.np.polynomial.laguerre.lagvander,valid_mutation,8,valid,deg,value_large_magnitude,True,valid_mutation_success,,,stage4/results/torch-thesis-all-coverage/execution_results/torch.storage.np.polynomial.laguerre.lagvander.results.json
torch.storage.np.polynomial.laguerre.lagvander,valid_mutation,9,valid,deg,scalar_delta,True,valid_mutation_success,,,stage4/results/torch-thesis-all-coverage/execution_results/torch.storage.np.polynomial.laguerre.lagvander.results.json
torch.storage.np.polynomial.laguerre.lagvander,negative_mutation,10,negative,deg,type_widen,False,expected_negative_rejection,TypeError,"deg must be an integer, received 1.0",stage4/results/torch-thesis-all-coverage/execution_results/torch.storage.np.polynomial.laguerre.lagvander.results.json
torch.storage.np.polynomial.laguerre.poly2lag,base_valid,0,valid,,,True,differential_mismatch,DifferentialMismatch,success/exception mismatch between cpu and mps,stage4/results/torch-thesis-all-coverage/execution_results/torch.storage.np.polynomial.laguerre.poly2lag.results.json
torch.storage.np.polynomial.laguerre.poly2lag,valid_mutation,1,valid,pol,value_noise,True,differential_mismatch,DifferentialMismatch,success/exception mismatch between cpu and mps,stage4/results/torch-thesis-all-coverage/execution_results/torch.storage.np.polynomial.laguerre.poly2lag.results.json
torch.storage.np.polynomial.laguerre.poly2lag,valid_mutation,2,valid,pol,value_division,True,differential_mismatch,DifferentialMismatch,success/exception mismatch between cpu and mps,stage4/results/torch-thesis-all-coverage/execution_results/torch.storage.np.polynomial.laguerre.poly2lag.results.json
torch.storage.np.polynomial.laguerre.poly2lag,valid_mutation,3,valid,pol,value_large_magnitude,True,differential_mismatch,DifferentialMismatch,success/exception mismatch between cpu and mps,stage4/results/torch-thesis-all-coverage/execution_results/torch.storage.np.polynomial.laguerre.poly2lag.results.json
torch.storage.np.polynomial.laguerre.poly2lag,valid_mutation,4,valid,pol,value_nan,True,differential_mismatch,DifferentialMismatch,success/exception mismatch between cpu and mps,stage4/results/torch-thesis-all-coverage/execution_results/torch.storage.np.polynomial.laguerre.poly2lag.results.json
torch.storage.np.polynomial.laguerre.poly2lag,valid_mutation,5,valid,pol,value_posinf,True,differential_mismatch,DifferentialMismatch,success/exception mismatch between cpu and mps,stage4/results/torch-thesis-all-coverage/execution_results/torch.storage.np.polynomial.laguerre.poly2lag.results.json
torch.storage.np.polynomial.laguerre.poly2lag,valid_mutation,6,valid,pol,value_mask,True,differential_mismatch,DifferentialMismatch,success/exception mismatch between cpu and mps,stage4/results/torch-thesis-all-coverage/execution_results/torch.storage.np.polynomial.laguerre.poly2lag.results.json
torch.storage.np.polynomial.laguerre.poly2lag,valid_mutation,7,valid,pol,value_neginf,True,differential_mismatch,DifferentialMismatch,success/exception mismatch between cpu and mps,stage4/results/torch-thesis-all-coverage/execution_results/torch.storage.np.polynomial.laguerre.poly2lag.results.json
torch.storage.np.polynomial.laguerre.poly2lag,valid_mutation,8,valid,pol,value_negzero,True,differential_mismatch,DifferentialMismatch,success/exception mismatch between cpu and mps,stage4/results/torch-thesis-all-coverage/execution_results/torch.storage.np.polynomial.laguerre.poly2lag.results.json
torch.storage.np.polynomial.laguerre.poly2lag,negative_mutation,9,negative,pol,shape_shrink,True,negative_accepted_not_bug,,,stage4/results/torch-thesis-all-coverage/execution_results/torch.storage.np.polynomial.laguerre.poly2lag.results.json
torch.storage.np.polynomial.laguerre.poly2lag,negative_mutation,10,negative,pol,dtype_mutate,True,negative_accepted_not_bug,,,stage4/results/torch-thesis-all-coverage/execution_results/torch.storage.np.polynomial.laguerre.poly2lag.results.json
torch.storage.np.polynomial.legendre.leg2poly,base_valid,0,valid,,,True,differential_mismatch,DifferentialMismatch,success/exception mismatch between cpu and mps,stage4/results/torch-thesis-all-coverage/execution_results/torch.storage.np.polynomial.legendre.leg2poly.results.json
torch.storage.np.polynomial.legendre.leg2poly,valid_mutation,1,valid,c,value_noise,True,differential_mismatch,DifferentialMismatch,success/exception mismatch between cpu and mps,stage4/results/torch-thesis-all-coverage/execution_results/torch.storage.np.polynomial.legendre.leg2poly.results.json
torch.storage.np.polynomial.legendre.leg2poly,valid_mutation,2,valid,c,value_mask,True,differential_mismatch,DifferentialMismatch,success/exception mismatch between cpu and mps,stage4/results/torch-thesis-all-coverage/execution_results/torch.storage.np.polynomial.legendre.leg2poly.results.json
torch.storage.np.polynomial.legendre.leg2poly,valid_mutation,3,valid,c,value_large_magnitude,True,differential_mismatch,DifferentialMismatch,success/exception mismatch between cpu and mps,stage4/results/torch-thesis-all-coverage/execution_results/torch.storage.np.polynomial.legendre.leg2poly.results.json
torch.storage.np.polynomial.legendre.leg2poly,valid_mutation,4,valid,c,value_nan,True,differential_mismatch,DifferentialMismatch,success/exception mismatch between cpu and mps,stage4/results/torch-thesis-all-coverage/execution_results/torch.storage.np.polynomial.legendre.leg2poly.results.json
torch.storage.np.polynomial.legendre.leg2poly,valid_mutation,5,valid,c,value_neginf,True,differential_mismatch,DifferentialMismatch,success/exception mismatch between cpu and mps,stage4/results/torch-thesis-all-coverage/execution_results/torch.storage.np.polynomial.legendre.leg2poly.results.json
torch.storage.np.polynomial.legendre.leg2poly,valid_mutation,6,valid,c,value_division,True,differential_mismatch,DifferentialMismatch,success/exception mismatch between cpu and mps,stage4/results/torch-thesis-all-coverage/execution_results/torch.storage.np.polynomial.legendre.leg2poly.results.json
torch.storage.np.polynomial.legendre.leg2poly,valid_mutation,7,valid,c,value_negzero,True,differential_mismatch,DifferentialMismatch,success/exception mismatch between cpu and mps,stage4/results/torch-thesis-all-coverage/execution_results/torch.storage.np.polynomial.legendre.leg2poly.results.json
torch.storage.np.polynomial.legendre.leg2poly,valid_mutation,8,valid,c,value_posinf,True,differential_mismatch,DifferentialMismatch,success/exception mismatch between cpu and mps,stage4/results/torch-thesis-all-coverage/execution_results/torch.storage.np.polynomial.legendre.leg2poly.results.json
torch.storage.np.polynomial.legendre.leg2poly,negative_mutation,9,negative,c,shape_expand,True,negative_accepted_not_bug,,,stage4/results/torch-thesis-all-coverage/execution_results/torch.storage.np.polynomial.legendre.leg2poly.results.json
torch.storage.np.polynomial.legendre.leg2poly,negative_mutation,10,negative,c,dtype_mutate,True,negative_accepted_not_bug,,,stage4/results/torch-thesis-all-coverage/execution_results/torch.storage.np.polynomial.legendre.leg2poly.results.json
torch.storage.np.polynomial.legendre.legcompanion,base_valid,0,valid,,,True,differential_mismatch,DifferentialMismatch,success/exception mismatch between cpu and mps,stage4/results/torch-thesis-all-coverage/execution_results/torch.storage.np.polynomial.legendre.legcompanion.results.json
torch.storage.np.polynomial.legendre.legcompanion,valid_mutation,1,valid,c,value_nan,True,differential_mismatch,DifferentialMismatch,success/exception mismatch between cpu and mps,stage4/results/torch-thesis-all-coverage/execution_results/torch.storage.np.polynomial.legendre.legcompanion.results.json
torch.storage.np.polynomial.legendre.legcompanion,valid_mutation,2,valid,c,value_division,True,differential_mismatch,DifferentialMismatch,success/exception mismatch between cpu and mps,stage4/results/torch-thesis-all-coverage/execution_results/torch.storage.np.polynomial.legendre.legcompanion.results.json
torch.storage.np.polynomial.legendre.legcompanion,valid_mutation,3,valid,c,value_mask,True,differential_mismatch,DifferentialMismatch,success/exception mismatch between cpu and mps,stage4/results/torch-thesis-all-coverage/execution_results/torch.storage.np.polynomial.legendre.legcompanion.results.json
torch.storage.np.polynomial.legendre.legcompanion,valid_mutation,4,valid,c,value_neginf,True,differential_mismatch,DifferentialMismatch,success/exception mismatch between cpu and mps,stage4/results/torch-thesis-all-coverage/execution_results/torch.storage.np.polynomial.legendre.legcompanion.results.json
torch.storage.np.polynomial.legendre.legcompanion,valid_mutation,5,valid,c,value_noise,True,differential_mismatch,DifferentialMismatch,success/exception mismatch between cpu and mps,stage4/results/torch-thesis-all-coverage/execution_results/torch.storage.np.polynomial.legendre.legcompanion.results.json
torch.storage.np.polynomial.legendre.legcompanion,valid_mutation,6,valid,c,value_negzero,True,differential_mismatch,DifferentialMismatch,success/exception mismatch between cpu and mps,stage4/results/torch-thesis-all-coverage/execution_results/torch.storage.np.polynomial.legendre.legcompanion.results.json
torch.storage.np.polynomial.legendre.legcompanion,valid_mutation,7,valid,c,value_large_magnitude,True,differential_mismatch,DifferentialMismatch,success/exception mismatch between cpu and mps,stage4/results/torch-thesis-all-coverage/execution_results/torch.storage.np.polynomial.legendre.legcompanion.results.json
torch.storage.np.polynomial.legendre.legcompanion,valid_mutation,8,valid,c,value_posinf,True,differential_mismatch,DifferentialMismatch,success/exception mismatch between cpu and mps,stage4/results/torch-thesis-all-coverage/execution_results/torch.storage.np.polynomial.legendre.legcompanion.results.json
torch.storage.np.polynomial.legendre.legcompanion,negative_mutation,9,negative,c,shape_shrink,False,expected_negative_rejection,ValueError,Series must have maximum degree of at least 1.,stage4/results/torch-thesis-all-coverage/execution_results/torch.storage.np.polynomial.legendre.legcompanion.results.json
torch.storage.np.polynomial.legendre.legcompanion,negative_mutation,10,negative,c,dtype_mutate,True,negative_accepted_not_bug,,,stage4/results/torch-thesis-all-coverage/execution_results/torch.storage.np.polynomial.legendre.legcompanion.results.json
torch.storage.np.polynomial.legendre.legder,base_valid,0,valid,,,True,differential_mismatch,DifferentialMismatch,success/exception mismatch between cpu and mps,stage4/results/torch-thesis-all-coverage/execution_results/torch.storage.np.polynomial.legendre.legder.results.json
torch.storage.np.polynomial.legendre.legder,valid_mutation,1,valid,c,value_posinf,True,differential_mismatch,DifferentialMismatch,success/exception mismatch between cpu and mps,stage4/results/torch-thesis-all-coverage/execution_results/torch.storage.np.polynomial.legendre.legder.results.json
torch.storage.np.polynomial.legendre.legder,valid_mutation,2,valid,c,value_large_magnitude,True,differential_mismatch,DifferentialMismatch,success/exception mismatch between cpu and mps,stage4/results/torch-thesis-all-coverage/execution_results/torch.storage.np.polynomial.legendre.legder.results.json
torch.storage.np.polynomial.legendre.legder,valid_mutation,3,valid,c,value_neginf,True,differential_mismatch,DifferentialMismatch,success/exception mismatch between cpu and mps,stage4/results/torch-thesis-all-coverage/execution_results/torch.storage.np.polynomial.legendre.legder.results.json
torch.storage.np.polynomial.legendre.legder,valid_mutation,4,valid,c,value_negzero,True,differential_mismatch,DifferentialMismatch,success/exception mismatch between cpu and mps,stage4/results/torch-thesis-all-coverage/execution_results/torch.storage.np.polynomial.legendre.legder.results.json
torch.storage.np.polynomial.legendre.legder,valid_mutation,5,valid,c,value_mask,True,differential_mismatch,DifferentialMismatch,success/exception mismatch between cpu and mps,stage4/results/torch-thesis-all-coverage/execution_results/torch.storage.np.polynomial.legendre.legder.results.json
torch.storage.np.polynomial.legendre.legder,valid_mutation,6,valid,c,value_division,True,differential_mismatch,DifferentialMismatch,success/exception mismatch between cpu and mps,stage4/results/torch-thesis-all-coverage/execution_results/torch.storage.np.polynomial.legendre.legder.results.json
torch.storage.np.polynomial.legendre.legder,valid_mutation,7,valid,c,value_noise,True,differential_mismatch,DifferentialMismatch,success/exception mismatch between cpu and mps,stage4/results/torch-thesis-all-coverage/execution_results/torch.storage.np.polynomial.legendre.legder.results.json
torch.storage.np.polynomial.legendre.legder,valid_mutation,8,valid,c,value_nan,True,differential_mismatch,DifferentialMismatch,success/exception mismatch between cpu and mps,stage4/results/torch-thesis-all-coverage/execution_results/torch.storage.np.polynomial.legendre.legder.results.json
torch.storage.np.polynomial.legendre.legder,negative_mutation,9,negative,c,shape_shrink,True,negative_accepted_not_bug,,,stage4/results/torch-thesis-all-coverage/execution_results/torch.storage.np.polynomial.legendre.legder.results.json
torch.storage.np.polynomial.legendre.legder,negative_mutation,10,negative,c,dtype_mutate,True,negative_accepted_not_bug,,,stage4/results/torch-thesis-all-coverage/execution_results/torch.storage.np.polynomial.legendre.legder.results.json
torch.storage.np.polynomial.legendre.leggauss,base_valid,0,valid,,,True,success_valid,,,stage4/results/torch-thesis-all-coverage/execution_results/torch.storage.np.polynomial.legendre.leggauss.results.json
torch.storage.np.polynomial.legendre.leggauss,valid_mutation,1,valid,deg,value_large_magnitude,False,valid_mutation_failure,WorkerTimeout,isolated execution timed out after 45s,stage4/results/torch-thesis-all-coverage/execution_results/torch.storage.np.polynomial.legendre.leggauss.results.json
torch.storage.np.polynomial.legendre.leggauss,valid_mutation,2,valid,deg,scalar_delta,True,valid_mutation_success,,,stage4/results/torch-thesis-all-coverage/execution_results/torch.storage.np.polynomial.legendre.leggauss.results.json
torch.storage.np.polynomial.legendre.leggauss,negative_mutation,3,negative,deg,type_widen,False,expected_negative_rejection,TypeError,"deg must be an integer, received 1.0",stage4/results/torch-thesis-all-coverage/execution_results/torch.storage.np.polynomial.legendre.leggauss.results.json
torch.storage.np.polynomial.legendre.legint,base_valid,0,valid,,,True,differential_mismatch,DifferentialMismatch,success/exception mismatch between cpu and mps,stage4/results/torch-thesis-all-coverage/execution_results/torch.storage.np.polynomial.legendre.legint.results.json
torch.storage.np.polynomial.legendre.legint,valid_mutation,1,valid,c,value_negzero,True,differential_mismatch,DifferentialMismatch,success/exception mismatch between cpu and mps,stage4/results/torch-thesis-all-coverage/execution_results/torch.storage.np.polynomial.legendre.legint.results.json
torch.storage.np.polynomial.legendre.legint,valid_mutation,2,valid,c,value_mask,True,differential_mismatch,DifferentialMismatch,success/exception mismatch between cpu and mps,stage4/results/torch-thesis-all-coverage/execution_results/torch.storage.np.polynomial.legendre.legint.results.json
torch.storage.np.polynomial.legendre.legint,valid_mutation,3,valid,c,value_division,True,differential_mismatch,DifferentialMismatch,success/exception mismatch between cpu and mps,stage4/results/torch-thesis-all-coverage/execution_results/torch.storage.np.polynomial.legendre.legint.results.json
torch.storage.np.polynomial.legendre.legint,valid_mutation,4,valid,c,value_nan,True,differential_mismatch,DifferentialMismatch,success/exception mismatch between cpu and mps,stage4/results/torch-thesis-all-coverage/execution_results/torch.storage.np.polynomial.legendre.legint.results.json
torch.storage.np.polynomial.legendre.legint,valid_mutation,5,valid,c,value_large_magnitude,True,differential_mismatch,DifferentialMismatch,success/exception mismatch between cpu and mps,stage4/results/torch-thesis-all-coverage/execution_results/torch.storage.np.polynomial.legendre.legint.results.json
torch.storage.np.polynomial.legendre.legint,valid_mutation,6,valid,c,value_posinf,True,differential_mismatch,DifferentialMismatch,success/exception mismatch between cpu and mps,stage4/results/torch-thesis-all-coverage/execution_results/torch.storage.np.polynomial.legendre.legint.results.json
torch.storage.np.polynomial.legendre.legint,valid_mutation,7,valid,c,value_neginf,True,differential_mismatch,DifferentialMismatch,success/exception mismatch between cpu and mps,stage4/results/torch-thesis-all-coverage/execution_results/torch.storage.np.polynomial.legendre.legint.results.json
torch.storage.np.polynomial.legendre.legint,valid_mutation,8,valid,c,value_noise,True,differential_mismatch,DifferentialMismatch,success/exception mismatch between cpu and mps,stage4/results/torch-thesis-all-coverage/execution_results/torch.storage.np.polynomial.legendre.legint.results.json
torch.storage.np.polynomial.legendre.legint,negative_mutation,9,negative,c,shape_expand,True,negative_accepted_not_bug,,,stage4/results/torch-thesis-all-coverage/execution_results/torch.storage.np.polynomial.legendre.legint.results.json
torch.storage.np.polynomial.legendre.legint,negative_mutation,10,negative,c,dtype_mutate,True,negative_accepted_not_bug,,,stage4/results/torch-thesis-all-coverage/execution_results/torch.storage.np.polynomial.legendre.legint.results.json
torch.storage.np.polynomial.legendre.legmulx,base_valid,0,valid,,,True,differential_mismatch,DifferentialMismatch,success/exception mismatch between cpu and mps,stage4/results/torch-thesis-all-coverage/execution_results/torch.storage.np.polynomial.legendre.legmulx.results.json
torch.storage.np.polynomial.legendre.legmulx,valid_mutation,1,valid,c,value_posinf,True,differential_mismatch,DifferentialMismatch,success/exception mismatch between cpu and mps,stage4/results/torch-thesis-all-coverage/execution_results/torch.storage.np.polynomial.legendre.legmulx.results.json
torch.storage.np.polynomial.legendre.legmulx,valid_mutation,2,valid,c,value_division,True,differential_mismatch,DifferentialMismatch,success/exception mismatch between cpu and mps,stage4/results/torch-thesis-all-coverage/execution_results/torch.storage.np.polynomial.legendre.legmulx.results.json
torch.storage.np.polynomial.legendre.legmulx,valid_mutation,3,valid,c,value_mask,True,differential_mismatch,DifferentialMismatch,success/exception mismatch between cpu and mps,stage4/results/torch-thesis-all-coverage/execution_results/torch.storage.np.polynomial.legendre.legmulx.results.json
torch.storage.np.polynomial.legendre.legmulx,valid_mutation,4,valid,c,value_nan,True,differential_mismatch,DifferentialMismatch,success/exception mismatch between cpu and mps,stage4/results/torch-thesis-all-coverage/execution_results/torch.storage.np.polynomial.legendre.legmulx.results.json
torch.storage.np.polynomial.legendre.legmulx,valid_mutation,5,valid,c,value_negzero,True,differential_mismatch,DifferentialMismatch,success/exception mismatch between cpu and mps,stage4/results/torch-thesis-all-coverage/execution_results/torch.storage.np.polynomial.legendre.legmulx.results.json
torch.storage.np.polynomial.legendre.legmulx,valid_mutation,6,valid,c,value_large_magnitude,True,differential_mismatch,DifferentialMismatch,success/exception mismatch between cpu and mps,stage4/results/torch-thesis-all-coverage/execution_results/torch.storage.np.polynomial.legendre.legmulx.results.json
torch.storage.np.polynomial.legendre.legmulx,valid_mutation,7,valid,c,value_noise,True,differential_mismatch,DifferentialMismatch,success/exception mismatch between cpu and mps,stage4/results/torch-thesis-all-coverage/execution_results/torch.storage.np.polynomial.legendre.legmulx.results.json
torch.storage.np.polynomial.legendre.legmulx,valid_mutation,8,valid,c,value_neginf,True,differential_mismatch,DifferentialMismatch,success/exception mismatch between cpu and mps,stage4/results/torch-thesis-all-coverage/execution_results/torch.storage.np.polynomial.legendre.legmulx.results.json
torch.storage.np.polynomial.legendre.legmulx,negative_mutation,9,negative,c,shape_expand,True,negative_accepted_not_bug,,,stage4/results/torch-thesis-all-coverage/execution_results/torch.storage.np.polynomial.legendre.legmulx.results.json
torch.storage.np.polynomial.legendre.legmulx,negative_mutation,10,negative,c,dtype_mutate,True,negative_accepted_not_bug,,,stage4/results/torch-thesis-all-coverage/execution_results/torch.storage.np.polynomial.legendre.legmulx.results.json
torch.storage.np.polynomial.legendre.legval,base_valid,0,valid,,,True,differential_mismatch,DifferentialMismatch,success/exception mismatch between cpu and mps,stage4/results/torch-thesis-all-coverage/execution_results/torch.storage.np.polynomial.legendre.legval.results.json
torch.storage.np.polynomial.legendre.legval,valid_mutation,1,valid,x,value_posinf,True,differential_mismatch,DifferentialMismatch,success/exception mismatch between cpu and mps,stage4/results/torch-thesis-all-coverage/execution_results/torch.storage.np.polynomial.legendre.legval.results.json
torch.storage.np.polynomial.legendre.legval,valid_mutation,2,valid,x,value_neginf,True,differential_mismatch,DifferentialMismatch,success/exception mismatch between cpu and mps,stage4/results/torch-thesis-all-coverage/execution_results/torch.storage.np.polynomial.legendre.legval.results.json
torch.storage.np.polynomial.legendre.legval,valid_mutation,3,valid,x,value_large_magnitude,True,differential_mismatch,DifferentialMismatch,success/exception mismatch between cpu and mps,stage4/results/torch-thesis-all-coverage/execution_results/torch.storage.np.polynomial.legendre.legval.results.json
torch.storage.np.polynomial.legendre.legval,valid_mutation,4,valid,x,value_negzero,True,differential_mismatch,DifferentialMismatch,success/exception mismatch between cpu and mps,stage4/results/torch-thesis-all-coverage/execution_results/torch.storage.np.polynomial.legendre.legval.results.json
torch.storage.np.polynomial.legendre.legval,valid_mutation,5,valid,x,enum_switch,True,differential_mismatch,DifferentialMismatch,success/exception mismatch between cpu and mps,stage4/results/torch-thesis-all-coverage/execution_results/torch.storage.np.polynomial.legendre.legval.results.json
torch.storage.np.polynomial.legendre.legval,valid_mutation,6,valid,x,value_nan,True,differential_mismatch,DifferentialMismatch,success/exception mismatch between cpu and mps,stage4/results/torch-thesis-all-coverage/execution_results/torch.storage.np.polynomial.legendre.legval.results.json
torch.storage.np.polynomial.legendre.legval,negative_mutation,7,negative,x,enum_invalid,True,negative_accepted_not_bug,,,stage4/results/torch-thesis-all-coverage/execution_results/torch.storage.np.polynomial.legendre.legval.results.json
torch.storage.np.polynomial.legendre.legval,valid_mutation,8,valid,c,value_large_magnitude,True,differential_mismatch,DifferentialMismatch,success/exception mismatch between cpu and mps,stage4/results/torch-thesis-all-coverage/execution_results/torch.storage.np.polynomial.legendre.legval.results.json
torch.storage.np.polynomial.legendre.legval,valid_mutation,9,valid,c,value_negzero,True,differential_mismatch,DifferentialMismatch,success/exception mismatch between cpu and mps,stage4/results/torch-thesis-all-coverage/execution_results/torch.storage.np.polynomial.legendre.legval.results.json
torch.storage.np.polynomial.legendre.legval,valid_mutation,10,valid,c,value_posinf,True,differential_mismatch,DifferentialMismatch,success/exception mismatch between cpu and mps,stage4/results/torch-thesis-all-coverage/execution_results/torch.storage.np.polynomial.legendre.legval.results.json
torch.storage.np.polynomial.legendre.legval,valid_mutation,11,valid,c,enum_switch,True,differential_mismatch,DifferentialMismatch,success/exception mismatch between cpu and mps,stage4/results/torch-thesis-all-coverage/execution_results/torch.storage.np.polynomial.legendre.legval.results.json
torch.storage.np.polynomial.legendre.legval,valid_mutation,12,valid,c,value_nan,True,differential_mismatch,DifferentialMismatch,success/exception mismatch between cpu and mps,stage4/results/torch-thesis-all-coverage/execution_results/torch.storage.np.polynomial.legendre.legval.results.json
torch.storage.np.polynomial.legendre.legval,valid_mutation,13,valid,c,value_neginf,True,differential_mismatch,DifferentialMismatch,success/exception mismatch between cpu and mps,stage4/results/torch-thesis-all-coverage/execution_results/torch.storage.np.polynomial.legendre.legval.results.json
torch.storage.np.polynomial.legendre.legval,negative_mutation,14,negative,c,enum_invalid,True,negative_accepted_not_bug,,,stage4/results/torch-thesis-all-coverage/execution_results/torch.storage.np.polynomial.legendre.legval.results.json
torch.storage.np.polynomial.legendre.legvander,base_valid,0,valid,,,True,success_valid,,,stage4/results/torch-thesis-all-coverage/execution_results/torch.storage.np.polynomial.legendre.legvander.results.json
torch.storage.np.polynomial.legendre.legvander,valid_mutation,1,valid,x,value_neginf,True,valid_mutation_success,,,stage4/results/torch-thesis-all-coverage/execution_results/torch.storage.np.polynomial.legendre.legvander.results.json
torch.storage.np.polynomial.legendre.legvander,valid_mutation,2,valid,x,value_large_magnitude,True,valid_mutation_success,,,stage4/results/torch-thesis-all-coverage/execution_results/torch.storage.np.polynomial.legendre.legvander.results.json
torch.storage.np.polynomial.legendre.legvander,valid_mutation,3,valid,x,value_nan,True,valid_mutation_success,,,stage4/results/torch-thesis-all-coverage/execution_results/torch.storage.np.polynomial.legendre.legvander.results.json
torch.storage.np.polynomial.legendre.legvander,valid_mutation,4,valid,x,scalar_delta,True,valid_mutation_success,,,stage4/results/torch-thesis-all-coverage/execution_results/torch.storage.np.polynomial.legendre.legvander.results.json
torch.storage.np.polynomial.legendre.legvander,valid_mutation,5,valid,x,value_posinf,True,valid_mutation_success,,,stage4/results/torch-thesis-all-coverage/execution_results/torch.storage.np.polynomial.legendre.legvander.results.json
torch.storage.np.polynomial.legendre.legvander,valid_mutation,6,valid,x,value_negzero,True,valid_mutation_success,,,stage4/results/torch-thesis-all-coverage/execution_results/torch.storage.np.polynomial.legendre.legvander.results.json
torch.storage.np.polynomial.legendre.legvander,negative_mutation,7,negative,x,type_widen,True,negative_accepted_not_bug,,,stage4/results/torch-thesis-all-coverage/execution_results/torch.storage.np.polynomial.legendre.legvander.results.json
torch.storage.np.polynomial.legendre.legvander,valid_mutation,8,valid,deg,scalar_delta,True,valid_mutation_success,,,stage4/results/torch-thesis-all-coverage/execution_results/torch.storage.np.polynomial.legendre.legvander.results.json
torch.storage.np.polynomial.legendre.legvander,valid_mutation,9,valid,deg,value_large_magnitude,True,valid_mutation_success,,,stage4/results/torch-thesis-all-coverage/execution_results/torch.storage.np.polynomial.legendre.legvander.results.json
torch.storage.np.polynomial.legendre.legvander,negative_mutation,10,negative,deg,type_widen,False,expected_negative_rejection,TypeError,"deg must be an integer, received 1.0",stage4/results/torch-thesis-all-coverage/execution_results/torch.storage.np.polynomial.legendre.legvander.results.json
torch.storage.np.polynomial.legendre.poly2leg,base_valid,0,valid,,,True,differential_mismatch,DifferentialMismatch,success/exception mismatch between cpu and mps,stage4/results/torch-thesis-all-coverage/execution_results/torch.storage.np.polynomial.legendre.poly2leg.results.json
torch.storage.np.polynomial.legendre.poly2leg,valid_mutation,1,valid,pol,value_posinf,True,differential_mismatch,DifferentialMismatch,success/exception mismatch between cpu and mps,stage4/results/torch-thesis-all-coverage/execution_results/torch.storage.np.polynomial.legendre.poly2leg.results.json
torch.storage.np.polynomial.legendre.poly2leg,valid_mutation,2,valid,pol,value_nan,True,differential_mismatch,DifferentialMismatch,success/exception mismatch between cpu and mps,stage4/results/torch-thesis-all-coverage/execution_results/torch.storage.np.polynomial.legendre.poly2leg.results.json
torch.storage.np.polynomial.legendre.poly2leg,valid_mutation,3,valid,pol,value_mask,True,differential_mismatch,DifferentialMismatch,success/exception mismatch between cpu and mps,stage4/results/torch-thesis-all-coverage/execution_results/torch.storage.np.polynomial.legendre.poly2leg.results.json
torch.storage.np.polynomial.legendre.poly2leg,valid_mutation,4,valid,pol,value_noise,True,differential_mismatch,DifferentialMismatch,success/exception mismatch between cpu and mps,stage4/results/torch-thesis-all-coverage/execution_results/torch.storage.np.polynomial.legendre.poly2leg.results.json
torch.storage.np.polynomial.legendre.poly2leg,valid_mutation,5,valid,pol,value_large_magnitude,True,differential_mismatch,DifferentialMismatch,success/exception mismatch between cpu and mps,stage4/results/torch-thesis-all-coverage/execution_results/torch.storage.np.polynomial.legendre.poly2leg.results.json
torch.storage.np.polynomial.legendre.poly2leg,valid_mutation,6,valid,pol,value_neginf,True,differential_mismatch,DifferentialMismatch,success/exception mismatch between cpu and mps,stage4/results/torch-thesis-all-coverage/execution_results/torch.storage.np.polynomial.legendre.poly2leg.results.json
torch.storage.np.polynomial.legendre.poly2leg,valid_mutation,7,valid,pol,value_division,True,differential_mismatch,DifferentialMismatch,success/exception mismatch between cpu and mps,stage4/results/torch-thesis-all-coverage/execution_results/torch.storage.np.polynomial.legendre.poly2leg.results.json
torch.storage.np.polynomial.legendre.poly2leg,valid_mutation,8,valid,pol,value_negzero,True,differential_mismatch,DifferentialMismatch,success/exception mismatch between cpu and mps,stage4/results/torch-thesis-all-coverage/execution_results/torch.storage.np.polynomial.legendre.poly2leg.results.json
torch.storage.np.polynomial.legendre.poly2leg,negative_mutation,9,negative,pol,shape_expand,True,negative_accepted_not_bug,,,stage4/results/torch-thesis-all-coverage/execution_results/torch.storage.np.polynomial.legendre.poly2leg.results.json
torch.storage.np.polynomial.legendre.poly2leg,negative_mutation,10,negative,pol,dtype_mutate,True,negative_accepted_not_bug,,,stage4/results/torch-thesis-all-coverage/execution_results/torch.storage.np.polynomial.legendre.poly2leg.results.json
torch.storage.np.polynomial.polynomial.polyder,base_valid,0,valid,,,True,differential_mismatch,DifferentialMismatch,success/exception mismatch between cpu and mps,stage4/results/torch-thesis-all-coverage/execution_results/torch.storage.np.polynomial.polynomial.polyder.results.json
torch.storage.np.polynomial.polynomial.polyder,valid_mutation,1,valid,c,value_neginf,True,differential_mismatch,DifferentialMismatch,success/exception mismatch between cpu and mps,stage4/results/torch-thesis-all-coverage/execution_results/torch.storage.np.polynomial.polynomial.polyder.results.json
torch.storage.np.polynomial.polynomial.polyder,valid_mutation,2,valid,c,value_mask,True,differential_mismatch,DifferentialMismatch,success/exception mismatch between cpu and mps,stage4/results/torch-thesis-all-coverage/execution_results/torch.storage.np.polynomial.polynomial.polyder.results.json
torch.storage.np.polynomial.polynomial.polyder,valid_mutation,3,valid,c,value_division,True,differential_mismatch,DifferentialMismatch,success/exception mismatch between cpu and mps,stage4/results/torch-thesis-all-coverage/execution_results/torch.storage.np.polynomial.polynomial.polyder.results.json
torch.storage.np.polynomial.polynomial.polyder,valid_mutation,4,valid,c,value_posinf,True,differential_mismatch,DifferentialMismatch,success/exception mismatch between cpu and mps,stage4/results/torch-thesis-all-coverage/execution_results/torch.storage.np.polynomial.polynomial.polyder.results.json
torch.storage.np.polynomial.polynomial.polyder,valid_mutation,5,valid,c,value_nan,True,differential_mismatch,DifferentialMismatch,success/exception mismatch between cpu and mps,stage4/results/torch-thesis-all-coverage/execution_results/torch.storage.np.polynomial.polynomial.polyder.results.json
torch.storage.np.polynomial.polynomial.polyder,valid_mutation,6,valid,c,value_large_magnitude,True,differential_mismatch,DifferentialMismatch,success/exception mismatch between cpu and mps,stage4/results/torch-thesis-all-coverage/execution_results/torch.storage.np.polynomial.polynomial.polyder.results.json
torch.storage.np.polynomial.polynomial.polyder,valid_mutation,7,valid,c,value_noise,True,differential_mismatch,DifferentialMismatch,success/exception mismatch between cpu and mps,stage4/results/torch-thesis-all-coverage/execution_results/torch.storage.np.polynomial.polynomial.polyder.results.json
torch.storage.np.polynomial.polynomial.polyder,valid_mutation,8,valid,c,value_negzero,True,differential_mismatch,DifferentialMismatch,success/exception mismatch between cpu and mps,stage4/results/torch-thesis-all-coverage/execution_results/torch.storage.np.polynomial.polynomial.polyder.results.json
torch.storage.np.polynomial.polynomial.polyder,negative_mutation,9,negative,c,shape_shrink,True,negative_accepted_not_bug,,,stage4/results/torch-thesis-all-coverage/execution_results/torch.storage.np.polynomial.polynomial.polyder.results.json
torch.storage.np.polynomial.polynomial.polyder,negative_mutation,10,negative,c,dtype_mutate,True,negative_accepted_not_bug,,,stage4/results/torch-thesis-all-coverage/execution_results/torch.storage.np.polynomial.polynomial.polyder.results.json
torch.storage.np.polynomial.polynomial.polyint,base_valid,0,valid,,,True,differential_mismatch,DifferentialMismatch,success/exception mismatch between cpu and mps,stage4/results/torch-thesis-all-coverage/execution_results/torch.storage.np.polynomial.polynomial.polyint.results.json
torch.storage.np.polynomial.polynomial.polyint,valid_mutation,1,valid,c,value_nan,True,differential_mismatch,DifferentialMismatch,success/exception mismatch between cpu and mps,stage4/results/torch-thesis-all-coverage/execution_results/torch.storage.np.polynomial.polynomial.polyint.results.json
torch.storage.np.polynomial.polynomial.polyint,valid_mutation,2,valid,c,value_noise,True,differential_mismatch,DifferentialMismatch,success/exception mismatch between cpu and mps,stage4/results/torch-thesis-all-coverage/execution_results/torch.storage.np.polynomial.polynomial.polyint.results.json
torch.storage.np.polynomial.polynomial.polyint,valid_mutation,3,valid,c,value_posinf,True,differential_mismatch,DifferentialMismatch,success/exception mismatch between cpu and mps,stage4/results/torch-thesis-all-coverage/execution_results/torch.storage.np.polynomial.polynomial.polyint.results.json
torch.storage.np.polynomial.polynomial.polyint,valid_mutation,4,valid,c,value_negzero,True,differential_mismatch,DifferentialMismatch,success/exception mismatch between cpu and mps,stage4/results/torch-thesis-all-coverage/execution_results/torch.storage.np.polynomial.polynomial.polyint.results.json
torch.storage.np.polynomial.polynomial.polyint,valid_mutation,5,valid,c,value_mask,True,differential_mismatch,DifferentialMismatch,success/exception mismatch between cpu and mps,stage4/results/torch-thesis-all-coverage/execution_results/torch.storage.np.polynomial.polynomial.polyint.results.json
torch.storage.np.polynomial.polynomial.polyint,valid_mutation,6,valid,c,value_neginf,True,differential_mismatch,DifferentialMismatch,success/exception mismatch between cpu and mps,stage4/results/torch-thesis-all-coverage/execution_results/torch.storage.np.polynomial.polynomial.polyint.results.json
torch.storage.np.polynomial.polynomial.polyint,valid_mutation,7,valid,c,value_division,True,differential_mismatch,DifferentialMismatch,success/exception mismatch between cpu and mps,stage4/results/torch-thesis-all-coverage/execution_results/torch.storage.np.polynomial.polynomial.polyint.results.json
torch.storage.np.polynomial.polynomial.polyint,valid_mutation,8,valid,c,value_large_magnitude,True,differential_mismatch,DifferentialMismatch,success/exception mismatch between cpu and mps,stage4/results/torch-thesis-all-coverage/execution_results/torch.storage.np.polynomial.polynomial.polyint.results.json
torch.storage.np.polynomial.polynomial.polyint,negative_mutation,9,negative,c,shape_shrink,True,negative_accepted_not_bug,,,stage4/results/torch-thesis-all-coverage/execution_results/torch.storage.np.polynomial.polynomial.polyint.results.json
torch.storage.np.polynomial.polynomial.polyint,negative_mutation,10,negative,c,dtype_mutate,True,negative_accepted_not_bug,,,stage4/results/torch-thesis-all-coverage/execution_results/torch.storage.np.polynomial.polynomial.polyint.results.json
torch.storage.np.polynomial.polynomial.polymulx,base_valid,0,valid,,,True,differential_mismatch,DifferentialMismatch,success/exception mismatch between cpu and mps,stage4/results/torch-thesis-all-coverage/execution_results/torch.storage.np.polynomial.polynomial.polymulx.results.json
torch.storage.np.polynomial.polynomial.polyval,base_valid,0,valid,,,True,differential_mismatch,DifferentialMismatch,success/exception mismatch between cpu and mps,stage4/results/torch-thesis-all-coverage/execution_results/torch.storage.np.polynomial.polynomial.polyval.results.json
torch.storage.np.polynomial.polynomial.polyval,valid_mutation,1,valid,x,value_neginf,True,differential_mismatch,DifferentialMismatch,success/exception mismatch between cpu and mps,stage4/results/torch-thesis-all-coverage/execution_results/torch.storage.np.polynomial.polynomial.polyval.results.json
torch.storage.np.polynomial.polynomial.polyval,valid_mutation,2,valid,x,value_large_magnitude,True,differential_mismatch,DifferentialMismatch,success/exception mismatch between cpu and mps,stage4/results/torch-thesis-all-coverage/execution_results/torch.storage.np.polynomial.polynomial.polyval.results.json
torch.storage.np.polynomial.polynomial.polyval,valid_mutation,3,valid,x,value_negzero,True,differential_mismatch,DifferentialMismatch,success/exception mismatch between cpu and mps,stage4/results/torch-thesis-all-coverage/execution_results/torch.storage.np.polynomial.polynomial.polyval.results.json
torch.storage.np.polynomial.polynomial.polyval,valid_mutation,4,valid,x,value_nan,True,differential_mismatch,DifferentialMismatch,success/exception mismatch between cpu and mps,stage4/results/torch-thesis-all-coverage/execution_results/torch.storage.np.polynomial.polynomial.polyval.results.json
torch.storage.np.polynomial.polynomial.polyval,valid_mutation,5,valid,x,enum_switch,True,differential_mismatch,DifferentialMismatch,success/exception mismatch between cpu and mps,stage4/results/torch-thesis-all-coverage/execution_results/torch.storage.np.polynomial.polynomial.polyval.results.json
torch.storage.np.polynomial.polynomial.polyval,valid_mutation,6,valid,x,value_posinf,True,differential_mismatch,DifferentialMismatch,success/exception mismatch between cpu and mps,stage4/results/torch-thesis-all-coverage/execution_results/torch.storage.np.polynomial.polynomial.polyval.results.json
torch.storage.np.polynomial.polynomial.polyval,negative_mutation,7,negative,x,enum_invalid,True,negative_accepted_not_bug,,,stage4/results/torch-thesis-all-coverage/execution_results/torch.storage.np.polynomial.polynomial.polyval.results.json
torch.storage.np.polynomial.polynomial.polyval,valid_mutation,8,valid,c,enum_switch,True,differential_mismatch,DifferentialMismatch,success/exception mismatch between cpu and mps,stage4/results/torch-thesis-all-coverage/execution_results/torch.storage.np.polynomial.polynomial.polyval.results.json
torch.storage.np.polynomial.polynomial.polyval,valid_mutation,9,valid,c,value_nan,True,differential_mismatch,DifferentialMismatch,success/exception mismatch between cpu and mps,stage4/results/torch-thesis-all-coverage/execution_results/torch.storage.np.polynomial.polynomial.polyval.results.json
torch.storage.np.polynomial.polynomial.polyval,valid_mutation,10,valid,c,value_neginf,True,differential_mismatch,DifferentialMismatch,success/exception mismatch between cpu and mps,stage4/results/torch-thesis-all-coverage/execution_results/torch.storage.np.polynomial.polynomial.polyval.results.json
torch.storage.np.polynomial.polynomial.polyval,valid_mutation,11,valid,c,value_negzero,True,differential_mismatch,DifferentialMismatch,success/exception mismatch between cpu and mps,stage4/results/torch-thesis-all-coverage/execution_results/torch.storage.np.polynomial.polynomial.polyval.results.json
torch.storage.np.polynomial.polynomial.polyval,valid_mutation,12,valid,c,value_posinf,True,differential_mismatch,DifferentialMismatch,success/exception mismatch between cpu and mps,stage4/results/torch-thesis-all-coverage/execution_results/torch.storage.np.polynomial.polynomial.polyval.results.json
torch.storage.np.polynomial.polynomial.polyval,valid_mutation,13,valid,c,value_large_magnitude,True,differential_mismatch,DifferentialMismatch,success/exception mismatch between cpu and mps,stage4/results/torch-thesis-all-coverage/execution_results/torch.storage.np.polynomial.polynomial.polyval.results.json
torch.storage.np.polynomial.polynomial.polyval,negative_mutation,14,negative,c,enum_invalid,True,negative_accepted_not_bug,,,stage4/results/torch-thesis-all-coverage/execution_results/torch.storage.np.polynomial.polynomial.polyval.results.json
torch.storage.np.polynomial.polynomial.polyvalfromroots,base_valid,0,valid,,,True,differential_mismatch,DifferentialMismatch,success/exception mismatch between cpu and mps,stage4/results/torch-thesis-all-coverage/execution_results/torch.storage.np.polynomial.polynomial.polyvalfromroots.results.json
torch.storage.np.polynomial.polynomial.polyvalfromroots,valid_mutation,1,valid,x,value_large_magnitude,True,differential_mismatch,DifferentialMismatch,success/exception mismatch between cpu and mps,stage4/results/torch-thesis-all-coverage/execution_results/torch.storage.np.polynomial.polynomial.polyvalfromroots.results.json
torch.storage.np.polynomial.polynomial.polyvalfromroots,valid_mutation,2,valid,x,enum_switch,True,differential_mismatch,DifferentialMismatch,success/exception mismatch between cpu and mps,stage4/results/torch-thesis-all-coverage/execution_results/torch.storage.np.polynomial.polynomial.polyvalfromroots.results.json
torch.storage.np.polynomial.polynomial.polyvalfromroots,valid_mutation,3,valid,x,value_posinf,True,differential_mismatch,DifferentialMismatch,success/exception mismatch between cpu and mps,stage4/results/torch-thesis-all-coverage/execution_results/torch.storage.np.polynomial.polynomial.polyvalfromroots.results.json
torch.storage.np.polynomial.polynomial.polyvalfromroots,valid_mutation,4,valid,x,value_nan,True,differential_mismatch,DifferentialMismatch,success/exception mismatch between cpu and mps,stage4/results/torch-thesis-all-coverage/execution_results/torch.storage.np.polynomial.polynomial.polyvalfromroots.results.json
torch.storage.np.polynomial.polynomial.polyvalfromroots,valid_mutation,5,valid,x,value_negzero,True,differential_mismatch,DifferentialMismatch,success/exception mismatch between cpu and mps,stage4/results/torch-thesis-all-coverage/execution_results/torch.storage.np.polynomial.polynomial.polyvalfromroots.results.json
torch.storage.np.polynomial.polynomial.polyvalfromroots,valid_mutation,6,valid,x,value_neginf,True,differential_mismatch,DifferentialMismatch,success/exception mismatch between cpu and mps,stage4/results/torch-thesis-all-coverage/execution_results/torch.storage.np.polynomial.polynomial.polyvalfromroots.results.json
torch.storage.np.polynomial.polynomial.polyvalfromroots,negative_mutation,7,negative,x,enum_invalid,True,negative_accepted_not_bug,,,stage4/results/torch-thesis-all-coverage/execution_results/torch.storage.np.polynomial.polynomial.polyvalfromroots.results.json
torch.storage.np.polynomial.polynomial.polyvalfromroots,valid_mutation,8,valid,r,value_nan,True,differential_mismatch,DifferentialMismatch,success/exception mismatch between cpu and mps,stage4/results/torch-thesis-all-coverage/execution_results/torch.storage.np.polynomial.polynomial.polyvalfromroots.results.json
torch.storage.np.polynomial.polynomial.polyvalfromroots,valid_mutation,9,valid,r,value_neginf,True,differential_mismatch,DifferentialMismatch,success/exception mismatch between cpu and mps,stage4/results/torch-thesis-all-coverage/execution_results/torch.storage.np.polynomial.polynomial.polyvalfromroots.results.json
torch.storage.np.polynomial.polynomial.polyvalfromroots,valid_mutation,10,valid,r,value_posinf,True,differential_mismatch,DifferentialMismatch,success/exception mismatch between cpu and mps,stage4/results/torch-thesis-all-coverage/execution_results/torch.storage.np.polynomial.polynomial.polyvalfromroots.results.json
torch.storage.np.polynomial.polynomial.polyvalfromroots,valid_mutation,11,valid,r,enum_switch,True,differential_mismatch,DifferentialMismatch,success/exception mismatch between cpu and mps,stage4/results/torch-thesis-all-coverage/execution_results/torch.storage.np.polynomial.polynomial.polyvalfromroots.results.json
torch.storage.np.polynomial.polynomial.polyvalfromroots,valid_mutation,12,valid,r,value_negzero,True,differential_mismatch,DifferentialMismatch,success/exception mismatch between cpu and mps,stage4/results/torch-thesis-all-coverage/execution_results/torch.storage.np.polynomial.polynomial.polyvalfromroots.results.json
torch.storage.np.polynomial.polynomial.polyvalfromroots,valid_mutation,13,valid,r,value_large_magnitude,True,differential_mismatch,DifferentialMismatch,success/exception mismatch between cpu and mps,stage4/results/torch-thesis-all-coverage/execution_results/torch.storage.np.polynomial.polynomial.polyvalfromroots.results.json
torch.storage.np.polynomial.polynomial.polyvalfromroots,negative_mutation,14,negative,r,enum_invalid,True,negative_accepted_not_bug,,,stage4/results/torch-thesis-all-coverage/execution_results/torch.storage.np.polynomial.polynomial.polyvalfromroots.results.json
torch.storage.np.polynomial.polynomial.polyvander,base_valid,0,valid,,,True,success_valid,,,stage4/results/torch-thesis-all-coverage/execution_results/torch.storage.np.polynomial.polynomial.polyvander.results.json
torch.storage.np.polynomial.polynomial.polyvander,valid_mutation,1,valid,x,value_negzero,True,valid_mutation_success,,,stage4/results/torch-thesis-all-coverage/execution_results/torch.storage.np.polynomial.polynomial.polyvander.results.json
torch.storage.np.polynomial.polynomial.polyvander,valid_mutation,2,valid,x,value_neginf,True,valid_mutation_success,,,stage4/results/torch-thesis-all-coverage/execution_results/torch.storage.np.polynomial.polynomial.polyvander.results.json
torch.storage.np.polynomial.polynomial.polyvander,valid_mutation,3,valid,x,scalar_delta,True,valid_mutation_success,,,stage4/results/torch-thesis-all-coverage/execution_results/torch.storage.np.polynomial.polynomial.polyvander.results.json
torch.storage.np.polynomial.polynomial.polyvander,valid_mutation,4,valid,x,value_nan,True,valid_mutation_success,,,stage4/results/torch-thesis-all-coverage/execution_results/torch.storage.np.polynomial.polynomial.polyvander.results.json
torch.storage.np.polynomial.polynomial.polyvander,valid_mutation,5,valid,x,value_large_magnitude,True,valid_mutation_success,,,stage4/results/torch-thesis-all-coverage/execution_results/torch.storage.np.polynomial.polynomial.polyvander.results.json
torch.storage.np.polynomial.polynomial.polyvander,valid_mutation,6,valid,x,value_posinf,True,valid_mutation_success,,,stage4/results/torch-thesis-all-coverage/execution_results/torch.storage.np.polynomial.polynomial.polyvander.results.json
torch.storage.np.polynomial.polynomial.polyvander,negative_mutation,7,negative,x,type_widen,True,negative_accepted_not_bug,,,stage4/results/torch-thesis-all-coverage/execution_results/torch.storage.np.polynomial.polynomial.polyvander.results.json
torch.storage.np.polynomial.polynomial.polyvander,valid_mutation,8,valid,deg,scalar_delta,True,valid_mutation_success,,,stage4/results/torch-thesis-all-coverage/execution_results/torch.storage.np.polynomial.polynomial.polyvander.results.json
torch.storage.np.polynomial.polynomial.polyvander,valid_mutation,9,valid,deg,value_large_magnitude,True,valid_mutation_success,,,stage4/results/torch-thesis-all-coverage/execution_results/torch.storage.np.polynomial.polynomial.polyvander.results.json
torch.storage.np.polynomial.polynomial.polyvander,negative_mutation,10,negative,deg,type_widen,False,expected_negative_rejection,TypeError,"deg must be an integer, received 1.0",stage4/results/torch-thesis-all-coverage/execution_results/torch.storage.np.polynomial.polynomial.polyvander.results.json
torch.storage.np.random.choice,base_valid,0,valid,,,True,success_valid,,,stage4/results/torch-thesis-all-coverage/execution_results/torch.storage.np.random.choice.results.json
torch.storage.np.random.choice,valid_mutation,1,valid,a,scalar_delta,True,valid_mutation_success,,,stage4/results/torch-thesis-all-coverage/execution_results/torch.storage.np.random.choice.results.json
torch.storage.np.random.choice,valid_mutation,2,valid,a,value_large_magnitude,True,differential_mismatch,DifferentialMismatch,values differ: 928008 != 609361,stage4/results/torch-thesis-all-coverage/execution_results/torch.storage.np.random.choice.results.json
torch.storage.np.random.choice,negative_mutation,3,negative,a,type_widen,False,expected_negative_rejection,ValueError,a must be 1-dimensional or an integer,stage4/results/torch-thesis-all-coverage/execution_results/torch.storage.np.random.choice.results.json
torch.storage.np.random.mtrand.choice,base_valid,0,valid,,,True,success_valid,,,stage4/results/torch-thesis-all-coverage/execution_results/torch.storage.np.random.mtrand.choice.results.json
torch.storage.np.random.mtrand.choice,valid_mutation,1,valid,a,scalar_delta,True,differential_mismatch,DifferentialMismatch,values differ: 0 != 1,stage4/results/torch-thesis-all-coverage/execution_results/torch.storage.np.random.mtrand.choice.results.json
torch.storage.np.random.mtrand.choice,valid_mutation,2,valid,a,value_large_magnitude,True,differential_mismatch,DifferentialMismatch,values differ: 40997 != 594501,stage4/results/torch-thesis-all-coverage/execution_results/torch.storage.np.random.mtrand.choice.results.json
torch.storage.np.random.mtrand.choice,negative_mutation,3,negative,a,type_widen,False,expected_negative_rejection,ValueError,a must be 1-dimensional or an integer,stage4/results/torch-thesis-all-coverage/execution_results/torch.storage.np.random.mtrand.choice.results.json
torch.storage.np.random.mtrand.permutation,base_valid,0,valid,,,True,success_valid,,,stage4/results/torch-thesis-all-coverage/execution_results/torch.storage.np.random.mtrand.permutation.results.json
torch.storage.np.random.mtrand.standard_cauchy,base_valid,0,valid,,,True,differential_mismatch,DifferentialMismatch,scalar values differ: 2.3723234455927913 != -0.059725828921610095,stage4/results/torch-thesis-all-coverage/execution_results/torch.storage.np.random.mtrand.standard_cauchy.results.json
torch.storage.np.random.mtrand.standard_exponential,base_valid,0,valid,,,True,differential_mismatch,DifferentialMismatch,scalar values differ: 0.6949816214185132 != 2.7481628555456146,stage4/results/torch-thesis-all-coverage/execution_results/torch.storage.np.random.mtrand.standard_exponential.results.json
torch.storage.np.random.permutation,base_valid,0,valid,,,True,success_valid,,,stage4/results/torch-thesis-all-coverage/execution_results/torch.storage.np.random.permutation.results.json
torch.storage.np.random.standard_cauchy,base_valid,0,valid,,,True,differential_mismatch,DifferentialMismatch,scalar values differ: 1.3287565588034838 != -3.9192324762946957,stage4/results/torch-thesis-all-coverage/execution_results/torch.storage.np.random.standard_cauchy.results.json
torch.storage.np.random.standard_exponential,base_valid,0,valid,,,True,differential_mismatch,DifferentialMismatch,scalar values differ: 0.43115935204065575 != 0.37707114586949697,stage4/results/torch-thesis-all-coverage/execution_results/torch.storage.np.random.standard_exponential.results.json
torch.storage.np.rec.fromarrays,base_valid,0,valid,,,True,differential_mismatch,DifferentialMismatch,success/exception mismatch between cpu and mps,stage4/results/torch-thesis-all-coverage/execution_results/torch.storage.np.rec.fromarrays.results.json
torch.storage.np.rec.fromarrays,valid_mutation,1,valid,arrayList,value_mask,True,differential_mismatch,DifferentialMismatch,success/exception mismatch between cpu and mps,stage4/results/torch-thesis-all-coverage/execution_results/torch.storage.np.rec.fromarrays.results.json
torch.storage.np.rec.fromarrays,valid_mutation,2,valid,arrayList,value_noise,True,differential_mismatch,DifferentialMismatch,success/exception mismatch between cpu and mps,stage4/results/torch-thesis-all-coverage/execution_results/torch.storage.np.rec.fromarrays.results.json
torch.storage.np.rec.fromarrays,valid_mutation,3,valid,arrayList,value_posinf,True,differential_mismatch,DifferentialMismatch,success/exception mismatch between cpu and mps,stage4/results/torch-thesis-all-coverage/execution_results/torch.storage.np.rec.fromarrays.results.json
torch.storage.np.rec.fromarrays,valid_mutation,4,valid,arrayList,value_division,True,differential_mismatch,DifferentialMismatch,success/exception mismatch between cpu and mps,stage4/results/torch-thesis-all-coverage/execution_results/torch.storage.np.rec.fromarrays.results.json
torch.storage.np.rec.fromarrays,valid_mutation,5,valid,arrayList,value_large_magnitude,True,differential_mismatch,DifferentialMismatch,success/exception mismatch between cpu and mps,stage4/results/torch-thesis-all-coverage/execution_results/torch.storage.np.rec.fromarrays.results.json
torch.storage.np.rec.fromarrays,valid_mutation,6,valid,arrayList,value_nan,True,differential_mismatch,DifferentialMismatch,success/exception mismatch between cpu and mps,stage4/results/torch-thesis-all-coverage/execution_results/torch.storage.np.rec.fromarrays.results.json
torch.storage.np.rec.fromarrays,valid_mutation,7,valid,arrayList,value_negzero,True,differential_mismatch,DifferentialMismatch,success/exception mismatch between cpu and mps,stage4/results/torch-thesis-all-coverage/execution_results/torch.storage.np.rec.fromarrays.results.json
torch.storage.np.rec.fromarrays,valid_mutation,8,valid,arrayList,value_neginf,True,differential_mismatch,DifferentialMismatch,success/exception mismatch between cpu and mps,stage4/results/torch-thesis-all-coverage/execution_results/torch.storage.np.rec.fromarrays.results.json
torch.storage.np.rec.fromarrays,negative_mutation,9,negative,arrayList,shape_shrink,True,negative_accepted_not_bug,,,stage4/results/torch-thesis-all-coverage/execution_results/torch.storage.np.rec.fromarrays.results.json
torch.storage.np.rec.fromarrays,negative_mutation,10,negative,arrayList,dtype_mutate,True,negative_accepted_not_bug,,,stage4/results/torch-thesis-all-coverage/execution_results/torch.storage.np.rec.fromarrays.results.json
torch.storage.np.rec.fromrecords,base_valid,0,valid,,,True,success_valid,,,stage4/results/torch-thesis-all-coverage/execution_results/torch.storage.np.rec.fromrecords.results.json
torch.storage.np.rec.fromrecords,valid_mutation,1,valid,recList,element_delta,True,valid_mutation_success,,,stage4/results/torch-thesis-all-coverage/execution_results/torch.storage.np.rec.fromrecords.results.json
torch.storage.np.rec.fromrecords,valid_mutation,2,valid,recList,structure_grow,True,valid_mutation_success,,,stage4/results/torch-thesis-all-coverage/execution_results/torch.storage.np.rec.fromrecords.results.json
torch.storage.np.rec.fromrecords,negative_mutation,3,negative,recList,structure_shrink,True,negative_accepted_not_bug,,,stage4/results/torch-thesis-all-coverage/execution_results/torch.storage.np.rec.fromrecords.results.json
torch.storage.np.roll,base_valid,0,valid,,,True,differential_mismatch,DifferentialMismatch,success/exception mismatch between cpu and mps,stage4/results/torch-thesis-all-coverage/execution_results/torch.storage.np.roll.results.json
torch.storage.np.roll,valid_mutation,1,valid,a,value_large_magnitude,True,differential_mismatch,DifferentialMismatch,success/exception mismatch between cpu and mps,stage4/results/torch-thesis-all-coverage/execution_results/torch.storage.np.roll.results.json
torch.storage.np.roll,valid_mutation,2,valid,a,value_neginf,True,differential_mismatch,DifferentialMismatch,success/exception mismatch between cpu and mps,stage4/results/torch-thesis-all-coverage/execution_results/torch.storage.np.roll.results.json
torch.storage.np.roll,valid_mutation,3,valid,a,value_nan,True,differential_mismatch,DifferentialMismatch,success/exception mismatch between cpu and mps,stage4/results/torch-thesis-all-coverage/execution_results/torch.storage.np.roll.results.json
torch.storage.np.roll,valid_mutation,4,valid,a,value_mask,True,differential_mismatch,DifferentialMismatch,success/exception mismatch between cpu and mps,stage4/results/torch-thesis-all-coverage/execution_results/torch.storage.np.roll.results.json
torch.storage.np.roll,valid_mutation,5,valid,a,value_negzero,True,differential_mismatch,DifferentialMismatch,success/exception mismatch between cpu and mps,stage4/results/torch-thesis-all-coverage/execution_results/torch.storage.np.roll.results.json
torch.storage.np.roll,valid_mutation,6,valid,a,value_posinf,True,differential_mismatch,DifferentialMismatch,success/exception mismatch between cpu and mps,stage4/results/torch-thesis-all-coverage/execution_results/torch.storage.np.roll.results.json
torch.storage.np.roll,valid_mutation,7,valid,a,value_division,True,differential_mismatch,DifferentialMismatch,success/exception mismatch between cpu and mps,stage4/results/torch-thesis-all-coverage/execution_results/torch.storage.np.roll.results.json
torch.storage.np.roll,valid_mutation,8,valid,a,value_noise,True,differential_mismatch,DifferentialMismatch,success/exception mismatch between cpu and mps,stage4/results/torch-thesis-all-coverage/execution_results/torch.storage.np.roll.results.json
torch.storage.np.roll,negative_mutation,9,negative,a,shape_expand,True,negative_accepted_not_bug,,,stage4/results/torch-thesis-all-coverage/execution_results/torch.storage.np.roll.results.json
torch.storage.np.roll,negative_mutation,10,negative,a,dtype_mutate,True,negative_accepted_not_bug,,,stage4/results/torch-thesis-all-coverage/execution_results/torch.storage.np.roll.results.json
torch.storage.np.roll,valid_mutation,11,valid,shift,value_large_magnitude,True,differential_mismatch,DifferentialMismatch,success/exception mismatch between cpu and mps,stage4/results/torch-thesis-all-coverage/execution_results/torch.storage.np.roll.results.json
torch.storage.np.roll,valid_mutation,12,valid,shift,enum_switch,True,differential_mismatch,DifferentialMismatch,success/exception mismatch between cpu and mps,stage4/results/torch-thesis-all-coverage/execution_results/torch.storage.np.roll.results.json
torch.storage.np.roll,negative_mutation,13,negative,shift,enum_invalid,True,negative_accepted_not_bug,,,stage4/results/torch-thesis-all-coverage/execution_results/torch.storage.np.roll.results.json
torch.storage.np.roots,base_valid,0,valid,,,True,differential_mismatch,DifferentialMismatch,success/exception mismatch between cpu and mps,stage4/results/torch-thesis-all-coverage/execution_results/torch.storage.np.roots.results.json
torch.storage.np.roots,valid_mutation,1,valid,p,value_posinf,True,differential_mismatch,DifferentialMismatch,success/exception mismatch between cpu and mps,stage4/results/torch-thesis-all-coverage/execution_results/torch.storage.np.roots.results.json
torch.storage.np.roots,valid_mutation,2,valid,p,value_noise,True,differential_mismatch,DifferentialMismatch,success/exception mismatch between cpu and mps,stage4/results/torch-thesis-all-coverage/execution_results/torch.storage.np.roots.results.json
torch.storage.np.roots,valid_mutation,3,valid,p,value_negzero,True,differential_mismatch,DifferentialMismatch,success/exception mismatch between cpu and mps,stage4/results/torch-thesis-all-coverage/execution_results/torch.storage.np.roots.results.json
torch.storage.np.roots,valid_mutation,4,valid,p,value_neginf,True,differential_mismatch,DifferentialMismatch,success/exception mismatch between cpu and mps,stage4/results/torch-thesis-all-coverage/execution_results/torch.storage.np.roots.results.json
torch.storage.np.roots,valid_mutation,5,valid,p,value_large_magnitude,True,differential_mismatch,DifferentialMismatch,success/exception mismatch between cpu and mps,stage4/results/torch-thesis-all-coverage/execution_results/torch.storage.np.roots.results.json
torch.storage.np.roots,valid_mutation,6,valid,p,value_nan,False,valid_mutation_failure,LinAlgError,Array must not contain infs or NaNs,stage4/results/torch-thesis-all-coverage/execution_results/torch.storage.np.roots.results.json
torch.storage.np.roots,valid_mutation,7,valid,p,value_mask,True,differential_mismatch,DifferentialMismatch,success/exception mismatch between cpu and mps,stage4/results/torch-thesis-all-coverage/execution_results/torch.storage.np.roots.results.json
torch.storage.np.roots,valid_mutation,8,valid,p,value_division,True,differential_mismatch,DifferentialMismatch,success/exception mismatch between cpu and mps,stage4/results/torch-thesis-all-coverage/execution_results/torch.storage.np.roots.results.json
torch.storage.np.roots,negative_mutation,9,negative,p,shape_shrink,True,negative_accepted_not_bug,,,stage4/results/torch-thesis-all-coverage/execution_results/torch.storage.np.roots.results.json
torch.storage.np.roots,negative_mutation,10,negative,p,dtype_mutate,True,negative_accepted_not_bug,,,stage4/results/torch-thesis-all-coverage/execution_results/torch.storage.np.roots.results.json
torch.storage.np.row_stack,base_valid,0,valid,,,True,differential_mismatch,DifferentialMismatch,success/exception mismatch between cpu and mps,stage4/results/torch-thesis-all-coverage/execution_results/torch.storage.np.row_stack.results.json
torch.storage.np.row_stack,valid_mutation,1,valid,tup,value_noise,True,differential_mismatch,DifferentialMismatch,success/exception mismatch between cpu and mps,stage4/results/torch-thesis-all-coverage/execution_results/torch.storage.np.row_stack.results.json
torch.storage.np.row_stack,valid_mutation,2,valid,tup,value_negzero,True,differential_mismatch,DifferentialMismatch,success/exception mismatch between cpu and mps,stage4/results/torch-thesis-all-coverage/execution_results/torch.storage.np.row_stack.results.json
torch.storage.np.row_stack,valid_mutation,3,valid,tup,value_posinf,True,differential_mismatch,DifferentialMismatch,success/exception mismatch between cpu and mps,stage4/results/torch-thesis-all-coverage/execution_results/torch.storage.np.row_stack.results.json
torch.storage.np.row_stack,valid_mutation,4,valid,tup,value_division,True,differential_mismatch,DifferentialMismatch,success/exception mismatch between cpu and mps,stage4/results/torch-thesis-all-coverage/execution_results/torch.storage.np.row_stack.results.json
torch.storage.np.row_stack,valid_mutation,5,valid,tup,value_large_magnitude,True,differential_mismatch,DifferentialMismatch,success/exception mismatch between cpu and mps,stage4/results/torch-thesis-all-coverage/execution_results/torch.storage.np.row_stack.results.json
torch.storage.np.row_stack,valid_mutation,6,valid,tup,value_neginf,True,differential_mismatch,DifferentialMismatch,success/exception mismatch between cpu and mps,stage4/results/torch-thesis-all-coverage/execution_results/torch.storage.np.row_stack.results.json
torch.storage.np.row_stack,valid_mutation,7,valid,tup,value_mask,True,differential_mismatch,DifferentialMismatch,success/exception mismatch between cpu and mps,stage4/results/torch-thesis-all-coverage/execution_results/torch.storage.np.row_stack.results.json
torch.storage.np.row_stack,valid_mutation,8,valid,tup,value_nan,True,differential_mismatch,DifferentialMismatch,success/exception mismatch between cpu and mps,stage4/results/torch-thesis-all-coverage/execution_results/torch.storage.np.row_stack.results.json
torch.storage.np.row_stack,negative_mutation,9,negative,tup,shape_shrink,True,negative_accepted_not_bug,,,stage4/results/torch-thesis-all-coverage/execution_results/torch.storage.np.row_stack.results.json
torch.storage.np.row_stack,negative_mutation,10,negative,tup,dtype_mutate,True,negative_accepted_not_bug,,,stage4/results/torch-thesis-all-coverage/execution_results/torch.storage.np.row_stack.results.json
torch.storage.np.shape,base_valid,0,valid,,,True,success_valid,,,stage4/results/torch-thesis-all-coverage/execution_results/torch.storage.np.shape.results.json
torch.storage.np.shape,valid_mutation,1,valid,a,value_neginf,True,valid_mutation_success,,,stage4/results/torch-thesis-all-coverage/execution_results/torch.storage.np.shape.results.json
torch.storage.np.shape,valid_mutation,2,valid,a,value_noise,True,valid_mutation_success,,,stage4/results/torch-thesis-all-coverage/execution_results/torch.storage.np.shape.results.json
torch.storage.np.shape,valid_mutation,3,valid,a,value_negzero,True,valid_mutation_success,,,stage4/results/torch-thesis-all-coverage/execution_results/torch.storage.np.shape.results.json
torch.storage.np.shape,valid_mutation,4,valid,a,value_large_magnitude,True,valid_mutation_success,,,stage4/results/torch-thesis-all-coverage/execution_results/torch.storage.np.shape.results.json
torch.storage.np.shape,valid_mutation,5,valid,a,value_mask,True,valid_mutation_success,,,stage4/results/torch-thesis-all-coverage/execution_results/torch.storage.np.shape.results.json
torch.storage.np.shape,valid_mutation,6,valid,a,value_division,True,valid_mutation_success,,,stage4/results/torch-thesis-all-coverage/execution_results/torch.storage.np.shape.results.json
torch.storage.np.shape,valid_mutation,7,valid,a,value_nan,True,valid_mutation_success,,,stage4/results/torch-thesis-all-coverage/execution_results/torch.storage.np.shape.results.json
torch.storage.np.shape,valid_mutation,8,valid,a,value_posinf,True,valid_mutation_success,,,stage4/results/torch-thesis-all-coverage/execution_results/torch.storage.np.shape.results.json
torch.storage.np.shape,negative_mutation,9,negative,a,shape_shrink,True,negative_accepted_not_bug,,,stage4/results/torch-thesis-all-coverage/execution_results/torch.storage.np.shape.results.json
torch.storage.np.shape,negative_mutation,10,negative,a,dtype_mutate,True,negative_accepted_not_bug,,,stage4/results/torch-thesis-all-coverage/execution_results/torch.storage.np.shape.results.json
torch.storage.np.sinc,base_valid,0,valid,,,True,differential_mismatch,DifferentialMismatch,success/exception mismatch between cpu and mps,stage4/results/torch-thesis-all-coverage/execution_results/torch.storage.np.sinc.results.json
torch.storage.np.sinc,valid_mutation,1,valid,x,value_noise,True,differential_mismatch,DifferentialMismatch,success/exception mismatch between cpu and mps,stage4/results/torch-thesis-all-coverage/execution_results/torch.storage.np.sinc.results.json
torch.storage.np.sinc,valid_mutation,2,valid,x,value_neginf,True,differential_mismatch,DifferentialMismatch,success/exception mismatch between cpu and mps,stage4/results/torch-thesis-all-coverage/execution_results/torch.storage.np.sinc.results.json
torch.storage.np.sinc,valid_mutation,3,valid,x,value_mask,True,differential_mismatch,DifferentialMismatch,success/exception mismatch between cpu and mps,stage4/results/torch-thesis-all-coverage/execution_results/torch.storage.np.sinc.results.json
torch.storage.np.sinc,valid_mutation,4,valid,x,value_negzero,True,differential_mismatch,DifferentialMismatch,success/exception mismatch between cpu and mps,stage4/results/torch-thesis-all-coverage/execution_results/torch.storage.np.sinc.results.json
torch.storage.np.sinc,valid_mutation,5,valid,x,value_nan,True,differential_mismatch,DifferentialMismatch,success/exception mismatch between cpu and mps,stage4/results/torch-thesis-all-coverage/execution_results/torch.storage.np.sinc.results.json
torch.storage.np.sinc,valid_mutation,6,valid,x,value_posinf,True,differential_mismatch,DifferentialMismatch,success/exception mismatch between cpu and mps,stage4/results/torch-thesis-all-coverage/execution_results/torch.storage.np.sinc.results.json
torch.storage.np.sinc,valid_mutation,7,valid,x,value_division,True,differential_mismatch,DifferentialMismatch,success/exception mismatch between cpu and mps,stage4/results/torch-thesis-all-coverage/execution_results/torch.storage.np.sinc.results.json
torch.storage.np.sinc,valid_mutation,8,valid,x,value_large_magnitude,True,differential_mismatch,DifferentialMismatch,success/exception mismatch between cpu and mps,stage4/results/torch-thesis-all-coverage/execution_results/torch.storage.np.sinc.results.json
torch.storage.np.sinc,negative_mutation,9,negative,x,shape_shrink,True,negative_accepted_not_bug,,,stage4/results/torch-thesis-all-coverage/execution_results/torch.storage.np.sinc.results.json
torch.storage.np.sinc,negative_mutation,10,negative,x,dtype_mutate,True,negative_accepted_not_bug,,,stage4/results/torch-thesis-all-coverage/execution_results/torch.storage.np.sinc.results.json
torch.storage.np.sort,base_valid,0,valid,,,True,differential_mismatch,DifferentialMismatch,success/exception mismatch between cpu and mps,stage4/results/torch-thesis-all-coverage/execution_results/torch.storage.np.sort.results.json
torch.storage.np.sort,valid_mutation,1,valid,a,value_noise,True,differential_mismatch,DifferentialMismatch,success/exception mismatch between cpu and mps,stage4/results/torch-thesis-all-coverage/execution_results/torch.storage.np.sort.results.json
torch.storage.np.sort,valid_mutation,2,valid,a,value_negzero,True,differential_mismatch,DifferentialMismatch,success/exception mismatch between cpu and mps,stage4/results/torch-thesis-all-coverage/execution_results/torch.storage.np.sort.results.json
torch.storage.np.sort,valid_mutation,3,valid,a,value_neginf,True,differential_mismatch,DifferentialMismatch,success/exception mismatch between cpu and mps,stage4/results/torch-thesis-all-coverage/execution_results/torch.storage.np.sort.results.json
torch.storage.np.sort,valid_mutation,4,valid,a,value_nan,True,differential_mismatch,DifferentialMismatch,success/exception mismatch between cpu and mps,stage4/results/torch-thesis-all-coverage/execution_results/torch.storage.np.sort.results.json
torch.storage.np.sort,valid_mutation,5,valid,a,value_mask,True,differential_mismatch,DifferentialMismatch,success/exception mismatch between cpu and mps,stage4/results/torch-thesis-all-coverage/execution_results/torch.storage.np.sort.results.json
torch.storage.np.sort,valid_mutation,6,valid,a,value_large_magnitude,True,differential_mismatch,DifferentialMismatch,success/exception mismatch between cpu and mps,stage4/results/torch-thesis-all-coverage/execution_results/torch.storage.np.sort.results.json
torch.storage.np.sort,valid_mutation,7,valid,a,value_division,True,differential_mismatch,DifferentialMismatch,success/exception mismatch between cpu and mps,stage4/results/torch-thesis-all-coverage/execution_results/torch.storage.np.sort.results.json
torch.storage.np.sort,valid_mutation,8,valid,a,value_posinf,True,differential_mismatch,DifferentialMismatch,success/exception mismatch between cpu and mps,stage4/results/torch-thesis-all-coverage/execution_results/torch.storage.np.sort.results.json
torch.storage.np.sort,negative_mutation,9,negative,a,shape_shrink,True,negative_accepted_not_bug,,,stage4/results/torch-thesis-all-coverage/execution_results/torch.storage.np.sort.results.json
torch.storage.np.sort,negative_mutation,10,negative,a,dtype_mutate,True,negative_accepted_not_bug,,,stage4/results/torch-thesis-all-coverage/execution_results/torch.storage.np.sort.results.json
torch.storage.np.stack,base_valid,0,valid,,,True,differential_mismatch,DifferentialMismatch,success/exception mismatch between cpu and mps,stage4/results/torch-thesis-all-coverage/execution_results/torch.storage.np.stack.results.json
torch.storage.np.stack,valid_mutation,1,valid,arrays,value_division,True,differential_mismatch,DifferentialMismatch,success/exception mismatch between cpu and mps,stage4/results/torch-thesis-all-coverage/execution_results/torch.storage.np.stack.results.json
torch.storage.np.stack,valid_mutation,2,valid,arrays,value_noise,True,differential_mismatch,DifferentialMismatch,success/exception mismatch between cpu and mps,stage4/results/torch-thesis-all-coverage/execution_results/torch.storage.np.stack.results.json
torch.storage.np.stack,valid_mutation,3,valid,arrays,value_negzero,True,differential_mismatch,DifferentialMismatch,success/exception mismatch between cpu and mps,stage4/results/torch-thesis-all-coverage/execution_results/torch.storage.np.stack.results.json
torch.storage.np.stack,valid_mutation,4,valid,arrays,value_large_magnitude,True,differential_mismatch,DifferentialMismatch,success/exception mismatch between cpu and mps,stage4/results/torch-thesis-all-coverage/execution_results/torch.storage.np.stack.results.json
torch.storage.np.stack,valid_mutation,5,valid,arrays,value_nan,True,differential_mismatch,DifferentialMismatch,success/exception mismatch between cpu and mps,stage4/results/torch-thesis-all-coverage/execution_results/torch.storage.np.stack.results.json
torch.storage.np.stack,valid_mutation,6,valid,arrays,value_posinf,True,differential_mismatch,DifferentialMismatch,success/exception mismatch between cpu and mps,stage4/results/torch-thesis-all-coverage/execution_results/torch.storage.np.stack.results.json
torch.storage.np.stack,valid_mutation,7,valid,arrays,value_mask,True,differential_mismatch,DifferentialMismatch,success/exception mismatch between cpu and mps,stage4/results/torch-thesis-all-coverage/execution_results/torch.storage.np.stack.results.json
torch.storage.np.stack,valid_mutation,8,valid,arrays,value_neginf,True,differential_mismatch,DifferentialMismatch,success/exception mismatch between cpu and mps,stage4/results/torch-thesis-all-coverage/execution_results/torch.storage.np.stack.results.json
torch.storage.np.stack,negative_mutation,9,negative,arrays,shape_expand,True,negative_accepted_not_bug,,,stage4/results/torch-thesis-all-coverage/execution_results/torch.storage.np.stack.results.json
torch.storage.np.stack,negative_mutation,10,negative,arrays,dtype_mutate,True,negative_accepted_not_bug,,,stage4/results/torch-thesis-all-coverage/execution_results/torch.storage.np.stack.results.json
torch.storage.np.transpose,base_valid,0,valid,,,True,differential_mismatch,DifferentialMismatch,success/exception mismatch between cpu and mps,stage4/results/torch-thesis-all-coverage/execution_results/torch.storage.np.transpose.results.json
torch.storage.np.transpose,valid_mutation,1,valid,a,value_nan,True,differential_mismatch,DifferentialMismatch,success/exception mismatch between cpu and mps,stage4/results/torch-thesis-all-coverage/execution_results/torch.storage.np.transpose.results.json
torch.storage.np.transpose,valid_mutation,2,valid,a,value_noise,True,differential_mismatch,DifferentialMismatch,success/exception mismatch between cpu and mps,stage4/results/torch-thesis-all-coverage/execution_results/torch.storage.np.transpose.results.json
torch.storage.np.transpose,valid_mutation,3,valid,a,value_mask,True,differential_mismatch,DifferentialMismatch,success/exception mismatch between cpu and mps,stage4/results/torch-thesis-all-coverage/execution_results/torch.storage.np.transpose.results.json
torch.storage.np.transpose,valid_mutation,4,valid,a,value_posinf,True,differential_mismatch,DifferentialMismatch,success/exception mismatch between cpu and mps,stage4/results/torch-thesis-all-coverage/execution_results/torch.storage.np.transpose.results.json
torch.storage.np.transpose,valid_mutation,5,valid,a,value_negzero,True,differential_mismatch,DifferentialMismatch,success/exception mismatch between cpu and mps,stage4/results/torch-thesis-all-coverage/execution_results/torch.storage.np.transpose.results.json
torch.storage.np.transpose,valid_mutation,6,valid,a,value_neginf,True,differential_mismatch,DifferentialMismatch,success/exception mismatch between cpu and mps,stage4/results/torch-thesis-all-coverage/execution_results/torch.storage.np.transpose.results.json
torch.storage.np.transpose,valid_mutation,7,valid,a,value_division,True,differential_mismatch,DifferentialMismatch,success/exception mismatch between cpu and mps,stage4/results/torch-thesis-all-coverage/execution_results/torch.storage.np.transpose.results.json
torch.storage.np.transpose,valid_mutation,8,valid,a,value_large_magnitude,True,differential_mismatch,DifferentialMismatch,success/exception mismatch between cpu and mps,stage4/results/torch-thesis-all-coverage/execution_results/torch.storage.np.transpose.results.json
torch.storage.np.transpose,negative_mutation,9,negative,a,shape_shrink,True,negative_accepted_not_bug,,,stage4/results/torch-thesis-all-coverage/execution_results/torch.storage.np.transpose.results.json
torch.storage.np.transpose,negative_mutation,10,negative,a,dtype_mutate,True,negative_accepted_not_bug,,,stage4/results/torch-thesis-all-coverage/execution_results/torch.storage.np.transpose.results.json
torch.storage.np.tri,base_valid,0,valid,,,True,success_valid,,,stage4/results/torch-thesis-all-coverage/execution_results/torch.storage.np.tri.results.json
torch.storage.np.tri,valid_mutation,1,valid,N,value_large_magnitude,False,valid_mutation_failure,NativeCrashOrAbort,"isolated execution subprocess exited abnormally (exitcode=-9, signal=SIGKILL)",stage4/results/torch-thesis-all-coverage/execution_results/torch.storage.np.tri.results.json
torch.storage.np.tri,valid_mutation,2,valid,N,scalar_delta,True,valid_mutation_success,,,stage4/results/torch-thesis-all-coverage/execution_results/torch.storage.np.tri.results.json
torch.storage.np.tri,negative_mutation,3,negative,N,type_widen,True,negative_accepted_not_bug,,,stage4/results/torch-thesis-all-coverage/execution_results/torch.storage.np.tri.results.json
torch.storage.np.tril,base_valid,0,valid,,,True,differential_mismatch,DifferentialMismatch,success/exception mismatch between cpu and mps,stage4/results/torch-thesis-all-coverage/execution_results/torch.storage.np.tril.results.json
torch.storage.np.tril,valid_mutation,1,valid,m,value_nan,True,differential_mismatch,DifferentialMismatch,success/exception mismatch between cpu and mps,stage4/results/torch-thesis-all-coverage/execution_results/torch.storage.np.tril.results.json
torch.storage.np.tril,valid_mutation,2,valid,m,value_mask,True,differential_mismatch,DifferentialMismatch,success/exception mismatch between cpu and mps,stage4/results/torch-thesis-all-coverage/execution_results/torch.storage.np.tril.results.json
torch.storage.np.tril,valid_mutation,3,valid,m,value_large_magnitude,True,differential_mismatch,DifferentialMismatch,success/exception mismatch between cpu and mps,stage4/results/torch-thesis-all-coverage/execution_results/torch.storage.np.tril.results.json
torch.storage.np.tril,valid_mutation,4,valid,m,value_posinf,True,differential_mismatch,DifferentialMismatch,success/exception mismatch between cpu and mps,stage4/results/torch-thesis-all-coverage/execution_results/torch.storage.np.tril.results.json
torch.storage.np.tril,valid_mutation,5,valid,m,value_division,True,differential_mismatch,DifferentialMismatch,success/exception mismatch between cpu and mps,stage4/results/torch-thesis-all-coverage/execution_results/torch.storage.np.tril.results.json
torch.storage.np.tril,valid_mutation,6,valid,m,value_noise,True,differential_mismatch,DifferentialMismatch,success/exception mismatch between cpu and mps,stage4/results/torch-thesis-all-coverage/execution_results/torch.storage.np.tril.results.json
torch.storage.np.tril,valid_mutation,7,valid,m,value_negzero,True,differential_mismatch,DifferentialMismatch,success/exception mismatch between cpu and mps,stage4/results/torch-thesis-all-coverage/execution_results/torch.storage.np.tril.results.json
torch.storage.np.tril,valid_mutation,8,valid,m,value_neginf,True,differential_mismatch,DifferentialMismatch,success/exception mismatch between cpu and mps,stage4/results/torch-thesis-all-coverage/execution_results/torch.storage.np.tril.results.json
torch.storage.np.tril,negative_mutation,9,negative,m,shape_expand,True,negative_accepted_not_bug,,,stage4/results/torch-thesis-all-coverage/execution_results/torch.storage.np.tril.results.json
torch.storage.np.tril,negative_mutation,10,negative,m,dtype_mutate,True,negative_accepted_not_bug,,,stage4/results/torch-thesis-all-coverage/execution_results/torch.storage.np.tril.results.json
torch.storage.np.tril_indices,base_valid,0,valid,,,True,success_valid,,,stage4/results/torch-thesis-all-coverage/execution_results/torch.storage.np.tril_indices.results.json
torch.storage.np.tril_indices,valid_mutation,1,valid,n,value_large_magnitude,False,valid_mutation_failure,NativeCrashOrAbort,"isolated execution subprocess exited abnormally (exitcode=-9, signal=SIGKILL)",stage4/results/torch-thesis-all-coverage/execution_results/torch.storage.np.tril_indices.results.json
torch.storage.np.tril_indices,valid_mutation,2,valid,n,scalar_delta,True,valid_mutation_success,,,stage4/results/torch-thesis-all-coverage/execution_results/torch.storage.np.tril_indices.results.json
torch.storage.np.tril_indices,negative_mutation,3,negative,n,type_widen,True,negative_accepted_not_bug,,,stage4/results/torch-thesis-all-coverage/execution_results/torch.storage.np.tril_indices.results.json
torch.storage.np.trim_zeros,base_valid,0,valid,,,True,differential_mismatch,DifferentialMismatch,success/exception mismatch between cpu and mps,stage4/results/torch-thesis-all-coverage/execution_results/torch.storage.np.trim_zeros.results.json
torch.storage.np.trim_zeros,valid_mutation,1,valid,filt,value_division,True,differential_mismatch,DifferentialMismatch,success/exception mismatch between cpu and mps,stage4/results/torch-thesis-all-coverage/execution_results/torch.storage.np.trim_zeros.results.json
torch.storage.np.trim_zeros,valid_mutation,2,valid,filt,value_noise,True,differential_mismatch,DifferentialMismatch,success/exception mismatch between cpu and mps,stage4/results/torch-thesis-all-coverage/execution_results/torch.storage.np.trim_zeros.results.json
torch.storage.np.trim_zeros,valid_mutation,3,valid,filt,value_mask,True,differential_mismatch,DifferentialMismatch,success/exception mismatch between cpu and mps,stage4/results/torch-thesis-all-coverage/execution_results/torch.storage.np.trim_zeros.results.json
torch.storage.np.trim_zeros,valid_mutation,4,valid,filt,value_negzero,True,differential_mismatch,DifferentialMismatch,success/exception mismatch between cpu and mps,stage4/results/torch-thesis-all-coverage/execution_results/torch.storage.np.trim_zeros.results.json
torch.storage.np.trim_zeros,valid_mutation,5,valid,filt,value_neginf,True,differential_mismatch,DifferentialMismatch,success/exception mismatch between cpu and mps,stage4/results/torch-thesis-all-coverage/execution_results/torch.storage.np.trim_zeros.results.json
torch.storage.np.trim_zeros,valid_mutation,6,valid,filt,value_nan,True,differential_mismatch,DifferentialMismatch,success/exception mismatch between cpu and mps,stage4/results/torch-thesis-all-coverage/execution_results/torch.storage.np.trim_zeros.results.json
torch.storage.np.trim_zeros,valid_mutation,7,valid,filt,value_large_magnitude,True,differential_mismatch,DifferentialMismatch,success/exception mismatch between cpu and mps,stage4/results/torch-thesis-all-coverage/execution_results/torch.storage.np.trim_zeros.results.json
torch.storage.np.trim_zeros,valid_mutation,8,valid,filt,value_posinf,True,differential_mismatch,DifferentialMismatch,success/exception mismatch between cpu and mps,stage4/results/torch-thesis-all-coverage/execution_results/torch.storage.np.trim_zeros.results.json
torch.storage.np.trim_zeros,negative_mutation,9,negative,filt,shape_shrink,True,negative_accepted_not_bug,,,stage4/results/torch-thesis-all-coverage/execution_results/torch.storage.np.trim_zeros.results.json
torch.storage.np.trim_zeros,negative_mutation,10,negative,filt,dtype_mutate,True,negative_accepted_not_bug,,,stage4/results/torch-thesis-all-coverage/execution_results/torch.storage.np.trim_zeros.results.json
torch.storage.np.triu_indices,base_valid,0,valid,,,True,success_valid,,,stage4/results/torch-thesis-all-coverage/execution_results/torch.storage.np.triu_indices.results.json
torch.storage.np.triu_indices,valid_mutation,1,valid,n,value_large_magnitude,False,valid_mutation_failure,NativeCrashOrAbort,"isolated execution subprocess exited abnormally (exitcode=-9, signal=SIGKILL)",stage4/results/torch-thesis-all-coverage/execution_results/torch.storage.np.triu_indices.results.json
torch.storage.np.triu_indices,valid_mutation,2,valid,n,scalar_delta,True,valid_mutation_success,,,stage4/results/torch-thesis-all-coverage/execution_results/torch.storage.np.triu_indices.results.json
torch.storage.np.triu_indices,negative_mutation,3,negative,n,type_widen,True,negative_accepted_not_bug,,,stage4/results/torch-thesis-all-coverage/execution_results/torch.storage.np.triu_indices.results.json
torch.storage.np.unwrap,base_valid,0,valid,,,True,differential_mismatch,DifferentialMismatch,success/exception mismatch between cpu and mps,stage4/results/torch-thesis-all-coverage/execution_results/torch.storage.np.unwrap.results.json
torch.storage.np.unwrap,valid_mutation,1,valid,p,value_neginf,True,differential_mismatch,DifferentialMismatch,success/exception mismatch between cpu and mps,stage4/results/torch-thesis-all-coverage/execution_results/torch.storage.np.unwrap.results.json
torch.storage.np.unwrap,valid_mutation,2,valid,p,value_division,True,differential_mismatch,DifferentialMismatch,success/exception mismatch between cpu and mps,stage4/results/torch-thesis-all-coverage/execution_results/torch.storage.np.unwrap.results.json
torch.storage.np.unwrap,valid_mutation,3,valid,p,value_large_magnitude,True,differential_mismatch,DifferentialMismatch,success/exception mismatch between cpu and mps,stage4/results/torch-thesis-all-coverage/execution_results/torch.storage.np.unwrap.results.json
torch.storage.np.unwrap,valid_mutation,4,valid,p,value_mask,True,differential_mismatch,DifferentialMismatch,success/exception mismatch between cpu and mps,stage4/results/torch-thesis-all-coverage/execution_results/torch.storage.np.unwrap.results.json
torch.storage.np.unwrap,valid_mutation,5,valid,p,value_noise,True,differential_mismatch,DifferentialMismatch,success/exception mismatch between cpu and mps,stage4/results/torch-thesis-all-coverage/execution_results/torch.storage.np.unwrap.results.json
torch.storage.np.unwrap,valid_mutation,6,valid,p,value_nan,True,differential_mismatch,DifferentialMismatch,success/exception mismatch between cpu and mps,stage4/results/torch-thesis-all-coverage/execution_results/torch.storage.np.unwrap.results.json
torch.storage.np.unwrap,valid_mutation,7,valid,p,value_posinf,True,differential_mismatch,DifferentialMismatch,success/exception mismatch between cpu and mps,stage4/results/torch-thesis-all-coverage/execution_results/torch.storage.np.unwrap.results.json
torch.storage.np.unwrap,valid_mutation,8,valid,p,value_negzero,True,differential_mismatch,DifferentialMismatch,success/exception mismatch between cpu and mps,stage4/results/torch-thesis-all-coverage/execution_results/torch.storage.np.unwrap.results.json
torch.storage.np.unwrap,negative_mutation,9,negative,p,shape_expand,True,negative_accepted_not_bug,,,stage4/results/torch-thesis-all-coverage/execution_results/torch.storage.np.unwrap.results.json
torch.storage.np.unwrap,negative_mutation,10,negative,p,dtype_mutate,True,negative_accepted_not_bug,,,stage4/results/torch-thesis-all-coverage/execution_results/torch.storage.np.unwrap.results.json
torch.storage.np.vstack,base_valid,0,valid,,,True,differential_mismatch,DifferentialMismatch,success/exception mismatch between cpu and mps,stage4/results/torch-thesis-all-coverage/execution_results/torch.storage.np.vstack.results.json
torch.storage.np.vstack,valid_mutation,1,valid,tup,value_noise,True,differential_mismatch,DifferentialMismatch,success/exception mismatch between cpu and mps,stage4/results/torch-thesis-all-coverage/execution_results/torch.storage.np.vstack.results.json
torch.storage.np.vstack,valid_mutation,2,valid,tup,value_neginf,True,differential_mismatch,DifferentialMismatch,success/exception mismatch between cpu and mps,stage4/results/torch-thesis-all-coverage/execution_results/torch.storage.np.vstack.results.json
torch.storage.np.vstack,valid_mutation,3,valid,tup,value_negzero,True,differential_mismatch,DifferentialMismatch,success/exception mismatch between cpu and mps,stage4/results/torch-thesis-all-coverage/execution_results/torch.storage.np.vstack.results.json
torch.storage.np.vstack,valid_mutation,4,valid,tup,value_nan,True,differential_mismatch,DifferentialMismatch,success/exception mismatch between cpu and mps,stage4/results/torch-thesis-all-coverage/execution_results/torch.storage.np.vstack.results.json
torch.storage.np.vstack,valid_mutation,5,valid,tup,value_posinf,True,differential_mismatch,DifferentialMismatch,success/exception mismatch between cpu and mps,stage4/results/torch-thesis-all-coverage/execution_results/torch.storage.np.vstack.results.json
torch.storage.np.vstack,valid_mutation,6,valid,tup,value_division,True,differential_mismatch,DifferentialMismatch,success/exception mismatch between cpu and mps,stage4/results/torch-thesis-all-coverage/execution_results/torch.storage.np.vstack.results.json
torch.storage.np.vstack,valid_mutation,7,valid,tup,value_mask,True,differential_mismatch,DifferentialMismatch,success/exception mismatch between cpu and mps,stage4/results/torch-thesis-all-coverage/execution_results/torch.storage.np.vstack.results.json
torch.storage.np.vstack,valid_mutation,8,valid,tup,value_large_magnitude,True,differential_mismatch,DifferentialMismatch,success/exception mismatch between cpu and mps,stage4/results/torch-thesis-all-coverage/execution_results/torch.storage.np.vstack.results.json
torch.storage.np.vstack,negative_mutation,9,negative,tup,shape_expand,True,negative_accepted_not_bug,,,stage4/results/torch-thesis-all-coverage/execution_results/torch.storage.np.vstack.results.json
torch.storage.np.vstack,negative_mutation,10,negative,tup,dtype_mutate,True,negative_accepted_not_bug,,,stage4/results/torch-thesis-all-coverage/execution_results/torch.storage.np.vstack.results.json
torch.storage.np.zeros,base_valid,0,valid,,,True,success_valid,,,stage4/results/torch-thesis-all-coverage/execution_results/torch.storage.np.zeros.results.json
torch.storage.np.zeros,valid_mutation,1,valid,shape,element_delta,True,valid_mutation_success,,,stage4/results/torch-thesis-all-coverage/execution_results/torch.storage.np.zeros.results.json
torch.storage.np.zeros,valid_mutation,2,valid,shape,structure_grow,True,valid_mutation_success,,,stage4/results/torch-thesis-all-coverage/execution_results/torch.storage.np.zeros.results.json
torch.storage.np.zeros,negative_mutation,3,negative,shape,structure_shrink,True,negative_accepted_not_bug,,,stage4/results/torch-thesis-all-coverage/execution_results/torch.storage.np.zeros.results.json
torch.storage.np.zeros_like,base_valid,0,valid,,,True,differential_mismatch,DifferentialMismatch,success/exception mismatch between cpu and mps,stage4/results/torch-thesis-all-coverage/execution_results/torch.storage.np.zeros_like.results.json
torch.storage.np.zeros_like,valid_mutation,1,valid,a,value_noise,True,differential_mismatch,DifferentialMismatch,success/exception mismatch between cpu and mps,stage4/results/torch-thesis-all-coverage/execution_results/torch.storage.np.zeros_like.results.json
torch.storage.np.zeros_like,valid_mutation,2,valid,a,value_division,True,differential_mismatch,DifferentialMismatch,success/exception mismatch between cpu and mps,stage4/results/torch-thesis-all-coverage/execution_results/torch.storage.np.zeros_like.results.json
torch.storage.np.zeros_like,valid_mutation,3,valid,a,value_neginf,True,differential_mismatch,DifferentialMismatch,success/exception mismatch between cpu and mps,stage4/results/torch-thesis-all-coverage/execution_results/torch.storage.np.zeros_like.results.json
torch.storage.np.zeros_like,valid_mutation,4,valid,a,value_negzero,True,differential_mismatch,DifferentialMismatch,success/exception mismatch between cpu and mps,stage4/results/torch-thesis-all-coverage/execution_results/torch.storage.np.zeros_like.results.json
torch.storage.np.zeros_like,valid_mutation,5,valid,a,value_nan,True,differential_mismatch,DifferentialMismatch,success/exception mismatch between cpu and mps,stage4/results/torch-thesis-all-coverage/execution_results/torch.storage.np.zeros_like.results.json
torch.storage.np.zeros_like,valid_mutation,6,valid,a,value_posinf,True,differential_mismatch,DifferentialMismatch,success/exception mismatch between cpu and mps,stage4/results/torch-thesis-all-coverage/execution_results/torch.storage.np.zeros_like.results.json
torch.storage.np.zeros_like,valid_mutation,7,valid,a,value_large_magnitude,True,differential_mismatch,DifferentialMismatch,success/exception mismatch between cpu and mps,stage4/results/torch-thesis-all-coverage/execution_results/torch.storage.np.zeros_like.results.json
torch.storage.np.zeros_like,valid_mutation,8,valid,a,value_mask,True,differential_mismatch,DifferentialMismatch,success/exception mismatch between cpu and mps,stage4/results/torch-thesis-all-coverage/execution_results/torch.storage.np.zeros_like.results.json
torch.storage.np.zeros_like,negative_mutation,9,negative,a,shape_expand,True,negative_accepted_not_bug,,,stage4/results/torch-thesis-all-coverage/execution_results/torch.storage.np.zeros_like.results.json
torch.storage.np.zeros_like,negative_mutation,10,negative,a,dtype_mutate,True,negative_accepted_not_bug,,,stage4/results/torch-thesis-all-coverage/execution_results/torch.storage.np.zeros_like.results.json
torch.windows.bartlett,base_valid,0,valid,,,True,success_valid,,,stage4/results/torch-thesis-all-coverage/execution_results/torch.windows.bartlett.results.json
torch.windows.bartlett,valid_mutation,1,valid,M,value_large_magnitude,True,valid_mutation_success,,,stage4/results/torch-thesis-all-coverage/execution_results/torch.windows.bartlett.results.json
torch.windows.bartlett,valid_mutation,2,valid,M,scalar_delta,True,valid_mutation_success,,,stage4/results/torch-thesis-all-coverage/execution_results/torch.windows.bartlett.results.json
torch.windows.bartlett,negative_mutation,3,negative,M,type_widen,True,negative_accepted_not_bug,,,stage4/results/torch-thesis-all-coverage/execution_results/torch.windows.bartlett.results.json
torch.windows.blackman,base_valid,0,valid,,,True,success_valid,,,stage4/results/torch-thesis-all-coverage/execution_results/torch.windows.blackman.results.json
torch.windows.blackman,valid_mutation,1,valid,M,scalar_delta,True,valid_mutation_success,,,stage4/results/torch-thesis-all-coverage/execution_results/torch.windows.blackman.results.json
torch.windows.blackman,valid_mutation,2,valid,M,value_large_magnitude,True,valid_mutation_success,,,stage4/results/torch-thesis-all-coverage/execution_results/torch.windows.blackman.results.json
torch.windows.blackman,negative_mutation,3,negative,M,type_widen,True,negative_accepted_not_bug,,,stage4/results/torch-thesis-all-coverage/execution_results/torch.windows.blackman.results.json
torch.windows.cosine,base_valid,0,valid,,,True,success_valid,,,stage4/results/torch-thesis-all-coverage/execution_results/torch.windows.cosine.results.json
torch.windows.cosine,valid_mutation,1,valid,M,value_large_magnitude,True,valid_mutation_success,,,stage4/results/torch-thesis-all-coverage/execution_results/torch.windows.cosine.results.json
torch.windows.cosine,valid_mutation,2,valid,M,scalar_delta,True,valid_mutation_success,,,stage4/results/torch-thesis-all-coverage/execution_results/torch.windows.cosine.results.json
torch.windows.cosine,negative_mutation,3,negative,M,type_widen,False,expected_negative_rejection,TypeError,"linspace() received an invalid combination of arguments - got (requires_grad=bool, device=NoneType, end=float, layout=torch.layout, dtype=torch.dtype, steps=float, start=float, ), but expected one of:
 * (Tensor start, Tensor end, int steps, *, Tensor out = None, torch.dtype dtype = None, torch.layout layout = None, torch.device device = None, bool pin_memory = False, bool requires_grad = False)
 * (Number start, Tensor end, int steps, *, Tensor out = None, torch.dtype dtype = None, torch.layout layout = None, torch.device device = None, bool pin_memory = False, bool requires_grad = False)
 * (Tensor start, Number end, int steps, *, Tensor out = None, torch.dtype dtype = None, torch.layout layout = None, torch.device device = None, bool pin_memory = False, bool requires_grad = False)
 * (Number start, Number end, int steps, *, Tensor out = None, torch.dtype dtype = None, torch.layout layout = None, torch.device device = None, bool pin_memory = False, bool requires_grad = False)
",stage4/results/torch-thesis-all-coverage/execution_results/torch.windows.cosine.results.json
torch.windows.exponential,base_valid,0,valid,,,True,success_valid,,,stage4/results/torch-thesis-all-coverage/execution_results/torch.windows.exponential.results.json
torch.windows.exponential,valid_mutation,1,valid,M,value_large_magnitude,True,valid_mutation_success,,,stage4/results/torch-thesis-all-coverage/execution_results/torch.windows.exponential.results.json
torch.windows.exponential,valid_mutation,2,valid,M,scalar_delta,True,valid_mutation_success,,,stage4/results/torch-thesis-all-coverage/execution_results/torch.windows.exponential.results.json
torch.windows.exponential,negative_mutation,3,negative,M,type_widen,False,expected_negative_rejection,TypeError,"linspace() received an invalid combination of arguments - got (requires_grad=bool, device=NoneType, end=float, layout=torch.layout, dtype=torch.dtype, steps=float, start=float, ), but expected one of:
 * (Tensor start, Tensor end, int steps, *, Tensor out = None, torch.dtype dtype = None, torch.layout layout = None, torch.device device = None, bool pin_memory = False, bool requires_grad = False)
 * (Number start, Tensor end, int steps, *, Tensor out = None, torch.dtype dtype = None, torch.layout layout = None, torch.device device = None, bool pin_memory = False, bool requires_grad = False)
 * (Tensor start, Number end, int steps, *, Tensor out = None, torch.dtype dtype = None, torch.layout layout = None, torch.device device = None, bool pin_memory = False, bool requires_grad = False)
 * (Number start, Number end, int steps, *, Tensor out = None, torch.dtype dtype = None, torch.layout layout = None, torch.device device = None, bool pin_memory = False, bool requires_grad = False)
",stage4/results/torch-thesis-all-coverage/execution_results/torch.windows.exponential.results.json
torch.windows.gaussian,base_valid,0,valid,,,True,success_valid,,,stage4/results/torch-thesis-all-coverage/execution_results/torch.windows.gaussian.results.json
torch.windows.gaussian,valid_mutation,1,valid,M,value_large_magnitude,True,valid_mutation_success,,,stage4/results/torch-thesis-all-coverage/execution_results/torch.windows.gaussian.results.json
torch.windows.gaussian,valid_mutation,2,valid,M,scalar_delta,True,valid_mutation_success,,,stage4/results/torch-thesis-all-coverage/execution_results/torch.windows.gaussian.results.json
torch.windows.gaussian,negative_mutation,3,negative,M,type_widen,False,expected_negative_rejection,TypeError,"linspace() received an invalid combination of arguments - got (requires_grad=bool, device=NoneType, end=float, layout=torch.layout, dtype=torch.dtype, steps=float, start=float, ), but expected one of:
 * (Tensor start, Tensor end, int steps, *, Tensor out = None, torch.dtype dtype = None, torch.layout layout = None, torch.device device = None, bool pin_memory = False, bool requires_grad = False)
 * (Number start, Tensor end, int steps, *, Tensor out = None, torch.dtype dtype = None, torch.layout layout = None, torch.device device = None, bool pin_memory = False, bool requires_grad = False)
 * (Tensor start, Number end, int steps, *, Tensor out = None, torch.dtype dtype = None, torch.layout layout = None, torch.device device = None, bool pin_memory = False, bool requires_grad = False)
 * (Number start, Number end, int steps, *, Tensor out = None, torch.dtype dtype = None, torch.layout layout = None, torch.device device = None, bool pin_memory = False, bool requires_grad = False)
",stage4/results/torch-thesis-all-coverage/execution_results/torch.windows.gaussian.results.json
torch.windows.general_hamming,base_valid,0,valid,,,True,success_valid,,,stage4/results/torch-thesis-all-coverage/execution_results/torch.windows.general_hamming.results.json
torch.windows.general_hamming,valid_mutation,1,valid,M,scalar_delta,True,valid_mutation_success,,,stage4/results/torch-thesis-all-coverage/execution_results/torch.windows.general_hamming.results.json
torch.windows.general_hamming,valid_mutation,2,valid,M,value_large_magnitude,True,valid_mutation_success,,,stage4/results/torch-thesis-all-coverage/execution_results/torch.windows.general_hamming.results.json
torch.windows.general_hamming,negative_mutation,3,negative,M,type_widen,True,negative_accepted_not_bug,,,stage4/results/torch-thesis-all-coverage/execution_results/torch.windows.general_hamming.results.json
torch.windows.hamming,base_valid,0,valid,,,True,success_valid,,,stage4/results/torch-thesis-all-coverage/execution_results/torch.windows.hamming.results.json
torch.windows.hamming,valid_mutation,1,valid,M,value_large_magnitude,True,valid_mutation_success,,,stage4/results/torch-thesis-all-coverage/execution_results/torch.windows.hamming.results.json
torch.windows.hamming,valid_mutation,2,valid,M,scalar_delta,True,valid_mutation_success,,,stage4/results/torch-thesis-all-coverage/execution_results/torch.windows.hamming.results.json
torch.windows.hamming,negative_mutation,3,negative,M,type_widen,True,negative_accepted_not_bug,,,stage4/results/torch-thesis-all-coverage/execution_results/torch.windows.hamming.results.json
torch.windows.hann,base_valid,0,valid,,,True,success_valid,,,stage4/results/torch-thesis-all-coverage/execution_results/torch.windows.hann.results.json
torch.windows.hann,valid_mutation,1,valid,M,value_large_magnitude,True,valid_mutation_success,,,stage4/results/torch-thesis-all-coverage/execution_results/torch.windows.hann.results.json
torch.windows.hann,valid_mutation,2,valid,M,scalar_delta,True,valid_mutation_success,,,stage4/results/torch-thesis-all-coverage/execution_results/torch.windows.hann.results.json
torch.windows.hann,negative_mutation,3,negative,M,type_widen,True,negative_accepted_not_bug,,,stage4/results/torch-thesis-all-coverage/execution_results/torch.windows.hann.results.json
torch.windows.kaiser,base_valid,0,valid,,,True,success_valid,,,stage4/results/torch-thesis-all-coverage/execution_results/torch.windows.kaiser.results.json
torch.windows.kaiser,valid_mutation,1,valid,M,value_large_magnitude,True,valid_mutation_success,,,stage4/results/torch-thesis-all-coverage/execution_results/torch.windows.kaiser.results.json
torch.windows.kaiser,valid_mutation,2,valid,M,scalar_delta,True,valid_mutation_success,,,stage4/results/torch-thesis-all-coverage/execution_results/torch.windows.kaiser.results.json
torch.windows.kaiser,negative_mutation,3,negative,M,type_widen,True,negative_accepted_not_bug,,,stage4/results/torch-thesis-all-coverage/execution_results/torch.windows.kaiser.results.json
torch.windows.nuttall,base_valid,0,valid,,,True,success_valid,,,stage4/results/torch-thesis-all-coverage/execution_results/torch.windows.nuttall.results.json
torch.windows.nuttall,valid_mutation,1,valid,M,scalar_delta,True,valid_mutation_success,,,stage4/results/torch-thesis-all-coverage/execution_results/torch.windows.nuttall.results.json
torch.windows.nuttall,valid_mutation,2,valid,M,value_large_magnitude,True,valid_mutation_success,,,stage4/results/torch-thesis-all-coverage/execution_results/torch.windows.nuttall.results.json
torch.windows.nuttall,negative_mutation,3,negative,M,type_widen,True,negative_accepted_not_bug,,,stage4/results/torch-thesis-all-coverage/execution_results/torch.windows.nuttall.results.json
torch.windows.windows.bartlett,base_valid,0,valid,,,True,success_valid,,,stage4/results/torch-thesis-all-coverage/execution_results/torch.windows.windows.bartlett.results.json
torch.windows.windows.bartlett,valid_mutation,1,valid,M,scalar_delta,True,valid_mutation_success,,,stage4/results/torch-thesis-all-coverage/execution_results/torch.windows.windows.bartlett.results.json
torch.windows.windows.bartlett,valid_mutation,2,valid,M,value_large_magnitude,True,valid_mutation_success,,,stage4/results/torch-thesis-all-coverage/execution_results/torch.windows.windows.bartlett.results.json
torch.windows.windows.bartlett,negative_mutation,3,negative,M,type_widen,True,negative_accepted_not_bug,,,stage4/results/torch-thesis-all-coverage/execution_results/torch.windows.windows.bartlett.results.json
torch.windows.windows.blackman,base_valid,0,valid,,,True,success_valid,,,stage4/results/torch-thesis-all-coverage/execution_results/torch.windows.windows.blackman.results.json
torch.windows.windows.blackman,valid_mutation,1,valid,M,value_large_magnitude,True,valid_mutation_success,,,stage4/results/torch-thesis-all-coverage/execution_results/torch.windows.windows.blackman.results.json
torch.windows.windows.blackman,valid_mutation,2,valid,M,scalar_delta,True,valid_mutation_success,,,stage4/results/torch-thesis-all-coverage/execution_results/torch.windows.windows.blackman.results.json
torch.windows.windows.blackman,negative_mutation,3,negative,M,type_widen,True,negative_accepted_not_bug,,,stage4/results/torch-thesis-all-coverage/execution_results/torch.windows.windows.blackman.results.json
torch.windows.windows.cosine,base_valid,0,valid,,,True,success_valid,,,stage4/results/torch-thesis-all-coverage/execution_results/torch.windows.windows.cosine.results.json
torch.windows.windows.cosine,valid_mutation,1,valid,M,scalar_delta,True,valid_mutation_success,,,stage4/results/torch-thesis-all-coverage/execution_results/torch.windows.windows.cosine.results.json
torch.windows.windows.cosine,valid_mutation,2,valid,M,value_large_magnitude,True,valid_mutation_success,,,stage4/results/torch-thesis-all-coverage/execution_results/torch.windows.windows.cosine.results.json
torch.windows.windows.cosine,negative_mutation,3,negative,M,type_widen,False,expected_negative_rejection,TypeError,"linspace() received an invalid combination of arguments - got (requires_grad=bool, device=NoneType, end=float, layout=torch.layout, dtype=torch.dtype, steps=float, start=float, ), but expected one of:
 * (Tensor start, Tensor end, int steps, *, Tensor out = None, torch.dtype dtype = None, torch.layout layout = None, torch.device device = None, bool pin_memory = False, bool requires_grad = False)
 * (Number start, Tensor end, int steps, *, Tensor out = None, torch.dtype dtype = None, torch.layout layout = None, torch.device device = None, bool pin_memory = False, bool requires_grad = False)
 * (Tensor start, Number end, int steps, *, Tensor out = None, torch.dtype dtype = None, torch.layout layout = None, torch.device device = None, bool pin_memory = False, bool requires_grad = False)
 * (Number start, Number end, int steps, *, Tensor out = None, torch.dtype dtype = None, torch.layout layout = None, torch.device device = None, bool pin_memory = False, bool requires_grad = False)
",stage4/results/torch-thesis-all-coverage/execution_results/torch.windows.windows.cosine.results.json
torch.windows.windows.exponential,base_valid,0,valid,,,True,success_valid,,,stage4/results/torch-thesis-all-coverage/execution_results/torch.windows.windows.exponential.results.json
torch.windows.windows.exponential,valid_mutation,1,valid,M,scalar_delta,True,valid_mutation_success,,,stage4/results/torch-thesis-all-coverage/execution_results/torch.windows.windows.exponential.results.json
torch.windows.windows.exponential,valid_mutation,2,valid,M,value_large_magnitude,True,valid_mutation_success,,,stage4/results/torch-thesis-all-coverage/execution_results/torch.windows.windows.exponential.results.json
torch.windows.windows.exponential,negative_mutation,3,negative,M,type_widen,False,expected_negative_rejection,TypeError,"linspace() received an invalid combination of arguments - got (requires_grad=bool, device=NoneType, end=float, layout=torch.layout, dtype=torch.dtype, steps=float, start=float, ), but expected one of:
 * (Tensor start, Tensor end, int steps, *, Tensor out = None, torch.dtype dtype = None, torch.layout layout = None, torch.device device = None, bool pin_memory = False, bool requires_grad = False)
 * (Number start, Tensor end, int steps, *, Tensor out = None, torch.dtype dtype = None, torch.layout layout = None, torch.device device = None, bool pin_memory = False, bool requires_grad = False)
 * (Tensor start, Number end, int steps, *, Tensor out = None, torch.dtype dtype = None, torch.layout layout = None, torch.device device = None, bool pin_memory = False, bool requires_grad = False)
 * (Number start, Number end, int steps, *, Tensor out = None, torch.dtype dtype = None, torch.layout layout = None, torch.device device = None, bool pin_memory = False, bool requires_grad = False)
",stage4/results/torch-thesis-all-coverage/execution_results/torch.windows.windows.exponential.results.json
torch.windows.windows.gaussian,base_valid,0,valid,,,True,success_valid,,,stage4/results/torch-thesis-all-coverage/execution_results/torch.windows.windows.gaussian.results.json
torch.windows.windows.gaussian,valid_mutation,1,valid,M,scalar_delta,True,valid_mutation_success,,,stage4/results/torch-thesis-all-coverage/execution_results/torch.windows.windows.gaussian.results.json
torch.windows.windows.gaussian,valid_mutation,2,valid,M,value_large_magnitude,True,valid_mutation_success,,,stage4/results/torch-thesis-all-coverage/execution_results/torch.windows.windows.gaussian.results.json
torch.windows.windows.gaussian,negative_mutation,3,negative,M,type_widen,False,expected_negative_rejection,TypeError,"linspace() received an invalid combination of arguments - got (requires_grad=bool, device=NoneType, end=float, layout=torch.layout, dtype=torch.dtype, steps=float, start=float, ), but expected one of:
 * (Tensor start, Tensor end, int steps, *, Tensor out = None, torch.dtype dtype = None, torch.layout layout = None, torch.device device = None, bool pin_memory = False, bool requires_grad = False)
 * (Number start, Tensor end, int steps, *, Tensor out = None, torch.dtype dtype = None, torch.layout layout = None, torch.device device = None, bool pin_memory = False, bool requires_grad = False)
 * (Tensor start, Number end, int steps, *, Tensor out = None, torch.dtype dtype = None, torch.layout layout = None, torch.device device = None, bool pin_memory = False, bool requires_grad = False)
 * (Number start, Number end, int steps, *, Tensor out = None, torch.dtype dtype = None, torch.layout layout = None, torch.device device = None, bool pin_memory = False, bool requires_grad = False)
",stage4/results/torch-thesis-all-coverage/execution_results/torch.windows.windows.gaussian.results.json
torch.windows.windows.general_hamming,base_valid,0,valid,,,True,success_valid,,,stage4/results/torch-thesis-all-coverage/execution_results/torch.windows.windows.general_hamming.results.json
torch.windows.windows.general_hamming,valid_mutation,1,valid,M,scalar_delta,True,valid_mutation_success,,,stage4/results/torch-thesis-all-coverage/execution_results/torch.windows.windows.general_hamming.results.json
torch.windows.windows.general_hamming,valid_mutation,2,valid,M,value_large_magnitude,True,valid_mutation_success,,,stage4/results/torch-thesis-all-coverage/execution_results/torch.windows.windows.general_hamming.results.json
torch.windows.windows.general_hamming,negative_mutation,3,negative,M,type_widen,True,negative_accepted_not_bug,,,stage4/results/torch-thesis-all-coverage/execution_results/torch.windows.windows.general_hamming.results.json
torch.windows.windows.hamming,base_valid,0,valid,,,True,success_valid,,,stage4/results/torch-thesis-all-coverage/execution_results/torch.windows.windows.hamming.results.json
torch.windows.windows.hamming,valid_mutation,1,valid,M,scalar_delta,True,valid_mutation_success,,,stage4/results/torch-thesis-all-coverage/execution_results/torch.windows.windows.hamming.results.json
torch.windows.windows.hamming,valid_mutation,2,valid,M,value_large_magnitude,True,valid_mutation_success,,,stage4/results/torch-thesis-all-coverage/execution_results/torch.windows.windows.hamming.results.json
torch.windows.windows.hamming,negative_mutation,3,negative,M,type_widen,True,negative_accepted_not_bug,,,stage4/results/torch-thesis-all-coverage/execution_results/torch.windows.windows.hamming.results.json
torch.windows.windows.hann,base_valid,0,valid,,,True,success_valid,,,stage4/results/torch-thesis-all-coverage/execution_results/torch.windows.windows.hann.results.json
torch.windows.windows.hann,valid_mutation,1,valid,M,scalar_delta,True,valid_mutation_success,,,stage4/results/torch-thesis-all-coverage/execution_results/torch.windows.windows.hann.results.json
torch.windows.windows.hann,valid_mutation,2,valid,M,value_large_magnitude,True,valid_mutation_success,,,stage4/results/torch-thesis-all-coverage/execution_results/torch.windows.windows.hann.results.json
torch.windows.windows.hann,negative_mutation,3,negative,M,type_widen,True,negative_accepted_not_bug,,,stage4/results/torch-thesis-all-coverage/execution_results/torch.windows.windows.hann.results.json
torch.windows.windows.kaiser,base_valid,0,valid,,,True,success_valid,,,stage4/results/torch-thesis-all-coverage/execution_results/torch.windows.windows.kaiser.results.json
torch.windows.windows.kaiser,valid_mutation,1,valid,M,scalar_delta,True,valid_mutation_success,,,stage4/results/torch-thesis-all-coverage/execution_results/torch.windows.windows.kaiser.results.json
torch.windows.windows.kaiser,valid_mutation,2,valid,M,value_large_magnitude,True,valid_mutation_success,,,stage4/results/torch-thesis-all-coverage/execution_results/torch.windows.windows.kaiser.results.json
torch.windows.windows.kaiser,negative_mutation,3,negative,M,type_widen,True,negative_accepted_not_bug,,,stage4/results/torch-thesis-all-coverage/execution_results/torch.windows.windows.kaiser.results.json
torch.windows.windows.nuttall,base_valid,0,valid,,,True,success_valid,,,stage4/results/torch-thesis-all-coverage/execution_results/torch.windows.windows.nuttall.results.json
torch.windows.windows.nuttall,valid_mutation,1,valid,M,scalar_delta,True,valid_mutation_success,,,stage4/results/torch-thesis-all-coverage/execution_results/torch.windows.windows.nuttall.results.json
torch.windows.windows.nuttall,valid_mutation,2,valid,M,value_large_magnitude,True,valid_mutation_success,,,stage4/results/torch-thesis-all-coverage/execution_results/torch.windows.windows.nuttall.results.json
torch.windows.windows.nuttall,negative_mutation,3,negative,M,type_widen,True,negative_accepted_not_bug,,,stage4/results/torch-thesis-all-coverage/execution_results/torch.windows.windows.nuttall.results.json
torch.xpu.max_memory_allocated,base_valid,0,valid,,,True,success_valid,,,stage4/results/torch-thesis-all-coverage/execution_results/torch.xpu.max_memory_allocated.results.json
torch.xpu.max_memory_reserved,base_valid,0,valid,,,True,success_valid,,,stage4/results/torch-thesis-all-coverage/execution_results/torch.xpu.max_memory_reserved.results.json
torch.xpu.memory.max_memory_allocated,base_valid,0,valid,,,True,success_valid,,,stage4/results/torch-thesis-all-coverage/execution_results/torch.xpu.memory.max_memory_allocated.results.json
torch.xpu.memory.max_memory_reserved,base_valid,0,valid,,,True,success_valid,,,stage4/results/torch-thesis-all-coverage/execution_results/torch.xpu.memory.max_memory_reserved.results.json
torch.xpu.memory.memory_allocated,base_valid,0,valid,,,True,success_valid,,,stage4/results/torch-thesis-all-coverage/execution_results/torch.xpu.memory.memory_allocated.results.json
torch.xpu.memory.memory_reserved,base_valid,0,valid,,,True,success_valid,,,stage4/results/torch-thesis-all-coverage/execution_results/torch.xpu.memory.memory_reserved.results.json
torch.xpu.memory.memory_snapshot,base_valid,0,valid,,,True,success_valid,,,stage4/results/torch-thesis-all-coverage/execution_results/torch.xpu.memory.memory_snapshot.results.json
torch.xpu.memory.memory_stats,base_valid,0,valid,,,True,success_valid,,,stage4/results/torch-thesis-all-coverage/execution_results/torch.xpu.memory.memory_stats.results.json
torch.xpu.memory_allocated,base_valid,0,valid,,,True,success_valid,,,stage4/results/torch-thesis-all-coverage/execution_results/torch.xpu.memory_allocated.results.json
torch.xpu.memory_reserved,base_valid,0,valid,,,True,success_valid,,,stage4/results/torch-thesis-all-coverage/execution_results/torch.xpu.memory_reserved.results.json
torch.xpu.memory_snapshot,base_valid,0,valid,,,True,success_valid,,,stage4/results/torch-thesis-all-coverage/execution_results/torch.xpu.memory_snapshot.results.json
torch.xpu.memory_stats,base_valid,0,valid,,,True,success_valid,,,stage4/results/torch-thesis-all-coverage/execution_results/torch.xpu.memory_stats.results.json
