api_full_name,stage,case_kind,mutation_intent,param,rule,classification,error_type,error,results_json_path
torch.distributions.bernoulli.binary_cross_entropy_with_logits,negative_mutation,negative_mutation,negative,input,shape_expand,expected_negative_rejection,ValueError,Target size (torch.Size([2])) must be the same as input size (torch.Size([3])),stage4/results/torch-thesis-all-coverage/execution_results/torch.distributions.bernoulli.binary_cross_entropy_with_logits.results.json
torch.distributions.bernoulli.binary_cross_entropy_with_logits,negative_mutation,negative_mutation,negative,input,dtype_mutate,negative_accepted_not_bug,,,stage4/results/torch-thesis-all-coverage/execution_results/torch.distributions.bernoulli.binary_cross_entropy_with_logits.results.json
torch.distributions.bernoulli.binary_cross_entropy_with_logits,negative_mutation,negative_mutation,negative,target,shape_shrink,expected_negative_rejection,ValueError,Target size (torch.Size([1])) must be the same as input size (torch.Size([2])),stage4/results/torch-thesis-all-coverage/execution_results/torch.distributions.bernoulli.binary_cross_entropy_with_logits.results.json
torch.distributions.bernoulli.binary_cross_entropy_with_logits,negative_mutation,negative_mutation,negative,target,dtype_mutate,negative_accepted_not_bug,,,stage4/results/torch-thesis-all-coverage/execution_results/torch.distributions.bernoulli.binary_cross_entropy_with_logits.results.json
torch.distributions.continuous_bernoulli.binary_cross_entropy_with_logits,negative_mutation,negative_mutation,negative,input,shape_expand,expected_negative_rejection,ValueError,Target size (torch.Size([2])) must be the same as input size (torch.Size([3])),stage4/results/torch-thesis-all-coverage/execution_results/torch.distributions.continuous_bernoulli.binary_cross_entropy_with_logits.results.json
torch.distributions.continuous_bernoulli.binary_cross_entropy_with_logits,negative_mutation,negative_mutation,negative,input,dtype_mutate,negative_accepted_not_bug,,,stage4/results/torch-thesis-all-coverage/execution_results/torch.distributions.continuous_bernoulli.binary_cross_entropy_with_logits.results.json
torch.distributions.continuous_bernoulli.binary_cross_entropy_with_logits,negative_mutation,negative_mutation,negative,target,shape_expand,expected_negative_rejection,ValueError,Target size (torch.Size([3])) must be the same as input size (torch.Size([2])),stage4/results/torch-thesis-all-coverage/execution_results/torch.distributions.continuous_bernoulli.binary_cross_entropy_with_logits.results.json
torch.distributions.continuous_bernoulli.binary_cross_entropy_with_logits,negative_mutation,negative_mutation,negative,target,dtype_mutate,negative_accepted_not_bug,,,stage4/results/torch-thesis-all-coverage/execution_results/torch.distributions.continuous_bernoulli.binary_cross_entropy_with_logits.results.json
torch.distributions.geometric.binary_cross_entropy_with_logits,negative_mutation,negative_mutation,negative,input,shape_expand,expected_negative_rejection,ValueError,Target size (torch.Size([2])) must be the same as input size (torch.Size([3])),stage4/results/torch-thesis-all-coverage/execution_results/torch.distributions.geometric.binary_cross_entropy_with_logits.results.json
torch.distributions.geometric.binary_cross_entropy_with_logits,negative_mutation,negative_mutation,negative,input,dtype_mutate,negative_accepted_not_bug,,,stage4/results/torch-thesis-all-coverage/execution_results/torch.distributions.geometric.binary_cross_entropy_with_logits.results.json
torch.distributions.geometric.binary_cross_entropy_with_logits,negative_mutation,negative_mutation,negative,target,shape_expand,expected_negative_rejection,ValueError,Target size (torch.Size([3])) must be the same as input size (torch.Size([2])),stage4/results/torch-thesis-all-coverage/execution_results/torch.distributions.geometric.binary_cross_entropy_with_logits.results.json
torch.distributions.geometric.binary_cross_entropy_with_logits,negative_mutation,negative_mutation,negative,target,dtype_mutate,negative_accepted_not_bug,,,stage4/results/torch-thesis-all-coverage/execution_results/torch.distributions.geometric.binary_cross_entropy_with_logits.results.json
torch.distributions.transforms.pad,negative_mutation,negative_mutation,negative,input,shape_shrink,negative_accepted_not_bug,,,stage4/results/torch-thesis-all-coverage/execution_results/torch.distributions.transforms.pad.results.json
torch.distributions.transforms.pad,negative_mutation,negative_mutation,negative,input,dtype_mutate,negative_accepted_not_bug,,,stage4/results/torch-thesis-all-coverage/execution_results/torch.distributions.transforms.pad.results.json
torch.distributions.transforms.pad,valid_mutation,valid_mutation,valid,pad,structure_grow,invalid_valid_mutation,RuntimeError,Padding length must be divisible by 2,stage4/results/torch-thesis-all-coverage/execution_results/torch.distributions.transforms.pad.results.json
torch.distributions.transforms.pad,negative_mutation,negative_mutation,negative,pad,structure_shrink,expected_negative_rejection,RuntimeError,Padding length must be divisible by 2,stage4/results/torch-thesis-all-coverage/execution_results/torch.distributions.transforms.pad.results.json
torch.fx.experimental.symbolic_shapes.cast_symbool_to_symint_guardless,negative_mutation,negative_mutation,negative,symbool,type_widen,negative_accepted_not_bug,,,stage4/results/torch-thesis-all-coverage/execution_results/torch.fx.experimental.symbolic_shapes.cast_symbool_to_symint_guardless.results.json
torch.fx.experimental.symbolic_shapes.guard_scalar,negative_mutation,negative_mutation,negative,a,type_widen,negative_accepted_not_bug,,,stage4/results/torch-thesis-all-coverage/execution_results/torch.fx.experimental.symbolic_shapes.guard_scalar.results.json
torch.fx.experimental.symbolic_shapes.has_static_value,negative_mutation,negative_mutation,negative,a,type_widen,negative_accepted_not_bug,,,stage4/results/torch-thesis-all-coverage/execution_results/torch.fx.experimental.symbolic_shapes.has_static_value.results.json
torch.fx.experimental.symbolic_shapes.sympy.cse,negative_mutation,negative_mutation,negative,exprs,structure_shrink,negative_accepted_not_bug,,,stage4/results/torch-thesis-all-coverage/execution_results/torch.fx.experimental.symbolic_shapes.sympy.cse.results.json
torch.fx.experimental.symbolic_shapes.sympy.factor_system,negative_mutation,negative_mutation,negative,eqs,structure_shrink,negative_accepted_not_bug,,,stage4/results/torch-thesis-all-coverage/execution_results/torch.fx.experimental.symbolic_shapes.sympy.factor_system.results.json
torch.fx.experimental.symbolic_shapes.sympy.finite_diff_weights,negative_mutation,negative_mutation,negative,order,type_widen,expected_negative_rejection,ValueError,Non-integer order illegal,stage4/results/torch-thesis-all-coverage/execution_results/torch.fx.experimental.symbolic_shapes.sympy.finite_diff_weights.results.json
torch.fx.experimental.symbolic_shapes.sympy.finite_diff_weights,negative_mutation,negative_mutation,negative,x_list,enum_invalid,negative_accepted_not_bug,,,stage4/results/torch-thesis-all-coverage/execution_results/torch.fx.experimental.symbolic_shapes.sympy.finite_diff_weights.results.json
torch.fx.experimental.symbolic_shapes.sympy.intersection,negative_mutation,negative_mutation,negative,entities,type_switch,negative_accepted_not_bug,,,stage4/results/torch-thesis-all-coverage/execution_results/torch.fx.experimental.symbolic_shapes.sympy.intersection.results.json
torch.fx.experimental.symbolic_shapes.sympy.primefactors,negative_mutation,negative_mutation,negative,n,enum_invalid,negative_accepted_not_bug,,,stage4/results/torch-thesis-all-coverage/execution_results/torch.fx.experimental.symbolic_shapes.sympy.primefactors.results.json
torch.masked.amax,negative_mutation,negative_mutation,negative,input,shape_shrink,negative_accepted_not_bug,,,stage4/results/torch-thesis-all-coverage/execution_results/torch.masked.amax.results.json
torch.masked.amax,negative_mutation,negative_mutation,negative,input,dtype_mutate,negative_accepted_not_bug,,,stage4/results/torch-thesis-all-coverage/execution_results/torch.masked.amax.results.json
torch.masked.amin,negative_mutation,negative_mutation,negative,input,shape_shrink,negative_accepted_not_bug,,,stage4/results/torch-thesis-all-coverage/execution_results/torch.masked.amin.results.json
torch.masked.amin,negative_mutation,negative_mutation,negative,input,dtype_mutate,negative_accepted_not_bug,,,stage4/results/torch-thesis-all-coverage/execution_results/torch.masked.amin.results.json
torch.masked.argmax,valid_mutation,valid_mutation,valid,input,value_nan,differential_mismatch,DifferentialMismatch,floating values differ beyond tolerance,stage4/results/torch-thesis-all-coverage/execution_results/torch.masked.argmax.results.json
torch.masked.argmax,negative_mutation,negative_mutation,negative,input,shape_expand,negative_accepted_not_bug,,,stage4/results/torch-thesis-all-coverage/execution_results/torch.masked.argmax.results.json
torch.masked.argmax,negative_mutation,negative_mutation,negative,input,dtype_mutate,negative_accepted_not_bug,,,stage4/results/torch-thesis-all-coverage/execution_results/torch.masked.argmax.results.json
torch.masked.argmin,valid_mutation,valid_mutation,valid,input,value_nan,differential_mismatch,DifferentialMismatch,floating values differ beyond tolerance,stage4/results/torch-thesis-all-coverage/execution_results/torch.masked.argmin.results.json
torch.masked.argmin,negative_mutation,negative_mutation,negative,input,shape_shrink,negative_accepted_not_bug,,,stage4/results/torch-thesis-all-coverage/execution_results/torch.masked.argmin.results.json
torch.masked.argmin,negative_mutation,negative_mutation,negative,input,dtype_mutate,negative_accepted_not_bug,,,stage4/results/torch-thesis-all-coverage/execution_results/torch.masked.argmin.results.json
torch.masked.cumprod,negative_mutation,negative_mutation,negative,input,shape_shrink,negative_accepted_not_bug,,,stage4/results/torch-thesis-all-coverage/execution_results/torch.masked.cumprod.results.json
torch.masked.cumprod,negative_mutation,negative_mutation,negative,input,dtype_mutate,negative_accepted_not_bug,,,stage4/results/torch-thesis-all-coverage/execution_results/torch.masked.cumprod.results.json
torch.masked.cumprod,negative_mutation,negative_mutation,negative,dim,type_widen,expected_negative_rejection,TypeError,'float' object is not iterable,stage4/results/torch-thesis-all-coverage/execution_results/torch.masked.cumprod.results.json
torch.masked.cumsum,negative_mutation,negative_mutation,negative,input,shape_expand,negative_accepted_not_bug,,,stage4/results/torch-thesis-all-coverage/execution_results/torch.masked.cumsum.results.json
torch.masked.cumsum,negative_mutation,negative_mutation,negative,input,dtype_mutate,negative_accepted_not_bug,,,stage4/results/torch-thesis-all-coverage/execution_results/torch.masked.cumsum.results.json
torch.masked.cumsum,negative_mutation,negative_mutation,negative,dim,type_widen,expected_negative_rejection,TypeError,'float' object is not iterable,stage4/results/torch-thesis-all-coverage/execution_results/torch.masked.cumsum.results.json
torch.masked.log_softmax,negative_mutation,negative_mutation,negative,input,shape_expand,negative_accepted_not_bug,,,stage4/results/torch-thesis-all-coverage/execution_results/torch.masked.log_softmax.results.json
torch.masked.log_softmax,negative_mutation,negative_mutation,negative,input,dtype_mutate,negative_accepted_not_bug,,,stage4/results/torch-thesis-all-coverage/execution_results/torch.masked.log_softmax.results.json
torch.masked.log_softmax,negative_mutation,negative_mutation,negative,dim,type_widen,expected_negative_rejection,TypeError,'float' object is not iterable,stage4/results/torch-thesis-all-coverage/execution_results/torch.masked.log_softmax.results.json
torch.masked.logaddexp,negative_mutation,negative_mutation,negative,input,shape_expand,expected_negative_rejection,RuntimeError,The size of tensor a (3) must match the size of tensor b (2) at non-singleton dimension 0,stage4/results/torch-thesis-all-coverage/execution_results/torch.masked.logaddexp.results.json
torch.masked.logaddexp,negative_mutation,negative_mutation,negative,input,dtype_mutate,negative_accepted_not_bug,,,stage4/results/torch-thesis-all-coverage/execution_results/torch.masked.logaddexp.results.json
torch.masked.logaddexp,negative_mutation,negative_mutation,negative,other,shape_expand,expected_negative_rejection,RuntimeError,The size of tensor a (2) must match the size of tensor b (3) at non-singleton dimension 0,stage4/results/torch-thesis-all-coverage/execution_results/torch.masked.logaddexp.results.json
torch.masked.logaddexp,negative_mutation,negative_mutation,negative,other,dtype_mutate,negative_accepted_not_bug,,,stage4/results/torch-thesis-all-coverage/execution_results/torch.masked.logaddexp.results.json
torch.masked.logsumexp,negative_mutation,negative_mutation,negative,input,shape_expand,negative_accepted_not_bug,,,stage4/results/torch-thesis-all-coverage/execution_results/torch.masked.logsumexp.results.json
torch.masked.logsumexp,negative_mutation,negative_mutation,negative,input,dtype_mutate,negative_accepted_not_bug,,,stage4/results/torch-thesis-all-coverage/execution_results/torch.masked.logsumexp.results.json
torch.masked.mean,negative_mutation,negative_mutation,negative,input,shape_expand,negative_accepted_not_bug,,,stage4/results/torch-thesis-all-coverage/execution_results/torch.masked.mean.results.json
torch.masked.mean,negative_mutation,negative_mutation,negative,input,dtype_mutate,negative_accepted_not_bug,,,stage4/results/torch-thesis-all-coverage/execution_results/torch.masked.mean.results.json
torch.masked.median,negative_mutation,negative_mutation,negative,input,shape_expand,negative_accepted_not_bug,,,stage4/results/torch-thesis-all-coverage/execution_results/torch.masked.median.results.json
torch.masked.median,negative_mutation,negative_mutation,negative,input,dtype_mutate,negative_accepted_not_bug,,,stage4/results/torch-thesis-all-coverage/execution_results/torch.masked.median.results.json
torch.masked.norm,negative_mutation,negative_mutation,negative,input,shape_shrink,negative_accepted_not_bug,,,stage4/results/torch-thesis-all-coverage/execution_results/torch.masked.norm.results.json
torch.masked.norm,negative_mutation,negative_mutation,negative,input,dtype_mutate,negative_accepted_not_bug,,,stage4/results/torch-thesis-all-coverage/execution_results/torch.masked.norm.results.json
torch.masked.normalize,negative_mutation,negative_mutation,negative,input,shape_shrink,negative_accepted_not_bug,,,stage4/results/torch-thesis-all-coverage/execution_results/torch.masked.normalize.results.json
torch.masked.normalize,negative_mutation,negative_mutation,negative,input,dtype_mutate,negative_accepted_not_bug,,,stage4/results/torch-thesis-all-coverage/execution_results/torch.masked.normalize.results.json
torch.masked.normalize,negative_mutation,negative_mutation,negative,dim,type_widen,expected_negative_rejection,TypeError,'float' object is not iterable,stage4/results/torch-thesis-all-coverage/execution_results/torch.masked.normalize.results.json
torch.masked.prod,negative_mutation,negative_mutation,negative,input,shape_expand,negative_accepted_not_bug,,,stage4/results/torch-thesis-all-coverage/execution_results/torch.masked.prod.results.json
torch.masked.prod,negative_mutation,negative_mutation,negative,input,dtype_mutate,negative_accepted_not_bug,,,stage4/results/torch-thesis-all-coverage/execution_results/torch.masked.prod.results.json
torch.masked.softmax,valid_mutation,valid_mutation,valid,input,value_posinf,differential_mismatch,DifferentialMismatch,floating values differ beyond tolerance,stage4/results/torch-thesis-all-coverage/execution_results/torch.masked.softmax.results.json
torch.masked.softmax,negative_mutation,negative_mutation,negative,input,shape_shrink,negative_accepted_not_bug,,,stage4/results/torch-thesis-all-coverage/execution_results/torch.masked.softmax.results.json
torch.masked.softmax,negative_mutation,negative_mutation,negative,input,dtype_mutate,negative_accepted_not_bug,,,stage4/results/torch-thesis-all-coverage/execution_results/torch.masked.softmax.results.json
torch.masked.softmax,negative_mutation,negative_mutation,negative,dim,type_widen,expected_negative_rejection,TypeError,'float' object is not iterable,stage4/results/torch-thesis-all-coverage/execution_results/torch.masked.softmax.results.json
torch.masked.softmin,valid_mutation,valid_mutation,valid,input,value_neginf,differential_mismatch,DifferentialMismatch,floating values differ beyond tolerance,stage4/results/torch-thesis-all-coverage/execution_results/torch.masked.softmin.results.json
torch.masked.softmin,negative_mutation,negative_mutation,negative,input,shape_shrink,negative_accepted_not_bug,,,stage4/results/torch-thesis-all-coverage/execution_results/torch.masked.softmin.results.json
torch.masked.softmin,negative_mutation,negative_mutation,negative,input,dtype_mutate,negative_accepted_not_bug,,,stage4/results/torch-thesis-all-coverage/execution_results/torch.masked.softmin.results.json
torch.masked.softmin,negative_mutation,negative_mutation,negative,dim,type_widen,expected_negative_rejection,TypeError,'float' object is not iterable,stage4/results/torch-thesis-all-coverage/execution_results/torch.masked.softmin.results.json
torch.masked.std,negative_mutation,negative_mutation,negative,input,shape_expand,negative_accepted_not_bug,,,stage4/results/torch-thesis-all-coverage/execution_results/torch.masked.std.results.json
torch.masked.std,negative_mutation,negative_mutation,negative,input,dtype_mutate,negative_accepted_not_bug,,,stage4/results/torch-thesis-all-coverage/execution_results/torch.masked.std.results.json
torch.masked.sum,negative_mutation,negative_mutation,negative,input,shape_shrink,negative_accepted_not_bug,,,stage4/results/torch-thesis-all-coverage/execution_results/torch.masked.sum.results.json
torch.masked.sum,negative_mutation,negative_mutation,negative,input,dtype_mutate,negative_accepted_not_bug,,,stage4/results/torch-thesis-all-coverage/execution_results/torch.masked.sum.results.json
torch.masked.var,negative_mutation,negative_mutation,negative,input,shape_shrink,negative_accepted_not_bug,,,stage4/results/torch-thesis-all-coverage/execution_results/torch.masked.var.results.json
torch.masked.var,negative_mutation,negative_mutation,negative,input,dtype_mutate,negative_accepted_not_bug,,,stage4/results/torch-thesis-all-coverage/execution_results/torch.masked.var.results.json
torch.storage.np.angle,negative_mutation,negative_mutation,negative,z,type_widen,negative_accepted_not_bug,,,stage4/results/torch-thesis-all-coverage/execution_results/torch.storage.np.angle.results.json
torch.storage.np.array,negative_mutation,negative_mutation,negative,object,type_widen,negative_accepted_not_bug,,,stage4/results/torch-thesis-all-coverage/execution_results/torch.storage.np.array.results.json
torch.storage.np.asfortranarray,base_execution,base_valid,valid,,,differential_mismatch,DifferentialMismatch,success/exception mismatch between cpu and mps,stage4/results/torch-thesis-all-coverage/execution_results/torch.storage.np.asfortranarray.results.json
torch.storage.np.asfortranarray,valid_mutation,valid_mutation,valid,a,value_nan,differential_mismatch,DifferentialMismatch,success/exception mismatch between cpu and mps,stage4/results/torch-thesis-all-coverage/execution_results/torch.storage.np.asfortranarray.results.json
torch.storage.np.asfortranarray,valid_mutation,valid_mutation,valid,a,value_neginf,differential_mismatch,DifferentialMismatch,success/exception mismatch between cpu and mps,stage4/results/torch-thesis-all-coverage/execution_results/torch.storage.np.asfortranarray.results.json
torch.storage.np.asfortranarray,valid_mutation,valid_mutation,valid,a,value_mask,differential_mismatch,DifferentialMismatch,success/exception mismatch between cpu and mps,stage4/results/torch-thesis-all-coverage/execution_results/torch.storage.np.asfortranarray.results.json
torch.storage.np.asfortranarray,valid_mutation,valid_mutation,valid,a,value_division,differential_mismatch,DifferentialMismatch,success/exception mismatch between cpu and mps,stage4/results/torch-thesis-all-coverage/execution_results/torch.storage.np.asfortranarray.results.json
torch.storage.np.asfortranarray,valid_mutation,valid_mutation,valid,a,value_negzero,differential_mismatch,DifferentialMismatch,success/exception mismatch between cpu and mps,stage4/results/torch-thesis-all-coverage/execution_results/torch.storage.np.asfortranarray.results.json
torch.storage.np.asfortranarray,valid_mutation,valid_mutation,valid,a,value_posinf,differential_mismatch,DifferentialMismatch,success/exception mismatch between cpu and mps,stage4/results/torch-thesis-all-coverage/execution_results/torch.storage.np.asfortranarray.results.json
torch.storage.np.asfortranarray,valid_mutation,valid_mutation,valid,a,value_noise,differential_mismatch,DifferentialMismatch,success/exception mismatch between cpu and mps,stage4/results/torch-thesis-all-coverage/execution_results/torch.storage.np.asfortranarray.results.json
torch.storage.np.asfortranarray,valid_mutation,valid_mutation,valid,a,value_large_magnitude,differential_mismatch,DifferentialMismatch,success/exception mismatch between cpu and mps,stage4/results/torch-thesis-all-coverage/execution_results/torch.storage.np.asfortranarray.results.json
torch.storage.np.asfortranarray,negative_mutation,negative_mutation,negative,a,shape_shrink,negative_accepted_not_bug,,,stage4/results/torch-thesis-all-coverage/execution_results/torch.storage.np.asfortranarray.results.json
torch.storage.np.asfortranarray,negative_mutation,negative_mutation,negative,a,dtype_mutate,negative_accepted_not_bug,,,stage4/results/torch-thesis-all-coverage/execution_results/torch.storage.np.asfortranarray.results.json
torch.storage.np.base_repr,negative_mutation,negative_mutation,negative,number,type_widen,negative_accepted_not_bug,,,stage4/results/torch-thesis-all-coverage/execution_results/torch.storage.np.base_repr.results.json
torch.storage.np.block,negative_mutation,negative_mutation,negative,arrays,type_widen,negative_accepted_not_bug,,,stage4/results/torch-thesis-all-coverage/execution_results/torch.storage.np.block.results.json
torch.storage.np.broadcast_to,base_execution,base_valid,valid,,,differential_mismatch,DifferentialMismatch,success/exception mismatch between cpu and mps,stage4/results/torch-thesis-all-coverage/execution_results/torch.storage.np.broadcast_to.results.json
torch.storage.np.broadcast_to,valid_mutation,valid_mutation,valid,array,value_posinf,differential_mismatch,DifferentialMismatch,success/exception mismatch between cpu and mps,stage4/results/torch-thesis-all-coverage/execution_results/torch.storage.np.broadcast_to.results.json
torch.storage.np.broadcast_to,valid_mutation,valid_mutation,valid,array,value_mask,differential_mismatch,DifferentialMismatch,success/exception mismatch between cpu and mps,stage4/results/torch-thesis-all-coverage/execution_results/torch.storage.np.broadcast_to.results.json
torch.storage.np.broadcast_to,valid_mutation,valid_mutation,valid,array,value_neginf,differential_mismatch,DifferentialMismatch,success/exception mismatch between cpu and mps,stage4/results/torch-thesis-all-coverage/execution_results/torch.storage.np.broadcast_to.results.json
torch.storage.np.broadcast_to,valid_mutation,valid_mutation,valid,array,value_division,differential_mismatch,DifferentialMismatch,success/exception mismatch between cpu and mps,stage4/results/torch-thesis-all-coverage/execution_results/torch.storage.np.broadcast_to.results.json
torch.storage.np.broadcast_to,valid_mutation,valid_mutation,valid,array,value_nan,differential_mismatch,DifferentialMismatch,success/exception mismatch between cpu and mps,stage4/results/torch-thesis-all-coverage/execution_results/torch.storage.np.broadcast_to.results.json
torch.storage.np.broadcast_to,valid_mutation,valid_mutation,valid,array,value_negzero,differential_mismatch,DifferentialMismatch,success/exception mismatch between cpu and mps,stage4/results/torch-thesis-all-coverage/execution_results/torch.storage.np.broadcast_to.results.json
torch.storage.np.broadcast_to,valid_mutation,valid_mutation,valid,array,value_large_magnitude,differential_mismatch,DifferentialMismatch,success/exception mismatch between cpu and mps,stage4/results/torch-thesis-all-coverage/execution_results/torch.storage.np.broadcast_to.results.json
torch.storage.np.broadcast_to,valid_mutation,valid_mutation,valid,array,value_noise,differential_mismatch,DifferentialMismatch,success/exception mismatch between cpu and mps,stage4/results/torch-thesis-all-coverage/execution_results/torch.storage.np.broadcast_to.results.json
torch.storage.np.broadcast_to,negative_mutation,negative_mutation,negative,array,shape_expand,expected_negative_rejection,ValueError,"operands could not be broadcast together with remapped shapes [original->remapped]: (3,)  and requested shape (2,2)",stage4/results/torch-thesis-all-coverage/execution_results/torch.storage.np.broadcast_to.results.json
torch.storage.np.broadcast_to,negative_mutation,negative_mutation,negative,array,dtype_mutate,negative_accepted_not_bug,,,stage4/results/torch-thesis-all-coverage/execution_results/torch.storage.np.broadcast_to.results.json
torch.storage.np.broadcast_to,valid_mutation,valid_mutation,valid,shape,element_delta,differential_mismatch,DifferentialMismatch,success/exception mismatch between cpu and mps,stage4/results/torch-thesis-all-coverage/execution_results/torch.storage.np.broadcast_to.results.json
torch.storage.np.broadcast_to,valid_mutation,valid_mutation,valid,shape,structure_grow,differential_mismatch,DifferentialMismatch,success/exception mismatch between cpu and mps,stage4/results/torch-thesis-all-coverage/execution_results/torch.storage.np.broadcast_to.results.json
torch.storage.np.broadcast_to,negative_mutation,negative_mutation,negative,shape,structure_shrink,negative_accepted_not_bug,,,stage4/results/torch-thesis-all-coverage/execution_results/torch.storage.np.broadcast_to.results.json
torch.storage.np.clip,base_execution,base_valid,valid,,,differential_mismatch,DifferentialMismatch,success/exception mismatch between cpu and mps,stage4/results/torch-thesis-all-coverage/execution_results/torch.storage.np.clip.results.json
torch.storage.np.clip,valid_mutation,valid_mutation,valid,a,value_negzero,differential_mismatch,DifferentialMismatch,success/exception mismatch between cpu and mps,stage4/results/torch-thesis-all-coverage/execution_results/torch.storage.np.clip.results.json
torch.storage.np.clip,valid_mutation,valid_mutation,valid,a,value_neginf,differential_mismatch,DifferentialMismatch,success/exception mismatch between cpu and mps,stage4/results/torch-thesis-all-coverage/execution_results/torch.storage.np.clip.results.json
torch.storage.np.clip,valid_mutation,valid_mutation,valid,a,value_nan,differential_mismatch,DifferentialMismatch,success/exception mismatch between cpu and mps,stage4/results/torch-thesis-all-coverage/execution_results/torch.storage.np.clip.results.json
torch.storage.np.clip,valid_mutation,valid_mutation,valid,a,value_posinf,differential_mismatch,DifferentialMismatch,success/exception mismatch between cpu and mps,stage4/results/torch-thesis-all-coverage/execution_results/torch.storage.np.clip.results.json
torch.storage.np.clip,valid_mutation,valid_mutation,valid,a,value_large_magnitude,differential_mismatch,DifferentialMismatch,success/exception mismatch between cpu and mps,stage4/results/torch-thesis-all-coverage/execution_results/torch.storage.np.clip.results.json
torch.storage.np.clip,valid_mutation,valid_mutation,valid,a,enum_switch,differential_mismatch,DifferentialMismatch,success/exception mismatch between cpu and mps,stage4/results/torch-thesis-all-coverage/execution_results/torch.storage.np.clip.results.json
torch.storage.np.clip,negative_mutation,negative_mutation,negative,a,enum_invalid,negative_accepted_not_bug,,,stage4/results/torch-thesis-all-coverage/execution_results/torch.storage.np.clip.results.json
torch.storage.np.column_stack,negative_mutation,negative_mutation,negative,tup,structure_shrink,negative_accepted_not_bug,,,stage4/results/torch-thesis-all-coverage/execution_results/torch.storage.np.column_stack.results.json
torch.storage.np.compress,base_execution,base_valid,valid,,,differential_mismatch,DifferentialMismatch,success/exception mismatch between cpu and mps,stage4/results/torch-thesis-all-coverage/execution_results/torch.storage.np.compress.results.json
torch.storage.np.compress,valid_mutation,valid_mutation,valid,condition,value_negzero,differential_mismatch,DifferentialMismatch,success/exception mismatch between cpu and mps,stage4/results/torch-thesis-all-coverage/execution_results/torch.storage.np.compress.results.json
torch.storage.np.compress,valid_mutation,valid_mutation,valid,condition,value_noise,differential_mismatch,DifferentialMismatch,success/exception mismatch between cpu and mps,stage4/results/torch-thesis-all-coverage/execution_results/torch.storage.np.compress.results.json
torch.storage.np.compress,valid_mutation,valid_mutation,valid,condition,value_large_magnitude,differential_mismatch,DifferentialMismatch,success/exception mismatch between cpu and mps,stage4/results/torch-thesis-all-coverage/execution_results/torch.storage.np.compress.results.json
torch.storage.np.compress,valid_mutation,valid_mutation,valid,condition,value_mask,differential_mismatch,DifferentialMismatch,success/exception mismatch between cpu and mps,stage4/results/torch-thesis-all-coverage/execution_results/torch.storage.np.compress.results.json
torch.storage.np.compress,valid_mutation,valid_mutation,valid,condition,value_division,differential_mismatch,DifferentialMismatch,success/exception mismatch between cpu and mps,stage4/results/torch-thesis-all-coverage/execution_results/torch.storage.np.compress.results.json
torch.storage.np.compress,valid_mutation,valid_mutation,valid,condition,value_nan,differential_mismatch,DifferentialMismatch,success/exception mismatch between cpu and mps,stage4/results/torch-thesis-all-coverage/execution_results/torch.storage.np.compress.results.json
torch.storage.np.compress,valid_mutation,valid_mutation,valid,condition,value_neginf,differential_mismatch,DifferentialMismatch,success/exception mismatch between cpu and mps,stage4/results/torch-thesis-all-coverage/execution_results/torch.storage.np.compress.results.json
torch.storage.np.compress,valid_mutation,valid_mutation,valid,condition,value_posinf,differential_mismatch,DifferentialMismatch,success/exception mismatch between cpu and mps,stage4/results/torch-thesis-all-coverage/execution_results/torch.storage.np.compress.results.json
torch.storage.np.compress,negative_mutation,negative_mutation,negative,condition,shape_shrink,negative_accepted_not_bug,,,stage4/results/torch-thesis-all-coverage/execution_results/torch.storage.np.compress.results.json
torch.storage.np.compress,negative_mutation,negative_mutation,negative,condition,dtype_mutate,negative_accepted_not_bug,,,stage4/results/torch-thesis-all-coverage/execution_results/torch.storage.np.compress.results.json
torch.storage.np.compress,valid_mutation,valid_mutation,valid,a,value_neginf,differential_mismatch,DifferentialMismatch,success/exception mismatch between cpu and mps,stage4/results/torch-thesis-all-coverage/execution_results/torch.storage.np.compress.results.json
torch.storage.np.compress,valid_mutation,valid_mutation,valid,a,value_nan,differential_mismatch,DifferentialMismatch,success/exception mismatch between cpu and mps,stage4/results/torch-thesis-all-coverage/execution_results/torch.storage.np.compress.results.json
torch.storage.np.compress,valid_mutation,valid_mutation,valid,a,value_negzero,differential_mismatch,DifferentialMismatch,success/exception mismatch between cpu and mps,stage4/results/torch-thesis-all-coverage/execution_results/torch.storage.np.compress.results.json
torch.storage.np.compress,valid_mutation,valid_mutation,valid,a,value_noise,differential_mismatch,DifferentialMismatch,success/exception mismatch between cpu and mps,stage4/results/torch-thesis-all-coverage/execution_results/torch.storage.np.compress.results.json
torch.storage.np.compress,valid_mutation,valid_mutation,valid,a,value_large_magnitude,differential_mismatch,DifferentialMismatch,success/exception mismatch between cpu and mps,stage4/results/torch-thesis-all-coverage/execution_results/torch.storage.np.compress.results.json
torch.storage.np.compress,valid_mutation,valid_mutation,valid,a,value_mask,differential_mismatch,DifferentialMismatch,success/exception mismatch between cpu and mps,stage4/results/torch-thesis-all-coverage/execution_results/torch.storage.np.compress.results.json
torch.storage.np.compress,valid_mutation,valid_mutation,valid,a,value_posinf,differential_mismatch,DifferentialMismatch,success/exception mismatch between cpu and mps,stage4/results/torch-thesis-all-coverage/execution_results/torch.storage.np.compress.results.json
torch.storage.np.compress,valid_mutation,valid_mutation,valid,a,value_division,differential_mismatch,DifferentialMismatch,success/exception mismatch between cpu and mps,stage4/results/torch-thesis-all-coverage/execution_results/torch.storage.np.compress.results.json
torch.storage.np.compress,negative_mutation,negative_mutation,negative,a,shape_expand,negative_accepted_not_bug,,,stage4/results/torch-thesis-all-coverage/execution_results/torch.storage.np.compress.results.json
torch.storage.np.compress,negative_mutation,negative_mutation,negative,a,dtype_mutate,negative_accepted_not_bug,,,stage4/results/torch-thesis-all-coverage/execution_results/torch.storage.np.compress.results.json
torch.storage.np.core.arrayprint.array,negative_mutation,negative_mutation,negative,object,type_widen,negative_accepted_not_bug,,,stage4/results/torch-thesis-all-coverage/execution_results/torch.storage.np.core.arrayprint.array.results.json
torch.storage.np.core.arrayprint.format_float_positional,negative_mutation,negative_mutation,negative,x,type_widen,negative_accepted_not_bug,,,stage4/results/torch-thesis-all-coverage/execution_results/torch.storage.np.core.arrayprint.format_float_positional.results.json
torch.storage.np.core.arrayprint.format_float_scientific,negative_mutation,negative_mutation,negative,x,type_widen,negative_accepted_not_bug,,,stage4/results/torch-thesis-all-coverage/execution_results/torch.storage.np.core.arrayprint.format_float_scientific.results.json
torch.storage.np.core.defchararray.narray,negative_mutation,negative_mutation,negative,object,type_widen,negative_accepted_not_bug,,,stage4/results/torch-thesis-all-coverage/execution_results/torch.storage.np.core.defchararray.narray.results.json
torch.storage.np.core.fromnumeric.clip,negative_mutation,negative_mutation,negative,a,enum_invalid,negative_accepted_not_bug,,,stage4/results/torch-thesis-all-coverage/execution_results/torch.storage.np.core.fromnumeric.clip.results.json
torch.storage.np.core.fromnumeric.compress,negative_mutation,negative_mutation,negative,condition,shape_expand,expected_negative_rejection,IndexError,index 2 is out of bounds for axis 0 with size 2,stage4/results/torch-thesis-all-coverage/execution_results/torch.storage.np.core.fromnumeric.compress.results.json
torch.storage.np.core.fromnumeric.compress,negative_mutation,negative_mutation,negative,condition,dtype_mutate,negative_accepted_not_bug,,,stage4/results/torch-thesis-all-coverage/execution_results/torch.storage.np.core.fromnumeric.compress.results.json
torch.storage.np.core.fromnumeric.compress,negative_mutation,negative_mutation,negative,a,shape_expand,negative_accepted_not_bug,,,stage4/results/torch-thesis-all-coverage/execution_results/torch.storage.np.core.fromnumeric.compress.results.json
torch.storage.np.core.fromnumeric.compress,negative_mutation,negative_mutation,negative,a,dtype_mutate,negative_accepted_not_bug,,,stage4/results/torch-thesis-all-coverage/execution_results/torch.storage.np.core.fromnumeric.compress.results.json
torch.storage.np.core.fromnumeric.cumprod,base_execution,base_valid,valid,,,differential_mismatch,DifferentialMismatch,success/exception mismatch between cpu and mps,stage4/results/torch-thesis-all-coverage/execution_results/torch.storage.np.core.fromnumeric.cumprod.results.json
torch.storage.np.core.fromnumeric.cumprod,valid_mutation,valid_mutation,valid,a,value_nan,differential_mismatch,DifferentialMismatch,success/exception mismatch between cpu and mps,stage4/results/torch-thesis-all-coverage/execution_results/torch.storage.np.core.fromnumeric.cumprod.results.json
torch.storage.np.core.fromnumeric.cumprod,valid_mutation,valid_mutation,valid,a,value_large_magnitude,differential_mismatch,DifferentialMismatch,success/exception mismatch between cpu and mps,stage4/results/torch-thesis-all-coverage/execution_results/torch.storage.np.core.fromnumeric.cumprod.results.json
torch.storage.np.core.fromnumeric.cumprod,valid_mutation,valid_mutation,valid,a,value_neginf,differential_mismatch,DifferentialMismatch,success/exception mismatch between cpu and mps,stage4/results/torch-thesis-all-coverage/execution_results/torch.storage.np.core.fromnumeric.cumprod.results.json
torch.storage.np.core.fromnumeric.cumprod,valid_mutation,valid_mutation,valid,a,value_mask,differential_mismatch,DifferentialMismatch,success/exception mismatch between cpu and mps,stage4/results/torch-thesis-all-coverage/execution_results/torch.storage.np.core.fromnumeric.cumprod.results.json
torch.storage.np.core.fromnumeric.cumprod,valid_mutation,valid_mutation,valid,a,value_posinf,differential_mismatch,DifferentialMismatch,success/exception mismatch between cpu and mps,stage4/results/torch-thesis-all-coverage/execution_results/torch.storage.np.core.fromnumeric.cumprod.results.json
torch.storage.np.core.fromnumeric.cumprod,valid_mutation,valid_mutation,valid,a,value_negzero,differential_mismatch,DifferentialMismatch,success/exception mismatch between cpu and mps,stage4/results/torch-thesis-all-coverage/execution_results/torch.storage.np.core.fromnumeric.cumprod.results.json
torch.storage.np.core.fromnumeric.cumprod,valid_mutation,valid_mutation,valid,a,value_noise,differential_mismatch,DifferentialMismatch,success/exception mismatch between cpu and mps,stage4/results/torch-thesis-all-coverage/execution_results/torch.storage.np.core.fromnumeric.cumprod.results.json
torch.storage.np.core.fromnumeric.cumprod,valid_mutation,valid_mutation,valid,a,value_division,differential_mismatch,DifferentialMismatch,success/exception mismatch between cpu and mps,stage4/results/torch-thesis-all-coverage/execution_results/torch.storage.np.core.fromnumeric.cumprod.results.json
torch.storage.np.core.fromnumeric.cumprod,negative_mutation,negative_mutation,negative,a,shape_shrink,negative_accepted_not_bug,,,stage4/results/torch-thesis-all-coverage/execution_results/torch.storage.np.core.fromnumeric.cumprod.results.json
torch.storage.np.core.fromnumeric.cumprod,negative_mutation,negative_mutation,negative,a,dtype_mutate,negative_accepted_not_bug,,,stage4/results/torch-thesis-all-coverage/execution_results/torch.storage.np.core.fromnumeric.cumprod.results.json
torch.storage.np.core.fromnumeric.ndim,negative_mutation,negative_mutation,negative,a,shape_expand,negative_accepted_not_bug,,,stage4/results/torch-thesis-all-coverage/execution_results/torch.storage.np.core.fromnumeric.ndim.results.json
torch.storage.np.core.fromnumeric.ndim,negative_mutation,negative_mutation,negative,a,dtype_mutate,negative_accepted_not_bug,,,stage4/results/torch-thesis-all-coverage/execution_results/torch.storage.np.core.fromnumeric.ndim.results.json
torch.storage.np.core.fromnumeric.nonzero,negative_mutation,negative_mutation,negative,a,shape_expand,negative_accepted_not_bug,,,stage4/results/torch-thesis-all-coverage/execution_results/torch.storage.np.core.fromnumeric.nonzero.results.json
torch.storage.np.core.fromnumeric.nonzero,negative_mutation,negative_mutation,negative,a,dtype_mutate,negative_accepted_not_bug,,,stage4/results/torch-thesis-all-coverage/execution_results/torch.storage.np.core.fromnumeric.nonzero.results.json
torch.storage.np.core.fromnumeric.partition,base_execution,base_valid,valid,,,differential_mismatch,DifferentialMismatch,success/exception mismatch between cpu and mps,stage4/results/torch-thesis-all-coverage/execution_results/torch.storage.np.core.fromnumeric.partition.results.json
torch.storage.np.core.fromnumeric.partition,valid_mutation,valid_mutation,valid,a,value_neginf,differential_mismatch,DifferentialMismatch,success/exception mismatch between cpu and mps,stage4/results/torch-thesis-all-coverage/execution_results/torch.storage.np.core.fromnumeric.partition.results.json
torch.storage.np.core.fromnumeric.partition,valid_mutation,valid_mutation,valid,a,value_posinf,differential_mismatch,DifferentialMismatch,success/exception mismatch between cpu and mps,stage4/results/torch-thesis-all-coverage/execution_results/torch.storage.np.core.fromnumeric.partition.results.json
torch.storage.np.core.fromnumeric.partition,valid_mutation,valid_mutation,valid,a,value_noise,differential_mismatch,DifferentialMismatch,success/exception mismatch between cpu and mps,stage4/results/torch-thesis-all-coverage/execution_results/torch.storage.np.core.fromnumeric.partition.results.json
torch.storage.np.core.fromnumeric.partition,valid_mutation,valid_mutation,valid,a,value_mask,differential_mismatch,DifferentialMismatch,success/exception mismatch between cpu and mps,stage4/results/torch-thesis-all-coverage/execution_results/torch.storage.np.core.fromnumeric.partition.results.json
torch.storage.np.core.fromnumeric.partition,valid_mutation,valid_mutation,valid,a,value_nan,differential_mismatch,DifferentialMismatch,success/exception mismatch between cpu and mps,stage4/results/torch-thesis-all-coverage/execution_results/torch.storage.np.core.fromnumeric.partition.results.json
torch.storage.np.core.fromnumeric.partition,valid_mutation,valid_mutation,valid,a,value_negzero,differential_mismatch,DifferentialMismatch,success/exception mismatch between cpu and mps,stage4/results/torch-thesis-all-coverage/execution_results/torch.storage.np.core.fromnumeric.partition.results.json
torch.storage.np.core.fromnumeric.partition,valid_mutation,valid_mutation,valid,a,value_large_magnitude,differential_mismatch,DifferentialMismatch,success/exception mismatch between cpu and mps,stage4/results/torch-thesis-all-coverage/execution_results/torch.storage.np.core.fromnumeric.partition.results.json
torch.storage.np.core.fromnumeric.partition,valid_mutation,valid_mutation,valid,a,value_division,differential_mismatch,DifferentialMismatch,success/exception mismatch between cpu and mps,stage4/results/torch-thesis-all-coverage/execution_results/torch.storage.np.core.fromnumeric.partition.results.json
torch.storage.np.core.fromnumeric.partition,negative_mutation,negative_mutation,negative,a,shape_expand,negative_accepted_not_bug,,,stage4/results/torch-thesis-all-coverage/execution_results/torch.storage.np.core.fromnumeric.partition.results.json
torch.storage.np.core.fromnumeric.partition,negative_mutation,negative_mutation,negative,a,dtype_mutate,negative_accepted_not_bug,,,stage4/results/torch-thesis-all-coverage/execution_results/torch.storage.np.core.fromnumeric.partition.results.json
torch.storage.np.core.fromnumeric.partition,valid_mutation,valid_mutation,valid,kth,scalar_delta,differential_mismatch,DifferentialMismatch,success/exception mismatch between cpu and mps,stage4/results/torch-thesis-all-coverage/execution_results/torch.storage.np.core.fromnumeric.partition.results.json
torch.storage.np.core.fromnumeric.partition,valid_mutation,valid_mutation,valid,kth,value_large_magnitude,differential_mismatch,DifferentialMismatch,success/exception mismatch between cpu and mps,stage4/results/torch-thesis-all-coverage/execution_results/torch.storage.np.core.fromnumeric.partition.results.json
torch.storage.np.core.fromnumeric.partition,negative_mutation,negative_mutation,negative,kth,type_widen,expected_negative_rejection,TypeError,Partition index must be integer,stage4/results/torch-thesis-all-coverage/execution_results/torch.storage.np.core.fromnumeric.partition.results.json
torch.storage.np.core.fromnumeric.shape,negative_mutation,negative_mutation,negative,a,shape_shrink,negative_accepted_not_bug,,,stage4/results/torch-thesis-all-coverage/execution_results/torch.storage.np.core.fromnumeric.shape.results.json
torch.storage.np.core.fromnumeric.shape,negative_mutation,negative_mutation,negative,a,dtype_mutate,negative_accepted_not_bug,,,stage4/results/torch-thesis-all-coverage/execution_results/torch.storage.np.core.fromnumeric.shape.results.json
torch.storage.np.core.fromnumeric.sort,base_execution,base_valid,valid,,,differential_mismatch,DifferentialMismatch,success/exception mismatch between cpu and mps,stage4/results/torch-thesis-all-coverage/execution_results/torch.storage.np.core.fromnumeric.sort.results.json
torch.storage.np.core.fromnumeric.sort,valid_mutation,valid_mutation,valid,a,value_division,differential_mismatch,DifferentialMismatch,success/exception mismatch between cpu and mps,stage4/results/torch-thesis-all-coverage/execution_results/torch.storage.np.core.fromnumeric.sort.results.json
torch.storage.np.core.fromnumeric.sort,valid_mutation,valid_mutation,valid,a,value_mask,differential_mismatch,DifferentialMismatch,success/exception mismatch between cpu and mps,stage4/results/torch-thesis-all-coverage/execution_results/torch.storage.np.core.fromnumeric.sort.results.json
torch.storage.np.core.fromnumeric.sort,valid_mutation,valid_mutation,valid,a,value_posinf,differential_mismatch,DifferentialMismatch,success/exception mismatch between cpu and mps,stage4/results/torch-thesis-all-coverage/execution_results/torch.storage.np.core.fromnumeric.sort.results.json
torch.storage.np.core.fromnumeric.sort,valid_mutation,valid_mutation,valid,a,value_large_magnitude,differential_mismatch,DifferentialMismatch,success/exception mismatch between cpu and mps,stage4/results/torch-thesis-all-coverage/execution_results/torch.storage.np.core.fromnumeric.sort.results.json
torch.storage.np.core.fromnumeric.sort,valid_mutation,valid_mutation,valid,a,value_neginf,differential_mismatch,DifferentialMismatch,success/exception mismatch between cpu and mps,stage4/results/torch-thesis-all-coverage/execution_results/torch.storage.np.core.fromnumeric.sort.results.json
torch.storage.np.core.fromnumeric.sort,valid_mutation,valid_mutation,valid,a,value_nan,differential_mismatch,DifferentialMismatch,success/exception mismatch between cpu and mps,stage4/results/torch-thesis-all-coverage/execution_results/torch.storage.np.core.fromnumeric.sort.results.json
torch.storage.np.core.fromnumeric.sort,valid_mutation,valid_mutation,valid,a,value_noise,differential_mismatch,DifferentialMismatch,success/exception mismatch between cpu and mps,stage4/results/torch-thesis-all-coverage/execution_results/torch.storage.np.core.fromnumeric.sort.results.json
torch.storage.np.core.fromnumeric.sort,valid_mutation,valid_mutation,valid,a,value_negzero,differential_mismatch,DifferentialMismatch,success/exception mismatch between cpu and mps,stage4/results/torch-thesis-all-coverage/execution_results/torch.storage.np.core.fromnumeric.sort.results.json
torch.storage.np.core.fromnumeric.sort,negative_mutation,negative_mutation,negative,a,shape_shrink,negative_accepted_not_bug,,,stage4/results/torch-thesis-all-coverage/execution_results/torch.storage.np.core.fromnumeric.sort.results.json
torch.storage.np.core.fromnumeric.sort,negative_mutation,negative_mutation,negative,a,dtype_mutate,negative_accepted_not_bug,,,stage4/results/torch-thesis-all-coverage/execution_results/torch.storage.np.core.fromnumeric.sort.results.json
torch.storage.np.core.fromnumeric.transpose,base_execution,base_valid,valid,,,differential_mismatch,DifferentialMismatch,success/exception mismatch between cpu and mps,stage4/results/torch-thesis-all-coverage/execution_results/torch.storage.np.core.fromnumeric.transpose.results.json
torch.storage.np.core.fromnumeric.transpose,valid_mutation,valid_mutation,valid,a,value_negzero,differential_mismatch,DifferentialMismatch,success/exception mismatch between cpu and mps,stage4/results/torch-thesis-all-coverage/execution_results/torch.storage.np.core.fromnumeric.transpose.results.json
torch.storage.np.core.fromnumeric.transpose,valid_mutation,valid_mutation,valid,a,value_noise,differential_mismatch,DifferentialMismatch,success/exception mismatch between cpu and mps,stage4/results/torch-thesis-all-coverage/execution_results/torch.storage.np.core.fromnumeric.transpose.results.json
torch.storage.np.core.fromnumeric.transpose,valid_mutation,valid_mutation,valid,a,value_neginf,differential_mismatch,DifferentialMismatch,success/exception mismatch between cpu and mps,stage4/results/torch-thesis-all-coverage/execution_results/torch.storage.np.core.fromnumeric.transpose.results.json
torch.storage.np.core.fromnumeric.transpose,valid_mutation,valid_mutation,valid,a,value_nan,differential_mismatch,DifferentialMismatch,success/exception mismatch between cpu and mps,stage4/results/torch-thesis-all-coverage/execution_results/torch.storage.np.core.fromnumeric.transpose.results.json
torch.storage.np.core.fromnumeric.transpose,valid_mutation,valid_mutation,valid,a,value_mask,differential_mismatch,DifferentialMismatch,success/exception mismatch between cpu and mps,stage4/results/torch-thesis-all-coverage/execution_results/torch.storage.np.core.fromnumeric.transpose.results.json
torch.storage.np.core.fromnumeric.transpose,valid_mutation,valid_mutation,valid,a,value_division,differential_mismatch,DifferentialMismatch,success/exception mismatch between cpu and mps,stage4/results/torch-thesis-all-coverage/execution_results/torch.storage.np.core.fromnumeric.transpose.results.json
torch.storage.np.core.fromnumeric.transpose,valid_mutation,valid_mutation,valid,a,value_large_magnitude,differential_mismatch,DifferentialMismatch,success/exception mismatch between cpu and mps,stage4/results/torch-thesis-all-coverage/execution_results/torch.storage.np.core.fromnumeric.transpose.results.json
torch.storage.np.core.fromnumeric.transpose,valid_mutation,valid_mutation,valid,a,value_posinf,differential_mismatch,DifferentialMismatch,success/exception mismatch between cpu and mps,stage4/results/torch-thesis-all-coverage/execution_results/torch.storage.np.core.fromnumeric.transpose.results.json
torch.storage.np.core.fromnumeric.transpose,negative_mutation,negative_mutation,negative,a,shape_expand,negative_accepted_not_bug,,,stage4/results/torch-thesis-all-coverage/execution_results/torch.storage.np.core.fromnumeric.transpose.results.json
torch.storage.np.core.fromnumeric.transpose,negative_mutation,negative_mutation,negative,a,dtype_mutate,negative_accepted_not_bug,,,stage4/results/torch-thesis-all-coverage/execution_results/torch.storage.np.core.fromnumeric.transpose.results.json
torch.storage.np.core.function_base.geomspace,negative_mutation,negative_mutation,negative,start,structure_shrink,negative_accepted_not_bug,,,stage4/results/torch-thesis-all-coverage/execution_results/torch.storage.np.core.function_base.geomspace.results.json
torch.storage.np.core.function_base.geomspace,negative_mutation,negative_mutation,negative,stop,enum_invalid,negative_accepted_not_bug,,,stage4/results/torch-thesis-all-coverage/execution_results/torch.storage.np.core.function_base.geomspace.results.json
torch.storage.np.core.function_base.logspace,negative_mutation,negative_mutation,negative,start,structure_shrink,negative_accepted_not_bug,,,stage4/results/torch-thesis-all-coverage/execution_results/torch.storage.np.core.function_base.logspace.results.json
torch.storage.np.core.function_base.logspace,negative_mutation,negative_mutation,negative,stop,enum_invalid,negative_accepted_not_bug,,,stage4/results/torch-thesis-all-coverage/execution_results/torch.storage.np.core.function_base.logspace.results.json
torch.storage.np.core.function_base.ndim,negative_mutation,negative_mutation,negative,a,shape_shrink,negative_accepted_not_bug,,,stage4/results/torch-thesis-all-coverage/execution_results/torch.storage.np.core.function_base.ndim.results.json
torch.storage.np.core.function_base.ndim,negative_mutation,negative_mutation,negative,a,dtype_mutate,negative_accepted_not_bug,,,stage4/results/torch-thesis-all-coverage/execution_results/torch.storage.np.core.function_base.ndim.results.json
torch.storage.np.core.multiarray.array,negative_mutation,negative_mutation,negative,object,type_widen,negative_accepted_not_bug,,,stage4/results/torch-thesis-all-coverage/execution_results/torch.storage.np.core.multiarray.array.results.json
torch.storage.np.core.multiarray.asfortranarray,base_execution,base_valid,valid,,,differential_mismatch,DifferentialMismatch,success/exception mismatch between cpu and mps,stage4/results/torch-thesis-all-coverage/execution_results/torch.storage.np.core.multiarray.asfortranarray.results.json
torch.storage.np.core.multiarray.asfortranarray,valid_mutation,valid_mutation,valid,a,value_nan,differential_mismatch,DifferentialMismatch,success/exception mismatch between cpu and mps,stage4/results/torch-thesis-all-coverage/execution_results/torch.storage.np.core.multiarray.asfortranarray.results.json
torch.storage.np.core.multiarray.asfortranarray,valid_mutation,valid_mutation,valid,a,value_posinf,differential_mismatch,DifferentialMismatch,success/exception mismatch between cpu and mps,stage4/results/torch-thesis-all-coverage/execution_results/torch.storage.np.core.multiarray.asfortranarray.results.json
torch.storage.np.core.multiarray.asfortranarray,valid_mutation,valid_mutation,valid,a,value_mask,differential_mismatch,DifferentialMismatch,success/exception mismatch between cpu and mps,stage4/results/torch-thesis-all-coverage/execution_results/torch.storage.np.core.multiarray.asfortranarray.results.json
torch.storage.np.core.multiarray.asfortranarray,valid_mutation,valid_mutation,valid,a,value_neginf,differential_mismatch,DifferentialMismatch,success/exception mismatch between cpu and mps,stage4/results/torch-thesis-all-coverage/execution_results/torch.storage.np.core.multiarray.asfortranarray.results.json
torch.storage.np.core.multiarray.asfortranarray,valid_mutation,valid_mutation,valid,a,value_large_magnitude,differential_mismatch,DifferentialMismatch,success/exception mismatch between cpu and mps,stage4/results/torch-thesis-all-coverage/execution_results/torch.storage.np.core.multiarray.asfortranarray.results.json
torch.storage.np.core.multiarray.asfortranarray,valid_mutation,valid_mutation,valid,a,value_noise,differential_mismatch,DifferentialMismatch,success/exception mismatch between cpu and mps,stage4/results/torch-thesis-all-coverage/execution_results/torch.storage.np.core.multiarray.asfortranarray.results.json
torch.storage.np.core.multiarray.asfortranarray,valid_mutation,valid_mutation,valid,a,value_negzero,differential_mismatch,DifferentialMismatch,success/exception mismatch between cpu and mps,stage4/results/torch-thesis-all-coverage/execution_results/torch.storage.np.core.multiarray.asfortranarray.results.json
torch.storage.np.core.multiarray.asfortranarray,valid_mutation,valid_mutation,valid,a,value_division,differential_mismatch,DifferentialMismatch,success/exception mismatch between cpu and mps,stage4/results/torch-thesis-all-coverage/execution_results/torch.storage.np.core.multiarray.asfortranarray.results.json
torch.storage.np.core.multiarray.asfortranarray,negative_mutation,negative_mutation,negative,a,shape_expand,negative_accepted_not_bug,,,stage4/results/torch-thesis-all-coverage/execution_results/torch.storage.np.core.multiarray.asfortranarray.results.json
torch.storage.np.core.multiarray.asfortranarray,negative_mutation,negative_mutation,negative,a,dtype_mutate,negative_accepted_not_bug,,,stage4/results/torch-thesis-all-coverage/execution_results/torch.storage.np.core.multiarray.asfortranarray.results.json
torch.storage.np.core.multiarray.empty,negative_mutation,negative_mutation,negative,shape,structure_shrink,negative_accepted_not_bug,,,stage4/results/torch-thesis-all-coverage/execution_results/torch.storage.np.core.multiarray.empty.results.json
torch.storage.np.core.multiarray.empty_like,base_execution,base_valid,valid,,,differential_mismatch,DifferentialMismatch,success/exception mismatch between cpu and mps,stage4/results/torch-thesis-all-coverage/execution_results/torch.storage.np.core.multiarray.empty_like.results.json
torch.storage.np.core.multiarray.empty_like,valid_mutation,valid_mutation,valid,prototype,value_negzero,differential_mismatch,DifferentialMismatch,success/exception mismatch between cpu and mps,stage4/results/torch-thesis-all-coverage/execution_results/torch.storage.np.core.multiarray.empty_like.results.json
torch.storage.np.core.multiarray.empty_like,valid_mutation,valid_mutation,valid,prototype,value_division,differential_mismatch,DifferentialMismatch,success/exception mismatch between cpu and mps,stage4/results/torch-thesis-all-coverage/execution_results/torch.storage.np.core.multiarray.empty_like.results.json
torch.storage.np.core.multiarray.empty_like,valid_mutation,valid_mutation,valid,prototype,value_nan,differential_mismatch,DifferentialMismatch,success/exception mismatch between cpu and mps,stage4/results/torch-thesis-all-coverage/execution_results/torch.storage.np.core.multiarray.empty_like.results.json
torch.storage.np.core.multiarray.empty_like,valid_mutation,valid_mutation,valid,prototype,value_posinf,differential_mismatch,DifferentialMismatch,success/exception mismatch between cpu and mps,stage4/results/torch-thesis-all-coverage/execution_results/torch.storage.np.core.multiarray.empty_like.results.json
torch.storage.np.core.multiarray.empty_like,valid_mutation,valid_mutation,valid,prototype,value_noise,differential_mismatch,DifferentialMismatch,success/exception mismatch between cpu and mps,stage4/results/torch-thesis-all-coverage/execution_results/torch.storage.np.core.multiarray.empty_like.results.json
torch.storage.np.core.multiarray.empty_like,valid_mutation,valid_mutation,valid,prototype,value_neginf,differential_mismatch,DifferentialMismatch,success/exception mismatch between cpu and mps,stage4/results/torch-thesis-all-coverage/execution_results/torch.storage.np.core.multiarray.empty_like.results.json
torch.storage.np.core.multiarray.empty_like,valid_mutation,valid_mutation,valid,prototype,value_mask,differential_mismatch,DifferentialMismatch,success/exception mismatch between cpu and mps,stage4/results/torch-thesis-all-coverage/execution_results/torch.storage.np.core.multiarray.empty_like.results.json
torch.storage.np.core.multiarray.empty_like,valid_mutation,valid_mutation,valid,prototype,value_large_magnitude,differential_mismatch,DifferentialMismatch,success/exception mismatch between cpu and mps,stage4/results/torch-thesis-all-coverage/execution_results/torch.storage.np.core.multiarray.empty_like.results.json
torch.storage.np.core.multiarray.empty_like,negative_mutation,negative_mutation,negative,prototype,shape_shrink,negative_accepted_not_bug,,,stage4/results/torch-thesis-all-coverage/execution_results/torch.storage.np.core.multiarray.empty_like.results.json
torch.storage.np.core.multiarray.empty_like,negative_mutation,negative_mutation,negative,prototype,dtype_mutate,negative_accepted_not_bug,,,stage4/results/torch-thesis-all-coverage/execution_results/torch.storage.np.core.multiarray.empty_like.results.json
torch.storage.np.core.multiarray.zeros,negative_mutation,negative_mutation,negative,shape,structure_shrink,negative_accepted_not_bug,,,stage4/results/torch-thesis-all-coverage/execution_results/torch.storage.np.core.multiarray.zeros.results.json
torch.storage.np.core.numeric.array,negative_mutation,negative_mutation,negative,object,type_widen,negative_accepted_not_bug,,,stage4/results/torch-thesis-all-coverage/execution_results/torch.storage.np.core.numeric.array.results.json
torch.storage.np.core.numeric.asfortranarray,base_execution,base_valid,valid,,,differential_mismatch,DifferentialMismatch,success/exception mismatch between cpu and mps,stage4/results/torch-thesis-all-coverage/execution_results/torch.storage.np.core.numeric.asfortranarray.results.json
torch.storage.np.core.numeric.asfortranarray,valid_mutation,valid_mutation,valid,a,value_division,differential_mismatch,DifferentialMismatch,success/exception mismatch between cpu and mps,stage4/results/torch-thesis-all-coverage/execution_results/torch.storage.np.core.numeric.asfortranarray.results.json
torch.storage.np.core.numeric.asfortranarray,valid_mutation,valid_mutation,valid,a,value_mask,differential_mismatch,DifferentialMismatch,success/exception mismatch between cpu and mps,stage4/results/torch-thesis-all-coverage/execution_results/torch.storage.np.core.numeric.asfortranarray.results.json
torch.storage.np.core.numeric.asfortranarray,valid_mutation,valid_mutation,valid,a,value_large_magnitude,differential_mismatch,DifferentialMismatch,success/exception mismatch between cpu and mps,stage4/results/torch-thesis-all-coverage/execution_results/torch.storage.np.core.numeric.asfortranarray.results.json
torch.storage.np.core.numeric.asfortranarray,valid_mutation,valid_mutation,valid,a,value_neginf,differential_mismatch,DifferentialMismatch,success/exception mismatch between cpu and mps,stage4/results/torch-thesis-all-coverage/execution_results/torch.storage.np.core.numeric.asfortranarray.results.json
torch.storage.np.core.numeric.asfortranarray,valid_mutation,valid_mutation,valid,a,value_nan,differential_mismatch,DifferentialMismatch,success/exception mismatch between cpu and mps,stage4/results/torch-thesis-all-coverage/execution_results/torch.storage.np.core.numeric.asfortranarray.results.json
torch.storage.np.core.numeric.asfortranarray,valid_mutation,valid_mutation,valid,a,value_posinf,differential_mismatch,DifferentialMismatch,success/exception mismatch between cpu and mps,stage4/results/torch-thesis-all-coverage/execution_results/torch.storage.np.core.numeric.asfortranarray.results.json
torch.storage.np.core.numeric.asfortranarray,valid_mutation,valid_mutation,valid,a,value_noise,differential_mismatch,DifferentialMismatch,success/exception mismatch between cpu and mps,stage4/results/torch-thesis-all-coverage/execution_results/torch.storage.np.core.numeric.asfortranarray.results.json
torch.storage.np.core.numeric.asfortranarray,valid_mutation,valid_mutation,valid,a,value_negzero,differential_mismatch,DifferentialMismatch,success/exception mismatch between cpu and mps,stage4/results/torch-thesis-all-coverage/execution_results/torch.storage.np.core.numeric.asfortranarray.results.json
torch.storage.np.core.numeric.asfortranarray,negative_mutation,negative_mutation,negative,a,shape_shrink,negative_accepted_not_bug,,,stage4/results/torch-thesis-all-coverage/execution_results/torch.storage.np.core.numeric.asfortranarray.results.json
torch.storage.np.core.numeric.asfortranarray,negative_mutation,negative_mutation,negative,a,dtype_mutate,negative_accepted_not_bug,,,stage4/results/torch-thesis-all-coverage/execution_results/torch.storage.np.core.numeric.asfortranarray.results.json
torch.storage.np.core.numeric.base_repr,negative_mutation,negative_mutation,negative,number,type_widen,negative_accepted_not_bug,,,stage4/results/torch-thesis-all-coverage/execution_results/torch.storage.np.core.numeric.base_repr.results.json
torch.storage.np.core.numeric.clip,base_execution,base_valid,valid,,,differential_mismatch,DifferentialMismatch,success/exception mismatch between cpu and mps,stage4/results/torch-thesis-all-coverage/execution_results/torch.storage.np.core.numeric.clip.results.json
torch.storage.np.core.numeric.clip,valid_mutation,valid_mutation,valid,a,value_nan,differential_mismatch,DifferentialMismatch,success/exception mismatch between cpu and mps,stage4/results/torch-thesis-all-coverage/execution_results/torch.storage.np.core.numeric.clip.results.json
torch.storage.np.core.numeric.clip,valid_mutation,valid_mutation,valid,a,value_posinf,differential_mismatch,DifferentialMismatch,success/exception mismatch between cpu and mps,stage4/results/torch-thesis-all-coverage/execution_results/torch.storage.np.core.numeric.clip.results.json
torch.storage.np.core.numeric.clip,valid_mutation,valid_mutation,valid,a,value_neginf,differential_mismatch,DifferentialMismatch,success/exception mismatch between cpu and mps,stage4/results/torch-thesis-all-coverage/execution_results/torch.storage.np.core.numeric.clip.results.json
torch.storage.np.core.numeric.clip,valid_mutation,valid_mutation,valid,a,value_large_magnitude,differential_mismatch,DifferentialMismatch,success/exception mismatch between cpu and mps,stage4/results/torch-thesis-all-coverage/execution_results/torch.storage.np.core.numeric.clip.results.json
torch.storage.np.core.numeric.clip,valid_mutation,valid_mutation,valid,a,value_negzero,differential_mismatch,DifferentialMismatch,success/exception mismatch between cpu and mps,stage4/results/torch-thesis-all-coverage/execution_results/torch.storage.np.core.numeric.clip.results.json
torch.storage.np.core.numeric.clip,valid_mutation,valid_mutation,valid,a,enum_switch,differential_mismatch,DifferentialMismatch,success/exception mismatch between cpu and mps,stage4/results/torch-thesis-all-coverage/execution_results/torch.storage.np.core.numeric.clip.results.json
torch.storage.np.core.numeric.clip,negative_mutation,negative_mutation,negative,a,enum_invalid,negative_accepted_not_bug,,,stage4/results/torch-thesis-all-coverage/execution_results/torch.storage.np.core.numeric.clip.results.json
torch.storage.np.core.numeric.compress,base_execution,base_valid,valid,,,differential_mismatch,DifferentialMismatch,success/exception mismatch between cpu and mps,stage4/results/torch-thesis-all-coverage/execution_results/torch.storage.np.core.numeric.compress.results.json
torch.storage.np.core.numeric.compress,valid_mutation,valid_mutation,valid,condition,value_mask,differential_mismatch,DifferentialMismatch,success/exception mismatch between cpu and mps,stage4/results/torch-thesis-all-coverage/execution_results/torch.storage.np.core.numeric.compress.results.json
torch.storage.np.core.numeric.compress,valid_mutation,valid_mutation,valid,condition,value_neginf,differential_mismatch,DifferentialMismatch,success/exception mismatch between cpu and mps,stage4/results/torch-thesis-all-coverage/execution_results/torch.storage.np.core.numeric.compress.results.json
torch.storage.np.core.numeric.compress,valid_mutation,valid_mutation,valid,condition,value_negzero,differential_mismatch,DifferentialMismatch,success/exception mismatch between cpu and mps,stage4/results/torch-thesis-all-coverage/execution_results/torch.storage.np.core.numeric.compress.results.json
torch.storage.np.core.numeric.compress,valid_mutation,valid_mutation,valid,condition,value_large_magnitude,differential_mismatch,DifferentialMismatch,success/exception mismatch between cpu and mps,stage4/results/torch-thesis-all-coverage/execution_results/torch.storage.np.core.numeric.compress.results.json
torch.storage.np.core.numeric.compress,valid_mutation,valid_mutation,valid,condition,value_posinf,differential_mismatch,DifferentialMismatch,success/exception mismatch between cpu and mps,stage4/results/torch-thesis-all-coverage/execution_results/torch.storage.np.core.numeric.compress.results.json
torch.storage.np.core.numeric.compress,valid_mutation,valid_mutation,valid,condition,value_nan,differential_mismatch,DifferentialMismatch,success/exception mismatch between cpu and mps,stage4/results/torch-thesis-all-coverage/execution_results/torch.storage.np.core.numeric.compress.results.json
torch.storage.np.core.numeric.compress,valid_mutation,valid_mutation,valid,condition,value_division,differential_mismatch,DifferentialMismatch,success/exception mismatch between cpu and mps,stage4/results/torch-thesis-all-coverage/execution_results/torch.storage.np.core.numeric.compress.results.json
torch.storage.np.core.numeric.compress,valid_mutation,valid_mutation,valid,condition,value_noise,differential_mismatch,DifferentialMismatch,success/exception mismatch between cpu and mps,stage4/results/torch-thesis-all-coverage/execution_results/torch.storage.np.core.numeric.compress.results.json
torch.storage.np.core.numeric.compress,negative_mutation,negative_mutation,negative,condition,shape_shrink,negative_accepted_not_bug,,,stage4/results/torch-thesis-all-coverage/execution_results/torch.storage.np.core.numeric.compress.results.json
torch.storage.np.core.numeric.compress,negative_mutation,negative_mutation,negative,condition,dtype_mutate,negative_accepted_not_bug,,,stage4/results/torch-thesis-all-coverage/execution_results/torch.storage.np.core.numeric.compress.results.json
torch.storage.np.core.numeric.compress,valid_mutation,valid_mutation,valid,a,value_mask,differential_mismatch,DifferentialMismatch,success/exception mismatch between cpu and mps,stage4/results/torch-thesis-all-coverage/execution_results/torch.storage.np.core.numeric.compress.results.json
torch.storage.np.core.numeric.compress,valid_mutation,valid_mutation,valid,a,value_neginf,differential_mismatch,DifferentialMismatch,success/exception mismatch between cpu and mps,stage4/results/torch-thesis-all-coverage/execution_results/torch.storage.np.core.numeric.compress.results.json
torch.storage.np.core.numeric.compress,valid_mutation,valid_mutation,valid,a,value_negzero,differential_mismatch,DifferentialMismatch,success/exception mismatch between cpu and mps,stage4/results/torch-thesis-all-coverage/execution_results/torch.storage.np.core.numeric.compress.results.json
torch.storage.np.core.numeric.compress,valid_mutation,valid_mutation,valid,a,value_posinf,differential_mismatch,DifferentialMismatch,success/exception mismatch between cpu and mps,stage4/results/torch-thesis-all-coverage/execution_results/torch.storage.np.core.numeric.compress.results.json
torch.storage.np.core.numeric.compress,valid_mutation,valid_mutation,valid,a,value_division,differential_mismatch,DifferentialMismatch,success/exception mismatch between cpu and mps,stage4/results/torch-thesis-all-coverage/execution_results/torch.storage.np.core.numeric.compress.results.json
torch.storage.np.core.numeric.compress,valid_mutation,valid_mutation,valid,a,value_noise,differential_mismatch,DifferentialMismatch,success/exception mismatch between cpu and mps,stage4/results/torch-thesis-all-coverage/execution_results/torch.storage.np.core.numeric.compress.results.json
torch.storage.np.core.numeric.compress,valid_mutation,valid_mutation,valid,a,value_large_magnitude,differential_mismatch,DifferentialMismatch,success/exception mismatch between cpu and mps,stage4/results/torch-thesis-all-coverage/execution_results/torch.storage.np.core.numeric.compress.results.json
torch.storage.np.core.numeric.compress,valid_mutation,valid_mutation,valid,a,value_nan,differential_mismatch,DifferentialMismatch,success/exception mismatch between cpu and mps,stage4/results/torch-thesis-all-coverage/execution_results/torch.storage.np.core.numeric.compress.results.json
torch.storage.np.core.numeric.compress,negative_mutation,negative_mutation,negative,a,shape_expand,negative_accepted_not_bug,,,stage4/results/torch-thesis-all-coverage/execution_results/torch.storage.np.core.numeric.compress.results.json
torch.storage.np.core.numeric.compress,negative_mutation,negative_mutation,negative,a,dtype_mutate,negative_accepted_not_bug,,,stage4/results/torch-thesis-all-coverage/execution_results/torch.storage.np.core.numeric.compress.results.json
torch.storage.np.core.numeric.count_nonzero,base_execution,base_valid,valid,,,differential_mismatch,DifferentialMismatch,success/exception mismatch between cpu and mps,stage4/results/torch-thesis-all-coverage/execution_results/torch.storage.np.core.numeric.count_nonzero.results.json
torch.storage.np.core.numeric.count_nonzero,valid_mutation,valid_mutation,valid,a,value_nan,differential_mismatch,DifferentialMismatch,success/exception mismatch between cpu and mps,stage4/results/torch-thesis-all-coverage/execution_results/torch.storage.np.core.numeric.count_nonzero.results.json
torch.storage.np.core.numeric.count_nonzero,valid_mutation,valid_mutation,valid,a,value_noise,differential_mismatch,DifferentialMismatch,success/exception mismatch between cpu and mps,stage4/results/torch-thesis-all-coverage/execution_results/torch.storage.np.core.numeric.count_nonzero.results.json
torch.storage.np.core.numeric.count_nonzero,valid_mutation,valid_mutation,valid,a,value_posinf,differential_mismatch,DifferentialMismatch,success/exception mismatch between cpu and mps,stage4/results/torch-thesis-all-coverage/execution_results/torch.storage.np.core.numeric.count_nonzero.results.json
torch.storage.np.core.numeric.count_nonzero,valid_mutation,valid_mutation,valid,a,value_neginf,differential_mismatch,DifferentialMismatch,success/exception mismatch between cpu and mps,stage4/results/torch-thesis-all-coverage/execution_results/torch.storage.np.core.numeric.count_nonzero.results.json
torch.storage.np.core.numeric.count_nonzero,valid_mutation,valid_mutation,valid,a,value_large_magnitude,differential_mismatch,DifferentialMismatch,success/exception mismatch between cpu and mps,stage4/results/torch-thesis-all-coverage/execution_results/torch.storage.np.core.numeric.count_nonzero.results.json
torch.storage.np.core.numeric.count_nonzero,valid_mutation,valid_mutation,valid,a,value_negzero,differential_mismatch,DifferentialMismatch,success/exception mismatch between cpu and mps,stage4/results/torch-thesis-all-coverage/execution_results/torch.storage.np.core.numeric.count_nonzero.results.json
torch.storage.np.core.numeric.count_nonzero,valid_mutation,valid_mutation,valid,a,value_mask,differential_mismatch,DifferentialMismatch,success/exception mismatch between cpu and mps,stage4/results/torch-thesis-all-coverage/execution_results/torch.storage.np.core.numeric.count_nonzero.results.json
torch.storage.np.core.numeric.count_nonzero,valid_mutation,valid_mutation,valid,a,value_division,differential_mismatch,DifferentialMismatch,success/exception mismatch between cpu and mps,stage4/results/torch-thesis-all-coverage/execution_results/torch.storage.np.core.numeric.count_nonzero.results.json
torch.storage.np.core.numeric.count_nonzero,negative_mutation,negative_mutation,negative,a,shape_expand,negative_accepted_not_bug,,,stage4/results/torch-thesis-all-coverage/execution_results/torch.storage.np.core.numeric.count_nonzero.results.json
torch.storage.np.core.numeric.count_nonzero,negative_mutation,negative_mutation,negative,a,dtype_mutate,negative_accepted_not_bug,,,stage4/results/torch-thesis-all-coverage/execution_results/torch.storage.np.core.numeric.count_nonzero.results.json
torch.storage.np.core.numeric.cumprod,base_execution,base_valid,valid,,,differential_mismatch,DifferentialMismatch,success/exception mismatch between cpu and mps,stage4/results/torch-thesis-all-coverage/execution_results/torch.storage.np.core.numeric.cumprod.results.json
torch.storage.np.core.numeric.cumprod,valid_mutation,valid_mutation,valid,a,value_noise,differential_mismatch,DifferentialMismatch,success/exception mismatch between cpu and mps,stage4/results/torch-thesis-all-coverage/execution_results/torch.storage.np.core.numeric.cumprod.results.json
torch.storage.np.core.numeric.cumprod,valid_mutation,valid_mutation,valid,a,value_negzero,differential_mismatch,DifferentialMismatch,success/exception mismatch between cpu and mps,stage4/results/torch-thesis-all-coverage/execution_results/torch.storage.np.core.numeric.cumprod.results.json
torch.storage.np.core.numeric.cumprod,valid_mutation,valid_mutation,valid,a,value_mask,differential_mismatch,DifferentialMismatch,success/exception mismatch between cpu and mps,stage4/results/torch-thesis-all-coverage/execution_results/torch.storage.np.core.numeric.cumprod.results.json
torch.storage.np.core.numeric.cumprod,valid_mutation,valid_mutation,valid,a,value_posinf,differential_mismatch,DifferentialMismatch,success/exception mismatch between cpu and mps,stage4/results/torch-thesis-all-coverage/execution_results/torch.storage.np.core.numeric.cumprod.results.json
torch.storage.np.core.numeric.cumprod,valid_mutation,valid_mutation,valid,a,value_division,differential_mismatch,DifferentialMismatch,success/exception mismatch between cpu and mps,stage4/results/torch-thesis-all-coverage/execution_results/torch.storage.np.core.numeric.cumprod.results.json
torch.storage.np.core.numeric.cumprod,valid_mutation,valid_mutation,valid,a,value_large_magnitude,differential_mismatch,DifferentialMismatch,success/exception mismatch between cpu and mps,stage4/results/torch-thesis-all-coverage/execution_results/torch.storage.np.core.numeric.cumprod.results.json
torch.storage.np.core.numeric.cumprod,valid_mutation,valid_mutation,valid,a,value_neginf,differential_mismatch,DifferentialMismatch,success/exception mismatch between cpu and mps,stage4/results/torch-thesis-all-coverage/execution_results/torch.storage.np.core.numeric.cumprod.results.json
torch.storage.np.core.numeric.cumprod,valid_mutation,valid_mutation,valid,a,value_nan,differential_mismatch,DifferentialMismatch,success/exception mismatch between cpu and mps,stage4/results/torch-thesis-all-coverage/execution_results/torch.storage.np.core.numeric.cumprod.results.json
torch.storage.np.core.numeric.cumprod,negative_mutation,negative_mutation,negative,a,shape_shrink,negative_accepted_not_bug,,,stage4/results/torch-thesis-all-coverage/execution_results/torch.storage.np.core.numeric.cumprod.results.json
torch.storage.np.core.numeric.cumprod,negative_mutation,negative_mutation,negative,a,dtype_mutate,negative_accepted_not_bug,,,stage4/results/torch-thesis-all-coverage/execution_results/torch.storage.np.core.numeric.cumprod.results.json
torch.storage.np.core.numeric.empty,negative_mutation,negative_mutation,negative,shape,structure_shrink,negative_accepted_not_bug,,,stage4/results/torch-thesis-all-coverage/execution_results/torch.storage.np.core.numeric.empty.results.json
torch.storage.np.core.numeric.empty_like,base_execution,base_valid,valid,,,differential_mismatch,DifferentialMismatch,success/exception mismatch between cpu and mps,stage4/results/torch-thesis-all-coverage/execution_results/torch.storage.np.core.numeric.empty_like.results.json
torch.storage.np.core.numeric.empty_like,valid_mutation,valid_mutation,valid,prototype,value_negzero,differential_mismatch,DifferentialMismatch,success/exception mismatch between cpu and mps,stage4/results/torch-thesis-all-coverage/execution_results/torch.storage.np.core.numeric.empty_like.results.json
torch.storage.np.core.numeric.empty_like,valid_mutation,valid_mutation,valid,prototype,value_noise,differential_mismatch,DifferentialMismatch,success/exception mismatch between cpu and mps,stage4/results/torch-thesis-all-coverage/execution_results/torch.storage.np.core.numeric.empty_like.results.json
torch.storage.np.core.numeric.empty_like,valid_mutation,valid_mutation,valid,prototype,value_large_magnitude,differential_mismatch,DifferentialMismatch,success/exception mismatch between cpu and mps,stage4/results/torch-thesis-all-coverage/execution_results/torch.storage.np.core.numeric.empty_like.results.json
torch.storage.np.core.numeric.empty_like,valid_mutation,valid_mutation,valid,prototype,value_division,differential_mismatch,DifferentialMismatch,success/exception mismatch between cpu and mps,stage4/results/torch-thesis-all-coverage/execution_results/torch.storage.np.core.numeric.empty_like.results.json
torch.storage.np.core.numeric.empty_like,valid_mutation,valid_mutation,valid,prototype,value_neginf,differential_mismatch,DifferentialMismatch,success/exception mismatch between cpu and mps,stage4/results/torch-thesis-all-coverage/execution_results/torch.storage.np.core.numeric.empty_like.results.json
torch.storage.np.core.numeric.empty_like,valid_mutation,valid_mutation,valid,prototype,value_mask,differential_mismatch,DifferentialMismatch,success/exception mismatch between cpu and mps,stage4/results/torch-thesis-all-coverage/execution_results/torch.storage.np.core.numeric.empty_like.results.json
torch.storage.np.core.numeric.empty_like,valid_mutation,valid_mutation,valid,prototype,value_nan,differential_mismatch,DifferentialMismatch,success/exception mismatch between cpu and mps,stage4/results/torch-thesis-all-coverage/execution_results/torch.storage.np.core.numeric.empty_like.results.json
torch.storage.np.core.numeric.empty_like,valid_mutation,valid_mutation,valid,prototype,value_posinf,differential_mismatch,DifferentialMismatch,success/exception mismatch between cpu and mps,stage4/results/torch-thesis-all-coverage/execution_results/torch.storage.np.core.numeric.empty_like.results.json
torch.storage.np.core.numeric.empty_like,negative_mutation,negative_mutation,negative,prototype,shape_expand,negative_accepted_not_bug,,,stage4/results/torch-thesis-all-coverage/execution_results/torch.storage.np.core.numeric.empty_like.results.json
torch.storage.np.core.numeric.empty_like,negative_mutation,negative_mutation,negative,prototype,dtype_mutate,negative_accepted_not_bug,,,stage4/results/torch-thesis-all-coverage/execution_results/torch.storage.np.core.numeric.empty_like.results.json
torch.storage.np.core.numeric.format_float_positional,negative_mutation,negative_mutation,negative,x,type_widen,negative_accepted_not_bug,,,stage4/results/torch-thesis-all-coverage/execution_results/torch.storage.np.core.numeric.format_float_positional.results.json
torch.storage.np.core.numeric.format_float_scientific,negative_mutation,negative_mutation,negative,x,type_widen,negative_accepted_not_bug,,,stage4/results/torch-thesis-all-coverage/execution_results/torch.storage.np.core.numeric.format_float_scientific.results.json
torch.storage.np.core.numeric.full,negative_mutation,negative_mutation,negative,shape,structure_shrink,negative_accepted_not_bug,,,stage4/results/torch-thesis-all-coverage/execution_results/torch.storage.np.core.numeric.full.results.json
torch.storage.np.core.numeric.full,negative_mutation,negative_mutation,negative,fill_value,type_widen,negative_accepted_not_bug,,,stage4/results/torch-thesis-all-coverage/execution_results/torch.storage.np.core.numeric.full.results.json
torch.storage.np.core.numeric.identity,negative_mutation,negative_mutation,negative,n,enum_invalid,negative_accepted_not_bug,,,stage4/results/torch-thesis-all-coverage/execution_results/torch.storage.np.core.numeric.identity.results.json
torch.storage.np.core.numeric.isscalar,negative_mutation,negative_mutation,negative,element,type_switch,negative_accepted_not_bug,,,stage4/results/torch-thesis-all-coverage/execution_results/torch.storage.np.core.numeric.isscalar.results.json
torch.storage.np.core.numeric.ndim,negative_mutation,negative_mutation,negative,a,shape_expand,negative_accepted_not_bug,,,stage4/results/torch-thesis-all-coverage/execution_results/torch.storage.np.core.numeric.ndim.results.json
torch.storage.np.core.numeric.ndim,negative_mutation,negative_mutation,negative,a,dtype_mutate,negative_accepted_not_bug,,,stage4/results/torch-thesis-all-coverage/execution_results/torch.storage.np.core.numeric.ndim.results.json
torch.storage.np.core.numeric.nonzero,negative_mutation,negative_mutation,negative,a,shape_shrink,negative_accepted_not_bug,,,stage4/results/torch-thesis-all-coverage/execution_results/torch.storage.np.core.numeric.nonzero.results.json
torch.storage.np.core.numeric.nonzero,negative_mutation,negative_mutation,negative,a,dtype_mutate,negative_accepted_not_bug,,,stage4/results/torch-thesis-all-coverage/execution_results/torch.storage.np.core.numeric.nonzero.results.json
torch.storage.np.core.numeric.ones,negative_mutation,negative_mutation,negative,shape,structure_shrink,negative_accepted_not_bug,,,stage4/results/torch-thesis-all-coverage/execution_results/torch.storage.np.core.numeric.ones.results.json
torch.storage.np.core.numeric.ones_like,base_execution,base_valid,valid,,,differential_mismatch,DifferentialMismatch,success/exception mismatch between cpu and mps,stage4/results/torch-thesis-all-coverage/execution_results/torch.storage.np.core.numeric.ones_like.results.json
torch.storage.np.core.numeric.ones_like,valid_mutation,valid_mutation,valid,a,value_posinf,differential_mismatch,DifferentialMismatch,success/exception mismatch between cpu and mps,stage4/results/torch-thesis-all-coverage/execution_results/torch.storage.np.core.numeric.ones_like.results.json
torch.storage.np.core.numeric.ones_like,valid_mutation,valid_mutation,valid,a,value_large_magnitude,differential_mismatch,DifferentialMismatch,success/exception mismatch between cpu and mps,stage4/results/torch-thesis-all-coverage/execution_results/torch.storage.np.core.numeric.ones_like.results.json
torch.storage.np.core.numeric.ones_like,valid_mutation,valid_mutation,valid,a,value_nan,differential_mismatch,DifferentialMismatch,success/exception mismatch between cpu and mps,stage4/results/torch-thesis-all-coverage/execution_results/torch.storage.np.core.numeric.ones_like.results.json
torch.storage.np.core.numeric.ones_like,valid_mutation,valid_mutation,valid,a,value_mask,differential_mismatch,DifferentialMismatch,success/exception mismatch between cpu and mps,stage4/results/torch-thesis-all-coverage/execution_results/torch.storage.np.core.numeric.ones_like.results.json
torch.storage.np.core.numeric.ones_like,valid_mutation,valid_mutation,valid,a,value_negzero,differential_mismatch,DifferentialMismatch,success/exception mismatch between cpu and mps,stage4/results/torch-thesis-all-coverage/execution_results/torch.storage.np.core.numeric.ones_like.results.json
torch.storage.np.core.numeric.ones_like,valid_mutation,valid_mutation,valid,a,value_neginf,differential_mismatch,DifferentialMismatch,success/exception mismatch between cpu and mps,stage4/results/torch-thesis-all-coverage/execution_results/torch.storage.np.core.numeric.ones_like.results.json
torch.storage.np.core.numeric.ones_like,valid_mutation,valid_mutation,valid,a,value_noise,differential_mismatch,DifferentialMismatch,success/exception mismatch between cpu and mps,stage4/results/torch-thesis-all-coverage/execution_results/torch.storage.np.core.numeric.ones_like.results.json
torch.storage.np.core.numeric.ones_like,valid_mutation,valid_mutation,valid,a,value_division,differential_mismatch,DifferentialMismatch,success/exception mismatch between cpu and mps,stage4/results/torch-thesis-all-coverage/execution_results/torch.storage.np.core.numeric.ones_like.results.json
torch.storage.np.core.numeric.ones_like,negative_mutation,negative_mutation,negative,a,shape_shrink,negative_accepted_not_bug,,,stage4/results/torch-thesis-all-coverage/execution_results/torch.storage.np.core.numeric.ones_like.results.json
torch.storage.np.core.numeric.ones_like,negative_mutation,negative_mutation,negative,a,dtype_mutate,negative_accepted_not_bug,,,stage4/results/torch-thesis-all-coverage/execution_results/torch.storage.np.core.numeric.ones_like.results.json
torch.storage.np.core.numeric.partition,base_execution,base_valid,valid,,,differential_mismatch,DifferentialMismatch,success/exception mismatch between cpu and mps,stage4/results/torch-thesis-all-coverage/execution_results/torch.storage.np.core.numeric.partition.results.json
torch.storage.np.core.numeric.partition,valid_mutation,valid_mutation,valid,a,value_nan,differential_mismatch,DifferentialMismatch,success/exception mismatch between cpu and mps,stage4/results/torch-thesis-all-coverage/execution_results/torch.storage.np.core.numeric.partition.results.json
torch.storage.np.core.numeric.partition,valid_mutation,valid_mutation,valid,a,value_large_magnitude,differential_mismatch,DifferentialMismatch,success/exception mismatch between cpu and mps,stage4/results/torch-thesis-all-coverage/execution_results/torch.storage.np.core.numeric.partition.results.json
torch.storage.np.core.numeric.partition,valid_mutation,valid_mutation,valid,a,value_noise,differential_mismatch,DifferentialMismatch,success/exception mismatch between cpu and mps,stage4/results/torch-thesis-all-coverage/execution_results/torch.storage.np.core.numeric.partition.results.json
torch.storage.np.core.numeric.partition,valid_mutation,valid_mutation,valid,a,value_division,differential_mismatch,DifferentialMismatch,success/exception mismatch between cpu and mps,stage4/results/torch-thesis-all-coverage/execution_results/torch.storage.np.core.numeric.partition.results.json
torch.storage.np.core.numeric.partition,valid_mutation,valid_mutation,valid,a,value_posinf,differential_mismatch,DifferentialMismatch,success/exception mismatch between cpu and mps,stage4/results/torch-thesis-all-coverage/execution_results/torch.storage.np.core.numeric.partition.results.json
torch.storage.np.core.numeric.partition,valid_mutation,valid_mutation,valid,a,value_mask,differential_mismatch,DifferentialMismatch,success/exception mismatch between cpu and mps,stage4/results/torch-thesis-all-coverage/execution_results/torch.storage.np.core.numeric.partition.results.json
torch.storage.np.core.numeric.partition,valid_mutation,valid_mutation,valid,a,value_negzero,differential_mismatch,DifferentialMismatch,success/exception mismatch between cpu and mps,stage4/results/torch-thesis-all-coverage/execution_results/torch.storage.np.core.numeric.partition.results.json
torch.storage.np.core.numeric.partition,valid_mutation,valid_mutation,valid,a,value_neginf,differential_mismatch,DifferentialMismatch,success/exception mismatch between cpu and mps,stage4/results/torch-thesis-all-coverage/execution_results/torch.storage.np.core.numeric.partition.results.json
torch.storage.np.core.numeric.partition,negative_mutation,negative_mutation,negative,a,shape_shrink,expected_negative_rejection,ValueError,kth(=1) out of bounds (1),stage4/results/torch-thesis-all-coverage/execution_results/torch.storage.np.core.numeric.partition.results.json
torch.storage.np.core.numeric.partition,negative_mutation,negative_mutation,negative,a,dtype_mutate,negative_accepted_not_bug,,,stage4/results/torch-thesis-all-coverage/execution_results/torch.storage.np.core.numeric.partition.results.json
torch.storage.np.core.numeric.partition,valid_mutation,valid_mutation,valid,kth,scalar_delta,differential_mismatch,DifferentialMismatch,success/exception mismatch between cpu and mps,stage4/results/torch-thesis-all-coverage/execution_results/torch.storage.np.core.numeric.partition.results.json
torch.storage.np.core.numeric.partition,valid_mutation,valid_mutation,valid,kth,value_large_magnitude,differential_mismatch,DifferentialMismatch,success/exception mismatch between cpu and mps,stage4/results/torch-thesis-all-coverage/execution_results/torch.storage.np.core.numeric.partition.results.json
torch.storage.np.core.numeric.partition,negative_mutation,negative_mutation,negative,kth,type_widen,expected_negative_rejection,TypeError,Partition index must be integer,stage4/results/torch-thesis-all-coverage/execution_results/torch.storage.np.core.numeric.partition.results.json
torch.storage.np.core.numeric.roll,base_execution,base_valid,valid,,,differential_mismatch,DifferentialMismatch,success/exception mismatch between cpu and mps,stage4/results/torch-thesis-all-coverage/execution_results/torch.storage.np.core.numeric.roll.results.json
torch.storage.np.core.numeric.roll,valid_mutation,valid_mutation,valid,a,value_large_magnitude,differential_mismatch,DifferentialMismatch,success/exception mismatch between cpu and mps,stage4/results/torch-thesis-all-coverage/execution_results/torch.storage.np.core.numeric.roll.results.json
torch.storage.np.core.numeric.roll,valid_mutation,valid_mutation,valid,a,value_division,differential_mismatch,DifferentialMismatch,success/exception mismatch between cpu and mps,stage4/results/torch-thesis-all-coverage/execution_results/torch.storage.np.core.numeric.roll.results.json
torch.storage.np.core.numeric.roll,valid_mutation,valid_mutation,valid,a,value_negzero,differential_mismatch,DifferentialMismatch,success/exception mismatch between cpu and mps,stage4/results/torch-thesis-all-coverage/execution_results/torch.storage.np.core.numeric.roll.results.json
torch.storage.np.core.numeric.roll,valid_mutation,valid_mutation,valid,a,value_posinf,differential_mismatch,DifferentialMismatch,success/exception mismatch between cpu and mps,stage4/results/torch-thesis-all-coverage/execution_results/torch.storage.np.core.numeric.roll.results.json
torch.storage.np.core.numeric.roll,valid_mutation,valid_mutation,valid,a,value_neginf,differential_mismatch,DifferentialMismatch,success/exception mismatch between cpu and mps,stage4/results/torch-thesis-all-coverage/execution_results/torch.storage.np.core.numeric.roll.results.json
torch.storage.np.core.numeric.roll,valid_mutation,valid_mutation,valid,a,value_nan,differential_mismatch,DifferentialMismatch,success/exception mismatch between cpu and mps,stage4/results/torch-thesis-all-coverage/execution_results/torch.storage.np.core.numeric.roll.results.json
torch.storage.np.core.numeric.roll,valid_mutation,valid_mutation,valid,a,value_noise,differential_mismatch,DifferentialMismatch,success/exception mismatch between cpu and mps,stage4/results/torch-thesis-all-coverage/execution_results/torch.storage.np.core.numeric.roll.results.json
torch.storage.np.core.numeric.roll,valid_mutation,valid_mutation,valid,a,value_mask,differential_mismatch,DifferentialMismatch,success/exception mismatch between cpu and mps,stage4/results/torch-thesis-all-coverage/execution_results/torch.storage.np.core.numeric.roll.results.json
torch.storage.np.core.numeric.roll,negative_mutation,negative_mutation,negative,a,shape_shrink,negative_accepted_not_bug,,,stage4/results/torch-thesis-all-coverage/execution_results/torch.storage.np.core.numeric.roll.results.json
torch.storage.np.core.numeric.roll,negative_mutation,negative_mutation,negative,a,dtype_mutate,negative_accepted_not_bug,,,stage4/results/torch-thesis-all-coverage/execution_results/torch.storage.np.core.numeric.roll.results.json
torch.storage.np.core.numeric.roll,valid_mutation,valid_mutation,valid,shift,enum_switch,differential_mismatch,DifferentialMismatch,success/exception mismatch between cpu and mps,stage4/results/torch-thesis-all-coverage/execution_results/torch.storage.np.core.numeric.roll.results.json
torch.storage.np.core.numeric.roll,valid_mutation,valid_mutation,valid,shift,value_large_magnitude,differential_mismatch,DifferentialMismatch,success/exception mismatch between cpu and mps,stage4/results/torch-thesis-all-coverage/execution_results/torch.storage.np.core.numeric.roll.results.json
torch.storage.np.core.numeric.roll,negative_mutation,negative_mutation,negative,shift,enum_invalid,negative_accepted_not_bug,,,stage4/results/torch-thesis-all-coverage/execution_results/torch.storage.np.core.numeric.roll.results.json
torch.storage.np.core.numeric.shape,negative_mutation,negative_mutation,negative,a,shape_shrink,negative_accepted_not_bug,,,stage4/results/torch-thesis-all-coverage/execution_results/torch.storage.np.core.numeric.shape.results.json
torch.storage.np.core.numeric.shape,negative_mutation,negative_mutation,negative,a,dtype_mutate,negative_accepted_not_bug,,,stage4/results/torch-thesis-all-coverage/execution_results/torch.storage.np.core.numeric.shape.results.json
torch.storage.np.core.numeric.sort,base_execution,base_valid,valid,,,differential_mismatch,DifferentialMismatch,success/exception mismatch between cpu and mps,stage4/results/torch-thesis-all-coverage/execution_results/torch.storage.np.core.numeric.sort.results.json
torch.storage.np.core.numeric.sort,valid_mutation,valid_mutation,valid,a,value_division,differential_mismatch,DifferentialMismatch,success/exception mismatch between cpu and mps,stage4/results/torch-thesis-all-coverage/execution_results/torch.storage.np.core.numeric.sort.results.json
torch.storage.np.core.numeric.sort,valid_mutation,valid_mutation,valid,a,value_noise,differential_mismatch,DifferentialMismatch,success/exception mismatch between cpu and mps,stage4/results/torch-thesis-all-coverage/execution_results/torch.storage.np.core.numeric.sort.results.json
torch.storage.np.core.numeric.sort,valid_mutation,valid_mutation,valid,a,value_negzero,differential_mismatch,DifferentialMismatch,success/exception mismatch between cpu and mps,stage4/results/torch-thesis-all-coverage/execution_results/torch.storage.np.core.numeric.sort.results.json
torch.storage.np.core.numeric.sort,valid_mutation,valid_mutation,valid,a,value_neginf,differential_mismatch,DifferentialMismatch,success/exception mismatch between cpu and mps,stage4/results/torch-thesis-all-coverage/execution_results/torch.storage.np.core.numeric.sort.results.json
torch.storage.np.core.numeric.sort,valid_mutation,valid_mutation,valid,a,value_large_magnitude,differential_mismatch,DifferentialMismatch,success/exception mismatch between cpu and mps,stage4/results/torch-thesis-all-coverage/execution_results/torch.storage.np.core.numeric.sort.results.json
torch.storage.np.core.numeric.sort,valid_mutation,valid_mutation,valid,a,value_mask,differential_mismatch,DifferentialMismatch,success/exception mismatch between cpu and mps,stage4/results/torch-thesis-all-coverage/execution_results/torch.storage.np.core.numeric.sort.results.json
torch.storage.np.core.numeric.sort,valid_mutation,valid_mutation,valid,a,value_posinf,differential_mismatch,DifferentialMismatch,success/exception mismatch between cpu and mps,stage4/results/torch-thesis-all-coverage/execution_results/torch.storage.np.core.numeric.sort.results.json
torch.storage.np.core.numeric.sort,valid_mutation,valid_mutation,valid,a,value_nan,differential_mismatch,DifferentialMismatch,success/exception mismatch between cpu and mps,stage4/results/torch-thesis-all-coverage/execution_results/torch.storage.np.core.numeric.sort.results.json
torch.storage.np.core.numeric.sort,negative_mutation,negative_mutation,negative,a,shape_expand,negative_accepted_not_bug,,,stage4/results/torch-thesis-all-coverage/execution_results/torch.storage.np.core.numeric.sort.results.json
torch.storage.np.core.numeric.sort,negative_mutation,negative_mutation,negative,a,dtype_mutate,negative_accepted_not_bug,,,stage4/results/torch-thesis-all-coverage/execution_results/torch.storage.np.core.numeric.sort.results.json
torch.storage.np.core.numeric.transpose,base_execution,base_valid,valid,,,differential_mismatch,DifferentialMismatch,success/exception mismatch between cpu and mps,stage4/results/torch-thesis-all-coverage/execution_results/torch.storage.np.core.numeric.transpose.results.json
torch.storage.np.core.numeric.transpose,valid_mutation,valid_mutation,valid,a,value_nan,differential_mismatch,DifferentialMismatch,success/exception mismatch between cpu and mps,stage4/results/torch-thesis-all-coverage/execution_results/torch.storage.np.core.numeric.transpose.results.json
torch.storage.np.core.numeric.transpose,valid_mutation,valid_mutation,valid,a,value_division,differential_mismatch,DifferentialMismatch,success/exception mismatch between cpu and mps,stage4/results/torch-thesis-all-coverage/execution_results/torch.storage.np.core.numeric.transpose.results.json
torch.storage.np.core.numeric.transpose,valid_mutation,valid_mutation,valid,a,value_neginf,differential_mismatch,DifferentialMismatch,success/exception mismatch between cpu and mps,stage4/results/torch-thesis-all-coverage/execution_results/torch.storage.np.core.numeric.transpose.results.json
torch.storage.np.core.numeric.transpose,valid_mutation,valid_mutation,valid,a,value_mask,differential_mismatch,DifferentialMismatch,success/exception mismatch between cpu and mps,stage4/results/torch-thesis-all-coverage/execution_results/torch.storage.np.core.numeric.transpose.results.json
torch.storage.np.core.numeric.transpose,valid_mutation,valid_mutation,valid,a,value_large_magnitude,differential_mismatch,DifferentialMismatch,success/exception mismatch between cpu and mps,stage4/results/torch-thesis-all-coverage/execution_results/torch.storage.np.core.numeric.transpose.results.json
torch.storage.np.core.numeric.transpose,valid_mutation,valid_mutation,valid,a,value_posinf,differential_mismatch,DifferentialMismatch,success/exception mismatch between cpu and mps,stage4/results/torch-thesis-all-coverage/execution_results/torch.storage.np.core.numeric.transpose.results.json
torch.storage.np.core.numeric.transpose,valid_mutation,valid_mutation,valid,a,value_negzero,differential_mismatch,DifferentialMismatch,success/exception mismatch between cpu and mps,stage4/results/torch-thesis-all-coverage/execution_results/torch.storage.np.core.numeric.transpose.results.json
torch.storage.np.core.numeric.transpose,valid_mutation,valid_mutation,valid,a,value_noise,differential_mismatch,DifferentialMismatch,success/exception mismatch between cpu and mps,stage4/results/torch-thesis-all-coverage/execution_results/torch.storage.np.core.numeric.transpose.results.json
torch.storage.np.core.numeric.transpose,negative_mutation,negative_mutation,negative,a,shape_expand,negative_accepted_not_bug,,,stage4/results/torch-thesis-all-coverage/execution_results/torch.storage.np.core.numeric.transpose.results.json
torch.storage.np.core.numeric.transpose,negative_mutation,negative_mutation,negative,a,dtype_mutate,negative_accepted_not_bug,,,stage4/results/torch-thesis-all-coverage/execution_results/torch.storage.np.core.numeric.transpose.results.json
torch.storage.np.core.numeric.zeros,negative_mutation,negative_mutation,negative,shape,structure_shrink,negative_accepted_not_bug,,,stage4/results/torch-thesis-all-coverage/execution_results/torch.storage.np.core.numeric.zeros.results.json
torch.storage.np.core.numeric.zeros_like,base_execution,base_valid,valid,,,differential_mismatch,DifferentialMismatch,success/exception mismatch between cpu and mps,stage4/results/torch-thesis-all-coverage/execution_results/torch.storage.np.core.numeric.zeros_like.results.json
torch.storage.np.core.numeric.zeros_like,valid_mutation,valid_mutation,valid,a,value_large_magnitude,differential_mismatch,DifferentialMismatch,success/exception mismatch between cpu and mps,stage4/results/torch-thesis-all-coverage/execution_results/torch.storage.np.core.numeric.zeros_like.results.json
torch.storage.np.core.numeric.zeros_like,valid_mutation,valid_mutation,valid,a,value_division,differential_mismatch,DifferentialMismatch,success/exception mismatch between cpu and mps,stage4/results/torch-thesis-all-coverage/execution_results/torch.storage.np.core.numeric.zeros_like.results.json
torch.storage.np.core.numeric.zeros_like,valid_mutation,valid_mutation,valid,a,value_nan,differential_mismatch,DifferentialMismatch,success/exception mismatch between cpu and mps,stage4/results/torch-thesis-all-coverage/execution_results/torch.storage.np.core.numeric.zeros_like.results.json
torch.storage.np.core.numeric.zeros_like,valid_mutation,valid_mutation,valid,a,value_mask,differential_mismatch,DifferentialMismatch,success/exception mismatch between cpu and mps,stage4/results/torch-thesis-all-coverage/execution_results/torch.storage.np.core.numeric.zeros_like.results.json
torch.storage.np.core.numeric.zeros_like,valid_mutation,valid_mutation,valid,a,value_posinf,differential_mismatch,DifferentialMismatch,success/exception mismatch between cpu and mps,stage4/results/torch-thesis-all-coverage/execution_results/torch.storage.np.core.numeric.zeros_like.results.json
torch.storage.np.core.numeric.zeros_like,valid_mutation,valid_mutation,valid,a,value_neginf,differential_mismatch,DifferentialMismatch,success/exception mismatch between cpu and mps,stage4/results/torch-thesis-all-coverage/execution_results/torch.storage.np.core.numeric.zeros_like.results.json
torch.storage.np.core.numeric.zeros_like,valid_mutation,valid_mutation,valid,a,value_negzero,differential_mismatch,DifferentialMismatch,success/exception mismatch between cpu and mps,stage4/results/torch-thesis-all-coverage/execution_results/torch.storage.np.core.numeric.zeros_like.results.json
torch.storage.np.core.numeric.zeros_like,valid_mutation,valid_mutation,valid,a,value_noise,differential_mismatch,DifferentialMismatch,success/exception mismatch between cpu and mps,stage4/results/torch-thesis-all-coverage/execution_results/torch.storage.np.core.numeric.zeros_like.results.json
torch.storage.np.core.numeric.zeros_like,negative_mutation,negative_mutation,negative,a,shape_shrink,negative_accepted_not_bug,,,stage4/results/torch-thesis-all-coverage/execution_results/torch.storage.np.core.numeric.zeros_like.results.json
torch.storage.np.core.numeric.zeros_like,negative_mutation,negative_mutation,negative,a,dtype_mutate,negative_accepted_not_bug,,,stage4/results/torch-thesis-all-coverage/execution_results/torch.storage.np.core.numeric.zeros_like.results.json
torch.storage.np.core.numerictypes.maximum_sctype,negative_mutation,negative_mutation,negative,t,enum_invalid,negative_accepted_not_bug,,,stage4/results/torch-thesis-all-coverage/execution_results/torch.storage.np.core.numerictypes.maximum_sctype.results.json
torch.storage.np.core.records.fromarrays,base_execution,base_valid,valid,,,differential_mismatch,DifferentialMismatch,success/exception mismatch between cpu and mps,stage4/results/torch-thesis-all-coverage/execution_results/torch.storage.np.core.records.fromarrays.results.json
torch.storage.np.core.records.fromarrays,valid_mutation,valid_mutation,valid,arrayList,value_neginf,differential_mismatch,DifferentialMismatch,success/exception mismatch between cpu and mps,stage4/results/torch-thesis-all-coverage/execution_results/torch.storage.np.core.records.fromarrays.results.json
torch.storage.np.core.records.fromarrays,valid_mutation,valid_mutation,valid,arrayList,value_negzero,differential_mismatch,DifferentialMismatch,success/exception mismatch between cpu and mps,stage4/results/torch-thesis-all-coverage/execution_results/torch.storage.np.core.records.fromarrays.results.json
torch.storage.np.core.records.fromarrays,valid_mutation,valid_mutation,valid,arrayList,value_noise,differential_mismatch,DifferentialMismatch,success/exception mismatch between cpu and mps,stage4/results/torch-thesis-all-coverage/execution_results/torch.storage.np.core.records.fromarrays.results.json
torch.storage.np.core.records.fromarrays,valid_mutation,valid_mutation,valid,arrayList,value_nan,differential_mismatch,DifferentialMismatch,success/exception mismatch between cpu and mps,stage4/results/torch-thesis-all-coverage/execution_results/torch.storage.np.core.records.fromarrays.results.json
torch.storage.np.core.records.fromarrays,valid_mutation,valid_mutation,valid,arrayList,value_large_magnitude,differential_mismatch,DifferentialMismatch,success/exception mismatch between cpu and mps,stage4/results/torch-thesis-all-coverage/execution_results/torch.storage.np.core.records.fromarrays.results.json
torch.storage.np.core.records.fromarrays,valid_mutation,valid_mutation,valid,arrayList,value_posinf,differential_mismatch,DifferentialMismatch,success/exception mismatch between cpu and mps,stage4/results/torch-thesis-all-coverage/execution_results/torch.storage.np.core.records.fromarrays.results.json
torch.storage.np.core.records.fromarrays,valid_mutation,valid_mutation,valid,arrayList,value_division,differential_mismatch,DifferentialMismatch,success/exception mismatch between cpu and mps,stage4/results/torch-thesis-all-coverage/execution_results/torch.storage.np.core.records.fromarrays.results.json
torch.storage.np.core.records.fromarrays,valid_mutation,valid_mutation,valid,arrayList,value_mask,differential_mismatch,DifferentialMismatch,success/exception mismatch between cpu and mps,stage4/results/torch-thesis-all-coverage/execution_results/torch.storage.np.core.records.fromarrays.results.json
torch.storage.np.core.records.fromarrays,negative_mutation,negative_mutation,negative,arrayList,shape_shrink,negative_accepted_not_bug,,,stage4/results/torch-thesis-all-coverage/execution_results/torch.storage.np.core.records.fromarrays.results.json
torch.storage.np.core.records.fromarrays,negative_mutation,negative_mutation,negative,arrayList,dtype_mutate,negative_accepted_not_bug,,,stage4/results/torch-thesis-all-coverage/execution_results/torch.storage.np.core.records.fromarrays.results.json
torch.storage.np.core.records.fromrecords,negative_mutation,negative_mutation,negative,recList,structure_shrink,negative_accepted_not_bug,,,stage4/results/torch-thesis-all-coverage/execution_results/torch.storage.np.core.records.fromrecords.results.json
torch.storage.np.core.shape_base.array,negative_mutation,negative_mutation,negative,object,type_widen,negative_accepted_not_bug,,,stage4/results/torch-thesis-all-coverage/execution_results/torch.storage.np.core.shape_base.array.results.json
torch.storage.np.core.shape_base.block,negative_mutation,negative_mutation,negative,arrays,type_widen,negative_accepted_not_bug,,,stage4/results/torch-thesis-all-coverage/execution_results/torch.storage.np.core.shape_base.block.results.json
torch.storage.np.core.shape_base.hstack,base_execution,base_valid,valid,,,differential_mismatch,DifferentialMismatch,success/exception mismatch between cpu and mps,stage4/results/torch-thesis-all-coverage/execution_results/torch.storage.np.core.shape_base.hstack.results.json
torch.storage.np.core.shape_base.hstack,valid_mutation,valid_mutation,valid,tup,value_large_magnitude,differential_mismatch,DifferentialMismatch,success/exception mismatch between cpu and mps,stage4/results/torch-thesis-all-coverage/execution_results/torch.storage.np.core.shape_base.hstack.results.json
torch.storage.np.core.shape_base.hstack,valid_mutation,valid_mutation,valid,tup,value_mask,differential_mismatch,DifferentialMismatch,success/exception mismatch between cpu and mps,stage4/results/torch-thesis-all-coverage/execution_results/torch.storage.np.core.shape_base.hstack.results.json
torch.storage.np.core.shape_base.hstack,valid_mutation,valid_mutation,valid,tup,value_neginf,differential_mismatch,DifferentialMismatch,success/exception mismatch between cpu and mps,stage4/results/torch-thesis-all-coverage/execution_results/torch.storage.np.core.shape_base.hstack.results.json
torch.storage.np.core.shape_base.hstack,valid_mutation,valid_mutation,valid,tup,value_negzero,differential_mismatch,DifferentialMismatch,success/exception mismatch between cpu and mps,stage4/results/torch-thesis-all-coverage/execution_results/torch.storage.np.core.shape_base.hstack.results.json
torch.storage.np.core.shape_base.hstack,valid_mutation,valid_mutation,valid,tup,value_posinf,differential_mismatch,DifferentialMismatch,success/exception mismatch between cpu and mps,stage4/results/torch-thesis-all-coverage/execution_results/torch.storage.np.core.shape_base.hstack.results.json
torch.storage.np.core.shape_base.hstack,valid_mutation,valid_mutation,valid,tup,value_nan,differential_mismatch,DifferentialMismatch,success/exception mismatch between cpu and mps,stage4/results/torch-thesis-all-coverage/execution_results/torch.storage.np.core.shape_base.hstack.results.json
torch.storage.np.core.shape_base.hstack,valid_mutation,valid_mutation,valid,tup,value_noise,differential_mismatch,DifferentialMismatch,success/exception mismatch between cpu and mps,stage4/results/torch-thesis-all-coverage/execution_results/torch.storage.np.core.shape_base.hstack.results.json
torch.storage.np.core.shape_base.hstack,valid_mutation,valid_mutation,valid,tup,value_division,differential_mismatch,DifferentialMismatch,success/exception mismatch between cpu and mps,stage4/results/torch-thesis-all-coverage/execution_results/torch.storage.np.core.shape_base.hstack.results.json
torch.storage.np.core.shape_base.hstack,negative_mutation,negative_mutation,negative,tup,shape_expand,negative_accepted_not_bug,,,stage4/results/torch-thesis-all-coverage/execution_results/torch.storage.np.core.shape_base.hstack.results.json
torch.storage.np.core.shape_base.hstack,negative_mutation,negative_mutation,negative,tup,dtype_mutate,negative_accepted_not_bug,,,stage4/results/torch-thesis-all-coverage/execution_results/torch.storage.np.core.shape_base.hstack.results.json
torch.storage.np.core.shape_base.stack,base_execution,base_valid,valid,,,differential_mismatch,DifferentialMismatch,success/exception mismatch between cpu and mps,stage4/results/torch-thesis-all-coverage/execution_results/torch.storage.np.core.shape_base.stack.results.json
torch.storage.np.core.shape_base.stack,valid_mutation,valid_mutation,valid,arrays,value_negzero,differential_mismatch,DifferentialMismatch,success/exception mismatch between cpu and mps,stage4/results/torch-thesis-all-coverage/execution_results/torch.storage.np.core.shape_base.stack.results.json
torch.storage.np.core.shape_base.stack,valid_mutation,valid_mutation,valid,arrays,value_posinf,differential_mismatch,DifferentialMismatch,success/exception mismatch between cpu and mps,stage4/results/torch-thesis-all-coverage/execution_results/torch.storage.np.core.shape_base.stack.results.json
torch.storage.np.core.shape_base.stack,valid_mutation,valid_mutation,valid,arrays,value_division,differential_mismatch,DifferentialMismatch,success/exception mismatch between cpu and mps,stage4/results/torch-thesis-all-coverage/execution_results/torch.storage.np.core.shape_base.stack.results.json
torch.storage.np.core.shape_base.stack,valid_mutation,valid_mutation,valid,arrays,value_mask,differential_mismatch,DifferentialMismatch,success/exception mismatch between cpu and mps,stage4/results/torch-thesis-all-coverage/execution_results/torch.storage.np.core.shape_base.stack.results.json
torch.storage.np.core.shape_base.stack,valid_mutation,valid_mutation,valid,arrays,value_neginf,differential_mismatch,DifferentialMismatch,success/exception mismatch between cpu and mps,stage4/results/torch-thesis-all-coverage/execution_results/torch.storage.np.core.shape_base.stack.results.json
torch.storage.np.core.shape_base.stack,valid_mutation,valid_mutation,valid,arrays,value_noise,differential_mismatch,DifferentialMismatch,success/exception mismatch between cpu and mps,stage4/results/torch-thesis-all-coverage/execution_results/torch.storage.np.core.shape_base.stack.results.json
torch.storage.np.core.shape_base.stack,valid_mutation,valid_mutation,valid,arrays,value_nan,differential_mismatch,DifferentialMismatch,success/exception mismatch between cpu and mps,stage4/results/torch-thesis-all-coverage/execution_results/torch.storage.np.core.shape_base.stack.results.json
torch.storage.np.core.shape_base.stack,valid_mutation,valid_mutation,valid,arrays,value_large_magnitude,differential_mismatch,DifferentialMismatch,success/exception mismatch between cpu and mps,stage4/results/torch-thesis-all-coverage/execution_results/torch.storage.np.core.shape_base.stack.results.json
torch.storage.np.core.shape_base.stack,negative_mutation,negative_mutation,negative,arrays,shape_expand,negative_accepted_not_bug,,,stage4/results/torch-thesis-all-coverage/execution_results/torch.storage.np.core.shape_base.stack.results.json
torch.storage.np.core.shape_base.stack,negative_mutation,negative_mutation,negative,arrays,dtype_mutate,negative_accepted_not_bug,,,stage4/results/torch-thesis-all-coverage/execution_results/torch.storage.np.core.shape_base.stack.results.json
torch.storage.np.core.shape_base.vstack,base_execution,base_valid,valid,,,differential_mismatch,DifferentialMismatch,success/exception mismatch between cpu and mps,stage4/results/torch-thesis-all-coverage/execution_results/torch.storage.np.core.shape_base.vstack.results.json
torch.storage.np.core.shape_base.vstack,valid_mutation,valid_mutation,valid,tup,value_neginf,differential_mismatch,DifferentialMismatch,success/exception mismatch between cpu and mps,stage4/results/torch-thesis-all-coverage/execution_results/torch.storage.np.core.shape_base.vstack.results.json
torch.storage.np.core.shape_base.vstack,valid_mutation,valid_mutation,valid,tup,value_posinf,differential_mismatch,DifferentialMismatch,success/exception mismatch between cpu and mps,stage4/results/torch-thesis-all-coverage/execution_results/torch.storage.np.core.shape_base.vstack.results.json
torch.storage.np.core.shape_base.vstack,valid_mutation,valid_mutation,valid,tup,value_division,differential_mismatch,DifferentialMismatch,success/exception mismatch between cpu and mps,stage4/results/torch-thesis-all-coverage/execution_results/torch.storage.np.core.shape_base.vstack.results.json
torch.storage.np.core.shape_base.vstack,valid_mutation,valid_mutation,valid,tup,value_mask,differential_mismatch,DifferentialMismatch,success/exception mismatch between cpu and mps,stage4/results/torch-thesis-all-coverage/execution_results/torch.storage.np.core.shape_base.vstack.results.json
torch.storage.np.core.shape_base.vstack,valid_mutation,valid_mutation,valid,tup,value_large_magnitude,differential_mismatch,DifferentialMismatch,success/exception mismatch between cpu and mps,stage4/results/torch-thesis-all-coverage/execution_results/torch.storage.np.core.shape_base.vstack.results.json
torch.storage.np.core.shape_base.vstack,valid_mutation,valid_mutation,valid,tup,value_nan,differential_mismatch,DifferentialMismatch,success/exception mismatch between cpu and mps,stage4/results/torch-thesis-all-coverage/execution_results/torch.storage.np.core.shape_base.vstack.results.json
torch.storage.np.core.shape_base.vstack,valid_mutation,valid_mutation,valid,tup,value_noise,differential_mismatch,DifferentialMismatch,success/exception mismatch between cpu and mps,stage4/results/torch-thesis-all-coverage/execution_results/torch.storage.np.core.shape_base.vstack.results.json
torch.storage.np.core.shape_base.vstack,valid_mutation,valid_mutation,valid,tup,value_negzero,differential_mismatch,DifferentialMismatch,success/exception mismatch between cpu and mps,stage4/results/torch-thesis-all-coverage/execution_results/torch.storage.np.core.shape_base.vstack.results.json
torch.storage.np.core.shape_base.vstack,negative_mutation,negative_mutation,negative,tup,shape_shrink,negative_accepted_not_bug,,,stage4/results/torch-thesis-all-coverage/execution_results/torch.storage.np.core.shape_base.vstack.results.json
torch.storage.np.core.shape_base.vstack,negative_mutation,negative_mutation,negative,tup,dtype_mutate,negative_accepted_not_bug,,,stage4/results/torch-thesis-all-coverage/execution_results/torch.storage.np.core.shape_base.vstack.results.json
torch.storage.np.core.umath.array,negative_mutation,negative_mutation,negative,object,type_widen,negative_accepted_not_bug,,,stage4/results/torch-thesis-all-coverage/execution_results/torch.storage.np.core.umath.array.results.json
torch.storage.np.core.umath.asfortranarray,base_execution,base_valid,valid,,,differential_mismatch,DifferentialMismatch,success/exception mismatch between cpu and mps,stage4/results/torch-thesis-all-coverage/execution_results/torch.storage.np.core.umath.asfortranarray.results.json
torch.storage.np.core.umath.asfortranarray,valid_mutation,valid_mutation,valid,a,value_neginf,differential_mismatch,DifferentialMismatch,success/exception mismatch between cpu and mps,stage4/results/torch-thesis-all-coverage/execution_results/torch.storage.np.core.umath.asfortranarray.results.json
torch.storage.np.core.umath.asfortranarray,valid_mutation,valid_mutation,valid,a,value_mask,differential_mismatch,DifferentialMismatch,success/exception mismatch between cpu and mps,stage4/results/torch-thesis-all-coverage/execution_results/torch.storage.np.core.umath.asfortranarray.results.json
torch.storage.np.core.umath.asfortranarray,valid_mutation,valid_mutation,valid,a,value_nan,differential_mismatch,DifferentialMismatch,success/exception mismatch between cpu and mps,stage4/results/torch-thesis-all-coverage/execution_results/torch.storage.np.core.umath.asfortranarray.results.json
torch.storage.np.core.umath.asfortranarray,valid_mutation,valid_mutation,valid,a,value_division,differential_mismatch,DifferentialMismatch,success/exception mismatch between cpu and mps,stage4/results/torch-thesis-all-coverage/execution_results/torch.storage.np.core.umath.asfortranarray.results.json
torch.storage.np.core.umath.asfortranarray,valid_mutation,valid_mutation,valid,a,value_large_magnitude,differential_mismatch,DifferentialMismatch,success/exception mismatch between cpu and mps,stage4/results/torch-thesis-all-coverage/execution_results/torch.storage.np.core.umath.asfortranarray.results.json
torch.storage.np.core.umath.asfortranarray,valid_mutation,valid_mutation,valid,a,value_negzero,differential_mismatch,DifferentialMismatch,success/exception mismatch between cpu and mps,stage4/results/torch-thesis-all-coverage/execution_results/torch.storage.np.core.umath.asfortranarray.results.json
torch.storage.np.core.umath.asfortranarray,valid_mutation,valid_mutation,valid,a,value_noise,differential_mismatch,DifferentialMismatch,success/exception mismatch between cpu and mps,stage4/results/torch-thesis-all-coverage/execution_results/torch.storage.np.core.umath.asfortranarray.results.json
torch.storage.np.core.umath.asfortranarray,valid_mutation,valid_mutation,valid,a,value_posinf,differential_mismatch,DifferentialMismatch,success/exception mismatch between cpu and mps,stage4/results/torch-thesis-all-coverage/execution_results/torch.storage.np.core.umath.asfortranarray.results.json
torch.storage.np.core.umath.asfortranarray,negative_mutation,negative_mutation,negative,a,shape_expand,negative_accepted_not_bug,,,stage4/results/torch-thesis-all-coverage/execution_results/torch.storage.np.core.umath.asfortranarray.results.json
torch.storage.np.core.umath.asfortranarray,negative_mutation,negative_mutation,negative,a,dtype_mutate,negative_accepted_not_bug,,,stage4/results/torch-thesis-all-coverage/execution_results/torch.storage.np.core.umath.asfortranarray.results.json
torch.storage.np.core.umath.empty,negative_mutation,negative_mutation,negative,shape,structure_shrink,negative_accepted_not_bug,,,stage4/results/torch-thesis-all-coverage/execution_results/torch.storage.np.core.umath.empty.results.json
torch.storage.np.core.umath.empty_like,base_execution,base_valid,valid,,,differential_mismatch,DifferentialMismatch,success/exception mismatch between cpu and mps,stage4/results/torch-thesis-all-coverage/execution_results/torch.storage.np.core.umath.empty_like.results.json
torch.storage.np.core.umath.empty_like,valid_mutation,valid_mutation,valid,prototype,value_nan,differential_mismatch,DifferentialMismatch,success/exception mismatch between cpu and mps,stage4/results/torch-thesis-all-coverage/execution_results/torch.storage.np.core.umath.empty_like.results.json
torch.storage.np.core.umath.empty_like,valid_mutation,valid_mutation,valid,prototype,value_large_magnitude,differential_mismatch,DifferentialMismatch,success/exception mismatch between cpu and mps,stage4/results/torch-thesis-all-coverage/execution_results/torch.storage.np.core.umath.empty_like.results.json
torch.storage.np.core.umath.empty_like,valid_mutation,valid_mutation,valid,prototype,value_neginf,differential_mismatch,DifferentialMismatch,success/exception mismatch between cpu and mps,stage4/results/torch-thesis-all-coverage/execution_results/torch.storage.np.core.umath.empty_like.results.json
torch.storage.np.core.umath.empty_like,valid_mutation,valid_mutation,valid,prototype,value_posinf,differential_mismatch,DifferentialMismatch,success/exception mismatch between cpu and mps,stage4/results/torch-thesis-all-coverage/execution_results/torch.storage.np.core.umath.empty_like.results.json
torch.storage.np.core.umath.empty_like,valid_mutation,valid_mutation,valid,prototype,value_division,differential_mismatch,DifferentialMismatch,success/exception mismatch between cpu and mps,stage4/results/torch-thesis-all-coverage/execution_results/torch.storage.np.core.umath.empty_like.results.json
torch.storage.np.core.umath.empty_like,valid_mutation,valid_mutation,valid,prototype,value_negzero,differential_mismatch,DifferentialMismatch,success/exception mismatch between cpu and mps,stage4/results/torch-thesis-all-coverage/execution_results/torch.storage.np.core.umath.empty_like.results.json
torch.storage.np.core.umath.empty_like,valid_mutation,valid_mutation,valid,prototype,value_noise,differential_mismatch,DifferentialMismatch,success/exception mismatch between cpu and mps,stage4/results/torch-thesis-all-coverage/execution_results/torch.storage.np.core.umath.empty_like.results.json
torch.storage.np.core.umath.empty_like,valid_mutation,valid_mutation,valid,prototype,value_mask,differential_mismatch,DifferentialMismatch,success/exception mismatch between cpu and mps,stage4/results/torch-thesis-all-coverage/execution_results/torch.storage.np.core.umath.empty_like.results.json
torch.storage.np.core.umath.empty_like,negative_mutation,negative_mutation,negative,prototype,shape_expand,negative_accepted_not_bug,,,stage4/results/torch-thesis-all-coverage/execution_results/torch.storage.np.core.umath.empty_like.results.json
torch.storage.np.core.umath.empty_like,negative_mutation,negative_mutation,negative,prototype,dtype_mutate,negative_accepted_not_bug,,,stage4/results/torch-thesis-all-coverage/execution_results/torch.storage.np.core.umath.empty_like.results.json
torch.storage.np.core.umath.zeros,negative_mutation,negative_mutation,negative,shape,structure_shrink,negative_accepted_not_bug,,,stage4/results/torch-thesis-all-coverage/execution_results/torch.storage.np.core.umath.zeros.results.json
torch.storage.np.corrcoef,base_execution,base_valid,valid,,,differential_mismatch,DifferentialMismatch,success/exception mismatch between cpu and mps,stage4/results/torch-thesis-all-coverage/execution_results/torch.storage.np.corrcoef.results.json
torch.storage.np.corrcoef,valid_mutation,valid_mutation,valid,x,value_negzero,differential_mismatch,DifferentialMismatch,success/exception mismatch between cpu and mps,stage4/results/torch-thesis-all-coverage/execution_results/torch.storage.np.corrcoef.results.json
torch.storage.np.corrcoef,valid_mutation,valid_mutation,valid,x,value_neginf,differential_mismatch,DifferentialMismatch,success/exception mismatch between cpu and mps,stage4/results/torch-thesis-all-coverage/execution_results/torch.storage.np.corrcoef.results.json
torch.storage.np.corrcoef,valid_mutation,valid_mutation,valid,x,value_large_magnitude,differential_mismatch,DifferentialMismatch,success/exception mismatch between cpu and mps,stage4/results/torch-thesis-all-coverage/execution_results/torch.storage.np.corrcoef.results.json
torch.storage.np.corrcoef,valid_mutation,valid_mutation,valid,x,value_posinf,differential_mismatch,DifferentialMismatch,success/exception mismatch between cpu and mps,stage4/results/torch-thesis-all-coverage/execution_results/torch.storage.np.corrcoef.results.json
torch.storage.np.corrcoef,valid_mutation,valid_mutation,valid,x,value_nan,differential_mismatch,DifferentialMismatch,success/exception mismatch between cpu and mps,stage4/results/torch-thesis-all-coverage/execution_results/torch.storage.np.corrcoef.results.json
torch.storage.np.corrcoef,valid_mutation,valid_mutation,valid,x,enum_switch,differential_mismatch,DifferentialMismatch,success/exception mismatch between cpu and mps,stage4/results/torch-thesis-all-coverage/execution_results/torch.storage.np.corrcoef.results.json
torch.storage.np.corrcoef,negative_mutation,negative_mutation,negative,x,enum_invalid,negative_accepted_not_bug,,,stage4/results/torch-thesis-all-coverage/execution_results/torch.storage.np.corrcoef.results.json
torch.storage.np.count_nonzero,base_execution,base_valid,valid,,,differential_mismatch,DifferentialMismatch,success/exception mismatch between cpu and mps,stage4/results/torch-thesis-all-coverage/execution_results/torch.storage.np.count_nonzero.results.json
torch.storage.np.count_nonzero,valid_mutation,valid_mutation,valid,a,value_mask,differential_mismatch,DifferentialMismatch,success/exception mismatch between cpu and mps,stage4/results/torch-thesis-all-coverage/execution_results/torch.storage.np.count_nonzero.results.json
torch.storage.np.count_nonzero,valid_mutation,valid_mutation,valid,a,value_negzero,differential_mismatch,DifferentialMismatch,success/exception mismatch between cpu and mps,stage4/results/torch-thesis-all-coverage/execution_results/torch.storage.np.count_nonzero.results.json
torch.storage.np.count_nonzero,valid_mutation,valid_mutation,valid,a,value_division,differential_mismatch,DifferentialMismatch,success/exception mismatch between cpu and mps,stage4/results/torch-thesis-all-coverage/execution_results/torch.storage.np.count_nonzero.results.json
torch.storage.np.count_nonzero,valid_mutation,valid_mutation,valid,a,value_noise,differential_mismatch,DifferentialMismatch,success/exception mismatch between cpu and mps,stage4/results/torch-thesis-all-coverage/execution_results/torch.storage.np.count_nonzero.results.json
torch.storage.np.count_nonzero,valid_mutation,valid_mutation,valid,a,value_neginf,differential_mismatch,DifferentialMismatch,success/exception mismatch between cpu and mps,stage4/results/torch-thesis-all-coverage/execution_results/torch.storage.np.count_nonzero.results.json
torch.storage.np.count_nonzero,valid_mutation,valid_mutation,valid,a,value_large_magnitude,differential_mismatch,DifferentialMismatch,success/exception mismatch between cpu and mps,stage4/results/torch-thesis-all-coverage/execution_results/torch.storage.np.count_nonzero.results.json
torch.storage.np.count_nonzero,valid_mutation,valid_mutation,valid,a,value_nan,differential_mismatch,DifferentialMismatch,success/exception mismatch between cpu and mps,stage4/results/torch-thesis-all-coverage/execution_results/torch.storage.np.count_nonzero.results.json
torch.storage.np.count_nonzero,valid_mutation,valid_mutation,valid,a,value_posinf,differential_mismatch,DifferentialMismatch,success/exception mismatch between cpu and mps,stage4/results/torch-thesis-all-coverage/execution_results/torch.storage.np.count_nonzero.results.json
torch.storage.np.count_nonzero,negative_mutation,negative_mutation,negative,a,shape_shrink,negative_accepted_not_bug,,,stage4/results/torch-thesis-all-coverage/execution_results/torch.storage.np.count_nonzero.results.json
torch.storage.np.count_nonzero,negative_mutation,negative_mutation,negative,a,dtype_mutate,negative_accepted_not_bug,,,stage4/results/torch-thesis-all-coverage/execution_results/torch.storage.np.count_nonzero.results.json
torch.storage.np.cov,base_execution,base_valid,valid,,,differential_mismatch,DifferentialMismatch,success/exception mismatch between cpu and mps,stage4/results/torch-thesis-all-coverage/execution_results/torch.storage.np.cov.results.json
torch.storage.np.cov,valid_mutation,valid_mutation,valid,m,value_posinf,differential_mismatch,DifferentialMismatch,success/exception mismatch between cpu and mps,stage4/results/torch-thesis-all-coverage/execution_results/torch.storage.np.cov.results.json
torch.storage.np.cov,valid_mutation,valid_mutation,valid,m,value_large_magnitude,differential_mismatch,DifferentialMismatch,success/exception mismatch between cpu and mps,stage4/results/torch-thesis-all-coverage/execution_results/torch.storage.np.cov.results.json
torch.storage.np.cov,valid_mutation,valid_mutation,valid,m,enum_switch,differential_mismatch,DifferentialMismatch,success/exception mismatch between cpu and mps,stage4/results/torch-thesis-all-coverage/execution_results/torch.storage.np.cov.results.json
torch.storage.np.cov,valid_mutation,valid_mutation,valid,m,value_negzero,differential_mismatch,DifferentialMismatch,success/exception mismatch between cpu and mps,stage4/results/torch-thesis-all-coverage/execution_results/torch.storage.np.cov.results.json
torch.storage.np.cov,valid_mutation,valid_mutation,valid,m,value_neginf,differential_mismatch,DifferentialMismatch,success/exception mismatch between cpu and mps,stage4/results/torch-thesis-all-coverage/execution_results/torch.storage.np.cov.results.json
torch.storage.np.cov,valid_mutation,valid_mutation,valid,m,value_nan,differential_mismatch,DifferentialMismatch,success/exception mismatch between cpu and mps,stage4/results/torch-thesis-all-coverage/execution_results/torch.storage.np.cov.results.json
torch.storage.np.cov,negative_mutation,negative_mutation,negative,m,enum_invalid,negative_accepted_not_bug,,,stage4/results/torch-thesis-all-coverage/execution_results/torch.storage.np.cov.results.json
torch.storage.np.cumprod,base_execution,base_valid,valid,,,differential_mismatch,DifferentialMismatch,success/exception mismatch between cpu and mps,stage4/results/torch-thesis-all-coverage/execution_results/torch.storage.np.cumprod.results.json
torch.storage.np.cumprod,valid_mutation,valid_mutation,valid,a,value_large_magnitude,differential_mismatch,DifferentialMismatch,success/exception mismatch between cpu and mps,stage4/results/torch-thesis-all-coverage/execution_results/torch.storage.np.cumprod.results.json
torch.storage.np.cumprod,valid_mutation,valid_mutation,valid,a,value_noise,differential_mismatch,DifferentialMismatch,success/exception mismatch between cpu and mps,stage4/results/torch-thesis-all-coverage/execution_results/torch.storage.np.cumprod.results.json
torch.storage.np.cumprod,valid_mutation,valid_mutation,valid,a,value_negzero,differential_mismatch,DifferentialMismatch,success/exception mismatch between cpu and mps,stage4/results/torch-thesis-all-coverage/execution_results/torch.storage.np.cumprod.results.json
torch.storage.np.cumprod,valid_mutation,valid_mutation,valid,a,value_posinf,differential_mismatch,DifferentialMismatch,success/exception mismatch between cpu and mps,stage4/results/torch-thesis-all-coverage/execution_results/torch.storage.np.cumprod.results.json
torch.storage.np.cumprod,valid_mutation,valid_mutation,valid,a,value_nan,differential_mismatch,DifferentialMismatch,success/exception mismatch between cpu and mps,stage4/results/torch-thesis-all-coverage/execution_results/torch.storage.np.cumprod.results.json
torch.storage.np.cumprod,valid_mutation,valid_mutation,valid,a,value_neginf,differential_mismatch,DifferentialMismatch,success/exception mismatch between cpu and mps,stage4/results/torch-thesis-all-coverage/execution_results/torch.storage.np.cumprod.results.json
torch.storage.np.cumprod,valid_mutation,valid_mutation,valid,a,value_division,differential_mismatch,DifferentialMismatch,success/exception mismatch between cpu and mps,stage4/results/torch-thesis-all-coverage/execution_results/torch.storage.np.cumprod.results.json
torch.storage.np.cumprod,valid_mutation,valid_mutation,valid,a,value_mask,differential_mismatch,DifferentialMismatch,success/exception mismatch between cpu and mps,stage4/results/torch-thesis-all-coverage/execution_results/torch.storage.np.cumprod.results.json
torch.storage.np.cumprod,negative_mutation,negative_mutation,negative,a,shape_shrink,negative_accepted_not_bug,,,stage4/results/torch-thesis-all-coverage/execution_results/torch.storage.np.cumprod.results.json
torch.storage.np.cumprod,negative_mutation,negative_mutation,negative,a,dtype_mutate,negative_accepted_not_bug,,,stage4/results/torch-thesis-all-coverage/execution_results/torch.storage.np.cumprod.results.json
torch.storage.np.diff,base_execution,base_valid,valid,,,differential_mismatch,DifferentialMismatch,success/exception mismatch between cpu and mps,stage4/results/torch-thesis-all-coverage/execution_results/torch.storage.np.diff.results.json
torch.storage.np.diff,valid_mutation,valid_mutation,valid,a,value_large_magnitude,differential_mismatch,DifferentialMismatch,success/exception mismatch between cpu and mps,stage4/results/torch-thesis-all-coverage/execution_results/torch.storage.np.diff.results.json
torch.storage.np.diff,valid_mutation,valid_mutation,valid,a,value_nan,differential_mismatch,DifferentialMismatch,success/exception mismatch between cpu and mps,stage4/results/torch-thesis-all-coverage/execution_results/torch.storage.np.diff.results.json
torch.storage.np.diff,valid_mutation,valid_mutation,valid,a,value_neginf,differential_mismatch,DifferentialMismatch,success/exception mismatch between cpu and mps,stage4/results/torch-thesis-all-coverage/execution_results/torch.storage.np.diff.results.json
torch.storage.np.diff,valid_mutation,valid_mutation,valid,a,value_division,differential_mismatch,DifferentialMismatch,success/exception mismatch between cpu and mps,stage4/results/torch-thesis-all-coverage/execution_results/torch.storage.np.diff.results.json
torch.storage.np.diff,valid_mutation,valid_mutation,valid,a,value_mask,differential_mismatch,DifferentialMismatch,success/exception mismatch between cpu and mps,stage4/results/torch-thesis-all-coverage/execution_results/torch.storage.np.diff.results.json
torch.storage.np.diff,valid_mutation,valid_mutation,valid,a,value_negzero,differential_mismatch,DifferentialMismatch,success/exception mismatch between cpu and mps,stage4/results/torch-thesis-all-coverage/execution_results/torch.storage.np.diff.results.json
torch.storage.np.diff,valid_mutation,valid_mutation,valid,a,value_noise,differential_mismatch,DifferentialMismatch,success/exception mismatch between cpu and mps,stage4/results/torch-thesis-all-coverage/execution_results/torch.storage.np.diff.results.json
torch.storage.np.diff,valid_mutation,valid_mutation,valid,a,value_posinf,differential_mismatch,DifferentialMismatch,success/exception mismatch between cpu and mps,stage4/results/torch-thesis-all-coverage/execution_results/torch.storage.np.diff.results.json
torch.storage.np.diff,negative_mutation,negative_mutation,negative,a,shape_shrink,negative_accepted_not_bug,,,stage4/results/torch-thesis-all-coverage/execution_results/torch.storage.np.diff.results.json
torch.storage.np.diff,negative_mutation,negative_mutation,negative,a,dtype_mutate,negative_accepted_not_bug,,,stage4/results/torch-thesis-all-coverage/execution_results/torch.storage.np.diff.results.json
torch.storage.np.digitize,base_execution,base_valid,valid,,,differential_mismatch,DifferentialMismatch,success/exception mismatch between cpu and mps,stage4/results/torch-thesis-all-coverage/execution_results/torch.storage.np.digitize.results.json
torch.storage.np.digitize,valid_mutation,valid_mutation,valid,x,value_negzero,differential_mismatch,DifferentialMismatch,success/exception mismatch between cpu and mps,stage4/results/torch-thesis-all-coverage/execution_results/torch.storage.np.digitize.results.json
torch.storage.np.digitize,valid_mutation,valid_mutation,valid,x,value_neginf,differential_mismatch,DifferentialMismatch,success/exception mismatch between cpu and mps,stage4/results/torch-thesis-all-coverage/execution_results/torch.storage.np.digitize.results.json
torch.storage.np.digitize,valid_mutation,valid_mutation,valid,x,value_division,differential_mismatch,DifferentialMismatch,success/exception mismatch between cpu and mps,stage4/results/torch-thesis-all-coverage/execution_results/torch.storage.np.digitize.results.json
torch.storage.np.digitize,valid_mutation,valid_mutation,valid,x,value_mask,differential_mismatch,DifferentialMismatch,success/exception mismatch between cpu and mps,stage4/results/torch-thesis-all-coverage/execution_results/torch.storage.np.digitize.results.json
torch.storage.np.digitize,valid_mutation,valid_mutation,valid,x,value_large_magnitude,differential_mismatch,DifferentialMismatch,success/exception mismatch between cpu and mps,stage4/results/torch-thesis-all-coverage/execution_results/torch.storage.np.digitize.results.json
torch.storage.np.digitize,valid_mutation,valid_mutation,valid,x,value_nan,differential_mismatch,DifferentialMismatch,success/exception mismatch between cpu and mps,stage4/results/torch-thesis-all-coverage/execution_results/torch.storage.np.digitize.results.json
torch.storage.np.digitize,valid_mutation,valid_mutation,valid,x,value_noise,differential_mismatch,DifferentialMismatch,success/exception mismatch between cpu and mps,stage4/results/torch-thesis-all-coverage/execution_results/torch.storage.np.digitize.results.json
torch.storage.np.digitize,valid_mutation,valid_mutation,valid,x,value_posinf,differential_mismatch,DifferentialMismatch,success/exception mismatch between cpu and mps,stage4/results/torch-thesis-all-coverage/execution_results/torch.storage.np.digitize.results.json
torch.storage.np.digitize,negative_mutation,negative_mutation,negative,x,shape_expand,negative_accepted_not_bug,,,stage4/results/torch-thesis-all-coverage/execution_results/torch.storage.np.digitize.results.json
torch.storage.np.digitize,negative_mutation,negative_mutation,negative,x,dtype_mutate,negative_accepted_not_bug,,,stage4/results/torch-thesis-all-coverage/execution_results/torch.storage.np.digitize.results.json
torch.storage.np.digitize,valid_mutation,valid_mutation,valid,bins,value_noise,differential_mismatch,DifferentialMismatch,success/exception mismatch between cpu and mps,stage4/results/torch-thesis-all-coverage/execution_results/torch.storage.np.digitize.results.json
torch.storage.np.digitize,valid_mutation,valid_mutation,valid,bins,value_negzero,differential_mismatch,DifferentialMismatch,success/exception mismatch between cpu and mps,stage4/results/torch-thesis-all-coverage/execution_results/torch.storage.np.digitize.results.json
torch.storage.np.digitize,valid_mutation,valid_mutation,valid,bins,value_posinf,differential_mismatch,DifferentialMismatch,success/exception mismatch between cpu and mps,stage4/results/torch-thesis-all-coverage/execution_results/torch.storage.np.digitize.results.json
torch.storage.np.digitize,valid_mutation,valid_mutation,valid,bins,value_division,differential_mismatch,DifferentialMismatch,success/exception mismatch between cpu and mps,stage4/results/torch-thesis-all-coverage/execution_results/torch.storage.np.digitize.results.json
torch.storage.np.digitize,valid_mutation,valid_mutation,valid,bins,value_large_magnitude,differential_mismatch,DifferentialMismatch,success/exception mismatch between cpu and mps,stage4/results/torch-thesis-all-coverage/execution_results/torch.storage.np.digitize.results.json
torch.storage.np.digitize,valid_mutation,valid_mutation,valid,bins,value_mask,differential_mismatch,DifferentialMismatch,success/exception mismatch between cpu and mps,stage4/results/torch-thesis-all-coverage/execution_results/torch.storage.np.digitize.results.json
torch.storage.np.digitize,valid_mutation,valid_mutation,valid,bins,value_neginf,differential_mismatch,DifferentialMismatch,success/exception mismatch between cpu and mps,stage4/results/torch-thesis-all-coverage/execution_results/torch.storage.np.digitize.results.json
torch.storage.np.digitize,valid_mutation,valid_mutation,valid,bins,value_nan,differential_mismatch,DifferentialMismatch,success/exception mismatch between cpu and mps,stage4/results/torch-thesis-all-coverage/execution_results/torch.storage.np.digitize.results.json
torch.storage.np.digitize,negative_mutation,negative_mutation,negative,bins,shape_expand,negative_accepted_not_bug,,,stage4/results/torch-thesis-all-coverage/execution_results/torch.storage.np.digitize.results.json
torch.storage.np.digitize,negative_mutation,negative_mutation,negative,bins,dtype_mutate,negative_accepted_not_bug,,,stage4/results/torch-thesis-all-coverage/execution_results/torch.storage.np.digitize.results.json
torch.storage.np.dstack,negative_mutation,negative_mutation,negative,tup,structure_shrink,negative_accepted_not_bug,,,stage4/results/torch-thesis-all-coverage/execution_results/torch.storage.np.dstack.results.json
torch.storage.np.empty,negative_mutation,negative_mutation,negative,shape,structure_shrink,negative_accepted_not_bug,,,stage4/results/torch-thesis-all-coverage/execution_results/torch.storage.np.empty.results.json
torch.storage.np.empty_like,base_execution,base_valid,valid,,,differential_mismatch,DifferentialMismatch,success/exception mismatch between cpu and mps,stage4/results/torch-thesis-all-coverage/execution_results/torch.storage.np.empty_like.results.json
torch.storage.np.empty_like,valid_mutation,valid_mutation,valid,prototype,value_posinf,differential_mismatch,DifferentialMismatch,success/exception mismatch between cpu and mps,stage4/results/torch-thesis-all-coverage/execution_results/torch.storage.np.empty_like.results.json
torch.storage.np.empty_like,valid_mutation,valid_mutation,valid,prototype,value_division,differential_mismatch,DifferentialMismatch,success/exception mismatch between cpu and mps,stage4/results/torch-thesis-all-coverage/execution_results/torch.storage.np.empty_like.results.json
torch.storage.np.empty_like,valid_mutation,valid_mutation,valid,prototype,value_negzero,differential_mismatch,DifferentialMismatch,success/exception mismatch between cpu and mps,stage4/results/torch-thesis-all-coverage/execution_results/torch.storage.np.empty_like.results.json
torch.storage.np.empty_like,valid_mutation,valid_mutation,valid,prototype,value_nan,differential_mismatch,DifferentialMismatch,success/exception mismatch between cpu and mps,stage4/results/torch-thesis-all-coverage/execution_results/torch.storage.np.empty_like.results.json
torch.storage.np.empty_like,valid_mutation,valid_mutation,valid,prototype,value_large_magnitude,differential_mismatch,DifferentialMismatch,success/exception mismatch between cpu and mps,stage4/results/torch-thesis-all-coverage/execution_results/torch.storage.np.empty_like.results.json
torch.storage.np.empty_like,valid_mutation,valid_mutation,valid,prototype,value_neginf,differential_mismatch,DifferentialMismatch,success/exception mismatch between cpu and mps,stage4/results/torch-thesis-all-coverage/execution_results/torch.storage.np.empty_like.results.json
torch.storage.np.empty_like,valid_mutation,valid_mutation,valid,prototype,value_mask,differential_mismatch,DifferentialMismatch,success/exception mismatch between cpu and mps,stage4/results/torch-thesis-all-coverage/execution_results/torch.storage.np.empty_like.results.json
torch.storage.np.empty_like,valid_mutation,valid_mutation,valid,prototype,value_noise,differential_mismatch,DifferentialMismatch,success/exception mismatch between cpu and mps,stage4/results/torch-thesis-all-coverage/execution_results/torch.storage.np.empty_like.results.json
torch.storage.np.empty_like,negative_mutation,negative_mutation,negative,prototype,shape_shrink,negative_accepted_not_bug,,,stage4/results/torch-thesis-all-coverage/execution_results/torch.storage.np.empty_like.results.json
torch.storage.np.empty_like,negative_mutation,negative_mutation,negative,prototype,dtype_mutate,negative_accepted_not_bug,,,stage4/results/torch-thesis-all-coverage/execution_results/torch.storage.np.empty_like.results.json
torch.storage.np.expand_dims,base_execution,base_valid,valid,,,differential_mismatch,DifferentialMismatch,success/exception mismatch between cpu and mps,stage4/results/torch-thesis-all-coverage/execution_results/torch.storage.np.expand_dims.results.json
torch.storage.np.expand_dims,valid_mutation,valid_mutation,valid,a,value_mask,differential_mismatch,DifferentialMismatch,success/exception mismatch between cpu and mps,stage4/results/torch-thesis-all-coverage/execution_results/torch.storage.np.expand_dims.results.json
torch.storage.np.expand_dims,valid_mutation,valid_mutation,valid,a,value_posinf,differential_mismatch,DifferentialMismatch,success/exception mismatch between cpu and mps,stage4/results/torch-thesis-all-coverage/execution_results/torch.storage.np.expand_dims.results.json
torch.storage.np.expand_dims,valid_mutation,valid_mutation,valid,a,value_noise,differential_mismatch,DifferentialMismatch,success/exception mismatch between cpu and mps,stage4/results/torch-thesis-all-coverage/execution_results/torch.storage.np.expand_dims.results.json
torch.storage.np.expand_dims,valid_mutation,valid_mutation,valid,a,value_large_magnitude,differential_mismatch,DifferentialMismatch,success/exception mismatch between cpu and mps,stage4/results/torch-thesis-all-coverage/execution_results/torch.storage.np.expand_dims.results.json
torch.storage.np.expand_dims,valid_mutation,valid_mutation,valid,a,value_negzero,differential_mismatch,DifferentialMismatch,success/exception mismatch between cpu and mps,stage4/results/torch-thesis-all-coverage/execution_results/torch.storage.np.expand_dims.results.json
torch.storage.np.expand_dims,valid_mutation,valid_mutation,valid,a,value_division,differential_mismatch,DifferentialMismatch,success/exception mismatch between cpu and mps,stage4/results/torch-thesis-all-coverage/execution_results/torch.storage.np.expand_dims.results.json
torch.storage.np.expand_dims,valid_mutation,valid_mutation,valid,a,value_neginf,differential_mismatch,DifferentialMismatch,success/exception mismatch between cpu and mps,stage4/results/torch-thesis-all-coverage/execution_results/torch.storage.np.expand_dims.results.json
torch.storage.np.expand_dims,valid_mutation,valid_mutation,valid,a,value_nan,differential_mismatch,DifferentialMismatch,success/exception mismatch between cpu and mps,stage4/results/torch-thesis-all-coverage/execution_results/torch.storage.np.expand_dims.results.json
torch.storage.np.expand_dims,negative_mutation,negative_mutation,negative,a,shape_expand,negative_accepted_not_bug,,,stage4/results/torch-thesis-all-coverage/execution_results/torch.storage.np.expand_dims.results.json
torch.storage.np.expand_dims,negative_mutation,negative_mutation,negative,a,dtype_mutate,negative_accepted_not_bug,,,stage4/results/torch-thesis-all-coverage/execution_results/torch.storage.np.expand_dims.results.json
torch.storage.np.expand_dims,valid_mutation,valid_mutation,valid,axis,value_large_magnitude,differential_mismatch,DifferentialMismatch,success/exception mismatch between cpu and mps,stage4/results/torch-thesis-all-coverage/execution_results/torch.storage.np.expand_dims.results.json
torch.storage.np.expand_dims,valid_mutation,valid_mutation,valid,axis,scalar_delta,differential_mismatch,DifferentialMismatch,success/exception mismatch between cpu and mps,stage4/results/torch-thesis-all-coverage/execution_results/torch.storage.np.expand_dims.results.json
torch.storage.np.expand_dims,negative_mutation,negative_mutation,negative,axis,type_widen,negative_accepted_not_bug,,,stage4/results/torch-thesis-all-coverage/execution_results/torch.storage.np.expand_dims.results.json
torch.storage.np.extract,base_execution,base_valid,valid,,,differential_mismatch,DifferentialMismatch,success/exception mismatch between cpu and mps,stage4/results/torch-thesis-all-coverage/execution_results/torch.storage.np.extract.results.json
torch.storage.np.extract,valid_mutation,valid_mutation,valid,condition,value_mask,differential_mismatch,DifferentialMismatch,success/exception mismatch between cpu and mps,stage4/results/torch-thesis-all-coverage/execution_results/torch.storage.np.extract.results.json
torch.storage.np.extract,valid_mutation,valid_mutation,valid,condition,value_nan,differential_mismatch,DifferentialMismatch,success/exception mismatch between cpu and mps,stage4/results/torch-thesis-all-coverage/execution_results/torch.storage.np.extract.results.json
torch.storage.np.extract,valid_mutation,valid_mutation,valid,condition,value_neginf,differential_mismatch,DifferentialMismatch,success/exception mismatch between cpu and mps,stage4/results/torch-thesis-all-coverage/execution_results/torch.storage.np.extract.results.json
torch.storage.np.extract,valid_mutation,valid_mutation,valid,condition,value_negzero,differential_mismatch,DifferentialMismatch,success/exception mismatch between cpu and mps,stage4/results/torch-thesis-all-coverage/execution_results/torch.storage.np.extract.results.json
torch.storage.np.extract,valid_mutation,valid_mutation,valid,condition,value_noise,differential_mismatch,DifferentialMismatch,success/exception mismatch between cpu and mps,stage4/results/torch-thesis-all-coverage/execution_results/torch.storage.np.extract.results.json
torch.storage.np.extract,valid_mutation,valid_mutation,valid,condition,value_division,differential_mismatch,DifferentialMismatch,success/exception mismatch between cpu and mps,stage4/results/torch-thesis-all-coverage/execution_results/torch.storage.np.extract.results.json
torch.storage.np.extract,valid_mutation,valid_mutation,valid,condition,value_posinf,differential_mismatch,DifferentialMismatch,success/exception mismatch between cpu and mps,stage4/results/torch-thesis-all-coverage/execution_results/torch.storage.np.extract.results.json
torch.storage.np.extract,valid_mutation,valid_mutation,valid,condition,value_large_magnitude,differential_mismatch,DifferentialMismatch,success/exception mismatch between cpu and mps,stage4/results/torch-thesis-all-coverage/execution_results/torch.storage.np.extract.results.json
torch.storage.np.extract,negative_mutation,negative_mutation,negative,condition,shape_shrink,negative_accepted_not_bug,,,stage4/results/torch-thesis-all-coverage/execution_results/torch.storage.np.extract.results.json
torch.storage.np.extract,negative_mutation,negative_mutation,negative,condition,dtype_mutate,negative_accepted_not_bug,,,stage4/results/torch-thesis-all-coverage/execution_results/torch.storage.np.extract.results.json
torch.storage.np.extract,valid_mutation,valid_mutation,valid,arr,value_noise,differential_mismatch,DifferentialMismatch,success/exception mismatch between cpu and mps,stage4/results/torch-thesis-all-coverage/execution_results/torch.storage.np.extract.results.json
torch.storage.np.extract,valid_mutation,valid_mutation,valid,arr,value_neginf,differential_mismatch,DifferentialMismatch,success/exception mismatch between cpu and mps,stage4/results/torch-thesis-all-coverage/execution_results/torch.storage.np.extract.results.json
torch.storage.np.extract,valid_mutation,valid_mutation,valid,arr,value_posinf,differential_mismatch,DifferentialMismatch,success/exception mismatch between cpu and mps,stage4/results/torch-thesis-all-coverage/execution_results/torch.storage.np.extract.results.json
torch.storage.np.extract,valid_mutation,valid_mutation,valid,arr,value_mask,differential_mismatch,DifferentialMismatch,success/exception mismatch between cpu and mps,stage4/results/torch-thesis-all-coverage/execution_results/torch.storage.np.extract.results.json
torch.storage.np.extract,valid_mutation,valid_mutation,valid,arr,value_negzero,differential_mismatch,DifferentialMismatch,success/exception mismatch between cpu and mps,stage4/results/torch-thesis-all-coverage/execution_results/torch.storage.np.extract.results.json
torch.storage.np.extract,valid_mutation,valid_mutation,valid,arr,value_large_magnitude,differential_mismatch,DifferentialMismatch,success/exception mismatch between cpu and mps,stage4/results/torch-thesis-all-coverage/execution_results/torch.storage.np.extract.results.json
torch.storage.np.extract,valid_mutation,valid_mutation,valid,arr,value_nan,differential_mismatch,DifferentialMismatch,success/exception mismatch between cpu and mps,stage4/results/torch-thesis-all-coverage/execution_results/torch.storage.np.extract.results.json
torch.storage.np.extract,valid_mutation,valid_mutation,valid,arr,value_division,differential_mismatch,DifferentialMismatch,success/exception mismatch between cpu and mps,stage4/results/torch-thesis-all-coverage/execution_results/torch.storage.np.extract.results.json
torch.storage.np.extract,negative_mutation,negative_mutation,negative,arr,shape_expand,negative_accepted_not_bug,,,stage4/results/torch-thesis-all-coverage/execution_results/torch.storage.np.extract.results.json
torch.storage.np.extract,negative_mutation,negative_mutation,negative,arr,dtype_mutate,negative_accepted_not_bug,,,stage4/results/torch-thesis-all-coverage/execution_results/torch.storage.np.extract.results.json
torch.storage.np.fft.fftfreq,negative_mutation,negative_mutation,negative,n,type_widen,expected_negative_rejection,ValueError,n should be an integer,stage4/results/torch-thesis-all-coverage/execution_results/torch.storage.np.fft.fftfreq.results.json
torch.storage.np.fft.fftn,base_execution,base_valid,valid,,,differential_mismatch,DifferentialMismatch,success/exception mismatch between cpu and mps,stage4/results/torch-thesis-all-coverage/execution_results/torch.storage.np.fft.fftn.results.json
torch.storage.np.fft.fftn,valid_mutation,valid_mutation,valid,a,value_large_magnitude,differential_mismatch,DifferentialMismatch,success/exception mismatch between cpu and mps,stage4/results/torch-thesis-all-coverage/execution_results/torch.storage.np.fft.fftn.results.json
torch.storage.np.fft.fftn,valid_mutation,valid_mutation,valid,a,value_negzero,differential_mismatch,DifferentialMismatch,success/exception mismatch between cpu and mps,stage4/results/torch-thesis-all-coverage/execution_results/torch.storage.np.fft.fftn.results.json
torch.storage.np.fft.fftn,valid_mutation,valid_mutation,valid,a,value_posinf,differential_mismatch,DifferentialMismatch,success/exception mismatch between cpu and mps,stage4/results/torch-thesis-all-coverage/execution_results/torch.storage.np.fft.fftn.results.json
torch.storage.np.fft.fftn,valid_mutation,valid_mutation,valid,a,value_mask,differential_mismatch,DifferentialMismatch,success/exception mismatch between cpu and mps,stage4/results/torch-thesis-all-coverage/execution_results/torch.storage.np.fft.fftn.results.json
torch.storage.np.fft.fftn,valid_mutation,valid_mutation,valid,a,value_noise,differential_mismatch,DifferentialMismatch,success/exception mismatch between cpu and mps,stage4/results/torch-thesis-all-coverage/execution_results/torch.storage.np.fft.fftn.results.json
torch.storage.np.fft.fftn,valid_mutation,valid_mutation,valid,a,value_neginf,differential_mismatch,DifferentialMismatch,success/exception mismatch between cpu and mps,stage4/results/torch-thesis-all-coverage/execution_results/torch.storage.np.fft.fftn.results.json
torch.storage.np.fft.fftn,valid_mutation,valid_mutation,valid,a,value_division,differential_mismatch,DifferentialMismatch,success/exception mismatch between cpu and mps,stage4/results/torch-thesis-all-coverage/execution_results/torch.storage.np.fft.fftn.results.json
torch.storage.np.fft.fftn,valid_mutation,valid_mutation,valid,a,value_nan,differential_mismatch,DifferentialMismatch,success/exception mismatch between cpu and mps,stage4/results/torch-thesis-all-coverage/execution_results/torch.storage.np.fft.fftn.results.json
torch.storage.np.fft.fftn,negative_mutation,negative_mutation,negative,a,shape_expand,negative_accepted_not_bug,,,stage4/results/torch-thesis-all-coverage/execution_results/torch.storage.np.fft.fftn.results.json
torch.storage.np.fft.fftn,negative_mutation,negative_mutation,negative,a,dtype_mutate,negative_accepted_not_bug,,,stage4/results/torch-thesis-all-coverage/execution_results/torch.storage.np.fft.fftn.results.json
torch.storage.np.fft.fftshift,negative_mutation,negative_mutation,negative,x,shape_expand,negative_accepted_not_bug,,,stage4/results/torch-thesis-all-coverage/execution_results/torch.storage.np.fft.fftshift.results.json
torch.storage.np.fft.fftshift,negative_mutation,negative_mutation,negative,x,dtype_mutate,negative_accepted_not_bug,,,stage4/results/torch-thesis-all-coverage/execution_results/torch.storage.np.fft.fftshift.results.json
torch.storage.np.fft.ifftn,base_execution,base_valid,valid,,,differential_mismatch,DifferentialMismatch,success/exception mismatch between cpu and mps,stage4/results/torch-thesis-all-coverage/execution_results/torch.storage.np.fft.ifftn.results.json
torch.storage.np.fft.ifftn,valid_mutation,valid_mutation,valid,a,value_noise,differential_mismatch,DifferentialMismatch,success/exception mismatch between cpu and mps,stage4/results/torch-thesis-all-coverage/execution_results/torch.storage.np.fft.ifftn.results.json
torch.storage.np.fft.ifftn,valid_mutation,valid_mutation,valid,a,value_negzero,differential_mismatch,DifferentialMismatch,success/exception mismatch between cpu and mps,stage4/results/torch-thesis-all-coverage/execution_results/torch.storage.np.fft.ifftn.results.json
torch.storage.np.fft.ifftn,valid_mutation,valid_mutation,valid,a,value_large_magnitude,differential_mismatch,DifferentialMismatch,success/exception mismatch between cpu and mps,stage4/results/torch-thesis-all-coverage/execution_results/torch.storage.np.fft.ifftn.results.json
torch.storage.np.fft.ifftn,valid_mutation,valid_mutation,valid,a,value_mask,differential_mismatch,DifferentialMismatch,success/exception mismatch between cpu and mps,stage4/results/torch-thesis-all-coverage/execution_results/torch.storage.np.fft.ifftn.results.json
torch.storage.np.fft.ifftn,valid_mutation,valid_mutation,valid,a,value_nan,differential_mismatch,DifferentialMismatch,success/exception mismatch between cpu and mps,stage4/results/torch-thesis-all-coverage/execution_results/torch.storage.np.fft.ifftn.results.json
torch.storage.np.fft.ifftn,valid_mutation,valid_mutation,valid,a,value_posinf,differential_mismatch,DifferentialMismatch,success/exception mismatch between cpu and mps,stage4/results/torch-thesis-all-coverage/execution_results/torch.storage.np.fft.ifftn.results.json
torch.storage.np.fft.ifftn,valid_mutation,valid_mutation,valid,a,value_neginf,differential_mismatch,DifferentialMismatch,success/exception mismatch between cpu and mps,stage4/results/torch-thesis-all-coverage/execution_results/torch.storage.np.fft.ifftn.results.json
torch.storage.np.fft.ifftn,valid_mutation,valid_mutation,valid,a,value_division,differential_mismatch,DifferentialMismatch,success/exception mismatch between cpu and mps,stage4/results/torch-thesis-all-coverage/execution_results/torch.storage.np.fft.ifftn.results.json
torch.storage.np.fft.ifftn,negative_mutation,negative_mutation,negative,a,shape_shrink,negative_accepted_not_bug,,,stage4/results/torch-thesis-all-coverage/execution_results/torch.storage.np.fft.ifftn.results.json
torch.storage.np.fft.ifftn,negative_mutation,negative_mutation,negative,a,dtype_mutate,negative_accepted_not_bug,,,stage4/results/torch-thesis-all-coverage/execution_results/torch.storage.np.fft.ifftn.results.json
torch.storage.np.fft.ifftshift,base_execution,base_valid,valid,,,differential_mismatch,DifferentialMismatch,success/exception mismatch between cpu and mps,stage4/results/torch-thesis-all-coverage/execution_results/torch.storage.np.fft.ifftshift.results.json
torch.storage.np.fft.ifftshift,valid_mutation,valid_mutation,valid,x,value_neginf,differential_mismatch,DifferentialMismatch,success/exception mismatch between cpu and mps,stage4/results/torch-thesis-all-coverage/execution_results/torch.storage.np.fft.ifftshift.results.json
torch.storage.np.fft.ifftshift,valid_mutation,valid_mutation,valid,x,value_nan,differential_mismatch,DifferentialMismatch,success/exception mismatch between cpu and mps,stage4/results/torch-thesis-all-coverage/execution_results/torch.storage.np.fft.ifftshift.results.json
torch.storage.np.fft.ifftshift,valid_mutation,valid_mutation,valid,x,value_division,differential_mismatch,DifferentialMismatch,success/exception mismatch between cpu and mps,stage4/results/torch-thesis-all-coverage/execution_results/torch.storage.np.fft.ifftshift.results.json
torch.storage.np.fft.ifftshift,valid_mutation,valid_mutation,valid,x,value_negzero,differential_mismatch,DifferentialMismatch,success/exception mismatch between cpu and mps,stage4/results/torch-thesis-all-coverage/execution_results/torch.storage.np.fft.ifftshift.results.json
torch.storage.np.fft.ifftshift,valid_mutation,valid_mutation,valid,x,value_mask,differential_mismatch,DifferentialMismatch,success/exception mismatch between cpu and mps,stage4/results/torch-thesis-all-coverage/execution_results/torch.storage.np.fft.ifftshift.results.json
torch.storage.np.fft.ifftshift,valid_mutation,valid_mutation,valid,x,value_noise,differential_mismatch,DifferentialMismatch,success/exception mismatch between cpu and mps,stage4/results/torch-thesis-all-coverage/execution_results/torch.storage.np.fft.ifftshift.results.json
torch.storage.np.fft.ifftshift,valid_mutation,valid_mutation,valid,x,value_large_magnitude,differential_mismatch,DifferentialMismatch,success/exception mismatch between cpu and mps,stage4/results/torch-thesis-all-coverage/execution_results/torch.storage.np.fft.ifftshift.results.json
torch.storage.np.fft.ifftshift,valid_mutation,valid_mutation,valid,x,value_posinf,differential_mismatch,DifferentialMismatch,success/exception mismatch between cpu and mps,stage4/results/torch-thesis-all-coverage/execution_results/torch.storage.np.fft.ifftshift.results.json
torch.storage.np.fft.ifftshift,negative_mutation,negative_mutation,negative,x,shape_expand,negative_accepted_not_bug,,,stage4/results/torch-thesis-all-coverage/execution_results/torch.storage.np.fft.ifftshift.results.json
torch.storage.np.fft.ifftshift,negative_mutation,negative_mutation,negative,x,dtype_mutate,negative_accepted_not_bug,,,stage4/results/torch-thesis-all-coverage/execution_results/torch.storage.np.fft.ifftshift.results.json
torch.storage.np.fft.rfftfreq,negative_mutation,negative_mutation,negative,n,type_widen,expected_negative_rejection,ValueError,n should be an integer,stage4/results/torch-thesis-all-coverage/execution_results/torch.storage.np.fft.rfftfreq.results.json
torch.storage.np.fliplr,negative_mutation,negative_mutation,negative,m,shape_shrink,negative_accepted_not_bug,,,stage4/results/torch-thesis-all-coverage/execution_results/torch.storage.np.fliplr.results.json
torch.storage.np.fliplr,negative_mutation,negative_mutation,negative,m,dtype_mutate,negative_accepted_not_bug,,,stage4/results/torch-thesis-all-coverage/execution_results/torch.storage.np.fliplr.results.json
torch.storage.np.format_float_positional,negative_mutation,negative_mutation,negative,x,type_widen,negative_accepted_not_bug,,,stage4/results/torch-thesis-all-coverage/execution_results/torch.storage.np.format_float_positional.results.json
torch.storage.np.format_float_scientific,negative_mutation,negative_mutation,negative,x,type_widen,negative_accepted_not_bug,,,stage4/results/torch-thesis-all-coverage/execution_results/torch.storage.np.format_float_scientific.results.json
torch.storage.np.full,negative_mutation,negative_mutation,negative,shape,structure_shrink,negative_accepted_not_bug,,,stage4/results/torch-thesis-all-coverage/execution_results/torch.storage.np.full.results.json
torch.storage.np.full,negative_mutation,negative_mutation,negative,fill_value,type_widen,negative_accepted_not_bug,,,stage4/results/torch-thesis-all-coverage/execution_results/torch.storage.np.full.results.json
torch.storage.np.geomspace,negative_mutation,negative_mutation,negative,start,structure_shrink,negative_accepted_not_bug,,,stage4/results/torch-thesis-all-coverage/execution_results/torch.storage.np.geomspace.results.json
torch.storage.np.geomspace,negative_mutation,negative_mutation,negative,stop,enum_invalid,negative_accepted_not_bug,,,stage4/results/torch-thesis-all-coverage/execution_results/torch.storage.np.geomspace.results.json
torch.storage.np.histogram2d,negative_mutation,negative_mutation,negative,x,shape_expand,expected_negative_rejection,ValueError,x and y must have the same length.,stage4/results/torch-thesis-all-coverage/execution_results/torch.storage.np.histogram2d.results.json
torch.storage.np.histogram2d,negative_mutation,negative_mutation,negative,x,dtype_mutate,negative_accepted_not_bug,,,stage4/results/torch-thesis-all-coverage/execution_results/torch.storage.np.histogram2d.results.json
torch.storage.np.histogram2d,negative_mutation,negative_mutation,negative,y,shape_expand,expected_negative_rejection,ValueError,x and y must have the same length.,stage4/results/torch-thesis-all-coverage/execution_results/torch.storage.np.histogram2d.results.json
torch.storage.np.histogram2d,negative_mutation,negative_mutation,negative,y,dtype_mutate,negative_accepted_not_bug,,,stage4/results/torch-thesis-all-coverage/execution_results/torch.storage.np.histogram2d.results.json
torch.storage.np.histogram_bin_edges,base_execution,base_valid,valid,,,differential_mismatch,DifferentialMismatch,success/exception mismatch between cpu and mps,stage4/results/torch-thesis-all-coverage/execution_results/torch.storage.np.histogram_bin_edges.results.json
torch.storage.np.histogram_bin_edges,valid_mutation,valid_mutation,valid,a,value_nan,invalid_valid_mutation,ValueError,"autodetected range of [nan, nan] is not finite",stage4/results/torch-thesis-all-coverage/execution_results/torch.storage.np.histogram_bin_edges.results.json
torch.storage.np.histogram_bin_edges,valid_mutation,valid_mutation,valid,a,value_noise,differential_mismatch,DifferentialMismatch,success/exception mismatch between cpu and mps,stage4/results/torch-thesis-all-coverage/execution_results/torch.storage.np.histogram_bin_edges.results.json
torch.storage.np.histogram_bin_edges,valid_mutation,valid_mutation,valid,a,value_negzero,differential_mismatch,DifferentialMismatch,success/exception mismatch between cpu and mps,stage4/results/torch-thesis-all-coverage/execution_results/torch.storage.np.histogram_bin_edges.results.json
torch.storage.np.histogram_bin_edges,valid_mutation,valid_mutation,valid,a,value_large_magnitude,differential_mismatch,DifferentialMismatch,success/exception mismatch between cpu and mps,stage4/results/torch-thesis-all-coverage/execution_results/torch.storage.np.histogram_bin_edges.results.json
torch.storage.np.histogram_bin_edges,valid_mutation,valid_mutation,valid,a,value_neginf,invalid_valid_mutation,ValueError,"autodetected range of [-inf, 1.0] is not finite",stage4/results/torch-thesis-all-coverage/execution_results/torch.storage.np.histogram_bin_edges.results.json
torch.storage.np.histogram_bin_edges,valid_mutation,valid_mutation,valid,a,value_division,differential_mismatch,DifferentialMismatch,success/exception mismatch between cpu and mps,stage4/results/torch-thesis-all-coverage/execution_results/torch.storage.np.histogram_bin_edges.results.json
torch.storage.np.histogram_bin_edges,valid_mutation,valid_mutation,valid,a,value_posinf,invalid_valid_mutation,ValueError,"autodetected range of [1.0, inf] is not finite",stage4/results/torch-thesis-all-coverage/execution_results/torch.storage.np.histogram_bin_edges.results.json
torch.storage.np.histogram_bin_edges,valid_mutation,valid_mutation,valid,a,value_mask,differential_mismatch,DifferentialMismatch,success/exception mismatch between cpu and mps,stage4/results/torch-thesis-all-coverage/execution_results/torch.storage.np.histogram_bin_edges.results.json
torch.storage.np.histogram_bin_edges,negative_mutation,negative_mutation,negative,a,shape_shrink,negative_accepted_not_bug,,,stage4/results/torch-thesis-all-coverage/execution_results/torch.storage.np.histogram_bin_edges.results.json
torch.storage.np.histogram_bin_edges,negative_mutation,negative_mutation,negative,a,dtype_mutate,negative_accepted_not_bug,,,stage4/results/torch-thesis-all-coverage/execution_results/torch.storage.np.histogram_bin_edges.results.json
torch.storage.np.histogramdd,base_execution,base_valid,valid,,,differential_mismatch,DifferentialMismatch,success/exception mismatch between cpu and mps,stage4/results/torch-thesis-all-coverage/execution_results/torch.storage.np.histogramdd.results.json
torch.storage.np.histogramdd,valid_mutation,valid_mutation,valid,sample,value_negzero,differential_mismatch,DifferentialMismatch,success/exception mismatch between cpu and mps,stage4/results/torch-thesis-all-coverage/execution_results/torch.storage.np.histogramdd.results.json
torch.storage.np.histogramdd,valid_mutation,valid_mutation,valid,sample,value_nan,invalid_valid_mutation,ValueError,"autodetected range of [nan, nan] is not finite",stage4/results/torch-thesis-all-coverage/execution_results/torch.storage.np.histogramdd.results.json
torch.storage.np.histogramdd,valid_mutation,valid_mutation,valid,sample,value_noise,differential_mismatch,DifferentialMismatch,success/exception mismatch between cpu and mps,stage4/results/torch-thesis-all-coverage/execution_results/torch.storage.np.histogramdd.results.json
torch.storage.np.histogramdd,valid_mutation,valid_mutation,valid,sample,value_posinf,invalid_valid_mutation,ValueError,"autodetected range of [1.0, inf] is not finite",stage4/results/torch-thesis-all-coverage/execution_results/torch.storage.np.histogramdd.results.json
torch.storage.np.histogramdd,valid_mutation,valid_mutation,valid,sample,value_neginf,invalid_valid_mutation,ValueError,"autodetected range of [-inf, 1.0] is not finite",stage4/results/torch-thesis-all-coverage/execution_results/torch.storage.np.histogramdd.results.json
torch.storage.np.histogramdd,valid_mutation,valid_mutation,valid,sample,value_large_magnitude,differential_mismatch,DifferentialMismatch,success/exception mismatch between cpu and mps,stage4/results/torch-thesis-all-coverage/execution_results/torch.storage.np.histogramdd.results.json
torch.storage.np.histogramdd,valid_mutation,valid_mutation,valid,sample,value_mask,differential_mismatch,DifferentialMismatch,success/exception mismatch between cpu and mps,stage4/results/torch-thesis-all-coverage/execution_results/torch.storage.np.histogramdd.results.json
torch.storage.np.histogramdd,valid_mutation,valid_mutation,valid,sample,value_division,differential_mismatch,DifferentialMismatch,success/exception mismatch between cpu and mps,stage4/results/torch-thesis-all-coverage/execution_results/torch.storage.np.histogramdd.results.json
torch.storage.np.histogramdd,negative_mutation,negative_mutation,negative,sample,shape_shrink,negative_accepted_not_bug,,,stage4/results/torch-thesis-all-coverage/execution_results/torch.storage.np.histogramdd.results.json
torch.storage.np.histogramdd,negative_mutation,negative_mutation,negative,sample,dtype_mutate,negative_accepted_not_bug,,,stage4/results/torch-thesis-all-coverage/execution_results/torch.storage.np.histogramdd.results.json
torch.storage.np.hstack,base_execution,base_valid,valid,,,differential_mismatch,DifferentialMismatch,success/exception mismatch between cpu and mps,stage4/results/torch-thesis-all-coverage/execution_results/torch.storage.np.hstack.results.json
torch.storage.np.hstack,valid_mutation,valid_mutation,valid,tup,value_nan,differential_mismatch,DifferentialMismatch,success/exception mismatch between cpu and mps,stage4/results/torch-thesis-all-coverage/execution_results/torch.storage.np.hstack.results.json
torch.storage.np.hstack,valid_mutation,valid_mutation,valid,tup,value_negzero,differential_mismatch,DifferentialMismatch,success/exception mismatch between cpu and mps,stage4/results/torch-thesis-all-coverage/execution_results/torch.storage.np.hstack.results.json
torch.storage.np.hstack,valid_mutation,valid_mutation,valid,tup,value_division,differential_mismatch,DifferentialMismatch,success/exception mismatch between cpu and mps,stage4/results/torch-thesis-all-coverage/execution_results/torch.storage.np.hstack.results.json
torch.storage.np.hstack,valid_mutation,valid_mutation,valid,tup,value_noise,differential_mismatch,DifferentialMismatch,success/exception mismatch between cpu and mps,stage4/results/torch-thesis-all-coverage/execution_results/torch.storage.np.hstack.results.json
torch.storage.np.hstack,valid_mutation,valid_mutation,valid,tup,value_large_magnitude,differential_mismatch,DifferentialMismatch,success/exception mismatch between cpu and mps,stage4/results/torch-thesis-all-coverage/execution_results/torch.storage.np.hstack.results.json
torch.storage.np.hstack,valid_mutation,valid_mutation,valid,tup,value_mask,differential_mismatch,DifferentialMismatch,success/exception mismatch between cpu and mps,stage4/results/torch-thesis-all-coverage/execution_results/torch.storage.np.hstack.results.json
torch.storage.np.hstack,valid_mutation,valid_mutation,valid,tup,value_neginf,differential_mismatch,DifferentialMismatch,success/exception mismatch between cpu and mps,stage4/results/torch-thesis-all-coverage/execution_results/torch.storage.np.hstack.results.json
torch.storage.np.hstack,valid_mutation,valid_mutation,valid,tup,value_posinf,differential_mismatch,DifferentialMismatch,success/exception mismatch between cpu and mps,stage4/results/torch-thesis-all-coverage/execution_results/torch.storage.np.hstack.results.json
torch.storage.np.hstack,negative_mutation,negative_mutation,negative,tup,shape_shrink,negative_accepted_not_bug,,,stage4/results/torch-thesis-all-coverage/execution_results/torch.storage.np.hstack.results.json
torch.storage.np.hstack,negative_mutation,negative_mutation,negative,tup,dtype_mutate,negative_accepted_not_bug,,,stage4/results/torch-thesis-all-coverage/execution_results/torch.storage.np.hstack.results.json
torch.storage.np.identity,negative_mutation,negative_mutation,negative,n,enum_invalid,negative_accepted_not_bug,,,stage4/results/torch-thesis-all-coverage/execution_results/torch.storage.np.identity.results.json
torch.storage.np.iscomplex,base_execution,base_valid,valid,,,differential_mismatch,DifferentialMismatch,success/exception mismatch between cpu and mps,stage4/results/torch-thesis-all-coverage/execution_results/torch.storage.np.iscomplex.results.json
torch.storage.np.iscomplex,valid_mutation,valid_mutation,valid,x,value_division,differential_mismatch,DifferentialMismatch,success/exception mismatch between cpu and mps,stage4/results/torch-thesis-all-coverage/execution_results/torch.storage.np.iscomplex.results.json
torch.storage.np.iscomplex,valid_mutation,valid_mutation,valid,x,value_negzero,differential_mismatch,DifferentialMismatch,success/exception mismatch between cpu and mps,stage4/results/torch-thesis-all-coverage/execution_results/torch.storage.np.iscomplex.results.json
torch.storage.np.iscomplex,valid_mutation,valid_mutation,valid,x,value_noise,differential_mismatch,DifferentialMismatch,success/exception mismatch between cpu and mps,stage4/results/torch-thesis-all-coverage/execution_results/torch.storage.np.iscomplex.results.json
torch.storage.np.iscomplex,valid_mutation,valid_mutation,valid,x,value_posinf,differential_mismatch,DifferentialMismatch,success/exception mismatch between cpu and mps,stage4/results/torch-thesis-all-coverage/execution_results/torch.storage.np.iscomplex.results.json
torch.storage.np.iscomplex,valid_mutation,valid_mutation,valid,x,value_large_magnitude,differential_mismatch,DifferentialMismatch,success/exception mismatch between cpu and mps,stage4/results/torch-thesis-all-coverage/execution_results/torch.storage.np.iscomplex.results.json
torch.storage.np.iscomplex,valid_mutation,valid_mutation,valid,x,value_neginf,differential_mismatch,DifferentialMismatch,success/exception mismatch between cpu and mps,stage4/results/torch-thesis-all-coverage/execution_results/torch.storage.np.iscomplex.results.json
torch.storage.np.iscomplex,valid_mutation,valid_mutation,valid,x,value_nan,differential_mismatch,DifferentialMismatch,success/exception mismatch between cpu and mps,stage4/results/torch-thesis-all-coverage/execution_results/torch.storage.np.iscomplex.results.json
torch.storage.np.iscomplex,valid_mutation,valid_mutation,valid,x,value_mask,differential_mismatch,DifferentialMismatch,success/exception mismatch between cpu and mps,stage4/results/torch-thesis-all-coverage/execution_results/torch.storage.np.iscomplex.results.json
torch.storage.np.iscomplex,negative_mutation,negative_mutation,negative,x,shape_expand,negative_accepted_not_bug,,,stage4/results/torch-thesis-all-coverage/execution_results/torch.storage.np.iscomplex.results.json
torch.storage.np.iscomplex,negative_mutation,negative_mutation,negative,x,dtype_mutate,negative_accepted_not_bug,,,stage4/results/torch-thesis-all-coverage/execution_results/torch.storage.np.iscomplex.results.json
torch.storage.np.iscomplexobj,negative_mutation,negative_mutation,negative,x,type_switch,negative_accepted_not_bug,,,stage4/results/torch-thesis-all-coverage/execution_results/torch.storage.np.iscomplexobj.results.json
torch.storage.np.isin,negative_mutation,negative_mutation,negative,element,shape_expand,negative_accepted_not_bug,,,stage4/results/torch-thesis-all-coverage/execution_results/torch.storage.np.isin.results.json
torch.storage.np.isin,negative_mutation,negative_mutation,negative,element,dtype_mutate,negative_accepted_not_bug,,,stage4/results/torch-thesis-all-coverage/execution_results/torch.storage.np.isin.results.json
torch.storage.np.isin,negative_mutation,negative_mutation,negative,test_elements,shape_shrink,negative_accepted_not_bug,,,stage4/results/torch-thesis-all-coverage/execution_results/torch.storage.np.isin.results.json
torch.storage.np.isin,negative_mutation,negative_mutation,negative,test_elements,dtype_mutate,negative_accepted_not_bug,,,stage4/results/torch-thesis-all-coverage/execution_results/torch.storage.np.isin.results.json
torch.storage.np.isneginf,base_execution,base_valid,valid,,,differential_mismatch,DifferentialMismatch,success/exception mismatch between cpu and mps,stage4/results/torch-thesis-all-coverage/execution_results/torch.storage.np.isneginf.results.json
torch.storage.np.isneginf,valid_mutation,valid_mutation,valid,x,value_nan,differential_mismatch,DifferentialMismatch,success/exception mismatch between cpu and mps,stage4/results/torch-thesis-all-coverage/execution_results/torch.storage.np.isneginf.results.json
torch.storage.np.isneginf,valid_mutation,valid_mutation,valid,x,value_mask,differential_mismatch,DifferentialMismatch,success/exception mismatch between cpu and mps,stage4/results/torch-thesis-all-coverage/execution_results/torch.storage.np.isneginf.results.json
torch.storage.np.isneginf,valid_mutation,valid_mutation,valid,x,value_negzero,differential_mismatch,DifferentialMismatch,success/exception mismatch between cpu and mps,stage4/results/torch-thesis-all-coverage/execution_results/torch.storage.np.isneginf.results.json
torch.storage.np.isneginf,valid_mutation,valid_mutation,valid,x,value_posinf,differential_mismatch,DifferentialMismatch,success/exception mismatch between cpu and mps,stage4/results/torch-thesis-all-coverage/execution_results/torch.storage.np.isneginf.results.json
torch.storage.np.isneginf,valid_mutation,valid_mutation,valid,x,value_noise,differential_mismatch,DifferentialMismatch,success/exception mismatch between cpu and mps,stage4/results/torch-thesis-all-coverage/execution_results/torch.storage.np.isneginf.results.json
torch.storage.np.isneginf,valid_mutation,valid_mutation,valid,x,value_neginf,differential_mismatch,DifferentialMismatch,success/exception mismatch between cpu and mps,stage4/results/torch-thesis-all-coverage/execution_results/torch.storage.np.isneginf.results.json
torch.storage.np.isneginf,valid_mutation,valid_mutation,valid,x,value_division,differential_mismatch,DifferentialMismatch,success/exception mismatch between cpu and mps,stage4/results/torch-thesis-all-coverage/execution_results/torch.storage.np.isneginf.results.json
torch.storage.np.isneginf,valid_mutation,valid_mutation,valid,x,value_large_magnitude,differential_mismatch,DifferentialMismatch,success/exception mismatch between cpu and mps,stage4/results/torch-thesis-all-coverage/execution_results/torch.storage.np.isneginf.results.json
torch.storage.np.isneginf,negative_mutation,negative_mutation,negative,x,shape_shrink,negative_accepted_not_bug,,,stage4/results/torch-thesis-all-coverage/execution_results/torch.storage.np.isneginf.results.json
torch.storage.np.isneginf,negative_mutation,negative_mutation,negative,x,dtype_mutate,negative_accepted_not_bug,,,stage4/results/torch-thesis-all-coverage/execution_results/torch.storage.np.isneginf.results.json
torch.storage.np.isposinf,base_execution,base_valid,valid,,,differential_mismatch,DifferentialMismatch,success/exception mismatch between cpu and mps,stage4/results/torch-thesis-all-coverage/execution_results/torch.storage.np.isposinf.results.json
torch.storage.np.isposinf,valid_mutation,valid_mutation,valid,x,value_negzero,differential_mismatch,DifferentialMismatch,success/exception mismatch between cpu and mps,stage4/results/torch-thesis-all-coverage/execution_results/torch.storage.np.isposinf.results.json
torch.storage.np.isposinf,valid_mutation,valid_mutation,valid,x,value_large_magnitude,differential_mismatch,DifferentialMismatch,success/exception mismatch between cpu and mps,stage4/results/torch-thesis-all-coverage/execution_results/torch.storage.np.isposinf.results.json
torch.storage.np.isposinf,valid_mutation,valid_mutation,valid,x,value_neginf,differential_mismatch,DifferentialMismatch,success/exception mismatch between cpu and mps,stage4/results/torch-thesis-all-coverage/execution_results/torch.storage.np.isposinf.results.json
torch.storage.np.isposinf,valid_mutation,valid_mutation,valid,x,value_noise,differential_mismatch,DifferentialMismatch,success/exception mismatch between cpu and mps,stage4/results/torch-thesis-all-coverage/execution_results/torch.storage.np.isposinf.results.json
torch.storage.np.isposinf,valid_mutation,valid_mutation,valid,x,value_posinf,differential_mismatch,DifferentialMismatch,success/exception mismatch between cpu and mps,stage4/results/torch-thesis-all-coverage/execution_results/torch.storage.np.isposinf.results.json
torch.storage.np.isposinf,valid_mutation,valid_mutation,valid,x,value_nan,differential_mismatch,DifferentialMismatch,success/exception mismatch between cpu and mps,stage4/results/torch-thesis-all-coverage/execution_results/torch.storage.np.isposinf.results.json
torch.storage.np.isposinf,valid_mutation,valid_mutation,valid,x,value_division,differential_mismatch,DifferentialMismatch,success/exception mismatch between cpu and mps,stage4/results/torch-thesis-all-coverage/execution_results/torch.storage.np.isposinf.results.json
torch.storage.np.isposinf,valid_mutation,valid_mutation,valid,x,value_mask,differential_mismatch,DifferentialMismatch,success/exception mismatch between cpu and mps,stage4/results/torch-thesis-all-coverage/execution_results/torch.storage.np.isposinf.results.json
torch.storage.np.isposinf,negative_mutation,negative_mutation,negative,x,shape_expand,negative_accepted_not_bug,,,stage4/results/torch-thesis-all-coverage/execution_results/torch.storage.np.isposinf.results.json
torch.storage.np.isposinf,negative_mutation,negative_mutation,negative,x,dtype_mutate,negative_accepted_not_bug,,,stage4/results/torch-thesis-all-coverage/execution_results/torch.storage.np.isposinf.results.json
torch.storage.np.isrealobj,negative_mutation,negative_mutation,negative,x,type_switch,negative_accepted_not_bug,,,stage4/results/torch-thesis-all-coverage/execution_results/torch.storage.np.isrealobj.results.json
torch.storage.np.isscalar,negative_mutation,negative_mutation,negative,element,type_switch,negative_accepted_not_bug,,,stage4/results/torch-thesis-all-coverage/execution_results/torch.storage.np.isscalar.results.json
torch.storage.np.lib.stride_tricks.as_strided,base_execution,base_valid,valid,,,differential_mismatch,DifferentialMismatch,success/exception mismatch between cpu and mps,stage4/results/torch-thesis-all-coverage/execution_results/torch.storage.np.lib.stride_tricks.as_strided.results.json
torch.storage.np.lib.stride_tricks.as_strided,valid_mutation,valid_mutation,valid,x,value_noise,differential_mismatch,DifferentialMismatch,success/exception mismatch between cpu and mps,stage4/results/torch-thesis-all-coverage/execution_results/torch.storage.np.lib.stride_tricks.as_strided.results.json
torch.storage.np.lib.stride_tricks.as_strided,valid_mutation,valid_mutation,valid,x,value_posinf,differential_mismatch,DifferentialMismatch,success/exception mismatch between cpu and mps,stage4/results/torch-thesis-all-coverage/execution_results/torch.storage.np.lib.stride_tricks.as_strided.results.json
torch.storage.np.lib.stride_tricks.as_strided,valid_mutation,valid_mutation,valid,x,value_mask,differential_mismatch,DifferentialMismatch,success/exception mismatch between cpu and mps,stage4/results/torch-thesis-all-coverage/execution_results/torch.storage.np.lib.stride_tricks.as_strided.results.json
torch.storage.np.lib.stride_tricks.as_strided,valid_mutation,valid_mutation,valid,x,value_neginf,differential_mismatch,DifferentialMismatch,success/exception mismatch between cpu and mps,stage4/results/torch-thesis-all-coverage/execution_results/torch.storage.np.lib.stride_tricks.as_strided.results.json
torch.storage.np.lib.stride_tricks.as_strided,valid_mutation,valid_mutation,valid,x,value_negzero,differential_mismatch,DifferentialMismatch,success/exception mismatch between cpu and mps,stage4/results/torch-thesis-all-coverage/execution_results/torch.storage.np.lib.stride_tricks.as_strided.results.json
torch.storage.np.lib.stride_tricks.as_strided,valid_mutation,valid_mutation,valid,x,value_division,differential_mismatch,DifferentialMismatch,success/exception mismatch between cpu and mps,stage4/results/torch-thesis-all-coverage/execution_results/torch.storage.np.lib.stride_tricks.as_strided.results.json
torch.storage.np.lib.stride_tricks.as_strided,valid_mutation,valid_mutation,valid,x,value_large_magnitude,differential_mismatch,DifferentialMismatch,success/exception mismatch between cpu and mps,stage4/results/torch-thesis-all-coverage/execution_results/torch.storage.np.lib.stride_tricks.as_strided.results.json
torch.storage.np.lib.stride_tricks.as_strided,valid_mutation,valid_mutation,valid,x,value_nan,differential_mismatch,DifferentialMismatch,success/exception mismatch between cpu and mps,stage4/results/torch-thesis-all-coverage/execution_results/torch.storage.np.lib.stride_tricks.as_strided.results.json
torch.storage.np.lib.stride_tricks.as_strided,negative_mutation,negative_mutation,negative,x,shape_shrink,negative_accepted_not_bug,,,stage4/results/torch-thesis-all-coverage/execution_results/torch.storage.np.lib.stride_tricks.as_strided.results.json
torch.storage.np.lib.stride_tricks.as_strided,negative_mutation,negative_mutation,negative,x,dtype_mutate,negative_accepted_not_bug,,,stage4/results/torch-thesis-all-coverage/execution_results/torch.storage.np.lib.stride_tricks.as_strided.results.json
torch.storage.np.linalg.eig,base_execution,base_valid,valid,,,differential_mismatch,DifferentialMismatch,success/exception mismatch between cpu and mps,stage4/results/torch-thesis-all-coverage/execution_results/torch.storage.np.linalg.eig.results.json
torch.storage.np.linalg.eig,valid_mutation,valid_mutation,valid,a,value_mask,differential_mismatch,DifferentialMismatch,success/exception mismatch between cpu and mps,stage4/results/torch-thesis-all-coverage/execution_results/torch.storage.np.linalg.eig.results.json
torch.storage.np.linalg.eig,valid_mutation,valid_mutation,valid,a,value_negzero,differential_mismatch,DifferentialMismatch,success/exception mismatch between cpu and mps,stage4/results/torch-thesis-all-coverage/execution_results/torch.storage.np.linalg.eig.results.json
torch.storage.np.linalg.eig,valid_mutation,valid_mutation,valid,a,value_large_magnitude,differential_mismatch,DifferentialMismatch,success/exception mismatch between cpu and mps,stage4/results/torch-thesis-all-coverage/execution_results/torch.storage.np.linalg.eig.results.json
torch.storage.np.linalg.eig,valid_mutation,valid_mutation,valid,a,value_noise,differential_mismatch,DifferentialMismatch,success/exception mismatch between cpu and mps,stage4/results/torch-thesis-all-coverage/execution_results/torch.storage.np.linalg.eig.results.json
torch.storage.np.linalg.eig,valid_mutation,valid_mutation,valid,a,value_division,differential_mismatch,DifferentialMismatch,success/exception mismatch between cpu and mps,stage4/results/torch-thesis-all-coverage/execution_results/torch.storage.np.linalg.eig.results.json
torch.storage.np.linalg.eig,negative_mutation,negative_mutation,negative,a,shape_expand,expected_negative_rejection,LinAlgError,Last 2 dimensions of the array must be square,stage4/results/torch-thesis-all-coverage/execution_results/torch.storage.np.linalg.eig.results.json
torch.storage.np.linalg.eig,negative_mutation,negative_mutation,negative,a,dtype_mutate,negative_accepted_not_bug,,,stage4/results/torch-thesis-all-coverage/execution_results/torch.storage.np.linalg.eig.results.json
torch.storage.np.linalg.norm,base_execution,base_valid,valid,,,differential_mismatch,DifferentialMismatch,success/exception mismatch between cpu and mps,stage4/results/torch-thesis-all-coverage/execution_results/torch.storage.np.linalg.norm.results.json
torch.storage.np.linalg.norm,valid_mutation,valid_mutation,valid,x,value_nan,differential_mismatch,DifferentialMismatch,success/exception mismatch between cpu and mps,stage4/results/torch-thesis-all-coverage/execution_results/torch.storage.np.linalg.norm.results.json
torch.storage.np.linalg.norm,valid_mutation,valid_mutation,valid,x,value_neginf,differential_mismatch,DifferentialMismatch,success/exception mismatch between cpu and mps,stage4/results/torch-thesis-all-coverage/execution_results/torch.storage.np.linalg.norm.results.json
torch.storage.np.linalg.norm,valid_mutation,valid_mutation,valid,x,value_negzero,differential_mismatch,DifferentialMismatch,success/exception mismatch between cpu and mps,stage4/results/torch-thesis-all-coverage/execution_results/torch.storage.np.linalg.norm.results.json
torch.storage.np.linalg.norm,valid_mutation,valid_mutation,valid,x,value_posinf,differential_mismatch,DifferentialMismatch,success/exception mismatch between cpu and mps,stage4/results/torch-thesis-all-coverage/execution_results/torch.storage.np.linalg.norm.results.json
torch.storage.np.linalg.norm,valid_mutation,valid_mutation,valid,x,enum_switch,differential_mismatch,DifferentialMismatch,success/exception mismatch between cpu and mps,stage4/results/torch-thesis-all-coverage/execution_results/torch.storage.np.linalg.norm.results.json
torch.storage.np.linalg.norm,valid_mutation,valid_mutation,valid,x,value_large_magnitude,differential_mismatch,DifferentialMismatch,success/exception mismatch between cpu and mps,stage4/results/torch-thesis-all-coverage/execution_results/torch.storage.np.linalg.norm.results.json
torch.storage.np.linalg.norm,negative_mutation,negative_mutation,negative,x,enum_invalid,negative_accepted_not_bug,,,stage4/results/torch-thesis-all-coverage/execution_results/torch.storage.np.linalg.norm.results.json
torch.storage.np.logspace,negative_mutation,negative_mutation,negative,start,structure_shrink,negative_accepted_not_bug,,,stage4/results/torch-thesis-all-coverage/execution_results/torch.storage.np.logspace.results.json
torch.storage.np.logspace,negative_mutation,negative_mutation,negative,stop,enum_invalid,negative_accepted_not_bug,,,stage4/results/torch-thesis-all-coverage/execution_results/torch.storage.np.logspace.results.json
torch.storage.np.ma.asarray,base_execution,base_valid,valid,,,differential_mismatch,DifferentialMismatch,success/exception mismatch between cpu and mps,stage4/results/torch-thesis-all-coverage/execution_results/torch.storage.np.ma.asarray.results.json
torch.storage.np.ma.asarray,valid_mutation,valid_mutation,valid,a,value_mask,differential_mismatch,DifferentialMismatch,success/exception mismatch between cpu and mps,stage4/results/torch-thesis-all-coverage/execution_results/torch.storage.np.ma.asarray.results.json
torch.storage.np.ma.asarray,valid_mutation,valid_mutation,valid,a,value_noise,differential_mismatch,DifferentialMismatch,success/exception mismatch between cpu and mps,stage4/results/torch-thesis-all-coverage/execution_results/torch.storage.np.ma.asarray.results.json
torch.storage.np.ma.asarray,valid_mutation,valid_mutation,valid,a,value_large_magnitude,differential_mismatch,DifferentialMismatch,success/exception mismatch between cpu and mps,stage4/results/torch-thesis-all-coverage/execution_results/torch.storage.np.ma.asarray.results.json
torch.storage.np.ma.asarray,valid_mutation,valid_mutation,valid,a,value_neginf,differential_mismatch,DifferentialMismatch,success/exception mismatch between cpu and mps,stage4/results/torch-thesis-all-coverage/execution_results/torch.storage.np.ma.asarray.results.json
torch.storage.np.ma.asarray,valid_mutation,valid_mutation,valid,a,value_nan,differential_mismatch,DifferentialMismatch,success/exception mismatch between cpu and mps,stage4/results/torch-thesis-all-coverage/execution_results/torch.storage.np.ma.asarray.results.json
torch.storage.np.ma.asarray,valid_mutation,valid_mutation,valid,a,value_posinf,differential_mismatch,DifferentialMismatch,success/exception mismatch between cpu and mps,stage4/results/torch-thesis-all-coverage/execution_results/torch.storage.np.ma.asarray.results.json
torch.storage.np.ma.asarray,valid_mutation,valid_mutation,valid,a,value_negzero,differential_mismatch,DifferentialMismatch,success/exception mismatch between cpu and mps,stage4/results/torch-thesis-all-coverage/execution_results/torch.storage.np.ma.asarray.results.json
torch.storage.np.ma.asarray,valid_mutation,valid_mutation,valid,a,value_division,differential_mismatch,DifferentialMismatch,success/exception mismatch between cpu and mps,stage4/results/torch-thesis-all-coverage/execution_results/torch.storage.np.ma.asarray.results.json
torch.storage.np.ma.asarray,negative_mutation,negative_mutation,negative,a,shape_shrink,negative_accepted_not_bug,,,stage4/results/torch-thesis-all-coverage/execution_results/torch.storage.np.ma.asarray.results.json
torch.storage.np.ma.asarray,negative_mutation,negative_mutation,negative,a,dtype_mutate,negative_accepted_not_bug,,,stage4/results/torch-thesis-all-coverage/execution_results/torch.storage.np.ma.asarray.results.json
torch.storage.np.ma.clump_masked,negative_mutation,negative_mutation,negative,a,shape_expand,negative_accepted_not_bug,,,stage4/results/torch-thesis-all-coverage/execution_results/torch.storage.np.ma.clump_masked.results.json
torch.storage.np.ma.clump_masked,negative_mutation,negative_mutation,negative,a,dtype_mutate,negative_accepted_not_bug,,,stage4/results/torch-thesis-all-coverage/execution_results/torch.storage.np.ma.clump_masked.results.json
torch.storage.np.ma.clump_unmasked,base_execution,base_valid,valid,,,differential_mismatch,DifferentialMismatch,"[0] values differ: slice(0, <built-in method size of Tensor object at 0x11e7f2cb0>, None) != slice(0, <built-in method size of Tensor object at 0x11e7f37f0>, None)",stage4/results/torch-thesis-all-coverage/execution_results/torch.storage.np.ma.clump_unmasked.results.json
torch.storage.np.ma.clump_unmasked,valid_mutation,valid_mutation,valid,a,value_neginf,differential_mismatch,DifferentialMismatch,"[0] values differ: slice(0, <built-in method size of Tensor object at 0x12d1f7610>, None) != slice(0, <built-in method size of Tensor object at 0x12d1f7840>, None)",stage4/results/torch-thesis-all-coverage/execution_results/torch.storage.np.ma.clump_unmasked.results.json
torch.storage.np.ma.clump_unmasked,valid_mutation,valid_mutation,valid,a,value_mask,differential_mismatch,DifferentialMismatch,"[0] values differ: slice(0, <built-in method size of Tensor object at 0x12b24b520>, None) != slice(0, <built-in method size of Tensor object at 0x12b24b750>, None)",stage4/results/torch-thesis-all-coverage/execution_results/torch.storage.np.ma.clump_unmasked.results.json
torch.storage.np.ma.clump_unmasked,valid_mutation,valid_mutation,valid,a,value_division,differential_mismatch,DifferentialMismatch,"[0] values differ: slice(0, <built-in method size of Tensor object at 0x122e9b430>, None) != slice(0, <built-in method size of Tensor object at 0x122e9b660>, None)",stage4/results/torch-thesis-all-coverage/execution_results/torch.storage.np.ma.clump_unmasked.results.json
torch.storage.np.ma.clump_unmasked,valid_mutation,valid_mutation,valid,a,value_nan,differential_mismatch,DifferentialMismatch,"[0] values differ: slice(0, <built-in method size of Tensor object at 0x12c0ef610>, None) != slice(0, <built-in method size of Tensor object at 0x12c0ef840>, None)",stage4/results/torch-thesis-all-coverage/execution_results/torch.storage.np.ma.clump_unmasked.results.json
torch.storage.np.ma.clump_unmasked,valid_mutation,valid_mutation,valid,a,value_noise,differential_mismatch,DifferentialMismatch,"[0] values differ: slice(0, <built-in method size of Tensor object at 0x12f5434d0>, None) != slice(0, <built-in method size of Tensor object at 0x12f543700>, None)",stage4/results/torch-thesis-all-coverage/execution_results/torch.storage.np.ma.clump_unmasked.results.json
torch.storage.np.ma.clump_unmasked,valid_mutation,valid_mutation,valid,a,value_posinf,differential_mismatch,DifferentialMismatch,"[0] values differ: slice(0, <built-in method size of Tensor object at 0x12b72b5c0>, None) != slice(0, <built-in method size of Tensor object at 0x12b72b7f0>, None)",stage4/results/torch-thesis-all-coverage/execution_results/torch.storage.np.ma.clump_unmasked.results.json
torch.storage.np.ma.clump_unmasked,valid_mutation,valid_mutation,valid,a,value_large_magnitude,differential_mismatch,DifferentialMismatch,"[0] values differ: slice(0, <built-in method size of Tensor object at 0x12c14f610>, None) != slice(0, <built-in method size of Tensor object at 0x12c14f8e0>, None)",stage4/results/torch-thesis-all-coverage/execution_results/torch.storage.np.ma.clump_unmasked.results.json
torch.storage.np.ma.clump_unmasked,valid_mutation,valid_mutation,valid,a,value_negzero,differential_mismatch,DifferentialMismatch,"[0] values differ: slice(0, <built-in method size of Tensor object at 0x12b66b6b0>, None) != slice(0, <built-in method size of Tensor object at 0x12b66b8e0>, None)",stage4/results/torch-thesis-all-coverage/execution_results/torch.storage.np.ma.clump_unmasked.results.json
torch.storage.np.ma.clump_unmasked,negative_mutation,negative_mutation,negative,a,shape_shrink,negative_accepted_not_bug,,,stage4/results/torch-thesis-all-coverage/execution_results/torch.storage.np.ma.clump_unmasked.results.json
torch.storage.np.ma.clump_unmasked,negative_mutation,negative_mutation,negative,a,dtype_mutate,negative_accepted_not_bug,,,stage4/results/torch-thesis-all-coverage/execution_results/torch.storage.np.ma.clump_unmasked.results.json
torch.storage.np.ma.compress_nd,base_execution,base_valid,valid,,,differential_mismatch,DifferentialMismatch,success/exception mismatch between cpu and mps,stage4/results/torch-thesis-all-coverage/execution_results/torch.storage.np.ma.compress_nd.results.json
torch.storage.np.ma.compress_nd,valid_mutation,valid_mutation,valid,x,value_large_magnitude,differential_mismatch,DifferentialMismatch,success/exception mismatch between cpu and mps,stage4/results/torch-thesis-all-coverage/execution_results/torch.storage.np.ma.compress_nd.results.json
torch.storage.np.ma.compress_nd,valid_mutation,valid_mutation,valid,x,enum_switch,differential_mismatch,DifferentialMismatch,success/exception mismatch between cpu and mps,stage4/results/torch-thesis-all-coverage/execution_results/torch.storage.np.ma.compress_nd.results.json
torch.storage.np.ma.compress_nd,valid_mutation,valid_mutation,valid,x,value_negzero,differential_mismatch,DifferentialMismatch,success/exception mismatch between cpu and mps,stage4/results/torch-thesis-all-coverage/execution_results/torch.storage.np.ma.compress_nd.results.json
torch.storage.np.ma.compress_nd,valid_mutation,valid_mutation,valid,x,value_posinf,differential_mismatch,DifferentialMismatch,success/exception mismatch between cpu and mps,stage4/results/torch-thesis-all-coverage/execution_results/torch.storage.np.ma.compress_nd.results.json
torch.storage.np.ma.compress_nd,valid_mutation,valid_mutation,valid,x,value_neginf,differential_mismatch,DifferentialMismatch,success/exception mismatch between cpu and mps,stage4/results/torch-thesis-all-coverage/execution_results/torch.storage.np.ma.compress_nd.results.json
torch.storage.np.ma.compress_nd,valid_mutation,valid_mutation,valid,x,value_nan,differential_mismatch,DifferentialMismatch,success/exception mismatch between cpu and mps,stage4/results/torch-thesis-all-coverage/execution_results/torch.storage.np.ma.compress_nd.results.json
torch.storage.np.ma.compress_nd,negative_mutation,negative_mutation,negative,x,enum_invalid,negative_accepted_not_bug,,,stage4/results/torch-thesis-all-coverage/execution_results/torch.storage.np.ma.compress_nd.results.json
torch.storage.np.ma.compress_rowcols,base_execution,base_valid,valid,,,differential_mismatch,DifferentialMismatch,success/exception mismatch between cpu and mps,stage4/results/torch-thesis-all-coverage/execution_results/torch.storage.np.ma.compress_rowcols.results.json
torch.storage.np.ma.compress_rowcols,valid_mutation,valid_mutation,valid,x,value_nan,differential_mismatch,DifferentialMismatch,success/exception mismatch between cpu and mps,stage4/results/torch-thesis-all-coverage/execution_results/torch.storage.np.ma.compress_rowcols.results.json
torch.storage.np.ma.compress_rowcols,valid_mutation,valid_mutation,valid,x,value_posinf,differential_mismatch,DifferentialMismatch,success/exception mismatch between cpu and mps,stage4/results/torch-thesis-all-coverage/execution_results/torch.storage.np.ma.compress_rowcols.results.json
torch.storage.np.ma.compress_rowcols,valid_mutation,valid_mutation,valid,x,value_large_magnitude,differential_mismatch,DifferentialMismatch,success/exception mismatch between cpu and mps,stage4/results/torch-thesis-all-coverage/execution_results/torch.storage.np.ma.compress_rowcols.results.json
torch.storage.np.ma.compress_rowcols,valid_mutation,valid_mutation,valid,x,value_negzero,differential_mismatch,DifferentialMismatch,success/exception mismatch between cpu and mps,stage4/results/torch-thesis-all-coverage/execution_results/torch.storage.np.ma.compress_rowcols.results.json
torch.storage.np.ma.compress_rowcols,valid_mutation,valid_mutation,valid,x,enum_switch,differential_mismatch,DifferentialMismatch,success/exception mismatch between cpu and mps,stage4/results/torch-thesis-all-coverage/execution_results/torch.storage.np.ma.compress_rowcols.results.json
torch.storage.np.ma.compress_rowcols,valid_mutation,valid_mutation,valid,x,value_neginf,differential_mismatch,DifferentialMismatch,success/exception mismatch between cpu and mps,stage4/results/torch-thesis-all-coverage/execution_results/torch.storage.np.ma.compress_rowcols.results.json
torch.storage.np.ma.compress_rowcols,negative_mutation,negative_mutation,negative,x,enum_invalid,negative_accepted_not_bug,,,stage4/results/torch-thesis-all-coverage/execution_results/torch.storage.np.ma.compress_rowcols.results.json
torch.storage.np.ma.core.asarray,base_execution,base_valid,valid,,,differential_mismatch,DifferentialMismatch,success/exception mismatch between cpu and mps,stage4/results/torch-thesis-all-coverage/execution_results/torch.storage.np.ma.core.asarray.results.json
torch.storage.np.ma.core.asarray,valid_mutation,valid_mutation,valid,a,value_posinf,differential_mismatch,DifferentialMismatch,success/exception mismatch between cpu and mps,stage4/results/torch-thesis-all-coverage/execution_results/torch.storage.np.ma.core.asarray.results.json
torch.storage.np.ma.core.asarray,valid_mutation,valid_mutation,valid,a,value_neginf,differential_mismatch,DifferentialMismatch,success/exception mismatch between cpu and mps,stage4/results/torch-thesis-all-coverage/execution_results/torch.storage.np.ma.core.asarray.results.json
torch.storage.np.ma.core.asarray,valid_mutation,valid_mutation,valid,a,value_division,differential_mismatch,DifferentialMismatch,success/exception mismatch between cpu and mps,stage4/results/torch-thesis-all-coverage/execution_results/torch.storage.np.ma.core.asarray.results.json
torch.storage.np.ma.core.asarray,valid_mutation,valid_mutation,valid,a,value_mask,differential_mismatch,DifferentialMismatch,success/exception mismatch between cpu and mps,stage4/results/torch-thesis-all-coverage/execution_results/torch.storage.np.ma.core.asarray.results.json
torch.storage.np.ma.core.asarray,valid_mutation,valid_mutation,valid,a,value_noise,differential_mismatch,DifferentialMismatch,success/exception mismatch between cpu and mps,stage4/results/torch-thesis-all-coverage/execution_results/torch.storage.np.ma.core.asarray.results.json
torch.storage.np.ma.core.asarray,valid_mutation,valid_mutation,valid,a,value_large_magnitude,differential_mismatch,DifferentialMismatch,success/exception mismatch between cpu and mps,stage4/results/torch-thesis-all-coverage/execution_results/torch.storage.np.ma.core.asarray.results.json
torch.storage.np.ma.core.asarray,valid_mutation,valid_mutation,valid,a,value_nan,differential_mismatch,DifferentialMismatch,success/exception mismatch between cpu and mps,stage4/results/torch-thesis-all-coverage/execution_results/torch.storage.np.ma.core.asarray.results.json
torch.storage.np.ma.core.asarray,valid_mutation,valid_mutation,valid,a,value_negzero,differential_mismatch,DifferentialMismatch,success/exception mismatch between cpu and mps,stage4/results/torch-thesis-all-coverage/execution_results/torch.storage.np.ma.core.asarray.results.json
torch.storage.np.ma.core.asarray,negative_mutation,negative_mutation,negative,a,shape_shrink,negative_accepted_not_bug,,,stage4/results/torch-thesis-all-coverage/execution_results/torch.storage.np.ma.core.asarray.results.json
torch.storage.np.ma.core.asarray,negative_mutation,negative_mutation,negative,a,dtype_mutate,negative_accepted_not_bug,,,stage4/results/torch-thesis-all-coverage/execution_results/torch.storage.np.ma.core.asarray.results.json
torch.storage.np.ma.core.empty,negative_mutation,negative_mutation,negative,shape,structure_shrink,negative_accepted_not_bug,,,stage4/results/torch-thesis-all-coverage/execution_results/torch.storage.np.ma.core.empty.results.json
torch.storage.np.ma.core.empty_like,base_execution,base_valid,valid,,,differential_mismatch,DifferentialMismatch,success/exception mismatch between cpu and mps,stage4/results/torch-thesis-all-coverage/execution_results/torch.storage.np.ma.core.empty_like.results.json
torch.storage.np.ma.core.empty_like,valid_mutation,valid_mutation,valid,prototype,value_nan,differential_mismatch,DifferentialMismatch,success/exception mismatch between cpu and mps,stage4/results/torch-thesis-all-coverage/execution_results/torch.storage.np.ma.core.empty_like.results.json
torch.storage.np.ma.core.empty_like,valid_mutation,valid_mutation,valid,prototype,value_negzero,differential_mismatch,DifferentialMismatch,success/exception mismatch between cpu and mps,stage4/results/torch-thesis-all-coverage/execution_results/torch.storage.np.ma.core.empty_like.results.json
torch.storage.np.ma.core.empty_like,valid_mutation,valid_mutation,valid,prototype,value_mask,differential_mismatch,DifferentialMismatch,success/exception mismatch between cpu and mps,stage4/results/torch-thesis-all-coverage/execution_results/torch.storage.np.ma.core.empty_like.results.json
torch.storage.np.ma.core.empty_like,valid_mutation,valid_mutation,valid,prototype,value_large_magnitude,differential_mismatch,DifferentialMismatch,success/exception mismatch between cpu and mps,stage4/results/torch-thesis-all-coverage/execution_results/torch.storage.np.ma.core.empty_like.results.json
torch.storage.np.ma.core.empty_like,valid_mutation,valid_mutation,valid,prototype,value_neginf,differential_mismatch,DifferentialMismatch,success/exception mismatch between cpu and mps,stage4/results/torch-thesis-all-coverage/execution_results/torch.storage.np.ma.core.empty_like.results.json
torch.storage.np.ma.core.empty_like,valid_mutation,valid_mutation,valid,prototype,value_noise,differential_mismatch,DifferentialMismatch,success/exception mismatch between cpu and mps,stage4/results/torch-thesis-all-coverage/execution_results/torch.storage.np.ma.core.empty_like.results.json
torch.storage.np.ma.core.empty_like,valid_mutation,valid_mutation,valid,prototype,value_division,differential_mismatch,DifferentialMismatch,success/exception mismatch between cpu and mps,stage4/results/torch-thesis-all-coverage/execution_results/torch.storage.np.ma.core.empty_like.results.json
torch.storage.np.ma.core.empty_like,valid_mutation,valid_mutation,valid,prototype,value_posinf,differential_mismatch,DifferentialMismatch,success/exception mismatch between cpu and mps,stage4/results/torch-thesis-all-coverage/execution_results/torch.storage.np.ma.core.empty_like.results.json
torch.storage.np.ma.core.empty_like,negative_mutation,negative_mutation,negative,prototype,shape_shrink,negative_accepted_not_bug,,,stage4/results/torch-thesis-all-coverage/execution_results/torch.storage.np.ma.core.empty_like.results.json
torch.storage.np.ma.core.empty_like,negative_mutation,negative_mutation,negative,prototype,dtype_mutate,negative_accepted_not_bug,,,stage4/results/torch-thesis-all-coverage/execution_results/torch.storage.np.ma.core.empty_like.results.json
torch.storage.np.ma.core.expand_dims,base_execution,base_valid,valid,,,differential_mismatch,DifferentialMismatch,success/exception mismatch between cpu and mps,stage4/results/torch-thesis-all-coverage/execution_results/torch.storage.np.ma.core.expand_dims.results.json
torch.storage.np.ma.core.expand_dims,valid_mutation,valid_mutation,valid,a,value_posinf,differential_mismatch,DifferentialMismatch,success/exception mismatch between cpu and mps,stage4/results/torch-thesis-all-coverage/execution_results/torch.storage.np.ma.core.expand_dims.results.json
torch.storage.np.ma.core.expand_dims,valid_mutation,valid_mutation,valid,a,value_mask,differential_mismatch,DifferentialMismatch,success/exception mismatch between cpu and mps,stage4/results/torch-thesis-all-coverage/execution_results/torch.storage.np.ma.core.expand_dims.results.json
torch.storage.np.ma.core.expand_dims,valid_mutation,valid_mutation,valid,a,value_nan,differential_mismatch,DifferentialMismatch,success/exception mismatch between cpu and mps,stage4/results/torch-thesis-all-coverage/execution_results/torch.storage.np.ma.core.expand_dims.results.json
torch.storage.np.ma.core.expand_dims,valid_mutation,valid_mutation,valid,a,value_neginf,differential_mismatch,DifferentialMismatch,success/exception mismatch between cpu and mps,stage4/results/torch-thesis-all-coverage/execution_results/torch.storage.np.ma.core.expand_dims.results.json
torch.storage.np.ma.core.expand_dims,valid_mutation,valid_mutation,valid,a,value_large_magnitude,differential_mismatch,DifferentialMismatch,success/exception mismatch between cpu and mps,stage4/results/torch-thesis-all-coverage/execution_results/torch.storage.np.ma.core.expand_dims.results.json
torch.storage.np.ma.core.expand_dims,valid_mutation,valid_mutation,valid,a,value_noise,differential_mismatch,DifferentialMismatch,success/exception mismatch between cpu and mps,stage4/results/torch-thesis-all-coverage/execution_results/torch.storage.np.ma.core.expand_dims.results.json
torch.storage.np.ma.core.expand_dims,valid_mutation,valid_mutation,valid,a,value_negzero,differential_mismatch,DifferentialMismatch,success/exception mismatch between cpu and mps,stage4/results/torch-thesis-all-coverage/execution_results/torch.storage.np.ma.core.expand_dims.results.json
torch.storage.np.ma.core.expand_dims,valid_mutation,valid_mutation,valid,a,value_division,differential_mismatch,DifferentialMismatch,success/exception mismatch between cpu and mps,stage4/results/torch-thesis-all-coverage/execution_results/torch.storage.np.ma.core.expand_dims.results.json
torch.storage.np.ma.core.expand_dims,negative_mutation,negative_mutation,negative,a,shape_shrink,negative_accepted_not_bug,,,stage4/results/torch-thesis-all-coverage/execution_results/torch.storage.np.ma.core.expand_dims.results.json
torch.storage.np.ma.core.expand_dims,negative_mutation,negative_mutation,negative,a,dtype_mutate,negative_accepted_not_bug,,,stage4/results/torch-thesis-all-coverage/execution_results/torch.storage.np.ma.core.expand_dims.results.json
torch.storage.np.ma.core.fix_invalid,base_execution,base_valid,valid,,,differential_mismatch,DifferentialMismatch,success/exception mismatch between cpu and mps,stage4/results/torch-thesis-all-coverage/execution_results/torch.storage.np.ma.core.fix_invalid.results.json
torch.storage.np.ma.core.fix_invalid,valid_mutation,valid_mutation,valid,a,value_noise,differential_mismatch,DifferentialMismatch,success/exception mismatch between cpu and mps,stage4/results/torch-thesis-all-coverage/execution_results/torch.storage.np.ma.core.fix_invalid.results.json
torch.storage.np.ma.core.fix_invalid,valid_mutation,valid_mutation,valid,a,value_mask,differential_mismatch,DifferentialMismatch,success/exception mismatch between cpu and mps,stage4/results/torch-thesis-all-coverage/execution_results/torch.storage.np.ma.core.fix_invalid.results.json
torch.storage.np.ma.core.fix_invalid,valid_mutation,valid_mutation,valid,a,value_negzero,differential_mismatch,DifferentialMismatch,success/exception mismatch between cpu and mps,stage4/results/torch-thesis-all-coverage/execution_results/torch.storage.np.ma.core.fix_invalid.results.json
torch.storage.np.ma.core.fix_invalid,valid_mutation,valid_mutation,valid,a,value_neginf,differential_mismatch,DifferentialMismatch,success/exception mismatch between cpu and mps,stage4/results/torch-thesis-all-coverage/execution_results/torch.storage.np.ma.core.fix_invalid.results.json
torch.storage.np.ma.core.fix_invalid,valid_mutation,valid_mutation,valid,a,value_large_magnitude,differential_mismatch,DifferentialMismatch,success/exception mismatch between cpu and mps,stage4/results/torch-thesis-all-coverage/execution_results/torch.storage.np.ma.core.fix_invalid.results.json
torch.storage.np.ma.core.fix_invalid,valid_mutation,valid_mutation,valid,a,value_posinf,differential_mismatch,DifferentialMismatch,success/exception mismatch between cpu and mps,stage4/results/torch-thesis-all-coverage/execution_results/torch.storage.np.ma.core.fix_invalid.results.json
torch.storage.np.ma.core.fix_invalid,valid_mutation,valid_mutation,valid,a,value_nan,differential_mismatch,DifferentialMismatch,success/exception mismatch between cpu and mps,stage4/results/torch-thesis-all-coverage/execution_results/torch.storage.np.ma.core.fix_invalid.results.json
torch.storage.np.ma.core.fix_invalid,valid_mutation,valid_mutation,valid,a,value_division,differential_mismatch,DifferentialMismatch,success/exception mismatch between cpu and mps,stage4/results/torch-thesis-all-coverage/execution_results/torch.storage.np.ma.core.fix_invalid.results.json
torch.storage.np.ma.core.fix_invalid,negative_mutation,negative_mutation,negative,a,shape_expand,negative_accepted_not_bug,,,stage4/results/torch-thesis-all-coverage/execution_results/torch.storage.np.ma.core.fix_invalid.results.json
torch.storage.np.ma.core.fix_invalid,negative_mutation,negative_mutation,negative,a,dtype_mutate,negative_accepted_not_bug,,,stage4/results/torch-thesis-all-coverage/execution_results/torch.storage.np.ma.core.fix_invalid.results.json
torch.storage.np.ma.core.identity,negative_mutation,negative_mutation,negative,n,enum_invalid,negative_accepted_not_bug,,,stage4/results/torch-thesis-all-coverage/execution_results/torch.storage.np.ma.core.identity.results.json
torch.storage.np.ma.core.is_mask,negative_mutation,negative_mutation,negative,m,shape_expand,negative_accepted_not_bug,,,stage4/results/torch-thesis-all-coverage/execution_results/torch.storage.np.ma.core.is_mask.results.json
torch.storage.np.ma.core.is_mask,negative_mutation,negative_mutation,negative,m,dtype_mutate,negative_accepted_not_bug,,,stage4/results/torch-thesis-all-coverage/execution_results/torch.storage.np.ma.core.is_mask.results.json
torch.storage.np.ma.core.iscomplexobj,negative_mutation,negative_mutation,negative,x,type_switch,negative_accepted_not_bug,,,stage4/results/torch-thesis-all-coverage/execution_results/torch.storage.np.ma.core.iscomplexobj.results.json
torch.storage.np.ma.core.make_mask_none,negative_mutation,negative_mutation,negative,newshape,structure_shrink,negative_accepted_not_bug,,,stage4/results/torch-thesis-all-coverage/execution_results/torch.storage.np.ma.core.make_mask_none.results.json
torch.storage.np.ma.core.maximum_fill_value,negative_mutation,negative_mutation,negative,obj,type_widen,negative_accepted_not_bug,,,stage4/results/torch-thesis-all-coverage/execution_results/torch.storage.np.ma.core.maximum_fill_value.results.json
torch.storage.np.ma.core.minimum_fill_value,negative_mutation,negative_mutation,negative,obj,type_widen,negative_accepted_not_bug,,,stage4/results/torch-thesis-all-coverage/execution_results/torch.storage.np.ma.core.minimum_fill_value.results.json
torch.storage.np.ma.core.narray,negative_mutation,negative_mutation,negative,object,type_widen,negative_accepted_not_bug,,,stage4/results/torch-thesis-all-coverage/execution_results/torch.storage.np.ma.core.narray.results.json
torch.storage.np.ma.core.ones,negative_mutation,negative_mutation,negative,shape,structure_shrink,negative_accepted_not_bug,,,stage4/results/torch-thesis-all-coverage/execution_results/torch.storage.np.ma.core.ones.results.json
torch.storage.np.ma.core.ones_like,base_execution,base_valid,valid,,,differential_mismatch,DifferentialMismatch,success/exception mismatch between cpu and mps,stage4/results/torch-thesis-all-coverage/execution_results/torch.storage.np.ma.core.ones_like.results.json
torch.storage.np.ma.core.ones_like,valid_mutation,valid_mutation,valid,a,value_large_magnitude,differential_mismatch,DifferentialMismatch,success/exception mismatch between cpu and mps,stage4/results/torch-thesis-all-coverage/execution_results/torch.storage.np.ma.core.ones_like.results.json
torch.storage.np.ma.core.ones_like,valid_mutation,valid_mutation,valid,a,value_mask,differential_mismatch,DifferentialMismatch,success/exception mismatch between cpu and mps,stage4/results/torch-thesis-all-coverage/execution_results/torch.storage.np.ma.core.ones_like.results.json
torch.storage.np.ma.core.ones_like,valid_mutation,valid_mutation,valid,a,value_division,differential_mismatch,DifferentialMismatch,success/exception mismatch between cpu and mps,stage4/results/torch-thesis-all-coverage/execution_results/torch.storage.np.ma.core.ones_like.results.json
torch.storage.np.ma.core.ones_like,valid_mutation,valid_mutation,valid,a,value_negzero,differential_mismatch,DifferentialMismatch,success/exception mismatch between cpu and mps,stage4/results/torch-thesis-all-coverage/execution_results/torch.storage.np.ma.core.ones_like.results.json
torch.storage.np.ma.core.ones_like,valid_mutation,valid_mutation,valid,a,value_posinf,differential_mismatch,DifferentialMismatch,success/exception mismatch between cpu and mps,stage4/results/torch-thesis-all-coverage/execution_results/torch.storage.np.ma.core.ones_like.results.json
torch.storage.np.ma.core.ones_like,valid_mutation,valid_mutation,valid,a,value_noise,differential_mismatch,DifferentialMismatch,success/exception mismatch between cpu and mps,stage4/results/torch-thesis-all-coverage/execution_results/torch.storage.np.ma.core.ones_like.results.json
torch.storage.np.ma.core.ones_like,valid_mutation,valid_mutation,valid,a,value_nan,differential_mismatch,DifferentialMismatch,success/exception mismatch between cpu and mps,stage4/results/torch-thesis-all-coverage/execution_results/torch.storage.np.ma.core.ones_like.results.json
torch.storage.np.ma.core.ones_like,valid_mutation,valid_mutation,valid,a,value_neginf,differential_mismatch,DifferentialMismatch,success/exception mismatch between cpu and mps,stage4/results/torch-thesis-all-coverage/execution_results/torch.storage.np.ma.core.ones_like.results.json
torch.storage.np.ma.core.ones_like,negative_mutation,negative_mutation,negative,a,shape_expand,negative_accepted_not_bug,,,stage4/results/torch-thesis-all-coverage/execution_results/torch.storage.np.ma.core.ones_like.results.json
torch.storage.np.ma.core.ones_like,negative_mutation,negative_mutation,negative,a,dtype_mutate,negative_accepted_not_bug,,,stage4/results/torch-thesis-all-coverage/execution_results/torch.storage.np.ma.core.ones_like.results.json
torch.storage.np.ma.core.zeros,negative_mutation,negative_mutation,negative,shape,structure_shrink,negative_accepted_not_bug,,,stage4/results/torch-thesis-all-coverage/execution_results/torch.storage.np.ma.core.zeros.results.json
torch.storage.np.ma.core.zeros_like,base_execution,base_valid,valid,,,differential_mismatch,DifferentialMismatch,success/exception mismatch between cpu and mps,stage4/results/torch-thesis-all-coverage/execution_results/torch.storage.np.ma.core.zeros_like.results.json
torch.storage.np.ma.core.zeros_like,valid_mutation,valid_mutation,valid,a,value_mask,differential_mismatch,DifferentialMismatch,success/exception mismatch between cpu and mps,stage4/results/torch-thesis-all-coverage/execution_results/torch.storage.np.ma.core.zeros_like.results.json
torch.storage.np.ma.core.zeros_like,valid_mutation,valid_mutation,valid,a,value_noise,differential_mismatch,DifferentialMismatch,success/exception mismatch between cpu and mps,stage4/results/torch-thesis-all-coverage/execution_results/torch.storage.np.ma.core.zeros_like.results.json
torch.storage.np.ma.core.zeros_like,valid_mutation,valid_mutation,valid,a,value_negzero,differential_mismatch,DifferentialMismatch,success/exception mismatch between cpu and mps,stage4/results/torch-thesis-all-coverage/execution_results/torch.storage.np.ma.core.zeros_like.results.json
torch.storage.np.ma.core.zeros_like,valid_mutation,valid_mutation,valid,a,value_nan,differential_mismatch,DifferentialMismatch,success/exception mismatch between cpu and mps,stage4/results/torch-thesis-all-coverage/execution_results/torch.storage.np.ma.core.zeros_like.results.json
torch.storage.np.ma.core.zeros_like,valid_mutation,valid_mutation,valid,a,value_posinf,differential_mismatch,DifferentialMismatch,success/exception mismatch between cpu and mps,stage4/results/torch-thesis-all-coverage/execution_results/torch.storage.np.ma.core.zeros_like.results.json
torch.storage.np.ma.core.zeros_like,valid_mutation,valid_mutation,valid,a,value_large_magnitude,differential_mismatch,DifferentialMismatch,success/exception mismatch between cpu and mps,stage4/results/torch-thesis-all-coverage/execution_results/torch.storage.np.ma.core.zeros_like.results.json
torch.storage.np.ma.core.zeros_like,valid_mutation,valid_mutation,valid,a,value_neginf,differential_mismatch,DifferentialMismatch,success/exception mismatch between cpu and mps,stage4/results/torch-thesis-all-coverage/execution_results/torch.storage.np.ma.core.zeros_like.results.json
torch.storage.np.ma.core.zeros_like,valid_mutation,valid_mutation,valid,a,value_division,differential_mismatch,DifferentialMismatch,success/exception mismatch between cpu and mps,stage4/results/torch-thesis-all-coverage/execution_results/torch.storage.np.ma.core.zeros_like.results.json
torch.storage.np.ma.core.zeros_like,negative_mutation,negative_mutation,negative,a,shape_shrink,negative_accepted_not_bug,,,stage4/results/torch-thesis-all-coverage/execution_results/torch.storage.np.ma.core.zeros_like.results.json
torch.storage.np.ma.core.zeros_like,negative_mutation,negative_mutation,negative,a,dtype_mutate,negative_accepted_not_bug,,,stage4/results/torch-thesis-all-coverage/execution_results/torch.storage.np.ma.core.zeros_like.results.json
torch.storage.np.ma.empty,negative_mutation,negative_mutation,negative,shape,structure_shrink,negative_accepted_not_bug,,,stage4/results/torch-thesis-all-coverage/execution_results/torch.storage.np.ma.empty.results.json
torch.storage.np.ma.empty_like,base_execution,base_valid,valid,,,differential_mismatch,DifferentialMismatch,success/exception mismatch between cpu and mps,stage4/results/torch-thesis-all-coverage/execution_results/torch.storage.np.ma.empty_like.results.json
torch.storage.np.ma.empty_like,valid_mutation,valid_mutation,valid,prototype,value_large_magnitude,differential_mismatch,DifferentialMismatch,success/exception mismatch between cpu and mps,stage4/results/torch-thesis-all-coverage/execution_results/torch.storage.np.ma.empty_like.results.json
torch.storage.np.ma.empty_like,valid_mutation,valid_mutation,valid,prototype,value_negzero,differential_mismatch,DifferentialMismatch,success/exception mismatch between cpu and mps,stage4/results/torch-thesis-all-coverage/execution_results/torch.storage.np.ma.empty_like.results.json
torch.storage.np.ma.empty_like,valid_mutation,valid_mutation,valid,prototype,value_noise,differential_mismatch,DifferentialMismatch,success/exception mismatch between cpu and mps,stage4/results/torch-thesis-all-coverage/execution_results/torch.storage.np.ma.empty_like.results.json
torch.storage.np.ma.empty_like,valid_mutation,valid_mutation,valid,prototype,value_neginf,differential_mismatch,DifferentialMismatch,success/exception mismatch between cpu and mps,stage4/results/torch-thesis-all-coverage/execution_results/torch.storage.np.ma.empty_like.results.json
torch.storage.np.ma.empty_like,valid_mutation,valid_mutation,valid,prototype,value_mask,differential_mismatch,DifferentialMismatch,success/exception mismatch between cpu and mps,stage4/results/torch-thesis-all-coverage/execution_results/torch.storage.np.ma.empty_like.results.json
torch.storage.np.ma.empty_like,valid_mutation,valid_mutation,valid,prototype,value_posinf,differential_mismatch,DifferentialMismatch,success/exception mismatch between cpu and mps,stage4/results/torch-thesis-all-coverage/execution_results/torch.storage.np.ma.empty_like.results.json
torch.storage.np.ma.empty_like,valid_mutation,valid_mutation,valid,prototype,value_division,differential_mismatch,DifferentialMismatch,success/exception mismatch between cpu and mps,stage4/results/torch-thesis-all-coverage/execution_results/torch.storage.np.ma.empty_like.results.json
torch.storage.np.ma.empty_like,valid_mutation,valid_mutation,valid,prototype,value_nan,differential_mismatch,DifferentialMismatch,success/exception mismatch between cpu and mps,stage4/results/torch-thesis-all-coverage/execution_results/torch.storage.np.ma.empty_like.results.json
torch.storage.np.ma.empty_like,negative_mutation,negative_mutation,negative,prototype,shape_shrink,negative_accepted_not_bug,,,stage4/results/torch-thesis-all-coverage/execution_results/torch.storage.np.ma.empty_like.results.json
torch.storage.np.ma.empty_like,negative_mutation,negative_mutation,negative,prototype,dtype_mutate,negative_accepted_not_bug,,,stage4/results/torch-thesis-all-coverage/execution_results/torch.storage.np.ma.empty_like.results.json
torch.storage.np.ma.expand_dims,base_execution,base_valid,valid,,,differential_mismatch,DifferentialMismatch,success/exception mismatch between cpu and mps,stage4/results/torch-thesis-all-coverage/execution_results/torch.storage.np.ma.expand_dims.results.json
torch.storage.np.ma.expand_dims,valid_mutation,valid_mutation,valid,a,value_negzero,differential_mismatch,DifferentialMismatch,success/exception mismatch between cpu and mps,stage4/results/torch-thesis-all-coverage/execution_results/torch.storage.np.ma.expand_dims.results.json
torch.storage.np.ma.expand_dims,valid_mutation,valid_mutation,valid,a,value_nan,differential_mismatch,DifferentialMismatch,success/exception mismatch between cpu and mps,stage4/results/torch-thesis-all-coverage/execution_results/torch.storage.np.ma.expand_dims.results.json
torch.storage.np.ma.expand_dims,valid_mutation,valid_mutation,valid,a,value_mask,differential_mismatch,DifferentialMismatch,success/exception mismatch between cpu and mps,stage4/results/torch-thesis-all-coverage/execution_results/torch.storage.np.ma.expand_dims.results.json
torch.storage.np.ma.expand_dims,valid_mutation,valid_mutation,valid,a,value_noise,differential_mismatch,DifferentialMismatch,success/exception mismatch between cpu and mps,stage4/results/torch-thesis-all-coverage/execution_results/torch.storage.np.ma.expand_dims.results.json
torch.storage.np.ma.expand_dims,valid_mutation,valid_mutation,valid,a,value_division,differential_mismatch,DifferentialMismatch,success/exception mismatch between cpu and mps,stage4/results/torch-thesis-all-coverage/execution_results/torch.storage.np.ma.expand_dims.results.json
torch.storage.np.ma.expand_dims,valid_mutation,valid_mutation,valid,a,value_neginf,differential_mismatch,DifferentialMismatch,success/exception mismatch between cpu and mps,stage4/results/torch-thesis-all-coverage/execution_results/torch.storage.np.ma.expand_dims.results.json
torch.storage.np.ma.expand_dims,valid_mutation,valid_mutation,valid,a,value_large_magnitude,differential_mismatch,DifferentialMismatch,success/exception mismatch between cpu and mps,stage4/results/torch-thesis-all-coverage/execution_results/torch.storage.np.ma.expand_dims.results.json
torch.storage.np.ma.expand_dims,valid_mutation,valid_mutation,valid,a,value_posinf,differential_mismatch,DifferentialMismatch,success/exception mismatch between cpu and mps,stage4/results/torch-thesis-all-coverage/execution_results/torch.storage.np.ma.expand_dims.results.json
torch.storage.np.ma.expand_dims,negative_mutation,negative_mutation,negative,a,shape_shrink,negative_accepted_not_bug,,,stage4/results/torch-thesis-all-coverage/execution_results/torch.storage.np.ma.expand_dims.results.json
torch.storage.np.ma.expand_dims,negative_mutation,negative_mutation,negative,a,dtype_mutate,negative_accepted_not_bug,,,stage4/results/torch-thesis-all-coverage/execution_results/torch.storage.np.ma.expand_dims.results.json
torch.storage.np.ma.extras.asarray,base_execution,base_valid,valid,,,differential_mismatch,DifferentialMismatch,success/exception mismatch between cpu and mps,stage4/results/torch-thesis-all-coverage/execution_results/torch.storage.np.ma.extras.asarray.results.json
torch.storage.np.ma.extras.asarray,valid_mutation,valid_mutation,valid,a,value_noise,differential_mismatch,DifferentialMismatch,success/exception mismatch between cpu and mps,stage4/results/torch-thesis-all-coverage/execution_results/torch.storage.np.ma.extras.asarray.results.json
torch.storage.np.ma.extras.asarray,valid_mutation,valid_mutation,valid,a,value_negzero,differential_mismatch,DifferentialMismatch,success/exception mismatch between cpu and mps,stage4/results/torch-thesis-all-coverage/execution_results/torch.storage.np.ma.extras.asarray.results.json
torch.storage.np.ma.extras.asarray,valid_mutation,valid_mutation,valid,a,value_division,differential_mismatch,DifferentialMismatch,success/exception mismatch between cpu and mps,stage4/results/torch-thesis-all-coverage/execution_results/torch.storage.np.ma.extras.asarray.results.json
torch.storage.np.ma.extras.asarray,valid_mutation,valid_mutation,valid,a,value_posinf,differential_mismatch,DifferentialMismatch,success/exception mismatch between cpu and mps,stage4/results/torch-thesis-all-coverage/execution_results/torch.storage.np.ma.extras.asarray.results.json
torch.storage.np.ma.extras.asarray,valid_mutation,valid_mutation,valid,a,value_neginf,differential_mismatch,DifferentialMismatch,success/exception mismatch between cpu and mps,stage4/results/torch-thesis-all-coverage/execution_results/torch.storage.np.ma.extras.asarray.results.json
torch.storage.np.ma.extras.asarray,valid_mutation,valid_mutation,valid,a,value_mask,differential_mismatch,DifferentialMismatch,success/exception mismatch between cpu and mps,stage4/results/torch-thesis-all-coverage/execution_results/torch.storage.np.ma.extras.asarray.results.json
torch.storage.np.ma.extras.asarray,valid_mutation,valid_mutation,valid,a,value_large_magnitude,differential_mismatch,DifferentialMismatch,success/exception mismatch between cpu and mps,stage4/results/torch-thesis-all-coverage/execution_results/torch.storage.np.ma.extras.asarray.results.json
torch.storage.np.ma.extras.asarray,valid_mutation,valid_mutation,valid,a,value_nan,differential_mismatch,DifferentialMismatch,success/exception mismatch between cpu and mps,stage4/results/torch-thesis-all-coverage/execution_results/torch.storage.np.ma.extras.asarray.results.json
torch.storage.np.ma.extras.asarray,negative_mutation,negative_mutation,negative,a,shape_shrink,negative_accepted_not_bug,,,stage4/results/torch-thesis-all-coverage/execution_results/torch.storage.np.ma.extras.asarray.results.json
torch.storage.np.ma.extras.asarray,negative_mutation,negative_mutation,negative,a,dtype_mutate,negative_accepted_not_bug,,,stage4/results/torch-thesis-all-coverage/execution_results/torch.storage.np.ma.extras.asarray.results.json
torch.storage.np.ma.extras.clump_masked,negative_mutation,negative_mutation,negative,a,shape_expand,negative_accepted_not_bug,,,stage4/results/torch-thesis-all-coverage/execution_results/torch.storage.np.ma.extras.clump_masked.results.json
torch.storage.np.ma.extras.clump_masked,negative_mutation,negative_mutation,negative,a,dtype_mutate,negative_accepted_not_bug,,,stage4/results/torch-thesis-all-coverage/execution_results/torch.storage.np.ma.extras.clump_masked.results.json
torch.storage.np.ma.extras.clump_unmasked,base_execution,base_valid,valid,,,differential_mismatch,DifferentialMismatch,"[0] values differ: slice(0, <built-in method size of Tensor object at 0x12d692c10>, None) != slice(0, <built-in method size of Tensor object at 0x12d693750>, None)",stage4/results/torch-thesis-all-coverage/execution_results/torch.storage.np.ma.extras.clump_unmasked.results.json
torch.storage.np.ma.extras.clump_unmasked,valid_mutation,valid_mutation,valid,a,value_mask,differential_mismatch,DifferentialMismatch,"[0] values differ: slice(0, <built-in method size of Tensor object at 0x12d8cf3e0>, None) != slice(0, <built-in method size of Tensor object at 0x12d8cf750>, None)",stage4/results/torch-thesis-all-coverage/execution_results/torch.storage.np.ma.extras.clump_unmasked.results.json
torch.storage.np.ma.extras.clump_unmasked,valid_mutation,valid_mutation,valid,a,value_noise,differential_mismatch,DifferentialMismatch,"[0] values differ: slice(0, <built-in method size of Tensor object at 0x12bceb430>, None) != slice(0, <built-in method size of Tensor object at 0x12bceb6b0>, None)",stage4/results/torch-thesis-all-coverage/execution_results/torch.storage.np.ma.extras.clump_unmasked.results.json
torch.storage.np.ma.extras.clump_unmasked,valid_mutation,valid_mutation,valid,a,value_large_magnitude,differential_mismatch,DifferentialMismatch,"[0] values differ: slice(0, <built-in method size of Tensor object at 0x12dd7f700>, None) != slice(0, <built-in method size of Tensor object at 0x12dd7f9d0>, None)",stage4/results/torch-thesis-all-coverage/execution_results/torch.storage.np.ma.extras.clump_unmasked.results.json
torch.storage.np.ma.extras.clump_unmasked,valid_mutation,valid_mutation,valid,a,value_neginf,differential_mismatch,DifferentialMismatch,"[0] values differ: slice(0, <built-in method size of Tensor object at 0x12f6f34d0>, None) != slice(0, <built-in method size of Tensor object at 0x12f6f3700>, None)",stage4/results/torch-thesis-all-coverage/execution_results/torch.storage.np.ma.extras.clump_unmasked.results.json
torch.storage.np.ma.extras.clump_unmasked,valid_mutation,valid_mutation,valid,a,value_nan,differential_mismatch,DifferentialMismatch,"[0] values differ: slice(0, <built-in method size of Tensor object at 0x12de2f570>, None) != slice(0, <built-in method size of Tensor object at 0x12de2f750>, None)",stage4/results/torch-thesis-all-coverage/execution_results/torch.storage.np.ma.extras.clump_unmasked.results.json
torch.storage.np.ma.extras.clump_unmasked,valid_mutation,valid_mutation,valid,a,value_posinf,differential_mismatch,DifferentialMismatch,"[0] values differ: slice(0, <built-in method size of Tensor object at 0x12bc4f570>, None) != slice(0, <built-in method size of Tensor object at 0x12bc4f750>, None)",stage4/results/torch-thesis-all-coverage/execution_results/torch.storage.np.ma.extras.clump_unmasked.results.json
torch.storage.np.ma.extras.clump_unmasked,valid_mutation,valid_mutation,valid,a,value_negzero,differential_mismatch,DifferentialMismatch,"[0] values differ: slice(0, <built-in method size of Tensor object at 0x1300f34d0>, None) != slice(0, <built-in method size of Tensor object at 0x1300f3700>, None)",stage4/results/torch-thesis-all-coverage/execution_results/torch.storage.np.ma.extras.clump_unmasked.results.json
torch.storage.np.ma.extras.clump_unmasked,valid_mutation,valid_mutation,valid,a,value_division,differential_mismatch,DifferentialMismatch,"[0] values differ: slice(0, <built-in method size of Tensor object at 0x11ea6f570>, None) != slice(0, <built-in method size of Tensor object at 0x11ea6f7a0>, None)",stage4/results/torch-thesis-all-coverage/execution_results/torch.storage.np.ma.extras.clump_unmasked.results.json
torch.storage.np.ma.extras.clump_unmasked,negative_mutation,negative_mutation,negative,a,shape_expand,negative_accepted_not_bug,,,stage4/results/torch-thesis-all-coverage/execution_results/torch.storage.np.ma.extras.clump_unmasked.results.json
torch.storage.np.ma.extras.clump_unmasked,negative_mutation,negative_mutation,negative,a,dtype_mutate,negative_accepted_not_bug,,,stage4/results/torch-thesis-all-coverage/execution_results/torch.storage.np.ma.extras.clump_unmasked.results.json
torch.storage.np.ma.extras.compress_nd,base_execution,base_valid,valid,,,differential_mismatch,DifferentialMismatch,success/exception mismatch between cpu and mps,stage4/results/torch-thesis-all-coverage/execution_results/torch.storage.np.ma.extras.compress_nd.results.json
torch.storage.np.ma.extras.compress_nd,valid_mutation,valid_mutation,valid,x,value_nan,differential_mismatch,DifferentialMismatch,success/exception mismatch between cpu and mps,stage4/results/torch-thesis-all-coverage/execution_results/torch.storage.np.ma.extras.compress_nd.results.json
torch.storage.np.ma.extras.compress_nd,valid_mutation,valid_mutation,valid,x,enum_switch,differential_mismatch,DifferentialMismatch,success/exception mismatch between cpu and mps,stage4/results/torch-thesis-all-coverage/execution_results/torch.storage.np.ma.extras.compress_nd.results.json
torch.storage.np.ma.extras.compress_nd,valid_mutation,valid_mutation,valid,x,value_large_magnitude,differential_mismatch,DifferentialMismatch,success/exception mismatch between cpu and mps,stage4/results/torch-thesis-all-coverage/execution_results/torch.storage.np.ma.extras.compress_nd.results.json
torch.storage.np.ma.extras.compress_nd,valid_mutation,valid_mutation,valid,x,value_negzero,differential_mismatch,DifferentialMismatch,success/exception mismatch between cpu and mps,stage4/results/torch-thesis-all-coverage/execution_results/torch.storage.np.ma.extras.compress_nd.results.json
torch.storage.np.ma.extras.compress_nd,valid_mutation,valid_mutation,valid,x,value_posinf,differential_mismatch,DifferentialMismatch,success/exception mismatch between cpu and mps,stage4/results/torch-thesis-all-coverage/execution_results/torch.storage.np.ma.extras.compress_nd.results.json
torch.storage.np.ma.extras.compress_nd,valid_mutation,valid_mutation,valid,x,value_neginf,differential_mismatch,DifferentialMismatch,success/exception mismatch between cpu and mps,stage4/results/torch-thesis-all-coverage/execution_results/torch.storage.np.ma.extras.compress_nd.results.json
torch.storage.np.ma.extras.compress_nd,negative_mutation,negative_mutation,negative,x,enum_invalid,negative_accepted_not_bug,,,stage4/results/torch-thesis-all-coverage/execution_results/torch.storage.np.ma.extras.compress_nd.results.json
torch.storage.np.ma.extras.compress_rowcols,base_execution,base_valid,valid,,,differential_mismatch,DifferentialMismatch,success/exception mismatch between cpu and mps,stage4/results/torch-thesis-all-coverage/execution_results/torch.storage.np.ma.extras.compress_rowcols.results.json
torch.storage.np.ma.extras.compress_rowcols,valid_mutation,valid_mutation,valid,x,value_nan,differential_mismatch,DifferentialMismatch,success/exception mismatch between cpu and mps,stage4/results/torch-thesis-all-coverage/execution_results/torch.storage.np.ma.extras.compress_rowcols.results.json
torch.storage.np.ma.extras.compress_rowcols,valid_mutation,valid_mutation,valid,x,enum_switch,differential_mismatch,DifferentialMismatch,success/exception mismatch between cpu and mps,stage4/results/torch-thesis-all-coverage/execution_results/torch.storage.np.ma.extras.compress_rowcols.results.json
torch.storage.np.ma.extras.compress_rowcols,valid_mutation,valid_mutation,valid,x,value_negzero,differential_mismatch,DifferentialMismatch,success/exception mismatch between cpu and mps,stage4/results/torch-thesis-all-coverage/execution_results/torch.storage.np.ma.extras.compress_rowcols.results.json
torch.storage.np.ma.extras.compress_rowcols,valid_mutation,valid_mutation,valid,x,value_neginf,differential_mismatch,DifferentialMismatch,success/exception mismatch between cpu and mps,stage4/results/torch-thesis-all-coverage/execution_results/torch.storage.np.ma.extras.compress_rowcols.results.json
torch.storage.np.ma.extras.compress_rowcols,valid_mutation,valid_mutation,valid,x,value_large_magnitude,differential_mismatch,DifferentialMismatch,success/exception mismatch between cpu and mps,stage4/results/torch-thesis-all-coverage/execution_results/torch.storage.np.ma.extras.compress_rowcols.results.json
torch.storage.np.ma.extras.compress_rowcols,valid_mutation,valid_mutation,valid,x,value_posinf,differential_mismatch,DifferentialMismatch,success/exception mismatch between cpu and mps,stage4/results/torch-thesis-all-coverage/execution_results/torch.storage.np.ma.extras.compress_rowcols.results.json
torch.storage.np.ma.extras.compress_rowcols,negative_mutation,negative_mutation,negative,x,enum_invalid,negative_accepted_not_bug,,,stage4/results/torch-thesis-all-coverage/execution_results/torch.storage.np.ma.extras.compress_rowcols.results.json
torch.storage.np.ma.extras.flatnotmasked_contiguous,base_execution,base_valid,valid,,,differential_mismatch,DifferentialMismatch,"[0] values differ: slice(0, <built-in method size of Tensor object at 0x12d6b6c10>, None) != slice(0, <built-in method size of Tensor object at 0x12d6b77f0>, None)",stage4/results/torch-thesis-all-coverage/execution_results/torch.storage.np.ma.extras.flatnotmasked_contiguous.results.json
torch.storage.np.ma.extras.flatnotmasked_contiguous,valid_mutation,valid_mutation,valid,a,value_mask,differential_mismatch,DifferentialMismatch,"[0] values differ: slice(0, <built-in method size of Tensor object at 0x12b6bf660>, None) != slice(0, <built-in method size of Tensor object at 0x12b6bf9d0>, None)",stage4/results/torch-thesis-all-coverage/execution_results/torch.storage.np.ma.extras.flatnotmasked_contiguous.results.json
torch.storage.np.ma.extras.flatnotmasked_contiguous,valid_mutation,valid_mutation,valid,a,value_noise,differential_mismatch,DifferentialMismatch,"[0] values differ: slice(0, <built-in method size of Tensor object at 0x12e07f3e0>, None) != slice(0, <built-in method size of Tensor object at 0x12e07fa70>, None)",stage4/results/torch-thesis-all-coverage/execution_results/torch.storage.np.ma.extras.flatnotmasked_contiguous.results.json
torch.storage.np.ma.extras.flatnotmasked_contiguous,valid_mutation,valid_mutation,valid,a,value_division,differential_mismatch,DifferentialMismatch,"[0] values differ: slice(0, <built-in method size of Tensor object at 0x12dfab5c0>, None) != slice(0, <built-in method size of Tensor object at 0x12dfab8e0>, None)",stage4/results/torch-thesis-all-coverage/execution_results/torch.storage.np.ma.extras.flatnotmasked_contiguous.results.json
torch.storage.np.ma.extras.flatnotmasked_contiguous,valid_mutation,valid_mutation,valid,a,value_posinf,differential_mismatch,DifferentialMismatch,"[0] values differ: slice(0, <built-in method size of Tensor object at 0x12d57b4d0>, None) != slice(0, <built-in method size of Tensor object at 0x12d57b840>, None)",stage4/results/torch-thesis-all-coverage/execution_results/torch.storage.np.ma.extras.flatnotmasked_contiguous.results.json
torch.storage.np.ma.extras.flatnotmasked_contiguous,valid_mutation,valid_mutation,valid,a,value_large_magnitude,differential_mismatch,DifferentialMismatch,"[0] values differ: slice(0, <built-in method size of Tensor object at 0x12f64f2a0>, None) != slice(0, <built-in method size of Tensor object at 0x12f64f7f0>, None)",stage4/results/torch-thesis-all-coverage/execution_results/torch.storage.np.ma.extras.flatnotmasked_contiguous.results.json
torch.storage.np.ma.extras.flatnotmasked_contiguous,valid_mutation,valid_mutation,valid,a,value_negzero,differential_mismatch,DifferentialMismatch,"[0] values differ: slice(0, <built-in method size of Tensor object at 0x12db833e0>, None) != slice(0, <built-in method size of Tensor object at 0x12db83890>, None)",stage4/results/torch-thesis-all-coverage/execution_results/torch.storage.np.ma.extras.flatnotmasked_contiguous.results.json
torch.storage.np.ma.extras.flatnotmasked_contiguous,valid_mutation,valid_mutation,valid,a,value_nan,differential_mismatch,DifferentialMismatch,"[0] values differ: slice(0, <built-in method size of Tensor object at 0x12b487480>, None) != slice(0, <built-in method size of Tensor object at 0x12b4877f0>, None)",stage4/results/torch-thesis-all-coverage/execution_results/torch.storage.np.ma.extras.flatnotmasked_contiguous.results.json
torch.storage.np.ma.extras.flatnotmasked_contiguous,valid_mutation,valid_mutation,valid,a,value_neginf,differential_mismatch,DifferentialMismatch,"[0] values differ: slice(0, <built-in method size of Tensor object at 0x12fa8b4d0>, None) != slice(0, <built-in method size of Tensor object at 0x12fa8b890>, None)",stage4/results/torch-thesis-all-coverage/execution_results/torch.storage.np.ma.extras.flatnotmasked_contiguous.results.json
torch.storage.np.ma.extras.flatnotmasked_contiguous,negative_mutation,negative_mutation,negative,a,shape_shrink,negative_accepted_not_bug,,,stage4/results/torch-thesis-all-coverage/execution_results/torch.storage.np.ma.extras.flatnotmasked_contiguous.results.json
torch.storage.np.ma.extras.flatnotmasked_contiguous,negative_mutation,negative_mutation,negative,a,dtype_mutate,negative_accepted_not_bug,,,stage4/results/torch-thesis-all-coverage/execution_results/torch.storage.np.ma.extras.flatnotmasked_contiguous.results.json
torch.storage.np.ma.extras.mask_rowcols,base_execution,base_valid,valid,,,differential_mismatch,DifferentialMismatch,success/exception mismatch between cpu and mps,stage4/results/torch-thesis-all-coverage/execution_results/torch.storage.np.ma.extras.mask_rowcols.results.json
torch.storage.np.ma.extras.mask_rowcols,valid_mutation,valid_mutation,valid,a,value_negzero,differential_mismatch,DifferentialMismatch,success/exception mismatch between cpu and mps,stage4/results/torch-thesis-all-coverage/execution_results/torch.storage.np.ma.extras.mask_rowcols.results.json
torch.storage.np.ma.extras.mask_rowcols,valid_mutation,valid_mutation,valid,a,value_large_magnitude,differential_mismatch,DifferentialMismatch,success/exception mismatch between cpu and mps,stage4/results/torch-thesis-all-coverage/execution_results/torch.storage.np.ma.extras.mask_rowcols.results.json
torch.storage.np.ma.extras.mask_rowcols,valid_mutation,valid_mutation,valid,a,value_neginf,differential_mismatch,DifferentialMismatch,success/exception mismatch between cpu and mps,stage4/results/torch-thesis-all-coverage/execution_results/torch.storage.np.ma.extras.mask_rowcols.results.json
torch.storage.np.ma.extras.mask_rowcols,valid_mutation,valid_mutation,valid,a,value_nan,differential_mismatch,DifferentialMismatch,success/exception mismatch between cpu and mps,stage4/results/torch-thesis-all-coverage/execution_results/torch.storage.np.ma.extras.mask_rowcols.results.json
torch.storage.np.ma.extras.mask_rowcols,valid_mutation,valid_mutation,valid,a,enum_switch,differential_mismatch,DifferentialMismatch,success/exception mismatch between cpu and mps,stage4/results/torch-thesis-all-coverage/execution_results/torch.storage.np.ma.extras.mask_rowcols.results.json
torch.storage.np.ma.extras.mask_rowcols,valid_mutation,valid_mutation,valid,a,value_posinf,differential_mismatch,DifferentialMismatch,success/exception mismatch between cpu and mps,stage4/results/torch-thesis-all-coverage/execution_results/torch.storage.np.ma.extras.mask_rowcols.results.json
torch.storage.np.ma.extras.mask_rowcols,negative_mutation,negative_mutation,negative,a,enum_invalid,negative_accepted_not_bug,,,stage4/results/torch-thesis-all-coverage/execution_results/torch.storage.np.ma.extras.mask_rowcols.results.json
torch.storage.np.ma.extras.masked_all,negative_mutation,negative_mutation,negative,shape,structure_shrink,negative_accepted_not_bug,,,stage4/results/torch-thesis-all-coverage/execution_results/torch.storage.np.ma.extras.masked_all.results.json
torch.storage.np.ma.extras.masked_all_like,base_execution,base_valid,valid,,,differential_mismatch,DifferentialMismatch,success/exception mismatch between cpu and mps,stage4/results/torch-thesis-all-coverage/execution_results/torch.storage.np.ma.extras.masked_all_like.results.json
torch.storage.np.ma.extras.masked_all_like,valid_mutation,valid_mutation,valid,arr,value_posinf,differential_mismatch,DifferentialMismatch,success/exception mismatch between cpu and mps,stage4/results/torch-thesis-all-coverage/execution_results/torch.storage.np.ma.extras.masked_all_like.results.json
torch.storage.np.ma.extras.masked_all_like,valid_mutation,valid_mutation,valid,arr,value_neginf,differential_mismatch,DifferentialMismatch,success/exception mismatch between cpu and mps,stage4/results/torch-thesis-all-coverage/execution_results/torch.storage.np.ma.extras.masked_all_like.results.json
torch.storage.np.ma.extras.masked_all_like,valid_mutation,valid_mutation,valid,arr,value_large_magnitude,differential_mismatch,DifferentialMismatch,success/exception mismatch between cpu and mps,stage4/results/torch-thesis-all-coverage/execution_results/torch.storage.np.ma.extras.masked_all_like.results.json
torch.storage.np.ma.extras.masked_all_like,valid_mutation,valid_mutation,valid,arr,value_division,differential_mismatch,DifferentialMismatch,success/exception mismatch between cpu and mps,stage4/results/torch-thesis-all-coverage/execution_results/torch.storage.np.ma.extras.masked_all_like.results.json
torch.storage.np.ma.extras.masked_all_like,valid_mutation,valid_mutation,valid,arr,value_negzero,differential_mismatch,DifferentialMismatch,success/exception mismatch between cpu and mps,stage4/results/torch-thesis-all-coverage/execution_results/torch.storage.np.ma.extras.masked_all_like.results.json
torch.storage.np.ma.extras.masked_all_like,valid_mutation,valid_mutation,valid,arr,value_nan,differential_mismatch,DifferentialMismatch,success/exception mismatch between cpu and mps,stage4/results/torch-thesis-all-coverage/execution_results/torch.storage.np.ma.extras.masked_all_like.results.json
torch.storage.np.ma.extras.masked_all_like,valid_mutation,valid_mutation,valid,arr,value_noise,differential_mismatch,DifferentialMismatch,success/exception mismatch between cpu and mps,stage4/results/torch-thesis-all-coverage/execution_results/torch.storage.np.ma.extras.masked_all_like.results.json
torch.storage.np.ma.extras.masked_all_like,valid_mutation,valid_mutation,valid,arr,value_mask,differential_mismatch,DifferentialMismatch,success/exception mismatch between cpu and mps,stage4/results/torch-thesis-all-coverage/execution_results/torch.storage.np.ma.extras.masked_all_like.results.json
torch.storage.np.ma.extras.masked_all_like,negative_mutation,negative_mutation,negative,arr,shape_shrink,negative_accepted_not_bug,,,stage4/results/torch-thesis-all-coverage/execution_results/torch.storage.np.ma.extras.masked_all_like.results.json
torch.storage.np.ma.extras.masked_all_like,negative_mutation,negative_mutation,negative,arr,dtype_mutate,negative_accepted_not_bug,,,stage4/results/torch-thesis-all-coverage/execution_results/torch.storage.np.ma.extras.masked_all_like.results.json
torch.storage.np.ma.extras.nxarray,negative_mutation,negative_mutation,negative,object,type_widen,negative_accepted_not_bug,,,stage4/results/torch-thesis-all-coverage/execution_results/torch.storage.np.ma.extras.nxarray.results.json
torch.storage.np.ma.extras.ones,negative_mutation,negative_mutation,negative,shape,structure_shrink,negative_accepted_not_bug,,,stage4/results/torch-thesis-all-coverage/execution_results/torch.storage.np.ma.extras.ones.results.json
torch.storage.np.ma.extras.zeros,negative_mutation,negative_mutation,negative,shape,structure_shrink,negative_accepted_not_bug,,,stage4/results/torch-thesis-all-coverage/execution_results/torch.storage.np.ma.extras.zeros.results.json
torch.storage.np.ma.fix_invalid,base_execution,base_valid,valid,,,differential_mismatch,DifferentialMismatch,success/exception mismatch between cpu and mps,stage4/results/torch-thesis-all-coverage/execution_results/torch.storage.np.ma.fix_invalid.results.json
torch.storage.np.ma.fix_invalid,valid_mutation,valid_mutation,valid,a,value_noise,differential_mismatch,DifferentialMismatch,success/exception mismatch between cpu and mps,stage4/results/torch-thesis-all-coverage/execution_results/torch.storage.np.ma.fix_invalid.results.json
torch.storage.np.ma.fix_invalid,valid_mutation,valid_mutation,valid,a,value_neginf,differential_mismatch,DifferentialMismatch,success/exception mismatch between cpu and mps,stage4/results/torch-thesis-all-coverage/execution_results/torch.storage.np.ma.fix_invalid.results.json
torch.storage.np.ma.fix_invalid,valid_mutation,valid_mutation,valid,a,value_nan,differential_mismatch,DifferentialMismatch,success/exception mismatch between cpu and mps,stage4/results/torch-thesis-all-coverage/execution_results/torch.storage.np.ma.fix_invalid.results.json
torch.storage.np.ma.fix_invalid,valid_mutation,valid_mutation,valid,a,value_large_magnitude,differential_mismatch,DifferentialMismatch,success/exception mismatch between cpu and mps,stage4/results/torch-thesis-all-coverage/execution_results/torch.storage.np.ma.fix_invalid.results.json
torch.storage.np.ma.fix_invalid,valid_mutation,valid_mutation,valid,a,value_negzero,differential_mismatch,DifferentialMismatch,success/exception mismatch between cpu and mps,stage4/results/torch-thesis-all-coverage/execution_results/torch.storage.np.ma.fix_invalid.results.json
torch.storage.np.ma.fix_invalid,valid_mutation,valid_mutation,valid,a,value_division,differential_mismatch,DifferentialMismatch,success/exception mismatch between cpu and mps,stage4/results/torch-thesis-all-coverage/execution_results/torch.storage.np.ma.fix_invalid.results.json
torch.storage.np.ma.fix_invalid,valid_mutation,valid_mutation,valid,a,value_posinf,differential_mismatch,DifferentialMismatch,success/exception mismatch between cpu and mps,stage4/results/torch-thesis-all-coverage/execution_results/torch.storage.np.ma.fix_invalid.results.json
torch.storage.np.ma.fix_invalid,valid_mutation,valid_mutation,valid,a,value_mask,differential_mismatch,DifferentialMismatch,success/exception mismatch between cpu and mps,stage4/results/torch-thesis-all-coverage/execution_results/torch.storage.np.ma.fix_invalid.results.json
torch.storage.np.ma.fix_invalid,negative_mutation,negative_mutation,negative,a,shape_shrink,negative_accepted_not_bug,,,stage4/results/torch-thesis-all-coverage/execution_results/torch.storage.np.ma.fix_invalid.results.json
torch.storage.np.ma.fix_invalid,negative_mutation,negative_mutation,negative,a,dtype_mutate,negative_accepted_not_bug,,,stage4/results/torch-thesis-all-coverage/execution_results/torch.storage.np.ma.fix_invalid.results.json
torch.storage.np.ma.flatnotmasked_contiguous,base_execution,base_valid,valid,,,differential_mismatch,DifferentialMismatch,"[0] values differ: slice(0, <built-in method size of Tensor object at 0x12dd56d00>, None) != slice(0, <built-in method size of Tensor object at 0x12dd57980>, None)",stage4/results/torch-thesis-all-coverage/execution_results/torch.storage.np.ma.flatnotmasked_contiguous.results.json
torch.storage.np.ma.flatnotmasked_contiguous,valid_mutation,valid_mutation,valid,a,value_noise,differential_mismatch,DifferentialMismatch,"[0] values differ: slice(0, <built-in method size of Tensor object at 0x12dce7660>, None) != slice(0, <built-in method size of Tensor object at 0x12dce7b60>, None)",stage4/results/torch-thesis-all-coverage/execution_results/torch.storage.np.ma.flatnotmasked_contiguous.results.json
torch.storage.np.ma.flatnotmasked_contiguous,valid_mutation,valid_mutation,valid,a,value_mask,differential_mismatch,DifferentialMismatch,"[0] values differ: slice(0, <built-in method size of Tensor object at 0x12d8e7570>, None) != slice(0, <built-in method size of Tensor object at 0x12d8e79d0>, None)",stage4/results/torch-thesis-all-coverage/execution_results/torch.storage.np.ma.flatnotmasked_contiguous.results.json
torch.storage.np.ma.flatnotmasked_contiguous,valid_mutation,valid_mutation,valid,a,value_negzero,differential_mismatch,DifferentialMismatch,"[0] values differ: slice(0, <built-in method size of Tensor object at 0x12f67b520>, None) != slice(0, <built-in method size of Tensor object at 0x12f67b930>, None)",stage4/results/torch-thesis-all-coverage/execution_results/torch.storage.np.ma.flatnotmasked_contiguous.results.json
torch.storage.np.ma.flatnotmasked_contiguous,valid_mutation,valid_mutation,valid,a,value_posinf,differential_mismatch,DifferentialMismatch,"[0] values differ: slice(0, <built-in method size of Tensor object at 0x12dccf430>, None) != slice(0, <built-in method size of Tensor object at 0x12dccf890>, None)",stage4/results/torch-thesis-all-coverage/execution_results/torch.storage.np.ma.flatnotmasked_contiguous.results.json
torch.storage.np.ma.flatnotmasked_contiguous,valid_mutation,valid_mutation,valid,a,value_large_magnitude,differential_mismatch,DifferentialMismatch,"[0] values differ: slice(0, <built-in method size of Tensor object at 0x11e9db570>, None) != slice(0, <built-in method size of Tensor object at 0x11e9dba20>, None)",stage4/results/torch-thesis-all-coverage/execution_results/torch.storage.np.ma.flatnotmasked_contiguous.results.json
torch.storage.np.ma.flatnotmasked_contiguous,valid_mutation,valid_mutation,valid,a,value_neginf,differential_mismatch,DifferentialMismatch,"[0] values differ: slice(0, <built-in method size of Tensor object at 0x12d94f520>, None) != slice(0, <built-in method size of Tensor object at 0x12d94fac0>, None)",stage4/results/torch-thesis-all-coverage/execution_results/torch.storage.np.ma.flatnotmasked_contiguous.results.json
torch.storage.np.ma.flatnotmasked_contiguous,valid_mutation,valid_mutation,valid,a,value_nan,differential_mismatch,DifferentialMismatch,"[0] values differ: slice(0, <built-in method size of Tensor object at 0x12bf034d0>, None) != slice(0, <built-in method size of Tensor object at 0x12bf03930>, None)",stage4/results/torch-thesis-all-coverage/execution_results/torch.storage.np.ma.flatnotmasked_contiguous.results.json
torch.storage.np.ma.flatnotmasked_contiguous,valid_mutation,valid_mutation,valid,a,value_division,differential_mismatch,DifferentialMismatch,"[0] values differ: slice(0, <built-in method size of Tensor object at 0x12f703520>, None) != slice(0, <built-in method size of Tensor object at 0x12f703980>, None)",stage4/results/torch-thesis-all-coverage/execution_results/torch.storage.np.ma.flatnotmasked_contiguous.results.json
torch.storage.np.ma.flatnotmasked_contiguous,negative_mutation,negative_mutation,negative,a,shape_shrink,negative_accepted_not_bug,,,stage4/results/torch-thesis-all-coverage/execution_results/torch.storage.np.ma.flatnotmasked_contiguous.results.json
torch.storage.np.ma.flatnotmasked_contiguous,negative_mutation,negative_mutation,negative,a,dtype_mutate,negative_accepted_not_bug,,,stage4/results/torch-thesis-all-coverage/execution_results/torch.storage.np.ma.flatnotmasked_contiguous.results.json
torch.storage.np.ma.identity,negative_mutation,negative_mutation,negative,n,enum_invalid,negative_accepted_not_bug,,,stage4/results/torch-thesis-all-coverage/execution_results/torch.storage.np.ma.identity.results.json
torch.storage.np.ma.is_mask,negative_mutation,negative_mutation,negative,m,shape_shrink,negative_accepted_not_bug,,,stage4/results/torch-thesis-all-coverage/execution_results/torch.storage.np.ma.is_mask.results.json
torch.storage.np.ma.is_mask,negative_mutation,negative_mutation,negative,m,dtype_mutate,negative_accepted_not_bug,,,stage4/results/torch-thesis-all-coverage/execution_results/torch.storage.np.ma.is_mask.results.json
torch.storage.np.ma.make_mask_none,negative_mutation,negative_mutation,negative,newshape,structure_shrink,negative_accepted_not_bug,,,stage4/results/torch-thesis-all-coverage/execution_results/torch.storage.np.ma.make_mask_none.results.json
torch.storage.np.ma.mask_rowcols,base_execution,base_valid,valid,,,differential_mismatch,DifferentialMismatch,success/exception mismatch between cpu and mps,stage4/results/torch-thesis-all-coverage/execution_results/torch.storage.np.ma.mask_rowcols.results.json
torch.storage.np.ma.mask_rowcols,valid_mutation,valid_mutation,valid,a,value_nan,differential_mismatch,DifferentialMismatch,success/exception mismatch between cpu and mps,stage4/results/torch-thesis-all-coverage/execution_results/torch.storage.np.ma.mask_rowcols.results.json
torch.storage.np.ma.mask_rowcols,valid_mutation,valid_mutation,valid,a,value_neginf,differential_mismatch,DifferentialMismatch,success/exception mismatch between cpu and mps,stage4/results/torch-thesis-all-coverage/execution_results/torch.storage.np.ma.mask_rowcols.results.json
torch.storage.np.ma.mask_rowcols,valid_mutation,valid_mutation,valid,a,value_large_magnitude,differential_mismatch,DifferentialMismatch,success/exception mismatch between cpu and mps,stage4/results/torch-thesis-all-coverage/execution_results/torch.storage.np.ma.mask_rowcols.results.json
torch.storage.np.ma.mask_rowcols,valid_mutation,valid_mutation,valid,a,value_negzero,differential_mismatch,DifferentialMismatch,success/exception mismatch between cpu and mps,stage4/results/torch-thesis-all-coverage/execution_results/torch.storage.np.ma.mask_rowcols.results.json
torch.storage.np.ma.mask_rowcols,valid_mutation,valid_mutation,valid,a,enum_switch,differential_mismatch,DifferentialMismatch,success/exception mismatch between cpu and mps,stage4/results/torch-thesis-all-coverage/execution_results/torch.storage.np.ma.mask_rowcols.results.json
torch.storage.np.ma.mask_rowcols,valid_mutation,valid_mutation,valid,a,value_posinf,differential_mismatch,DifferentialMismatch,success/exception mismatch between cpu and mps,stage4/results/torch-thesis-all-coverage/execution_results/torch.storage.np.ma.mask_rowcols.results.json
torch.storage.np.ma.mask_rowcols,negative_mutation,negative_mutation,negative,a,enum_invalid,negative_accepted_not_bug,,,stage4/results/torch-thesis-all-coverage/execution_results/torch.storage.np.ma.mask_rowcols.results.json
torch.storage.np.ma.masked_all,negative_mutation,negative_mutation,negative,shape,structure_shrink,negative_accepted_not_bug,,,stage4/results/torch-thesis-all-coverage/execution_results/torch.storage.np.ma.masked_all.results.json
torch.storage.np.ma.masked_all_like,base_execution,base_valid,valid,,,differential_mismatch,DifferentialMismatch,success/exception mismatch between cpu and mps,stage4/results/torch-thesis-all-coverage/execution_results/torch.storage.np.ma.masked_all_like.results.json
torch.storage.np.ma.masked_all_like,valid_mutation,valid_mutation,valid,arr,value_noise,differential_mismatch,DifferentialMismatch,success/exception mismatch between cpu and mps,stage4/results/torch-thesis-all-coverage/execution_results/torch.storage.np.ma.masked_all_like.results.json
torch.storage.np.ma.masked_all_like,valid_mutation,valid_mutation,valid,arr,value_negzero,differential_mismatch,DifferentialMismatch,success/exception mismatch between cpu and mps,stage4/results/torch-thesis-all-coverage/execution_results/torch.storage.np.ma.masked_all_like.results.json
torch.storage.np.ma.masked_all_like,valid_mutation,valid_mutation,valid,arr,value_nan,differential_mismatch,DifferentialMismatch,success/exception mismatch between cpu and mps,stage4/results/torch-thesis-all-coverage/execution_results/torch.storage.np.ma.masked_all_like.results.json
torch.storage.np.ma.masked_all_like,valid_mutation,valid_mutation,valid,arr,value_mask,differential_mismatch,DifferentialMismatch,success/exception mismatch between cpu and mps,stage4/results/torch-thesis-all-coverage/execution_results/torch.storage.np.ma.masked_all_like.results.json
torch.storage.np.ma.masked_all_like,valid_mutation,valid_mutation,valid,arr,value_large_magnitude,differential_mismatch,DifferentialMismatch,success/exception mismatch between cpu and mps,stage4/results/torch-thesis-all-coverage/execution_results/torch.storage.np.ma.masked_all_like.results.json
torch.storage.np.ma.masked_all_like,valid_mutation,valid_mutation,valid,arr,value_neginf,differential_mismatch,DifferentialMismatch,success/exception mismatch between cpu and mps,stage4/results/torch-thesis-all-coverage/execution_results/torch.storage.np.ma.masked_all_like.results.json
torch.storage.np.ma.masked_all_like,valid_mutation,valid_mutation,valid,arr,value_division,differential_mismatch,DifferentialMismatch,success/exception mismatch between cpu and mps,stage4/results/torch-thesis-all-coverage/execution_results/torch.storage.np.ma.masked_all_like.results.json
torch.storage.np.ma.masked_all_like,valid_mutation,valid_mutation,valid,arr,value_posinf,differential_mismatch,DifferentialMismatch,success/exception mismatch between cpu and mps,stage4/results/torch-thesis-all-coverage/execution_results/torch.storage.np.ma.masked_all_like.results.json
torch.storage.np.ma.masked_all_like,negative_mutation,negative_mutation,negative,arr,shape_shrink,negative_accepted_not_bug,,,stage4/results/torch-thesis-all-coverage/execution_results/torch.storage.np.ma.masked_all_like.results.json
torch.storage.np.ma.masked_all_like,negative_mutation,negative_mutation,negative,arr,dtype_mutate,negative_accepted_not_bug,,,stage4/results/torch-thesis-all-coverage/execution_results/torch.storage.np.ma.masked_all_like.results.json
torch.storage.np.ma.maximum_fill_value,negative_mutation,negative_mutation,negative,obj,type_widen,negative_accepted_not_bug,,,stage4/results/torch-thesis-all-coverage/execution_results/torch.storage.np.ma.maximum_fill_value.results.json
torch.storage.np.ma.minimum_fill_value,negative_mutation,negative_mutation,negative,obj,type_widen,negative_accepted_not_bug,,,stage4/results/torch-thesis-all-coverage/execution_results/torch.storage.np.ma.minimum_fill_value.results.json
torch.storage.np.ma.ones,negative_mutation,negative_mutation,negative,shape,structure_shrink,negative_accepted_not_bug,,,stage4/results/torch-thesis-all-coverage/execution_results/torch.storage.np.ma.ones.results.json
torch.storage.np.ma.ones_like,base_execution,base_valid,valid,,,differential_mismatch,DifferentialMismatch,success/exception mismatch between cpu and mps,stage4/results/torch-thesis-all-coverage/execution_results/torch.storage.np.ma.ones_like.results.json
torch.storage.np.ma.ones_like,valid_mutation,valid_mutation,valid,a,value_large_magnitude,differential_mismatch,DifferentialMismatch,success/exception mismatch between cpu and mps,stage4/results/torch-thesis-all-coverage/execution_results/torch.storage.np.ma.ones_like.results.json
torch.storage.np.ma.ones_like,valid_mutation,valid_mutation,valid,a,value_posinf,differential_mismatch,DifferentialMismatch,success/exception mismatch between cpu and mps,stage4/results/torch-thesis-all-coverage/execution_results/torch.storage.np.ma.ones_like.results.json
torch.storage.np.ma.ones_like,valid_mutation,valid_mutation,valid,a,value_noise,differential_mismatch,DifferentialMismatch,success/exception mismatch between cpu and mps,stage4/results/torch-thesis-all-coverage/execution_results/torch.storage.np.ma.ones_like.results.json
torch.storage.np.ma.ones_like,valid_mutation,valid_mutation,valid,a,value_neginf,differential_mismatch,DifferentialMismatch,success/exception mismatch between cpu and mps,stage4/results/torch-thesis-all-coverage/execution_results/torch.storage.np.ma.ones_like.results.json
torch.storage.np.ma.ones_like,valid_mutation,valid_mutation,valid,a,value_negzero,differential_mismatch,DifferentialMismatch,success/exception mismatch between cpu and mps,stage4/results/torch-thesis-all-coverage/execution_results/torch.storage.np.ma.ones_like.results.json
torch.storage.np.ma.ones_like,valid_mutation,valid_mutation,valid,a,value_division,differential_mismatch,DifferentialMismatch,success/exception mismatch between cpu and mps,stage4/results/torch-thesis-all-coverage/execution_results/torch.storage.np.ma.ones_like.results.json
torch.storage.np.ma.ones_like,valid_mutation,valid_mutation,valid,a,value_mask,differential_mismatch,DifferentialMismatch,success/exception mismatch between cpu and mps,stage4/results/torch-thesis-all-coverage/execution_results/torch.storage.np.ma.ones_like.results.json
torch.storage.np.ma.ones_like,valid_mutation,valid_mutation,valid,a,value_nan,differential_mismatch,DifferentialMismatch,success/exception mismatch between cpu and mps,stage4/results/torch-thesis-all-coverage/execution_results/torch.storage.np.ma.ones_like.results.json
torch.storage.np.ma.ones_like,negative_mutation,negative_mutation,negative,a,shape_expand,negative_accepted_not_bug,,,stage4/results/torch-thesis-all-coverage/execution_results/torch.storage.np.ma.ones_like.results.json
torch.storage.np.ma.ones_like,negative_mutation,negative_mutation,negative,a,dtype_mutate,negative_accepted_not_bug,,,stage4/results/torch-thesis-all-coverage/execution_results/torch.storage.np.ma.ones_like.results.json
torch.storage.np.ma.zeros,negative_mutation,negative_mutation,negative,shape,structure_shrink,negative_accepted_not_bug,,,stage4/results/torch-thesis-all-coverage/execution_results/torch.storage.np.ma.zeros.results.json
torch.storage.np.ma.zeros_like,base_execution,base_valid,valid,,,differential_mismatch,DifferentialMismatch,success/exception mismatch between cpu and mps,stage4/results/torch-thesis-all-coverage/execution_results/torch.storage.np.ma.zeros_like.results.json
torch.storage.np.ma.zeros_like,valid_mutation,valid_mutation,valid,a,value_negzero,differential_mismatch,DifferentialMismatch,success/exception mismatch between cpu and mps,stage4/results/torch-thesis-all-coverage/execution_results/torch.storage.np.ma.zeros_like.results.json
torch.storage.np.ma.zeros_like,valid_mutation,valid_mutation,valid,a,value_neginf,differential_mismatch,DifferentialMismatch,success/exception mismatch between cpu and mps,stage4/results/torch-thesis-all-coverage/execution_results/torch.storage.np.ma.zeros_like.results.json
torch.storage.np.ma.zeros_like,valid_mutation,valid_mutation,valid,a,value_posinf,differential_mismatch,DifferentialMismatch,success/exception mismatch between cpu and mps,stage4/results/torch-thesis-all-coverage/execution_results/torch.storage.np.ma.zeros_like.results.json
torch.storage.np.ma.zeros_like,valid_mutation,valid_mutation,valid,a,value_division,differential_mismatch,DifferentialMismatch,success/exception mismatch between cpu and mps,stage4/results/torch-thesis-all-coverage/execution_results/torch.storage.np.ma.zeros_like.results.json
torch.storage.np.ma.zeros_like,valid_mutation,valid_mutation,valid,a,value_nan,differential_mismatch,DifferentialMismatch,success/exception mismatch between cpu and mps,stage4/results/torch-thesis-all-coverage/execution_results/torch.storage.np.ma.zeros_like.results.json
torch.storage.np.ma.zeros_like,valid_mutation,valid_mutation,valid,a,value_mask,differential_mismatch,DifferentialMismatch,success/exception mismatch between cpu and mps,stage4/results/torch-thesis-all-coverage/execution_results/torch.storage.np.ma.zeros_like.results.json
torch.storage.np.ma.zeros_like,valid_mutation,valid_mutation,valid,a,value_large_magnitude,differential_mismatch,DifferentialMismatch,success/exception mismatch between cpu and mps,stage4/results/torch-thesis-all-coverage/execution_results/torch.storage.np.ma.zeros_like.results.json
torch.storage.np.ma.zeros_like,valid_mutation,valid_mutation,valid,a,value_noise,differential_mismatch,DifferentialMismatch,success/exception mismatch between cpu and mps,stage4/results/torch-thesis-all-coverage/execution_results/torch.storage.np.ma.zeros_like.results.json
torch.storage.np.ma.zeros_like,negative_mutation,negative_mutation,negative,a,shape_expand,negative_accepted_not_bug,,,stage4/results/torch-thesis-all-coverage/execution_results/torch.storage.np.ma.zeros_like.results.json
torch.storage.np.ma.zeros_like,negative_mutation,negative_mutation,negative,a,dtype_mutate,negative_accepted_not_bug,,,stage4/results/torch-thesis-all-coverage/execution_results/torch.storage.np.ma.zeros_like.results.json
torch.storage.np.nancumprod,base_execution,base_valid,valid,,,differential_mismatch,DifferentialMismatch,success/exception mismatch between cpu and mps,stage4/results/torch-thesis-all-coverage/execution_results/torch.storage.np.nancumprod.results.json
torch.storage.np.nancumprod,valid_mutation,valid_mutation,valid,a,value_noise,differential_mismatch,DifferentialMismatch,success/exception mismatch between cpu and mps,stage4/results/torch-thesis-all-coverage/execution_results/torch.storage.np.nancumprod.results.json
torch.storage.np.nancumprod,valid_mutation,valid_mutation,valid,a,value_neginf,differential_mismatch,DifferentialMismatch,success/exception mismatch between cpu and mps,stage4/results/torch-thesis-all-coverage/execution_results/torch.storage.np.nancumprod.results.json
torch.storage.np.nancumprod,valid_mutation,valid_mutation,valid,a,value_large_magnitude,differential_mismatch,DifferentialMismatch,success/exception mismatch between cpu and mps,stage4/results/torch-thesis-all-coverage/execution_results/torch.storage.np.nancumprod.results.json
torch.storage.np.nancumprod,valid_mutation,valid_mutation,valid,a,value_negzero,differential_mismatch,DifferentialMismatch,success/exception mismatch between cpu and mps,stage4/results/torch-thesis-all-coverage/execution_results/torch.storage.np.nancumprod.results.json
torch.storage.np.nancumprod,valid_mutation,valid_mutation,valid,a,value_nan,differential_mismatch,DifferentialMismatch,success/exception mismatch between cpu and mps,stage4/results/torch-thesis-all-coverage/execution_results/torch.storage.np.nancumprod.results.json
torch.storage.np.nancumprod,valid_mutation,valid_mutation,valid,a,value_division,differential_mismatch,DifferentialMismatch,success/exception mismatch between cpu and mps,stage4/results/torch-thesis-all-coverage/execution_results/torch.storage.np.nancumprod.results.json
torch.storage.np.nancumprod,valid_mutation,valid_mutation,valid,a,value_posinf,differential_mismatch,DifferentialMismatch,success/exception mismatch between cpu and mps,stage4/results/torch-thesis-all-coverage/execution_results/torch.storage.np.nancumprod.results.json
torch.storage.np.nancumprod,valid_mutation,valid_mutation,valid,a,value_mask,differential_mismatch,DifferentialMismatch,success/exception mismatch between cpu and mps,stage4/results/torch-thesis-all-coverage/execution_results/torch.storage.np.nancumprod.results.json
torch.storage.np.nancumprod,negative_mutation,negative_mutation,negative,a,shape_expand,negative_accepted_not_bug,,,stage4/results/torch-thesis-all-coverage/execution_results/torch.storage.np.nancumprod.results.json
torch.storage.np.nancumprod,negative_mutation,negative_mutation,negative,a,dtype_mutate,negative_accepted_not_bug,,,stage4/results/torch-thesis-all-coverage/execution_results/torch.storage.np.nancumprod.results.json
torch.storage.np.nanprod,base_execution,base_valid,valid,,,differential_mismatch,DifferentialMismatch,success/exception mismatch between cpu and mps,stage4/results/torch-thesis-all-coverage/execution_results/torch.storage.np.nanprod.results.json
torch.storage.np.nanprod,valid_mutation,valid_mutation,valid,a,value_noise,differential_mismatch,DifferentialMismatch,success/exception mismatch between cpu and mps,stage4/results/torch-thesis-all-coverage/execution_results/torch.storage.np.nanprod.results.json
torch.storage.np.nanprod,valid_mutation,valid_mutation,valid,a,value_mask,differential_mismatch,DifferentialMismatch,success/exception mismatch between cpu and mps,stage4/results/torch-thesis-all-coverage/execution_results/torch.storage.np.nanprod.results.json
torch.storage.np.nanprod,valid_mutation,valid_mutation,valid,a,value_large_magnitude,differential_mismatch,DifferentialMismatch,success/exception mismatch between cpu and mps,stage4/results/torch-thesis-all-coverage/execution_results/torch.storage.np.nanprod.results.json
torch.storage.np.nanprod,valid_mutation,valid_mutation,valid,a,value_division,differential_mismatch,DifferentialMismatch,success/exception mismatch between cpu and mps,stage4/results/torch-thesis-all-coverage/execution_results/torch.storage.np.nanprod.results.json
torch.storage.np.nanprod,valid_mutation,valid_mutation,valid,a,value_negzero,differential_mismatch,DifferentialMismatch,success/exception mismatch between cpu and mps,stage4/results/torch-thesis-all-coverage/execution_results/torch.storage.np.nanprod.results.json
torch.storage.np.nanprod,valid_mutation,valid_mutation,valid,a,value_nan,differential_mismatch,DifferentialMismatch,success/exception mismatch between cpu and mps,stage4/results/torch-thesis-all-coverage/execution_results/torch.storage.np.nanprod.results.json
torch.storage.np.nanprod,valid_mutation,valid_mutation,valid,a,value_posinf,differential_mismatch,DifferentialMismatch,success/exception mismatch between cpu and mps,stage4/results/torch-thesis-all-coverage/execution_results/torch.storage.np.nanprod.results.json
torch.storage.np.nanprod,valid_mutation,valid_mutation,valid,a,value_neginf,differential_mismatch,DifferentialMismatch,success/exception mismatch between cpu and mps,stage4/results/torch-thesis-all-coverage/execution_results/torch.storage.np.nanprod.results.json
torch.storage.np.nanprod,negative_mutation,negative_mutation,negative,a,shape_shrink,negative_accepted_not_bug,,,stage4/results/torch-thesis-all-coverage/execution_results/torch.storage.np.nanprod.results.json
torch.storage.np.nanprod,negative_mutation,negative_mutation,negative,a,dtype_mutate,negative_accepted_not_bug,,,stage4/results/torch-thesis-all-coverage/execution_results/torch.storage.np.nanprod.results.json
torch.storage.np.ndim,negative_mutation,negative_mutation,negative,a,shape_shrink,negative_accepted_not_bug,,,stage4/results/torch-thesis-all-coverage/execution_results/torch.storage.np.ndim.results.json
torch.storage.np.ndim,negative_mutation,negative_mutation,negative,a,dtype_mutate,negative_accepted_not_bug,,,stage4/results/torch-thesis-all-coverage/execution_results/torch.storage.np.ndim.results.json
torch.storage.np.nonzero,negative_mutation,negative_mutation,negative,a,shape_shrink,negative_accepted_not_bug,,,stage4/results/torch-thesis-all-coverage/execution_results/torch.storage.np.nonzero.results.json
torch.storage.np.nonzero,negative_mutation,negative_mutation,negative,a,dtype_mutate,negative_accepted_not_bug,,,stage4/results/torch-thesis-all-coverage/execution_results/torch.storage.np.nonzero.results.json
torch.storage.np.ones,negative_mutation,negative_mutation,negative,shape,structure_shrink,negative_accepted_not_bug,,,stage4/results/torch-thesis-all-coverage/execution_results/torch.storage.np.ones.results.json
torch.storage.np.ones_like,base_execution,base_valid,valid,,,differential_mismatch,DifferentialMismatch,success/exception mismatch between cpu and mps,stage4/results/torch-thesis-all-coverage/execution_results/torch.storage.np.ones_like.results.json
torch.storage.np.ones_like,valid_mutation,valid_mutation,valid,a,value_posinf,differential_mismatch,DifferentialMismatch,success/exception mismatch between cpu and mps,stage4/results/torch-thesis-all-coverage/execution_results/torch.storage.np.ones_like.results.json
torch.storage.np.ones_like,valid_mutation,valid_mutation,valid,a,value_division,differential_mismatch,DifferentialMismatch,success/exception mismatch between cpu and mps,stage4/results/torch-thesis-all-coverage/execution_results/torch.storage.np.ones_like.results.json
torch.storage.np.ones_like,valid_mutation,valid_mutation,valid,a,value_large_magnitude,differential_mismatch,DifferentialMismatch,success/exception mismatch between cpu and mps,stage4/results/torch-thesis-all-coverage/execution_results/torch.storage.np.ones_like.results.json
torch.storage.np.ones_like,valid_mutation,valid_mutation,valid,a,value_negzero,differential_mismatch,DifferentialMismatch,success/exception mismatch between cpu and mps,stage4/results/torch-thesis-all-coverage/execution_results/torch.storage.np.ones_like.results.json
torch.storage.np.ones_like,valid_mutation,valid_mutation,valid,a,value_nan,differential_mismatch,DifferentialMismatch,success/exception mismatch between cpu and mps,stage4/results/torch-thesis-all-coverage/execution_results/torch.storage.np.ones_like.results.json
torch.storage.np.ones_like,valid_mutation,valid_mutation,valid,a,value_noise,differential_mismatch,DifferentialMismatch,success/exception mismatch between cpu and mps,stage4/results/torch-thesis-all-coverage/execution_results/torch.storage.np.ones_like.results.json
torch.storage.np.ones_like,valid_mutation,valid_mutation,valid,a,value_neginf,differential_mismatch,DifferentialMismatch,success/exception mismatch between cpu and mps,stage4/results/torch-thesis-all-coverage/execution_results/torch.storage.np.ones_like.results.json
torch.storage.np.ones_like,valid_mutation,valid_mutation,valid,a,value_mask,differential_mismatch,DifferentialMismatch,success/exception mismatch between cpu and mps,stage4/results/torch-thesis-all-coverage/execution_results/torch.storage.np.ones_like.results.json
torch.storage.np.ones_like,negative_mutation,negative_mutation,negative,a,shape_shrink,negative_accepted_not_bug,,,stage4/results/torch-thesis-all-coverage/execution_results/torch.storage.np.ones_like.results.json
torch.storage.np.ones_like,negative_mutation,negative_mutation,negative,a,dtype_mutate,negative_accepted_not_bug,,,stage4/results/torch-thesis-all-coverage/execution_results/torch.storage.np.ones_like.results.json
torch.storage.np.pad,base_execution,base_valid,valid,,,differential_mismatch,DifferentialMismatch,success/exception mismatch between cpu and mps,stage4/results/torch-thesis-all-coverage/execution_results/torch.storage.np.pad.results.json
torch.storage.np.pad,valid_mutation,valid_mutation,valid,array,value_nan,differential_mismatch,DifferentialMismatch,success/exception mismatch between cpu and mps,stage4/results/torch-thesis-all-coverage/execution_results/torch.storage.np.pad.results.json
torch.storage.np.pad,valid_mutation,valid_mutation,valid,array,value_mask,differential_mismatch,DifferentialMismatch,success/exception mismatch between cpu and mps,stage4/results/torch-thesis-all-coverage/execution_results/torch.storage.np.pad.results.json
torch.storage.np.pad,valid_mutation,valid_mutation,valid,array,value_posinf,differential_mismatch,DifferentialMismatch,success/exception mismatch between cpu and mps,stage4/results/torch-thesis-all-coverage/execution_results/torch.storage.np.pad.results.json
torch.storage.np.pad,valid_mutation,valid_mutation,valid,array,value_large_magnitude,differential_mismatch,DifferentialMismatch,success/exception mismatch between cpu and mps,stage4/results/torch-thesis-all-coverage/execution_results/torch.storage.np.pad.results.json
torch.storage.np.pad,valid_mutation,valid_mutation,valid,array,value_negzero,differential_mismatch,DifferentialMismatch,success/exception mismatch between cpu and mps,stage4/results/torch-thesis-all-coverage/execution_results/torch.storage.np.pad.results.json
torch.storage.np.pad,valid_mutation,valid_mutation,valid,array,value_division,differential_mismatch,DifferentialMismatch,success/exception mismatch between cpu and mps,stage4/results/torch-thesis-all-coverage/execution_results/torch.storage.np.pad.results.json
torch.storage.np.pad,valid_mutation,valid_mutation,valid,array,value_neginf,differential_mismatch,DifferentialMismatch,success/exception mismatch between cpu and mps,stage4/results/torch-thesis-all-coverage/execution_results/torch.storage.np.pad.results.json
torch.storage.np.pad,valid_mutation,valid_mutation,valid,array,value_noise,differential_mismatch,DifferentialMismatch,success/exception mismatch between cpu and mps,stage4/results/torch-thesis-all-coverage/execution_results/torch.storage.np.pad.results.json
torch.storage.np.pad,negative_mutation,negative_mutation,negative,array,shape_shrink,negative_accepted_not_bug,,,stage4/results/torch-thesis-all-coverage/execution_results/torch.storage.np.pad.results.json
torch.storage.np.pad,negative_mutation,negative_mutation,negative,array,dtype_mutate,negative_accepted_not_bug,,,stage4/results/torch-thesis-all-coverage/execution_results/torch.storage.np.pad.results.json
torch.storage.np.pad,valid_mutation,valid_mutation,valid,pad_width,value_large_magnitude,differential_mismatch,DifferentialMismatch,success/exception mismatch between cpu and mps,stage4/results/torch-thesis-all-coverage/execution_results/torch.storage.np.pad.results.json
torch.storage.np.pad,valid_mutation,valid_mutation,valid,pad_width,enum_switch,differential_mismatch,DifferentialMismatch,success/exception mismatch between cpu and mps,stage4/results/torch-thesis-all-coverage/execution_results/torch.storage.np.pad.results.json
torch.storage.np.pad,negative_mutation,negative_mutation,negative,pad_width,enum_invalid,negative_accepted_not_bug,,,stage4/results/torch-thesis-all-coverage/execution_results/torch.storage.np.pad.results.json
torch.storage.np.partition,base_execution,base_valid,valid,,,differential_mismatch,DifferentialMismatch,success/exception mismatch between cpu and mps,stage4/results/torch-thesis-all-coverage/execution_results/torch.storage.np.partition.results.json
torch.storage.np.partition,valid_mutation,valid_mutation,valid,a,value_posinf,differential_mismatch,DifferentialMismatch,success/exception mismatch between cpu and mps,stage4/results/torch-thesis-all-coverage/execution_results/torch.storage.np.partition.results.json
torch.storage.np.partition,valid_mutation,valid_mutation,valid,a,value_nan,differential_mismatch,DifferentialMismatch,success/exception mismatch between cpu and mps,stage4/results/torch-thesis-all-coverage/execution_results/torch.storage.np.partition.results.json
torch.storage.np.partition,valid_mutation,valid_mutation,valid,a,value_division,differential_mismatch,DifferentialMismatch,success/exception mismatch between cpu and mps,stage4/results/torch-thesis-all-coverage/execution_results/torch.storage.np.partition.results.json
torch.storage.np.partition,valid_mutation,valid_mutation,valid,a,value_large_magnitude,differential_mismatch,DifferentialMismatch,success/exception mismatch between cpu and mps,stage4/results/torch-thesis-all-coverage/execution_results/torch.storage.np.partition.results.json
torch.storage.np.partition,valid_mutation,valid_mutation,valid,a,value_negzero,differential_mismatch,DifferentialMismatch,success/exception mismatch between cpu and mps,stage4/results/torch-thesis-all-coverage/execution_results/torch.storage.np.partition.results.json
torch.storage.np.partition,valid_mutation,valid_mutation,valid,a,value_mask,differential_mismatch,DifferentialMismatch,success/exception mismatch between cpu and mps,stage4/results/torch-thesis-all-coverage/execution_results/torch.storage.np.partition.results.json
torch.storage.np.partition,valid_mutation,valid_mutation,valid,a,value_noise,differential_mismatch,DifferentialMismatch,success/exception mismatch between cpu and mps,stage4/results/torch-thesis-all-coverage/execution_results/torch.storage.np.partition.results.json
torch.storage.np.partition,valid_mutation,valid_mutation,valid,a,value_neginf,differential_mismatch,DifferentialMismatch,success/exception mismatch between cpu and mps,stage4/results/torch-thesis-all-coverage/execution_results/torch.storage.np.partition.results.json
torch.storage.np.partition,negative_mutation,negative_mutation,negative,a,shape_shrink,expected_negative_rejection,ValueError,kth(=1) out of bounds (1),stage4/results/torch-thesis-all-coverage/execution_results/torch.storage.np.partition.results.json
torch.storage.np.partition,negative_mutation,negative_mutation,negative,a,dtype_mutate,negative_accepted_not_bug,,,stage4/results/torch-thesis-all-coverage/execution_results/torch.storage.np.partition.results.json
torch.storage.np.partition,valid_mutation,valid_mutation,valid,kth,scalar_delta,differential_mismatch,DifferentialMismatch,success/exception mismatch between cpu and mps,stage4/results/torch-thesis-all-coverage/execution_results/torch.storage.np.partition.results.json
torch.storage.np.partition,valid_mutation,valid_mutation,valid,kth,value_large_magnitude,differential_mismatch,DifferentialMismatch,success/exception mismatch between cpu and mps,stage4/results/torch-thesis-all-coverage/execution_results/torch.storage.np.partition.results.json
torch.storage.np.partition,negative_mutation,negative_mutation,negative,kth,type_widen,expected_negative_rejection,TypeError,Partition index must be integer,stage4/results/torch-thesis-all-coverage/execution_results/torch.storage.np.partition.results.json
torch.storage.np.permute_dims,base_execution,base_valid,valid,,,differential_mismatch,DifferentialMismatch,success/exception mismatch between cpu and mps,stage4/results/torch-thesis-all-coverage/execution_results/torch.storage.np.permute_dims.results.json
torch.storage.np.permute_dims,valid_mutation,valid_mutation,valid,a,value_posinf,differential_mismatch,DifferentialMismatch,success/exception mismatch between cpu and mps,stage4/results/torch-thesis-all-coverage/execution_results/torch.storage.np.permute_dims.results.json
torch.storage.np.permute_dims,valid_mutation,valid_mutation,valid,a,value_noise,differential_mismatch,DifferentialMismatch,success/exception mismatch between cpu and mps,stage4/results/torch-thesis-all-coverage/execution_results/torch.storage.np.permute_dims.results.json
torch.storage.np.permute_dims,valid_mutation,valid_mutation,valid,a,value_neginf,differential_mismatch,DifferentialMismatch,success/exception mismatch between cpu and mps,stage4/results/torch-thesis-all-coverage/execution_results/torch.storage.np.permute_dims.results.json
torch.storage.np.permute_dims,valid_mutation,valid_mutation,valid,a,value_division,differential_mismatch,DifferentialMismatch,success/exception mismatch between cpu and mps,stage4/results/torch-thesis-all-coverage/execution_results/torch.storage.np.permute_dims.results.json
torch.storage.np.permute_dims,valid_mutation,valid_mutation,valid,a,value_negzero,differential_mismatch,DifferentialMismatch,success/exception mismatch between cpu and mps,stage4/results/torch-thesis-all-coverage/execution_results/torch.storage.np.permute_dims.results.json
torch.storage.np.permute_dims,valid_mutation,valid_mutation,valid,a,value_large_magnitude,differential_mismatch,DifferentialMismatch,success/exception mismatch between cpu and mps,stage4/results/torch-thesis-all-coverage/execution_results/torch.storage.np.permute_dims.results.json
torch.storage.np.permute_dims,valid_mutation,valid_mutation,valid,a,value_mask,differential_mismatch,DifferentialMismatch,success/exception mismatch between cpu and mps,stage4/results/torch-thesis-all-coverage/execution_results/torch.storage.np.permute_dims.results.json
torch.storage.np.permute_dims,valid_mutation,valid_mutation,valid,a,value_nan,differential_mismatch,DifferentialMismatch,success/exception mismatch between cpu and mps,stage4/results/torch-thesis-all-coverage/execution_results/torch.storage.np.permute_dims.results.json
torch.storage.np.permute_dims,negative_mutation,negative_mutation,negative,a,shape_expand,negative_accepted_not_bug,,,stage4/results/torch-thesis-all-coverage/execution_results/torch.storage.np.permute_dims.results.json
torch.storage.np.permute_dims,negative_mutation,negative_mutation,negative,a,dtype_mutate,negative_accepted_not_bug,,,stage4/results/torch-thesis-all-coverage/execution_results/torch.storage.np.permute_dims.results.json
torch.storage.np.poly,base_execution,base_valid,valid,,,differential_mismatch,DifferentialMismatch,success/exception mismatch between cpu and mps,stage4/results/torch-thesis-all-coverage/execution_results/torch.storage.np.poly.results.json
torch.storage.np.polynomial.chebyshev.cheb2poly,base_execution,base_valid,valid,,,differential_mismatch,DifferentialMismatch,success/exception mismatch between cpu and mps,stage4/results/torch-thesis-all-coverage/execution_results/torch.storage.np.polynomial.chebyshev.cheb2poly.results.json
torch.storage.np.polynomial.chebyshev.cheb2poly,valid_mutation,valid_mutation,valid,c,value_posinf,differential_mismatch,DifferentialMismatch,success/exception mismatch between cpu and mps,stage4/results/torch-thesis-all-coverage/execution_results/torch.storage.np.polynomial.chebyshev.cheb2poly.results.json
torch.storage.np.polynomial.chebyshev.cheb2poly,valid_mutation,valid_mutation,valid,c,value_large_magnitude,differential_mismatch,DifferentialMismatch,success/exception mismatch between cpu and mps,stage4/results/torch-thesis-all-coverage/execution_results/torch.storage.np.polynomial.chebyshev.cheb2poly.results.json
torch.storage.np.polynomial.chebyshev.cheb2poly,valid_mutation,valid_mutation,valid,c,value_noise,differential_mismatch,DifferentialMismatch,success/exception mismatch between cpu and mps,stage4/results/torch-thesis-all-coverage/execution_results/torch.storage.np.polynomial.chebyshev.cheb2poly.results.json
torch.storage.np.polynomial.chebyshev.cheb2poly,valid_mutation,valid_mutation,valid,c,value_neginf,differential_mismatch,DifferentialMismatch,success/exception mismatch between cpu and mps,stage4/results/torch-thesis-all-coverage/execution_results/torch.storage.np.polynomial.chebyshev.cheb2poly.results.json
torch.storage.np.polynomial.chebyshev.cheb2poly,valid_mutation,valid_mutation,valid,c,value_nan,differential_mismatch,DifferentialMismatch,success/exception mismatch between cpu and mps,stage4/results/torch-thesis-all-coverage/execution_results/torch.storage.np.polynomial.chebyshev.cheb2poly.results.json
torch.storage.np.polynomial.chebyshev.cheb2poly,valid_mutation,valid_mutation,valid,c,value_division,differential_mismatch,DifferentialMismatch,success/exception mismatch between cpu and mps,stage4/results/torch-thesis-all-coverage/execution_results/torch.storage.np.polynomial.chebyshev.cheb2poly.results.json
torch.storage.np.polynomial.chebyshev.cheb2poly,valid_mutation,valid_mutation,valid,c,value_negzero,differential_mismatch,DifferentialMismatch,success/exception mismatch between cpu and mps,stage4/results/torch-thesis-all-coverage/execution_results/torch.storage.np.polynomial.chebyshev.cheb2poly.results.json
torch.storage.np.polynomial.chebyshev.cheb2poly,valid_mutation,valid_mutation,valid,c,value_mask,differential_mismatch,DifferentialMismatch,success/exception mismatch between cpu and mps,stage4/results/torch-thesis-all-coverage/execution_results/torch.storage.np.polynomial.chebyshev.cheb2poly.results.json
torch.storage.np.polynomial.chebyshev.cheb2poly,negative_mutation,negative_mutation,negative,c,shape_expand,negative_accepted_not_bug,,,stage4/results/torch-thesis-all-coverage/execution_results/torch.storage.np.polynomial.chebyshev.cheb2poly.results.json
torch.storage.np.polynomial.chebyshev.cheb2poly,negative_mutation,negative_mutation,negative,c,dtype_mutate,negative_accepted_not_bug,,,stage4/results/torch-thesis-all-coverage/execution_results/torch.storage.np.polynomial.chebyshev.cheb2poly.results.json
torch.storage.np.polynomial.chebyshev.chebcompanion,base_execution,base_valid,valid,,,differential_mismatch,DifferentialMismatch,success/exception mismatch between cpu and mps,stage4/results/torch-thesis-all-coverage/execution_results/torch.storage.np.polynomial.chebyshev.chebcompanion.results.json
torch.storage.np.polynomial.chebyshev.chebcompanion,valid_mutation,valid_mutation,valid,c,value_posinf,differential_mismatch,DifferentialMismatch,success/exception mismatch between cpu and mps,stage4/results/torch-thesis-all-coverage/execution_results/torch.storage.np.polynomial.chebyshev.chebcompanion.results.json
torch.storage.np.polynomial.chebyshev.chebcompanion,valid_mutation,valid_mutation,valid,c,value_nan,differential_mismatch,DifferentialMismatch,success/exception mismatch between cpu and mps,stage4/results/torch-thesis-all-coverage/execution_results/torch.storage.np.polynomial.chebyshev.chebcompanion.results.json
torch.storage.np.polynomial.chebyshev.chebcompanion,valid_mutation,valid_mutation,valid,c,value_noise,differential_mismatch,DifferentialMismatch,success/exception mismatch between cpu and mps,stage4/results/torch-thesis-all-coverage/execution_results/torch.storage.np.polynomial.chebyshev.chebcompanion.results.json
torch.storage.np.polynomial.chebyshev.chebcompanion,valid_mutation,valid_mutation,valid,c,value_neginf,differential_mismatch,DifferentialMismatch,success/exception mismatch between cpu and mps,stage4/results/torch-thesis-all-coverage/execution_results/torch.storage.np.polynomial.chebyshev.chebcompanion.results.json
torch.storage.np.polynomial.chebyshev.chebcompanion,valid_mutation,valid_mutation,valid,c,value_division,differential_mismatch,DifferentialMismatch,success/exception mismatch between cpu and mps,stage4/results/torch-thesis-all-coverage/execution_results/torch.storage.np.polynomial.chebyshev.chebcompanion.results.json
torch.storage.np.polynomial.chebyshev.chebcompanion,valid_mutation,valid_mutation,valid,c,value_large_magnitude,differential_mismatch,DifferentialMismatch,success/exception mismatch between cpu and mps,stage4/results/torch-thesis-all-coverage/execution_results/torch.storage.np.polynomial.chebyshev.chebcompanion.results.json
torch.storage.np.polynomial.chebyshev.chebcompanion,valid_mutation,valid_mutation,valid,c,value_negzero,differential_mismatch,DifferentialMismatch,success/exception mismatch between cpu and mps,stage4/results/torch-thesis-all-coverage/execution_results/torch.storage.np.polynomial.chebyshev.chebcompanion.results.json
torch.storage.np.polynomial.chebyshev.chebcompanion,valid_mutation,valid_mutation,valid,c,value_mask,differential_mismatch,DifferentialMismatch,success/exception mismatch between cpu and mps,stage4/results/torch-thesis-all-coverage/execution_results/torch.storage.np.polynomial.chebyshev.chebcompanion.results.json
torch.storage.np.polynomial.chebyshev.chebcompanion,negative_mutation,negative_mutation,negative,c,shape_shrink,expected_negative_rejection,ValueError,Series must have maximum degree of at least 1.,stage4/results/torch-thesis-all-coverage/execution_results/torch.storage.np.polynomial.chebyshev.chebcompanion.results.json
torch.storage.np.polynomial.chebyshev.chebcompanion,negative_mutation,negative_mutation,negative,c,dtype_mutate,negative_accepted_not_bug,,,stage4/results/torch-thesis-all-coverage/execution_results/torch.storage.np.polynomial.chebyshev.chebcompanion.results.json
torch.storage.np.polynomial.chebyshev.chebder,base_execution,base_valid,valid,,,differential_mismatch,DifferentialMismatch,success/exception mismatch between cpu and mps,stage4/results/torch-thesis-all-coverage/execution_results/torch.storage.np.polynomial.chebyshev.chebder.results.json
torch.storage.np.polynomial.chebyshev.chebder,valid_mutation,valid_mutation,valid,c,value_large_magnitude,differential_mismatch,DifferentialMismatch,success/exception mismatch between cpu and mps,stage4/results/torch-thesis-all-coverage/execution_results/torch.storage.np.polynomial.chebyshev.chebder.results.json
torch.storage.np.polynomial.chebyshev.chebder,valid_mutation,valid_mutation,valid,c,value_negzero,differential_mismatch,DifferentialMismatch,success/exception mismatch between cpu and mps,stage4/results/torch-thesis-all-coverage/execution_results/torch.storage.np.polynomial.chebyshev.chebder.results.json
torch.storage.np.polynomial.chebyshev.chebder,valid_mutation,valid_mutation,valid,c,value_mask,differential_mismatch,DifferentialMismatch,success/exception mismatch between cpu and mps,stage4/results/torch-thesis-all-coverage/execution_results/torch.storage.np.polynomial.chebyshev.chebder.results.json
torch.storage.np.polynomial.chebyshev.chebder,valid_mutation,valid_mutation,valid,c,value_neginf,differential_mismatch,DifferentialMismatch,success/exception mismatch between cpu and mps,stage4/results/torch-thesis-all-coverage/execution_results/torch.storage.np.polynomial.chebyshev.chebder.results.json
torch.storage.np.polynomial.chebyshev.chebder,valid_mutation,valid_mutation,valid,c,value_posinf,differential_mismatch,DifferentialMismatch,success/exception mismatch between cpu and mps,stage4/results/torch-thesis-all-coverage/execution_results/torch.storage.np.polynomial.chebyshev.chebder.results.json
torch.storage.np.polynomial.chebyshev.chebder,valid_mutation,valid_mutation,valid,c,value_noise,differential_mismatch,DifferentialMismatch,success/exception mismatch between cpu and mps,stage4/results/torch-thesis-all-coverage/execution_results/torch.storage.np.polynomial.chebyshev.chebder.results.json
torch.storage.np.polynomial.chebyshev.chebder,valid_mutation,valid_mutation,valid,c,value_division,differential_mismatch,DifferentialMismatch,success/exception mismatch between cpu and mps,stage4/results/torch-thesis-all-coverage/execution_results/torch.storage.np.polynomial.chebyshev.chebder.results.json
torch.storage.np.polynomial.chebyshev.chebder,valid_mutation,valid_mutation,valid,c,value_nan,differential_mismatch,DifferentialMismatch,success/exception mismatch between cpu and mps,stage4/results/torch-thesis-all-coverage/execution_results/torch.storage.np.polynomial.chebyshev.chebder.results.json
torch.storage.np.polynomial.chebyshev.chebder,negative_mutation,negative_mutation,negative,c,shape_expand,negative_accepted_not_bug,,,stage4/results/torch-thesis-all-coverage/execution_results/torch.storage.np.polynomial.chebyshev.chebder.results.json
torch.storage.np.polynomial.chebyshev.chebder,negative_mutation,negative_mutation,negative,c,dtype_mutate,negative_accepted_not_bug,,,stage4/results/torch-thesis-all-coverage/execution_results/torch.storage.np.polynomial.chebyshev.chebder.results.json
torch.storage.np.polynomial.chebyshev.chebgauss,negative_mutation,negative_mutation,negative,deg,type_widen,expected_negative_rejection,TypeError,"deg must be an integer, received 1.0",stage4/results/torch-thesis-all-coverage/execution_results/torch.storage.np.polynomial.chebyshev.chebgauss.results.json
torch.storage.np.polynomial.chebyshev.chebint,base_execution,base_valid,valid,,,differential_mismatch,DifferentialMismatch,success/exception mismatch between cpu and mps,stage4/results/torch-thesis-all-coverage/execution_results/torch.storage.np.polynomial.chebyshev.chebint.results.json
torch.storage.np.polynomial.chebyshev.chebint,valid_mutation,valid_mutation,valid,c,value_noise,differential_mismatch,DifferentialMismatch,success/exception mismatch between cpu and mps,stage4/results/torch-thesis-all-coverage/execution_results/torch.storage.np.polynomial.chebyshev.chebint.results.json
torch.storage.np.polynomial.chebyshev.chebint,valid_mutation,valid_mutation,valid,c,value_mask,differential_mismatch,DifferentialMismatch,success/exception mismatch between cpu and mps,stage4/results/torch-thesis-all-coverage/execution_results/torch.storage.np.polynomial.chebyshev.chebint.results.json
torch.storage.np.polynomial.chebyshev.chebint,valid_mutation,valid_mutation,valid,c,value_posinf,differential_mismatch,DifferentialMismatch,success/exception mismatch between cpu and mps,stage4/results/torch-thesis-all-coverage/execution_results/torch.storage.np.polynomial.chebyshev.chebint.results.json
torch.storage.np.polynomial.chebyshev.chebint,valid_mutation,valid_mutation,valid,c,value_neginf,differential_mismatch,DifferentialMismatch,success/exception mismatch between cpu and mps,stage4/results/torch-thesis-all-coverage/execution_results/torch.storage.np.polynomial.chebyshev.chebint.results.json
torch.storage.np.polynomial.chebyshev.chebint,valid_mutation,valid_mutation,valid,c,value_division,differential_mismatch,DifferentialMismatch,success/exception mismatch between cpu and mps,stage4/results/torch-thesis-all-coverage/execution_results/torch.storage.np.polynomial.chebyshev.chebint.results.json
torch.storage.np.polynomial.chebyshev.chebint,valid_mutation,valid_mutation,valid,c,value_nan,differential_mismatch,DifferentialMismatch,success/exception mismatch between cpu and mps,stage4/results/torch-thesis-all-coverage/execution_results/torch.storage.np.polynomial.chebyshev.chebint.results.json
torch.storage.np.polynomial.chebyshev.chebint,valid_mutation,valid_mutation,valid,c,value_large_magnitude,differential_mismatch,DifferentialMismatch,success/exception mismatch between cpu and mps,stage4/results/torch-thesis-all-coverage/execution_results/torch.storage.np.polynomial.chebyshev.chebint.results.json
torch.storage.np.polynomial.chebyshev.chebint,valid_mutation,valid_mutation,valid,c,value_negzero,differential_mismatch,DifferentialMismatch,success/exception mismatch between cpu and mps,stage4/results/torch-thesis-all-coverage/execution_results/torch.storage.np.polynomial.chebyshev.chebint.results.json
torch.storage.np.polynomial.chebyshev.chebint,negative_mutation,negative_mutation,negative,c,shape_expand,negative_accepted_not_bug,,,stage4/results/torch-thesis-all-coverage/execution_results/torch.storage.np.polynomial.chebyshev.chebint.results.json
torch.storage.np.polynomial.chebyshev.chebint,negative_mutation,negative_mutation,negative,c,dtype_mutate,negative_accepted_not_bug,,,stage4/results/torch-thesis-all-coverage/execution_results/torch.storage.np.polynomial.chebyshev.chebint.results.json
torch.storage.np.polynomial.chebyshev.chebmulx,base_execution,base_valid,valid,,,differential_mismatch,DifferentialMismatch,success/exception mismatch between cpu and mps,stage4/results/torch-thesis-all-coverage/execution_results/torch.storage.np.polynomial.chebyshev.chebmulx.results.json
torch.storage.np.polynomial.chebyshev.chebmulx,valid_mutation,valid_mutation,valid,c,value_noise,differential_mismatch,DifferentialMismatch,success/exception mismatch between cpu and mps,stage4/results/torch-thesis-all-coverage/execution_results/torch.storage.np.polynomial.chebyshev.chebmulx.results.json
torch.storage.np.polynomial.chebyshev.chebmulx,valid_mutation,valid_mutation,valid,c,value_negzero,differential_mismatch,DifferentialMismatch,success/exception mismatch between cpu and mps,stage4/results/torch-thesis-all-coverage/execution_results/torch.storage.np.polynomial.chebyshev.chebmulx.results.json
torch.storage.np.polynomial.chebyshev.chebmulx,valid_mutation,valid_mutation,valid,c,value_division,differential_mismatch,DifferentialMismatch,success/exception mismatch between cpu and mps,stage4/results/torch-thesis-all-coverage/execution_results/torch.storage.np.polynomial.chebyshev.chebmulx.results.json
torch.storage.np.polynomial.chebyshev.chebmulx,valid_mutation,valid_mutation,valid,c,value_mask,differential_mismatch,DifferentialMismatch,success/exception mismatch between cpu and mps,stage4/results/torch-thesis-all-coverage/execution_results/torch.storage.np.polynomial.chebyshev.chebmulx.results.json
torch.storage.np.polynomial.chebyshev.chebmulx,valid_mutation,valid_mutation,valid,c,value_nan,differential_mismatch,DifferentialMismatch,success/exception mismatch between cpu and mps,stage4/results/torch-thesis-all-coverage/execution_results/torch.storage.np.polynomial.chebyshev.chebmulx.results.json
torch.storage.np.polynomial.chebyshev.chebmulx,valid_mutation,valid_mutation,valid,c,value_posinf,differential_mismatch,DifferentialMismatch,success/exception mismatch between cpu and mps,stage4/results/torch-thesis-all-coverage/execution_results/torch.storage.np.polynomial.chebyshev.chebmulx.results.json
torch.storage.np.polynomial.chebyshev.chebmulx,valid_mutation,valid_mutation,valid,c,value_neginf,differential_mismatch,DifferentialMismatch,success/exception mismatch between cpu and mps,stage4/results/torch-thesis-all-coverage/execution_results/torch.storage.np.polynomial.chebyshev.chebmulx.results.json
torch.storage.np.polynomial.chebyshev.chebmulx,valid_mutation,valid_mutation,valid,c,value_large_magnitude,differential_mismatch,DifferentialMismatch,success/exception mismatch between cpu and mps,stage4/results/torch-thesis-all-coverage/execution_results/torch.storage.np.polynomial.chebyshev.chebmulx.results.json
torch.storage.np.polynomial.chebyshev.chebmulx,negative_mutation,negative_mutation,negative,c,shape_shrink,negative_accepted_not_bug,,,stage4/results/torch-thesis-all-coverage/execution_results/torch.storage.np.polynomial.chebyshev.chebmulx.results.json
torch.storage.np.polynomial.chebyshev.chebmulx,negative_mutation,negative_mutation,negative,c,dtype_mutate,negative_accepted_not_bug,,,stage4/results/torch-thesis-all-coverage/execution_results/torch.storage.np.polynomial.chebyshev.chebmulx.results.json
torch.storage.np.polynomial.chebyshev.chebval,base_execution,base_valid,valid,,,differential_mismatch,DifferentialMismatch,success/exception mismatch between cpu and mps,stage4/results/torch-thesis-all-coverage/execution_results/torch.storage.np.polynomial.chebyshev.chebval.results.json
torch.storage.np.polynomial.chebyshev.chebval,valid_mutation,valid_mutation,valid,x,value_negzero,differential_mismatch,DifferentialMismatch,success/exception mismatch between cpu and mps,stage4/results/torch-thesis-all-coverage/execution_results/torch.storage.np.polynomial.chebyshev.chebval.results.json
torch.storage.np.polynomial.chebyshev.chebval,valid_mutation,valid_mutation,valid,x,value_neginf,differential_mismatch,DifferentialMismatch,success/exception mismatch between cpu and mps,stage4/results/torch-thesis-all-coverage/execution_results/torch.storage.np.polynomial.chebyshev.chebval.results.json
torch.storage.np.polynomial.chebyshev.chebval,valid_mutation,valid_mutation,valid,x,value_nan,differential_mismatch,DifferentialMismatch,success/exception mismatch between cpu and mps,stage4/results/torch-thesis-all-coverage/execution_results/torch.storage.np.polynomial.chebyshev.chebval.results.json
torch.storage.np.polynomial.chebyshev.chebval,valid_mutation,valid_mutation,valid,x,enum_switch,differential_mismatch,DifferentialMismatch,success/exception mismatch between cpu and mps,stage4/results/torch-thesis-all-coverage/execution_results/torch.storage.np.polynomial.chebyshev.chebval.results.json
torch.storage.np.polynomial.chebyshev.chebval,valid_mutation,valid_mutation,valid,x,value_posinf,differential_mismatch,DifferentialMismatch,success/exception mismatch between cpu and mps,stage4/results/torch-thesis-all-coverage/execution_results/torch.storage.np.polynomial.chebyshev.chebval.results.json
torch.storage.np.polynomial.chebyshev.chebval,valid_mutation,valid_mutation,valid,x,value_large_magnitude,differential_mismatch,DifferentialMismatch,success/exception mismatch between cpu and mps,stage4/results/torch-thesis-all-coverage/execution_results/torch.storage.np.polynomial.chebyshev.chebval.results.json
torch.storage.np.polynomial.chebyshev.chebval,negative_mutation,negative_mutation,negative,x,enum_invalid,negative_accepted_not_bug,,,stage4/results/torch-thesis-all-coverage/execution_results/torch.storage.np.polynomial.chebyshev.chebval.results.json
torch.storage.np.polynomial.chebyshev.chebval,valid_mutation,valid_mutation,valid,c,value_neginf,differential_mismatch,DifferentialMismatch,success/exception mismatch between cpu and mps,stage4/results/torch-thesis-all-coverage/execution_results/torch.storage.np.polynomial.chebyshev.chebval.results.json
torch.storage.np.polynomial.chebyshev.chebval,valid_mutation,valid_mutation,valid,c,value_nan,differential_mismatch,DifferentialMismatch,success/exception mismatch between cpu and mps,stage4/results/torch-thesis-all-coverage/execution_results/torch.storage.np.polynomial.chebyshev.chebval.results.json
torch.storage.np.polynomial.chebyshev.chebval,valid_mutation,valid_mutation,valid,c,value_posinf,differential_mismatch,DifferentialMismatch,success/exception mismatch between cpu and mps,stage4/results/torch-thesis-all-coverage/execution_results/torch.storage.np.polynomial.chebyshev.chebval.results.json
torch.storage.np.polynomial.chebyshev.chebval,valid_mutation,valid_mutation,valid,c,enum_switch,differential_mismatch,DifferentialMismatch,success/exception mismatch between cpu and mps,stage4/results/torch-thesis-all-coverage/execution_results/torch.storage.np.polynomial.chebyshev.chebval.results.json
torch.storage.np.polynomial.chebyshev.chebval,valid_mutation,valid_mutation,valid,c,value_large_magnitude,differential_mismatch,DifferentialMismatch,success/exception mismatch between cpu and mps,stage4/results/torch-thesis-all-coverage/execution_results/torch.storage.np.polynomial.chebyshev.chebval.results.json
torch.storage.np.polynomial.chebyshev.chebval,valid_mutation,valid_mutation,valid,c,value_negzero,differential_mismatch,DifferentialMismatch,success/exception mismatch between cpu and mps,stage4/results/torch-thesis-all-coverage/execution_results/torch.storage.np.polynomial.chebyshev.chebval.results.json
torch.storage.np.polynomial.chebyshev.chebval,negative_mutation,negative_mutation,negative,c,enum_invalid,negative_accepted_not_bug,,,stage4/results/torch-thesis-all-coverage/execution_results/torch.storage.np.polynomial.chebyshev.chebval.results.json
torch.storage.np.polynomial.chebyshev.chebvander,negative_mutation,negative_mutation,negative,x,type_widen,negative_accepted_not_bug,,,stage4/results/torch-thesis-all-coverage/execution_results/torch.storage.np.polynomial.chebyshev.chebvander.results.json
torch.storage.np.polynomial.chebyshev.chebvander,negative_mutation,negative_mutation,negative,deg,type_widen,expected_negative_rejection,TypeError,"deg must be an integer, received 1.0",stage4/results/torch-thesis-all-coverage/execution_results/torch.storage.np.polynomial.chebyshev.chebvander.results.json
torch.storage.np.polynomial.chebyshev.poly2cheb,base_execution,base_valid,valid,,,differential_mismatch,DifferentialMismatch,success/exception mismatch between cpu and mps,stage4/results/torch-thesis-all-coverage/execution_results/torch.storage.np.polynomial.chebyshev.poly2cheb.results.json
torch.storage.np.polynomial.chebyshev.poly2cheb,valid_mutation,valid_mutation,valid,pol,value_division,differential_mismatch,DifferentialMismatch,success/exception mismatch between cpu and mps,stage4/results/torch-thesis-all-coverage/execution_results/torch.storage.np.polynomial.chebyshev.poly2cheb.results.json
torch.storage.np.polynomial.chebyshev.poly2cheb,valid_mutation,valid_mutation,valid,pol,value_neginf,differential_mismatch,DifferentialMismatch,success/exception mismatch between cpu and mps,stage4/results/torch-thesis-all-coverage/execution_results/torch.storage.np.polynomial.chebyshev.poly2cheb.results.json
torch.storage.np.polynomial.chebyshev.poly2cheb,valid_mutation,valid_mutation,valid,pol,value_large_magnitude,differential_mismatch,DifferentialMismatch,success/exception mismatch between cpu and mps,stage4/results/torch-thesis-all-coverage/execution_results/torch.storage.np.polynomial.chebyshev.poly2cheb.results.json
torch.storage.np.polynomial.chebyshev.poly2cheb,valid_mutation,valid_mutation,valid,pol,value_negzero,differential_mismatch,DifferentialMismatch,success/exception mismatch between cpu and mps,stage4/results/torch-thesis-all-coverage/execution_results/torch.storage.np.polynomial.chebyshev.poly2cheb.results.json
torch.storage.np.polynomial.chebyshev.poly2cheb,valid_mutation,valid_mutation,valid,pol,value_mask,differential_mismatch,DifferentialMismatch,success/exception mismatch between cpu and mps,stage4/results/torch-thesis-all-coverage/execution_results/torch.storage.np.polynomial.chebyshev.poly2cheb.results.json
torch.storage.np.polynomial.chebyshev.poly2cheb,valid_mutation,valid_mutation,valid,pol,value_nan,differential_mismatch,DifferentialMismatch,success/exception mismatch between cpu and mps,stage4/results/torch-thesis-all-coverage/execution_results/torch.storage.np.polynomial.chebyshev.poly2cheb.results.json
torch.storage.np.polynomial.chebyshev.poly2cheb,valid_mutation,valid_mutation,valid,pol,value_posinf,differential_mismatch,DifferentialMismatch,success/exception mismatch between cpu and mps,stage4/results/torch-thesis-all-coverage/execution_results/torch.storage.np.polynomial.chebyshev.poly2cheb.results.json
torch.storage.np.polynomial.chebyshev.poly2cheb,valid_mutation,valid_mutation,valid,pol,value_noise,differential_mismatch,DifferentialMismatch,success/exception mismatch between cpu and mps,stage4/results/torch-thesis-all-coverage/execution_results/torch.storage.np.polynomial.chebyshev.poly2cheb.results.json
torch.storage.np.polynomial.chebyshev.poly2cheb,negative_mutation,negative_mutation,negative,pol,shape_shrink,negative_accepted_not_bug,,,stage4/results/torch-thesis-all-coverage/execution_results/torch.storage.np.polynomial.chebyshev.poly2cheb.results.json
torch.storage.np.polynomial.chebyshev.poly2cheb,negative_mutation,negative_mutation,negative,pol,dtype_mutate,negative_accepted_not_bug,,,stage4/results/torch-thesis-all-coverage/execution_results/torch.storage.np.polynomial.chebyshev.poly2cheb.results.json
torch.storage.np.polynomial.hermite.herm2poly,base_execution,base_valid,valid,,,differential_mismatch,DifferentialMismatch,success/exception mismatch between cpu and mps,stage4/results/torch-thesis-all-coverage/execution_results/torch.storage.np.polynomial.hermite.herm2poly.results.json
torch.storage.np.polynomial.hermite.herm2poly,valid_mutation,valid_mutation,valid,c,value_division,differential_mismatch,DifferentialMismatch,success/exception mismatch between cpu and mps,stage4/results/torch-thesis-all-coverage/execution_results/torch.storage.np.polynomial.hermite.herm2poly.results.json
torch.storage.np.polynomial.hermite.herm2poly,valid_mutation,valid_mutation,valid,c,value_mask,differential_mismatch,DifferentialMismatch,success/exception mismatch between cpu and mps,stage4/results/torch-thesis-all-coverage/execution_results/torch.storage.np.polynomial.hermite.herm2poly.results.json
torch.storage.np.polynomial.hermite.herm2poly,valid_mutation,valid_mutation,valid,c,value_large_magnitude,differential_mismatch,DifferentialMismatch,success/exception mismatch between cpu and mps,stage4/results/torch-thesis-all-coverage/execution_results/torch.storage.np.polynomial.hermite.herm2poly.results.json
torch.storage.np.polynomial.hermite.herm2poly,valid_mutation,valid_mutation,valid,c,value_neginf,differential_mismatch,DifferentialMismatch,success/exception mismatch between cpu and mps,stage4/results/torch-thesis-all-coverage/execution_results/torch.storage.np.polynomial.hermite.herm2poly.results.json
torch.storage.np.polynomial.hermite.herm2poly,valid_mutation,valid_mutation,valid,c,value_negzero,differential_mismatch,DifferentialMismatch,success/exception mismatch between cpu and mps,stage4/results/torch-thesis-all-coverage/execution_results/torch.storage.np.polynomial.hermite.herm2poly.results.json
torch.storage.np.polynomial.hermite.herm2poly,valid_mutation,valid_mutation,valid,c,value_nan,differential_mismatch,DifferentialMismatch,success/exception mismatch between cpu and mps,stage4/results/torch-thesis-all-coverage/execution_results/torch.storage.np.polynomial.hermite.herm2poly.results.json
torch.storage.np.polynomial.hermite.herm2poly,valid_mutation,valid_mutation,valid,c,value_noise,differential_mismatch,DifferentialMismatch,success/exception mismatch between cpu and mps,stage4/results/torch-thesis-all-coverage/execution_results/torch.storage.np.polynomial.hermite.herm2poly.results.json
torch.storage.np.polynomial.hermite.herm2poly,valid_mutation,valid_mutation,valid,c,value_posinf,differential_mismatch,DifferentialMismatch,success/exception mismatch between cpu and mps,stage4/results/torch-thesis-all-coverage/execution_results/torch.storage.np.polynomial.hermite.herm2poly.results.json
torch.storage.np.polynomial.hermite.herm2poly,negative_mutation,negative_mutation,negative,c,shape_shrink,negative_accepted_not_bug,,,stage4/results/torch-thesis-all-coverage/execution_results/torch.storage.np.polynomial.hermite.herm2poly.results.json
torch.storage.np.polynomial.hermite.herm2poly,negative_mutation,negative_mutation,negative,c,dtype_mutate,negative_accepted_not_bug,,,stage4/results/torch-thesis-all-coverage/execution_results/torch.storage.np.polynomial.hermite.herm2poly.results.json
torch.storage.np.polynomial.hermite.hermcompanion,base_execution,base_valid,valid,,,differential_mismatch,DifferentialMismatch,success/exception mismatch between cpu and mps,stage4/results/torch-thesis-all-coverage/execution_results/torch.storage.np.polynomial.hermite.hermcompanion.results.json
torch.storage.np.polynomial.hermite.hermcompanion,valid_mutation,valid_mutation,valid,c,value_neginf,differential_mismatch,DifferentialMismatch,success/exception mismatch between cpu and mps,stage4/results/torch-thesis-all-coverage/execution_results/torch.storage.np.polynomial.hermite.hermcompanion.results.json
torch.storage.np.polynomial.hermite.hermcompanion,valid_mutation,valid_mutation,valid,c,value_division,differential_mismatch,DifferentialMismatch,success/exception mismatch between cpu and mps,stage4/results/torch-thesis-all-coverage/execution_results/torch.storage.np.polynomial.hermite.hermcompanion.results.json
torch.storage.np.polynomial.hermite.hermcompanion,valid_mutation,valid_mutation,valid,c,value_large_magnitude,differential_mismatch,DifferentialMismatch,success/exception mismatch between cpu and mps,stage4/results/torch-thesis-all-coverage/execution_results/torch.storage.np.polynomial.hermite.hermcompanion.results.json
torch.storage.np.polynomial.hermite.hermcompanion,valid_mutation,valid_mutation,valid,c,value_nan,differential_mismatch,DifferentialMismatch,success/exception mismatch between cpu and mps,stage4/results/torch-thesis-all-coverage/execution_results/torch.storage.np.polynomial.hermite.hermcompanion.results.json
torch.storage.np.polynomial.hermite.hermcompanion,valid_mutation,valid_mutation,valid,c,value_posinf,differential_mismatch,DifferentialMismatch,success/exception mismatch between cpu and mps,stage4/results/torch-thesis-all-coverage/execution_results/torch.storage.np.polynomial.hermite.hermcompanion.results.json
torch.storage.np.polynomial.hermite.hermcompanion,valid_mutation,valid_mutation,valid,c,value_negzero,differential_mismatch,DifferentialMismatch,success/exception mismatch between cpu and mps,stage4/results/torch-thesis-all-coverage/execution_results/torch.storage.np.polynomial.hermite.hermcompanion.results.json
torch.storage.np.polynomial.hermite.hermcompanion,valid_mutation,valid_mutation,valid,c,value_noise,differential_mismatch,DifferentialMismatch,success/exception mismatch between cpu and mps,stage4/results/torch-thesis-all-coverage/execution_results/torch.storage.np.polynomial.hermite.hermcompanion.results.json
torch.storage.np.polynomial.hermite.hermcompanion,valid_mutation,valid_mutation,valid,c,value_mask,differential_mismatch,DifferentialMismatch,success/exception mismatch between cpu and mps,stage4/results/torch-thesis-all-coverage/execution_results/torch.storage.np.polynomial.hermite.hermcompanion.results.json
torch.storage.np.polynomial.hermite.hermcompanion,negative_mutation,negative_mutation,negative,c,shape_shrink,expected_negative_rejection,ValueError,Series must have maximum degree of at least 1.,stage4/results/torch-thesis-all-coverage/execution_results/torch.storage.np.polynomial.hermite.hermcompanion.results.json
torch.storage.np.polynomial.hermite.hermcompanion,negative_mutation,negative_mutation,negative,c,dtype_mutate,negative_accepted_not_bug,,,stage4/results/torch-thesis-all-coverage/execution_results/torch.storage.np.polynomial.hermite.hermcompanion.results.json
torch.storage.np.polynomial.hermite.hermder,base_execution,base_valid,valid,,,differential_mismatch,DifferentialMismatch,success/exception mismatch between cpu and mps,stage4/results/torch-thesis-all-coverage/execution_results/torch.storage.np.polynomial.hermite.hermder.results.json
torch.storage.np.polynomial.hermite.hermder,valid_mutation,valid_mutation,valid,c,value_noise,differential_mismatch,DifferentialMismatch,success/exception mismatch between cpu and mps,stage4/results/torch-thesis-all-coverage/execution_results/torch.storage.np.polynomial.hermite.hermder.results.json
torch.storage.np.polynomial.hermite.hermder,valid_mutation,valid_mutation,valid,c,value_mask,differential_mismatch,DifferentialMismatch,success/exception mismatch between cpu and mps,stage4/results/torch-thesis-all-coverage/execution_results/torch.storage.np.polynomial.hermite.hermder.results.json
torch.storage.np.polynomial.hermite.hermder,valid_mutation,valid_mutation,valid,c,value_posinf,differential_mismatch,DifferentialMismatch,success/exception mismatch between cpu and mps,stage4/results/torch-thesis-all-coverage/execution_results/torch.storage.np.polynomial.hermite.hermder.results.json
torch.storage.np.polynomial.hermite.hermder,valid_mutation,valid_mutation,valid,c,value_negzero,differential_mismatch,DifferentialMismatch,success/exception mismatch between cpu and mps,stage4/results/torch-thesis-all-coverage/execution_results/torch.storage.np.polynomial.hermite.hermder.results.json
torch.storage.np.polynomial.hermite.hermder,valid_mutation,valid_mutation,valid,c,value_division,differential_mismatch,DifferentialMismatch,success/exception mismatch between cpu and mps,stage4/results/torch-thesis-all-coverage/execution_results/torch.storage.np.polynomial.hermite.hermder.results.json
torch.storage.np.polynomial.hermite.hermder,valid_mutation,valid_mutation,valid,c,value_nan,differential_mismatch,DifferentialMismatch,success/exception mismatch between cpu and mps,stage4/results/torch-thesis-all-coverage/execution_results/torch.storage.np.polynomial.hermite.hermder.results.json
torch.storage.np.polynomial.hermite.hermder,valid_mutation,valid_mutation,valid,c,value_neginf,differential_mismatch,DifferentialMismatch,success/exception mismatch between cpu and mps,stage4/results/torch-thesis-all-coverage/execution_results/torch.storage.np.polynomial.hermite.hermder.results.json
torch.storage.np.polynomial.hermite.hermder,valid_mutation,valid_mutation,valid,c,value_large_magnitude,differential_mismatch,DifferentialMismatch,success/exception mismatch between cpu and mps,stage4/results/torch-thesis-all-coverage/execution_results/torch.storage.np.polynomial.hermite.hermder.results.json
torch.storage.np.polynomial.hermite.hermder,negative_mutation,negative_mutation,negative,c,shape_expand,negative_accepted_not_bug,,,stage4/results/torch-thesis-all-coverage/execution_results/torch.storage.np.polynomial.hermite.hermder.results.json
torch.storage.np.polynomial.hermite.hermder,negative_mutation,negative_mutation,negative,c,dtype_mutate,negative_accepted_not_bug,,,stage4/results/torch-thesis-all-coverage/execution_results/torch.storage.np.polynomial.hermite.hermder.results.json
torch.storage.np.polynomial.hermite.hermgauss,negative_mutation,negative_mutation,negative,deg,type_widen,expected_negative_rejection,TypeError,"deg must be an integer, received 1.0",stage4/results/torch-thesis-all-coverage/execution_results/torch.storage.np.polynomial.hermite.hermgauss.results.json
torch.storage.np.polynomial.hermite.hermint,base_execution,base_valid,valid,,,differential_mismatch,DifferentialMismatch,success/exception mismatch between cpu and mps,stage4/results/torch-thesis-all-coverage/execution_results/torch.storage.np.polynomial.hermite.hermint.results.json
torch.storage.np.polynomial.hermite.hermint,valid_mutation,valid_mutation,valid,c,value_nan,differential_mismatch,DifferentialMismatch,success/exception mismatch between cpu and mps,stage4/results/torch-thesis-all-coverage/execution_results/torch.storage.np.polynomial.hermite.hermint.results.json
torch.storage.np.polynomial.hermite.hermint,valid_mutation,valid_mutation,valid,c,value_neginf,differential_mismatch,DifferentialMismatch,success/exception mismatch between cpu and mps,stage4/results/torch-thesis-all-coverage/execution_results/torch.storage.np.polynomial.hermite.hermint.results.json
torch.storage.np.polynomial.hermite.hermint,valid_mutation,valid_mutation,valid,c,value_posinf,differential_mismatch,DifferentialMismatch,success/exception mismatch between cpu and mps,stage4/results/torch-thesis-all-coverage/execution_results/torch.storage.np.polynomial.hermite.hermint.results.json
torch.storage.np.polynomial.hermite.hermint,valid_mutation,valid_mutation,valid,c,value_negzero,differential_mismatch,DifferentialMismatch,success/exception mismatch between cpu and mps,stage4/results/torch-thesis-all-coverage/execution_results/torch.storage.np.polynomial.hermite.hermint.results.json
torch.storage.np.polynomial.hermite.hermint,valid_mutation,valid_mutation,valid,c,value_mask,differential_mismatch,DifferentialMismatch,success/exception mismatch between cpu and mps,stage4/results/torch-thesis-all-coverage/execution_results/torch.storage.np.polynomial.hermite.hermint.results.json
torch.storage.np.polynomial.hermite.hermint,valid_mutation,valid_mutation,valid,c,value_noise,differential_mismatch,DifferentialMismatch,success/exception mismatch between cpu and mps,stage4/results/torch-thesis-all-coverage/execution_results/torch.storage.np.polynomial.hermite.hermint.results.json
torch.storage.np.polynomial.hermite.hermint,valid_mutation,valid_mutation,valid,c,value_division,differential_mismatch,DifferentialMismatch,success/exception mismatch between cpu and mps,stage4/results/torch-thesis-all-coverage/execution_results/torch.storage.np.polynomial.hermite.hermint.results.json
torch.storage.np.polynomial.hermite.hermint,valid_mutation,valid_mutation,valid,c,value_large_magnitude,differential_mismatch,DifferentialMismatch,success/exception mismatch between cpu and mps,stage4/results/torch-thesis-all-coverage/execution_results/torch.storage.np.polynomial.hermite.hermint.results.json
torch.storage.np.polynomial.hermite.hermint,negative_mutation,negative_mutation,negative,c,shape_shrink,negative_accepted_not_bug,,,stage4/results/torch-thesis-all-coverage/execution_results/torch.storage.np.polynomial.hermite.hermint.results.json
torch.storage.np.polynomial.hermite.hermint,negative_mutation,negative_mutation,negative,c,dtype_mutate,negative_accepted_not_bug,,,stage4/results/torch-thesis-all-coverage/execution_results/torch.storage.np.polynomial.hermite.hermint.results.json
torch.storage.np.polynomial.hermite.hermmulx,base_execution,base_valid,valid,,,differential_mismatch,DifferentialMismatch,success/exception mismatch between cpu and mps,stage4/results/torch-thesis-all-coverage/execution_results/torch.storage.np.polynomial.hermite.hermmulx.results.json
torch.storage.np.polynomial.hermite.hermmulx,valid_mutation,valid_mutation,valid,c,value_large_magnitude,differential_mismatch,DifferentialMismatch,success/exception mismatch between cpu and mps,stage4/results/torch-thesis-all-coverage/execution_results/torch.storage.np.polynomial.hermite.hermmulx.results.json
torch.storage.np.polynomial.hermite.hermmulx,valid_mutation,valid_mutation,valid,c,value_negzero,differential_mismatch,DifferentialMismatch,success/exception mismatch between cpu and mps,stage4/results/torch-thesis-all-coverage/execution_results/torch.storage.np.polynomial.hermite.hermmulx.results.json
torch.storage.np.polynomial.hermite.hermmulx,valid_mutation,valid_mutation,valid,c,value_mask,differential_mismatch,DifferentialMismatch,success/exception mismatch between cpu and mps,stage4/results/torch-thesis-all-coverage/execution_results/torch.storage.np.polynomial.hermite.hermmulx.results.json
torch.storage.np.polynomial.hermite.hermmulx,valid_mutation,valid_mutation,valid,c,value_nan,differential_mismatch,DifferentialMismatch,success/exception mismatch between cpu and mps,stage4/results/torch-thesis-all-coverage/execution_results/torch.storage.np.polynomial.hermite.hermmulx.results.json
torch.storage.np.polynomial.hermite.hermmulx,valid_mutation,valid_mutation,valid,c,value_noise,differential_mismatch,DifferentialMismatch,success/exception mismatch between cpu and mps,stage4/results/torch-thesis-all-coverage/execution_results/torch.storage.np.polynomial.hermite.hermmulx.results.json
torch.storage.np.polynomial.hermite.hermmulx,valid_mutation,valid_mutation,valid,c,value_posinf,differential_mismatch,DifferentialMismatch,success/exception mismatch between cpu and mps,stage4/results/torch-thesis-all-coverage/execution_results/torch.storage.np.polynomial.hermite.hermmulx.results.json
torch.storage.np.polynomial.hermite.hermmulx,valid_mutation,valid_mutation,valid,c,value_neginf,differential_mismatch,DifferentialMismatch,success/exception mismatch between cpu and mps,stage4/results/torch-thesis-all-coverage/execution_results/torch.storage.np.polynomial.hermite.hermmulx.results.json
torch.storage.np.polynomial.hermite.hermmulx,valid_mutation,valid_mutation,valid,c,value_division,differential_mismatch,DifferentialMismatch,success/exception mismatch between cpu and mps,stage4/results/torch-thesis-all-coverage/execution_results/torch.storage.np.polynomial.hermite.hermmulx.results.json
torch.storage.np.polynomial.hermite.hermmulx,negative_mutation,negative_mutation,negative,c,shape_shrink,negative_accepted_not_bug,,,stage4/results/torch-thesis-all-coverage/execution_results/torch.storage.np.polynomial.hermite.hermmulx.results.json
torch.storage.np.polynomial.hermite.hermmulx,negative_mutation,negative_mutation,negative,c,dtype_mutate,negative_accepted_not_bug,,,stage4/results/torch-thesis-all-coverage/execution_results/torch.storage.np.polynomial.hermite.hermmulx.results.json
torch.storage.np.polynomial.hermite.hermval,base_execution,base_valid,valid,,,differential_mismatch,DifferentialMismatch,success/exception mismatch between cpu and mps,stage4/results/torch-thesis-all-coverage/execution_results/torch.storage.np.polynomial.hermite.hermval.results.json
torch.storage.np.polynomial.hermite.hermval,valid_mutation,valid_mutation,valid,x,value_negzero,differential_mismatch,DifferentialMismatch,success/exception mismatch between cpu and mps,stage4/results/torch-thesis-all-coverage/execution_results/torch.storage.np.polynomial.hermite.hermval.results.json
torch.storage.np.polynomial.hermite.hermval,valid_mutation,valid_mutation,valid,x,enum_switch,differential_mismatch,DifferentialMismatch,success/exception mismatch between cpu and mps,stage4/results/torch-thesis-all-coverage/execution_results/torch.storage.np.polynomial.hermite.hermval.results.json
torch.storage.np.polynomial.hermite.hermval,valid_mutation,valid_mutation,valid,x,value_nan,differential_mismatch,DifferentialMismatch,success/exception mismatch between cpu and mps,stage4/results/torch-thesis-all-coverage/execution_results/torch.storage.np.polynomial.hermite.hermval.results.json
torch.storage.np.polynomial.hermite.hermval,valid_mutation,valid_mutation,valid,x,value_neginf,differential_mismatch,DifferentialMismatch,success/exception mismatch between cpu and mps,stage4/results/torch-thesis-all-coverage/execution_results/torch.storage.np.polynomial.hermite.hermval.results.json
torch.storage.np.polynomial.hermite.hermval,valid_mutation,valid_mutation,valid,x,value_posinf,differential_mismatch,DifferentialMismatch,success/exception mismatch between cpu and mps,stage4/results/torch-thesis-all-coverage/execution_results/torch.storage.np.polynomial.hermite.hermval.results.json
torch.storage.np.polynomial.hermite.hermval,valid_mutation,valid_mutation,valid,x,value_large_magnitude,differential_mismatch,DifferentialMismatch,success/exception mismatch between cpu and mps,stage4/results/torch-thesis-all-coverage/execution_results/torch.storage.np.polynomial.hermite.hermval.results.json
torch.storage.np.polynomial.hermite.hermval,negative_mutation,negative_mutation,negative,x,enum_invalid,negative_accepted_not_bug,,,stage4/results/torch-thesis-all-coverage/execution_results/torch.storage.np.polynomial.hermite.hermval.results.json
torch.storage.np.polynomial.hermite.hermval,valid_mutation,valid_mutation,valid,c,value_nan,differential_mismatch,DifferentialMismatch,success/exception mismatch between cpu and mps,stage4/results/torch-thesis-all-coverage/execution_results/torch.storage.np.polynomial.hermite.hermval.results.json
torch.storage.np.polynomial.hermite.hermval,valid_mutation,valid_mutation,valid,c,value_posinf,differential_mismatch,DifferentialMismatch,success/exception mismatch between cpu and mps,stage4/results/torch-thesis-all-coverage/execution_results/torch.storage.np.polynomial.hermite.hermval.results.json
torch.storage.np.polynomial.hermite.hermval,valid_mutation,valid_mutation,valid,c,value_large_magnitude,differential_mismatch,DifferentialMismatch,success/exception mismatch between cpu and mps,stage4/results/torch-thesis-all-coverage/execution_results/torch.storage.np.polynomial.hermite.hermval.results.json
torch.storage.np.polynomial.hermite.hermval,valid_mutation,valid_mutation,valid,c,enum_switch,differential_mismatch,DifferentialMismatch,success/exception mismatch between cpu and mps,stage4/results/torch-thesis-all-coverage/execution_results/torch.storage.np.polynomial.hermite.hermval.results.json
torch.storage.np.polynomial.hermite.hermval,valid_mutation,valid_mutation,valid,c,value_neginf,differential_mismatch,DifferentialMismatch,success/exception mismatch between cpu and mps,stage4/results/torch-thesis-all-coverage/execution_results/torch.storage.np.polynomial.hermite.hermval.results.json
torch.storage.np.polynomial.hermite.hermval,valid_mutation,valid_mutation,valid,c,value_negzero,differential_mismatch,DifferentialMismatch,success/exception mismatch between cpu and mps,stage4/results/torch-thesis-all-coverage/execution_results/torch.storage.np.polynomial.hermite.hermval.results.json
torch.storage.np.polynomial.hermite.hermval,negative_mutation,negative_mutation,negative,c,enum_invalid,negative_accepted_not_bug,,,stage4/results/torch-thesis-all-coverage/execution_results/torch.storage.np.polynomial.hermite.hermval.results.json
torch.storage.np.polynomial.hermite.hermvander,negative_mutation,negative_mutation,negative,x,type_widen,negative_accepted_not_bug,,,stage4/results/torch-thesis-all-coverage/execution_results/torch.storage.np.polynomial.hermite.hermvander.results.json
torch.storage.np.polynomial.hermite.hermvander,negative_mutation,negative_mutation,negative,deg,type_widen,expected_negative_rejection,TypeError,"deg must be an integer, received 1.0",stage4/results/torch-thesis-all-coverage/execution_results/torch.storage.np.polynomial.hermite.hermvander.results.json
torch.storage.np.polynomial.hermite.poly2herm,base_execution,base_valid,valid,,,differential_mismatch,DifferentialMismatch,success/exception mismatch between cpu and mps,stage4/results/torch-thesis-all-coverage/execution_results/torch.storage.np.polynomial.hermite.poly2herm.results.json
torch.storage.np.polynomial.hermite.poly2herm,valid_mutation,valid_mutation,valid,pol,value_division,differential_mismatch,DifferentialMismatch,success/exception mismatch between cpu and mps,stage4/results/torch-thesis-all-coverage/execution_results/torch.storage.np.polynomial.hermite.poly2herm.results.json
torch.storage.np.polynomial.hermite.poly2herm,valid_mutation,valid_mutation,valid,pol,value_posinf,differential_mismatch,DifferentialMismatch,success/exception mismatch between cpu and mps,stage4/results/torch-thesis-all-coverage/execution_results/torch.storage.np.polynomial.hermite.poly2herm.results.json
torch.storage.np.polynomial.hermite.poly2herm,valid_mutation,valid_mutation,valid,pol,value_nan,differential_mismatch,DifferentialMismatch,success/exception mismatch between cpu and mps,stage4/results/torch-thesis-all-coverage/execution_results/torch.storage.np.polynomial.hermite.poly2herm.results.json
torch.storage.np.polynomial.hermite.poly2herm,valid_mutation,valid_mutation,valid,pol,value_neginf,differential_mismatch,DifferentialMismatch,success/exception mismatch between cpu and mps,stage4/results/torch-thesis-all-coverage/execution_results/torch.storage.np.polynomial.hermite.poly2herm.results.json
torch.storage.np.polynomial.hermite.poly2herm,valid_mutation,valid_mutation,valid,pol,value_negzero,differential_mismatch,DifferentialMismatch,success/exception mismatch between cpu and mps,stage4/results/torch-thesis-all-coverage/execution_results/torch.storage.np.polynomial.hermite.poly2herm.results.json
torch.storage.np.polynomial.hermite.poly2herm,valid_mutation,valid_mutation,valid,pol,value_mask,differential_mismatch,DifferentialMismatch,success/exception mismatch between cpu and mps,stage4/results/torch-thesis-all-coverage/execution_results/torch.storage.np.polynomial.hermite.poly2herm.results.json
torch.storage.np.polynomial.hermite.poly2herm,valid_mutation,valid_mutation,valid,pol,value_large_magnitude,differential_mismatch,DifferentialMismatch,success/exception mismatch between cpu and mps,stage4/results/torch-thesis-all-coverage/execution_results/torch.storage.np.polynomial.hermite.poly2herm.results.json
torch.storage.np.polynomial.hermite.poly2herm,valid_mutation,valid_mutation,valid,pol,value_noise,differential_mismatch,DifferentialMismatch,success/exception mismatch between cpu and mps,stage4/results/torch-thesis-all-coverage/execution_results/torch.storage.np.polynomial.hermite.poly2herm.results.json
torch.storage.np.polynomial.hermite.poly2herm,negative_mutation,negative_mutation,negative,pol,shape_shrink,negative_accepted_not_bug,,,stage4/results/torch-thesis-all-coverage/execution_results/torch.storage.np.polynomial.hermite.poly2herm.results.json
torch.storage.np.polynomial.hermite.poly2herm,negative_mutation,negative_mutation,negative,pol,dtype_mutate,negative_accepted_not_bug,,,stage4/results/torch-thesis-all-coverage/execution_results/torch.storage.np.polynomial.hermite.poly2herm.results.json
torch.storage.np.polynomial.hermite_e.herme2poly,negative_mutation,negative_mutation,negative,c,shape_expand,negative_accepted_not_bug,,,stage4/results/torch-thesis-all-coverage/execution_results/torch.storage.np.polynomial.hermite_e.herme2poly.results.json
torch.storage.np.polynomial.hermite_e.herme2poly,negative_mutation,negative_mutation,negative,c,dtype_mutate,negative_accepted_not_bug,,,stage4/results/torch-thesis-all-coverage/execution_results/torch.storage.np.polynomial.hermite_e.herme2poly.results.json
torch.storage.np.polynomial.hermite_e.hermecompanion,negative_mutation,negative_mutation,negative,c,shape_shrink,expected_negative_rejection,ValueError,Series must have maximum degree of at least 1.,stage4/results/torch-thesis-all-coverage/execution_results/torch.storage.np.polynomial.hermite_e.hermecompanion.results.json
torch.storage.np.polynomial.hermite_e.hermecompanion,negative_mutation,negative_mutation,negative,c,dtype_mutate,negative_accepted_not_bug,,,stage4/results/torch-thesis-all-coverage/execution_results/torch.storage.np.polynomial.hermite_e.hermecompanion.results.json
torch.storage.np.polynomial.hermite_e.hermeder,negative_mutation,negative_mutation,negative,c,shape_expand,negative_accepted_not_bug,,,stage4/results/torch-thesis-all-coverage/execution_results/torch.storage.np.polynomial.hermite_e.hermeder.results.json
torch.storage.np.polynomial.hermite_e.hermeder,negative_mutation,negative_mutation,negative,c,dtype_mutate,negative_accepted_not_bug,,,stage4/results/torch-thesis-all-coverage/execution_results/torch.storage.np.polynomial.hermite_e.hermeder.results.json
torch.storage.np.polynomial.hermite_e.hermegauss,negative_mutation,negative_mutation,negative,deg,type_widen,expected_negative_rejection,TypeError,"deg must be an integer, received 1.0",stage4/results/torch-thesis-all-coverage/execution_results/torch.storage.np.polynomial.hermite_e.hermegauss.results.json
torch.storage.np.polynomial.hermite_e.hermeint,base_execution,base_valid,valid,,,differential_mismatch,DifferentialMismatch,success/exception mismatch between cpu and mps,stage4/results/torch-thesis-all-coverage/execution_results/torch.storage.np.polynomial.hermite_e.hermeint.results.json
torch.storage.np.polynomial.hermite_e.hermeint,valid_mutation,valid_mutation,valid,c,value_mask,differential_mismatch,DifferentialMismatch,success/exception mismatch between cpu and mps,stage4/results/torch-thesis-all-coverage/execution_results/torch.storage.np.polynomial.hermite_e.hermeint.results.json
torch.storage.np.polynomial.hermite_e.hermeint,valid_mutation,valid_mutation,valid,c,value_neginf,differential_mismatch,DifferentialMismatch,success/exception mismatch between cpu and mps,stage4/results/torch-thesis-all-coverage/execution_results/torch.storage.np.polynomial.hermite_e.hermeint.results.json
torch.storage.np.polynomial.hermite_e.hermeint,valid_mutation,valid_mutation,valid,c,value_posinf,differential_mismatch,DifferentialMismatch,success/exception mismatch between cpu and mps,stage4/results/torch-thesis-all-coverage/execution_results/torch.storage.np.polynomial.hermite_e.hermeint.results.json
torch.storage.np.polynomial.hermite_e.hermeint,valid_mutation,valid_mutation,valid,c,value_large_magnitude,differential_mismatch,DifferentialMismatch,success/exception mismatch between cpu and mps,stage4/results/torch-thesis-all-coverage/execution_results/torch.storage.np.polynomial.hermite_e.hermeint.results.json
torch.storage.np.polynomial.hermite_e.hermeint,valid_mutation,valid_mutation,valid,c,value_division,differential_mismatch,DifferentialMismatch,success/exception mismatch between cpu and mps,stage4/results/torch-thesis-all-coverage/execution_results/torch.storage.np.polynomial.hermite_e.hermeint.results.json
torch.storage.np.polynomial.hermite_e.hermeint,valid_mutation,valid_mutation,valid,c,value_negzero,differential_mismatch,DifferentialMismatch,success/exception mismatch between cpu and mps,stage4/results/torch-thesis-all-coverage/execution_results/torch.storage.np.polynomial.hermite_e.hermeint.results.json
torch.storage.np.polynomial.hermite_e.hermeint,valid_mutation,valid_mutation,valid,c,value_noise,differential_mismatch,DifferentialMismatch,success/exception mismatch between cpu and mps,stage4/results/torch-thesis-all-coverage/execution_results/torch.storage.np.polynomial.hermite_e.hermeint.results.json
torch.storage.np.polynomial.hermite_e.hermeint,valid_mutation,valid_mutation,valid,c,value_nan,differential_mismatch,DifferentialMismatch,success/exception mismatch between cpu and mps,stage4/results/torch-thesis-all-coverage/execution_results/torch.storage.np.polynomial.hermite_e.hermeint.results.json
torch.storage.np.polynomial.hermite_e.hermeint,negative_mutation,negative_mutation,negative,c,shape_shrink,negative_accepted_not_bug,,,stage4/results/torch-thesis-all-coverage/execution_results/torch.storage.np.polynomial.hermite_e.hermeint.results.json
torch.storage.np.polynomial.hermite_e.hermeint,negative_mutation,negative_mutation,negative,c,dtype_mutate,negative_accepted_not_bug,,,stage4/results/torch-thesis-all-coverage/execution_results/torch.storage.np.polynomial.hermite_e.hermeint.results.json
torch.storage.np.polynomial.hermite_e.hermemulx,base_execution,base_valid,valid,,,differential_mismatch,DifferentialMismatch,success/exception mismatch between cpu and mps,stage4/results/torch-thesis-all-coverage/execution_results/torch.storage.np.polynomial.hermite_e.hermemulx.results.json
torch.storage.np.polynomial.hermite_e.hermemulx,valid_mutation,valid_mutation,valid,c,value_division,differential_mismatch,DifferentialMismatch,success/exception mismatch between cpu and mps,stage4/results/torch-thesis-all-coverage/execution_results/torch.storage.np.polynomial.hermite_e.hermemulx.results.json
torch.storage.np.polynomial.hermite_e.hermemulx,valid_mutation,valid_mutation,valid,c,value_negzero,differential_mismatch,DifferentialMismatch,success/exception mismatch between cpu and mps,stage4/results/torch-thesis-all-coverage/execution_results/torch.storage.np.polynomial.hermite_e.hermemulx.results.json
torch.storage.np.polynomial.hermite_e.hermemulx,valid_mutation,valid_mutation,valid,c,value_noise,differential_mismatch,DifferentialMismatch,success/exception mismatch between cpu and mps,stage4/results/torch-thesis-all-coverage/execution_results/torch.storage.np.polynomial.hermite_e.hermemulx.results.json
torch.storage.np.polynomial.hermite_e.hermemulx,valid_mutation,valid_mutation,valid,c,value_large_magnitude,differential_mismatch,DifferentialMismatch,success/exception mismatch between cpu and mps,stage4/results/torch-thesis-all-coverage/execution_results/torch.storage.np.polynomial.hermite_e.hermemulx.results.json
torch.storage.np.polynomial.hermite_e.hermemulx,valid_mutation,valid_mutation,valid,c,value_neginf,differential_mismatch,DifferentialMismatch,success/exception mismatch between cpu and mps,stage4/results/torch-thesis-all-coverage/execution_results/torch.storage.np.polynomial.hermite_e.hermemulx.results.json
torch.storage.np.polynomial.hermite_e.hermemulx,valid_mutation,valid_mutation,valid,c,value_mask,differential_mismatch,DifferentialMismatch,success/exception mismatch between cpu and mps,stage4/results/torch-thesis-all-coverage/execution_results/torch.storage.np.polynomial.hermite_e.hermemulx.results.json
torch.storage.np.polynomial.hermite_e.hermemulx,valid_mutation,valid_mutation,valid,c,value_nan,differential_mismatch,DifferentialMismatch,success/exception mismatch between cpu and mps,stage4/results/torch-thesis-all-coverage/execution_results/torch.storage.np.polynomial.hermite_e.hermemulx.results.json
torch.storage.np.polynomial.hermite_e.hermemulx,valid_mutation,valid_mutation,valid,c,value_posinf,differential_mismatch,DifferentialMismatch,success/exception mismatch between cpu and mps,stage4/results/torch-thesis-all-coverage/execution_results/torch.storage.np.polynomial.hermite_e.hermemulx.results.json
torch.storage.np.polynomial.hermite_e.hermemulx,negative_mutation,negative_mutation,negative,c,shape_shrink,negative_accepted_not_bug,,,stage4/results/torch-thesis-all-coverage/execution_results/torch.storage.np.polynomial.hermite_e.hermemulx.results.json
torch.storage.np.polynomial.hermite_e.hermemulx,negative_mutation,negative_mutation,negative,c,dtype_mutate,negative_accepted_not_bug,,,stage4/results/torch-thesis-all-coverage/execution_results/torch.storage.np.polynomial.hermite_e.hermemulx.results.json
torch.storage.np.polynomial.hermite_e.hermeval,base_execution,base_valid,valid,,,differential_mismatch,DifferentialMismatch,success/exception mismatch between cpu and mps,stage4/results/torch-thesis-all-coverage/execution_results/torch.storage.np.polynomial.hermite_e.hermeval.results.json
torch.storage.np.polynomial.hermite_e.hermeval,valid_mutation,valid_mutation,valid,x,value_nan,differential_mismatch,DifferentialMismatch,success/exception mismatch between cpu and mps,stage4/results/torch-thesis-all-coverage/execution_results/torch.storage.np.polynomial.hermite_e.hermeval.results.json
torch.storage.np.polynomial.hermite_e.hermeval,valid_mutation,valid_mutation,valid,x,value_neginf,differential_mismatch,DifferentialMismatch,success/exception mismatch between cpu and mps,stage4/results/torch-thesis-all-coverage/execution_results/torch.storage.np.polynomial.hermite_e.hermeval.results.json
torch.storage.np.polynomial.hermite_e.hermeval,valid_mutation,valid_mutation,valid,x,value_large_magnitude,differential_mismatch,DifferentialMismatch,success/exception mismatch between cpu and mps,stage4/results/torch-thesis-all-coverage/execution_results/torch.storage.np.polynomial.hermite_e.hermeval.results.json
torch.storage.np.polynomial.hermite_e.hermeval,valid_mutation,valid_mutation,valid,x,enum_switch,differential_mismatch,DifferentialMismatch,success/exception mismatch between cpu and mps,stage4/results/torch-thesis-all-coverage/execution_results/torch.storage.np.polynomial.hermite_e.hermeval.results.json
torch.storage.np.polynomial.hermite_e.hermeval,valid_mutation,valid_mutation,valid,x,value_posinf,differential_mismatch,DifferentialMismatch,success/exception mismatch between cpu and mps,stage4/results/torch-thesis-all-coverage/execution_results/torch.storage.np.polynomial.hermite_e.hermeval.results.json
torch.storage.np.polynomial.hermite_e.hermeval,valid_mutation,valid_mutation,valid,x,value_negzero,differential_mismatch,DifferentialMismatch,success/exception mismatch between cpu and mps,stage4/results/torch-thesis-all-coverage/execution_results/torch.storage.np.polynomial.hermite_e.hermeval.results.json
torch.storage.np.polynomial.hermite_e.hermeval,negative_mutation,negative_mutation,negative,x,enum_invalid,negative_accepted_not_bug,,,stage4/results/torch-thesis-all-coverage/execution_results/torch.storage.np.polynomial.hermite_e.hermeval.results.json
torch.storage.np.polynomial.hermite_e.hermeval,valid_mutation,valid_mutation,valid,c,value_neginf,differential_mismatch,DifferentialMismatch,success/exception mismatch between cpu and mps,stage4/results/torch-thesis-all-coverage/execution_results/torch.storage.np.polynomial.hermite_e.hermeval.results.json
torch.storage.np.polynomial.hermite_e.hermeval,valid_mutation,valid_mutation,valid,c,value_negzero,differential_mismatch,DifferentialMismatch,success/exception mismatch between cpu and mps,stage4/results/torch-thesis-all-coverage/execution_results/torch.storage.np.polynomial.hermite_e.hermeval.results.json
torch.storage.np.polynomial.hermite_e.hermeval,valid_mutation,valid_mutation,valid,c,enum_switch,differential_mismatch,DifferentialMismatch,success/exception mismatch between cpu and mps,stage4/results/torch-thesis-all-coverage/execution_results/torch.storage.np.polynomial.hermite_e.hermeval.results.json
torch.storage.np.polynomial.hermite_e.hermeval,valid_mutation,valid_mutation,valid,c,value_posinf,differential_mismatch,DifferentialMismatch,success/exception mismatch between cpu and mps,stage4/results/torch-thesis-all-coverage/execution_results/torch.storage.np.polynomial.hermite_e.hermeval.results.json
torch.storage.np.polynomial.hermite_e.hermeval,valid_mutation,valid_mutation,valid,c,value_large_magnitude,differential_mismatch,DifferentialMismatch,success/exception mismatch between cpu and mps,stage4/results/torch-thesis-all-coverage/execution_results/torch.storage.np.polynomial.hermite_e.hermeval.results.json
torch.storage.np.polynomial.hermite_e.hermeval,valid_mutation,valid_mutation,valid,c,value_nan,differential_mismatch,DifferentialMismatch,success/exception mismatch between cpu and mps,stage4/results/torch-thesis-all-coverage/execution_results/torch.storage.np.polynomial.hermite_e.hermeval.results.json
torch.storage.np.polynomial.hermite_e.hermeval,negative_mutation,negative_mutation,negative,c,enum_invalid,negative_accepted_not_bug,,,stage4/results/torch-thesis-all-coverage/execution_results/torch.storage.np.polynomial.hermite_e.hermeval.results.json
torch.storage.np.polynomial.hermite_e.hermevander,negative_mutation,negative_mutation,negative,x,type_widen,negative_accepted_not_bug,,,stage4/results/torch-thesis-all-coverage/execution_results/torch.storage.np.polynomial.hermite_e.hermevander.results.json
torch.storage.np.polynomial.hermite_e.hermevander,negative_mutation,negative_mutation,negative,deg,type_widen,expected_negative_rejection,TypeError,"deg must be an integer, received 1.0",stage4/results/torch-thesis-all-coverage/execution_results/torch.storage.np.polynomial.hermite_e.hermevander.results.json
torch.storage.np.polynomial.hermite_e.poly2herme,base_execution,base_valid,valid,,,differential_mismatch,DifferentialMismatch,success/exception mismatch between cpu and mps,stage4/results/torch-thesis-all-coverage/execution_results/torch.storage.np.polynomial.hermite_e.poly2herme.results.json
torch.storage.np.polynomial.hermite_e.poly2herme,valid_mutation,valid_mutation,valid,pol,value_large_magnitude,differential_mismatch,DifferentialMismatch,success/exception mismatch between cpu and mps,stage4/results/torch-thesis-all-coverage/execution_results/torch.storage.np.polynomial.hermite_e.poly2herme.results.json
torch.storage.np.polynomial.hermite_e.poly2herme,valid_mutation,valid_mutation,valid,pol,value_division,differential_mismatch,DifferentialMismatch,success/exception mismatch between cpu and mps,stage4/results/torch-thesis-all-coverage/execution_results/torch.storage.np.polynomial.hermite_e.poly2herme.results.json
torch.storage.np.polynomial.hermite_e.poly2herme,valid_mutation,valid_mutation,valid,pol,value_posinf,differential_mismatch,DifferentialMismatch,success/exception mismatch between cpu and mps,stage4/results/torch-thesis-all-coverage/execution_results/torch.storage.np.polynomial.hermite_e.poly2herme.results.json
torch.storage.np.polynomial.hermite_e.poly2herme,valid_mutation,valid_mutation,valid,pol,value_negzero,differential_mismatch,DifferentialMismatch,success/exception mismatch between cpu and mps,stage4/results/torch-thesis-all-coverage/execution_results/torch.storage.np.polynomial.hermite_e.poly2herme.results.json
torch.storage.np.polynomial.hermite_e.poly2herme,valid_mutation,valid_mutation,valid,pol,value_neginf,differential_mismatch,DifferentialMismatch,success/exception mismatch between cpu and mps,stage4/results/torch-thesis-all-coverage/execution_results/torch.storage.np.polynomial.hermite_e.poly2herme.results.json
torch.storage.np.polynomial.hermite_e.poly2herme,valid_mutation,valid_mutation,valid,pol,value_mask,differential_mismatch,DifferentialMismatch,success/exception mismatch between cpu and mps,stage4/results/torch-thesis-all-coverage/execution_results/torch.storage.np.polynomial.hermite_e.poly2herme.results.json
torch.storage.np.polynomial.hermite_e.poly2herme,valid_mutation,valid_mutation,valid,pol,value_nan,differential_mismatch,DifferentialMismatch,success/exception mismatch between cpu and mps,stage4/results/torch-thesis-all-coverage/execution_results/torch.storage.np.polynomial.hermite_e.poly2herme.results.json
torch.storage.np.polynomial.hermite_e.poly2herme,valid_mutation,valid_mutation,valid,pol,value_noise,differential_mismatch,DifferentialMismatch,success/exception mismatch between cpu and mps,stage4/results/torch-thesis-all-coverage/execution_results/torch.storage.np.polynomial.hermite_e.poly2herme.results.json
torch.storage.np.polynomial.hermite_e.poly2herme,negative_mutation,negative_mutation,negative,pol,shape_shrink,negative_accepted_not_bug,,,stage4/results/torch-thesis-all-coverage/execution_results/torch.storage.np.polynomial.hermite_e.poly2herme.results.json
torch.storage.np.polynomial.hermite_e.poly2herme,negative_mutation,negative_mutation,negative,pol,dtype_mutate,negative_accepted_not_bug,,,stage4/results/torch-thesis-all-coverage/execution_results/torch.storage.np.polynomial.hermite_e.poly2herme.results.json
torch.storage.np.polynomial.laguerre.lag2poly,base_execution,base_valid,valid,,,differential_mismatch,DifferentialMismatch,success/exception mismatch between cpu and mps,stage4/results/torch-thesis-all-coverage/execution_results/torch.storage.np.polynomial.laguerre.lag2poly.results.json
torch.storage.np.polynomial.laguerre.lag2poly,valid_mutation,valid_mutation,valid,c,value_division,differential_mismatch,DifferentialMismatch,success/exception mismatch between cpu and mps,stage4/results/torch-thesis-all-coverage/execution_results/torch.storage.np.polynomial.laguerre.lag2poly.results.json
torch.storage.np.polynomial.laguerre.lag2poly,valid_mutation,valid_mutation,valid,c,value_negzero,differential_mismatch,DifferentialMismatch,success/exception mismatch between cpu and mps,stage4/results/torch-thesis-all-coverage/execution_results/torch.storage.np.polynomial.laguerre.lag2poly.results.json
torch.storage.np.polynomial.laguerre.lag2poly,valid_mutation,valid_mutation,valid,c,value_posinf,differential_mismatch,DifferentialMismatch,success/exception mismatch between cpu and mps,stage4/results/torch-thesis-all-coverage/execution_results/torch.storage.np.polynomial.laguerre.lag2poly.results.json
torch.storage.np.polynomial.laguerre.lag2poly,valid_mutation,valid_mutation,valid,c,value_nan,differential_mismatch,DifferentialMismatch,success/exception mismatch between cpu and mps,stage4/results/torch-thesis-all-coverage/execution_results/torch.storage.np.polynomial.laguerre.lag2poly.results.json
torch.storage.np.polynomial.laguerre.lag2poly,valid_mutation,valid_mutation,valid,c,value_large_magnitude,differential_mismatch,DifferentialMismatch,success/exception mismatch between cpu and mps,stage4/results/torch-thesis-all-coverage/execution_results/torch.storage.np.polynomial.laguerre.lag2poly.results.json
torch.storage.np.polynomial.laguerre.lag2poly,valid_mutation,valid_mutation,valid,c,value_neginf,differential_mismatch,DifferentialMismatch,success/exception mismatch between cpu and mps,stage4/results/torch-thesis-all-coverage/execution_results/torch.storage.np.polynomial.laguerre.lag2poly.results.json
torch.storage.np.polynomial.laguerre.lag2poly,valid_mutation,valid_mutation,valid,c,value_mask,differential_mismatch,DifferentialMismatch,success/exception mismatch between cpu and mps,stage4/results/torch-thesis-all-coverage/execution_results/torch.storage.np.polynomial.laguerre.lag2poly.results.json
torch.storage.np.polynomial.laguerre.lag2poly,valid_mutation,valid_mutation,valid,c,value_noise,differential_mismatch,DifferentialMismatch,success/exception mismatch between cpu and mps,stage4/results/torch-thesis-all-coverage/execution_results/torch.storage.np.polynomial.laguerre.lag2poly.results.json
torch.storage.np.polynomial.laguerre.lag2poly,negative_mutation,negative_mutation,negative,c,shape_expand,negative_accepted_not_bug,,,stage4/results/torch-thesis-all-coverage/execution_results/torch.storage.np.polynomial.laguerre.lag2poly.results.json
torch.storage.np.polynomial.laguerre.lag2poly,negative_mutation,negative_mutation,negative,c,dtype_mutate,negative_accepted_not_bug,,,stage4/results/torch-thesis-all-coverage/execution_results/torch.storage.np.polynomial.laguerre.lag2poly.results.json
torch.storage.np.polynomial.laguerre.lagder,base_execution,base_valid,valid,,,differential_mismatch,DifferentialMismatch,success/exception mismatch between cpu and mps,stage4/results/torch-thesis-all-coverage/execution_results/torch.storage.np.polynomial.laguerre.lagder.results.json
torch.storage.np.polynomial.laguerre.lagder,valid_mutation,valid_mutation,valid,c,value_nan,differential_mismatch,DifferentialMismatch,success/exception mismatch between cpu and mps,stage4/results/torch-thesis-all-coverage/execution_results/torch.storage.np.polynomial.laguerre.lagder.results.json
torch.storage.np.polynomial.laguerre.lagder,valid_mutation,valid_mutation,valid,c,value_division,differential_mismatch,DifferentialMismatch,success/exception mismatch between cpu and mps,stage4/results/torch-thesis-all-coverage/execution_results/torch.storage.np.polynomial.laguerre.lagder.results.json
torch.storage.np.polynomial.laguerre.lagder,valid_mutation,valid_mutation,valid,c,value_posinf,differential_mismatch,DifferentialMismatch,success/exception mismatch between cpu and mps,stage4/results/torch-thesis-all-coverage/execution_results/torch.storage.np.polynomial.laguerre.lagder.results.json
torch.storage.np.polynomial.laguerre.lagder,valid_mutation,valid_mutation,valid,c,value_mask,differential_mismatch,DifferentialMismatch,success/exception mismatch between cpu and mps,stage4/results/torch-thesis-all-coverage/execution_results/torch.storage.np.polynomial.laguerre.lagder.results.json
torch.storage.np.polynomial.laguerre.lagder,valid_mutation,valid_mutation,valid,c,value_large_magnitude,differential_mismatch,DifferentialMismatch,success/exception mismatch between cpu and mps,stage4/results/torch-thesis-all-coverage/execution_results/torch.storage.np.polynomial.laguerre.lagder.results.json
torch.storage.np.polynomial.laguerre.lagder,valid_mutation,valid_mutation,valid,c,value_negzero,differential_mismatch,DifferentialMismatch,success/exception mismatch between cpu and mps,stage4/results/torch-thesis-all-coverage/execution_results/torch.storage.np.polynomial.laguerre.lagder.results.json
torch.storage.np.polynomial.laguerre.lagder,valid_mutation,valid_mutation,valid,c,value_neginf,differential_mismatch,DifferentialMismatch,success/exception mismatch between cpu and mps,stage4/results/torch-thesis-all-coverage/execution_results/torch.storage.np.polynomial.laguerre.lagder.results.json
torch.storage.np.polynomial.laguerre.lagder,valid_mutation,valid_mutation,valid,c,value_noise,differential_mismatch,DifferentialMismatch,success/exception mismatch between cpu and mps,stage4/results/torch-thesis-all-coverage/execution_results/torch.storage.np.polynomial.laguerre.lagder.results.json
torch.storage.np.polynomial.laguerre.lagder,negative_mutation,negative_mutation,negative,c,shape_shrink,negative_accepted_not_bug,,,stage4/results/torch-thesis-all-coverage/execution_results/torch.storage.np.polynomial.laguerre.lagder.results.json
torch.storage.np.polynomial.laguerre.lagder,negative_mutation,negative_mutation,negative,c,dtype_mutate,negative_accepted_not_bug,,,stage4/results/torch-thesis-all-coverage/execution_results/torch.storage.np.polynomial.laguerre.lagder.results.json
torch.storage.np.polynomial.laguerre.laggauss,negative_mutation,negative_mutation,negative,deg,type_widen,expected_negative_rejection,TypeError,"deg must be an integer, received 1.0",stage4/results/torch-thesis-all-coverage/execution_results/torch.storage.np.polynomial.laguerre.laggauss.results.json
torch.storage.np.polynomial.laguerre.lagint,base_execution,base_valid,valid,,,differential_mismatch,DifferentialMismatch,success/exception mismatch between cpu and mps,stage4/results/torch-thesis-all-coverage/execution_results/torch.storage.np.polynomial.laguerre.lagint.results.json
torch.storage.np.polynomial.laguerre.lagint,valid_mutation,valid_mutation,valid,c,value_noise,differential_mismatch,DifferentialMismatch,success/exception mismatch between cpu and mps,stage4/results/torch-thesis-all-coverage/execution_results/torch.storage.np.polynomial.laguerre.lagint.results.json
torch.storage.np.polynomial.laguerre.lagint,valid_mutation,valid_mutation,valid,c,value_posinf,differential_mismatch,DifferentialMismatch,success/exception mismatch between cpu and mps,stage4/results/torch-thesis-all-coverage/execution_results/torch.storage.np.polynomial.laguerre.lagint.results.json
torch.storage.np.polynomial.laguerre.lagint,valid_mutation,valid_mutation,valid,c,value_nan,differential_mismatch,DifferentialMismatch,success/exception mismatch between cpu and mps,stage4/results/torch-thesis-all-coverage/execution_results/torch.storage.np.polynomial.laguerre.lagint.results.json
torch.storage.np.polynomial.laguerre.lagint,valid_mutation,valid_mutation,valid,c,value_large_magnitude,differential_mismatch,DifferentialMismatch,success/exception mismatch between cpu and mps,stage4/results/torch-thesis-all-coverage/execution_results/torch.storage.np.polynomial.laguerre.lagint.results.json
torch.storage.np.polynomial.laguerre.lagint,valid_mutation,valid_mutation,valid,c,value_negzero,differential_mismatch,DifferentialMismatch,success/exception mismatch between cpu and mps,stage4/results/torch-thesis-all-coverage/execution_results/torch.storage.np.polynomial.laguerre.lagint.results.json
torch.storage.np.polynomial.laguerre.lagint,valid_mutation,valid_mutation,valid,c,value_mask,differential_mismatch,DifferentialMismatch,success/exception mismatch between cpu and mps,stage4/results/torch-thesis-all-coverage/execution_results/torch.storage.np.polynomial.laguerre.lagint.results.json
torch.storage.np.polynomial.laguerre.lagint,valid_mutation,valid_mutation,valid,c,value_neginf,differential_mismatch,DifferentialMismatch,success/exception mismatch between cpu and mps,stage4/results/torch-thesis-all-coverage/execution_results/torch.storage.np.polynomial.laguerre.lagint.results.json
torch.storage.np.polynomial.laguerre.lagint,valid_mutation,valid_mutation,valid,c,value_division,differential_mismatch,DifferentialMismatch,success/exception mismatch between cpu and mps,stage4/results/torch-thesis-all-coverage/execution_results/torch.storage.np.polynomial.laguerre.lagint.results.json
torch.storage.np.polynomial.laguerre.lagint,negative_mutation,negative_mutation,negative,c,shape_expand,negative_accepted_not_bug,,,stage4/results/torch-thesis-all-coverage/execution_results/torch.storage.np.polynomial.laguerre.lagint.results.json
torch.storage.np.polynomial.laguerre.lagint,negative_mutation,negative_mutation,negative,c,dtype_mutate,negative_accepted_not_bug,,,stage4/results/torch-thesis-all-coverage/execution_results/torch.storage.np.polynomial.laguerre.lagint.results.json
torch.storage.np.polynomial.laguerre.lagmulx,base_execution,base_valid,valid,,,differential_mismatch,DifferentialMismatch,success/exception mismatch between cpu and mps,stage4/results/torch-thesis-all-coverage/execution_results/torch.storage.np.polynomial.laguerre.lagmulx.results.json
torch.storage.np.polynomial.laguerre.lagmulx,valid_mutation,valid_mutation,valid,c,value_neginf,differential_mismatch,DifferentialMismatch,success/exception mismatch between cpu and mps,stage4/results/torch-thesis-all-coverage/execution_results/torch.storage.np.polynomial.laguerre.lagmulx.results.json
torch.storage.np.polynomial.laguerre.lagmulx,valid_mutation,valid_mutation,valid,c,value_negzero,differential_mismatch,DifferentialMismatch,success/exception mismatch between cpu and mps,stage4/results/torch-thesis-all-coverage/execution_results/torch.storage.np.polynomial.laguerre.lagmulx.results.json
torch.storage.np.polynomial.laguerre.lagmulx,valid_mutation,valid_mutation,valid,c,value_nan,differential_mismatch,DifferentialMismatch,success/exception mismatch between cpu and mps,stage4/results/torch-thesis-all-coverage/execution_results/torch.storage.np.polynomial.laguerre.lagmulx.results.json
torch.storage.np.polynomial.laguerre.lagmulx,valid_mutation,valid_mutation,valid,c,value_large_magnitude,differential_mismatch,DifferentialMismatch,success/exception mismatch between cpu and mps,stage4/results/torch-thesis-all-coverage/execution_results/torch.storage.np.polynomial.laguerre.lagmulx.results.json
torch.storage.np.polynomial.laguerre.lagmulx,valid_mutation,valid_mutation,valid,c,value_posinf,differential_mismatch,DifferentialMismatch,success/exception mismatch between cpu and mps,stage4/results/torch-thesis-all-coverage/execution_results/torch.storage.np.polynomial.laguerre.lagmulx.results.json
torch.storage.np.polynomial.laguerre.lagmulx,valid_mutation,valid_mutation,valid,c,value_noise,differential_mismatch,DifferentialMismatch,success/exception mismatch between cpu and mps,stage4/results/torch-thesis-all-coverage/execution_results/torch.storage.np.polynomial.laguerre.lagmulx.results.json
torch.storage.np.polynomial.laguerre.lagmulx,valid_mutation,valid_mutation,valid,c,value_mask,differential_mismatch,DifferentialMismatch,success/exception mismatch between cpu and mps,stage4/results/torch-thesis-all-coverage/execution_results/torch.storage.np.polynomial.laguerre.lagmulx.results.json
torch.storage.np.polynomial.laguerre.lagmulx,valid_mutation,valid_mutation,valid,c,value_division,differential_mismatch,DifferentialMismatch,success/exception mismatch between cpu and mps,stage4/results/torch-thesis-all-coverage/execution_results/torch.storage.np.polynomial.laguerre.lagmulx.results.json
torch.storage.np.polynomial.laguerre.lagmulx,negative_mutation,negative_mutation,negative,c,shape_expand,negative_accepted_not_bug,,,stage4/results/torch-thesis-all-coverage/execution_results/torch.storage.np.polynomial.laguerre.lagmulx.results.json
torch.storage.np.polynomial.laguerre.lagmulx,negative_mutation,negative_mutation,negative,c,dtype_mutate,negative_accepted_not_bug,,,stage4/results/torch-thesis-all-coverage/execution_results/torch.storage.np.polynomial.laguerre.lagmulx.results.json
torch.storage.np.polynomial.laguerre.lagval,base_execution,base_valid,valid,,,differential_mismatch,DifferentialMismatch,success/exception mismatch between cpu and mps,stage4/results/torch-thesis-all-coverage/execution_results/torch.storage.np.polynomial.laguerre.lagval.results.json
torch.storage.np.polynomial.laguerre.lagval,valid_mutation,valid_mutation,valid,x,value_neginf,differential_mismatch,DifferentialMismatch,success/exception mismatch between cpu and mps,stage4/results/torch-thesis-all-coverage/execution_results/torch.storage.np.polynomial.laguerre.lagval.results.json
torch.storage.np.polynomial.laguerre.lagval,valid_mutation,valid_mutation,valid,x,enum_switch,differential_mismatch,DifferentialMismatch,success/exception mismatch between cpu and mps,stage4/results/torch-thesis-all-coverage/execution_results/torch.storage.np.polynomial.laguerre.lagval.results.json
torch.storage.np.polynomial.laguerre.lagval,valid_mutation,valid_mutation,valid,x,value_posinf,differential_mismatch,DifferentialMismatch,success/exception mismatch between cpu and mps,stage4/results/torch-thesis-all-coverage/execution_results/torch.storage.np.polynomial.laguerre.lagval.results.json
torch.storage.np.polynomial.laguerre.lagval,valid_mutation,valid_mutation,valid,x,value_large_magnitude,differential_mismatch,DifferentialMismatch,success/exception mismatch between cpu and mps,stage4/results/torch-thesis-all-coverage/execution_results/torch.storage.np.polynomial.laguerre.lagval.results.json
torch.storage.np.polynomial.laguerre.lagval,valid_mutation,valid_mutation,valid,x,value_negzero,differential_mismatch,DifferentialMismatch,success/exception mismatch between cpu and mps,stage4/results/torch-thesis-all-coverage/execution_results/torch.storage.np.polynomial.laguerre.lagval.results.json
torch.storage.np.polynomial.laguerre.lagval,valid_mutation,valid_mutation,valid,x,value_nan,differential_mismatch,DifferentialMismatch,success/exception mismatch between cpu and mps,stage4/results/torch-thesis-all-coverage/execution_results/torch.storage.np.polynomial.laguerre.lagval.results.json
torch.storage.np.polynomial.laguerre.lagval,negative_mutation,negative_mutation,negative,x,enum_invalid,negative_accepted_not_bug,,,stage4/results/torch-thesis-all-coverage/execution_results/torch.storage.np.polynomial.laguerre.lagval.results.json
torch.storage.np.polynomial.laguerre.lagval,valid_mutation,valid_mutation,valid,c,value_negzero,differential_mismatch,DifferentialMismatch,success/exception mismatch between cpu and mps,stage4/results/torch-thesis-all-coverage/execution_results/torch.storage.np.polynomial.laguerre.lagval.results.json
torch.storage.np.polynomial.laguerre.lagval,valid_mutation,valid_mutation,valid,c,value_nan,differential_mismatch,DifferentialMismatch,success/exception mismatch between cpu and mps,stage4/results/torch-thesis-all-coverage/execution_results/torch.storage.np.polynomial.laguerre.lagval.results.json
torch.storage.np.polynomial.laguerre.lagval,valid_mutation,valid_mutation,valid,c,enum_switch,differential_mismatch,DifferentialMismatch,success/exception mismatch between cpu and mps,stage4/results/torch-thesis-all-coverage/execution_results/torch.storage.np.polynomial.laguerre.lagval.results.json
torch.storage.np.polynomial.laguerre.lagval,valid_mutation,valid_mutation,valid,c,value_posinf,differential_mismatch,DifferentialMismatch,success/exception mismatch between cpu and mps,stage4/results/torch-thesis-all-coverage/execution_results/torch.storage.np.polynomial.laguerre.lagval.results.json
torch.storage.np.polynomial.laguerre.lagval,valid_mutation,valid_mutation,valid,c,value_large_magnitude,differential_mismatch,DifferentialMismatch,success/exception mismatch between cpu and mps,stage4/results/torch-thesis-all-coverage/execution_results/torch.storage.np.polynomial.laguerre.lagval.results.json
torch.storage.np.polynomial.laguerre.lagval,valid_mutation,valid_mutation,valid,c,value_neginf,differential_mismatch,DifferentialMismatch,success/exception mismatch between cpu and mps,stage4/results/torch-thesis-all-coverage/execution_results/torch.storage.np.polynomial.laguerre.lagval.results.json
torch.storage.np.polynomial.laguerre.lagval,negative_mutation,negative_mutation,negative,c,enum_invalid,negative_accepted_not_bug,,,stage4/results/torch-thesis-all-coverage/execution_results/torch.storage.np.polynomial.laguerre.lagval.results.json
torch.storage.np.polynomial.laguerre.lagvander,negative_mutation,negative_mutation,negative,x,type_widen,negative_accepted_not_bug,,,stage4/results/torch-thesis-all-coverage/execution_results/torch.storage.np.polynomial.laguerre.lagvander.results.json
torch.storage.np.polynomial.laguerre.lagvander,negative_mutation,negative_mutation,negative,deg,type_widen,expected_negative_rejection,TypeError,"deg must be an integer, received 1.0",stage4/results/torch-thesis-all-coverage/execution_results/torch.storage.np.polynomial.laguerre.lagvander.results.json
torch.storage.np.polynomial.laguerre.poly2lag,base_execution,base_valid,valid,,,differential_mismatch,DifferentialMismatch,success/exception mismatch between cpu and mps,stage4/results/torch-thesis-all-coverage/execution_results/torch.storage.np.polynomial.laguerre.poly2lag.results.json
torch.storage.np.polynomial.laguerre.poly2lag,valid_mutation,valid_mutation,valid,pol,value_noise,differential_mismatch,DifferentialMismatch,success/exception mismatch between cpu and mps,stage4/results/torch-thesis-all-coverage/execution_results/torch.storage.np.polynomial.laguerre.poly2lag.results.json
torch.storage.np.polynomial.laguerre.poly2lag,valid_mutation,valid_mutation,valid,pol,value_division,differential_mismatch,DifferentialMismatch,success/exception mismatch between cpu and mps,stage4/results/torch-thesis-all-coverage/execution_results/torch.storage.np.polynomial.laguerre.poly2lag.results.json
torch.storage.np.polynomial.laguerre.poly2lag,valid_mutation,valid_mutation,valid,pol,value_large_magnitude,differential_mismatch,DifferentialMismatch,success/exception mismatch between cpu and mps,stage4/results/torch-thesis-all-coverage/execution_results/torch.storage.np.polynomial.laguerre.poly2lag.results.json
torch.storage.np.polynomial.laguerre.poly2lag,valid_mutation,valid_mutation,valid,pol,value_nan,differential_mismatch,DifferentialMismatch,success/exception mismatch between cpu and mps,stage4/results/torch-thesis-all-coverage/execution_results/torch.storage.np.polynomial.laguerre.poly2lag.results.json
torch.storage.np.polynomial.laguerre.poly2lag,valid_mutation,valid_mutation,valid,pol,value_posinf,differential_mismatch,DifferentialMismatch,success/exception mismatch between cpu and mps,stage4/results/torch-thesis-all-coverage/execution_results/torch.storage.np.polynomial.laguerre.poly2lag.results.json
torch.storage.np.polynomial.laguerre.poly2lag,valid_mutation,valid_mutation,valid,pol,value_mask,differential_mismatch,DifferentialMismatch,success/exception mismatch between cpu and mps,stage4/results/torch-thesis-all-coverage/execution_results/torch.storage.np.polynomial.laguerre.poly2lag.results.json
torch.storage.np.polynomial.laguerre.poly2lag,valid_mutation,valid_mutation,valid,pol,value_neginf,differential_mismatch,DifferentialMismatch,success/exception mismatch between cpu and mps,stage4/results/torch-thesis-all-coverage/execution_results/torch.storage.np.polynomial.laguerre.poly2lag.results.json
torch.storage.np.polynomial.laguerre.poly2lag,valid_mutation,valid_mutation,valid,pol,value_negzero,differential_mismatch,DifferentialMismatch,success/exception mismatch between cpu and mps,stage4/results/torch-thesis-all-coverage/execution_results/torch.storage.np.polynomial.laguerre.poly2lag.results.json
torch.storage.np.polynomial.laguerre.poly2lag,negative_mutation,negative_mutation,negative,pol,shape_shrink,negative_accepted_not_bug,,,stage4/results/torch-thesis-all-coverage/execution_results/torch.storage.np.polynomial.laguerre.poly2lag.results.json
torch.storage.np.polynomial.laguerre.poly2lag,negative_mutation,negative_mutation,negative,pol,dtype_mutate,negative_accepted_not_bug,,,stage4/results/torch-thesis-all-coverage/execution_results/torch.storage.np.polynomial.laguerre.poly2lag.results.json
torch.storage.np.polynomial.legendre.leg2poly,base_execution,base_valid,valid,,,differential_mismatch,DifferentialMismatch,success/exception mismatch between cpu and mps,stage4/results/torch-thesis-all-coverage/execution_results/torch.storage.np.polynomial.legendre.leg2poly.results.json
torch.storage.np.polynomial.legendre.leg2poly,valid_mutation,valid_mutation,valid,c,value_noise,differential_mismatch,DifferentialMismatch,success/exception mismatch between cpu and mps,stage4/results/torch-thesis-all-coverage/execution_results/torch.storage.np.polynomial.legendre.leg2poly.results.json
torch.storage.np.polynomial.legendre.leg2poly,valid_mutation,valid_mutation,valid,c,value_mask,differential_mismatch,DifferentialMismatch,success/exception mismatch between cpu and mps,stage4/results/torch-thesis-all-coverage/execution_results/torch.storage.np.polynomial.legendre.leg2poly.results.json
torch.storage.np.polynomial.legendre.leg2poly,valid_mutation,valid_mutation,valid,c,value_large_magnitude,differential_mismatch,DifferentialMismatch,success/exception mismatch between cpu and mps,stage4/results/torch-thesis-all-coverage/execution_results/torch.storage.np.polynomial.legendre.leg2poly.results.json
torch.storage.np.polynomial.legendre.leg2poly,valid_mutation,valid_mutation,valid,c,value_nan,differential_mismatch,DifferentialMismatch,success/exception mismatch between cpu and mps,stage4/results/torch-thesis-all-coverage/execution_results/torch.storage.np.polynomial.legendre.leg2poly.results.json
torch.storage.np.polynomial.legendre.leg2poly,valid_mutation,valid_mutation,valid,c,value_neginf,differential_mismatch,DifferentialMismatch,success/exception mismatch between cpu and mps,stage4/results/torch-thesis-all-coverage/execution_results/torch.storage.np.polynomial.legendre.leg2poly.results.json
torch.storage.np.polynomial.legendre.leg2poly,valid_mutation,valid_mutation,valid,c,value_division,differential_mismatch,DifferentialMismatch,success/exception mismatch between cpu and mps,stage4/results/torch-thesis-all-coverage/execution_results/torch.storage.np.polynomial.legendre.leg2poly.results.json
torch.storage.np.polynomial.legendre.leg2poly,valid_mutation,valid_mutation,valid,c,value_negzero,differential_mismatch,DifferentialMismatch,success/exception mismatch between cpu and mps,stage4/results/torch-thesis-all-coverage/execution_results/torch.storage.np.polynomial.legendre.leg2poly.results.json
torch.storage.np.polynomial.legendre.leg2poly,valid_mutation,valid_mutation,valid,c,value_posinf,differential_mismatch,DifferentialMismatch,success/exception mismatch between cpu and mps,stage4/results/torch-thesis-all-coverage/execution_results/torch.storage.np.polynomial.legendre.leg2poly.results.json
torch.storage.np.polynomial.legendre.leg2poly,negative_mutation,negative_mutation,negative,c,shape_expand,negative_accepted_not_bug,,,stage4/results/torch-thesis-all-coverage/execution_results/torch.storage.np.polynomial.legendre.leg2poly.results.json
torch.storage.np.polynomial.legendre.leg2poly,negative_mutation,negative_mutation,negative,c,dtype_mutate,negative_accepted_not_bug,,,stage4/results/torch-thesis-all-coverage/execution_results/torch.storage.np.polynomial.legendre.leg2poly.results.json
torch.storage.np.polynomial.legendre.legcompanion,base_execution,base_valid,valid,,,differential_mismatch,DifferentialMismatch,success/exception mismatch between cpu and mps,stage4/results/torch-thesis-all-coverage/execution_results/torch.storage.np.polynomial.legendre.legcompanion.results.json
torch.storage.np.polynomial.legendre.legcompanion,valid_mutation,valid_mutation,valid,c,value_nan,differential_mismatch,DifferentialMismatch,success/exception mismatch between cpu and mps,stage4/results/torch-thesis-all-coverage/execution_results/torch.storage.np.polynomial.legendre.legcompanion.results.json
torch.storage.np.polynomial.legendre.legcompanion,valid_mutation,valid_mutation,valid,c,value_division,differential_mismatch,DifferentialMismatch,success/exception mismatch between cpu and mps,stage4/results/torch-thesis-all-coverage/execution_results/torch.storage.np.polynomial.legendre.legcompanion.results.json
torch.storage.np.polynomial.legendre.legcompanion,valid_mutation,valid_mutation,valid,c,value_mask,differential_mismatch,DifferentialMismatch,success/exception mismatch between cpu and mps,stage4/results/torch-thesis-all-coverage/execution_results/torch.storage.np.polynomial.legendre.legcompanion.results.json
torch.storage.np.polynomial.legendre.legcompanion,valid_mutation,valid_mutation,valid,c,value_neginf,differential_mismatch,DifferentialMismatch,success/exception mismatch between cpu and mps,stage4/results/torch-thesis-all-coverage/execution_results/torch.storage.np.polynomial.legendre.legcompanion.results.json
torch.storage.np.polynomial.legendre.legcompanion,valid_mutation,valid_mutation,valid,c,value_noise,differential_mismatch,DifferentialMismatch,success/exception mismatch between cpu and mps,stage4/results/torch-thesis-all-coverage/execution_results/torch.storage.np.polynomial.legendre.legcompanion.results.json
torch.storage.np.polynomial.legendre.legcompanion,valid_mutation,valid_mutation,valid,c,value_negzero,differential_mismatch,DifferentialMismatch,success/exception mismatch between cpu and mps,stage4/results/torch-thesis-all-coverage/execution_results/torch.storage.np.polynomial.legendre.legcompanion.results.json
torch.storage.np.polynomial.legendre.legcompanion,valid_mutation,valid_mutation,valid,c,value_large_magnitude,differential_mismatch,DifferentialMismatch,success/exception mismatch between cpu and mps,stage4/results/torch-thesis-all-coverage/execution_results/torch.storage.np.polynomial.legendre.legcompanion.results.json
torch.storage.np.polynomial.legendre.legcompanion,valid_mutation,valid_mutation,valid,c,value_posinf,differential_mismatch,DifferentialMismatch,success/exception mismatch between cpu and mps,stage4/results/torch-thesis-all-coverage/execution_results/torch.storage.np.polynomial.legendre.legcompanion.results.json
torch.storage.np.polynomial.legendre.legcompanion,negative_mutation,negative_mutation,negative,c,shape_shrink,expected_negative_rejection,ValueError,Series must have maximum degree of at least 1.,stage4/results/torch-thesis-all-coverage/execution_results/torch.storage.np.polynomial.legendre.legcompanion.results.json
torch.storage.np.polynomial.legendre.legcompanion,negative_mutation,negative_mutation,negative,c,dtype_mutate,negative_accepted_not_bug,,,stage4/results/torch-thesis-all-coverage/execution_results/torch.storage.np.polynomial.legendre.legcompanion.results.json
torch.storage.np.polynomial.legendre.legder,base_execution,base_valid,valid,,,differential_mismatch,DifferentialMismatch,success/exception mismatch between cpu and mps,stage4/results/torch-thesis-all-coverage/execution_results/torch.storage.np.polynomial.legendre.legder.results.json
torch.storage.np.polynomial.legendre.legder,valid_mutation,valid_mutation,valid,c,value_posinf,differential_mismatch,DifferentialMismatch,success/exception mismatch between cpu and mps,stage4/results/torch-thesis-all-coverage/execution_results/torch.storage.np.polynomial.legendre.legder.results.json
torch.storage.np.polynomial.legendre.legder,valid_mutation,valid_mutation,valid,c,value_large_magnitude,differential_mismatch,DifferentialMismatch,success/exception mismatch between cpu and mps,stage4/results/torch-thesis-all-coverage/execution_results/torch.storage.np.polynomial.legendre.legder.results.json
torch.storage.np.polynomial.legendre.legder,valid_mutation,valid_mutation,valid,c,value_neginf,differential_mismatch,DifferentialMismatch,success/exception mismatch between cpu and mps,stage4/results/torch-thesis-all-coverage/execution_results/torch.storage.np.polynomial.legendre.legder.results.json
torch.storage.np.polynomial.legendre.legder,valid_mutation,valid_mutation,valid,c,value_negzero,differential_mismatch,DifferentialMismatch,success/exception mismatch between cpu and mps,stage4/results/torch-thesis-all-coverage/execution_results/torch.storage.np.polynomial.legendre.legder.results.json
torch.storage.np.polynomial.legendre.legder,valid_mutation,valid_mutation,valid,c,value_mask,differential_mismatch,DifferentialMismatch,success/exception mismatch between cpu and mps,stage4/results/torch-thesis-all-coverage/execution_results/torch.storage.np.polynomial.legendre.legder.results.json
torch.storage.np.polynomial.legendre.legder,valid_mutation,valid_mutation,valid,c,value_division,differential_mismatch,DifferentialMismatch,success/exception mismatch between cpu and mps,stage4/results/torch-thesis-all-coverage/execution_results/torch.storage.np.polynomial.legendre.legder.results.json
torch.storage.np.polynomial.legendre.legder,valid_mutation,valid_mutation,valid,c,value_noise,differential_mismatch,DifferentialMismatch,success/exception mismatch between cpu and mps,stage4/results/torch-thesis-all-coverage/execution_results/torch.storage.np.polynomial.legendre.legder.results.json
torch.storage.np.polynomial.legendre.legder,valid_mutation,valid_mutation,valid,c,value_nan,differential_mismatch,DifferentialMismatch,success/exception mismatch between cpu and mps,stage4/results/torch-thesis-all-coverage/execution_results/torch.storage.np.polynomial.legendre.legder.results.json
torch.storage.np.polynomial.legendre.legder,negative_mutation,negative_mutation,negative,c,shape_shrink,negative_accepted_not_bug,,,stage4/results/torch-thesis-all-coverage/execution_results/torch.storage.np.polynomial.legendre.legder.results.json
torch.storage.np.polynomial.legendre.legder,negative_mutation,negative_mutation,negative,c,dtype_mutate,negative_accepted_not_bug,,,stage4/results/torch-thesis-all-coverage/execution_results/torch.storage.np.polynomial.legendre.legder.results.json
torch.storage.np.polynomial.legendre.leggauss,negative_mutation,negative_mutation,negative,deg,type_widen,expected_negative_rejection,TypeError,"deg must be an integer, received 1.0",stage4/results/torch-thesis-all-coverage/execution_results/torch.storage.np.polynomial.legendre.leggauss.results.json
torch.storage.np.polynomial.legendre.legint,base_execution,base_valid,valid,,,differential_mismatch,DifferentialMismatch,success/exception mismatch between cpu and mps,stage4/results/torch-thesis-all-coverage/execution_results/torch.storage.np.polynomial.legendre.legint.results.json
torch.storage.np.polynomial.legendre.legint,valid_mutation,valid_mutation,valid,c,value_negzero,differential_mismatch,DifferentialMismatch,success/exception mismatch between cpu and mps,stage4/results/torch-thesis-all-coverage/execution_results/torch.storage.np.polynomial.legendre.legint.results.json
torch.storage.np.polynomial.legendre.legint,valid_mutation,valid_mutation,valid,c,value_mask,differential_mismatch,DifferentialMismatch,success/exception mismatch between cpu and mps,stage4/results/torch-thesis-all-coverage/execution_results/torch.storage.np.polynomial.legendre.legint.results.json
torch.storage.np.polynomial.legendre.legint,valid_mutation,valid_mutation,valid,c,value_division,differential_mismatch,DifferentialMismatch,success/exception mismatch between cpu and mps,stage4/results/torch-thesis-all-coverage/execution_results/torch.storage.np.polynomial.legendre.legint.results.json
torch.storage.np.polynomial.legendre.legint,valid_mutation,valid_mutation,valid,c,value_nan,differential_mismatch,DifferentialMismatch,success/exception mismatch between cpu and mps,stage4/results/torch-thesis-all-coverage/execution_results/torch.storage.np.polynomial.legendre.legint.results.json
torch.storage.np.polynomial.legendre.legint,valid_mutation,valid_mutation,valid,c,value_large_magnitude,differential_mismatch,DifferentialMismatch,success/exception mismatch between cpu and mps,stage4/results/torch-thesis-all-coverage/execution_results/torch.storage.np.polynomial.legendre.legint.results.json
torch.storage.np.polynomial.legendre.legint,valid_mutation,valid_mutation,valid,c,value_posinf,differential_mismatch,DifferentialMismatch,success/exception mismatch between cpu and mps,stage4/results/torch-thesis-all-coverage/execution_results/torch.storage.np.polynomial.legendre.legint.results.json
torch.storage.np.polynomial.legendre.legint,valid_mutation,valid_mutation,valid,c,value_neginf,differential_mismatch,DifferentialMismatch,success/exception mismatch between cpu and mps,stage4/results/torch-thesis-all-coverage/execution_results/torch.storage.np.polynomial.legendre.legint.results.json
torch.storage.np.polynomial.legendre.legint,valid_mutation,valid_mutation,valid,c,value_noise,differential_mismatch,DifferentialMismatch,success/exception mismatch between cpu and mps,stage4/results/torch-thesis-all-coverage/execution_results/torch.storage.np.polynomial.legendre.legint.results.json
torch.storage.np.polynomial.legendre.legint,negative_mutation,negative_mutation,negative,c,shape_expand,negative_accepted_not_bug,,,stage4/results/torch-thesis-all-coverage/execution_results/torch.storage.np.polynomial.legendre.legint.results.json
torch.storage.np.polynomial.legendre.legint,negative_mutation,negative_mutation,negative,c,dtype_mutate,negative_accepted_not_bug,,,stage4/results/torch-thesis-all-coverage/execution_results/torch.storage.np.polynomial.legendre.legint.results.json
torch.storage.np.polynomial.legendre.legmulx,base_execution,base_valid,valid,,,differential_mismatch,DifferentialMismatch,success/exception mismatch between cpu and mps,stage4/results/torch-thesis-all-coverage/execution_results/torch.storage.np.polynomial.legendre.legmulx.results.json
torch.storage.np.polynomial.legendre.legmulx,valid_mutation,valid_mutation,valid,c,value_posinf,differential_mismatch,DifferentialMismatch,success/exception mismatch between cpu and mps,stage4/results/torch-thesis-all-coverage/execution_results/torch.storage.np.polynomial.legendre.legmulx.results.json
torch.storage.np.polynomial.legendre.legmulx,valid_mutation,valid_mutation,valid,c,value_division,differential_mismatch,DifferentialMismatch,success/exception mismatch between cpu and mps,stage4/results/torch-thesis-all-coverage/execution_results/torch.storage.np.polynomial.legendre.legmulx.results.json
torch.storage.np.polynomial.legendre.legmulx,valid_mutation,valid_mutation,valid,c,value_mask,differential_mismatch,DifferentialMismatch,success/exception mismatch between cpu and mps,stage4/results/torch-thesis-all-coverage/execution_results/torch.storage.np.polynomial.legendre.legmulx.results.json
torch.storage.np.polynomial.legendre.legmulx,valid_mutation,valid_mutation,valid,c,value_nan,differential_mismatch,DifferentialMismatch,success/exception mismatch between cpu and mps,stage4/results/torch-thesis-all-coverage/execution_results/torch.storage.np.polynomial.legendre.legmulx.results.json
torch.storage.np.polynomial.legendre.legmulx,valid_mutation,valid_mutation,valid,c,value_negzero,differential_mismatch,DifferentialMismatch,success/exception mismatch between cpu and mps,stage4/results/torch-thesis-all-coverage/execution_results/torch.storage.np.polynomial.legendre.legmulx.results.json
torch.storage.np.polynomial.legendre.legmulx,valid_mutation,valid_mutation,valid,c,value_large_magnitude,differential_mismatch,DifferentialMismatch,success/exception mismatch between cpu and mps,stage4/results/torch-thesis-all-coverage/execution_results/torch.storage.np.polynomial.legendre.legmulx.results.json
torch.storage.np.polynomial.legendre.legmulx,valid_mutation,valid_mutation,valid,c,value_noise,differential_mismatch,DifferentialMismatch,success/exception mismatch between cpu and mps,stage4/results/torch-thesis-all-coverage/execution_results/torch.storage.np.polynomial.legendre.legmulx.results.json
torch.storage.np.polynomial.legendre.legmulx,valid_mutation,valid_mutation,valid,c,value_neginf,differential_mismatch,DifferentialMismatch,success/exception mismatch between cpu and mps,stage4/results/torch-thesis-all-coverage/execution_results/torch.storage.np.polynomial.legendre.legmulx.results.json
torch.storage.np.polynomial.legendre.legmulx,negative_mutation,negative_mutation,negative,c,shape_expand,negative_accepted_not_bug,,,stage4/results/torch-thesis-all-coverage/execution_results/torch.storage.np.polynomial.legendre.legmulx.results.json
torch.storage.np.polynomial.legendre.legmulx,negative_mutation,negative_mutation,negative,c,dtype_mutate,negative_accepted_not_bug,,,stage4/results/torch-thesis-all-coverage/execution_results/torch.storage.np.polynomial.legendre.legmulx.results.json
torch.storage.np.polynomial.legendre.legval,base_execution,base_valid,valid,,,differential_mismatch,DifferentialMismatch,success/exception mismatch between cpu and mps,stage4/results/torch-thesis-all-coverage/execution_results/torch.storage.np.polynomial.legendre.legval.results.json
torch.storage.np.polynomial.legendre.legval,valid_mutation,valid_mutation,valid,x,value_posinf,differential_mismatch,DifferentialMismatch,success/exception mismatch between cpu and mps,stage4/results/torch-thesis-all-coverage/execution_results/torch.storage.np.polynomial.legendre.legval.results.json
torch.storage.np.polynomial.legendre.legval,valid_mutation,valid_mutation,valid,x,value_neginf,differential_mismatch,DifferentialMismatch,success/exception mismatch between cpu and mps,stage4/results/torch-thesis-all-coverage/execution_results/torch.storage.np.polynomial.legendre.legval.results.json
torch.storage.np.polynomial.legendre.legval,valid_mutation,valid_mutation,valid,x,value_large_magnitude,differential_mismatch,DifferentialMismatch,success/exception mismatch between cpu and mps,stage4/results/torch-thesis-all-coverage/execution_results/torch.storage.np.polynomial.legendre.legval.results.json
torch.storage.np.polynomial.legendre.legval,valid_mutation,valid_mutation,valid,x,value_negzero,differential_mismatch,DifferentialMismatch,success/exception mismatch between cpu and mps,stage4/results/torch-thesis-all-coverage/execution_results/torch.storage.np.polynomial.legendre.legval.results.json
torch.storage.np.polynomial.legendre.legval,valid_mutation,valid_mutation,valid,x,enum_switch,differential_mismatch,DifferentialMismatch,success/exception mismatch between cpu and mps,stage4/results/torch-thesis-all-coverage/execution_results/torch.storage.np.polynomial.legendre.legval.results.json
torch.storage.np.polynomial.legendre.legval,valid_mutation,valid_mutation,valid,x,value_nan,differential_mismatch,DifferentialMismatch,success/exception mismatch between cpu and mps,stage4/results/torch-thesis-all-coverage/execution_results/torch.storage.np.polynomial.legendre.legval.results.json
torch.storage.np.polynomial.legendre.legval,negative_mutation,negative_mutation,negative,x,enum_invalid,negative_accepted_not_bug,,,stage4/results/torch-thesis-all-coverage/execution_results/torch.storage.np.polynomial.legendre.legval.results.json
torch.storage.np.polynomial.legendre.legval,valid_mutation,valid_mutation,valid,c,value_large_magnitude,differential_mismatch,DifferentialMismatch,success/exception mismatch between cpu and mps,stage4/results/torch-thesis-all-coverage/execution_results/torch.storage.np.polynomial.legendre.legval.results.json
torch.storage.np.polynomial.legendre.legval,valid_mutation,valid_mutation,valid,c,value_negzero,differential_mismatch,DifferentialMismatch,success/exception mismatch between cpu and mps,stage4/results/torch-thesis-all-coverage/execution_results/torch.storage.np.polynomial.legendre.legval.results.json
torch.storage.np.polynomial.legendre.legval,valid_mutation,valid_mutation,valid,c,value_posinf,differential_mismatch,DifferentialMismatch,success/exception mismatch between cpu and mps,stage4/results/torch-thesis-all-coverage/execution_results/torch.storage.np.polynomial.legendre.legval.results.json
torch.storage.np.polynomial.legendre.legval,valid_mutation,valid_mutation,valid,c,enum_switch,differential_mismatch,DifferentialMismatch,success/exception mismatch between cpu and mps,stage4/results/torch-thesis-all-coverage/execution_results/torch.storage.np.polynomial.legendre.legval.results.json
torch.storage.np.polynomial.legendre.legval,valid_mutation,valid_mutation,valid,c,value_nan,differential_mismatch,DifferentialMismatch,success/exception mismatch between cpu and mps,stage4/results/torch-thesis-all-coverage/execution_results/torch.storage.np.polynomial.legendre.legval.results.json
torch.storage.np.polynomial.legendre.legval,valid_mutation,valid_mutation,valid,c,value_neginf,differential_mismatch,DifferentialMismatch,success/exception mismatch between cpu and mps,stage4/results/torch-thesis-all-coverage/execution_results/torch.storage.np.polynomial.legendre.legval.results.json
torch.storage.np.polynomial.legendre.legval,negative_mutation,negative_mutation,negative,c,enum_invalid,negative_accepted_not_bug,,,stage4/results/torch-thesis-all-coverage/execution_results/torch.storage.np.polynomial.legendre.legval.results.json
torch.storage.np.polynomial.legendre.legvander,negative_mutation,negative_mutation,negative,x,type_widen,negative_accepted_not_bug,,,stage4/results/torch-thesis-all-coverage/execution_results/torch.storage.np.polynomial.legendre.legvander.results.json
torch.storage.np.polynomial.legendre.legvander,negative_mutation,negative_mutation,negative,deg,type_widen,expected_negative_rejection,TypeError,"deg must be an integer, received 1.0",stage4/results/torch-thesis-all-coverage/execution_results/torch.storage.np.polynomial.legendre.legvander.results.json
torch.storage.np.polynomial.legendre.poly2leg,base_execution,base_valid,valid,,,differential_mismatch,DifferentialMismatch,success/exception mismatch between cpu and mps,stage4/results/torch-thesis-all-coverage/execution_results/torch.storage.np.polynomial.legendre.poly2leg.results.json
torch.storage.np.polynomial.legendre.poly2leg,valid_mutation,valid_mutation,valid,pol,value_posinf,differential_mismatch,DifferentialMismatch,success/exception mismatch between cpu and mps,stage4/results/torch-thesis-all-coverage/execution_results/torch.storage.np.polynomial.legendre.poly2leg.results.json
torch.storage.np.polynomial.legendre.poly2leg,valid_mutation,valid_mutation,valid,pol,value_nan,differential_mismatch,DifferentialMismatch,success/exception mismatch between cpu and mps,stage4/results/torch-thesis-all-coverage/execution_results/torch.storage.np.polynomial.legendre.poly2leg.results.json
torch.storage.np.polynomial.legendre.poly2leg,valid_mutation,valid_mutation,valid,pol,value_mask,differential_mismatch,DifferentialMismatch,success/exception mismatch between cpu and mps,stage4/results/torch-thesis-all-coverage/execution_results/torch.storage.np.polynomial.legendre.poly2leg.results.json
torch.storage.np.polynomial.legendre.poly2leg,valid_mutation,valid_mutation,valid,pol,value_noise,differential_mismatch,DifferentialMismatch,success/exception mismatch between cpu and mps,stage4/results/torch-thesis-all-coverage/execution_results/torch.storage.np.polynomial.legendre.poly2leg.results.json
torch.storage.np.polynomial.legendre.poly2leg,valid_mutation,valid_mutation,valid,pol,value_large_magnitude,differential_mismatch,DifferentialMismatch,success/exception mismatch between cpu and mps,stage4/results/torch-thesis-all-coverage/execution_results/torch.storage.np.polynomial.legendre.poly2leg.results.json
torch.storage.np.polynomial.legendre.poly2leg,valid_mutation,valid_mutation,valid,pol,value_neginf,differential_mismatch,DifferentialMismatch,success/exception mismatch between cpu and mps,stage4/results/torch-thesis-all-coverage/execution_results/torch.storage.np.polynomial.legendre.poly2leg.results.json
torch.storage.np.polynomial.legendre.poly2leg,valid_mutation,valid_mutation,valid,pol,value_division,differential_mismatch,DifferentialMismatch,success/exception mismatch between cpu and mps,stage4/results/torch-thesis-all-coverage/execution_results/torch.storage.np.polynomial.legendre.poly2leg.results.json
torch.storage.np.polynomial.legendre.poly2leg,valid_mutation,valid_mutation,valid,pol,value_negzero,differential_mismatch,DifferentialMismatch,success/exception mismatch between cpu and mps,stage4/results/torch-thesis-all-coverage/execution_results/torch.storage.np.polynomial.legendre.poly2leg.results.json
torch.storage.np.polynomial.legendre.poly2leg,negative_mutation,negative_mutation,negative,pol,shape_expand,negative_accepted_not_bug,,,stage4/results/torch-thesis-all-coverage/execution_results/torch.storage.np.polynomial.legendre.poly2leg.results.json
torch.storage.np.polynomial.legendre.poly2leg,negative_mutation,negative_mutation,negative,pol,dtype_mutate,negative_accepted_not_bug,,,stage4/results/torch-thesis-all-coverage/execution_results/torch.storage.np.polynomial.legendre.poly2leg.results.json
torch.storage.np.polynomial.polynomial.polyder,base_execution,base_valid,valid,,,differential_mismatch,DifferentialMismatch,success/exception mismatch between cpu and mps,stage4/results/torch-thesis-all-coverage/execution_results/torch.storage.np.polynomial.polynomial.polyder.results.json
torch.storage.np.polynomial.polynomial.polyder,valid_mutation,valid_mutation,valid,c,value_neginf,differential_mismatch,DifferentialMismatch,success/exception mismatch between cpu and mps,stage4/results/torch-thesis-all-coverage/execution_results/torch.storage.np.polynomial.polynomial.polyder.results.json
torch.storage.np.polynomial.polynomial.polyder,valid_mutation,valid_mutation,valid,c,value_mask,differential_mismatch,DifferentialMismatch,success/exception mismatch between cpu and mps,stage4/results/torch-thesis-all-coverage/execution_results/torch.storage.np.polynomial.polynomial.polyder.results.json
torch.storage.np.polynomial.polynomial.polyder,valid_mutation,valid_mutation,valid,c,value_division,differential_mismatch,DifferentialMismatch,success/exception mismatch between cpu and mps,stage4/results/torch-thesis-all-coverage/execution_results/torch.storage.np.polynomial.polynomial.polyder.results.json
torch.storage.np.polynomial.polynomial.polyder,valid_mutation,valid_mutation,valid,c,value_posinf,differential_mismatch,DifferentialMismatch,success/exception mismatch between cpu and mps,stage4/results/torch-thesis-all-coverage/execution_results/torch.storage.np.polynomial.polynomial.polyder.results.json
torch.storage.np.polynomial.polynomial.polyder,valid_mutation,valid_mutation,valid,c,value_nan,differential_mismatch,DifferentialMismatch,success/exception mismatch between cpu and mps,stage4/results/torch-thesis-all-coverage/execution_results/torch.storage.np.polynomial.polynomial.polyder.results.json
torch.storage.np.polynomial.polynomial.polyder,valid_mutation,valid_mutation,valid,c,value_large_magnitude,differential_mismatch,DifferentialMismatch,success/exception mismatch between cpu and mps,stage4/results/torch-thesis-all-coverage/execution_results/torch.storage.np.polynomial.polynomial.polyder.results.json
torch.storage.np.polynomial.polynomial.polyder,valid_mutation,valid_mutation,valid,c,value_noise,differential_mismatch,DifferentialMismatch,success/exception mismatch between cpu and mps,stage4/results/torch-thesis-all-coverage/execution_results/torch.storage.np.polynomial.polynomial.polyder.results.json
torch.storage.np.polynomial.polynomial.polyder,valid_mutation,valid_mutation,valid,c,value_negzero,differential_mismatch,DifferentialMismatch,success/exception mismatch between cpu and mps,stage4/results/torch-thesis-all-coverage/execution_results/torch.storage.np.polynomial.polynomial.polyder.results.json
torch.storage.np.polynomial.polynomial.polyder,negative_mutation,negative_mutation,negative,c,shape_shrink,negative_accepted_not_bug,,,stage4/results/torch-thesis-all-coverage/execution_results/torch.storage.np.polynomial.polynomial.polyder.results.json
torch.storage.np.polynomial.polynomial.polyder,negative_mutation,negative_mutation,negative,c,dtype_mutate,negative_accepted_not_bug,,,stage4/results/torch-thesis-all-coverage/execution_results/torch.storage.np.polynomial.polynomial.polyder.results.json
torch.storage.np.polynomial.polynomial.polyint,base_execution,base_valid,valid,,,differential_mismatch,DifferentialMismatch,success/exception mismatch between cpu and mps,stage4/results/torch-thesis-all-coverage/execution_results/torch.storage.np.polynomial.polynomial.polyint.results.json
torch.storage.np.polynomial.polynomial.polyint,valid_mutation,valid_mutation,valid,c,value_nan,differential_mismatch,DifferentialMismatch,success/exception mismatch between cpu and mps,stage4/results/torch-thesis-all-coverage/execution_results/torch.storage.np.polynomial.polynomial.polyint.results.json
torch.storage.np.polynomial.polynomial.polyint,valid_mutation,valid_mutation,valid,c,value_noise,differential_mismatch,DifferentialMismatch,success/exception mismatch between cpu and mps,stage4/results/torch-thesis-all-coverage/execution_results/torch.storage.np.polynomial.polynomial.polyint.results.json
torch.storage.np.polynomial.polynomial.polyint,valid_mutation,valid_mutation,valid,c,value_posinf,differential_mismatch,DifferentialMismatch,success/exception mismatch between cpu and mps,stage4/results/torch-thesis-all-coverage/execution_results/torch.storage.np.polynomial.polynomial.polyint.results.json
torch.storage.np.polynomial.polynomial.polyint,valid_mutation,valid_mutation,valid,c,value_negzero,differential_mismatch,DifferentialMismatch,success/exception mismatch between cpu and mps,stage4/results/torch-thesis-all-coverage/execution_results/torch.storage.np.polynomial.polynomial.polyint.results.json
torch.storage.np.polynomial.polynomial.polyint,valid_mutation,valid_mutation,valid,c,value_mask,differential_mismatch,DifferentialMismatch,success/exception mismatch between cpu and mps,stage4/results/torch-thesis-all-coverage/execution_results/torch.storage.np.polynomial.polynomial.polyint.results.json
torch.storage.np.polynomial.polynomial.polyint,valid_mutation,valid_mutation,valid,c,value_neginf,differential_mismatch,DifferentialMismatch,success/exception mismatch between cpu and mps,stage4/results/torch-thesis-all-coverage/execution_results/torch.storage.np.polynomial.polynomial.polyint.results.json
torch.storage.np.polynomial.polynomial.polyint,valid_mutation,valid_mutation,valid,c,value_division,differential_mismatch,DifferentialMismatch,success/exception mismatch between cpu and mps,stage4/results/torch-thesis-all-coverage/execution_results/torch.storage.np.polynomial.polynomial.polyint.results.json
torch.storage.np.polynomial.polynomial.polyint,valid_mutation,valid_mutation,valid,c,value_large_magnitude,differential_mismatch,DifferentialMismatch,success/exception mismatch between cpu and mps,stage4/results/torch-thesis-all-coverage/execution_results/torch.storage.np.polynomial.polynomial.polyint.results.json
torch.storage.np.polynomial.polynomial.polyint,negative_mutation,negative_mutation,negative,c,shape_shrink,negative_accepted_not_bug,,,stage4/results/torch-thesis-all-coverage/execution_results/torch.storage.np.polynomial.polynomial.polyint.results.json
torch.storage.np.polynomial.polynomial.polyint,negative_mutation,negative_mutation,negative,c,dtype_mutate,negative_accepted_not_bug,,,stage4/results/torch-thesis-all-coverage/execution_results/torch.storage.np.polynomial.polynomial.polyint.results.json
torch.storage.np.polynomial.polynomial.polymulx,base_execution,base_valid,valid,,,differential_mismatch,DifferentialMismatch,success/exception mismatch between cpu and mps,stage4/results/torch-thesis-all-coverage/execution_results/torch.storage.np.polynomial.polynomial.polymulx.results.json
torch.storage.np.polynomial.polynomial.polyval,base_execution,base_valid,valid,,,differential_mismatch,DifferentialMismatch,success/exception mismatch between cpu and mps,stage4/results/torch-thesis-all-coverage/execution_results/torch.storage.np.polynomial.polynomial.polyval.results.json
torch.storage.np.polynomial.polynomial.polyval,valid_mutation,valid_mutation,valid,x,value_neginf,differential_mismatch,DifferentialMismatch,success/exception mismatch between cpu and mps,stage4/results/torch-thesis-all-coverage/execution_results/torch.storage.np.polynomial.polynomial.polyval.results.json
torch.storage.np.polynomial.polynomial.polyval,valid_mutation,valid_mutation,valid,x,value_large_magnitude,differential_mismatch,DifferentialMismatch,success/exception mismatch between cpu and mps,stage4/results/torch-thesis-all-coverage/execution_results/torch.storage.np.polynomial.polynomial.polyval.results.json
torch.storage.np.polynomial.polynomial.polyval,valid_mutation,valid_mutation,valid,x,value_negzero,differential_mismatch,DifferentialMismatch,success/exception mismatch between cpu and mps,stage4/results/torch-thesis-all-coverage/execution_results/torch.storage.np.polynomial.polynomial.polyval.results.json
torch.storage.np.polynomial.polynomial.polyval,valid_mutation,valid_mutation,valid,x,value_nan,differential_mismatch,DifferentialMismatch,success/exception mismatch between cpu and mps,stage4/results/torch-thesis-all-coverage/execution_results/torch.storage.np.polynomial.polynomial.polyval.results.json
torch.storage.np.polynomial.polynomial.polyval,valid_mutation,valid_mutation,valid,x,enum_switch,differential_mismatch,DifferentialMismatch,success/exception mismatch between cpu and mps,stage4/results/torch-thesis-all-coverage/execution_results/torch.storage.np.polynomial.polynomial.polyval.results.json
torch.storage.np.polynomial.polynomial.polyval,valid_mutation,valid_mutation,valid,x,value_posinf,differential_mismatch,DifferentialMismatch,success/exception mismatch between cpu and mps,stage4/results/torch-thesis-all-coverage/execution_results/torch.storage.np.polynomial.polynomial.polyval.results.json
torch.storage.np.polynomial.polynomial.polyval,negative_mutation,negative_mutation,negative,x,enum_invalid,negative_accepted_not_bug,,,stage4/results/torch-thesis-all-coverage/execution_results/torch.storage.np.polynomial.polynomial.polyval.results.json
torch.storage.np.polynomial.polynomial.polyval,valid_mutation,valid_mutation,valid,c,enum_switch,differential_mismatch,DifferentialMismatch,success/exception mismatch between cpu and mps,stage4/results/torch-thesis-all-coverage/execution_results/torch.storage.np.polynomial.polynomial.polyval.results.json
torch.storage.np.polynomial.polynomial.polyval,valid_mutation,valid_mutation,valid,c,value_nan,differential_mismatch,DifferentialMismatch,success/exception mismatch between cpu and mps,stage4/results/torch-thesis-all-coverage/execution_results/torch.storage.np.polynomial.polynomial.polyval.results.json
torch.storage.np.polynomial.polynomial.polyval,valid_mutation,valid_mutation,valid,c,value_neginf,differential_mismatch,DifferentialMismatch,success/exception mismatch between cpu and mps,stage4/results/torch-thesis-all-coverage/execution_results/torch.storage.np.polynomial.polynomial.polyval.results.json
torch.storage.np.polynomial.polynomial.polyval,valid_mutation,valid_mutation,valid,c,value_negzero,differential_mismatch,DifferentialMismatch,success/exception mismatch between cpu and mps,stage4/results/torch-thesis-all-coverage/execution_results/torch.storage.np.polynomial.polynomial.polyval.results.json
torch.storage.np.polynomial.polynomial.polyval,valid_mutation,valid_mutation,valid,c,value_posinf,differential_mismatch,DifferentialMismatch,success/exception mismatch between cpu and mps,stage4/results/torch-thesis-all-coverage/execution_results/torch.storage.np.polynomial.polynomial.polyval.results.json
torch.storage.np.polynomial.polynomial.polyval,valid_mutation,valid_mutation,valid,c,value_large_magnitude,differential_mismatch,DifferentialMismatch,success/exception mismatch between cpu and mps,stage4/results/torch-thesis-all-coverage/execution_results/torch.storage.np.polynomial.polynomial.polyval.results.json
torch.storage.np.polynomial.polynomial.polyval,negative_mutation,negative_mutation,negative,c,enum_invalid,negative_accepted_not_bug,,,stage4/results/torch-thesis-all-coverage/execution_results/torch.storage.np.polynomial.polynomial.polyval.results.json
torch.storage.np.polynomial.polynomial.polyvalfromroots,base_execution,base_valid,valid,,,differential_mismatch,DifferentialMismatch,success/exception mismatch between cpu and mps,stage4/results/torch-thesis-all-coverage/execution_results/torch.storage.np.polynomial.polynomial.polyvalfromroots.results.json
torch.storage.np.polynomial.polynomial.polyvalfromroots,valid_mutation,valid_mutation,valid,x,value_large_magnitude,differential_mismatch,DifferentialMismatch,success/exception mismatch between cpu and mps,stage4/results/torch-thesis-all-coverage/execution_results/torch.storage.np.polynomial.polynomial.polyvalfromroots.results.json
torch.storage.np.polynomial.polynomial.polyvalfromroots,valid_mutation,valid_mutation,valid,x,enum_switch,differential_mismatch,DifferentialMismatch,success/exception mismatch between cpu and mps,stage4/results/torch-thesis-all-coverage/execution_results/torch.storage.np.polynomial.polynomial.polyvalfromroots.results.json
torch.storage.np.polynomial.polynomial.polyvalfromroots,valid_mutation,valid_mutation,valid,x,value_posinf,differential_mismatch,DifferentialMismatch,success/exception mismatch between cpu and mps,stage4/results/torch-thesis-all-coverage/execution_results/torch.storage.np.polynomial.polynomial.polyvalfromroots.results.json
torch.storage.np.polynomial.polynomial.polyvalfromroots,valid_mutation,valid_mutation,valid,x,value_nan,differential_mismatch,DifferentialMismatch,success/exception mismatch between cpu and mps,stage4/results/torch-thesis-all-coverage/execution_results/torch.storage.np.polynomial.polynomial.polyvalfromroots.results.json
torch.storage.np.polynomial.polynomial.polyvalfromroots,valid_mutation,valid_mutation,valid,x,value_negzero,differential_mismatch,DifferentialMismatch,success/exception mismatch between cpu and mps,stage4/results/torch-thesis-all-coverage/execution_results/torch.storage.np.polynomial.polynomial.polyvalfromroots.results.json
torch.storage.np.polynomial.polynomial.polyvalfromroots,valid_mutation,valid_mutation,valid,x,value_neginf,differential_mismatch,DifferentialMismatch,success/exception mismatch between cpu and mps,stage4/results/torch-thesis-all-coverage/execution_results/torch.storage.np.polynomial.polynomial.polyvalfromroots.results.json
torch.storage.np.polynomial.polynomial.polyvalfromroots,negative_mutation,negative_mutation,negative,x,enum_invalid,negative_accepted_not_bug,,,stage4/results/torch-thesis-all-coverage/execution_results/torch.storage.np.polynomial.polynomial.polyvalfromroots.results.json
torch.storage.np.polynomial.polynomial.polyvalfromroots,valid_mutation,valid_mutation,valid,r,value_nan,differential_mismatch,DifferentialMismatch,success/exception mismatch between cpu and mps,stage4/results/torch-thesis-all-coverage/execution_results/torch.storage.np.polynomial.polynomial.polyvalfromroots.results.json
torch.storage.np.polynomial.polynomial.polyvalfromroots,valid_mutation,valid_mutation,valid,r,value_neginf,differential_mismatch,DifferentialMismatch,success/exception mismatch between cpu and mps,stage4/results/torch-thesis-all-coverage/execution_results/torch.storage.np.polynomial.polynomial.polyvalfromroots.results.json
torch.storage.np.polynomial.polynomial.polyvalfromroots,valid_mutation,valid_mutation,valid,r,value_posinf,differential_mismatch,DifferentialMismatch,success/exception mismatch between cpu and mps,stage4/results/torch-thesis-all-coverage/execution_results/torch.storage.np.polynomial.polynomial.polyvalfromroots.results.json
torch.storage.np.polynomial.polynomial.polyvalfromroots,valid_mutation,valid_mutation,valid,r,enum_switch,differential_mismatch,DifferentialMismatch,success/exception mismatch between cpu and mps,stage4/results/torch-thesis-all-coverage/execution_results/torch.storage.np.polynomial.polynomial.polyvalfromroots.results.json
torch.storage.np.polynomial.polynomial.polyvalfromroots,valid_mutation,valid_mutation,valid,r,value_negzero,differential_mismatch,DifferentialMismatch,success/exception mismatch between cpu and mps,stage4/results/torch-thesis-all-coverage/execution_results/torch.storage.np.polynomial.polynomial.polyvalfromroots.results.json
torch.storage.np.polynomial.polynomial.polyvalfromroots,valid_mutation,valid_mutation,valid,r,value_large_magnitude,differential_mismatch,DifferentialMismatch,success/exception mismatch between cpu and mps,stage4/results/torch-thesis-all-coverage/execution_results/torch.storage.np.polynomial.polynomial.polyvalfromroots.results.json
torch.storage.np.polynomial.polynomial.polyvalfromroots,negative_mutation,negative_mutation,negative,r,enum_invalid,negative_accepted_not_bug,,,stage4/results/torch-thesis-all-coverage/execution_results/torch.storage.np.polynomial.polynomial.polyvalfromroots.results.json
torch.storage.np.polynomial.polynomial.polyvander,negative_mutation,negative_mutation,negative,x,type_widen,negative_accepted_not_bug,,,stage4/results/torch-thesis-all-coverage/execution_results/torch.storage.np.polynomial.polynomial.polyvander.results.json
torch.storage.np.polynomial.polynomial.polyvander,negative_mutation,negative_mutation,negative,deg,type_widen,expected_negative_rejection,TypeError,"deg must be an integer, received 1.0",stage4/results/torch-thesis-all-coverage/execution_results/torch.storage.np.polynomial.polynomial.polyvander.results.json
torch.storage.np.random.choice,valid_mutation,valid_mutation,valid,a,value_large_magnitude,differential_mismatch,DifferentialMismatch,values differ: 928008 != 609361,stage4/results/torch-thesis-all-coverage/execution_results/torch.storage.np.random.choice.results.json
torch.storage.np.random.choice,negative_mutation,negative_mutation,negative,a,type_widen,expected_negative_rejection,ValueError,a must be 1-dimensional or an integer,stage4/results/torch-thesis-all-coverage/execution_results/torch.storage.np.random.choice.results.json
torch.storage.np.random.mtrand.choice,valid_mutation,valid_mutation,valid,a,scalar_delta,differential_mismatch,DifferentialMismatch,values differ: 0 != 1,stage4/results/torch-thesis-all-coverage/execution_results/torch.storage.np.random.mtrand.choice.results.json
torch.storage.np.random.mtrand.choice,valid_mutation,valid_mutation,valid,a,value_large_magnitude,differential_mismatch,DifferentialMismatch,values differ: 40997 != 594501,stage4/results/torch-thesis-all-coverage/execution_results/torch.storage.np.random.mtrand.choice.results.json
torch.storage.np.random.mtrand.choice,negative_mutation,negative_mutation,negative,a,type_widen,expected_negative_rejection,ValueError,a must be 1-dimensional or an integer,stage4/results/torch-thesis-all-coverage/execution_results/torch.storage.np.random.mtrand.choice.results.json
torch.storage.np.random.mtrand.standard_cauchy,base_execution,base_valid,valid,,,differential_mismatch,DifferentialMismatch,scalar values differ: 2.3723234455927913 != -0.059725828921610095,stage4/results/torch-thesis-all-coverage/execution_results/torch.storage.np.random.mtrand.standard_cauchy.results.json
torch.storage.np.random.mtrand.standard_exponential,base_execution,base_valid,valid,,,differential_mismatch,DifferentialMismatch,scalar values differ: 0.6949816214185132 != 2.7481628555456146,stage4/results/torch-thesis-all-coverage/execution_results/torch.storage.np.random.mtrand.standard_exponential.results.json
torch.storage.np.random.standard_cauchy,base_execution,base_valid,valid,,,differential_mismatch,DifferentialMismatch,scalar values differ: 1.3287565588034838 != -3.9192324762946957,stage4/results/torch-thesis-all-coverage/execution_results/torch.storage.np.random.standard_cauchy.results.json
torch.storage.np.random.standard_exponential,base_execution,base_valid,valid,,,differential_mismatch,DifferentialMismatch,scalar values differ: 0.43115935204065575 != 0.37707114586949697,stage4/results/torch-thesis-all-coverage/execution_results/torch.storage.np.random.standard_exponential.results.json
torch.storage.np.rec.fromarrays,base_execution,base_valid,valid,,,differential_mismatch,DifferentialMismatch,success/exception mismatch between cpu and mps,stage4/results/torch-thesis-all-coverage/execution_results/torch.storage.np.rec.fromarrays.results.json
torch.storage.np.rec.fromarrays,valid_mutation,valid_mutation,valid,arrayList,value_mask,differential_mismatch,DifferentialMismatch,success/exception mismatch between cpu and mps,stage4/results/torch-thesis-all-coverage/execution_results/torch.storage.np.rec.fromarrays.results.json
torch.storage.np.rec.fromarrays,valid_mutation,valid_mutation,valid,arrayList,value_noise,differential_mismatch,DifferentialMismatch,success/exception mismatch between cpu and mps,stage4/results/torch-thesis-all-coverage/execution_results/torch.storage.np.rec.fromarrays.results.json
torch.storage.np.rec.fromarrays,valid_mutation,valid_mutation,valid,arrayList,value_posinf,differential_mismatch,DifferentialMismatch,success/exception mismatch between cpu and mps,stage4/results/torch-thesis-all-coverage/execution_results/torch.storage.np.rec.fromarrays.results.json
torch.storage.np.rec.fromarrays,valid_mutation,valid_mutation,valid,arrayList,value_division,differential_mismatch,DifferentialMismatch,success/exception mismatch between cpu and mps,stage4/results/torch-thesis-all-coverage/execution_results/torch.storage.np.rec.fromarrays.results.json
torch.storage.np.rec.fromarrays,valid_mutation,valid_mutation,valid,arrayList,value_large_magnitude,differential_mismatch,DifferentialMismatch,success/exception mismatch between cpu and mps,stage4/results/torch-thesis-all-coverage/execution_results/torch.storage.np.rec.fromarrays.results.json
torch.storage.np.rec.fromarrays,valid_mutation,valid_mutation,valid,arrayList,value_nan,differential_mismatch,DifferentialMismatch,success/exception mismatch between cpu and mps,stage4/results/torch-thesis-all-coverage/execution_results/torch.storage.np.rec.fromarrays.results.json
torch.storage.np.rec.fromarrays,valid_mutation,valid_mutation,valid,arrayList,value_negzero,differential_mismatch,DifferentialMismatch,success/exception mismatch between cpu and mps,stage4/results/torch-thesis-all-coverage/execution_results/torch.storage.np.rec.fromarrays.results.json
torch.storage.np.rec.fromarrays,valid_mutation,valid_mutation,valid,arrayList,value_neginf,differential_mismatch,DifferentialMismatch,success/exception mismatch between cpu and mps,stage4/results/torch-thesis-all-coverage/execution_results/torch.storage.np.rec.fromarrays.results.json
torch.storage.np.rec.fromarrays,negative_mutation,negative_mutation,negative,arrayList,shape_shrink,negative_accepted_not_bug,,,stage4/results/torch-thesis-all-coverage/execution_results/torch.storage.np.rec.fromarrays.results.json
torch.storage.np.rec.fromarrays,negative_mutation,negative_mutation,negative,arrayList,dtype_mutate,negative_accepted_not_bug,,,stage4/results/torch-thesis-all-coverage/execution_results/torch.storage.np.rec.fromarrays.results.json
torch.storage.np.rec.fromrecords,negative_mutation,negative_mutation,negative,recList,structure_shrink,negative_accepted_not_bug,,,stage4/results/torch-thesis-all-coverage/execution_results/torch.storage.np.rec.fromrecords.results.json
torch.storage.np.roll,base_execution,base_valid,valid,,,differential_mismatch,DifferentialMismatch,success/exception mismatch between cpu and mps,stage4/results/torch-thesis-all-coverage/execution_results/torch.storage.np.roll.results.json
torch.storage.np.roll,valid_mutation,valid_mutation,valid,a,value_large_magnitude,differential_mismatch,DifferentialMismatch,success/exception mismatch between cpu and mps,stage4/results/torch-thesis-all-coverage/execution_results/torch.storage.np.roll.results.json
torch.storage.np.roll,valid_mutation,valid_mutation,valid,a,value_neginf,differential_mismatch,DifferentialMismatch,success/exception mismatch between cpu and mps,stage4/results/torch-thesis-all-coverage/execution_results/torch.storage.np.roll.results.json
torch.storage.np.roll,valid_mutation,valid_mutation,valid,a,value_nan,differential_mismatch,DifferentialMismatch,success/exception mismatch between cpu and mps,stage4/results/torch-thesis-all-coverage/execution_results/torch.storage.np.roll.results.json
torch.storage.np.roll,valid_mutation,valid_mutation,valid,a,value_mask,differential_mismatch,DifferentialMismatch,success/exception mismatch between cpu and mps,stage4/results/torch-thesis-all-coverage/execution_results/torch.storage.np.roll.results.json
torch.storage.np.roll,valid_mutation,valid_mutation,valid,a,value_negzero,differential_mismatch,DifferentialMismatch,success/exception mismatch between cpu and mps,stage4/results/torch-thesis-all-coverage/execution_results/torch.storage.np.roll.results.json
torch.storage.np.roll,valid_mutation,valid_mutation,valid,a,value_posinf,differential_mismatch,DifferentialMismatch,success/exception mismatch between cpu and mps,stage4/results/torch-thesis-all-coverage/execution_results/torch.storage.np.roll.results.json
torch.storage.np.roll,valid_mutation,valid_mutation,valid,a,value_division,differential_mismatch,DifferentialMismatch,success/exception mismatch between cpu and mps,stage4/results/torch-thesis-all-coverage/execution_results/torch.storage.np.roll.results.json
torch.storage.np.roll,valid_mutation,valid_mutation,valid,a,value_noise,differential_mismatch,DifferentialMismatch,success/exception mismatch between cpu and mps,stage4/results/torch-thesis-all-coverage/execution_results/torch.storage.np.roll.results.json
torch.storage.np.roll,negative_mutation,negative_mutation,negative,a,shape_expand,negative_accepted_not_bug,,,stage4/results/torch-thesis-all-coverage/execution_results/torch.storage.np.roll.results.json
torch.storage.np.roll,negative_mutation,negative_mutation,negative,a,dtype_mutate,negative_accepted_not_bug,,,stage4/results/torch-thesis-all-coverage/execution_results/torch.storage.np.roll.results.json
torch.storage.np.roll,valid_mutation,valid_mutation,valid,shift,value_large_magnitude,differential_mismatch,DifferentialMismatch,success/exception mismatch between cpu and mps,stage4/results/torch-thesis-all-coverage/execution_results/torch.storage.np.roll.results.json
torch.storage.np.roll,valid_mutation,valid_mutation,valid,shift,enum_switch,differential_mismatch,DifferentialMismatch,success/exception mismatch between cpu and mps,stage4/results/torch-thesis-all-coverage/execution_results/torch.storage.np.roll.results.json
torch.storage.np.roll,negative_mutation,negative_mutation,negative,shift,enum_invalid,negative_accepted_not_bug,,,stage4/results/torch-thesis-all-coverage/execution_results/torch.storage.np.roll.results.json
torch.storage.np.roots,base_execution,base_valid,valid,,,differential_mismatch,DifferentialMismatch,success/exception mismatch between cpu and mps,stage4/results/torch-thesis-all-coverage/execution_results/torch.storage.np.roots.results.json
torch.storage.np.roots,valid_mutation,valid_mutation,valid,p,value_posinf,differential_mismatch,DifferentialMismatch,success/exception mismatch between cpu and mps,stage4/results/torch-thesis-all-coverage/execution_results/torch.storage.np.roots.results.json
torch.storage.np.roots,valid_mutation,valid_mutation,valid,p,value_noise,differential_mismatch,DifferentialMismatch,success/exception mismatch between cpu and mps,stage4/results/torch-thesis-all-coverage/execution_results/torch.storage.np.roots.results.json
torch.storage.np.roots,valid_mutation,valid_mutation,valid,p,value_negzero,differential_mismatch,DifferentialMismatch,success/exception mismatch between cpu and mps,stage4/results/torch-thesis-all-coverage/execution_results/torch.storage.np.roots.results.json
torch.storage.np.roots,valid_mutation,valid_mutation,valid,p,value_neginf,differential_mismatch,DifferentialMismatch,success/exception mismatch between cpu and mps,stage4/results/torch-thesis-all-coverage/execution_results/torch.storage.np.roots.results.json
torch.storage.np.roots,valid_mutation,valid_mutation,valid,p,value_large_magnitude,differential_mismatch,DifferentialMismatch,success/exception mismatch between cpu and mps,stage4/results/torch-thesis-all-coverage/execution_results/torch.storage.np.roots.results.json
torch.storage.np.roots,valid_mutation,valid_mutation,valid,p,value_mask,differential_mismatch,DifferentialMismatch,success/exception mismatch between cpu and mps,stage4/results/torch-thesis-all-coverage/execution_results/torch.storage.np.roots.results.json
torch.storage.np.roots,valid_mutation,valid_mutation,valid,p,value_division,differential_mismatch,DifferentialMismatch,success/exception mismatch between cpu and mps,stage4/results/torch-thesis-all-coverage/execution_results/torch.storage.np.roots.results.json
torch.storage.np.roots,negative_mutation,negative_mutation,negative,p,shape_shrink,negative_accepted_not_bug,,,stage4/results/torch-thesis-all-coverage/execution_results/torch.storage.np.roots.results.json
torch.storage.np.roots,negative_mutation,negative_mutation,negative,p,dtype_mutate,negative_accepted_not_bug,,,stage4/results/torch-thesis-all-coverage/execution_results/torch.storage.np.roots.results.json
torch.storage.np.row_stack,base_execution,base_valid,valid,,,differential_mismatch,DifferentialMismatch,success/exception mismatch between cpu and mps,stage4/results/torch-thesis-all-coverage/execution_results/torch.storage.np.row_stack.results.json
torch.storage.np.row_stack,valid_mutation,valid_mutation,valid,tup,value_noise,differential_mismatch,DifferentialMismatch,success/exception mismatch between cpu and mps,stage4/results/torch-thesis-all-coverage/execution_results/torch.storage.np.row_stack.results.json
torch.storage.np.row_stack,valid_mutation,valid_mutation,valid,tup,value_negzero,differential_mismatch,DifferentialMismatch,success/exception mismatch between cpu and mps,stage4/results/torch-thesis-all-coverage/execution_results/torch.storage.np.row_stack.results.json
torch.storage.np.row_stack,valid_mutation,valid_mutation,valid,tup,value_posinf,differential_mismatch,DifferentialMismatch,success/exception mismatch between cpu and mps,stage4/results/torch-thesis-all-coverage/execution_results/torch.storage.np.row_stack.results.json
torch.storage.np.row_stack,valid_mutation,valid_mutation,valid,tup,value_division,differential_mismatch,DifferentialMismatch,success/exception mismatch between cpu and mps,stage4/results/torch-thesis-all-coverage/execution_results/torch.storage.np.row_stack.results.json
torch.storage.np.row_stack,valid_mutation,valid_mutation,valid,tup,value_large_magnitude,differential_mismatch,DifferentialMismatch,success/exception mismatch between cpu and mps,stage4/results/torch-thesis-all-coverage/execution_results/torch.storage.np.row_stack.results.json
torch.storage.np.row_stack,valid_mutation,valid_mutation,valid,tup,value_neginf,differential_mismatch,DifferentialMismatch,success/exception mismatch between cpu and mps,stage4/results/torch-thesis-all-coverage/execution_results/torch.storage.np.row_stack.results.json
torch.storage.np.row_stack,valid_mutation,valid_mutation,valid,tup,value_mask,differential_mismatch,DifferentialMismatch,success/exception mismatch between cpu and mps,stage4/results/torch-thesis-all-coverage/execution_results/torch.storage.np.row_stack.results.json
torch.storage.np.row_stack,valid_mutation,valid_mutation,valid,tup,value_nan,differential_mismatch,DifferentialMismatch,success/exception mismatch between cpu and mps,stage4/results/torch-thesis-all-coverage/execution_results/torch.storage.np.row_stack.results.json
torch.storage.np.row_stack,negative_mutation,negative_mutation,negative,tup,shape_shrink,negative_accepted_not_bug,,,stage4/results/torch-thesis-all-coverage/execution_results/torch.storage.np.row_stack.results.json
torch.storage.np.row_stack,negative_mutation,negative_mutation,negative,tup,dtype_mutate,negative_accepted_not_bug,,,stage4/results/torch-thesis-all-coverage/execution_results/torch.storage.np.row_stack.results.json
torch.storage.np.shape,negative_mutation,negative_mutation,negative,a,shape_shrink,negative_accepted_not_bug,,,stage4/results/torch-thesis-all-coverage/execution_results/torch.storage.np.shape.results.json
torch.storage.np.shape,negative_mutation,negative_mutation,negative,a,dtype_mutate,negative_accepted_not_bug,,,stage4/results/torch-thesis-all-coverage/execution_results/torch.storage.np.shape.results.json
torch.storage.np.sinc,base_execution,base_valid,valid,,,differential_mismatch,DifferentialMismatch,success/exception mismatch between cpu and mps,stage4/results/torch-thesis-all-coverage/execution_results/torch.storage.np.sinc.results.json
torch.storage.np.sinc,valid_mutation,valid_mutation,valid,x,value_noise,differential_mismatch,DifferentialMismatch,success/exception mismatch between cpu and mps,stage4/results/torch-thesis-all-coverage/execution_results/torch.storage.np.sinc.results.json
torch.storage.np.sinc,valid_mutation,valid_mutation,valid,x,value_neginf,differential_mismatch,DifferentialMismatch,success/exception mismatch between cpu and mps,stage4/results/torch-thesis-all-coverage/execution_results/torch.storage.np.sinc.results.json
torch.storage.np.sinc,valid_mutation,valid_mutation,valid,x,value_mask,differential_mismatch,DifferentialMismatch,success/exception mismatch between cpu and mps,stage4/results/torch-thesis-all-coverage/execution_results/torch.storage.np.sinc.results.json
torch.storage.np.sinc,valid_mutation,valid_mutation,valid,x,value_negzero,differential_mismatch,DifferentialMismatch,success/exception mismatch between cpu and mps,stage4/results/torch-thesis-all-coverage/execution_results/torch.storage.np.sinc.results.json
torch.storage.np.sinc,valid_mutation,valid_mutation,valid,x,value_nan,differential_mismatch,DifferentialMismatch,success/exception mismatch between cpu and mps,stage4/results/torch-thesis-all-coverage/execution_results/torch.storage.np.sinc.results.json
torch.storage.np.sinc,valid_mutation,valid_mutation,valid,x,value_posinf,differential_mismatch,DifferentialMismatch,success/exception mismatch between cpu and mps,stage4/results/torch-thesis-all-coverage/execution_results/torch.storage.np.sinc.results.json
torch.storage.np.sinc,valid_mutation,valid_mutation,valid,x,value_division,differential_mismatch,DifferentialMismatch,success/exception mismatch between cpu and mps,stage4/results/torch-thesis-all-coverage/execution_results/torch.storage.np.sinc.results.json
torch.storage.np.sinc,valid_mutation,valid_mutation,valid,x,value_large_magnitude,differential_mismatch,DifferentialMismatch,success/exception mismatch between cpu and mps,stage4/results/torch-thesis-all-coverage/execution_results/torch.storage.np.sinc.results.json
torch.storage.np.sinc,negative_mutation,negative_mutation,negative,x,shape_shrink,negative_accepted_not_bug,,,stage4/results/torch-thesis-all-coverage/execution_results/torch.storage.np.sinc.results.json
torch.storage.np.sinc,negative_mutation,negative_mutation,negative,x,dtype_mutate,negative_accepted_not_bug,,,stage4/results/torch-thesis-all-coverage/execution_results/torch.storage.np.sinc.results.json
torch.storage.np.sort,base_execution,base_valid,valid,,,differential_mismatch,DifferentialMismatch,success/exception mismatch between cpu and mps,stage4/results/torch-thesis-all-coverage/execution_results/torch.storage.np.sort.results.json
torch.storage.np.sort,valid_mutation,valid_mutation,valid,a,value_noise,differential_mismatch,DifferentialMismatch,success/exception mismatch between cpu and mps,stage4/results/torch-thesis-all-coverage/execution_results/torch.storage.np.sort.results.json
torch.storage.np.sort,valid_mutation,valid_mutation,valid,a,value_negzero,differential_mismatch,DifferentialMismatch,success/exception mismatch between cpu and mps,stage4/results/torch-thesis-all-coverage/execution_results/torch.storage.np.sort.results.json
torch.storage.np.sort,valid_mutation,valid_mutation,valid,a,value_neginf,differential_mismatch,DifferentialMismatch,success/exception mismatch between cpu and mps,stage4/results/torch-thesis-all-coverage/execution_results/torch.storage.np.sort.results.json
torch.storage.np.sort,valid_mutation,valid_mutation,valid,a,value_nan,differential_mismatch,DifferentialMismatch,success/exception mismatch between cpu and mps,stage4/results/torch-thesis-all-coverage/execution_results/torch.storage.np.sort.results.json
torch.storage.np.sort,valid_mutation,valid_mutation,valid,a,value_mask,differential_mismatch,DifferentialMismatch,success/exception mismatch between cpu and mps,stage4/results/torch-thesis-all-coverage/execution_results/torch.storage.np.sort.results.json
torch.storage.np.sort,valid_mutation,valid_mutation,valid,a,value_large_magnitude,differential_mismatch,DifferentialMismatch,success/exception mismatch between cpu and mps,stage4/results/torch-thesis-all-coverage/execution_results/torch.storage.np.sort.results.json
torch.storage.np.sort,valid_mutation,valid_mutation,valid,a,value_division,differential_mismatch,DifferentialMismatch,success/exception mismatch between cpu and mps,stage4/results/torch-thesis-all-coverage/execution_results/torch.storage.np.sort.results.json
torch.storage.np.sort,valid_mutation,valid_mutation,valid,a,value_posinf,differential_mismatch,DifferentialMismatch,success/exception mismatch between cpu and mps,stage4/results/torch-thesis-all-coverage/execution_results/torch.storage.np.sort.results.json
torch.storage.np.sort,negative_mutation,negative_mutation,negative,a,shape_shrink,negative_accepted_not_bug,,,stage4/results/torch-thesis-all-coverage/execution_results/torch.storage.np.sort.results.json
torch.storage.np.sort,negative_mutation,negative_mutation,negative,a,dtype_mutate,negative_accepted_not_bug,,,stage4/results/torch-thesis-all-coverage/execution_results/torch.storage.np.sort.results.json
torch.storage.np.stack,base_execution,base_valid,valid,,,differential_mismatch,DifferentialMismatch,success/exception mismatch between cpu and mps,stage4/results/torch-thesis-all-coverage/execution_results/torch.storage.np.stack.results.json
torch.storage.np.stack,valid_mutation,valid_mutation,valid,arrays,value_division,differential_mismatch,DifferentialMismatch,success/exception mismatch between cpu and mps,stage4/results/torch-thesis-all-coverage/execution_results/torch.storage.np.stack.results.json
torch.storage.np.stack,valid_mutation,valid_mutation,valid,arrays,value_noise,differential_mismatch,DifferentialMismatch,success/exception mismatch between cpu and mps,stage4/results/torch-thesis-all-coverage/execution_results/torch.storage.np.stack.results.json
torch.storage.np.stack,valid_mutation,valid_mutation,valid,arrays,value_negzero,differential_mismatch,DifferentialMismatch,success/exception mismatch between cpu and mps,stage4/results/torch-thesis-all-coverage/execution_results/torch.storage.np.stack.results.json
torch.storage.np.stack,valid_mutation,valid_mutation,valid,arrays,value_large_magnitude,differential_mismatch,DifferentialMismatch,success/exception mismatch between cpu and mps,stage4/results/torch-thesis-all-coverage/execution_results/torch.storage.np.stack.results.json
torch.storage.np.stack,valid_mutation,valid_mutation,valid,arrays,value_nan,differential_mismatch,DifferentialMismatch,success/exception mismatch between cpu and mps,stage4/results/torch-thesis-all-coverage/execution_results/torch.storage.np.stack.results.json
torch.storage.np.stack,valid_mutation,valid_mutation,valid,arrays,value_posinf,differential_mismatch,DifferentialMismatch,success/exception mismatch between cpu and mps,stage4/results/torch-thesis-all-coverage/execution_results/torch.storage.np.stack.results.json
torch.storage.np.stack,valid_mutation,valid_mutation,valid,arrays,value_mask,differential_mismatch,DifferentialMismatch,success/exception mismatch between cpu and mps,stage4/results/torch-thesis-all-coverage/execution_results/torch.storage.np.stack.results.json
torch.storage.np.stack,valid_mutation,valid_mutation,valid,arrays,value_neginf,differential_mismatch,DifferentialMismatch,success/exception mismatch between cpu and mps,stage4/results/torch-thesis-all-coverage/execution_results/torch.storage.np.stack.results.json
torch.storage.np.stack,negative_mutation,negative_mutation,negative,arrays,shape_expand,negative_accepted_not_bug,,,stage4/results/torch-thesis-all-coverage/execution_results/torch.storage.np.stack.results.json
torch.storage.np.stack,negative_mutation,negative_mutation,negative,arrays,dtype_mutate,negative_accepted_not_bug,,,stage4/results/torch-thesis-all-coverage/execution_results/torch.storage.np.stack.results.json
torch.storage.np.transpose,base_execution,base_valid,valid,,,differential_mismatch,DifferentialMismatch,success/exception mismatch between cpu and mps,stage4/results/torch-thesis-all-coverage/execution_results/torch.storage.np.transpose.results.json
torch.storage.np.transpose,valid_mutation,valid_mutation,valid,a,value_nan,differential_mismatch,DifferentialMismatch,success/exception mismatch between cpu and mps,stage4/results/torch-thesis-all-coverage/execution_results/torch.storage.np.transpose.results.json
torch.storage.np.transpose,valid_mutation,valid_mutation,valid,a,value_noise,differential_mismatch,DifferentialMismatch,success/exception mismatch between cpu and mps,stage4/results/torch-thesis-all-coverage/execution_results/torch.storage.np.transpose.results.json
torch.storage.np.transpose,valid_mutation,valid_mutation,valid,a,value_mask,differential_mismatch,DifferentialMismatch,success/exception mismatch between cpu and mps,stage4/results/torch-thesis-all-coverage/execution_results/torch.storage.np.transpose.results.json
torch.storage.np.transpose,valid_mutation,valid_mutation,valid,a,value_posinf,differential_mismatch,DifferentialMismatch,success/exception mismatch between cpu and mps,stage4/results/torch-thesis-all-coverage/execution_results/torch.storage.np.transpose.results.json
torch.storage.np.transpose,valid_mutation,valid_mutation,valid,a,value_negzero,differential_mismatch,DifferentialMismatch,success/exception mismatch between cpu and mps,stage4/results/torch-thesis-all-coverage/execution_results/torch.storage.np.transpose.results.json
torch.storage.np.transpose,valid_mutation,valid_mutation,valid,a,value_neginf,differential_mismatch,DifferentialMismatch,success/exception mismatch between cpu and mps,stage4/results/torch-thesis-all-coverage/execution_results/torch.storage.np.transpose.results.json
torch.storage.np.transpose,valid_mutation,valid_mutation,valid,a,value_division,differential_mismatch,DifferentialMismatch,success/exception mismatch between cpu and mps,stage4/results/torch-thesis-all-coverage/execution_results/torch.storage.np.transpose.results.json
torch.storage.np.transpose,valid_mutation,valid_mutation,valid,a,value_large_magnitude,differential_mismatch,DifferentialMismatch,success/exception mismatch between cpu and mps,stage4/results/torch-thesis-all-coverage/execution_results/torch.storage.np.transpose.results.json
torch.storage.np.transpose,negative_mutation,negative_mutation,negative,a,shape_shrink,negative_accepted_not_bug,,,stage4/results/torch-thesis-all-coverage/execution_results/torch.storage.np.transpose.results.json
torch.storage.np.transpose,negative_mutation,negative_mutation,negative,a,dtype_mutate,negative_accepted_not_bug,,,stage4/results/torch-thesis-all-coverage/execution_results/torch.storage.np.transpose.results.json
torch.storage.np.tri,negative_mutation,negative_mutation,negative,N,type_widen,negative_accepted_not_bug,,,stage4/results/torch-thesis-all-coverage/execution_results/torch.storage.np.tri.results.json
torch.storage.np.tril,base_execution,base_valid,valid,,,differential_mismatch,DifferentialMismatch,success/exception mismatch between cpu and mps,stage4/results/torch-thesis-all-coverage/execution_results/torch.storage.np.tril.results.json
torch.storage.np.tril,valid_mutation,valid_mutation,valid,m,value_nan,differential_mismatch,DifferentialMismatch,success/exception mismatch between cpu and mps,stage4/results/torch-thesis-all-coverage/execution_results/torch.storage.np.tril.results.json
torch.storage.np.tril,valid_mutation,valid_mutation,valid,m,value_mask,differential_mismatch,DifferentialMismatch,success/exception mismatch between cpu and mps,stage4/results/torch-thesis-all-coverage/execution_results/torch.storage.np.tril.results.json
torch.storage.np.tril,valid_mutation,valid_mutation,valid,m,value_large_magnitude,differential_mismatch,DifferentialMismatch,success/exception mismatch between cpu and mps,stage4/results/torch-thesis-all-coverage/execution_results/torch.storage.np.tril.results.json
torch.storage.np.tril,valid_mutation,valid_mutation,valid,m,value_posinf,differential_mismatch,DifferentialMismatch,success/exception mismatch between cpu and mps,stage4/results/torch-thesis-all-coverage/execution_results/torch.storage.np.tril.results.json
torch.storage.np.tril,valid_mutation,valid_mutation,valid,m,value_division,differential_mismatch,DifferentialMismatch,success/exception mismatch between cpu and mps,stage4/results/torch-thesis-all-coverage/execution_results/torch.storage.np.tril.results.json
torch.storage.np.tril,valid_mutation,valid_mutation,valid,m,value_noise,differential_mismatch,DifferentialMismatch,success/exception mismatch between cpu and mps,stage4/results/torch-thesis-all-coverage/execution_results/torch.storage.np.tril.results.json
torch.storage.np.tril,valid_mutation,valid_mutation,valid,m,value_negzero,differential_mismatch,DifferentialMismatch,success/exception mismatch between cpu and mps,stage4/results/torch-thesis-all-coverage/execution_results/torch.storage.np.tril.results.json
torch.storage.np.tril,valid_mutation,valid_mutation,valid,m,value_neginf,differential_mismatch,DifferentialMismatch,success/exception mismatch between cpu and mps,stage4/results/torch-thesis-all-coverage/execution_results/torch.storage.np.tril.results.json
torch.storage.np.tril,negative_mutation,negative_mutation,negative,m,shape_expand,negative_accepted_not_bug,,,stage4/results/torch-thesis-all-coverage/execution_results/torch.storage.np.tril.results.json
torch.storage.np.tril,negative_mutation,negative_mutation,negative,m,dtype_mutate,negative_accepted_not_bug,,,stage4/results/torch-thesis-all-coverage/execution_results/torch.storage.np.tril.results.json
torch.storage.np.tril_indices,negative_mutation,negative_mutation,negative,n,type_widen,negative_accepted_not_bug,,,stage4/results/torch-thesis-all-coverage/execution_results/torch.storage.np.tril_indices.results.json
torch.storage.np.trim_zeros,base_execution,base_valid,valid,,,differential_mismatch,DifferentialMismatch,success/exception mismatch between cpu and mps,stage4/results/torch-thesis-all-coverage/execution_results/torch.storage.np.trim_zeros.results.json
torch.storage.np.trim_zeros,valid_mutation,valid_mutation,valid,filt,value_division,differential_mismatch,DifferentialMismatch,success/exception mismatch between cpu and mps,stage4/results/torch-thesis-all-coverage/execution_results/torch.storage.np.trim_zeros.results.json
torch.storage.np.trim_zeros,valid_mutation,valid_mutation,valid,filt,value_noise,differential_mismatch,DifferentialMismatch,success/exception mismatch between cpu and mps,stage4/results/torch-thesis-all-coverage/execution_results/torch.storage.np.trim_zeros.results.json
torch.storage.np.trim_zeros,valid_mutation,valid_mutation,valid,filt,value_mask,differential_mismatch,DifferentialMismatch,success/exception mismatch between cpu and mps,stage4/results/torch-thesis-all-coverage/execution_results/torch.storage.np.trim_zeros.results.json
torch.storage.np.trim_zeros,valid_mutation,valid_mutation,valid,filt,value_negzero,differential_mismatch,DifferentialMismatch,success/exception mismatch between cpu and mps,stage4/results/torch-thesis-all-coverage/execution_results/torch.storage.np.trim_zeros.results.json
torch.storage.np.trim_zeros,valid_mutation,valid_mutation,valid,filt,value_neginf,differential_mismatch,DifferentialMismatch,success/exception mismatch between cpu and mps,stage4/results/torch-thesis-all-coverage/execution_results/torch.storage.np.trim_zeros.results.json
torch.storage.np.trim_zeros,valid_mutation,valid_mutation,valid,filt,value_nan,differential_mismatch,DifferentialMismatch,success/exception mismatch between cpu and mps,stage4/results/torch-thesis-all-coverage/execution_results/torch.storage.np.trim_zeros.results.json
torch.storage.np.trim_zeros,valid_mutation,valid_mutation,valid,filt,value_large_magnitude,differential_mismatch,DifferentialMismatch,success/exception mismatch between cpu and mps,stage4/results/torch-thesis-all-coverage/execution_results/torch.storage.np.trim_zeros.results.json
torch.storage.np.trim_zeros,valid_mutation,valid_mutation,valid,filt,value_posinf,differential_mismatch,DifferentialMismatch,success/exception mismatch between cpu and mps,stage4/results/torch-thesis-all-coverage/execution_results/torch.storage.np.trim_zeros.results.json
torch.storage.np.trim_zeros,negative_mutation,negative_mutation,negative,filt,shape_shrink,negative_accepted_not_bug,,,stage4/results/torch-thesis-all-coverage/execution_results/torch.storage.np.trim_zeros.results.json
torch.storage.np.trim_zeros,negative_mutation,negative_mutation,negative,filt,dtype_mutate,negative_accepted_not_bug,,,stage4/results/torch-thesis-all-coverage/execution_results/torch.storage.np.trim_zeros.results.json
torch.storage.np.triu_indices,negative_mutation,negative_mutation,negative,n,type_widen,negative_accepted_not_bug,,,stage4/results/torch-thesis-all-coverage/execution_results/torch.storage.np.triu_indices.results.json
torch.storage.np.unwrap,base_execution,base_valid,valid,,,differential_mismatch,DifferentialMismatch,success/exception mismatch between cpu and mps,stage4/results/torch-thesis-all-coverage/execution_results/torch.storage.np.unwrap.results.json
torch.storage.np.unwrap,valid_mutation,valid_mutation,valid,p,value_neginf,differential_mismatch,DifferentialMismatch,success/exception mismatch between cpu and mps,stage4/results/torch-thesis-all-coverage/execution_results/torch.storage.np.unwrap.results.json
torch.storage.np.unwrap,valid_mutation,valid_mutation,valid,p,value_division,differential_mismatch,DifferentialMismatch,success/exception mismatch between cpu and mps,stage4/results/torch-thesis-all-coverage/execution_results/torch.storage.np.unwrap.results.json
torch.storage.np.unwrap,valid_mutation,valid_mutation,valid,p,value_large_magnitude,differential_mismatch,DifferentialMismatch,success/exception mismatch between cpu and mps,stage4/results/torch-thesis-all-coverage/execution_results/torch.storage.np.unwrap.results.json
torch.storage.np.unwrap,valid_mutation,valid_mutation,valid,p,value_mask,differential_mismatch,DifferentialMismatch,success/exception mismatch between cpu and mps,stage4/results/torch-thesis-all-coverage/execution_results/torch.storage.np.unwrap.results.json
torch.storage.np.unwrap,valid_mutation,valid_mutation,valid,p,value_noise,differential_mismatch,DifferentialMismatch,success/exception mismatch between cpu and mps,stage4/results/torch-thesis-all-coverage/execution_results/torch.storage.np.unwrap.results.json
torch.storage.np.unwrap,valid_mutation,valid_mutation,valid,p,value_nan,differential_mismatch,DifferentialMismatch,success/exception mismatch between cpu and mps,stage4/results/torch-thesis-all-coverage/execution_results/torch.storage.np.unwrap.results.json
torch.storage.np.unwrap,valid_mutation,valid_mutation,valid,p,value_posinf,differential_mismatch,DifferentialMismatch,success/exception mismatch between cpu and mps,stage4/results/torch-thesis-all-coverage/execution_results/torch.storage.np.unwrap.results.json
torch.storage.np.unwrap,valid_mutation,valid_mutation,valid,p,value_negzero,differential_mismatch,DifferentialMismatch,success/exception mismatch between cpu and mps,stage4/results/torch-thesis-all-coverage/execution_results/torch.storage.np.unwrap.results.json
torch.storage.np.unwrap,negative_mutation,negative_mutation,negative,p,shape_expand,negative_accepted_not_bug,,,stage4/results/torch-thesis-all-coverage/execution_results/torch.storage.np.unwrap.results.json
torch.storage.np.unwrap,negative_mutation,negative_mutation,negative,p,dtype_mutate,negative_accepted_not_bug,,,stage4/results/torch-thesis-all-coverage/execution_results/torch.storage.np.unwrap.results.json
torch.storage.np.vstack,base_execution,base_valid,valid,,,differential_mismatch,DifferentialMismatch,success/exception mismatch between cpu and mps,stage4/results/torch-thesis-all-coverage/execution_results/torch.storage.np.vstack.results.json
torch.storage.np.vstack,valid_mutation,valid_mutation,valid,tup,value_noise,differential_mismatch,DifferentialMismatch,success/exception mismatch between cpu and mps,stage4/results/torch-thesis-all-coverage/execution_results/torch.storage.np.vstack.results.json
torch.storage.np.vstack,valid_mutation,valid_mutation,valid,tup,value_neginf,differential_mismatch,DifferentialMismatch,success/exception mismatch between cpu and mps,stage4/results/torch-thesis-all-coverage/execution_results/torch.storage.np.vstack.results.json
torch.storage.np.vstack,valid_mutation,valid_mutation,valid,tup,value_negzero,differential_mismatch,DifferentialMismatch,success/exception mismatch between cpu and mps,stage4/results/torch-thesis-all-coverage/execution_results/torch.storage.np.vstack.results.json
torch.storage.np.vstack,valid_mutation,valid_mutation,valid,tup,value_nan,differential_mismatch,DifferentialMismatch,success/exception mismatch between cpu and mps,stage4/results/torch-thesis-all-coverage/execution_results/torch.storage.np.vstack.results.json
torch.storage.np.vstack,valid_mutation,valid_mutation,valid,tup,value_posinf,differential_mismatch,DifferentialMismatch,success/exception mismatch between cpu and mps,stage4/results/torch-thesis-all-coverage/execution_results/torch.storage.np.vstack.results.json
torch.storage.np.vstack,valid_mutation,valid_mutation,valid,tup,value_division,differential_mismatch,DifferentialMismatch,success/exception mismatch between cpu and mps,stage4/results/torch-thesis-all-coverage/execution_results/torch.storage.np.vstack.results.json
torch.storage.np.vstack,valid_mutation,valid_mutation,valid,tup,value_mask,differential_mismatch,DifferentialMismatch,success/exception mismatch between cpu and mps,stage4/results/torch-thesis-all-coverage/execution_results/torch.storage.np.vstack.results.json
torch.storage.np.vstack,valid_mutation,valid_mutation,valid,tup,value_large_magnitude,differential_mismatch,DifferentialMismatch,success/exception mismatch between cpu and mps,stage4/results/torch-thesis-all-coverage/execution_results/torch.storage.np.vstack.results.json
torch.storage.np.vstack,negative_mutation,negative_mutation,negative,tup,shape_expand,negative_accepted_not_bug,,,stage4/results/torch-thesis-all-coverage/execution_results/torch.storage.np.vstack.results.json
torch.storage.np.vstack,negative_mutation,negative_mutation,negative,tup,dtype_mutate,negative_accepted_not_bug,,,stage4/results/torch-thesis-all-coverage/execution_results/torch.storage.np.vstack.results.json
torch.storage.np.zeros,negative_mutation,negative_mutation,negative,shape,structure_shrink,negative_accepted_not_bug,,,stage4/results/torch-thesis-all-coverage/execution_results/torch.storage.np.zeros.results.json
torch.storage.np.zeros_like,base_execution,base_valid,valid,,,differential_mismatch,DifferentialMismatch,success/exception mismatch between cpu and mps,stage4/results/torch-thesis-all-coverage/execution_results/torch.storage.np.zeros_like.results.json
torch.storage.np.zeros_like,valid_mutation,valid_mutation,valid,a,value_noise,differential_mismatch,DifferentialMismatch,success/exception mismatch between cpu and mps,stage4/results/torch-thesis-all-coverage/execution_results/torch.storage.np.zeros_like.results.json
torch.storage.np.zeros_like,valid_mutation,valid_mutation,valid,a,value_division,differential_mismatch,DifferentialMismatch,success/exception mismatch between cpu and mps,stage4/results/torch-thesis-all-coverage/execution_results/torch.storage.np.zeros_like.results.json
torch.storage.np.zeros_like,valid_mutation,valid_mutation,valid,a,value_neginf,differential_mismatch,DifferentialMismatch,success/exception mismatch between cpu and mps,stage4/results/torch-thesis-all-coverage/execution_results/torch.storage.np.zeros_like.results.json
torch.storage.np.zeros_like,valid_mutation,valid_mutation,valid,a,value_negzero,differential_mismatch,DifferentialMismatch,success/exception mismatch between cpu and mps,stage4/results/torch-thesis-all-coverage/execution_results/torch.storage.np.zeros_like.results.json
torch.storage.np.zeros_like,valid_mutation,valid_mutation,valid,a,value_nan,differential_mismatch,DifferentialMismatch,success/exception mismatch between cpu and mps,stage4/results/torch-thesis-all-coverage/execution_results/torch.storage.np.zeros_like.results.json
torch.storage.np.zeros_like,valid_mutation,valid_mutation,valid,a,value_posinf,differential_mismatch,DifferentialMismatch,success/exception mismatch between cpu and mps,stage4/results/torch-thesis-all-coverage/execution_results/torch.storage.np.zeros_like.results.json
torch.storage.np.zeros_like,valid_mutation,valid_mutation,valid,a,value_large_magnitude,differential_mismatch,DifferentialMismatch,success/exception mismatch between cpu and mps,stage4/results/torch-thesis-all-coverage/execution_results/torch.storage.np.zeros_like.results.json
torch.storage.np.zeros_like,valid_mutation,valid_mutation,valid,a,value_mask,differential_mismatch,DifferentialMismatch,success/exception mismatch between cpu and mps,stage4/results/torch-thesis-all-coverage/execution_results/torch.storage.np.zeros_like.results.json
torch.storage.np.zeros_like,negative_mutation,negative_mutation,negative,a,shape_expand,negative_accepted_not_bug,,,stage4/results/torch-thesis-all-coverage/execution_results/torch.storage.np.zeros_like.results.json
torch.storage.np.zeros_like,negative_mutation,negative_mutation,negative,a,dtype_mutate,negative_accepted_not_bug,,,stage4/results/torch-thesis-all-coverage/execution_results/torch.storage.np.zeros_like.results.json
torch.windows.bartlett,negative_mutation,negative_mutation,negative,M,type_widen,negative_accepted_not_bug,,,stage4/results/torch-thesis-all-coverage/execution_results/torch.windows.bartlett.results.json
torch.windows.blackman,negative_mutation,negative_mutation,negative,M,type_widen,negative_accepted_not_bug,,,stage4/results/torch-thesis-all-coverage/execution_results/torch.windows.blackman.results.json
torch.windows.cosine,negative_mutation,negative_mutation,negative,M,type_widen,expected_negative_rejection,TypeError,"linspace() received an invalid combination of arguments - got (requires_grad=bool, device=NoneType, end=float, layout=torch.layout, dtype=torch.dtype, steps=float, start=float, ), but expected one of:
 * (Tensor start, Tensor end, int steps, *, Tensor out = None, torch.dtype dtype = None, torch.layout layout = None, torch.device device = None, bool pin_memory = False, bool requires_grad = False)
 * (Number start, Tensor end, int steps, *, Tensor out = None, torch.dtype dtype = None, torch.layout layout = None, torch.device device = None, bool pin_memory = False, bool requires_grad = False)
 * (Tensor start, Number end, int steps, *, Tensor out = None, torch.dtype dtype = None, torch.layout layout = None, torch.device device = None, bool pin_memory = False, bool requires_grad = False)
 * (Number start, Number end, int steps, *, Tensor out = None, torch.dtype dtype = None, torch.layout layout = None, torch.device device = None, bool pin_memory = False, bool requires_grad = False)
",stage4/results/torch-thesis-all-coverage/execution_results/torch.windows.cosine.results.json
torch.windows.exponential,negative_mutation,negative_mutation,negative,M,type_widen,expected_negative_rejection,TypeError,"linspace() received an invalid combination of arguments - got (requires_grad=bool, device=NoneType, end=float, layout=torch.layout, dtype=torch.dtype, steps=float, start=float, ), but expected one of:
 * (Tensor start, Tensor end, int steps, *, Tensor out = None, torch.dtype dtype = None, torch.layout layout = None, torch.device device = None, bool pin_memory = False, bool requires_grad = False)
 * (Number start, Tensor end, int steps, *, Tensor out = None, torch.dtype dtype = None, torch.layout layout = None, torch.device device = None, bool pin_memory = False, bool requires_grad = False)
 * (Tensor start, Number end, int steps, *, Tensor out = None, torch.dtype dtype = None, torch.layout layout = None, torch.device device = None, bool pin_memory = False, bool requires_grad = False)
 * (Number start, Number end, int steps, *, Tensor out = None, torch.dtype dtype = None, torch.layout layout = None, torch.device device = None, bool pin_memory = False, bool requires_grad = False)
",stage4/results/torch-thesis-all-coverage/execution_results/torch.windows.exponential.results.json
torch.windows.gaussian,negative_mutation,negative_mutation,negative,M,type_widen,expected_negative_rejection,TypeError,"linspace() received an invalid combination of arguments - got (requires_grad=bool, device=NoneType, end=float, layout=torch.layout, dtype=torch.dtype, steps=float, start=float, ), but expected one of:
 * (Tensor start, Tensor end, int steps, *, Tensor out = None, torch.dtype dtype = None, torch.layout layout = None, torch.device device = None, bool pin_memory = False, bool requires_grad = False)
 * (Number start, Tensor end, int steps, *, Tensor out = None, torch.dtype dtype = None, torch.layout layout = None, torch.device device = None, bool pin_memory = False, bool requires_grad = False)
 * (Tensor start, Number end, int steps, *, Tensor out = None, torch.dtype dtype = None, torch.layout layout = None, torch.device device = None, bool pin_memory = False, bool requires_grad = False)
 * (Number start, Number end, int steps, *, Tensor out = None, torch.dtype dtype = None, torch.layout layout = None, torch.device device = None, bool pin_memory = False, bool requires_grad = False)
",stage4/results/torch-thesis-all-coverage/execution_results/torch.windows.gaussian.results.json
torch.windows.general_hamming,negative_mutation,negative_mutation,negative,M,type_widen,negative_accepted_not_bug,,,stage4/results/torch-thesis-all-coverage/execution_results/torch.windows.general_hamming.results.json
torch.windows.hamming,negative_mutation,negative_mutation,negative,M,type_widen,negative_accepted_not_bug,,,stage4/results/torch-thesis-all-coverage/execution_results/torch.windows.hamming.results.json
torch.windows.hann,negative_mutation,negative_mutation,negative,M,type_widen,negative_accepted_not_bug,,,stage4/results/torch-thesis-all-coverage/execution_results/torch.windows.hann.results.json
torch.windows.kaiser,negative_mutation,negative_mutation,negative,M,type_widen,negative_accepted_not_bug,,,stage4/results/torch-thesis-all-coverage/execution_results/torch.windows.kaiser.results.json
torch.windows.nuttall,negative_mutation,negative_mutation,negative,M,type_widen,negative_accepted_not_bug,,,stage4/results/torch-thesis-all-coverage/execution_results/torch.windows.nuttall.results.json
torch.windows.windows.bartlett,negative_mutation,negative_mutation,negative,M,type_widen,negative_accepted_not_bug,,,stage4/results/torch-thesis-all-coverage/execution_results/torch.windows.windows.bartlett.results.json
torch.windows.windows.blackman,negative_mutation,negative_mutation,negative,M,type_widen,negative_accepted_not_bug,,,stage4/results/torch-thesis-all-coverage/execution_results/torch.windows.windows.blackman.results.json
torch.windows.windows.cosine,negative_mutation,negative_mutation,negative,M,type_widen,expected_negative_rejection,TypeError,"linspace() received an invalid combination of arguments - got (requires_grad=bool, device=NoneType, end=float, layout=torch.layout, dtype=torch.dtype, steps=float, start=float, ), but expected one of:
 * (Tensor start, Tensor end, int steps, *, Tensor out = None, torch.dtype dtype = None, torch.layout layout = None, torch.device device = None, bool pin_memory = False, bool requires_grad = False)
 * (Number start, Tensor end, int steps, *, Tensor out = None, torch.dtype dtype = None, torch.layout layout = None, torch.device device = None, bool pin_memory = False, bool requires_grad = False)
 * (Tensor start, Number end, int steps, *, Tensor out = None, torch.dtype dtype = None, torch.layout layout = None, torch.device device = None, bool pin_memory = False, bool requires_grad = False)
 * (Number start, Number end, int steps, *, Tensor out = None, torch.dtype dtype = None, torch.layout layout = None, torch.device device = None, bool pin_memory = False, bool requires_grad = False)
",stage4/results/torch-thesis-all-coverage/execution_results/torch.windows.windows.cosine.results.json
torch.windows.windows.exponential,negative_mutation,negative_mutation,negative,M,type_widen,expected_negative_rejection,TypeError,"linspace() received an invalid combination of arguments - got (requires_grad=bool, device=NoneType, end=float, layout=torch.layout, dtype=torch.dtype, steps=float, start=float, ), but expected one of:
 * (Tensor start, Tensor end, int steps, *, Tensor out = None, torch.dtype dtype = None, torch.layout layout = None, torch.device device = None, bool pin_memory = False, bool requires_grad = False)
 * (Number start, Tensor end, int steps, *, Tensor out = None, torch.dtype dtype = None, torch.layout layout = None, torch.device device = None, bool pin_memory = False, bool requires_grad = False)
 * (Tensor start, Number end, int steps, *, Tensor out = None, torch.dtype dtype = None, torch.layout layout = None, torch.device device = None, bool pin_memory = False, bool requires_grad = False)
 * (Number start, Number end, int steps, *, Tensor out = None, torch.dtype dtype = None, torch.layout layout = None, torch.device device = None, bool pin_memory = False, bool requires_grad = False)
",stage4/results/torch-thesis-all-coverage/execution_results/torch.windows.windows.exponential.results.json
torch.windows.windows.gaussian,negative_mutation,negative_mutation,negative,M,type_widen,expected_negative_rejection,TypeError,"linspace() received an invalid combination of arguments - got (requires_grad=bool, device=NoneType, end=float, layout=torch.layout, dtype=torch.dtype, steps=float, start=float, ), but expected one of:
 * (Tensor start, Tensor end, int steps, *, Tensor out = None, torch.dtype dtype = None, torch.layout layout = None, torch.device device = None, bool pin_memory = False, bool requires_grad = False)
 * (Number start, Tensor end, int steps, *, Tensor out = None, torch.dtype dtype = None, torch.layout layout = None, torch.device device = None, bool pin_memory = False, bool requires_grad = False)
 * (Tensor start, Number end, int steps, *, Tensor out = None, torch.dtype dtype = None, torch.layout layout = None, torch.device device = None, bool pin_memory = False, bool requires_grad = False)
 * (Number start, Number end, int steps, *, Tensor out = None, torch.dtype dtype = None, torch.layout layout = None, torch.device device = None, bool pin_memory = False, bool requires_grad = False)
",stage4/results/torch-thesis-all-coverage/execution_results/torch.windows.windows.gaussian.results.json
torch.windows.windows.general_hamming,negative_mutation,negative_mutation,negative,M,type_widen,negative_accepted_not_bug,,,stage4/results/torch-thesis-all-coverage/execution_results/torch.windows.windows.general_hamming.results.json
torch.windows.windows.hamming,negative_mutation,negative_mutation,negative,M,type_widen,negative_accepted_not_bug,,,stage4/results/torch-thesis-all-coverage/execution_results/torch.windows.windows.hamming.results.json
torch.windows.windows.hann,negative_mutation,negative_mutation,negative,M,type_widen,negative_accepted_not_bug,,,stage4/results/torch-thesis-all-coverage/execution_results/torch.windows.windows.hann.results.json
torch.windows.windows.kaiser,negative_mutation,negative_mutation,negative,M,type_widen,negative_accepted_not_bug,,,stage4/results/torch-thesis-all-coverage/execution_results/torch.windows.windows.kaiser.results.json
torch.windows.windows.nuttall,negative_mutation,negative_mutation,negative,M,type_widen,negative_accepted_not_bug,,,stage4/results/torch-thesis-all-coverage/execution_results/torch.windows.windows.nuttall.results.json
