api_full_name,coverage_scope,python_statement_percent,python_branch_percent,python_covered_lines,python_coverable_lines,native_line_percent,native_covered_lines,native_coverable_lines,native_branch_percent,native_function_percent,python_json_path,native_json_path,python_export_error,native_export_error,worker_exit_code,worker_timeout,init_json_path,results_json_path
__CAMPAIGN__,campaign,0.17178086712817559,0.1898,479,287475,,,,,,stage4/results/tensorflow-thesis-all-coverage/coverage_reports/campaign/python/coverage.json,,,,,,,
tensorflow.acos,python,0.16177158825614016,0.1777,452,287475,,,,,,stage4/results/tensorflow-thesis-all-coverage/coverage_reports/per_api/python/tensorflow.acos/coverage.json,,,,0,False,json2init/results/tensorflow/tensorflow.acos.init.json,stage4/results/tensorflow-thesis-all-coverage/execution_results/tensorflow.acos.results.json
tensorflow.acosh,python,0.1574432514466113,0.174,439,287475,,,,,,stage4/results/tensorflow-thesis-all-coverage/coverage_reports/per_api/python/tensorflow.acosh/coverage.json,,,,0,False,json2init/results/tensorflow/tensorflow.acosh.init.json,stage4/results/tensorflow-thesis-all-coverage/execution_results/tensorflow.acosh.results.json
tensorflow.argmax,python,0.1531149146370825,0.1679,428,287475,,,,,,stage4/results/tensorflow-thesis-all-coverage/coverage_reports/per_api/python/tensorflow.argmax/coverage.json,,,,0,False,json2init/results/tensorflow/tensorflow.argmax.init.json,stage4/results/tensorflow-thesis-all-coverage/execution_results/tensorflow.argmax.results.json
tensorflow.argmin,python,0.15203283043470028,0.1655,426,287475,,,,,,stage4/results/tensorflow-thesis-all-coverage/coverage_reports/per_api/python/tensorflow.argmin/coverage.json,,,,0,False,json2init/results/tensorflow/tensorflow.argmin.init.json,stage4/results/tensorflow-thesis-all-coverage/execution_results/tensorflow.argmin.results.json
tensorflow.argsort,python,0.20965381421155288,0.2324,584,287475,,,,,,stage4/results/tensorflow-thesis-all-coverage/coverage_reports/per_api/python/tensorflow.argsort/coverage.json,,,,0,False,json2init/results/tensorflow/tensorflow.argsort.init.json,stage4/results/tensorflow-thesis-all-coverage/execution_results/tensorflow.argsort.results.json
tensorflow.as_dtype,python,0.10929050444060305,0.1107,313,287475,,,,,,stage4/results/tensorflow-thesis-all-coverage/coverage_reports/per_api/python/tensorflow.as_dtype/coverage.json,,,,0,False,json2init/results/tensorflow/tensorflow.as_dtype.init.json,stage4/results/tensorflow-thesis-all-coverage/execution_results/tensorflow.as_dtype.results.json
tensorflow.as_string,python,0.15095074623231808,0.1643,423,287475,,,,,,stage4/results/tensorflow-thesis-all-coverage/coverage_reports/per_api/python/tensorflow.as_string/coverage.json,,,,0,False,json2init/results/tensorflow/tensorflow.as_string.init.json,stage4/results/tensorflow-thesis-all-coverage/execution_results/tensorflow.as_string.results.json
tensorflow.atan2,python,0.18584796175914428,0.2105,514,287475,,,,,,stage4/results/tensorflow-thesis-all-coverage/coverage_reports/per_api/python/tensorflow.atan2/coverage.json,,,,0,False,json2init/results/tensorflow/tensorflow.atan2.init.json,stage4/results/tensorflow-thesis-all-coverage/execution_results/tensorflow.atan2.results.json
tensorflow.bitcast,python,0.1604189830031624,0.1764,448,287475,,,,,,stage4/results/tensorflow-thesis-all-coverage/coverage_reports/per_api/python/tensorflow.bitcast/coverage.json,,,,0,False,json2init/results/tensorflow/tensorflow.bitcast.init.json,stage4/results/tensorflow-thesis-all-coverage/execution_results/tensorflow.bitcast.results.json
tensorflow.boolean_mask,python,0.3208379660063248,0.3918,864,287475,,,,,,stage4/results/tensorflow-thesis-all-coverage/coverage_reports/per_api/python/tensorflow.boolean_mask/coverage.json,,,,0,False,json2init/results/tensorflow/tensorflow.boolean_mask.init.json,stage4/results/tensorflow-thesis-all-coverage/execution_results/tensorflow.boolean_mask.results.json
tensorflow.broadcast_dynamic_shape,python,0.16447679876209567,0.174,465,287475,,,,,,stage4/results/tensorflow-thesis-all-coverage/coverage_reports/per_api/python/tensorflow.broadcast_dynamic_shape/coverage.json,,,,0,False,json2init/results/tensorflow/tensorflow.broadcast_dynamic_shape.init.json,stage4/results/tensorflow-thesis-all-coverage/execution_results/tensorflow.broadcast_dynamic_shape.results.json
tensorflow.broadcast_to,python,0.19504567747939305,0.2166,543,287475,,,,,,stage4/results/tensorflow-thesis-all-coverage/coverage_reports/per_api/python/tensorflow.broadcast_to/coverage.json,,,,0,False,json2init/results/tensorflow/tensorflow.broadcast_to.init.json,stage4/results/tensorflow-thesis-all-coverage/execution_results/tensorflow.broadcast_to.results.json
tensorflow.cast,python,0.15338543568767804,0.1704,427,287475,,,,,,stage4/results/tensorflow-thesis-all-coverage/coverage_reports/per_api/python/tensorflow.cast/coverage.json,,,,0,False,json2init/results/tensorflow/tensorflow.cast.init.json,stage4/results/tensorflow-thesis-all-coverage/execution_results/tensorflow.cast.results.json
tensorflow.clip_by_global_norm,python,0.25970020857173,0.2847,726,287475,,,,,,stage4/results/tensorflow-thesis-all-coverage/coverage_reports/per_api/python/tensorflow.clip_by_global_norm/coverage.json,,,,0,False,json2init/results/tensorflow/tensorflow.clip_by_global_norm.init.json,stage4/results/tensorflow-thesis-all-coverage/execution_results/tensorflow.clip_by_global_norm.results.json
tensorflow.clip_by_norm,python,0.24130477713123247,0.2689,671,287475,,,,,,stage4/results/tensorflow-thesis-all-coverage/coverage_reports/per_api/python/tensorflow.clip_by_norm/coverage.json,,,,0,False,json2init/results/tensorflow/tensorflow.clip_by_norm.init.json,stage4/results/tensorflow-thesis-all-coverage/execution_results/tensorflow.clip_by_norm.results.json
tensorflow.clip_by_value,python,0.19666880378296636,0.2251,542,287475,,,,,,stage4/results/tensorflow-thesis-all-coverage/coverage_reports/per_api/python/tensorflow.clip_by_value/coverage.json,,,,0,False,json2init/results/tensorflow/tensorflow.clip_by_value.init.json,stage4/results/tensorflow-thesis-all-coverage/execution_results/tensorflow.clip_by_value.results.json
tensorflow.complex,python,0.16393575666090457,0.1825,456,287475,,,,,,stage4/results/tensorflow-thesis-all-coverage/coverage_reports/per_api/python/tensorflow.complex/coverage.json,,,,0,False,json2init/results/tensorflow/tensorflow.complex.init.json,stage4/results/tensorflow-thesis-all-coverage/execution_results/tensorflow.complex.results.json
tensorflow.concat,python,0.20397287214904627,0.2373,559,287475,,,,,,stage4/results/tensorflow-thesis-all-coverage/coverage_reports/per_api/python/tensorflow.concat/coverage.json,,,,0,False,json2init/results/tensorflow/tensorflow.concat.init.json,stage4/results/tensorflow-thesis-all-coverage/execution_results/tensorflow.concat.results.json
tensorflow.constant,python,0.12227551486918954,0.1278,347,287475,,,,,,stage4/results/tensorflow-thesis-all-coverage/coverage_reports/per_api/python/tensorflow.constant/coverage.json,,,,0,False,json2init/results/tensorflow/tensorflow.constant.init.json,stage4/results/tensorflow-thesis-all-coverage/execution_results/tensorflow.constant.results.json
tensorflow.cos,python,0.1574432514466113,0.174,439,287475,,,,,,stage4/results/tensorflow-thesis-all-coverage/coverage_reports/per_api/python/tensorflow.cos/coverage.json,,,,0,False,json2init/results/tensorflow/tensorflow.cos.init.json,stage4/results/tensorflow-thesis-all-coverage/execution_results/tensorflow.cos.results.json
tensorflow.cosh,python,0.1574432514466113,0.174,439,287475,,,,,,stage4/results/tensorflow-thesis-all-coverage/coverage_reports/per_api/python/tensorflow.cosh/coverage.json,,,,0,False,json2init/results/tensorflow/tensorflow.cosh.init.json,stage4/results/tensorflow-thesis-all-coverage/execution_results/tensorflow.cosh.results.json
tensorflow.divide,python,0.20992433526214843,0.2336,584,287475,,,,,,stage4/results/tensorflow-thesis-all-coverage/coverage_reports/per_api/python/tensorflow.divide/coverage.json,,,,0,False,json2init/results/tensorflow/tensorflow.divide.init.json,stage4/results/tensorflow-thesis-all-coverage/execution_results/tensorflow.divide.results.json
tensorflow.dtypes.as_dtype,python,0.11821769911025626,0.1107,346,287475,,,,,,stage4/results/tensorflow-thesis-all-coverage/coverage_reports/per_api/python/tensorflow.dtypes.as_dtype/coverage.json,,,,0,False,json2init/results/tensorflow/tensorflow.dtypes.as_dtype.init.json,stage4/results/tensorflow-thesis-all-coverage/execution_results/tensorflow.dtypes.as_dtype.results.json
tensorflow.dtypes.cast,python,0.16231263035733126,0.1704,460,287475,,,,,,stage4/results/tensorflow-thesis-all-coverage/coverage_reports/per_api/python/tensorflow.dtypes.cast/coverage.json,,,,0,False,json2init/results/tensorflow/tensorflow.dtypes.cast.init.json,stage4/results/tensorflow-thesis-all-coverage/execution_results/tensorflow.dtypes.cast.results.json
tensorflow.dtypes.complex,python,0.1728629513305578,0.1825,489,287475,,,,,,stage4/results/tensorflow-thesis-all-coverage/coverage_reports/per_api/python/tensorflow.dtypes.complex/coverage.json,,,,0,False,json2init/results/tensorflow/tensorflow.dtypes.complex.init.json,stage4/results/tensorflow-thesis-all-coverage/execution_results/tensorflow.dtypes.complex.results.json
tensorflow.dtypes.saturate_cast,python,0.2066780826550018,0.2239,580,287475,,,,,,stage4/results/tensorflow-thesis-all-coverage/coverage_reports/per_api/python/tensorflow.dtypes.saturate_cast/coverage.json,,,,0,False,json2init/results/tensorflow/tensorflow.dtypes.saturate_cast.init.json,stage4/results/tensorflow-thesis-all-coverage/execution_results/tensorflow.dtypes.saturate_cast.results.json
tensorflow.ensure_shape,python,0.20207922479487742,0.2251,562,287475,,,,,,stage4/results/tensorflow-thesis-all-coverage/coverage_reports/per_api/python/tensorflow.ensure_shape/coverage.json,,,,0,False,json2init/results/tensorflow/tensorflow.ensure_shape.init.json,stage4/results/tensorflow-thesis-all-coverage/execution_results/tensorflow.ensure_shape.results.json
tensorflow.equal,python,0.18638900386033538,0.2117,515,287475,,,,,,stage4/results/tensorflow-thesis-all-coverage/coverage_reports/per_api/python/tensorflow.equal/coverage.json,,,,0,False,json2init/results/tensorflow/tensorflow.equal.init.json,stage4/results/tensorflow-thesis-all-coverage/execution_results/tensorflow.equal.results.json
tensorflow.exp,python,0.16177158825614016,0.1777,452,287475,,,,,,stage4/results/tensorflow-thesis-all-coverage/coverage_reports/per_api/python/tensorflow.exp/coverage.json,,,,0,False,json2init/results/tensorflow/tensorflow.exp.init.json,stage4/results/tensorflow-thesis-all-coverage/execution_results/tensorflow.exp.results.json
tensorflow.fill,python,0.1688051355716245,0.1874,470,287475,,,,,,stage4/results/tensorflow-thesis-all-coverage/coverage_reports/per_api/python/tensorflow.fill/coverage.json,,,,0,False,json2init/results/tensorflow/tensorflow.fill.init.json,stage4/results/tensorflow-thesis-all-coverage/execution_results/tensorflow.fill.results.json
tensorflow.fingerprint,python,0.18963525646748203,0.2117,527,287475,,,,,,stage4/results/tensorflow-thesis-all-coverage/coverage_reports/per_api/python/tensorflow.fingerprint/coverage.json,,,,0,False,json2init/results/tensorflow/tensorflow.fingerprint.init.json,stage4/results/tensorflow-thesis-all-coverage/execution_results/tensorflow.fingerprint.results.json
tensorflow.floor,python,0.16177158825614016,0.1777,452,287475,,,,,,stage4/results/tensorflow-thesis-all-coverage/coverage_reports/per_api/python/tensorflow.floor/coverage.json,,,,0,False,json2init/results/tensorflow/tensorflow.floor.init.json,stage4/results/tensorflow-thesis-all-coverage/execution_results/tensorflow.floor.results.json
tensorflow.gather,python,0.20776016685738402,0.2312,578,287475,,,,,,stage4/results/tensorflow-thesis-all-coverage/coverage_reports/per_api/python/tensorflow.gather/coverage.json,,,,0,False,json2init/results/tensorflow/tensorflow.gather.init.json,stage4/results/tensorflow-thesis-all-coverage/execution_results/tensorflow.gather.results.json
tensorflow.greater,python,0.18584796175914428,0.2105,514,287475,,,,,,stage4/results/tensorflow-thesis-all-coverage/coverage_reports/per_api/python/tensorflow.greater/coverage.json,,,,0,False,json2init/results/tensorflow/tensorflow.greater.init.json,stage4/results/tensorflow-thesis-all-coverage/execution_results/tensorflow.greater.results.json
tensorflow.greater_equal,python,0.18584796175914428,0.2105,514,287475,,,,,,stage4/results/tensorflow-thesis-all-coverage/coverage_reports/per_api/python/tensorflow.greater_equal/coverage.json,,,,0,False,json2init/results/tensorflow/tensorflow.greater_equal.init.json,stage4/results/tensorflow-thesis-all-coverage/execution_results/tensorflow.greater_equal.results.json
tensorflow.histogram_fixed_width_bins,python,0.2886459609854541,0.3139,809,287475,,,,,,stage4/results/tensorflow-thesis-all-coverage/coverage_reports/per_api/python/tensorflow.histogram_fixed_width_bins/coverage.json,,,,0,False,json2init/results/tensorflow/tensorflow.histogram_fixed_width_bins.init.json,stage4/results/tensorflow-thesis-all-coverage/execution_results/tensorflow.histogram_fixed_width_bins.results.json
tensorflow.image.central_crop,python,0.24644467709254797,0.2677,691,287475,,,,,,stage4/results/tensorflow-thesis-all-coverage/coverage_reports/per_api/python/tensorflow.image.central_crop/coverage.json,,,,0,False,json2init/results/tensorflow/tensorflow.image.central_crop.init.json,stage4/results/tensorflow-thesis-all-coverage/execution_results/tensorflow.image.central_crop.results.json
tensorflow.image.decode_bmp,python,0.17773233024127771,0.1667,520,287475,,,,,,stage4/results/tensorflow-thesis-all-coverage/coverage_reports/per_api/python/tensorflow.image.decode_bmp/coverage.json,,,,0,False,json2init/results/tensorflow/tensorflow.image.decode_bmp.init.json,stage4/results/tensorflow-thesis-all-coverage/execution_results/tensorflow.image.decode_bmp.results.json
tensorflow.image.decode_gif,python,0.17583868288710885,0.1643,515,287475,,,,,,stage4/results/tensorflow-thesis-all-coverage/coverage_reports/per_api/python/tensorflow.image.decode_gif/coverage.json,,,,0,False,json2init/results/tensorflow/tensorflow.image.decode_gif.init.json,stage4/results/tensorflow-thesis-all-coverage/execution_results/tensorflow.image.decode_gif.results.json
tensorflow.image.decode_image,python,0.18882369331569537,0.1801,550,287475,,,,,,stage4/results/tensorflow-thesis-all-coverage/coverage_reports/per_api/python/tensorflow.image.decode_image/coverage.json,,,,0,False,json2init/results/tensorflow/tensorflow.image.decode_image.init.json,stage4/results/tensorflow-thesis-all-coverage/execution_results/tensorflow.image.decode_image.results.json
tensorflow.image.decode_jxl,python,0.1796259775954466,0.1679,526,287475,,,,,,stage4/results/tensorflow-thesis-all-coverage/coverage_reports/per_api/python/tensorflow.image.decode_jxl/coverage.json,,,,0,False,json2init/results/tensorflow/tensorflow.image.decode_jxl.init.json,stage4/results/tensorflow-thesis-all-coverage/execution_results/tensorflow.image.decode_jxl.results.json
tensorflow.image.decode_png,python,0.1796259775954466,0.1679,526,287475,,,,,,stage4/results/tensorflow-thesis-all-coverage/coverage_reports/per_api/python/tensorflow.image.decode_png/coverage.json,,,,0,False,json2init/results/tensorflow/tensorflow.image.decode_png.init.json,stage4/results/tensorflow-thesis-all-coverage/execution_results/tensorflow.image.decode_png.results.json
tensorflow.image.decode_webp,python,0.1796259775954466,0.1679,526,287475,,,,,,stage4/results/tensorflow-thesis-all-coverage/coverage_reports/per_api/python/tensorflow.image.decode_webp/coverage.json,,,,0,False,json2init/results/tensorflow/tensorflow.image.decode_webp.init.json,stage4/results/tensorflow-thesis-all-coverage/execution_results/tensorflow.image.decode_webp.results.json
tensorflow.image.encode_jpeg,python,0.20343183004785517,0.2056,583,287475,,,,,,stage4/results/tensorflow-thesis-all-coverage/coverage_reports/per_api/python/tensorflow.image.encode_jpeg/coverage.json,,,,0,False,json2init/results/tensorflow/tensorflow.image.encode_jpeg.init.json,stage4/results/tensorflow-thesis-all-coverage/execution_results/tensorflow.image.encode_jpeg.results.json
tensorflow.image.encode_png,python,0.20424339319964183,0.2069,585,287475,,,,,,stage4/results/tensorflow-thesis-all-coverage/coverage_reports/per_api/python/tensorflow.image.encode_png/coverage.json,,,,0,False,json2init/results/tensorflow/tensorflow.image.encode_png.init.json,stage4/results/tensorflow-thesis-all-coverage/execution_results/tensorflow.image.encode_png.results.json
tensorflow.image.flip_left_right,python,0.22290934569073492,0.23,635,287475,,,,,,stage4/results/tensorflow-thesis-all-coverage/coverage_reports/per_api/python/tensorflow.image.flip_left_right/coverage.json,,,,0,False,json2init/results/tensorflow/tensorflow.image.flip_left_right.init.json,stage4/results/tensorflow-thesis-all-coverage/execution_results/tensorflow.image.flip_left_right.results.json
tensorflow.image.flip_up_down,python,0.22290934569073492,0.23,635,287475,,,,,,stage4/results/tensorflow-thesis-all-coverage/coverage_reports/per_api/python/tensorflow.image.flip_up_down/coverage.json,,,,0,False,json2init/results/tensorflow/tensorflow.image.flip_up_down.init.json,stage4/results/tensorflow-thesis-all-coverage/execution_results/tensorflow.image.flip_up_down.results.json
tensorflow.image.image_gradients,python,0.2864817925806897,0.3115,803,287475,,,,,,stage4/results/tensorflow-thesis-all-coverage/coverage_reports/per_api/python/tensorflow.image.image_gradients/coverage.json,,,,0,False,json2init/results/tensorflow/tensorflow.image.image_gradients.init.json,stage4/results/tensorflow-thesis-all-coverage/execution_results/tensorflow.image.image_gradients.results.json
tensorflow.image.is_jpeg,python,0.20343183004785517,0.2044,584,287475,,,,,,stage4/results/tensorflow-thesis-all-coverage/coverage_reports/per_api/python/tensorflow.image.is_jpeg/coverage.json,,,,0,False,json2init/results/tensorflow/tensorflow.image.is_jpeg.init.json,stage4/results/tensorflow-thesis-all-coverage/execution_results/tensorflow.image.is_jpeg.results.json
tensorflow.image.per_image_standardization,python,0.29595002935153397,0.3042,844,287475,,,,,,stage4/results/tensorflow-thesis-all-coverage/coverage_reports/per_api/python/tensorflow.image.per_image_standardization/coverage.json,,,,0,False,json2init/results/tensorflow/tensorflow.image.per_image_standardization.init.json,stage4/results/tensorflow-thesis-all-coverage/execution_results/tensorflow.image.per_image_standardization.results.json
tensorflow.image.random_flip_left_right,python,0.3167801502473915,0.3371,894,287475,,,,,,stage4/results/tensorflow-thesis-all-coverage/coverage_reports/per_api/python/tensorflow.image.random_flip_left_right/coverage.json,,,,0,False,json2init/results/tensorflow/tensorflow.image.random_flip_left_right.init.json,stage4/results/tensorflow-thesis-all-coverage/execution_results/tensorflow.image.random_flip_left_right.results.json
tensorflow.image.random_flip_up_down,python,0.3167801502473915,0.3371,894,287475,,,,,,stage4/results/tensorflow-thesis-all-coverage/coverage_reports/per_api/python/tensorflow.image.random_flip_up_down/coverage.json,,,,0,False,json2init/results/tensorflow/tensorflow.image.random_flip_up_down.init.json,stage4/results/tensorflow-thesis-all-coverage/execution_results/tensorflow.image.random_flip_up_down.results.json
tensorflow.image.rot90,python,0.29108065044081405,0.3164,816,287475,,,,,,stage4/results/tensorflow-thesis-all-coverage/coverage_reports/per_api/python/tensorflow.image.rot90/coverage.json,,,,0,False,json2init/results/tensorflow/tensorflow.image.rot90.init.json,stage4/results/tensorflow-thesis-all-coverage/execution_results/tensorflow.image.rot90.results.json
tensorflow.image.sample_distorted_bounding_box,python,0.18882369331569537,0.1789,551,287475,,,,,,stage4/results/tensorflow-thesis-all-coverage/coverage_reports/per_api/python/tensorflow.image.sample_distorted_bounding_box/coverage.json,,,,0,False,json2init/results/tensorflow/tensorflow.image.sample_distorted_bounding_box.init.json,stage4/results/tensorflow-thesis-all-coverage/execution_results/tensorflow.image.sample_distorted_bounding_box.results.json
tensorflow.image.sobel_edges,python,0.3178622344497737,0.3395,896,287475,,,,,,stage4/results/tensorflow-thesis-all-coverage/coverage_reports/per_api/python/tensorflow.image.sobel_edges/coverage.json,,,,0,False,json2init/results/tensorflow/tensorflow.image.sobel_edges.init.json,stage4/results/tensorflow-thesis-all-coverage/execution_results/tensorflow.image.sobel_edges.results.json
tensorflow.io.decode_bmp,python,0.16934617767281562,0.1667,489,287475,,,,,,stage4/results/tensorflow-thesis-all-coverage/coverage_reports/per_api/python/tensorflow.io.decode_bmp/coverage.json,,,,0,False,json2init/results/tensorflow/tensorflow.io.decode_bmp.init.json,stage4/results/tensorflow-thesis-all-coverage/execution_results/tensorflow.io.decode_bmp.results.json
tensorflow.io.decode_compressed,python,0.15771377249720686,0.1533,457,287475,,,,,,stage4/results/tensorflow-thesis-all-coverage/coverage_reports/per_api/python/tensorflow.io.decode_compressed/coverage.json,,,,0,False,json2init/results/tensorflow/tensorflow.io.decode_compressed.init.json,stage4/results/tensorflow-thesis-all-coverage/execution_results/tensorflow.io.decode_compressed.results.json
tensorflow.io.decode_gif,python,0.16745253031864674,0.1643,484,287475,,,,,,stage4/results/tensorflow-thesis-all-coverage/coverage_reports/per_api/python/tensorflow.io.decode_gif/coverage.json,,,,0,False,json2init/results/tensorflow/tensorflow.io.decode_gif.init.json,stage4/results/tensorflow-thesis-all-coverage/execution_results/tensorflow.io.decode_gif.results.json
tensorflow.io.decode_image,python,0.18043754074723325,0.1801,519,287475,,,,,,stage4/results/tensorflow-thesis-all-coverage/coverage_reports/per_api/python/tensorflow.io.decode_image/coverage.json,,,,0,False,json2init/results/tensorflow/tensorflow.io.decode_image.init.json,stage4/results/tensorflow-thesis-all-coverage/execution_results/tensorflow.io.decode_image.results.json
tensorflow.io.decode_jxl,python,0.17123982502698448,0.1679,495,287475,,,,,,stage4/results/tensorflow-thesis-all-coverage/coverage_reports/per_api/python/tensorflow.io.decode_jxl/coverage.json,,,,0,False,json2init/results/tensorflow/tensorflow.io.decode_jxl.init.json,stage4/results/tensorflow-thesis-all-coverage/execution_results/tensorflow.io.decode_jxl.results.json
tensorflow.io.decode_png,python,0.17123982502698448,0.1679,495,287475,,,,,,stage4/results/tensorflow-thesis-all-coverage/coverage_reports/per_api/python/tensorflow.io.decode_png/coverage.json,,,,0,False,json2init/results/tensorflow/tensorflow.io.decode_png.init.json,stage4/results/tensorflow-thesis-all-coverage/execution_results/tensorflow.io.decode_png.results.json
tensorflow.io.decode_raw,python,0.17123982502698448,0.1679,495,287475,,,,,,stage4/results/tensorflow-thesis-all-coverage/coverage_reports/per_api/python/tensorflow.io.decode_raw/coverage.json,,,,0,False,json2init/results/tensorflow/tensorflow.io.decode_raw.init.json,stage4/results/tensorflow-thesis-all-coverage/execution_results/tensorflow.io.decode_raw.results.json
tensorflow.io.decode_webp,python,0.17123982502698448,0.1679,495,287475,,,,,,stage4/results/tensorflow-thesis-all-coverage/coverage_reports/per_api/python/tensorflow.io.decode_webp/coverage.json,,,,0,False,json2init/results/tensorflow/tensorflow.io.decode_webp.init.json,stage4/results/tensorflow-thesis-all-coverage/execution_results/tensorflow.io.decode_webp.results.json
tensorflow.io.encode_base64,python,0.1625831514079268,0.1643,466,287475,,,,,,stage4/results/tensorflow-thesis-all-coverage/coverage_reports/per_api/python/tensorflow.io.encode_base64/coverage.json,,,,0,False,json2init/results/tensorflow/tensorflow.io.encode_base64.init.json,stage4/results/tensorflow-thesis-all-coverage/execution_results/tensorflow.io.encode_base64.results.json
tensorflow.io.encode_jpeg,python,0.19504567747939305,0.2056,552,287475,,,,,,stage4/results/tensorflow-thesis-all-coverage/coverage_reports/per_api/python/tensorflow.io.encode_jpeg/coverage.json,,,,0,False,json2init/results/tensorflow/tensorflow.io.encode_jpeg.init.json,stage4/results/tensorflow-thesis-all-coverage/execution_results/tensorflow.io.encode_jpeg.results.json
tensorflow.io.encode_png,python,0.1958572406311797,0.2069,554,287475,,,,,,stage4/results/tensorflow-thesis-all-coverage/coverage_reports/per_api/python/tensorflow.io.encode_png/coverage.json,,,,0,False,json2init/results/tensorflow/tensorflow.io.encode_png.init.json,stage4/results/tensorflow-thesis-all-coverage/execution_results/tensorflow.io.encode_png.results.json
tensorflow.io.gfile.glob,python,0.12416916222335841,0.1095,369,287475,,,,,,stage4/results/tensorflow-thesis-all-coverage/coverage_reports/per_api/python/tensorflow.io.gfile.glob/coverage.json,,,,0,False,json2init/results/tensorflow/tensorflow.io.gfile.glob.init.json,stage4/results/tensorflow-thesis-all-coverage/execution_results/tensorflow.io.gfile.glob.results.json
tensorflow.io.is_jpeg,python,0.19504567747939305,0.2044,553,287475,,,,,,stage4/results/tensorflow-thesis-all-coverage/coverage_reports/per_api/python/tensorflow.io.is_jpeg/coverage.json,,,,0,False,json2init/results/tensorflow/tensorflow.io.is_jpeg.init.json,stage4/results/tensorflow-thesis-all-coverage/execution_results/tensorflow.io.is_jpeg.results.json
tensorflow.io.matching_files,python,0.16339471455971347,0.1606,472,287475,,,,,,stage4/results/tensorflow-thesis-all-coverage/coverage_reports/per_api/python/tensorflow.io.matching_files/coverage.json,,,,0,False,json2init/results/tensorflow/tensorflow.io.matching_files.init.json,stage4/results/tensorflow-thesis-all-coverage/execution_results/tensorflow.io.matching_files.results.json
tensorflow.io.parse_tensor,python,0.1174061359584696,0.118,337,287475,,,,,,stage4/results/tensorflow-thesis-all-coverage/coverage_reports/per_api/python/tensorflow.io.parse_tensor/coverage.json,,,,0,False,json2init/results/tensorflow/tensorflow.io.parse_tensor.init.json,stage4/results/tensorflow-thesis-all-coverage/execution_results/tensorflow.io.parse_tensor.results.json
tensorflow.is_symbolic_tensor,python,0.18422483545557097,0.2093,509,287475,,,,,,stage4/results/tensorflow-thesis-all-coverage/coverage_reports/per_api/python/tensorflow.is_symbolic_tensor/coverage.json,,,,0,False,json2init/results/tensorflow/tensorflow.is_symbolic_tensor.init.json,stage4/results/tensorflow-thesis-all-coverage/execution_results/tensorflow.is_symbolic_tensor.results.json
tensorflow.keras.activations.relu,python,0.18584796175914428,0.2105,514,287475,,,,,,stage4/results/tensorflow-thesis-all-coverage/coverage_reports/per_api/python/tensorflow.keras.activations.relu/coverage.json,,,,0,False,json2init/results/tensorflow/tensorflow.keras.activations.relu.init.json,stage4/results/tensorflow-thesis-all-coverage/execution_results/tensorflow.keras.activations.relu.results.json
tensorflow.keras.activations.sparsemax,python,0.28431762417592527,0.3115,795,287475,,,,,,stage4/results/tensorflow-thesis-all-coverage/coverage_reports/per_api/python/tensorflow.keras.activations.sparsemax/coverage.json,,,,0,False,json2init/results/tensorflow/tensorflow.keras.activations.sparsemax.init.json,stage4/results/tensorflow-thesis-all-coverage/execution_results/tensorflow.keras.activations.sparsemax.results.json
tensorflow.keras.datasets.imdb.load_data,python,0.10577373078286087,0.1059,304,287475,,,,,,stage4/results/tensorflow-thesis-all-coverage/coverage_reports/per_api/python/tensorflow.keras.datasets.imdb.load_data/coverage.json,,,,0,False,json2init/results/tensorflow/tensorflow.keras.datasets.imdb.load_data.init.json,stage4/results/tensorflow-thesis-all-coverage/execution_results/tensorflow.keras.datasets.imdb.load_data.results.json
tensorflow.keras.losses.KLD,python,0.20505495635142848,0.219,578,287475,,,,,,stage4/results/tensorflow-thesis-all-coverage/coverage_reports/per_api/python/tensorflow.keras.losses.KLD/coverage.json,,,,0,False,json2init/results/tensorflow/tensorflow.keras.losses.KLD.init.json,stage4/results/tensorflow-thesis-all-coverage/execution_results/tensorflow.keras.losses.KLD.results.json
tensorflow.keras.losses.MAE,python,0.18503639860735763,0.1983,521,287475,,,,,,stage4/results/tensorflow-thesis-all-coverage/coverage_reports/per_api/python/tensorflow.keras.losses.MAE/coverage.json,,,,-9,True,json2init/results/tensorflow/tensorflow.keras.losses.MAE.init.json,stage4/results/tensorflow-thesis-all-coverage/execution_results/tensorflow.keras.losses.MAE.results.json
tensorflow.keras.losses.MSE,python,0.16934617767281562,0.185,474,287475,,,,,,stage4/results/tensorflow-thesis-all-coverage/coverage_reports/per_api/python/tensorflow.keras.losses.MSE/coverage.json,,,,0,False,json2init/results/tensorflow/tensorflow.keras.losses.MSE.init.json,stage4/results/tensorflow-thesis-all-coverage/execution_results/tensorflow.keras.losses.MSE.results.json
tensorflow.keras.losses.binary_crossentropy,python,0.19802140903594412,0.2178,553,287475,,,,,,stage4/results/tensorflow-thesis-all-coverage/coverage_reports/per_api/python/tensorflow.keras.losses.binary_crossentropy/coverage.json,,,,0,False,json2init/results/tensorflow/tensorflow.keras.losses.binary_crossentropy.init.json,stage4/results/tensorflow-thesis-all-coverage/execution_results/tensorflow.keras.losses.binary_crossentropy.results.json
tensorflow.keras.losses.binary_focal_crossentropy,python,0.2004560984913041,0.219,561,287475,,,,,,stage4/results/tensorflow-thesis-all-coverage/coverage_reports/per_api/python/tensorflow.keras.losses.binary_focal_crossentropy/coverage.json,,,,0,False,json2init/results/tensorflow/tensorflow.keras.losses.binary_focal_crossentropy.init.json,stage4/results/tensorflow-thesis-all-coverage/execution_results/tensorflow.keras.losses.binary_focal_crossentropy.results.json
tensorflow.keras.losses.categorical_crossentropy,python,0.19748036693475302,0.2178,551,287475,,,,,,stage4/results/tensorflow-thesis-all-coverage/coverage_reports/per_api/python/tensorflow.keras.losses.categorical_crossentropy/coverage.json,,,,0,False,json2init/results/tensorflow/tensorflow.keras.losses.categorical_crossentropy.init.json,stage4/results/tensorflow-thesis-all-coverage/execution_results/tensorflow.keras.losses.categorical_crossentropy.results.json
tensorflow.keras.losses.categorical_focal_crossentropy,python,0.2174989246788239,0.2312,614,287475,,,,,,stage4/results/tensorflow-thesis-all-coverage/coverage_reports/per_api/python/tensorflow.keras.losses.categorical_focal_crossentropy/coverage.json,,,,0,False,json2init/results/tensorflow/tensorflow.keras.losses.categorical_focal_crossentropy.init.json,stage4/results/tensorflow-thesis-all-coverage/execution_results/tensorflow.keras.losses.categorical_focal_crossentropy.results.json
tensorflow.keras.losses.categorical_generalized_cross_entropy,python,0.2134411089198906,0.2373,594,287475,,,,,,stage4/results/tensorflow-thesis-all-coverage/coverage_reports/per_api/python/tensorflow.keras.losses.categorical_generalized_cross_entropy/coverage.json,,,,0,False,json2init/results/tensorflow/tensorflow.keras.losses.categorical_generalized_cross_entropy.init.json,stage4/results/tensorflow-thesis-all-coverage/execution_results/tensorflow.keras.losses.categorical_generalized_cross_entropy.results.json
tensorflow.keras.losses.categorical_hinge,python,0.2342712298157481,0.2519,659,287475,,,,,,stage4/results/tensorflow-thesis-all-coverage/coverage_reports/per_api/python/tensorflow.keras.losses.categorical_hinge/coverage.json,,,,0,False,json2init/results/tensorflow/tensorflow.keras.losses.categorical_hinge.init.json,stage4/results/tensorflow-thesis-all-coverage/execution_results/tensorflow.keras.losses.categorical_hinge.results.json
tensorflow.keras.losses.circle,python,0.30514774507178277,0.331,856,287475,,,,,,stage4/results/tensorflow-thesis-all-coverage/coverage_reports/per_api/python/tensorflow.keras.losses.circle/coverage.json,,,,0,False,json2init/results/tensorflow/tensorflow.keras.losses.circle.init.json,stage4/results/tensorflow-thesis-all-coverage/execution_results/tensorflow.keras.losses.circle.results.json
tensorflow.keras.losses.cosine_similarity,python,0.19098786172045978,0.202,540,287475,,,,,,stage4/results/tensorflow-thesis-all-coverage/coverage_reports/per_api/python/tensorflow.keras.losses.cosine_similarity/coverage.json,,,,0,False,json2init/results/tensorflow/tensorflow.keras.losses.cosine_similarity.init.json,stage4/results/tensorflow-thesis-all-coverage/execution_results/tensorflow.keras.losses.cosine_similarity.results.json
tensorflow.keras.losses.dice,python,0.20803068790797957,0.2263,583,287475,,,,,,stage4/results/tensorflow-thesis-all-coverage/coverage_reports/per_api/python/tensorflow.keras.losses.dice/coverage.json,,,,0,False,json2init/results/tensorflow/tensorflow.keras.losses.dice.init.json,stage4/results/tensorflow-thesis-all-coverage/execution_results/tensorflow.keras.losses.dice.results.json
tensorflow.keras.losses.hinge,python,0.20018557744070856,0.2227,557,287475,,,,,,stage4/results/tensorflow-thesis-all-coverage/coverage_reports/per_api/python/tensorflow.keras.losses.hinge/coverage.json,,,,0,False,json2init/results/tensorflow/tensorflow.keras.losses.hinge.init.json,stage4/results/tensorflow-thesis-all-coverage/execution_results/tensorflow.keras.losses.hinge.results.json
tensorflow.keras.losses.huber,python,0.1982919300865397,0.2105,560,287475,,,,,,stage4/results/tensorflow-thesis-all-coverage/coverage_reports/per_api/python/tensorflow.keras.losses.huber/coverage.json,,,,0,False,json2init/results/tensorflow/tensorflow.keras.losses.huber.init.json,stage4/results/tensorflow-thesis-all-coverage/execution_results/tensorflow.keras.losses.huber.results.json
tensorflow.keras.losses.kullback_leibler_divergence,python,0.20505495635142848,0.219,578,287475,,,,,,stage4/results/tensorflow-thesis-all-coverage/coverage_reports/per_api/python/tensorflow.keras.losses.kullback_leibler_divergence/coverage.json,,,,0,False,json2init/results/tensorflow/tensorflow.keras.losses.kullback_leibler_divergence.init.json,stage4/results/tensorflow-thesis-all-coverage/execution_results/tensorflow.keras.losses.kullback_leibler_divergence.results.json
tensorflow.keras.losses.logcosh,python,0.1807080617978288,0.1971,506,287475,,,,,,stage4/results/tensorflow-thesis-all-coverage/coverage_reports/per_api/python/tensorflow.keras.losses.logcosh/coverage.json,,,,0,False,json2init/results/tensorflow/tensorflow.keras.losses.logcosh.init.json,stage4/results/tensorflow-thesis-all-coverage/execution_results/tensorflow.keras.losses.logcosh.results.json
tensorflow.keras.losses.poisson,python,0.1915289038216509,0.2032,541,287475,,,,,,stage4/results/tensorflow-thesis-all-coverage/coverage_reports/per_api/python/tensorflow.keras.losses.poisson/coverage.json,,,,0,False,json2init/results/tensorflow/tensorflow.keras.losses.poisson.init.json,stage4/results/tensorflow-thesis-all-coverage/execution_results/tensorflow.keras.losses.poisson.results.json
tensorflow.keras.losses.squared_hinge,python,0.215605277324655,0.2336,605,287475,,,,,,stage4/results/tensorflow-thesis-all-coverage/coverage_reports/per_api/python/tensorflow.keras.losses.squared_hinge/coverage.json,,,,0,False,json2init/results/tensorflow/tensorflow.keras.losses.squared_hinge.init.json,stage4/results/tensorflow-thesis-all-coverage/execution_results/tensorflow.keras.losses.squared_hinge.results.json
tensorflow.keras.losses.tversky,python,0.20803068790797957,0.2263,583,287475,,,,,,stage4/results/tensorflow-thesis-all-coverage/coverage_reports/per_api/python/tensorflow.keras.losses.tversky/coverage.json,,,,0,False,json2init/results/tensorflow/tensorflow.keras.losses.tversky.init.json,stage4/results/tensorflow-thesis-all-coverage/execution_results/tensorflow.keras.losses.tversky.results.json
tensorflow.keras.metrics.KLD,python,0.1915289038216509,0.2093,536,287475,,,,,,stage4/results/tensorflow-thesis-all-coverage/coverage_reports/per_api/python/tensorflow.keras.metrics.KLD/coverage.json,,,,0,False,json2init/results/tensorflow/tensorflow.keras.metrics.KLD.init.json,stage4/results/tensorflow-thesis-all-coverage/execution_results/tensorflow.keras.metrics.KLD.results.json
tensorflow.keras.metrics.MAE,python,0.1728629513305578,0.1898,483,287475,,,,,,stage4/results/tensorflow-thesis-all-coverage/coverage_reports/per_api/python/tensorflow.keras.metrics.MAE/coverage.json,,,,0,False,json2init/results/tensorflow/tensorflow.keras.metrics.MAE.init.json,stage4/results/tensorflow-thesis-all-coverage/execution_results/tensorflow.keras.metrics.MAE.results.json
tensorflow.keras.metrics.MSE,python,0.18287223020259322,0.1947,516,287475,,,,,,stage4/results/tensorflow-thesis-all-coverage/coverage_reports/per_api/python/tensorflow.keras.metrics.MSE/coverage.json,,,,0,False,json2init/results/tensorflow/tensorflow.keras.metrics.MSE.init.json,stage4/results/tensorflow-thesis-all-coverage/execution_results/tensorflow.keras.metrics.MSE.results.json
tensorflow.keras.metrics.binary_crossentropy,python,0.19802140903594412,0.2178,553,287475,,,,,,stage4/results/tensorflow-thesis-all-coverage/coverage_reports/per_api/python/tensorflow.keras.metrics.binary_crossentropy/coverage.json,,,,0,False,json2init/results/tensorflow/tensorflow.keras.metrics.binary_crossentropy.init.json,stage4/results/tensorflow-thesis-all-coverage/execution_results/tensorflow.keras.metrics.binary_crossentropy.results.json
tensorflow.keras.metrics.binary_focal_crossentropy,python,0.2004560984913041,0.219,561,287475,,,,,,stage4/results/tensorflow-thesis-all-coverage/coverage_reports/per_api/python/tensorflow.keras.metrics.binary_focal_crossentropy/coverage.json,,,,0,False,json2init/results/tensorflow/tensorflow.keras.metrics.binary_focal_crossentropy.init.json,stage4/results/tensorflow-thesis-all-coverage/execution_results/tensorflow.keras.metrics.binary_focal_crossentropy.results.json
tensorflow.keras.metrics.categorical_crossentropy,python,0.19748036693475302,0.2178,551,287475,,,,,,stage4/results/tensorflow-thesis-all-coverage/coverage_reports/per_api/python/tensorflow.keras.metrics.categorical_crossentropy/coverage.json,,,,0,False,json2init/results/tensorflow/tensorflow.keras.metrics.categorical_crossentropy.init.json,stage4/results/tensorflow-thesis-all-coverage/execution_results/tensorflow.keras.metrics.categorical_crossentropy.results.json
tensorflow.keras.metrics.categorical_focal_crossentropy,python,0.20586651950321513,0.2251,576,287475,,,,,,stage4/results/tensorflow-thesis-all-coverage/coverage_reports/per_api/python/tensorflow.keras.metrics.categorical_focal_crossentropy/coverage.json,,,,0,False,json2init/results/tensorflow/tensorflow.keras.metrics.categorical_focal_crossentropy.init.json,stage4/results/tensorflow-thesis-all-coverage/execution_results/tensorflow.keras.metrics.categorical_focal_crossentropy.results.json
tensorflow.keras.metrics.categorical_hinge,python,0.2207451772859705,0.2421,617,287475,,,,,,stage4/results/tensorflow-thesis-all-coverage/coverage_reports/per_api/python/tensorflow.keras.metrics.categorical_hinge/coverage.json,,,,0,False,json2init/results/tensorflow/tensorflow.keras.metrics.categorical_hinge.init.json,stage4/results/tensorflow-thesis-all-coverage/execution_results/tensorflow.keras.metrics.categorical_hinge.results.json
tensorflow.keras.metrics.concordance_correlation,python,0.20884225105976623,0.2227,589,287475,,,,,,stage4/results/tensorflow-thesis-all-coverage/coverage_reports/per_api/python/tensorflow.keras.metrics.concordance_correlation/coverage.json,,,,0,False,json2init/results/tensorflow/tensorflow.keras.metrics.concordance_correlation.init.json,stage4/results/tensorflow-thesis-all-coverage/execution_results/tensorflow.keras.metrics.concordance_correlation.results.json
tensorflow.keras.metrics.hinge,python,0.21371162997048615,0.2324,599,287475,,,,,,stage4/results/tensorflow-thesis-all-coverage/coverage_reports/per_api/python/tensorflow.keras.metrics.hinge/coverage.json,,,,0,False,json2init/results/tensorflow/tensorflow.keras.metrics.hinge.init.json,stage4/results/tensorflow-thesis-all-coverage/execution_results/tensorflow.keras.metrics.hinge.results.json
tensorflow.keras.metrics.huber,python,0.1982919300865397,0.2105,560,287475,,,,,,stage4/results/tensorflow-thesis-all-coverage/coverage_reports/per_api/python/tensorflow.keras.metrics.huber/coverage.json,,,,0,False,json2init/results/tensorflow/tensorflow.keras.metrics.huber.init.json,stage4/results/tensorflow-thesis-all-coverage/execution_results/tensorflow.keras.metrics.huber.results.json
tensorflow.keras.metrics.kullback_leibler_divergence,python,0.20505495635142848,0.219,578,287475,,,,,,stage4/results/tensorflow-thesis-all-coverage/coverage_reports/per_api/python/tensorflow.keras.metrics.kullback_leibler_divergence/coverage.json,,,,0,False,json2init/results/tensorflow/tensorflow.keras.metrics.kullback_leibler_divergence.init.json,stage4/results/tensorflow-thesis-all-coverage/execution_results/tensorflow.keras.metrics.kullback_leibler_divergence.results.json
tensorflow.keras.metrics.logcosh,python,0.1942341143276064,0.2069,548,287475,,,,,,stage4/results/tensorflow-thesis-all-coverage/coverage_reports/per_api/python/tensorflow.keras.metrics.logcosh/coverage.json,,,,0,False,json2init/results/tensorflow/tensorflow.keras.metrics.logcosh.init.json,stage4/results/tensorflow-thesis-all-coverage/execution_results/tensorflow.keras.metrics.logcosh.results.json
tensorflow.keras.metrics.pearson_correlation,python,0.20234974584547297,0.2105,575,287475,,,,,,stage4/results/tensorflow-thesis-all-coverage/coverage_reports/per_api/python/tensorflow.keras.metrics.pearson_correlation/coverage.json,,,,0,False,json2init/results/tensorflow/tensorflow.keras.metrics.pearson_correlation.init.json,stage4/results/tensorflow-thesis-all-coverage/execution_results/tensorflow.keras.metrics.pearson_correlation.results.json
tensorflow.keras.metrics.poisson,python,0.17800285129187327,0.1935,499,287475,,,,,,stage4/results/tensorflow-thesis-all-coverage/coverage_reports/per_api/python/tensorflow.keras.metrics.poisson/coverage.json,,,,0,False,json2init/results/tensorflow/tensorflow.keras.metrics.poisson.init.json,stage4/results/tensorflow-thesis-all-coverage/execution_results/tensorflow.keras.metrics.poisson.results.json
tensorflow.keras.metrics.squared_hinge,python,0.215605277324655,0.2336,605,287475,,,,,,stage4/results/tensorflow-thesis-all-coverage/coverage_reports/per_api/python/tensorflow.keras.metrics.squared_hinge/coverage.json,,,,0,False,json2init/results/tensorflow/tensorflow.keras.metrics.squared_hinge.init.json,stage4/results/tensorflow-thesis-all-coverage/execution_results/tensorflow.keras.metrics.squared_hinge.results.json
tensorflow.keras.ops.absolute,python,0.18855317226509982,0.2142,521,287475,,,,,,stage4/results/tensorflow-thesis-all-coverage/coverage_reports/per_api/python/tensorflow.keras.ops.absolute/coverage.json,,,,0,False,json2init/results/tensorflow/tensorflow.keras.ops.absolute.init.json,stage4/results/tensorflow-thesis-all-coverage/execution_results/tensorflow.keras.ops.absolute.results.json
tensorflow.keras.ops.adaptive_average_pool,python,0.2991962819586806,0.3383,828,287475,,,,,,stage4/results/tensorflow-thesis-all-coverage/coverage_reports/per_api/python/tensorflow.keras.ops.adaptive_average_pool/coverage.json,,,,0,False,json2init/results/tensorflow/tensorflow.keras.ops.adaptive_average_pool.init.json,stage4/results/tensorflow-thesis-all-coverage/execution_results/tensorflow.keras.ops.adaptive_average_pool.results.json
tensorflow.keras.ops.adaptive_max_pool,python,0.30352461876820946,0.3456,838,287475,,,,,,stage4/results/tensorflow-thesis-all-coverage/coverage_reports/per_api/python/tensorflow.keras.ops.adaptive_max_pool/coverage.json,,,,0,False,json2init/results/tensorflow/tensorflow.keras.ops.adaptive_max_pool.init.json,stage4/results/tensorflow-thesis-all-coverage/execution_results/tensorflow.keras.ops.adaptive_max_pool.results.json
tensorflow.keras.ops.add,python,0.20505495635142848,0.23,569,287475,,,,,,stage4/results/tensorflow-thesis-all-coverage/coverage_reports/per_api/python/tensorflow.keras.ops.add/coverage.json,,,,0,False,json2init/results/tensorflow/tensorflow.keras.ops.add.init.json,stage4/results/tensorflow-thesis-all-coverage/execution_results/tensorflow.keras.ops.add.results.json
tensorflow.keras.ops.all,python,0.19450463537820195,0.2215,537,287475,,,,,,stage4/results/tensorflow-thesis-all-coverage/coverage_reports/per_api/python/tensorflow.keras.ops.all/coverage.json,,,,0,False,json2init/results/tensorflow/tensorflow.keras.ops.all.init.json,stage4/results/tensorflow-thesis-all-coverage/execution_results/tensorflow.keras.ops.all.results.json
tensorflow.keras.ops.angle,python,0.20018557744070856,0.2202,559,287475,,,,,,stage4/results/tensorflow-thesis-all-coverage/coverage_reports/per_api/python/tensorflow.keras.ops.angle/coverage.json,,,,0,False,json2init/results/tensorflow/tensorflow.keras.ops.angle.init.json,stage4/results/tensorflow-thesis-all-coverage/execution_results/tensorflow.keras.ops.angle.results.json
tensorflow.keras.ops.any,python,0.19450463537820195,0.2215,537,287475,,,,,,stage4/results/tensorflow-thesis-all-coverage/coverage_reports/per_api/python/tensorflow.keras.ops.any/coverage.json,,,,0,False,json2init/results/tensorflow/tensorflow.keras.ops.any.init.json,stage4/results/tensorflow-thesis-all-coverage/execution_results/tensorflow.keras.ops.any.results.json
tensorflow.keras.ops.append,python,0.19720984588415746,0.2227,546,287475,,,,,,stage4/results/tensorflow-thesis-all-coverage/coverage_reports/per_api/python/tensorflow.keras.ops.append/coverage.json,,,,0,False,json2init/results/tensorflow/tensorflow.keras.ops.append.init.json,stage4/results/tensorflow-thesis-all-coverage/execution_results/tensorflow.keras.ops.append.results.json
tensorflow.keras.ops.arccos,python,0.18963525646748203,0.2166,523,287475,,,,,,stage4/results/tensorflow-thesis-all-coverage/coverage_reports/per_api/python/tensorflow.keras.ops.arccos/coverage.json,,,,0,False,json2init/results/tensorflow/tensorflow.keras.ops.arccos.init.json,stage4/results/tensorflow-thesis-all-coverage/execution_results/tensorflow.keras.ops.arccos.results.json
tensorflow.keras.ops.arccosh,python,0.18936473541688648,0.2166,522,287475,,,,,,stage4/results/tensorflow-thesis-all-coverage/coverage_reports/per_api/python/tensorflow.keras.ops.arccosh/coverage.json,,,,0,False,json2init/results/tensorflow/tensorflow.keras.ops.arccosh.init.json,stage4/results/tensorflow-thesis-all-coverage/execution_results/tensorflow.keras.ops.arccosh.results.json
tensorflow.keras.ops.arcsin,python,0.18936473541688648,0.2166,522,287475,,,,,,stage4/results/tensorflow-thesis-all-coverage/coverage_reports/per_api/python/tensorflow.keras.ops.arcsin/coverage.json,,,,0,False,json2init/results/tensorflow/tensorflow.keras.ops.arcsin.init.json,stage4/results/tensorflow-thesis-all-coverage/execution_results/tensorflow.keras.ops.arcsin.results.json
tensorflow.keras.ops.arcsinh,python,0.18936473541688648,0.2166,522,287475,,,,,,stage4/results/tensorflow-thesis-all-coverage/coverage_reports/per_api/python/tensorflow.keras.ops.arcsinh/coverage.json,,,,0,False,json2init/results/tensorflow/tensorflow.keras.ops.arcsinh.init.json,stage4/results/tensorflow-thesis-all-coverage/execution_results/tensorflow.keras.ops.arcsinh.results.json
tensorflow.keras.ops.arctan,python,0.18936473541688648,0.2166,522,287475,,,,,,stage4/results/tensorflow-thesis-all-coverage/coverage_reports/per_api/python/tensorflow.keras.ops.arctan/coverage.json,,,,0,False,json2init/results/tensorflow/tensorflow.keras.ops.arctan.init.json,stage4/results/tensorflow-thesis-all-coverage/execution_results/tensorflow.keras.ops.arctan.results.json
tensorflow.keras.ops.arctan2,python,0.1963982827323708,0.219,546,287475,,,,,,stage4/results/tensorflow-thesis-all-coverage/coverage_reports/per_api/python/tensorflow.keras.ops.arctan2/coverage.json,,,,0,False,json2init/results/tensorflow/tensorflow.keras.ops.arctan2.init.json,stage4/results/tensorflow-thesis-all-coverage/execution_results/tensorflow.keras.ops.arctan2.results.json
tensorflow.keras.ops.arctanh,python,0.18936473541688648,0.2166,522,287475,,,,,,stage4/results/tensorflow-thesis-all-coverage/coverage_reports/per_api/python/tensorflow.keras.ops.arctanh/coverage.json,,,,0,False,json2init/results/tensorflow/tensorflow.keras.ops.arctanh.init.json,stage4/results/tensorflow-thesis-all-coverage/execution_results/tensorflow.keras.ops.arctanh.results.json
tensorflow.keras.ops.argmax,python,0.21100641946453064,0.2275,593,287475,,,,,,stage4/results/tensorflow-thesis-all-coverage/coverage_reports/per_api/python/tensorflow.keras.ops.argmax/coverage.json,,,,0,False,json2init/results/tensorflow/tensorflow.keras.ops.argmax.init.json,stage4/results/tensorflow-thesis-all-coverage/execution_results/tensorflow.keras.ops.argmax.results.json
tensorflow.keras.ops.argmin,python,0.20992433526214843,0.2251,591,287475,,,,,,stage4/results/tensorflow-thesis-all-coverage/coverage_reports/per_api/python/tensorflow.keras.ops.argmin/coverage.json,,,,0,False,json2init/results/tensorflow/tensorflow.keras.ops.argmin.init.json,stage4/results/tensorflow-thesis-all-coverage/execution_results/tensorflow.keras.ops.argmin.results.json
tensorflow.keras.ops.argsort,python,0.20965381421155288,0.2324,584,287475,,,,,,stage4/results/tensorflow-thesis-all-coverage/coverage_reports/per_api/python/tensorflow.keras.ops.argsort/coverage.json,,,,0,False,json2init/results/tensorflow/tensorflow.keras.ops.argsort.init.json,stage4/results/tensorflow-thesis-all-coverage/execution_results/tensorflow.keras.ops.argsort.results.json
tensorflow.keras.ops.array,python,0.18395431440497542,0.2093,508,287475,,,,,,stage4/results/tensorflow-thesis-all-coverage/coverage_reports/per_api/python/tensorflow.keras.ops.array/coverage.json,,,,0,False,json2init/results/tensorflow/tensorflow.keras.ops.array.init.json,stage4/results/tensorflow-thesis-all-coverage/execution_results/tensorflow.keras.ops.array.results.json
tensorflow.keras.ops.average_pool,python,0.19342255117581975,0.2215,533,287475,,,,,,stage4/results/tensorflow-thesis-all-coverage/coverage_reports/per_api/python/tensorflow.keras.ops.average_pool/coverage.json,,,,0,False,json2init/results/tensorflow/tensorflow.keras.ops.average_pool.init.json,stage4/results/tensorflow-thesis-all-coverage/execution_results/tensorflow.keras.ops.average_pool.results.json
tensorflow.keras.ops.bartlett,python,0.2331891456133659,0.2519,655,287475,,,,,,stage4/results/tensorflow-thesis-all-coverage/coverage_reports/per_api/python/tensorflow.keras.ops.bartlett/coverage.json,,,,0,False,json2init/results/tensorflow/tensorflow.keras.ops.bartlett.init.json,stage4/results/tensorflow-thesis-all-coverage/execution_results/tensorflow.keras.ops.bartlett.results.json
tensorflow.keras.ops.binary_crossentropy,python,0.19234046697343754,0.2129,536,287475,,,,,,stage4/results/tensorflow-thesis-all-coverage/coverage_reports/per_api/python/tensorflow.keras.ops.binary_crossentropy/coverage.json,,,,0,False,json2init/results/tensorflow/tensorflow.keras.ops.binary_crossentropy.init.json,stage4/results/tensorflow-thesis-all-coverage/execution_results/tensorflow.keras.ops.binary_crossentropy.results.json
tensorflow.keras.ops.bincount,python,0.21533475627405946,0.2409,598,287475,,,,,,stage4/results/tensorflow-thesis-all-coverage/coverage_reports/per_api/python/tensorflow.keras.ops.bincount/coverage.json,,,,0,False,json2init/results/tensorflow/tensorflow.keras.ops.bincount.init.json,stage4/results/tensorflow-thesis-all-coverage/execution_results/tensorflow.keras.ops.bincount.results.json
tensorflow.keras.ops.bitwise_and,python,0.16745253031864674,0.1789,472,287475,,,,,,stage4/results/tensorflow-thesis-all-coverage/coverage_reports/per_api/python/tensorflow.keras.ops.bitwise_and/coverage.json,,,,0,False,json2init/results/tensorflow/tensorflow.keras.ops.bitwise_and.init.json,stage4/results/tensorflow-thesis-all-coverage/execution_results/tensorflow.keras.ops.bitwise_and.results.json
tensorflow.keras.ops.bitwise_left_shift,python,0.16718200926805118,0.1777,472,287475,,,,,,stage4/results/tensorflow-thesis-all-coverage/coverage_reports/per_api/python/tensorflow.keras.ops.bitwise_left_shift/coverage.json,,,,0,False,json2init/results/tensorflow/tensorflow.keras.ops.bitwise_left_shift.init.json,stage4/results/tensorflow-thesis-all-coverage/execution_results/tensorflow.keras.ops.bitwise_left_shift.results.json
tensorflow.keras.ops.bitwise_not,python,0.15149178833350918,0.157,431,287475,,,,,,stage4/results/tensorflow-thesis-all-coverage/coverage_reports/per_api/python/tensorflow.keras.ops.bitwise_not/coverage.json,,,,0,False,json2init/results/tensorflow/tensorflow.keras.ops.bitwise_not.init.json,stage4/results/tensorflow-thesis-all-coverage/execution_results/tensorflow.keras.ops.bitwise_not.results.json
tensorflow.keras.ops.bitwise_or,python,0.16745253031864674,0.1789,472,287475,,,,,,stage4/results/tensorflow-thesis-all-coverage/coverage_reports/per_api/python/tensorflow.keras.ops.bitwise_or/coverage.json,,,,0,False,json2init/results/tensorflow/tensorflow.keras.ops.bitwise_or.init.json,stage4/results/tensorflow-thesis-all-coverage/execution_results/tensorflow.keras.ops.bitwise_or.results.json
tensorflow.keras.ops.bitwise_right_shift,python,0.16718200926805118,0.1777,472,287475,,,,,,stage4/results/tensorflow-thesis-all-coverage/coverage_reports/per_api/python/tensorflow.keras.ops.bitwise_right_shift/coverage.json,,,,0,False,json2init/results/tensorflow/tensorflow.keras.ops.bitwise_right_shift.init.json,stage4/results/tensorflow-thesis-all-coverage/execution_results/tensorflow.keras.ops.bitwise_right_shift.results.json
tensorflow.keras.ops.bitwise_xor,python,0.16745253031864674,0.1789,472,287475,,,,,,stage4/results/tensorflow-thesis-all-coverage/coverage_reports/per_api/python/tensorflow.keras.ops.bitwise_xor/coverage.json,,,,0,False,json2init/results/tensorflow/tensorflow.keras.ops.bitwise_xor.init.json,stage4/results/tensorflow-thesis-all-coverage/execution_results/tensorflow.keras.ops.bitwise_xor.results.json
tensorflow.keras.ops.blackman,python,0.21073589841393509,0.2275,592,287475,,,,,,stage4/results/tensorflow-thesis-all-coverage/coverage_reports/per_api/python/tensorflow.keras.ops.blackman/coverage.json,,,,0,False,json2init/results/tensorflow/tensorflow.keras.ops.blackman.init.json,stage4/results/tensorflow-thesis-all-coverage/execution_results/tensorflow.keras.ops.blackman.results.json
tensorflow.keras.ops.broadcast_to,python,0.19044681961926868,0.2142,528,287475,,,,,,stage4/results/tensorflow-thesis-all-coverage/coverage_reports/per_api/python/tensorflow.keras.ops.broadcast_to/coverage.json,,,,0,False,json2init/results/tensorflow/tensorflow.keras.ops.broadcast_to.init.json,stage4/results/tensorflow-thesis-all-coverage/execution_results/tensorflow.keras.ops.broadcast_to.results.json
tensorflow.keras.ops.cast,python,0.18584796175914428,0.2129,512,287475,,,,,,stage4/results/tensorflow-thesis-all-coverage/coverage_reports/per_api/python/tensorflow.keras.ops.cast/coverage.json,,,,0,False,json2init/results/tensorflow/tensorflow.keras.ops.cast.init.json,stage4/results/tensorflow-thesis-all-coverage/execution_results/tensorflow.keras.ops.cast.results.json
tensorflow.keras.ops.categorical_crossentropy,python,0.1931520301252242,0.2105,541,287475,,,,,,stage4/results/tensorflow-thesis-all-coverage/coverage_reports/per_api/python/tensorflow.keras.ops.categorical_crossentropy/coverage.json,,,,0,False,json2init/results/tensorflow/tensorflow.keras.ops.categorical_crossentropy.init.json,stage4/results/tensorflow-thesis-all-coverage/execution_results/tensorflow.keras.ops.categorical_crossentropy.results.json
tensorflow.keras.ops.cbrt,python,0.20397287214904627,0.23,565,287475,,,,,,stage4/results/tensorflow-thesis-all-coverage/coverage_reports/per_api/python/tensorflow.keras.ops.cbrt/coverage.json,,,,0,False,json2init/results/tensorflow/tensorflow.keras.ops.cbrt.init.json,stage4/results/tensorflow-thesis-all-coverage/execution_results/tensorflow.keras.ops.cbrt.results.json
tensorflow.keras.ops.ceil,python,0.18963525646748203,0.2166,523,287475,,,,,,stage4/results/tensorflow-thesis-all-coverage/coverage_reports/per_api/python/tensorflow.keras.ops.ceil/coverage.json,,,,0,False,json2init/results/tensorflow/tensorflow.keras.ops.ceil.init.json,stage4/results/tensorflow-thesis-all-coverage/execution_results/tensorflow.keras.ops.ceil.results.json
tensorflow.keras.ops.celu,python,0.2150642352234639,0.2421,596,287475,,,,,,stage4/results/tensorflow-thesis-all-coverage/coverage_reports/per_api/python/tensorflow.keras.ops.celu/coverage.json,,,,0,False,json2init/results/tensorflow/tensorflow.keras.ops.celu.init.json,stage4/results/tensorflow-thesis-all-coverage/execution_results/tensorflow.keras.ops.celu.results.json
tensorflow.keras.ops.cholesky,python,0.16555888296447788,0.1764,467,287475,,,,,,stage4/results/tensorflow-thesis-all-coverage/coverage_reports/per_api/python/tensorflow.keras.ops.cholesky/coverage.json,,,,0,False,json2init/results/tensorflow/tensorflow.keras.ops.cholesky.init.json,stage4/results/tensorflow-thesis-all-coverage/execution_results/tensorflow.keras.ops.cholesky.results.json
tensorflow.keras.ops.cholesky_inverse,python,0.25997072962232554,0.3054,710,287475,,,,,,stage4/results/tensorflow-thesis-all-coverage/coverage_reports/per_api/python/tensorflow.keras.ops.cholesky_inverse/coverage.json,,,,0,False,json2init/results/tensorflow/tensorflow.keras.ops.cholesky_inverse.init.json,stage4/results/tensorflow-thesis-all-coverage/execution_results/tensorflow.keras.ops.cholesky_inverse.results.json
tensorflow.keras.ops.conjugate,python,0.18638900386033538,0.2129,514,287475,,,,,,stage4/results/tensorflow-thesis-all-coverage/coverage_reports/per_api/python/tensorflow.keras.ops.conjugate/coverage.json,,,,0,False,json2init/results/tensorflow/tensorflow.keras.ops.conjugate.init.json,stage4/results/tensorflow-thesis-all-coverage/execution_results/tensorflow.keras.ops.conjugate.results.json
tensorflow.keras.ops.conv,python,1.2614396589270593,1.4383,3481,287475,,,,,,stage4/results/tensorflow-thesis-all-coverage/coverage_reports/per_api/python/tensorflow.keras.ops.conv/coverage.json,,,,0,False,json2init/results/tensorflow/tensorflow.keras.ops.conv.init.json,stage4/results/tensorflow-thesis-all-coverage/execution_results/tensorflow.keras.ops.conv.results.json
tensorflow.keras.ops.conv_transpose,python,0.2310249772086015,0.2677,634,287475,,,,,,stage4/results/tensorflow-thesis-all-coverage/coverage_reports/per_api/python/tensorflow.keras.ops.conv_transpose/coverage.json,,,,0,False,json2init/results/tensorflow/tensorflow.keras.ops.conv_transpose.init.json,stage4/results/tensorflow-thesis-all-coverage/execution_results/tensorflow.keras.ops.conv_transpose.results.json
tensorflow.keras.ops.convert_to_numpy,python,0.18395431440497542,0.2093,508,287475,,,,,,stage4/results/tensorflow-thesis-all-coverage/coverage_reports/per_api/python/tensorflow.keras.ops.convert_to_numpy/coverage.json,,,,0,False,json2init/results/tensorflow/tensorflow.keras.ops.convert_to_numpy.init.json,stage4/results/tensorflow-thesis-all-coverage/execution_results/tensorflow.keras.ops.convert_to_numpy.results.json
tensorflow.keras.ops.correlate,python,0.24400998763718798,0.2835,669,287475,,,,,,stage4/results/tensorflow-thesis-all-coverage/coverage_reports/per_api/python/tensorflow.keras.ops.correlate/coverage.json,,,,0,False,json2init/results/tensorflow/tensorflow.keras.ops.correlate.init.json,stage4/results/tensorflow-thesis-all-coverage/execution_results/tensorflow.keras.ops.correlate.results.json
tensorflow.keras.ops.cos,python,0.18936473541688648,0.2166,522,287475,,,,,,stage4/results/tensorflow-thesis-all-coverage/coverage_reports/per_api/python/tensorflow.keras.ops.cos/coverage.json,,,,0,False,json2init/results/tensorflow/tensorflow.keras.ops.cos.init.json,stage4/results/tensorflow-thesis-all-coverage/execution_results/tensorflow.keras.ops.cos.results.json
tensorflow.keras.ops.cosh,python,0.18936473541688648,0.2166,522,287475,,,,,,stage4/results/tensorflow-thesis-all-coverage/coverage_reports/per_api/python/tensorflow.keras.ops.cosh/coverage.json,,,,0,False,json2init/results/tensorflow/tensorflow.keras.ops.cosh.init.json,stage4/results/tensorflow-thesis-all-coverage/execution_results/tensorflow.keras.ops.cosh.results.json
tensorflow.keras.ops.count_nonzero,python,0.21154746156572174,0.2397,585,287475,,,,,,stage4/results/tensorflow-thesis-all-coverage/coverage_reports/per_api/python/tensorflow.keras.ops.count_nonzero/coverage.json,,,,0,False,json2init/results/tensorflow/tensorflow.keras.ops.count_nonzero.init.json,stage4/results/tensorflow-thesis-all-coverage/execution_results/tensorflow.keras.ops.count_nonzero.results.json
tensorflow.keras.ops.cumprod,python,0.19450463537820195,0.2166,541,287475,,,,,,stage4/results/tensorflow-thesis-all-coverage/coverage_reports/per_api/python/tensorflow.keras.ops.cumprod/coverage.json,,,,0,False,json2init/results/tensorflow/tensorflow.keras.ops.cumprod.init.json,stage4/results/tensorflow-thesis-all-coverage/execution_results/tensorflow.keras.ops.cumprod.results.json
tensorflow.keras.ops.cumsum,python,0.19450463537820195,0.2166,541,287475,,,,,,stage4/results/tensorflow-thesis-all-coverage/coverage_reports/per_api/python/tensorflow.keras.ops.cumsum/coverage.json,,,,0,False,json2init/results/tensorflow/tensorflow.keras.ops.cumsum.init.json,stage4/results/tensorflow-thesis-all-coverage/execution_results/tensorflow.keras.ops.cumsum.results.json
tensorflow.keras.ops.depthwise_conv,python,0.22886080880383708,0.2555,636,287475,,,,,,stage4/results/tensorflow-thesis-all-coverage/coverage_reports/per_api/python/tensorflow.keras.ops.depthwise_conv/coverage.json,,,,0,False,json2init/results/tensorflow/tensorflow.keras.ops.depthwise_conv.init.json,stage4/results/tensorflow-thesis-all-coverage/execution_results/tensorflow.keras.ops.depthwise_conv.results.json
tensorflow.keras.ops.det,python,0.1552790830418469,0.1716,433,287475,,,,,,stage4/results/tensorflow-thesis-all-coverage/coverage_reports/per_api/python/tensorflow.keras.ops.det/coverage.json,,,,0,False,json2init/results/tensorflow/tensorflow.keras.ops.det.init.json,stage4/results/tensorflow-thesis-all-coverage/execution_results/tensorflow.keras.ops.det.results.json
tensorflow.keras.ops.diagflat,python,0.19612776168177526,0.2202,544,287475,,,,,,stage4/results/tensorflow-thesis-all-coverage/coverage_reports/per_api/python/tensorflow.keras.ops.diagflat/coverage.json,,,,0,False,json2init/results/tensorflow/tensorflow.keras.ops.diagflat.init.json,stage4/results/tensorflow-thesis-all-coverage/execution_results/tensorflow.keras.ops.diagflat.results.json
tensorflow.keras.ops.diagonal,python,0.21019485631274398,0.2397,580,287475,,,,,,stage4/results/tensorflow-thesis-all-coverage/coverage_reports/per_api/python/tensorflow.keras.ops.diagonal/coverage.json,,,,0,False,json2init/results/tensorflow/tensorflow.keras.ops.diagonal.init.json,stage4/results/tensorflow-thesis-all-coverage/execution_results/tensorflow.keras.ops.diagonal.results.json
tensorflow.keras.ops.divide,python,0.21208850366691284,0.2373,589,287475,,,,,,stage4/results/tensorflow-thesis-all-coverage/coverage_reports/per_api/python/tensorflow.keras.ops.divide/coverage.json,,,,0,False,json2init/results/tensorflow/tensorflow.keras.ops.divide.init.json,stage4/results/tensorflow-thesis-all-coverage/execution_results/tensorflow.keras.ops.divide.results.json
tensorflow.keras.ops.eig,python,0.17151034607758003,0.185,482,287475,,,,,,stage4/results/tensorflow-thesis-all-coverage/coverage_reports/per_api/python/tensorflow.keras.ops.eig/coverage.json,,,,0,False,json2init/results/tensorflow/tensorflow.keras.ops.eig.init.json,stage4/results/tensorflow-thesis-all-coverage/execution_results/tensorflow.keras.ops.eig.results.json
tensorflow.keras.ops.eigh,python,0.16934617767281562,0.1813,477,287475,,,,,,stage4/results/tensorflow-thesis-all-coverage/coverage_reports/per_api/python/tensorflow.keras.ops.eigh/coverage.json,,,,0,False,json2init/results/tensorflow/tensorflow.keras.ops.eigh.init.json,stage4/results/tensorflow-thesis-all-coverage/execution_results/tensorflow.keras.ops.eigh.results.json
tensorflow.keras.ops.elu,python,0.18584796175914428,0.2105,514,287475,,,,,,stage4/results/tensorflow-thesis-all-coverage/coverage_reports/per_api/python/tensorflow.keras.ops.elu/coverage.json,,,,0,False,json2init/results/tensorflow/tensorflow.keras.ops.elu.init.json,stage4/results/tensorflow-thesis-all-coverage/execution_results/tensorflow.keras.ops.elu.results.json
tensorflow.keras.ops.empty,python,0.15392647778886914,0.1667,432,287475,,,,,,stage4/results/tensorflow-thesis-all-coverage/coverage_reports/per_api/python/tensorflow.keras.ops.empty/coverage.json,,,,0,False,json2init/results/tensorflow/tensorflow.keras.ops.empty.init.json,stage4/results/tensorflow-thesis-all-coverage/execution_results/tensorflow.keras.ops.empty.results.json
tensorflow.keras.ops.equal,python,0.20234974584547297,0.2263,562,287475,,,,,,stage4/results/tensorflow-thesis-all-coverage/coverage_reports/per_api/python/tensorflow.keras.ops.equal/coverage.json,,,,0,False,json2init/results/tensorflow/tensorflow.keras.ops.equal.init.json,stage4/results/tensorflow-thesis-all-coverage/execution_results/tensorflow.keras.ops.equal.results.json
tensorflow.keras.ops.erf,python,0.18665952491093094,0.2117,516,287475,,,,,,stage4/results/tensorflow-thesis-all-coverage/coverage_reports/per_api/python/tensorflow.keras.ops.erf/coverage.json,,,,0,False,json2init/results/tensorflow/tensorflow.keras.ops.erf.init.json,stage4/results/tensorflow-thesis-all-coverage/execution_results/tensorflow.keras.ops.erf.results.json
tensorflow.keras.ops.erfinv,python,0.15446751989006025,0.1679,433,287475,,,,,,stage4/results/tensorflow-thesis-all-coverage/coverage_reports/per_api/python/tensorflow.keras.ops.erfinv/coverage.json,,,,0,False,json2init/results/tensorflow/tensorflow.keras.ops.erfinv.init.json,stage4/results/tensorflow-thesis-all-coverage/execution_results/tensorflow.keras.ops.erfinv.results.json
tensorflow.keras.ops.exp,python,0.1869300459615265,0.2117,517,287475,,,,,,stage4/results/tensorflow-thesis-all-coverage/coverage_reports/per_api/python/tensorflow.keras.ops.exp/coverage.json,,,,0,False,json2init/results/tensorflow/tensorflow.keras.ops.exp.init.json,stage4/results/tensorflow-thesis-all-coverage/execution_results/tensorflow.keras.ops.exp.results.json
tensorflow.keras.ops.exp2,python,0.18638900386033538,0.2105,516,287475,,,,,,stage4/results/tensorflow-thesis-all-coverage/coverage_reports/per_api/python/tensorflow.keras.ops.exp2/coverage.json,,,,0,False,json2init/results/tensorflow/tensorflow.keras.ops.exp2.init.json,stage4/results/tensorflow-thesis-all-coverage/execution_results/tensorflow.keras.ops.exp2.results.json
tensorflow.keras.ops.extract_sequences,python,0.3354461027384846,0.3699,936,287475,,,,,,stage4/results/tensorflow-thesis-all-coverage/coverage_reports/per_api/python/tensorflow.keras.ops.extract_sequences/coverage.json,,,,0,False,json2init/results/tensorflow/tensorflow.keras.ops.extract_sequences.init.json,stage4/results/tensorflow-thesis-all-coverage/execution_results/tensorflow.keras.ops.extract_sequences.results.json
tensorflow.keras.ops.flip,python,0.19856245113713525,0.2251,549,287475,,,,,,stage4/results/tensorflow-thesis-all-coverage/coverage_reports/per_api/python/tensorflow.keras.ops.flip/coverage.json,,,,0,False,json2init/results/tensorflow/tensorflow.keras.ops.flip.init.json,stage4/results/tensorflow-thesis-all-coverage/execution_results/tensorflow.keras.ops.flip.results.json
tensorflow.keras.ops.floor,python,0.18963525646748203,0.2166,523,287475,,,,,,stage4/results/tensorflow-thesis-all-coverage/coverage_reports/per_api/python/tensorflow.keras.ops.floor/coverage.json,,,,0,False,json2init/results/tensorflow/tensorflow.keras.ops.floor.init.json,stage4/results/tensorflow-thesis-all-coverage/execution_results/tensorflow.keras.ops.floor.results.json
tensorflow.keras.ops.gcd,python,0.3105581660836938,0.3529,858,287475,,,,,,stage4/results/tensorflow-thesis-all-coverage/coverage_reports/per_api/python/tensorflow.keras.ops.gcd/coverage.json,,,,0,False,json2init/results/tensorflow/tensorflow.keras.ops.gcd.init.json,stage4/results/tensorflow-thesis-all-coverage/execution_results/tensorflow.keras.ops.gcd.results.json
tensorflow.keras.ops.gelu,python,0.20776016685738402,0.2348,575,287475,,,,,,stage4/results/tensorflow-thesis-all-coverage/coverage_reports/per_api/python/tensorflow.keras.ops.gelu/coverage.json,,,,0,False,json2init/results/tensorflow/tensorflow.keras.ops.gelu.init.json,stage4/results/tensorflow-thesis-all-coverage/execution_results/tensorflow.keras.ops.gelu.results.json
tensorflow.keras.ops.glu,python,0.20343183004785517,0.2324,561,287475,,,,,,stage4/results/tensorflow-thesis-all-coverage/coverage_reports/per_api/python/tensorflow.keras.ops.glu/coverage.json,,,,0,False,json2init/results/tensorflow/tensorflow.keras.ops.glu.init.json,stage4/results/tensorflow-thesis-all-coverage/execution_results/tensorflow.keras.ops.glu.results.json
tensorflow.keras.ops.greater,python,0.1963982827323708,0.219,546,287475,,,,,,stage4/results/tensorflow-thesis-all-coverage/coverage_reports/per_api/python/tensorflow.keras.ops.greater/coverage.json,,,,0,False,json2init/results/tensorflow/tensorflow.keras.ops.greater.init.json,stage4/results/tensorflow-thesis-all-coverage/execution_results/tensorflow.keras.ops.greater.results.json
tensorflow.keras.ops.greater_equal,python,0.1963982827323708,0.219,546,287475,,,,,,stage4/results/tensorflow-thesis-all-coverage/coverage_reports/per_api/python/tensorflow.keras.ops.greater_equal/coverage.json,,,,0,False,json2init/results/tensorflow/tensorflow.keras.ops.greater_equal.init.json,stage4/results/tensorflow-thesis-all-coverage/execution_results/tensorflow.keras.ops.greater_equal.results.json
tensorflow.keras.ops.hamming,python,0.23508279296753476,0.2519,662,287475,,,,,,stage4/results/tensorflow-thesis-all-coverage/coverage_reports/per_api/python/tensorflow.keras.ops.hamming/coverage.json,,,,0,False,json2init/results/tensorflow/tensorflow.keras.ops.hamming.init.json,stage4/results/tensorflow-thesis-all-coverage/execution_results/tensorflow.keras.ops.hamming.results.json
tensorflow.keras.ops.hanning,python,0.23508279296753476,0.2519,662,287475,,,,,,stage4/results/tensorflow-thesis-all-coverage/coverage_reports/per_api/python/tensorflow.keras.ops.hanning/coverage.json,,,,0,False,json2init/results/tensorflow/tensorflow.keras.ops.hanning.init.json,stage4/results/tensorflow-thesis-all-coverage/execution_results/tensorflow.keras.ops.hanning.results.json
tensorflow.keras.ops.hard_shrink,python,0.20289078794666407,0.2288,562,287475,,,,,,stage4/results/tensorflow-thesis-all-coverage/coverage_reports/per_api/python/tensorflow.keras.ops.hard_shrink/coverage.json,,,,0,False,json2init/results/tensorflow/tensorflow.keras.ops.hard_shrink.init.json,stage4/results/tensorflow-thesis-all-coverage/execution_results/tensorflow.keras.ops.hard_shrink.results.json
tensorflow.keras.ops.hard_sigmoid,python,0.20262026689606852,0.2275,562,287475,,,,,,stage4/results/tensorflow-thesis-all-coverage/coverage_reports/per_api/python/tensorflow.keras.ops.hard_sigmoid/coverage.json,,,,0,False,json2init/results/tensorflow/tensorflow.keras.ops.hard_sigmoid.init.json,stage4/results/tensorflow-thesis-all-coverage/execution_results/tensorflow.keras.ops.hard_sigmoid.results.json
tensorflow.keras.ops.hard_silu,python,0.20694860370559734,0.2312,575,287475,,,,,,stage4/results/tensorflow-thesis-all-coverage/coverage_reports/per_api/python/tensorflow.keras.ops.hard_silu/coverage.json,,,,0,False,json2init/results/tensorflow/tensorflow.keras.ops.hard_silu.init.json,stage4/results/tensorflow-thesis-all-coverage/execution_results/tensorflow.keras.ops.hard_silu.results.json
tensorflow.keras.ops.hard_swish,python,0.20694860370559734,0.2312,575,287475,,,,,,stage4/results/tensorflow-thesis-all-coverage/coverage_reports/per_api/python/tensorflow.keras.ops.hard_swish/coverage.json,,,,0,False,json2init/results/tensorflow/tensorflow.keras.ops.hard_swish.init.json,stage4/results/tensorflow-thesis-all-coverage/execution_results/tensorflow.keras.ops.hard_swish.results.json
tensorflow.keras.ops.hard_tanh,python,0.19666880378296636,0.2251,542,287475,,,,,,stage4/results/tensorflow-thesis-all-coverage/coverage_reports/per_api/python/tensorflow.keras.ops.hard_tanh/coverage.json,,,,0,False,json2init/results/tensorflow/tensorflow.keras.ops.hard_tanh.init.json,stage4/results/tensorflow-thesis-all-coverage/execution_results/tensorflow.keras.ops.hard_tanh.results.json
tensorflow.keras.ops.heaviside,python,0.20938329316095733,0.2373,579,287475,,,,,,stage4/results/tensorflow-thesis-all-coverage/coverage_reports/per_api/python/tensorflow.keras.ops.heaviside/coverage.json,,,,0,False,json2init/results/tensorflow/tensorflow.keras.ops.heaviside.init.json,stage4/results/tensorflow-thesis-all-coverage/execution_results/tensorflow.keras.ops.heaviside.results.json
tensorflow.keras.ops.histogram,python,0.4103804337534525,0.4539,1144,287475,,,,,,stage4/results/tensorflow-thesis-all-coverage/coverage_reports/per_api/python/tensorflow.keras.ops.histogram/coverage.json,,,,0,False,json2init/results/tensorflow/tensorflow.keras.ops.histogram.init.json,stage4/results/tensorflow-thesis-all-coverage/execution_results/tensorflow.keras.ops.histogram.results.json
tensorflow.keras.ops.hstack,python,0.2264261193484771,0.2604,623,287475,,,,,,stage4/results/tensorflow-thesis-all-coverage/coverage_reports/per_api/python/tensorflow.keras.ops.hstack/coverage.json,,,,0,False,json2init/results/tensorflow/tensorflow.keras.ops.hstack.init.json,stage4/results/tensorflow-thesis-all-coverage/execution_results/tensorflow.keras.ops.hstack.results.json
tensorflow.keras.ops.hypot,python,0.22886080880383708,0.2507,640,287475,,,,,,stage4/results/tensorflow-thesis-all-coverage/coverage_reports/per_api/python/tensorflow.keras.ops.hypot/coverage.json,,,,0,False,json2init/results/tensorflow/tensorflow.keras.ops.hypot.init.json,stage4/results/tensorflow-thesis-all-coverage/execution_results/tensorflow.keras.ops.hypot.results.json
tensorflow.keras.ops.identity,python,0.17773233024127771,0.1996,493,287475,,,,,,stage4/results/tensorflow-thesis-all-coverage/coverage_reports/per_api/python/tensorflow.keras.ops.identity/coverage.json,,,,0,False,json2init/results/tensorflow/tensorflow.keras.ops.identity.init.json,stage4/results/tensorflow-thesis-all-coverage/execution_results/tensorflow.keras.ops.identity.results.json
tensorflow.keras.ops.imag,python,0.1926109880240331,0.2178,533,287475,,,,,,stage4/results/tensorflow-thesis-all-coverage/coverage_reports/per_api/python/tensorflow.keras.ops.imag/coverage.json,,,,0,False,json2init/results/tensorflow/tensorflow.keras.ops.imag.init.json,stage4/results/tensorflow-thesis-all-coverage/execution_results/tensorflow.keras.ops.imag.results.json
tensorflow.keras.ops.inner,python,0.2545603086104145,0.2945,699,287475,,,,,,stage4/results/tensorflow-thesis-all-coverage/coverage_reports/per_api/python/tensorflow.keras.ops.inner/coverage.json,,,,0,False,json2init/results/tensorflow/tensorflow.keras.ops.inner.init.json,stage4/results/tensorflow-thesis-all-coverage/execution_results/tensorflow.keras.ops.inner.results.json
tensorflow.keras.ops.inv,python,0.16285367245852236,0.174,459,287475,,,,,,stage4/results/tensorflow-thesis-all-coverage/coverage_reports/per_api/python/tensorflow.keras.ops.inv/coverage.json,,,,0,False,json2init/results/tensorflow/tensorflow.keras.ops.inv.init.json,stage4/results/tensorflow-thesis-all-coverage/execution_results/tensorflow.keras.ops.inv.results.json
tensorflow.keras.ops.isin,python,0.22750820355085932,0.2555,631,287475,,,,,,stage4/results/tensorflow-thesis-all-coverage/coverage_reports/per_api/python/tensorflow.keras.ops.isin/coverage.json,,,,0,False,json2init/results/tensorflow/tensorflow.keras.ops.isin.init.json,stage4/results/tensorflow-thesis-all-coverage/execution_results/tensorflow.keras.ops.isin.results.json
tensorflow.keras.ops.isinf,python,0.18584796175914428,0.2105,514,287475,,,,,,stage4/results/tensorflow-thesis-all-coverage/coverage_reports/per_api/python/tensorflow.keras.ops.isinf/coverage.json,,,,0,False,json2init/results/tensorflow/tensorflow.keras.ops.isinf.init.json,stage4/results/tensorflow-thesis-all-coverage/execution_results/tensorflow.keras.ops.isinf.results.json
tensorflow.keras.ops.isnan,python,0.18584796175914428,0.2105,514,287475,,,,,,stage4/results/tensorflow-thesis-all-coverage/coverage_reports/per_api/python/tensorflow.keras.ops.isnan/coverage.json,,,,0,False,json2init/results/tensorflow/tensorflow.keras.ops.isnan.init.json,stage4/results/tensorflow-thesis-all-coverage/execution_results/tensorflow.keras.ops.isnan.results.json
tensorflow.keras.ops.isneginf,python,0.1880121301639087,0.2117,521,287475,,,,,,stage4/results/tensorflow-thesis-all-coverage/coverage_reports/per_api/python/tensorflow.keras.ops.isneginf/coverage.json,,,,0,False,json2init/results/tensorflow/tensorflow.keras.ops.isneginf.init.json,stage4/results/tensorflow-thesis-all-coverage/execution_results/tensorflow.keras.ops.isneginf.results.json
tensorflow.keras.ops.isposinf,python,0.18611848280973983,0.2105,515,287475,,,,,,stage4/results/tensorflow-thesis-all-coverage/coverage_reports/per_api/python/tensorflow.keras.ops.isposinf/coverage.json,,,,0,False,json2init/results/tensorflow/tensorflow.keras.ops.isposinf.init.json,stage4/results/tensorflow-thesis-all-coverage/execution_results/tensorflow.keras.ops.isposinf.results.json
tensorflow.keras.ops.kaiser,python,0.24211634028301912,0.258,683,287475,,,,,,stage4/results/tensorflow-thesis-all-coverage/coverage_reports/per_api/python/tensorflow.keras.ops.kaiser/coverage.json,,,,0,False,json2init/results/tensorflow/tensorflow.keras.ops.kaiser.init.json,stage4/results/tensorflow-thesis-all-coverage/execution_results/tensorflow.keras.ops.kaiser.results.json
tensorflow.keras.ops.kron,python,0.23291862456277035,0.2677,641,287475,,,,,,stage4/results/tensorflow-thesis-all-coverage/coverage_reports/per_api/python/tensorflow.keras.ops.kron/coverage.json,,,,0,False,json2init/results/tensorflow/tensorflow.keras.ops.kron.init.json,stage4/results/tensorflow-thesis-all-coverage/execution_results/tensorflow.keras.ops.kron.results.json
tensorflow.keras.ops.lcm,python,0.3156980660450093,0.3529,877,287475,,,,,,stage4/results/tensorflow-thesis-all-coverage/coverage_reports/per_api/python/tensorflow.keras.ops.lcm/coverage.json,,,,0,False,json2init/results/tensorflow/tensorflow.keras.ops.lcm.init.json,stage4/results/tensorflow-thesis-all-coverage/execution_results/tensorflow.keras.ops.lcm.results.json
tensorflow.keras.ops.ldexp,python,0.18503639860735763,0.202,518,287475,,,,,,stage4/results/tensorflow-thesis-all-coverage/coverage_reports/per_api/python/tensorflow.keras.ops.ldexp/coverage.json,,,,0,False,json2init/results/tensorflow/tensorflow.keras.ops.ldexp.init.json,stage4/results/tensorflow-thesis-all-coverage/execution_results/tensorflow.keras.ops.ldexp.results.json
tensorflow.keras.ops.leaky_relu,python,0.18909421436629092,0.2154,522,287475,,,,,,stage4/results/tensorflow-thesis-all-coverage/coverage_reports/per_api/python/tensorflow.keras.ops.leaky_relu/coverage.json,,,,0,False,json2init/results/tensorflow/tensorflow.keras.ops.leaky_relu.init.json,stage4/results/tensorflow-thesis-all-coverage/execution_results/tensorflow.keras.ops.leaky_relu.results.json
tensorflow.keras.ops.left_shift,python,0.16718200926805118,0.1777,472,287475,,,,,,stage4/results/tensorflow-thesis-all-coverage/coverage_reports/per_api/python/tensorflow.keras.ops.left_shift/coverage.json,,,,0,False,json2init/results/tensorflow/tensorflow.keras.ops.left_shift.init.json,stage4/results/tensorflow-thesis-all-coverage/execution_results/tensorflow.keras.ops.left_shift.results.json
tensorflow.keras.ops.less,python,0.1963982827323708,0.219,546,287475,,,,,,stage4/results/tensorflow-thesis-all-coverage/coverage_reports/per_api/python/tensorflow.keras.ops.less/coverage.json,,,,0,False,json2init/results/tensorflow/tensorflow.keras.ops.less.init.json,stage4/results/tensorflow-thesis-all-coverage/execution_results/tensorflow.keras.ops.less.results.json
tensorflow.keras.ops.less_equal,python,0.18882369331569537,0.2166,520,287475,,,,,,stage4/results/tensorflow-thesis-all-coverage/coverage_reports/per_api/python/tensorflow.keras.ops.less_equal/coverage.json,,,,0,False,json2init/results/tensorflow/tensorflow.keras.ops.less_equal.init.json,stage4/results/tensorflow-thesis-all-coverage/execution_results/tensorflow.keras.ops.less_equal.results.json
tensorflow.keras.ops.linalg.cholesky,python,0.16555888296447788,0.1764,467,287475,,,,,,stage4/results/tensorflow-thesis-all-coverage/coverage_reports/per_api/python/tensorflow.keras.ops.linalg.cholesky/coverage.json,,,,0,False,json2init/results/tensorflow/tensorflow.keras.ops.linalg.cholesky.init.json,stage4/results/tensorflow-thesis-all-coverage/execution_results/tensorflow.keras.ops.linalg.cholesky.results.json
tensorflow.keras.ops.linalg.cholesky_inverse,python,0.25997072962232554,0.3054,710,287475,,,,,,stage4/results/tensorflow-thesis-all-coverage/coverage_reports/per_api/python/tensorflow.keras.ops.linalg.cholesky_inverse/coverage.json,,,,0,False,json2init/results/tensorflow/tensorflow.keras.ops.linalg.cholesky_inverse.init.json,stage4/results/tensorflow-thesis-all-coverage/execution_results/tensorflow.keras.ops.linalg.cholesky_inverse.results.json
tensorflow.keras.ops.linalg.det,python,0.1552790830418469,0.1716,433,287475,,,,,,stage4/results/tensorflow-thesis-all-coverage/coverage_reports/per_api/python/tensorflow.keras.ops.linalg.det/coverage.json,,,,0,False,json2init/results/tensorflow/tensorflow.keras.ops.linalg.det.init.json,stage4/results/tensorflow-thesis-all-coverage/execution_results/tensorflow.keras.ops.linalg.det.results.json
tensorflow.keras.ops.linalg.eig,python,0.17151034607758003,0.185,482,287475,,,,,,stage4/results/tensorflow-thesis-all-coverage/coverage_reports/per_api/python/tensorflow.keras.ops.linalg.eig/coverage.json,,,,0,False,json2init/results/tensorflow/tensorflow.keras.ops.linalg.eig.init.json,stage4/results/tensorflow-thesis-all-coverage/execution_results/tensorflow.keras.ops.linalg.eig.results.json
tensorflow.keras.ops.linalg.eigh,python,0.16934617767281562,0.1813,477,287475,,,,,,stage4/results/tensorflow-thesis-all-coverage/coverage_reports/per_api/python/tensorflow.keras.ops.linalg.eigh/coverage.json,,,,0,False,json2init/results/tensorflow/tensorflow.keras.ops.linalg.eigh.init.json,stage4/results/tensorflow-thesis-all-coverage/execution_results/tensorflow.keras.ops.linalg.eigh.results.json
tensorflow.keras.ops.linalg.inv,python,0.16285367245852236,0.174,459,287475,,,,,,stage4/results/tensorflow-thesis-all-coverage/coverage_reports/per_api/python/tensorflow.keras.ops.linalg.inv/coverage.json,,,,0,False,json2init/results/tensorflow/tensorflow.keras.ops.linalg.inv.init.json,stage4/results/tensorflow-thesis-all-coverage/execution_results/tensorflow.keras.ops.linalg.inv.results.json
tensorflow.keras.ops.linalg.lstsq,python,0.2705210505955521,0.3115,744,287475,,,,,,stage4/results/tensorflow-thesis-all-coverage/coverage_reports/per_api/python/tensorflow.keras.ops.linalg.lstsq/coverage.json,,,,0,False,json2init/results/tensorflow/tensorflow.keras.ops.linalg.lstsq.init.json,stage4/results/tensorflow-thesis-all-coverage/execution_results/tensorflow.keras.ops.linalg.lstsq.results.json
tensorflow.keras.ops.linalg.qr,python,0.15122126728291363,0.1643,424,287475,,,,,,stage4/results/tensorflow-thesis-all-coverage/coverage_reports/per_api/python/tensorflow.keras.ops.linalg.qr/coverage.json,,,,0,False,json2init/results/tensorflow/tensorflow.keras.ops.linalg.qr.init.json,stage4/results/tensorflow-thesis-all-coverage/execution_results/tensorflow.keras.ops.linalg.qr.results.json
tensorflow.keras.ops.linalg.solve,python,0.16420627771150012,0.1764,462,287475,,,,,,stage4/results/tensorflow-thesis-all-coverage/coverage_reports/per_api/python/tensorflow.keras.ops.linalg.solve/coverage.json,,,,0,False,json2init/results/tensorflow/tensorflow.keras.ops.linalg.solve.init.json,stage4/results/tensorflow-thesis-all-coverage/execution_results/tensorflow.keras.ops.linalg.solve.results.json
tensorflow.keras.ops.linalg.solve_triangular,python,0.15933689880078017,0.1764,444,287475,,,,,,stage4/results/tensorflow-thesis-all-coverage/coverage_reports/per_api/python/tensorflow.keras.ops.linalg.solve_triangular/coverage.json,,,,0,False,json2init/results/tensorflow/tensorflow.keras.ops.linalg.solve_triangular.init.json,stage4/results/tensorflow-thesis-all-coverage/execution_results/tensorflow.keras.ops.linalg.solve_triangular.results.json
tensorflow.keras.ops.linalg.svd,python,0.18990577751807758,0.2117,528,287475,,,,,,stage4/results/tensorflow-thesis-all-coverage/coverage_reports/per_api/python/tensorflow.keras.ops.linalg.svd/coverage.json,,,,0,False,json2init/results/tensorflow/tensorflow.keras.ops.linalg.svd.init.json,stage4/results/tensorflow-thesis-all-coverage/execution_results/tensorflow.keras.ops.linalg.svd.results.json
tensorflow.keras.ops.log,python,0.18936473541688648,0.2166,522,287475,,,,,,stage4/results/tensorflow-thesis-all-coverage/coverage_reports/per_api/python/tensorflow.keras.ops.log/coverage.json,,,,0,False,json2init/results/tensorflow/tensorflow.keras.ops.log.init.json,stage4/results/tensorflow-thesis-all-coverage/execution_results/tensorflow.keras.ops.log.results.json
tensorflow.keras.ops.log10,python,0.20018557744070856,0.2275,553,287475,,,,,,stage4/results/tensorflow-thesis-all-coverage/coverage_reports/per_api/python/tensorflow.keras.ops.log10/coverage.json,,,,0,False,json2init/results/tensorflow/tensorflow.keras.ops.log10.init.json,stage4/results/tensorflow-thesis-all-coverage/execution_results/tensorflow.keras.ops.log10.results.json
tensorflow.keras.ops.log1p,python,0.18936473541688648,0.2166,522,287475,,,,,,stage4/results/tensorflow-thesis-all-coverage/coverage_reports/per_api/python/tensorflow.keras.ops.log1p/coverage.json,,,,0,False,json2init/results/tensorflow/tensorflow.keras.ops.log1p.init.json,stage4/results/tensorflow-thesis-all-coverage/execution_results/tensorflow.keras.ops.log1p.results.json
tensorflow.keras.ops.log2,python,0.20018557744070856,0.2275,553,287475,,,,,,stage4/results/tensorflow-thesis-all-coverage/coverage_reports/per_api/python/tensorflow.keras.ops.log2/coverage.json,,,,0,False,json2init/results/tensorflow/tensorflow.keras.ops.log2.init.json,stage4/results/tensorflow-thesis-all-coverage/execution_results/tensorflow.keras.ops.log2.results.json
tensorflow.keras.ops.log_sigmoid,python,0.18990577751807758,0.2142,526,287475,,,,,,stage4/results/tensorflow-thesis-all-coverage/coverage_reports/per_api/python/tensorflow.keras.ops.log_sigmoid/coverage.json,,,,0,False,json2init/results/tensorflow/tensorflow.keras.ops.log_sigmoid.init.json,stage4/results/tensorflow-thesis-all-coverage/execution_results/tensorflow.keras.ops.log_sigmoid.results.json
tensorflow.keras.ops.log_softmax,python,0.19017629856867313,0.2154,526,287475,,,,,,stage4/results/tensorflow-thesis-all-coverage/coverage_reports/per_api/python/tensorflow.keras.ops.log_softmax/coverage.json,,,,0,False,json2init/results/tensorflow/tensorflow.keras.ops.log_softmax.init.json,stage4/results/tensorflow-thesis-all-coverage/execution_results/tensorflow.keras.ops.log_softmax.results.json
tensorflow.keras.ops.logaddexp,python,0.22886080880383708,0.2507,640,287475,,,,,,stage4/results/tensorflow-thesis-all-coverage/coverage_reports/per_api/python/tensorflow.keras.ops.logaddexp/coverage.json,,,,0,False,json2init/results/tensorflow/tensorflow.keras.ops.logaddexp.init.json,stage4/results/tensorflow-thesis-all-coverage/execution_results/tensorflow.keras.ops.logaddexp.results.json
tensorflow.keras.ops.logical_and,python,0.19802140903594412,0.2202,551,287475,,,,,,stage4/results/tensorflow-thesis-all-coverage/coverage_reports/per_api/python/tensorflow.keras.ops.logical_and/coverage.json,,,,0,False,json2init/results/tensorflow/tensorflow.keras.ops.logical_and.init.json,stage4/results/tensorflow-thesis-all-coverage/execution_results/tensorflow.keras.ops.logical_and.results.json
tensorflow.keras.ops.logical_not,python,0.19017629856867313,0.2166,525,287475,,,,,,stage4/results/tensorflow-thesis-all-coverage/coverage_reports/per_api/python/tensorflow.keras.ops.logical_not/coverage.json,,,,0,False,json2init/results/tensorflow/tensorflow.keras.ops.logical_not.init.json,stage4/results/tensorflow-thesis-all-coverage/execution_results/tensorflow.keras.ops.logical_not.results.json
tensorflow.keras.ops.logical_or,python,0.19044681961926868,0.2178,525,287475,,,,,,stage4/results/tensorflow-thesis-all-coverage/coverage_reports/per_api/python/tensorflow.keras.ops.logical_or/coverage.json,,,,0,False,json2init/results/tensorflow/tensorflow.keras.ops.logical_or.init.json,stage4/results/tensorflow-thesis-all-coverage/execution_results/tensorflow.keras.ops.logical_or.results.json
tensorflow.keras.ops.logical_xor,python,0.20776016685738402,0.23,579,287475,,,,,,stage4/results/tensorflow-thesis-all-coverage/coverage_reports/per_api/python/tensorflow.keras.ops.logical_xor/coverage.json,,,,0,False,json2init/results/tensorflow/tensorflow.keras.ops.logical_xor.init.json,stage4/results/tensorflow-thesis-all-coverage/execution_results/tensorflow.keras.ops.logical_xor.results.json
tensorflow.keras.ops.logsumexp,python,0.22101569833656606,0.2373,622,287475,,,,,,stage4/results/tensorflow-thesis-all-coverage/coverage_reports/per_api/python/tensorflow.keras.ops.logsumexp/coverage.json,,,,0,False,json2init/results/tensorflow/tensorflow.keras.ops.logsumexp.init.json,stage4/results/tensorflow-thesis-all-coverage/execution_results/tensorflow.keras.ops.logsumexp.results.json
tensorflow.keras.ops.lstsq,python,0.2705210505955521,0.3115,744,287475,,,,,,stage4/results/tensorflow-thesis-all-coverage/coverage_reports/per_api/python/tensorflow.keras.ops.lstsq/coverage.json,,,,0,False,json2init/results/tensorflow/tensorflow.keras.ops.lstsq.init.json,stage4/results/tensorflow-thesis-all-coverage/execution_results/tensorflow.keras.ops.lstsq.results.json
tensorflow.keras.ops.matmul,python,0.2353533140181303,0.2677,650,287475,,,,,,stage4/results/tensorflow-thesis-all-coverage/coverage_reports/per_api/python/tensorflow.keras.ops.matmul/coverage.json,,,,0,False,json2init/results/tensorflow/tensorflow.keras.ops.matmul.init.json,stage4/results/tensorflow-thesis-all-coverage/execution_results/tensorflow.keras.ops.matmul.results.json
tensorflow.keras.ops.max_pool,python,0.1993740142889219,0.23,548,287475,,,,,,stage4/results/tensorflow-thesis-all-coverage/coverage_reports/per_api/python/tensorflow.keras.ops.max_pool/coverage.json,,,,0,False,json2init/results/tensorflow/tensorflow.keras.ops.max_pool.init.json,stage4/results/tensorflow-thesis-all-coverage/execution_results/tensorflow.keras.ops.max_pool.results.json
tensorflow.keras.ops.maximum,python,0.1958572406311797,0.2178,545,287475,,,,,,stage4/results/tensorflow-thesis-all-coverage/coverage_reports/per_api/python/tensorflow.keras.ops.maximum/coverage.json,,,,0,False,json2init/results/tensorflow/tensorflow.keras.ops.maximum.init.json,stage4/results/tensorflow-thesis-all-coverage/execution_results/tensorflow.keras.ops.maximum.results.json
tensorflow.keras.ops.mean,python,0.1936930722264153,0.2215,534,287475,,,,,,stage4/results/tensorflow-thesis-all-coverage/coverage_reports/per_api/python/tensorflow.keras.ops.mean/coverage.json,,,,0,False,json2init/results/tensorflow/tensorflow.keras.ops.mean.init.json,stage4/results/tensorflow-thesis-all-coverage/execution_results/tensorflow.keras.ops.mean.results.json
tensorflow.keras.ops.median,python,0.32949463962538245,0.3784,907,287475,,,,,,stage4/results/tensorflow-thesis-all-coverage/coverage_reports/per_api/python/tensorflow.keras.ops.median/coverage.json,,,,0,False,json2init/results/tensorflow/tensorflow.keras.ops.median.init.json,stage4/results/tensorflow-thesis-all-coverage/execution_results/tensorflow.keras.ops.median.results.json
tensorflow.keras.ops.minimum,python,0.18828265121450424,0.2154,519,287475,,,,,,stage4/results/tensorflow-thesis-all-coverage/coverage_reports/per_api/python/tensorflow.keras.ops.minimum/coverage.json,,,,0,False,json2init/results/tensorflow/tensorflow.keras.ops.minimum.init.json,stage4/results/tensorflow-thesis-all-coverage/execution_results/tensorflow.keras.ops.minimum.results.json
tensorflow.keras.ops.mod,python,0.18882369331569537,0.2166,520,287475,,,,,,stage4/results/tensorflow-thesis-all-coverage/coverage_reports/per_api/python/tensorflow.keras.ops.mod/coverage.json,,,,0,False,json2init/results/tensorflow/tensorflow.keras.ops.mod.init.json,stage4/results/tensorflow-thesis-all-coverage/execution_results/tensorflow.keras.ops.mod.results.json
tensorflow.keras.ops.multiply,python,0.20180870374428186,0.2251,561,287475,,,,,,stage4/results/tensorflow-thesis-all-coverage/coverage_reports/per_api/python/tensorflow.keras.ops.multiply/coverage.json,,,,0,False,json2init/results/tensorflow/tensorflow.keras.ops.multiply.init.json,stage4/results/tensorflow-thesis-all-coverage/execution_results/tensorflow.keras.ops.multiply.results.json
tensorflow.keras.ops.ndim,python,0.18503639860735763,0.2105,511,287475,,,,,,stage4/results/tensorflow-thesis-all-coverage/coverage_reports/per_api/python/tensorflow.keras.ops.ndim/coverage.json,,,,0,False,json2init/results/tensorflow/tensorflow.keras.ops.ndim.init.json,stage4/results/tensorflow-thesis-all-coverage/execution_results/tensorflow.keras.ops.ndim.results.json
tensorflow.keras.ops.negative,python,0.18665952491093094,0.2117,516,287475,,,,,,stage4/results/tensorflow-thesis-all-coverage/coverage_reports/per_api/python/tensorflow.keras.ops.negative/coverage.json,,,,0,False,json2init/results/tensorflow/tensorflow.keras.ops.negative.init.json,stage4/results/tensorflow-thesis-all-coverage/execution_results/tensorflow.keras.ops.negative.results.json
tensorflow.keras.ops.nn.adaptive_average_pool,python,0.2991962819586806,0.3383,828,287475,,,,,,stage4/results/tensorflow-thesis-all-coverage/coverage_reports/per_api/python/tensorflow.keras.ops.nn.adaptive_average_pool/coverage.json,,,,0,False,json2init/results/tensorflow/tensorflow.keras.ops.nn.adaptive_average_pool.init.json,stage4/results/tensorflow-thesis-all-coverage/execution_results/tensorflow.keras.ops.nn.adaptive_average_pool.results.json
tensorflow.keras.ops.nn.adaptive_max_pool,python,0.30352461876820946,0.3456,838,287475,,,,,,stage4/results/tensorflow-thesis-all-coverage/coverage_reports/per_api/python/tensorflow.keras.ops.nn.adaptive_max_pool/coverage.json,,,,0,False,json2init/results/tensorflow/tensorflow.keras.ops.nn.adaptive_max_pool.init.json,stage4/results/tensorflow-thesis-all-coverage/execution_results/tensorflow.keras.ops.nn.adaptive_max_pool.results.json
tensorflow.keras.ops.nn.average_pool,python,0.19342255117581975,0.2215,533,287475,,,,,,stage4/results/tensorflow-thesis-all-coverage/coverage_reports/per_api/python/tensorflow.keras.ops.nn.average_pool/coverage.json,,,,0,False,json2init/results/tensorflow/tensorflow.keras.ops.nn.average_pool.init.json,stage4/results/tensorflow-thesis-all-coverage/execution_results/tensorflow.keras.ops.nn.average_pool.results.json
tensorflow.keras.ops.nn.binary_crossentropy,python,0.19234046697343754,0.2129,536,287475,,,,,,stage4/results/tensorflow-thesis-all-coverage/coverage_reports/per_api/python/tensorflow.keras.ops.nn.binary_crossentropy/coverage.json,,,,0,False,json2init/results/tensorflow/tensorflow.keras.ops.nn.binary_crossentropy.init.json,stage4/results/tensorflow-thesis-all-coverage/execution_results/tensorflow.keras.ops.nn.binary_crossentropy.results.json
tensorflow.keras.ops.nn.categorical_crossentropy,python,0.1931520301252242,0.2105,541,287475,,,,,,stage4/results/tensorflow-thesis-all-coverage/coverage_reports/per_api/python/tensorflow.keras.ops.nn.categorical_crossentropy/coverage.json,,,,0,False,json2init/results/tensorflow/tensorflow.keras.ops.nn.categorical_crossentropy.init.json,stage4/results/tensorflow-thesis-all-coverage/execution_results/tensorflow.keras.ops.nn.categorical_crossentropy.results.json
tensorflow.keras.ops.nn.celu,python,0.2150642352234639,0.2421,596,287475,,,,,,stage4/results/tensorflow-thesis-all-coverage/coverage_reports/per_api/python/tensorflow.keras.ops.nn.celu/coverage.json,,,,0,False,json2init/results/tensorflow/tensorflow.keras.ops.nn.celu.init.json,stage4/results/tensorflow-thesis-all-coverage/execution_results/tensorflow.keras.ops.nn.celu.results.json
tensorflow.keras.ops.nn.conv,python,0.24942040864909903,0.2835,689,287475,,,,,,stage4/results/tensorflow-thesis-all-coverage/coverage_reports/per_api/python/tensorflow.keras.ops.nn.conv/coverage.json,,,,0,False,json2init/results/tensorflow/tensorflow.keras.ops.nn.conv.init.json,stage4/results/tensorflow-thesis-all-coverage/execution_results/tensorflow.keras.ops.nn.conv.results.json
tensorflow.keras.ops.nn.conv_transpose,python,0.22101569833656606,0.258,605,287475,,,,,,stage4/results/tensorflow-thesis-all-coverage/coverage_reports/per_api/python/tensorflow.keras.ops.nn.conv_transpose/coverage.json,,,,0,False,json2init/results/tensorflow/tensorflow.keras.ops.nn.conv_transpose.init.json,stage4/results/tensorflow-thesis-all-coverage/execution_results/tensorflow.keras.ops.nn.conv_transpose.results.json
tensorflow.keras.ops.nn.depthwise_conv,python,0.215605277324655,0.2458,595,287475,,,,,,stage4/results/tensorflow-thesis-all-coverage/coverage_reports/per_api/python/tensorflow.keras.ops.nn.depthwise_conv/coverage.json,,,,0,False,json2init/results/tensorflow/tensorflow.keras.ops.nn.depthwise_conv.init.json,stage4/results/tensorflow-thesis-all-coverage/execution_results/tensorflow.keras.ops.nn.depthwise_conv.results.json
tensorflow.keras.ops.nn.elu,python,0.18584796175914428,0.2105,514,287475,,,,,,stage4/results/tensorflow-thesis-all-coverage/coverage_reports/per_api/python/tensorflow.keras.ops.nn.elu/coverage.json,,,,0,False,json2init/results/tensorflow/tensorflow.keras.ops.nn.elu.init.json,stage4/results/tensorflow-thesis-all-coverage/execution_results/tensorflow.keras.ops.nn.elu.results.json
tensorflow.keras.ops.nn.gelu,python,0.20776016685738402,0.2348,575,287475,,,,,,stage4/results/tensorflow-thesis-all-coverage/coverage_reports/per_api/python/tensorflow.keras.ops.nn.gelu/coverage.json,,,,0,False,json2init/results/tensorflow/tensorflow.keras.ops.nn.gelu.init.json,stage4/results/tensorflow-thesis-all-coverage/execution_results/tensorflow.keras.ops.nn.gelu.results.json
tensorflow.keras.ops.nn.glu,python,0.20343183004785517,0.2324,561,287475,,,,,,stage4/results/tensorflow-thesis-all-coverage/coverage_reports/per_api/python/tensorflow.keras.ops.nn.glu/coverage.json,,,,0,False,json2init/results/tensorflow/tensorflow.keras.ops.nn.glu.init.json,stage4/results/tensorflow-thesis-all-coverage/execution_results/tensorflow.keras.ops.nn.glu.results.json
tensorflow.keras.ops.nn.hard_shrink,python,0.20289078794666407,0.2288,562,287475,,,,,,stage4/results/tensorflow-thesis-all-coverage/coverage_reports/per_api/python/tensorflow.keras.ops.nn.hard_shrink/coverage.json,,,,0,False,json2init/results/tensorflow/tensorflow.keras.ops.nn.hard_shrink.init.json,stage4/results/tensorflow-thesis-all-coverage/execution_results/tensorflow.keras.ops.nn.hard_shrink.results.json
tensorflow.keras.ops.nn.hard_sigmoid,python,0.20262026689606852,0.2275,562,287475,,,,,,stage4/results/tensorflow-thesis-all-coverage/coverage_reports/per_api/python/tensorflow.keras.ops.nn.hard_sigmoid/coverage.json,,,,0,False,json2init/results/tensorflow/tensorflow.keras.ops.nn.hard_sigmoid.init.json,stage4/results/tensorflow-thesis-all-coverage/execution_results/tensorflow.keras.ops.nn.hard_sigmoid.results.json
tensorflow.keras.ops.nn.hard_silu,python,0.20694860370559734,0.2312,575,287475,,,,,,stage4/results/tensorflow-thesis-all-coverage/coverage_reports/per_api/python/tensorflow.keras.ops.nn.hard_silu/coverage.json,,,,0,False,json2init/results/tensorflow/tensorflow.keras.ops.nn.hard_silu.init.json,stage4/results/tensorflow-thesis-all-coverage/execution_results/tensorflow.keras.ops.nn.hard_silu.results.json
tensorflow.keras.ops.nn.hard_swish,python,0.20694860370559734,0.2312,575,287475,,,,,,stage4/results/tensorflow-thesis-all-coverage/coverage_reports/per_api/python/tensorflow.keras.ops.nn.hard_swish/coverage.json,,,,0,False,json2init/results/tensorflow/tensorflow.keras.ops.nn.hard_swish.init.json,stage4/results/tensorflow-thesis-all-coverage/execution_results/tensorflow.keras.ops.nn.hard_swish.results.json
tensorflow.keras.ops.nn.hard_tanh,python,0.19666880378296636,0.2251,542,287475,,,,,,stage4/results/tensorflow-thesis-all-coverage/coverage_reports/per_api/python/tensorflow.keras.ops.nn.hard_tanh/coverage.json,,,,0,False,json2init/results/tensorflow/tensorflow.keras.ops.nn.hard_tanh.init.json,stage4/results/tensorflow-thesis-all-coverage/execution_results/tensorflow.keras.ops.nn.hard_tanh.results.json
tensorflow.keras.ops.nn.leaky_relu,python,0.18909421436629092,0.2154,522,287475,,,,,,stage4/results/tensorflow-thesis-all-coverage/coverage_reports/per_api/python/tensorflow.keras.ops.nn.leaky_relu/coverage.json,,,,0,False,json2init/results/tensorflow/tensorflow.keras.ops.nn.leaky_relu.init.json,stage4/results/tensorflow-thesis-all-coverage/execution_results/tensorflow.keras.ops.nn.leaky_relu.results.json
tensorflow.keras.ops.nn.log_sigmoid,python,0.18990577751807758,0.2142,526,287475,,,,,,stage4/results/tensorflow-thesis-all-coverage/coverage_reports/per_api/python/tensorflow.keras.ops.nn.log_sigmoid/coverage.json,,,,0,False,json2init/results/tensorflow/tensorflow.keras.ops.nn.log_sigmoid.init.json,stage4/results/tensorflow-thesis-all-coverage/execution_results/tensorflow.keras.ops.nn.log_sigmoid.results.json
tensorflow.keras.ops.nn.log_softmax,python,0.19234046697343754,0.2166,533,287475,,,,,,stage4/results/tensorflow-thesis-all-coverage/coverage_reports/per_api/python/tensorflow.keras.ops.nn.log_softmax/coverage.json,,,,0,False,json2init/results/tensorflow/tensorflow.keras.ops.nn.log_softmax.init.json,stage4/results/tensorflow-thesis-all-coverage/execution_results/tensorflow.keras.ops.nn.log_softmax.results.json
tensorflow.keras.ops.nn.max_pool,python,0.1993740142889219,0.23,548,287475,,,,,,stage4/results/tensorflow-thesis-all-coverage/coverage_reports/per_api/python/tensorflow.keras.ops.nn.max_pool/coverage.json,,,,0,False,json2init/results/tensorflow/tensorflow.keras.ops.nn.max_pool.init.json,stage4/results/tensorflow-thesis-all-coverage/execution_results/tensorflow.keras.ops.nn.max_pool.results.json
tensorflow.keras.ops.nn.polar,python,0.19044681961926868,0.202,538,287475,,,,,,stage4/results/tensorflow-thesis-all-coverage/coverage_reports/per_api/python/tensorflow.keras.ops.nn.polar/coverage.json,,,,0,False,json2init/results/tensorflow/tensorflow.keras.ops.nn.polar.init.json,stage4/results/tensorflow-thesis-all-coverage/execution_results/tensorflow.keras.ops.nn.polar.results.json
tensorflow.keras.ops.nn.relu,python,0.18584796175914428,0.2105,514,287475,,,,,,stage4/results/tensorflow-thesis-all-coverage/coverage_reports/per_api/python/tensorflow.keras.ops.nn.relu/coverage.json,,,,0,False,json2init/results/tensorflow/tensorflow.keras.ops.nn.relu.init.json,stage4/results/tensorflow-thesis-all-coverage/execution_results/tensorflow.keras.ops.nn.relu.results.json
tensorflow.keras.ops.nn.relu6,python,0.1880121301639087,0.2129,520,287475,,,,,,stage4/results/tensorflow-thesis-all-coverage/coverage_reports/per_api/python/tensorflow.keras.ops.nn.relu6/coverage.json,,,,0,False,json2init/results/tensorflow/tensorflow.keras.ops.nn.relu6.init.json,stage4/results/tensorflow-thesis-all-coverage/execution_results/tensorflow.keras.ops.nn.relu6.results.json
tensorflow.keras.ops.nn.selu,python,0.18584796175914428,0.2105,514,287475,,,,,,stage4/results/tensorflow-thesis-all-coverage/coverage_reports/per_api/python/tensorflow.keras.ops.nn.selu/coverage.json,,,,0,False,json2init/results/tensorflow/tensorflow.keras.ops.nn.selu.init.json,stage4/results/tensorflow-thesis-all-coverage/execution_results/tensorflow.keras.ops.nn.selu.results.json
tensorflow.keras.ops.nn.sigmoid,python,0.1880121301639087,0.2129,520,287475,,,,,,stage4/results/tensorflow-thesis-all-coverage/coverage_reports/per_api/python/tensorflow.keras.ops.nn.sigmoid/coverage.json,,,,0,False,json2init/results/tensorflow/tensorflow.keras.ops.nn.sigmoid.init.json,stage4/results/tensorflow-thesis-all-coverage/execution_results/tensorflow.keras.ops.nn.sigmoid.results.json
tensorflow.keras.ops.nn.silu,python,0.24914988759850348,0.2835,688,287475,,,,,,stage4/results/tensorflow-thesis-all-coverage/coverage_reports/per_api/python/tensorflow.keras.ops.nn.silu/coverage.json,,,,0,False,json2init/results/tensorflow/tensorflow.keras.ops.nn.silu.init.json,stage4/results/tensorflow-thesis-all-coverage/execution_results/tensorflow.keras.ops.nn.silu.results.json
tensorflow.keras.ops.nn.soft_shrink,python,0.2118179826163173,0.2385,587,287475,,,,,,stage4/results/tensorflow-thesis-all-coverage/coverage_reports/per_api/python/tensorflow.keras.ops.nn.soft_shrink/coverage.json,,,,0,False,json2init/results/tensorflow/tensorflow.keras.ops.nn.soft_shrink.init.json,stage4/results/tensorflow-thesis-all-coverage/execution_results/tensorflow.keras.ops.nn.soft_shrink.results.json
tensorflow.keras.ops.nn.softmax,python,0.19396359327701085,0.2227,534,287475,,,,,,stage4/results/tensorflow-thesis-all-coverage/coverage_reports/per_api/python/tensorflow.keras.ops.nn.softmax/coverage.json,,,,0,False,json2init/results/tensorflow/tensorflow.keras.ops.nn.softmax.init.json,stage4/results/tensorflow-thesis-all-coverage/execution_results/tensorflow.keras.ops.nn.softmax.results.json
tensorflow.keras.ops.nn.softplus,python,0.1869300459615265,0.2117,517,287475,,,,,,stage4/results/tensorflow-thesis-all-coverage/coverage_reports/per_api/python/tensorflow.keras.ops.nn.softplus/coverage.json,,,,0,False,json2init/results/tensorflow/tensorflow.keras.ops.nn.softplus.init.json,stage4/results/tensorflow-thesis-all-coverage/execution_results/tensorflow.keras.ops.nn.softplus.results.json
tensorflow.keras.ops.nn.softsign,python,0.18584796175914428,0.2105,514,287475,,,,,,stage4/results/tensorflow-thesis-all-coverage/coverage_reports/per_api/python/tensorflow.keras.ops.nn.softsign/coverage.json,,,,0,False,json2init/results/tensorflow/tensorflow.keras.ops.nn.softsign.init.json,stage4/results/tensorflow-thesis-all-coverage/execution_results/tensorflow.keras.ops.nn.softsign.results.json
tensorflow.keras.ops.nn.sparse_plus,python,0.2191220509823972,0.2458,608,287475,,,,,,stage4/results/tensorflow-thesis-all-coverage/coverage_reports/per_api/python/tensorflow.keras.ops.nn.sparse_plus/coverage.json,,,,0,False,json2init/results/tensorflow/tensorflow.keras.ops.nn.sparse_plus.init.json,stage4/results/tensorflow-thesis-all-coverage/execution_results/tensorflow.keras.ops.nn.sparse_plus.results.json
tensorflow.keras.ops.nn.sparse_sigmoid,python,0.20992433526214843,0.2385,580,287475,,,,,,stage4/results/tensorflow-thesis-all-coverage/coverage_reports/per_api/python/tensorflow.keras.ops.nn.sparse_sigmoid/coverage.json,,,,0,False,json2init/results/tensorflow/tensorflow.keras.ops.nn.sparse_sigmoid.init.json,stage4/results/tensorflow-thesis-all-coverage/execution_results/tensorflow.keras.ops.nn.sparse_sigmoid.results.json
tensorflow.keras.ops.nn.sparsemax,python,0.28431762417592527,0.3115,795,287475,,,,,,stage4/results/tensorflow-thesis-all-coverage/coverage_reports/per_api/python/tensorflow.keras.ops.nn.sparsemax/coverage.json,,,,0,False,json2init/results/tensorflow/tensorflow.keras.ops.nn.sparsemax.init.json,stage4/results/tensorflow-thesis-all-coverage/execution_results/tensorflow.keras.ops.nn.sparsemax.results.json
tensorflow.keras.ops.nn.squareplus,python,0.2072191247561929,0.2361,572,287475,,,,,,stage4/results/tensorflow-thesis-all-coverage/coverage_reports/per_api/python/tensorflow.keras.ops.nn.squareplus/coverage.json,,,,0,False,json2init/results/tensorflow/tensorflow.keras.ops.nn.squareplus.init.json,stage4/results/tensorflow-thesis-all-coverage/execution_results/tensorflow.keras.ops.nn.squareplus.results.json
tensorflow.keras.ops.nn.swish,python,0.24914988759850348,0.2835,688,287475,,,,,,stage4/results/tensorflow-thesis-all-coverage/coverage_reports/per_api/python/tensorflow.keras.ops.nn.swish/coverage.json,,,,0,False,json2init/results/tensorflow/tensorflow.keras.ops.nn.swish.init.json,stage4/results/tensorflow-thesis-all-coverage/execution_results/tensorflow.keras.ops.nn.swish.results.json
tensorflow.keras.ops.nn.tanh_shrink,python,0.1931520301252242,0.2178,535,287475,,,,,,stage4/results/tensorflow-thesis-all-coverage/coverage_reports/per_api/python/tensorflow.keras.ops.nn.tanh_shrink/coverage.json,,,,0,False,json2init/results/tensorflow/tensorflow.keras.ops.nn.tanh_shrink.init.json,stage4/results/tensorflow-thesis-all-coverage/execution_results/tensorflow.keras.ops.nn.tanh_shrink.results.json
tensorflow.keras.ops.nn.unfold,python,0.20505495635142848,0.2263,572,287475,,,,,,stage4/results/tensorflow-thesis-all-coverage/coverage_reports/per_api/python/tensorflow.keras.ops.nn.unfold/coverage.json,,,,0,False,json2init/results/tensorflow/tensorflow.keras.ops.nn.unfold.init.json,stage4/results/tensorflow-thesis-all-coverage/execution_results/tensorflow.keras.ops.nn.unfold.results.json
tensorflow.keras.ops.nonzero,python,0.19558671958058416,0.2227,540,287475,,,,,,stage4/results/tensorflow-thesis-all-coverage/coverage_reports/per_api/python/tensorflow.keras.ops.nonzero/coverage.json,,,,0,False,json2init/results/tensorflow/tensorflow.keras.ops.nonzero.init.json,stage4/results/tensorflow-thesis-all-coverage/execution_results/tensorflow.keras.ops.nonzero.results.json
tensorflow.keras.ops.not_equal,python,0.20234974584547297,0.2263,562,287475,,,,,,stage4/results/tensorflow-thesis-all-coverage/coverage_reports/per_api/python/tensorflow.keras.ops.not_equal/coverage.json,,,,0,False,json2init/results/tensorflow/tensorflow.keras.ops.not_equal.init.json,stage4/results/tensorflow-thesis-all-coverage/execution_results/tensorflow.keras.ops.not_equal.results.json
tensorflow.keras.ops.numpy.absolute,python,0.18855317226509982,0.2142,521,287475,,,,,,stage4/results/tensorflow-thesis-all-coverage/coverage_reports/per_api/python/tensorflow.keras.ops.numpy.absolute/coverage.json,,,,0,False,json2init/results/tensorflow/tensorflow.keras.ops.numpy.absolute.init.json,stage4/results/tensorflow-thesis-all-coverage/execution_results/tensorflow.keras.ops.numpy.absolute.results.json
tensorflow.keras.ops.numpy.add,python,0.20505495635142848,0.23,569,287475,,,,,,stage4/results/tensorflow-thesis-all-coverage/coverage_reports/per_api/python/tensorflow.keras.ops.numpy.add/coverage.json,,,,0,False,json2init/results/tensorflow/tensorflow.keras.ops.numpy.add.init.json,stage4/results/tensorflow-thesis-all-coverage/execution_results/tensorflow.keras.ops.numpy.add.results.json
tensorflow.keras.ops.numpy.all,python,0.19450463537820195,0.2215,537,287475,,,,,,stage4/results/tensorflow-thesis-all-coverage/coverage_reports/per_api/python/tensorflow.keras.ops.numpy.all/coverage.json,,,,0,False,json2init/results/tensorflow/tensorflow.keras.ops.numpy.all.init.json,stage4/results/tensorflow-thesis-all-coverage/execution_results/tensorflow.keras.ops.numpy.all.results.json
tensorflow.keras.ops.numpy.angle,python,0.20018557744070856,0.2202,559,287475,,,,,,stage4/results/tensorflow-thesis-all-coverage/coverage_reports/per_api/python/tensorflow.keras.ops.numpy.angle/coverage.json,,,,0,False,json2init/results/tensorflow/tensorflow.keras.ops.numpy.angle.init.json,stage4/results/tensorflow-thesis-all-coverage/execution_results/tensorflow.keras.ops.numpy.angle.results.json
tensorflow.keras.ops.numpy.any,python,0.19450463537820195,0.2215,537,287475,,,,,,stage4/results/tensorflow-thesis-all-coverage/coverage_reports/per_api/python/tensorflow.keras.ops.numpy.any/coverage.json,,,,0,False,json2init/results/tensorflow/tensorflow.keras.ops.numpy.any.init.json,stage4/results/tensorflow-thesis-all-coverage/execution_results/tensorflow.keras.ops.numpy.any.results.json
tensorflow.keras.ops.numpy.append,python,0.19720984588415746,0.2227,546,287475,,,,,,stage4/results/tensorflow-thesis-all-coverage/coverage_reports/per_api/python/tensorflow.keras.ops.numpy.append/coverage.json,,,,0,False,json2init/results/tensorflow/tensorflow.keras.ops.numpy.append.init.json,stage4/results/tensorflow-thesis-all-coverage/execution_results/tensorflow.keras.ops.numpy.append.results.json
tensorflow.keras.ops.numpy.arccos,python,0.18963525646748203,0.2166,523,287475,,,,,,stage4/results/tensorflow-thesis-all-coverage/coverage_reports/per_api/python/tensorflow.keras.ops.numpy.arccos/coverage.json,,,,0,False,json2init/results/tensorflow/tensorflow.keras.ops.numpy.arccos.init.json,stage4/results/tensorflow-thesis-all-coverage/execution_results/tensorflow.keras.ops.numpy.arccos.results.json
tensorflow.keras.ops.numpy.arccosh,python,0.18936473541688648,0.2166,522,287475,,,,,,stage4/results/tensorflow-thesis-all-coverage/coverage_reports/per_api/python/tensorflow.keras.ops.numpy.arccosh/coverage.json,,,,0,False,json2init/results/tensorflow/tensorflow.keras.ops.numpy.arccosh.init.json,stage4/results/tensorflow-thesis-all-coverage/execution_results/tensorflow.keras.ops.numpy.arccosh.results.json
tensorflow.keras.ops.numpy.arcsin,python,0.18936473541688648,0.2166,522,287475,,,,,,stage4/results/tensorflow-thesis-all-coverage/coverage_reports/per_api/python/tensorflow.keras.ops.numpy.arcsin/coverage.json,,,,0,False,json2init/results/tensorflow/tensorflow.keras.ops.numpy.arcsin.init.json,stage4/results/tensorflow-thesis-all-coverage/execution_results/tensorflow.keras.ops.numpy.arcsin.results.json
tensorflow.keras.ops.numpy.arcsinh,python,0.18936473541688648,0.2166,522,287475,,,,,,stage4/results/tensorflow-thesis-all-coverage/coverage_reports/per_api/python/tensorflow.keras.ops.numpy.arcsinh/coverage.json,,,,0,False,json2init/results/tensorflow/tensorflow.keras.ops.numpy.arcsinh.init.json,stage4/results/tensorflow-thesis-all-coverage/execution_results/tensorflow.keras.ops.numpy.arcsinh.results.json
tensorflow.keras.ops.numpy.arctan,python,0.18936473541688648,0.2166,522,287475,,,,,,stage4/results/tensorflow-thesis-all-coverage/coverage_reports/per_api/python/tensorflow.keras.ops.numpy.arctan/coverage.json,,,,0,False,json2init/results/tensorflow/tensorflow.keras.ops.numpy.arctan.init.json,stage4/results/tensorflow-thesis-all-coverage/execution_results/tensorflow.keras.ops.numpy.arctan.results.json
tensorflow.keras.ops.numpy.arctan2,python,0.18882369331569537,0.2166,520,287475,,,,,,stage4/results/tensorflow-thesis-all-coverage/coverage_reports/per_api/python/tensorflow.keras.ops.numpy.arctan2/coverage.json,,,,0,False,json2init/results/tensorflow/tensorflow.keras.ops.numpy.arctan2.init.json,stage4/results/tensorflow-thesis-all-coverage/execution_results/tensorflow.keras.ops.numpy.arctan2.results.json
tensorflow.keras.ops.numpy.arctanh,python,0.18936473541688648,0.2166,522,287475,,,,,,stage4/results/tensorflow-thesis-all-coverage/coverage_reports/per_api/python/tensorflow.keras.ops.numpy.arctanh/coverage.json,,,,0,False,json2init/results/tensorflow/tensorflow.keras.ops.numpy.arctanh.init.json,stage4/results/tensorflow-thesis-all-coverage/execution_results/tensorflow.keras.ops.numpy.arctanh.results.json
tensorflow.keras.ops.numpy.argmax,python,0.21100641946453064,0.2275,593,287475,,,,,,stage4/results/tensorflow-thesis-all-coverage/coverage_reports/per_api/python/tensorflow.keras.ops.numpy.argmax/coverage.json,,,,0,False,json2init/results/tensorflow/tensorflow.keras.ops.numpy.argmax.init.json,stage4/results/tensorflow-thesis-all-coverage/execution_results/tensorflow.keras.ops.numpy.argmax.results.json
tensorflow.keras.ops.numpy.argmin,python,0.20992433526214843,0.2251,591,287475,,,,,,stage4/results/tensorflow-thesis-all-coverage/coverage_reports/per_api/python/tensorflow.keras.ops.numpy.argmin/coverage.json,,,,0,False,json2init/results/tensorflow/tensorflow.keras.ops.numpy.argmin.init.json,stage4/results/tensorflow-thesis-all-coverage/execution_results/tensorflow.keras.ops.numpy.argmin.results.json
tensorflow.keras.ops.numpy.argsort,python,0.20965381421155288,0.2324,584,287475,,,,,,stage4/results/tensorflow-thesis-all-coverage/coverage_reports/per_api/python/tensorflow.keras.ops.numpy.argsort/coverage.json,,,,0,False,json2init/results/tensorflow/tensorflow.keras.ops.numpy.argsort.init.json,stage4/results/tensorflow-thesis-all-coverage/execution_results/tensorflow.keras.ops.numpy.argsort.results.json
tensorflow.keras.ops.numpy.array,python,0.18395431440497542,0.2093,508,287475,,,,,,stage4/results/tensorflow-thesis-all-coverage/coverage_reports/per_api/python/tensorflow.keras.ops.numpy.array/coverage.json,,,,0,False,json2init/results/tensorflow/tensorflow.keras.ops.numpy.array.init.json,stage4/results/tensorflow-thesis-all-coverage/execution_results/tensorflow.keras.ops.numpy.array.results.json
tensorflow.keras.ops.numpy.bartlett,python,0.2331891456133659,0.2519,655,287475,,,,,,stage4/results/tensorflow-thesis-all-coverage/coverage_reports/per_api/python/tensorflow.keras.ops.numpy.bartlett/coverage.json,,,,0,False,json2init/results/tensorflow/tensorflow.keras.ops.numpy.bartlett.init.json,stage4/results/tensorflow-thesis-all-coverage/execution_results/tensorflow.keras.ops.numpy.bartlett.results.json
tensorflow.keras.ops.numpy.bincount,python,0.21533475627405946,0.2409,598,287475,,,,,,stage4/results/tensorflow-thesis-all-coverage/coverage_reports/per_api/python/tensorflow.keras.ops.numpy.bincount/coverage.json,,,,0,False,json2init/results/tensorflow/tensorflow.keras.ops.numpy.bincount.init.json,stage4/results/tensorflow-thesis-all-coverage/execution_results/tensorflow.keras.ops.numpy.bincount.results.json
tensorflow.keras.ops.numpy.bitwise_and,python,0.16745253031864674,0.1789,472,287475,,,,,,stage4/results/tensorflow-thesis-all-coverage/coverage_reports/per_api/python/tensorflow.keras.ops.numpy.bitwise_and/coverage.json,,,,0,False,json2init/results/tensorflow/tensorflow.keras.ops.numpy.bitwise_and.init.json,stage4/results/tensorflow-thesis-all-coverage/execution_results/tensorflow.keras.ops.numpy.bitwise_and.results.json
tensorflow.keras.ops.numpy.bitwise_left_shift,python,0.16718200926805118,0.1777,472,287475,,,,,,stage4/results/tensorflow-thesis-all-coverage/coverage_reports/per_api/python/tensorflow.keras.ops.numpy.bitwise_left_shift/coverage.json,,,,0,False,json2init/results/tensorflow/tensorflow.keras.ops.numpy.bitwise_left_shift.init.json,stage4/results/tensorflow-thesis-all-coverage/execution_results/tensorflow.keras.ops.numpy.bitwise_left_shift.results.json
tensorflow.keras.ops.numpy.bitwise_not,python,0.15149178833350918,0.157,431,287475,,,,,,stage4/results/tensorflow-thesis-all-coverage/coverage_reports/per_api/python/tensorflow.keras.ops.numpy.bitwise_not/coverage.json,,,,0,False,json2init/results/tensorflow/tensorflow.keras.ops.numpy.bitwise_not.init.json,stage4/results/tensorflow-thesis-all-coverage/execution_results/tensorflow.keras.ops.numpy.bitwise_not.results.json
tensorflow.keras.ops.numpy.bitwise_or,python,0.16745253031864674,0.1789,472,287475,,,,,,stage4/results/tensorflow-thesis-all-coverage/coverage_reports/per_api/python/tensorflow.keras.ops.numpy.bitwise_or/coverage.json,,,,0,False,json2init/results/tensorflow/tensorflow.keras.ops.numpy.bitwise_or.init.json,stage4/results/tensorflow-thesis-all-coverage/execution_results/tensorflow.keras.ops.numpy.bitwise_or.results.json
tensorflow.keras.ops.numpy.bitwise_right_shift,python,0.16718200926805118,0.1777,472,287475,,,,,,stage4/results/tensorflow-thesis-all-coverage/coverage_reports/per_api/python/tensorflow.keras.ops.numpy.bitwise_right_shift/coverage.json,,,,0,False,json2init/results/tensorflow/tensorflow.keras.ops.numpy.bitwise_right_shift.init.json,stage4/results/tensorflow-thesis-all-coverage/execution_results/tensorflow.keras.ops.numpy.bitwise_right_shift.results.json
tensorflow.keras.ops.numpy.bitwise_xor,python,0.16745253031864674,0.1789,472,287475,,,,,,stage4/results/tensorflow-thesis-all-coverage/coverage_reports/per_api/python/tensorflow.keras.ops.numpy.bitwise_xor/coverage.json,,,,0,False,json2init/results/tensorflow/tensorflow.keras.ops.numpy.bitwise_xor.init.json,stage4/results/tensorflow-thesis-all-coverage/execution_results/tensorflow.keras.ops.numpy.bitwise_xor.results.json
tensorflow.keras.ops.numpy.blackman,python,0.21073589841393509,0.2275,592,287475,,,,,,stage4/results/tensorflow-thesis-all-coverage/coverage_reports/per_api/python/tensorflow.keras.ops.numpy.blackman/coverage.json,,,,0,False,json2init/results/tensorflow/tensorflow.keras.ops.numpy.blackman.init.json,stage4/results/tensorflow-thesis-all-coverage/execution_results/tensorflow.keras.ops.numpy.blackman.results.json
tensorflow.keras.ops.numpy.broadcast_to,python,0.19044681961926868,0.2142,528,287475,,,,,,stage4/results/tensorflow-thesis-all-coverage/coverage_reports/per_api/python/tensorflow.keras.ops.numpy.broadcast_to/coverage.json,,,,0,False,json2init/results/tensorflow/tensorflow.keras.ops.numpy.broadcast_to.init.json,stage4/results/tensorflow-thesis-all-coverage/execution_results/tensorflow.keras.ops.numpy.broadcast_to.results.json
tensorflow.keras.ops.numpy.cbrt,python,0.20397287214904627,0.23,565,287475,,,,,,stage4/results/tensorflow-thesis-all-coverage/coverage_reports/per_api/python/tensorflow.keras.ops.numpy.cbrt/coverage.json,,,,0,False,json2init/results/tensorflow/tensorflow.keras.ops.numpy.cbrt.init.json,stage4/results/tensorflow-thesis-all-coverage/execution_results/tensorflow.keras.ops.numpy.cbrt.results.json
tensorflow.keras.ops.numpy.ceil,python,0.18963525646748203,0.2166,523,287475,,,,,,stage4/results/tensorflow-thesis-all-coverage/coverage_reports/per_api/python/tensorflow.keras.ops.numpy.ceil/coverage.json,,,,0,False,json2init/results/tensorflow/tensorflow.keras.ops.numpy.ceil.init.json,stage4/results/tensorflow-thesis-all-coverage/execution_results/tensorflow.keras.ops.numpy.ceil.results.json
tensorflow.keras.ops.numpy.conjugate,python,0.18638900386033538,0.2129,514,287475,,,,,,stage4/results/tensorflow-thesis-all-coverage/coverage_reports/per_api/python/tensorflow.keras.ops.numpy.conjugate/coverage.json,,,,0,False,json2init/results/tensorflow/tensorflow.keras.ops.numpy.conjugate.init.json,stage4/results/tensorflow-thesis-all-coverage/execution_results/tensorflow.keras.ops.numpy.conjugate.results.json
tensorflow.keras.ops.numpy.correlate,python,0.24400998763718798,0.2835,669,287475,,,,,,stage4/results/tensorflow-thesis-all-coverage/coverage_reports/per_api/python/tensorflow.keras.ops.numpy.correlate/coverage.json,,,,0,False,json2init/results/tensorflow/tensorflow.keras.ops.numpy.correlate.init.json,stage4/results/tensorflow-thesis-all-coverage/execution_results/tensorflow.keras.ops.numpy.correlate.results.json
tensorflow.keras.ops.numpy.cos,python,0.18936473541688648,0.2166,522,287475,,,,,,stage4/results/tensorflow-thesis-all-coverage/coverage_reports/per_api/python/tensorflow.keras.ops.numpy.cos/coverage.json,,,,0,False,json2init/results/tensorflow/tensorflow.keras.ops.numpy.cos.init.json,stage4/results/tensorflow-thesis-all-coverage/execution_results/tensorflow.keras.ops.numpy.cos.results.json
tensorflow.keras.ops.numpy.cosh,python,0.18936473541688648,0.2166,522,287475,,,,,,stage4/results/tensorflow-thesis-all-coverage/coverage_reports/per_api/python/tensorflow.keras.ops.numpy.cosh/coverage.json,,,,0,False,json2init/results/tensorflow/tensorflow.keras.ops.numpy.cosh.init.json,stage4/results/tensorflow-thesis-all-coverage/execution_results/tensorflow.keras.ops.numpy.cosh.results.json
tensorflow.keras.ops.numpy.count_nonzero,python,0.21154746156572174,0.2397,585,287475,,,,,,stage4/results/tensorflow-thesis-all-coverage/coverage_reports/per_api/python/tensorflow.keras.ops.numpy.count_nonzero/coverage.json,,,,0,False,json2init/results/tensorflow/tensorflow.keras.ops.numpy.count_nonzero.init.json,stage4/results/tensorflow-thesis-all-coverage/execution_results/tensorflow.keras.ops.numpy.count_nonzero.results.json
tensorflow.keras.ops.numpy.cumprod,python,0.19450463537820195,0.2166,541,287475,,,,,,stage4/results/tensorflow-thesis-all-coverage/coverage_reports/per_api/python/tensorflow.keras.ops.numpy.cumprod/coverage.json,,,,0,False,json2init/results/tensorflow/tensorflow.keras.ops.numpy.cumprod.init.json,stage4/results/tensorflow-thesis-all-coverage/execution_results/tensorflow.keras.ops.numpy.cumprod.results.json
tensorflow.keras.ops.numpy.cumsum,python,0.19450463537820195,0.2166,541,287475,,,,,,stage4/results/tensorflow-thesis-all-coverage/coverage_reports/per_api/python/tensorflow.keras.ops.numpy.cumsum/coverage.json,,,,0,False,json2init/results/tensorflow/tensorflow.keras.ops.numpy.cumsum.init.json,stage4/results/tensorflow-thesis-all-coverage/execution_results/tensorflow.keras.ops.numpy.cumsum.results.json
tensorflow.keras.ops.numpy.diagflat,python,0.19612776168177526,0.2202,544,287475,,,,,,stage4/results/tensorflow-thesis-all-coverage/coverage_reports/per_api/python/tensorflow.keras.ops.numpy.diagflat/coverage.json,,,,0,False,json2init/results/tensorflow/tensorflow.keras.ops.numpy.diagflat.init.json,stage4/results/tensorflow-thesis-all-coverage/execution_results/tensorflow.keras.ops.numpy.diagflat.results.json
tensorflow.keras.ops.numpy.diagonal,python,0.21019485631274398,0.2397,580,287475,,,,,,stage4/results/tensorflow-thesis-all-coverage/coverage_reports/per_api/python/tensorflow.keras.ops.numpy.diagonal/coverage.json,,,,0,False,json2init/results/tensorflow/tensorflow.keras.ops.numpy.diagonal.init.json,stage4/results/tensorflow-thesis-all-coverage/execution_results/tensorflow.keras.ops.numpy.diagonal.results.json
tensorflow.keras.ops.numpy.divide,python,0.19856245113713525,0.2275,547,287475,,,,,,stage4/results/tensorflow-thesis-all-coverage/coverage_reports/per_api/python/tensorflow.keras.ops.numpy.divide/coverage.json,,,,0,False,json2init/results/tensorflow/tensorflow.keras.ops.numpy.divide.init.json,stage4/results/tensorflow-thesis-all-coverage/execution_results/tensorflow.keras.ops.numpy.divide.results.json
tensorflow.keras.ops.numpy.empty,python,0.15392647778886914,0.1667,432,287475,,,,,,stage4/results/tensorflow-thesis-all-coverage/coverage_reports/per_api/python/tensorflow.keras.ops.numpy.empty/coverage.json,,,,0,False,json2init/results/tensorflow/tensorflow.keras.ops.numpy.empty.init.json,stage4/results/tensorflow-thesis-all-coverage/execution_results/tensorflow.keras.ops.numpy.empty.results.json
tensorflow.keras.ops.numpy.equal,python,0.18909421436629092,0.2166,521,287475,,,,,,stage4/results/tensorflow-thesis-all-coverage/coverage_reports/per_api/python/tensorflow.keras.ops.numpy.equal/coverage.json,,,,0,False,json2init/results/tensorflow/tensorflow.keras.ops.numpy.equal.init.json,stage4/results/tensorflow-thesis-all-coverage/execution_results/tensorflow.keras.ops.numpy.equal.results.json
tensorflow.keras.ops.numpy.exp,python,0.1869300459615265,0.2117,517,287475,,,,,,stage4/results/tensorflow-thesis-all-coverage/coverage_reports/per_api/python/tensorflow.keras.ops.numpy.exp/coverage.json,,,,0,False,json2init/results/tensorflow/tensorflow.keras.ops.numpy.exp.init.json,stage4/results/tensorflow-thesis-all-coverage/execution_results/tensorflow.keras.ops.numpy.exp.results.json
tensorflow.keras.ops.numpy.exp2,python,0.18638900386033538,0.2105,516,287475,,,,,,stage4/results/tensorflow-thesis-all-coverage/coverage_reports/per_api/python/tensorflow.keras.ops.numpy.exp2/coverage.json,,,,0,False,json2init/results/tensorflow/tensorflow.keras.ops.numpy.exp2.init.json,stage4/results/tensorflow-thesis-all-coverage/execution_results/tensorflow.keras.ops.numpy.exp2.results.json
tensorflow.keras.ops.numpy.flip,python,0.19856245113713525,0.2251,549,287475,,,,,,stage4/results/tensorflow-thesis-all-coverage/coverage_reports/per_api/python/tensorflow.keras.ops.numpy.flip/coverage.json,,,,0,False,json2init/results/tensorflow/tensorflow.keras.ops.numpy.flip.init.json,stage4/results/tensorflow-thesis-all-coverage/execution_results/tensorflow.keras.ops.numpy.flip.results.json
tensorflow.keras.ops.numpy.floor,python,0.18963525646748203,0.2166,523,287475,,,,,,stage4/results/tensorflow-thesis-all-coverage/coverage_reports/per_api/python/tensorflow.keras.ops.numpy.floor/coverage.json,,,,0,False,json2init/results/tensorflow/tensorflow.keras.ops.numpy.floor.init.json,stage4/results/tensorflow-thesis-all-coverage/execution_results/tensorflow.keras.ops.numpy.floor.results.json
tensorflow.keras.ops.numpy.gcd,python,0.3105581660836938,0.3529,858,287475,,,,,,stage4/results/tensorflow-thesis-all-coverage/coverage_reports/per_api/python/tensorflow.keras.ops.numpy.gcd/coverage.json,,,,0,False,json2init/results/tensorflow/tensorflow.keras.ops.numpy.gcd.init.json,stage4/results/tensorflow-thesis-all-coverage/execution_results/tensorflow.keras.ops.numpy.gcd.results.json
tensorflow.keras.ops.numpy.greater,python,0.1963982827323708,0.219,546,287475,,,,,,stage4/results/tensorflow-thesis-all-coverage/coverage_reports/per_api/python/tensorflow.keras.ops.numpy.greater/coverage.json,,,,0,False,json2init/results/tensorflow/tensorflow.keras.ops.numpy.greater.init.json,stage4/results/tensorflow-thesis-all-coverage/execution_results/tensorflow.keras.ops.numpy.greater.results.json
tensorflow.keras.ops.numpy.greater_equal,python,0.1963982827323708,0.219,546,287475,,,,,,stage4/results/tensorflow-thesis-all-coverage/coverage_reports/per_api/python/tensorflow.keras.ops.numpy.greater_equal/coverage.json,,,,0,False,json2init/results/tensorflow/tensorflow.keras.ops.numpy.greater_equal.init.json,stage4/results/tensorflow-thesis-all-coverage/execution_results/tensorflow.keras.ops.numpy.greater_equal.results.json
tensorflow.keras.ops.numpy.hamming,python,0.23508279296753476,0.2519,662,287475,,,,,,stage4/results/tensorflow-thesis-all-coverage/coverage_reports/per_api/python/tensorflow.keras.ops.numpy.hamming/coverage.json,,,,0,False,json2init/results/tensorflow/tensorflow.keras.ops.numpy.hamming.init.json,stage4/results/tensorflow-thesis-all-coverage/execution_results/tensorflow.keras.ops.numpy.hamming.results.json
tensorflow.keras.ops.numpy.hanning,python,0.23508279296753476,0.2519,662,287475,,,,,,stage4/results/tensorflow-thesis-all-coverage/coverage_reports/per_api/python/tensorflow.keras.ops.numpy.hanning/coverage.json,,,,0,False,json2init/results/tensorflow/tensorflow.keras.ops.numpy.hanning.init.json,stage4/results/tensorflow-thesis-all-coverage/execution_results/tensorflow.keras.ops.numpy.hanning.results.json
tensorflow.keras.ops.numpy.heaviside,python,0.20938329316095733,0.2373,579,287475,,,,,,stage4/results/tensorflow-thesis-all-coverage/coverage_reports/per_api/python/tensorflow.keras.ops.numpy.heaviside/coverage.json,,,,0,False,json2init/results/tensorflow/tensorflow.keras.ops.numpy.heaviside.init.json,stage4/results/tensorflow-thesis-all-coverage/execution_results/tensorflow.keras.ops.numpy.heaviside.results.json
tensorflow.keras.ops.numpy.histogram,python,0.4103804337534525,0.4539,1144,287475,,,,,,stage4/results/tensorflow-thesis-all-coverage/coverage_reports/per_api/python/tensorflow.keras.ops.numpy.histogram/coverage.json,,,,0,False,json2init/results/tensorflow/tensorflow.keras.ops.numpy.histogram.init.json,stage4/results/tensorflow-thesis-all-coverage/execution_results/tensorflow.keras.ops.numpy.histogram.results.json
tensorflow.keras.ops.numpy.hstack,python,0.2264261193484771,0.2604,623,287475,,,,,,stage4/results/tensorflow-thesis-all-coverage/coverage_reports/per_api/python/tensorflow.keras.ops.numpy.hstack/coverage.json,,,,0,False,json2init/results/tensorflow/tensorflow.keras.ops.numpy.hstack.init.json,stage4/results/tensorflow-thesis-all-coverage/execution_results/tensorflow.keras.ops.numpy.hstack.results.json
tensorflow.keras.ops.numpy.hypot,python,0.22886080880383708,0.2507,640,287475,,,,,,stage4/results/tensorflow-thesis-all-coverage/coverage_reports/per_api/python/tensorflow.keras.ops.numpy.hypot/coverage.json,,,,0,False,json2init/results/tensorflow/tensorflow.keras.ops.numpy.hypot.init.json,stage4/results/tensorflow-thesis-all-coverage/execution_results/tensorflow.keras.ops.numpy.hypot.results.json
tensorflow.keras.ops.numpy.identity,python,0.17773233024127771,0.1996,493,287475,,,,,,stage4/results/tensorflow-thesis-all-coverage/coverage_reports/per_api/python/tensorflow.keras.ops.numpy.identity/coverage.json,,,,0,False,json2init/results/tensorflow/tensorflow.keras.ops.numpy.identity.init.json,stage4/results/tensorflow-thesis-all-coverage/execution_results/tensorflow.keras.ops.numpy.identity.results.json
tensorflow.keras.ops.numpy.imag,python,0.1926109880240331,0.2178,533,287475,,,,,,stage4/results/tensorflow-thesis-all-coverage/coverage_reports/per_api/python/tensorflow.keras.ops.numpy.imag/coverage.json,,,,0,False,json2init/results/tensorflow/tensorflow.keras.ops.numpy.imag.init.json,stage4/results/tensorflow-thesis-all-coverage/execution_results/tensorflow.keras.ops.numpy.imag.results.json
tensorflow.keras.ops.numpy.inner,python,0.2545603086104145,0.2945,699,287475,,,,,,stage4/results/tensorflow-thesis-all-coverage/coverage_reports/per_api/python/tensorflow.keras.ops.numpy.inner/coverage.json,,,,0,False,json2init/results/tensorflow/tensorflow.keras.ops.numpy.inner.init.json,stage4/results/tensorflow-thesis-all-coverage/execution_results/tensorflow.keras.ops.numpy.inner.results.json
tensorflow.keras.ops.numpy.isin,python,0.22750820355085932,0.2555,631,287475,,,,,,stage4/results/tensorflow-thesis-all-coverage/coverage_reports/per_api/python/tensorflow.keras.ops.numpy.isin/coverage.json,,,,0,False,json2init/results/tensorflow/tensorflow.keras.ops.numpy.isin.init.json,stage4/results/tensorflow-thesis-all-coverage/execution_results/tensorflow.keras.ops.numpy.isin.results.json
tensorflow.keras.ops.numpy.isinf,python,0.18584796175914428,0.2105,514,287475,,,,,,stage4/results/tensorflow-thesis-all-coverage/coverage_reports/per_api/python/tensorflow.keras.ops.numpy.isinf/coverage.json,,,,0,False,json2init/results/tensorflow/tensorflow.keras.ops.numpy.isinf.init.json,stage4/results/tensorflow-thesis-all-coverage/execution_results/tensorflow.keras.ops.numpy.isinf.results.json
tensorflow.keras.ops.numpy.isnan,python,0.18584796175914428,0.2105,514,287475,,,,,,stage4/results/tensorflow-thesis-all-coverage/coverage_reports/per_api/python/tensorflow.keras.ops.numpy.isnan/coverage.json,,,,0,False,json2init/results/tensorflow/tensorflow.keras.ops.numpy.isnan.init.json,stage4/results/tensorflow-thesis-all-coverage/execution_results/tensorflow.keras.ops.numpy.isnan.results.json
tensorflow.keras.ops.numpy.isneginf,python,0.1880121301639087,0.2117,521,287475,,,,,,stage4/results/tensorflow-thesis-all-coverage/coverage_reports/per_api/python/tensorflow.keras.ops.numpy.isneginf/coverage.json,,,,0,False,json2init/results/tensorflow/tensorflow.keras.ops.numpy.isneginf.init.json,stage4/results/tensorflow-thesis-all-coverage/execution_results/tensorflow.keras.ops.numpy.isneginf.results.json
tensorflow.keras.ops.numpy.isposinf,python,0.18611848280973983,0.2105,515,287475,,,,,,stage4/results/tensorflow-thesis-all-coverage/coverage_reports/per_api/python/tensorflow.keras.ops.numpy.isposinf/coverage.json,,,,0,False,json2init/results/tensorflow/tensorflow.keras.ops.numpy.isposinf.init.json,stage4/results/tensorflow-thesis-all-coverage/execution_results/tensorflow.keras.ops.numpy.isposinf.results.json
tensorflow.keras.ops.numpy.kaiser,python,0.24211634028301912,0.258,683,287475,,,,,,stage4/results/tensorflow-thesis-all-coverage/coverage_reports/per_api/python/tensorflow.keras.ops.numpy.kaiser/coverage.json,,,,0,False,json2init/results/tensorflow/tensorflow.keras.ops.numpy.kaiser.init.json,stage4/results/tensorflow-thesis-all-coverage/execution_results/tensorflow.keras.ops.numpy.kaiser.results.json
tensorflow.keras.ops.numpy.kron,python,0.23291862456277035,0.2677,641,287475,,,,,,stage4/results/tensorflow-thesis-all-coverage/coverage_reports/per_api/python/tensorflow.keras.ops.numpy.kron/coverage.json,,,,0,False,json2init/results/tensorflow/tensorflow.keras.ops.numpy.kron.init.json,stage4/results/tensorflow-thesis-all-coverage/execution_results/tensorflow.keras.ops.numpy.kron.results.json
tensorflow.keras.ops.numpy.lcm,python,0.3156980660450093,0.3529,877,287475,,,,,,stage4/results/tensorflow-thesis-all-coverage/coverage_reports/per_api/python/tensorflow.keras.ops.numpy.lcm/coverage.json,,,,0,False,json2init/results/tensorflow/tensorflow.keras.ops.numpy.lcm.init.json,stage4/results/tensorflow-thesis-all-coverage/execution_results/tensorflow.keras.ops.numpy.lcm.results.json
tensorflow.keras.ops.numpy.ldexp,python,0.18503639860735763,0.202,518,287475,,,,,,stage4/results/tensorflow-thesis-all-coverage/coverage_reports/per_api/python/tensorflow.keras.ops.numpy.ldexp/coverage.json,,,,0,False,json2init/results/tensorflow/tensorflow.keras.ops.numpy.ldexp.init.json,stage4/results/tensorflow-thesis-all-coverage/execution_results/tensorflow.keras.ops.numpy.ldexp.results.json
tensorflow.keras.ops.numpy.left_shift,python,0.16718200926805118,0.1777,472,287475,,,,,,stage4/results/tensorflow-thesis-all-coverage/coverage_reports/per_api/python/tensorflow.keras.ops.numpy.left_shift/coverage.json,,,,0,False,json2init/results/tensorflow/tensorflow.keras.ops.numpy.left_shift.init.json,stage4/results/tensorflow-thesis-all-coverage/execution_results/tensorflow.keras.ops.numpy.left_shift.results.json
tensorflow.keras.ops.numpy.less,python,0.1963982827323708,0.219,546,287475,,,,,,stage4/results/tensorflow-thesis-all-coverage/coverage_reports/per_api/python/tensorflow.keras.ops.numpy.less/coverage.json,,,,0,False,json2init/results/tensorflow/tensorflow.keras.ops.numpy.less.init.json,stage4/results/tensorflow-thesis-all-coverage/execution_results/tensorflow.keras.ops.numpy.less.results.json
tensorflow.keras.ops.numpy.less_equal,python,0.1963982827323708,0.219,546,287475,,,,,,stage4/results/tensorflow-thesis-all-coverage/coverage_reports/per_api/python/tensorflow.keras.ops.numpy.less_equal/coverage.json,,,,0,False,json2init/results/tensorflow/tensorflow.keras.ops.numpy.less_equal.init.json,stage4/results/tensorflow-thesis-all-coverage/execution_results/tensorflow.keras.ops.numpy.less_equal.results.json
tensorflow.keras.ops.numpy.log,python,0.18936473541688648,0.2166,522,287475,,,,,,stage4/results/tensorflow-thesis-all-coverage/coverage_reports/per_api/python/tensorflow.keras.ops.numpy.log/coverage.json,,,,0,False,json2init/results/tensorflow/tensorflow.keras.ops.numpy.log.init.json,stage4/results/tensorflow-thesis-all-coverage/execution_results/tensorflow.keras.ops.numpy.log.results.json
tensorflow.keras.ops.numpy.log10,python,0.20018557744070856,0.2275,553,287475,,,,,,stage4/results/tensorflow-thesis-all-coverage/coverage_reports/per_api/python/tensorflow.keras.ops.numpy.log10/coverage.json,,,,0,False,json2init/results/tensorflow/tensorflow.keras.ops.numpy.log10.init.json,stage4/results/tensorflow-thesis-all-coverage/execution_results/tensorflow.keras.ops.numpy.log10.results.json
tensorflow.keras.ops.numpy.log1p,python,0.18936473541688648,0.2166,522,287475,,,,,,stage4/results/tensorflow-thesis-all-coverage/coverage_reports/per_api/python/tensorflow.keras.ops.numpy.log1p/coverage.json,,,,0,False,json2init/results/tensorflow/tensorflow.keras.ops.numpy.log1p.init.json,stage4/results/tensorflow-thesis-all-coverage/execution_results/tensorflow.keras.ops.numpy.log1p.results.json
tensorflow.keras.ops.numpy.log2,python,0.20018557744070856,0.2275,553,287475,,,,,,stage4/results/tensorflow-thesis-all-coverage/coverage_reports/per_api/python/tensorflow.keras.ops.numpy.log2/coverage.json,,,,0,False,json2init/results/tensorflow/tensorflow.keras.ops.numpy.log2.init.json,stage4/results/tensorflow-thesis-all-coverage/execution_results/tensorflow.keras.ops.numpy.log2.results.json
tensorflow.keras.ops.numpy.logaddexp,python,0.22886080880383708,0.2507,640,287475,,,,,,stage4/results/tensorflow-thesis-all-coverage/coverage_reports/per_api/python/tensorflow.keras.ops.numpy.logaddexp/coverage.json,,,,0,False,json2init/results/tensorflow/tensorflow.keras.ops.numpy.logaddexp.init.json,stage4/results/tensorflow-thesis-all-coverage/execution_results/tensorflow.keras.ops.numpy.logaddexp.results.json
tensorflow.keras.ops.numpy.logical_and,python,0.19802140903594412,0.2202,551,287475,,,,,,stage4/results/tensorflow-thesis-all-coverage/coverage_reports/per_api/python/tensorflow.keras.ops.numpy.logical_and/coverage.json,,,,0,False,json2init/results/tensorflow/tensorflow.keras.ops.numpy.logical_and.init.json,stage4/results/tensorflow-thesis-all-coverage/execution_results/tensorflow.keras.ops.numpy.logical_and.results.json
tensorflow.keras.ops.numpy.logical_not,python,0.19017629856867313,0.2166,525,287475,,,,,,stage4/results/tensorflow-thesis-all-coverage/coverage_reports/per_api/python/tensorflow.keras.ops.numpy.logical_not/coverage.json,,,,0,False,json2init/results/tensorflow/tensorflow.keras.ops.numpy.logical_not.init.json,stage4/results/tensorflow-thesis-all-coverage/execution_results/tensorflow.keras.ops.numpy.logical_not.results.json
tensorflow.keras.ops.numpy.logical_or,python,0.19802140903594412,0.2202,551,287475,,,,,,stage4/results/tensorflow-thesis-all-coverage/coverage_reports/per_api/python/tensorflow.keras.ops.numpy.logical_or/coverage.json,,,,0,False,json2init/results/tensorflow/tensorflow.keras.ops.numpy.logical_or.init.json,stage4/results/tensorflow-thesis-all-coverage/execution_results/tensorflow.keras.ops.numpy.logical_or.results.json
tensorflow.keras.ops.numpy.logical_xor,python,0.20776016685738402,0.23,579,287475,,,,,,stage4/results/tensorflow-thesis-all-coverage/coverage_reports/per_api/python/tensorflow.keras.ops.numpy.logical_xor/coverage.json,,,,0,False,json2init/results/tensorflow/tensorflow.keras.ops.numpy.logical_xor.init.json,stage4/results/tensorflow-thesis-all-coverage/execution_results/tensorflow.keras.ops.numpy.logical_xor.results.json
tensorflow.keras.ops.numpy.matmul,python,0.2353533140181303,0.2677,650,287475,,,,,,stage4/results/tensorflow-thesis-all-coverage/coverage_reports/per_api/python/tensorflow.keras.ops.numpy.matmul/coverage.json,,,,0,False,json2init/results/tensorflow/tensorflow.keras.ops.numpy.matmul.init.json,stage4/results/tensorflow-thesis-all-coverage/execution_results/tensorflow.keras.ops.numpy.matmul.results.json
tensorflow.keras.ops.numpy.maximum,python,0.1958572406311797,0.2178,545,287475,,,,,,stage4/results/tensorflow-thesis-all-coverage/coverage_reports/per_api/python/tensorflow.keras.ops.numpy.maximum/coverage.json,,,,0,False,json2init/results/tensorflow/tensorflow.keras.ops.numpy.maximum.init.json,stage4/results/tensorflow-thesis-all-coverage/execution_results/tensorflow.keras.ops.numpy.maximum.results.json
tensorflow.keras.ops.numpy.mean,python,0.1936930722264153,0.2215,534,287475,,,,,,stage4/results/tensorflow-thesis-all-coverage/coverage_reports/per_api/python/tensorflow.keras.ops.numpy.mean/coverage.json,,,,0,False,json2init/results/tensorflow/tensorflow.keras.ops.numpy.mean.init.json,stage4/results/tensorflow-thesis-all-coverage/execution_results/tensorflow.keras.ops.numpy.mean.results.json
tensorflow.keras.ops.numpy.median,python,0.32949463962538245,0.3784,907,287475,,,,,,stage4/results/tensorflow-thesis-all-coverage/coverage_reports/per_api/python/tensorflow.keras.ops.numpy.median/coverage.json,,,,0,False,json2init/results/tensorflow/tensorflow.keras.ops.numpy.median.init.json,stage4/results/tensorflow-thesis-all-coverage/execution_results/tensorflow.keras.ops.numpy.median.results.json
tensorflow.keras.ops.numpy.minimum,python,0.18828265121450424,0.2154,519,287475,,,,,,stage4/results/tensorflow-thesis-all-coverage/coverage_reports/per_api/python/tensorflow.keras.ops.numpy.minimum/coverage.json,,,,0,False,json2init/results/tensorflow/tensorflow.keras.ops.numpy.minimum.init.json,stage4/results/tensorflow-thesis-all-coverage/execution_results/tensorflow.keras.ops.numpy.minimum.results.json
tensorflow.keras.ops.numpy.mod,python,0.1963982827323708,0.219,546,287475,,,,,,stage4/results/tensorflow-thesis-all-coverage/coverage_reports/per_api/python/tensorflow.keras.ops.numpy.mod/coverage.json,,,,0,False,json2init/results/tensorflow/tensorflow.keras.ops.numpy.mod.init.json,stage4/results/tensorflow-thesis-all-coverage/execution_results/tensorflow.keras.ops.numpy.mod.results.json
tensorflow.keras.ops.numpy.multiply,python,0.20180870374428186,0.2251,561,287475,,,,,,stage4/results/tensorflow-thesis-all-coverage/coverage_reports/per_api/python/tensorflow.keras.ops.numpy.multiply/coverage.json,,,,0,False,json2init/results/tensorflow/tensorflow.keras.ops.numpy.multiply.init.json,stage4/results/tensorflow-thesis-all-coverage/execution_results/tensorflow.keras.ops.numpy.multiply.results.json
tensorflow.keras.ops.numpy.ndim,python,0.18503639860735763,0.2105,511,287475,,,,,,stage4/results/tensorflow-thesis-all-coverage/coverage_reports/per_api/python/tensorflow.keras.ops.numpy.ndim/coverage.json,,,,0,False,json2init/results/tensorflow/tensorflow.keras.ops.numpy.ndim.init.json,stage4/results/tensorflow-thesis-all-coverage/execution_results/tensorflow.keras.ops.numpy.ndim.results.json
tensorflow.keras.ops.numpy.negative,python,0.18665952491093094,0.2117,516,287475,,,,,,stage4/results/tensorflow-thesis-all-coverage/coverage_reports/per_api/python/tensorflow.keras.ops.numpy.negative/coverage.json,,,,0,False,json2init/results/tensorflow/tensorflow.keras.ops.numpy.negative.init.json,stage4/results/tensorflow-thesis-all-coverage/execution_results/tensorflow.keras.ops.numpy.negative.results.json
tensorflow.keras.ops.numpy.nonzero,python,0.19558671958058416,0.2227,540,287475,,,,,,stage4/results/tensorflow-thesis-all-coverage/coverage_reports/per_api/python/tensorflow.keras.ops.numpy.nonzero/coverage.json,,,,0,False,json2init/results/tensorflow/tensorflow.keras.ops.numpy.nonzero.init.json,stage4/results/tensorflow-thesis-all-coverage/execution_results/tensorflow.keras.ops.numpy.nonzero.results.json
tensorflow.keras.ops.numpy.not_equal,python,0.18909421436629092,0.2166,521,287475,,,,,,stage4/results/tensorflow-thesis-all-coverage/coverage_reports/per_api/python/tensorflow.keras.ops.numpy.not_equal/coverage.json,,,,0,False,json2init/results/tensorflow/tensorflow.keras.ops.numpy.not_equal.init.json,stage4/results/tensorflow-thesis-all-coverage/execution_results/tensorflow.keras.ops.numpy.not_equal.results.json
tensorflow.keras.ops.numpy.ones,python,0.15257387253589139,0.1655,428,287475,,,,,,stage4/results/tensorflow-thesis-all-coverage/coverage_reports/per_api/python/tensorflow.keras.ops.numpy.ones/coverage.json,,,,0,False,json2init/results/tensorflow/tensorflow.keras.ops.numpy.ones.init.json,stage4/results/tensorflow-thesis-all-coverage/execution_results/tensorflow.keras.ops.numpy.ones.results.json
tensorflow.keras.ops.numpy.ones_like,python,0.18963525646748203,0.2154,524,287475,,,,,,stage4/results/tensorflow-thesis-all-coverage/coverage_reports/per_api/python/tensorflow.keras.ops.numpy.ones_like/coverage.json,,,,0,False,json2init/results/tensorflow/tensorflow.keras.ops.numpy.ones_like.init.json,stage4/results/tensorflow-thesis-all-coverage/execution_results/tensorflow.keras.ops.numpy.ones_like.results.json
tensorflow.keras.ops.numpy.pad,python,0.19044681961926868,0.2178,525,287475,,,,,,stage4/results/tensorflow-thesis-all-coverage/coverage_reports/per_api/python/tensorflow.keras.ops.numpy.pad/coverage.json,,,,0,False,json2init/results/tensorflow/tensorflow.keras.ops.numpy.pad.init.json,stage4/results/tensorflow-thesis-all-coverage/execution_results/tensorflow.keras.ops.numpy.pad.results.json
tensorflow.keras.ops.numpy.ravel,python,0.19125838277105534,0.2142,531,287475,,,,,,stage4/results/tensorflow-thesis-all-coverage/coverage_reports/per_api/python/tensorflow.keras.ops.numpy.ravel/coverage.json,,,,0,False,json2init/results/tensorflow/tensorflow.keras.ops.numpy.ravel.init.json,stage4/results/tensorflow-thesis-all-coverage/execution_results/tensorflow.keras.ops.numpy.ravel.results.json
tensorflow.keras.ops.numpy.real,python,0.18720056701212204,0.2142,516,287475,,,,,,stage4/results/tensorflow-thesis-all-coverage/coverage_reports/per_api/python/tensorflow.keras.ops.numpy.real/coverage.json,,,,0,False,json2init/results/tensorflow/tensorflow.keras.ops.numpy.real.init.json,stage4/results/tensorflow-thesis-all-coverage/execution_results/tensorflow.keras.ops.numpy.real.results.json
tensorflow.keras.ops.numpy.reciprocal,python,0.18665952491093094,0.2117,516,287475,,,,,,stage4/results/tensorflow-thesis-all-coverage/coverage_reports/per_api/python/tensorflow.keras.ops.numpy.reciprocal/coverage.json,,,,0,False,json2init/results/tensorflow/tensorflow.keras.ops.numpy.reciprocal.init.json,stage4/results/tensorflow-thesis-all-coverage/execution_results/tensorflow.keras.ops.numpy.reciprocal.results.json
tensorflow.keras.ops.numpy.right_shift,python,0.16718200926805118,0.1777,472,287475,,,,,,stage4/results/tensorflow-thesis-all-coverage/coverage_reports/per_api/python/tensorflow.keras.ops.numpy.right_shift/coverage.json,,,,0,False,json2init/results/tensorflow/tensorflow.keras.ops.numpy.right_shift.init.json,stage4/results/tensorflow-thesis-all-coverage/execution_results/tensorflow.keras.ops.numpy.right_shift.results.json
tensorflow.keras.ops.numpy.round,python,0.18828265121450424,0.2142,520,287475,,,,,,stage4/results/tensorflow-thesis-all-coverage/coverage_reports/per_api/python/tensorflow.keras.ops.numpy.round/coverage.json,,,,0,False,json2init/results/tensorflow/tensorflow.keras.ops.numpy.round.init.json,stage4/results/tensorflow-thesis-all-coverage/execution_results/tensorflow.keras.ops.numpy.round.results.json
tensorflow.keras.ops.numpy.searchsorted,python,0.251855098104459,0.2896,693,287475,,,,,,stage4/results/tensorflow-thesis-all-coverage/coverage_reports/per_api/python/tensorflow.keras.ops.numpy.searchsorted/coverage.json,,,,0,False,json2init/results/tensorflow/tensorflow.keras.ops.numpy.searchsorted.init.json,stage4/results/tensorflow-thesis-all-coverage/execution_results/tensorflow.keras.ops.numpy.searchsorted.results.json
tensorflow.keras.ops.numpy.sign,python,0.18828265121450424,0.2142,520,287475,,,,,,stage4/results/tensorflow-thesis-all-coverage/coverage_reports/per_api/python/tensorflow.keras.ops.numpy.sign/coverage.json,,,,0,False,json2init/results/tensorflow/tensorflow.keras.ops.numpy.sign.init.json,stage4/results/tensorflow-thesis-all-coverage/execution_results/tensorflow.keras.ops.numpy.sign.results.json
tensorflow.keras.ops.numpy.signbit,python,0.1936930722264153,0.2178,537,287475,,,,,,stage4/results/tensorflow-thesis-all-coverage/coverage_reports/per_api/python/tensorflow.keras.ops.numpy.signbit/coverage.json,,,,0,False,json2init/results/tensorflow/tensorflow.keras.ops.numpy.signbit.init.json,stage4/results/tensorflow-thesis-all-coverage/execution_results/tensorflow.keras.ops.numpy.signbit.results.json
tensorflow.keras.ops.numpy.sin,python,0.18936473541688648,0.2166,522,287475,,,,,,stage4/results/tensorflow-thesis-all-coverage/coverage_reports/per_api/python/tensorflow.keras.ops.numpy.sin/coverage.json,,,,0,False,json2init/results/tensorflow/tensorflow.keras.ops.numpy.sin.init.json,stage4/results/tensorflow-thesis-all-coverage/execution_results/tensorflow.keras.ops.numpy.sin.results.json
tensorflow.keras.ops.numpy.sinh,python,0.18936473541688648,0.2166,522,287475,,,,,,stage4/results/tensorflow-thesis-all-coverage/coverage_reports/per_api/python/tensorflow.keras.ops.numpy.sinh/coverage.json,,,,0,False,json2init/results/tensorflow/tensorflow.keras.ops.numpy.sinh.init.json,stage4/results/tensorflow-thesis-all-coverage/execution_results/tensorflow.keras.ops.numpy.sinh.results.json
tensorflow.keras.ops.numpy.size,python,0.18990577751807758,0.2166,524,287475,,,,,,stage4/results/tensorflow-thesis-all-coverage/coverage_reports/per_api/python/tensorflow.keras.ops.numpy.size/coverage.json,,,,0,False,json2init/results/tensorflow/tensorflow.keras.ops.numpy.size.init.json,stage4/results/tensorflow-thesis-all-coverage/execution_results/tensorflow.keras.ops.numpy.size.results.json
tensorflow.keras.ops.numpy.sort,python,0.20938329316095733,0.2324,583,287475,,,,,,stage4/results/tensorflow-thesis-all-coverage/coverage_reports/per_api/python/tensorflow.keras.ops.numpy.sort/coverage.json,,,,0,False,json2init/results/tensorflow/tensorflow.keras.ops.numpy.sort.init.json,stage4/results/tensorflow-thesis-all-coverage/execution_results/tensorflow.keras.ops.numpy.sort.results.json
tensorflow.keras.ops.numpy.sqrt,python,0.15663168829482466,0.1728,437,287475,,,,,,stage4/results/tensorflow-thesis-all-coverage/coverage_reports/per_api/python/tensorflow.keras.ops.numpy.sqrt/coverage.json,,,,0,False,json2init/results/tensorflow/tensorflow.keras.ops.numpy.sqrt.init.json,stage4/results/tensorflow-thesis-all-coverage/execution_results/tensorflow.keras.ops.numpy.sqrt.results.json
tensorflow.keras.ops.numpy.square,python,0.18665952491093094,0.2117,516,287475,,,,,,stage4/results/tensorflow-thesis-all-coverage/coverage_reports/per_api/python/tensorflow.keras.ops.numpy.square/coverage.json,,,,0,False,json2init/results/tensorflow/tensorflow.keras.ops.numpy.square.init.json,stage4/results/tensorflow-thesis-all-coverage/execution_results/tensorflow.keras.ops.numpy.square.results.json
tensorflow.keras.ops.numpy.squeeze,python,0.19125838277105534,0.2178,528,287475,,,,,,stage4/results/tensorflow-thesis-all-coverage/coverage_reports/per_api/python/tensorflow.keras.ops.numpy.squeeze/coverage.json,,,,0,False,json2init/results/tensorflow/tensorflow.keras.ops.numpy.squeeze.init.json,stage4/results/tensorflow-thesis-all-coverage/execution_results/tensorflow.keras.ops.numpy.squeeze.results.json
tensorflow.keras.ops.numpy.stack,python,0.21722840362822832,0.2494,598,287475,,,,,,stage4/results/tensorflow-thesis-all-coverage/coverage_reports/per_api/python/tensorflow.keras.ops.numpy.stack/coverage.json,,,,0,False,json2init/results/tensorflow/tensorflow.keras.ops.numpy.stack.init.json,stage4/results/tensorflow-thesis-all-coverage/execution_results/tensorflow.keras.ops.numpy.stack.results.json
tensorflow.keras.ops.numpy.std,python,0.20613704055381069,0.2288,574,287475,,,,,,stage4/results/tensorflow-thesis-all-coverage/coverage_reports/per_api/python/tensorflow.keras.ops.numpy.std/coverage.json,,,,0,False,json2init/results/tensorflow/tensorflow.keras.ops.numpy.std.init.json,stage4/results/tensorflow-thesis-all-coverage/execution_results/tensorflow.keras.ops.numpy.std.results.json
tensorflow.keras.ops.numpy.subtract,python,0.20180870374428186,0.2251,561,287475,,,,,,stage4/results/tensorflow-thesis-all-coverage/coverage_reports/per_api/python/tensorflow.keras.ops.numpy.subtract/coverage.json,,,,0,False,json2init/results/tensorflow/tensorflow.keras.ops.numpy.subtract.init.json,stage4/results/tensorflow-thesis-all-coverage/execution_results/tensorflow.keras.ops.numpy.subtract.results.json
tensorflow.keras.ops.numpy.sum,python,0.1931520301252242,0.2202,533,287475,,,,,,stage4/results/tensorflow-thesis-all-coverage/coverage_reports/per_api/python/tensorflow.keras.ops.numpy.sum/coverage.json,,,,0,False,json2init/results/tensorflow/tensorflow.keras.ops.numpy.sum.init.json,stage4/results/tensorflow-thesis-all-coverage/execution_results/tensorflow.keras.ops.numpy.sum.results.json
tensorflow.keras.ops.numpy.tan,python,0.18936473541688648,0.2166,522,287475,,,,,,stage4/results/tensorflow-thesis-all-coverage/coverage_reports/per_api/python/tensorflow.keras.ops.numpy.tan/coverage.json,,,,0,False,json2init/results/tensorflow/tensorflow.keras.ops.numpy.tan.init.json,stage4/results/tensorflow-thesis-all-coverage/execution_results/tensorflow.keras.ops.numpy.tan.results.json
tensorflow.keras.ops.numpy.tanh,python,0.18936473541688648,0.2166,522,287475,,,,,,stage4/results/tensorflow-thesis-all-coverage/coverage_reports/per_api/python/tensorflow.keras.ops.numpy.tanh/coverage.json,,,,0,False,json2init/results/tensorflow/tensorflow.keras.ops.numpy.tanh.init.json,stage4/results/tensorflow-thesis-all-coverage/execution_results/tensorflow.keras.ops.numpy.tanh.results.json
tensorflow.keras.ops.numpy.trunc,python,0.19748036693475302,0.2227,547,287475,,,,,,stage4/results/tensorflow-thesis-all-coverage/coverage_reports/per_api/python/tensorflow.keras.ops.numpy.trunc/coverage.json,,,,0,False,json2init/results/tensorflow/tensorflow.keras.ops.numpy.trunc.init.json,stage4/results/tensorflow-thesis-all-coverage/execution_results/tensorflow.keras.ops.numpy.trunc.results.json
tensorflow.keras.ops.numpy.unravel_index,python,0.18314275125318877,0.202,511,287475,,,,,,stage4/results/tensorflow-thesis-all-coverage/coverage_reports/per_api/python/tensorflow.keras.ops.numpy.unravel_index/coverage.json,,,,0,False,json2init/results/tensorflow/tensorflow.keras.ops.numpy.unravel_index.init.json,stage4/results/tensorflow-thesis-all-coverage/execution_results/tensorflow.keras.ops.numpy.unravel_index.results.json
tensorflow.keras.ops.numpy.var,python,0.20559599845261958,0.2324,569,287475,,,,,,stage4/results/tensorflow-thesis-all-coverage/coverage_reports/per_api/python/tensorflow.keras.ops.numpy.var/coverage.json,,,,0,False,json2init/results/tensorflow/tensorflow.keras.ops.numpy.var.init.json,stage4/results/tensorflow-thesis-all-coverage/execution_results/tensorflow.keras.ops.numpy.var.results.json
tensorflow.keras.ops.numpy.vdot,python,0.23616487716991696,0.2689,652,287475,,,,,,stage4/results/tensorflow-thesis-all-coverage/coverage_reports/per_api/python/tensorflow.keras.ops.numpy.vdot/coverage.json,,,,0,False,json2init/results/tensorflow/tensorflow.keras.ops.numpy.vdot.init.json,stage4/results/tensorflow-thesis-all-coverage/execution_results/tensorflow.keras.ops.numpy.vdot.results.json
tensorflow.keras.ops.numpy.view,python,0.1982919300865397,0.2275,546,287475,,,,,,stage4/results/tensorflow-thesis-all-coverage/coverage_reports/per_api/python/tensorflow.keras.ops.numpy.view/coverage.json,,,,0,False,json2init/results/tensorflow/tensorflow.keras.ops.numpy.view.init.json,stage4/results/tensorflow-thesis-all-coverage/execution_results/tensorflow.keras.ops.numpy.view.results.json
tensorflow.keras.ops.numpy.vstack,python,0.2264261193484771,0.2604,623,287475,,,,,,stage4/results/tensorflow-thesis-all-coverage/coverage_reports/per_api/python/tensorflow.keras.ops.numpy.vstack/coverage.json,,,,0,False,json2init/results/tensorflow/tensorflow.keras.ops.numpy.vstack.init.json,stage4/results/tensorflow-thesis-all-coverage/execution_results/tensorflow.keras.ops.numpy.vstack.results.json
tensorflow.keras.ops.numpy.zeros,python,0.15392647778886914,0.1667,432,287475,,,,,,stage4/results/tensorflow-thesis-all-coverage/coverage_reports/per_api/python/tensorflow.keras.ops.numpy.zeros/coverage.json,,,,0,False,json2init/results/tensorflow/tensorflow.keras.ops.numpy.zeros.init.json,stage4/results/tensorflow-thesis-all-coverage/execution_results/tensorflow.keras.ops.numpy.zeros.results.json
tensorflow.keras.ops.numpy.zeros_like,python,0.19071734066986423,0.2154,528,287475,,,,,,stage4/results/tensorflow-thesis-all-coverage/coverage_reports/per_api/python/tensorflow.keras.ops.numpy.zeros_like/coverage.json,,,,0,False,json2init/results/tensorflow/tensorflow.keras.ops.numpy.zeros_like.init.json,stage4/results/tensorflow-thesis-all-coverage/execution_results/tensorflow.keras.ops.numpy.zeros_like.results.json
tensorflow.keras.ops.ones,python,0.15257387253589139,0.1655,428,287475,,,,,,stage4/results/tensorflow-thesis-all-coverage/coverage_reports/per_api/python/tensorflow.keras.ops.ones/coverage.json,,,,0,False,json2init/results/tensorflow/tensorflow.keras.ops.ones.init.json,stage4/results/tensorflow-thesis-all-coverage/execution_results/tensorflow.keras.ops.ones.results.json
tensorflow.keras.ops.ones_like,python,0.18963525646748203,0.2154,524,287475,,,,,,stage4/results/tensorflow-thesis-all-coverage/coverage_reports/per_api/python/tensorflow.keras.ops.ones_like/coverage.json,,,,0,False,json2init/results/tensorflow/tensorflow.keras.ops.ones_like.init.json,stage4/results/tensorflow-thesis-all-coverage/execution_results/tensorflow.keras.ops.ones_like.results.json
tensorflow.keras.ops.pad,python,0.19044681961926868,0.2178,525,287475,,,,,,stage4/results/tensorflow-thesis-all-coverage/coverage_reports/per_api/python/tensorflow.keras.ops.pad/coverage.json,,,,0,False,json2init/results/tensorflow/tensorflow.keras.ops.pad.init.json,stage4/results/tensorflow-thesis-all-coverage/execution_results/tensorflow.keras.ops.pad.results.json
tensorflow.keras.ops.polar,python,0.19044681961926868,0.202,538,287475,,,,,,stage4/results/tensorflow-thesis-all-coverage/coverage_reports/per_api/python/tensorflow.keras.ops.polar/coverage.json,,,,0,False,json2init/results/tensorflow/tensorflow.keras.ops.polar.init.json,stage4/results/tensorflow-thesis-all-coverage/execution_results/tensorflow.keras.ops.polar.results.json
tensorflow.keras.ops.qr,python,0.15122126728291363,0.1643,424,287475,,,,,,stage4/results/tensorflow-thesis-all-coverage/coverage_reports/per_api/python/tensorflow.keras.ops.qr/coverage.json,,,,0,False,json2init/results/tensorflow/tensorflow.keras.ops.qr.init.json,stage4/results/tensorflow-thesis-all-coverage/execution_results/tensorflow.keras.ops.qr.results.json
tensorflow.keras.ops.ravel,python,0.19125838277105534,0.2142,531,287475,,,,,,stage4/results/tensorflow-thesis-all-coverage/coverage_reports/per_api/python/tensorflow.keras.ops.ravel/coverage.json,,,,0,False,json2init/results/tensorflow/tensorflow.keras.ops.ravel.init.json,stage4/results/tensorflow-thesis-all-coverage/execution_results/tensorflow.keras.ops.ravel.results.json
tensorflow.keras.ops.real,python,0.18720056701212204,0.2142,516,287475,,,,,,stage4/results/tensorflow-thesis-all-coverage/coverage_reports/per_api/python/tensorflow.keras.ops.real/coverage.json,,,,0,False,json2init/results/tensorflow/tensorflow.keras.ops.real.init.json,stage4/results/tensorflow-thesis-all-coverage/execution_results/tensorflow.keras.ops.real.results.json
tensorflow.keras.ops.reciprocal,python,0.18665952491093094,0.2117,516,287475,,,,,,stage4/results/tensorflow-thesis-all-coverage/coverage_reports/per_api/python/tensorflow.keras.ops.reciprocal/coverage.json,,,,0,False,json2init/results/tensorflow/tensorflow.keras.ops.reciprocal.init.json,stage4/results/tensorflow-thesis-all-coverage/execution_results/tensorflow.keras.ops.reciprocal.results.json
tensorflow.keras.ops.relu,python,0.18584796175914428,0.2105,514,287475,,,,,,stage4/results/tensorflow-thesis-all-coverage/coverage_reports/per_api/python/tensorflow.keras.ops.relu/coverage.json,,,,0,False,json2init/results/tensorflow/tensorflow.keras.ops.relu.init.json,stage4/results/tensorflow-thesis-all-coverage/execution_results/tensorflow.keras.ops.relu.results.json
tensorflow.keras.ops.relu6,python,0.1880121301639087,0.2129,520,287475,,,,,,stage4/results/tensorflow-thesis-all-coverage/coverage_reports/per_api/python/tensorflow.keras.ops.relu6/coverage.json,,,,0,False,json2init/results/tensorflow/tensorflow.keras.ops.relu6.init.json,stage4/results/tensorflow-thesis-all-coverage/execution_results/tensorflow.keras.ops.relu6.results.json
tensorflow.keras.ops.rfft,python,0.21533475627405946,0.2482,592,287475,,,,,,stage4/results/tensorflow-thesis-all-coverage/coverage_reports/per_api/python/tensorflow.keras.ops.rfft/coverage.json,,,,0,False,json2init/results/tensorflow/tensorflow.keras.ops.rfft.init.json,stage4/results/tensorflow-thesis-all-coverage/execution_results/tensorflow.keras.ops.rfft.results.json
tensorflow.keras.ops.right_shift,python,0.16718200926805118,0.1777,472,287475,,,,,,stage4/results/tensorflow-thesis-all-coverage/coverage_reports/per_api/python/tensorflow.keras.ops.right_shift/coverage.json,,,,0,False,json2init/results/tensorflow/tensorflow.keras.ops.right_shift.init.json,stage4/results/tensorflow-thesis-all-coverage/execution_results/tensorflow.keras.ops.right_shift.results.json
tensorflow.keras.ops.round,python,0.18828265121450424,0.2142,520,287475,,,,,,stage4/results/tensorflow-thesis-all-coverage/coverage_reports/per_api/python/tensorflow.keras.ops.round/coverage.json,,,,0,False,json2init/results/tensorflow/tensorflow.keras.ops.round.init.json,stage4/results/tensorflow-thesis-all-coverage/execution_results/tensorflow.keras.ops.round.results.json
tensorflow.keras.ops.rsqrt,python,0.15203283043470028,0.1655,426,287475,,,,,,stage4/results/tensorflow-thesis-all-coverage/coverage_reports/per_api/python/tensorflow.keras.ops.rsqrt/coverage.json,,,,0,False,json2init/results/tensorflow/tensorflow.keras.ops.rsqrt.init.json,stage4/results/tensorflow-thesis-all-coverage/execution_results/tensorflow.keras.ops.rsqrt.results.json
tensorflow.keras.ops.saturate_cast,python,0.20884225105976623,0.2373,577,287475,,,,,,stage4/results/tensorflow-thesis-all-coverage/coverage_reports/per_api/python/tensorflow.keras.ops.saturate_cast/coverage.json,,,,0,False,json2init/results/tensorflow/tensorflow.keras.ops.saturate_cast.init.json,stage4/results/tensorflow-thesis-all-coverage/execution_results/tensorflow.keras.ops.saturate_cast.results.json
tensorflow.keras.ops.searchsorted,python,0.251855098104459,0.2896,693,287475,,,,,,stage4/results/tensorflow-thesis-all-coverage/coverage_reports/per_api/python/tensorflow.keras.ops.searchsorted/coverage.json,,,,0,False,json2init/results/tensorflow/tensorflow.keras.ops.searchsorted.init.json,stage4/results/tensorflow-thesis-all-coverage/execution_results/tensorflow.keras.ops.searchsorted.results.json
tensorflow.keras.ops.segment_max,python,0.23508279296753476,0.2653,651,287475,,,,,,stage4/results/tensorflow-thesis-all-coverage/coverage_reports/per_api/python/tensorflow.keras.ops.segment_max/coverage.json,,,,0,False,json2init/results/tensorflow/tensorflow.keras.ops.segment_max.init.json,stage4/results/tensorflow-thesis-all-coverage/execution_results/tensorflow.keras.ops.segment_max.results.json
tensorflow.keras.ops.segment_sum,python,0.23508279296753476,0.2653,651,287475,,,,,,stage4/results/tensorflow-thesis-all-coverage/coverage_reports/per_api/python/tensorflow.keras.ops.segment_sum/coverage.json,,,,0,False,json2init/results/tensorflow/tensorflow.keras.ops.segment_sum.init.json,stage4/results/tensorflow-thesis-all-coverage/execution_results/tensorflow.keras.ops.segment_sum.results.json
tensorflow.keras.ops.selu,python,0.18584796175914428,0.2105,514,287475,,,,,,stage4/results/tensorflow-thesis-all-coverage/coverage_reports/per_api/python/tensorflow.keras.ops.selu/coverage.json,,,,0,False,json2init/results/tensorflow/tensorflow.keras.ops.selu.init.json,stage4/results/tensorflow-thesis-all-coverage/execution_results/tensorflow.keras.ops.selu.results.json
tensorflow.keras.ops.sigmoid,python,0.1880121301639087,0.2129,520,287475,,,,,,stage4/results/tensorflow-thesis-all-coverage/coverage_reports/per_api/python/tensorflow.keras.ops.sigmoid/coverage.json,,,,0,False,json2init/results/tensorflow/tensorflow.keras.ops.sigmoid.init.json,stage4/results/tensorflow-thesis-all-coverage/execution_results/tensorflow.keras.ops.sigmoid.results.json
tensorflow.keras.ops.sign,python,0.18828265121450424,0.2142,520,287475,,,,,,stage4/results/tensorflow-thesis-all-coverage/coverage_reports/per_api/python/tensorflow.keras.ops.sign/coverage.json,,,,0,False,json2init/results/tensorflow/tensorflow.keras.ops.sign.init.json,stage4/results/tensorflow-thesis-all-coverage/execution_results/tensorflow.keras.ops.sign.results.json
tensorflow.keras.ops.signbit,python,0.1936930722264153,0.2178,537,287475,,,,,,stage4/results/tensorflow-thesis-all-coverage/coverage_reports/per_api/python/tensorflow.keras.ops.signbit/coverage.json,,,,0,False,json2init/results/tensorflow/tensorflow.keras.ops.signbit.init.json,stage4/results/tensorflow-thesis-all-coverage/execution_results/tensorflow.keras.ops.signbit.results.json
tensorflow.keras.ops.silu,python,0.24914988759850348,0.2835,688,287475,,,,,,stage4/results/tensorflow-thesis-all-coverage/coverage_reports/per_api/python/tensorflow.keras.ops.silu/coverage.json,,,,0,False,json2init/results/tensorflow/tensorflow.keras.ops.silu.init.json,stage4/results/tensorflow-thesis-all-coverage/execution_results/tensorflow.keras.ops.silu.results.json
tensorflow.keras.ops.sin,python,0.18936473541688648,0.2166,522,287475,,,,,,stage4/results/tensorflow-thesis-all-coverage/coverage_reports/per_api/python/tensorflow.keras.ops.sin/coverage.json,,,,0,False,json2init/results/tensorflow/tensorflow.keras.ops.sin.init.json,stage4/results/tensorflow-thesis-all-coverage/execution_results/tensorflow.keras.ops.sin.results.json
tensorflow.keras.ops.sinh,python,0.18936473541688648,0.2166,522,287475,,,,,,stage4/results/tensorflow-thesis-all-coverage/coverage_reports/per_api/python/tensorflow.keras.ops.sinh/coverage.json,,,,0,False,json2init/results/tensorflow/tensorflow.keras.ops.sinh.init.json,stage4/results/tensorflow-thesis-all-coverage/execution_results/tensorflow.keras.ops.sinh.results.json
tensorflow.keras.ops.size,python,0.18990577751807758,0.2166,524,287475,,,,,,stage4/results/tensorflow-thesis-all-coverage/coverage_reports/per_api/python/tensorflow.keras.ops.size/coverage.json,,,,0,False,json2init/results/tensorflow/tensorflow.keras.ops.size.init.json,stage4/results/tensorflow-thesis-all-coverage/execution_results/tensorflow.keras.ops.size.results.json
tensorflow.keras.ops.soft_shrink,python,0.2118179826163173,0.2385,587,287475,,,,,,stage4/results/tensorflow-thesis-all-coverage/coverage_reports/per_api/python/tensorflow.keras.ops.soft_shrink/coverage.json,,,,0,False,json2init/results/tensorflow/tensorflow.keras.ops.soft_shrink.init.json,stage4/results/tensorflow-thesis-all-coverage/execution_results/tensorflow.keras.ops.soft_shrink.results.json
tensorflow.keras.ops.softmax,python,0.19396359327701085,0.2227,534,287475,,,,,,stage4/results/tensorflow-thesis-all-coverage/coverage_reports/per_api/python/tensorflow.keras.ops.softmax/coverage.json,,,,0,False,json2init/results/tensorflow/tensorflow.keras.ops.softmax.init.json,stage4/results/tensorflow-thesis-all-coverage/execution_results/tensorflow.keras.ops.softmax.results.json
tensorflow.keras.ops.softplus,python,0.1869300459615265,0.2117,517,287475,,,,,,stage4/results/tensorflow-thesis-all-coverage/coverage_reports/per_api/python/tensorflow.keras.ops.softplus/coverage.json,,,,0,False,json2init/results/tensorflow/tensorflow.keras.ops.softplus.init.json,stage4/results/tensorflow-thesis-all-coverage/execution_results/tensorflow.keras.ops.softplus.results.json
tensorflow.keras.ops.softsign,python,0.18584796175914428,0.2105,514,287475,,,,,,stage4/results/tensorflow-thesis-all-coverage/coverage_reports/per_api/python/tensorflow.keras.ops.softsign/coverage.json,,,,0,False,json2init/results/tensorflow/tensorflow.keras.ops.softsign.init.json,stage4/results/tensorflow-thesis-all-coverage/execution_results/tensorflow.keras.ops.softsign.results.json
tensorflow.keras.ops.solve,python,0.16420627771150012,0.1764,462,287475,,,,,,stage4/results/tensorflow-thesis-all-coverage/coverage_reports/per_api/python/tensorflow.keras.ops.solve/coverage.json,,,,0,False,json2init/results/tensorflow/tensorflow.keras.ops.solve.init.json,stage4/results/tensorflow-thesis-all-coverage/execution_results/tensorflow.keras.ops.solve.results.json
tensorflow.keras.ops.solve_triangular,python,0.15933689880078017,0.1764,444,287475,,,,,,stage4/results/tensorflow-thesis-all-coverage/coverage_reports/per_api/python/tensorflow.keras.ops.solve_triangular/coverage.json,,,,0,False,json2init/results/tensorflow/tensorflow.keras.ops.solve_triangular.init.json,stage4/results/tensorflow-thesis-all-coverage/execution_results/tensorflow.keras.ops.solve_triangular.results.json
tensorflow.keras.ops.sort,python,0.20938329316095733,0.2324,583,287475,,,,,,stage4/results/tensorflow-thesis-all-coverage/coverage_reports/per_api/python/tensorflow.keras.ops.sort/coverage.json,,,,0,False,json2init/results/tensorflow/tensorflow.keras.ops.sort.init.json,stage4/results/tensorflow-thesis-all-coverage/execution_results/tensorflow.keras.ops.sort.results.json
tensorflow.keras.ops.sparse_plus,python,0.2191220509823972,0.2458,608,287475,,,,,,stage4/results/tensorflow-thesis-all-coverage/coverage_reports/per_api/python/tensorflow.keras.ops.sparse_plus/coverage.json,,,,0,False,json2init/results/tensorflow/tensorflow.keras.ops.sparse_plus.init.json,stage4/results/tensorflow-thesis-all-coverage/execution_results/tensorflow.keras.ops.sparse_plus.results.json
tensorflow.keras.ops.sparse_sigmoid,python,0.20992433526214843,0.2385,580,287475,,,,,,stage4/results/tensorflow-thesis-all-coverage/coverage_reports/per_api/python/tensorflow.keras.ops.sparse_sigmoid/coverage.json,,,,0,False,json2init/results/tensorflow/tensorflow.keras.ops.sparse_sigmoid.init.json,stage4/results/tensorflow-thesis-all-coverage/execution_results/tensorflow.keras.ops.sparse_sigmoid.results.json
tensorflow.keras.ops.sparsemax,python,0.28431762417592527,0.3115,795,287475,,,,,,stage4/results/tensorflow-thesis-all-coverage/coverage_reports/per_api/python/tensorflow.keras.ops.sparsemax/coverage.json,,,,0,False,json2init/results/tensorflow/tensorflow.keras.ops.sparsemax.init.json,stage4/results/tensorflow-thesis-all-coverage/execution_results/tensorflow.keras.ops.sparsemax.results.json
tensorflow.keras.ops.sqrt,python,0.15663168829482466,0.1728,437,287475,,,,,,stage4/results/tensorflow-thesis-all-coverage/coverage_reports/per_api/python/tensorflow.keras.ops.sqrt/coverage.json,,,,0,False,json2init/results/tensorflow/tensorflow.keras.ops.sqrt.init.json,stage4/results/tensorflow-thesis-all-coverage/execution_results/tensorflow.keras.ops.sqrt.results.json
tensorflow.keras.ops.square,python,0.18665952491093094,0.2117,516,287475,,,,,,stage4/results/tensorflow-thesis-all-coverage/coverage_reports/per_api/python/tensorflow.keras.ops.square/coverage.json,,,,0,False,json2init/results/tensorflow/tensorflow.keras.ops.square.init.json,stage4/results/tensorflow-thesis-all-coverage/execution_results/tensorflow.keras.ops.square.results.json
tensorflow.keras.ops.squareplus,python,0.2072191247561929,0.2361,572,287475,,,,,,stage4/results/tensorflow-thesis-all-coverage/coverage_reports/per_api/python/tensorflow.keras.ops.squareplus/coverage.json,,,,0,False,json2init/results/tensorflow/tensorflow.keras.ops.squareplus.init.json,stage4/results/tensorflow-thesis-all-coverage/execution_results/tensorflow.keras.ops.squareplus.results.json
tensorflow.keras.ops.squeeze,python,0.19125838277105534,0.2178,528,287475,,,,,,stage4/results/tensorflow-thesis-all-coverage/coverage_reports/per_api/python/tensorflow.keras.ops.squeeze/coverage.json,,,,0,False,json2init/results/tensorflow/tensorflow.keras.ops.squeeze.init.json,stage4/results/tensorflow-thesis-all-coverage/execution_results/tensorflow.keras.ops.squeeze.results.json
tensorflow.keras.ops.stack,python,0.21722840362822832,0.2494,598,287475,,,,,,stage4/results/tensorflow-thesis-all-coverage/coverage_reports/per_api/python/tensorflow.keras.ops.stack/coverage.json,,,,0,False,json2init/results/tensorflow/tensorflow.keras.ops.stack.init.json,stage4/results/tensorflow-thesis-all-coverage/execution_results/tensorflow.keras.ops.stack.results.json
tensorflow.keras.ops.std,python,0.20613704055381069,0.2288,574,287475,,,,,,stage4/results/tensorflow-thesis-all-coverage/coverage_reports/per_api/python/tensorflow.keras.ops.std/coverage.json,,,,0,False,json2init/results/tensorflow/tensorflow.keras.ops.std.init.json,stage4/results/tensorflow-thesis-all-coverage/execution_results/tensorflow.keras.ops.std.results.json
tensorflow.keras.ops.stft,python,0.4133561653100036,0.4502,1158,287475,,,,,,stage4/results/tensorflow-thesis-all-coverage/coverage_reports/per_api/python/tensorflow.keras.ops.stft/coverage.json,,,,0,False,json2init/results/tensorflow/tensorflow.keras.ops.stft.init.json,stage4/results/tensorflow-thesis-all-coverage/execution_results/tensorflow.keras.ops.stft.results.json
tensorflow.keras.ops.subtract,python,0.20180870374428186,0.2251,561,287475,,,,,,stage4/results/tensorflow-thesis-all-coverage/coverage_reports/per_api/python/tensorflow.keras.ops.subtract/coverage.json,,,,0,False,json2init/results/tensorflow/tensorflow.keras.ops.subtract.init.json,stage4/results/tensorflow-thesis-all-coverage/execution_results/tensorflow.keras.ops.subtract.results.json
tensorflow.keras.ops.sum,python,0.1931520301252242,0.2202,533,287475,,,,,,stage4/results/tensorflow-thesis-all-coverage/coverage_reports/per_api/python/tensorflow.keras.ops.sum/coverage.json,,,,0,False,json2init/results/tensorflow/tensorflow.keras.ops.sum.init.json,stage4/results/tensorflow-thesis-all-coverage/execution_results/tensorflow.keras.ops.sum.results.json
tensorflow.keras.ops.svd,python,0.18990577751807758,0.2117,528,287475,,,,,,stage4/results/tensorflow-thesis-all-coverage/coverage_reports/per_api/python/tensorflow.keras.ops.svd/coverage.json,,,,0,False,json2init/results/tensorflow/tensorflow.keras.ops.svd.init.json,stage4/results/tensorflow-thesis-all-coverage/execution_results/tensorflow.keras.ops.svd.results.json
tensorflow.keras.ops.swish,python,0.24914988759850348,0.2835,688,287475,,,,,,stage4/results/tensorflow-thesis-all-coverage/coverage_reports/per_api/python/tensorflow.keras.ops.swish/coverage.json,,,,0,False,json2init/results/tensorflow/tensorflow.keras.ops.swish.init.json,stage4/results/tensorflow-thesis-all-coverage/execution_results/tensorflow.keras.ops.swish.results.json
tensorflow.keras.ops.tan,python,0.18936473541688648,0.2166,522,287475,,,,,,stage4/results/tensorflow-thesis-all-coverage/coverage_reports/per_api/python/tensorflow.keras.ops.tan/coverage.json,,,,0,False,json2init/results/tensorflow/tensorflow.keras.ops.tan.init.json,stage4/results/tensorflow-thesis-all-coverage/execution_results/tensorflow.keras.ops.tan.results.json
tensorflow.keras.ops.tanh,python,0.18936473541688648,0.2166,522,287475,,,,,,stage4/results/tensorflow-thesis-all-coverage/coverage_reports/per_api/python/tensorflow.keras.ops.tanh/coverage.json,,,,0,False,json2init/results/tensorflow/tensorflow.keras.ops.tanh.init.json,stage4/results/tensorflow-thesis-all-coverage/execution_results/tensorflow.keras.ops.tanh.results.json
tensorflow.keras.ops.tanh_shrink,python,0.1931520301252242,0.2178,535,287475,,,,,,stage4/results/tensorflow-thesis-all-coverage/coverage_reports/per_api/python/tensorflow.keras.ops.tanh_shrink/coverage.json,,,,0,False,json2init/results/tensorflow/tensorflow.keras.ops.tanh_shrink.init.json,stage4/results/tensorflow-thesis-all-coverage/execution_results/tensorflow.keras.ops.tanh_shrink.results.json
tensorflow.keras.ops.trunc,python,0.19748036693475302,0.2227,547,287475,,,,,,stage4/results/tensorflow-thesis-all-coverage/coverage_reports/per_api/python/tensorflow.keras.ops.trunc/coverage.json,,,,0,False,json2init/results/tensorflow/tensorflow.keras.ops.trunc.init.json,stage4/results/tensorflow-thesis-all-coverage/execution_results/tensorflow.keras.ops.trunc.results.json
tensorflow.keras.ops.unfold,python,0.20505495635142848,0.2263,572,287475,,,,,,stage4/results/tensorflow-thesis-all-coverage/coverage_reports/per_api/python/tensorflow.keras.ops.unfold/coverage.json,,,,0,False,json2init/results/tensorflow/tensorflow.keras.ops.unfold.init.json,stage4/results/tensorflow-thesis-all-coverage/execution_results/tensorflow.keras.ops.unfold.results.json
tensorflow.keras.ops.unravel_index,python,0.18314275125318877,0.202,511,287475,,,,,,stage4/results/tensorflow-thesis-all-coverage/coverage_reports/per_api/python/tensorflow.keras.ops.unravel_index/coverage.json,,,,0,False,json2init/results/tensorflow/tensorflow.keras.ops.unravel_index.init.json,stage4/results/tensorflow-thesis-all-coverage/execution_results/tensorflow.keras.ops.unravel_index.results.json
tensorflow.keras.ops.unstack,python,0.19179942487224644,0.219,529,287475,,,,,,stage4/results/tensorflow-thesis-all-coverage/coverage_reports/per_api/python/tensorflow.keras.ops.unstack/coverage.json,,,,0,False,json2init/results/tensorflow/tensorflow.keras.ops.unstack.init.json,stage4/results/tensorflow-thesis-all-coverage/execution_results/tensorflow.keras.ops.unstack.results.json
tensorflow.keras.ops.var,python,0.20559599845261958,0.2324,569,287475,,,,,,stage4/results/tensorflow-thesis-all-coverage/coverage_reports/per_api/python/tensorflow.keras.ops.var/coverage.json,,,,0,False,json2init/results/tensorflow/tensorflow.keras.ops.var.init.json,stage4/results/tensorflow-thesis-all-coverage/execution_results/tensorflow.keras.ops.var.results.json
tensorflow.keras.ops.vdot,python,0.23616487716991696,0.2689,652,287475,,,,,,stage4/results/tensorflow-thesis-all-coverage/coverage_reports/per_api/python/tensorflow.keras.ops.vdot/coverage.json,,,,0,False,json2init/results/tensorflow/tensorflow.keras.ops.vdot.init.json,stage4/results/tensorflow-thesis-all-coverage/execution_results/tensorflow.keras.ops.vdot.results.json
tensorflow.keras.ops.view,python,0.1982919300865397,0.2275,546,287475,,,,,,stage4/results/tensorflow-thesis-all-coverage/coverage_reports/per_api/python/tensorflow.keras.ops.view/coverage.json,,,,0,False,json2init/results/tensorflow/tensorflow.keras.ops.view.init.json,stage4/results/tensorflow-thesis-all-coverage/execution_results/tensorflow.keras.ops.view.results.json
tensorflow.keras.ops.vstack,python,0.2264261193484771,0.2604,623,287475,,,,,,stage4/results/tensorflow-thesis-all-coverage/coverage_reports/per_api/python/tensorflow.keras.ops.vstack/coverage.json,,,,0,False,json2init/results/tensorflow/tensorflow.keras.ops.vstack.init.json,stage4/results/tensorflow-thesis-all-coverage/execution_results/tensorflow.keras.ops.vstack.results.json
tensorflow.keras.ops.zeros,python,0.15392647778886914,0.1667,432,287475,,,,,,stage4/results/tensorflow-thesis-all-coverage/coverage_reports/per_api/python/tensorflow.keras.ops.zeros/coverage.json,,,,0,False,json2init/results/tensorflow/tensorflow.keras.ops.zeros.init.json,stage4/results/tensorflow-thesis-all-coverage/execution_results/tensorflow.keras.ops.zeros.results.json
tensorflow.keras.ops.zeros_like,python,0.19071734066986423,0.2154,528,287475,,,,,,stage4/results/tensorflow-thesis-all-coverage/coverage_reports/per_api/python/tensorflow.keras.ops.zeros_like/coverage.json,,,,0,False,json2init/results/tensorflow/tensorflow.keras.ops.zeros_like.init.json,stage4/results/tensorflow-thesis-all-coverage/execution_results/tensorflow.keras.ops.zeros_like.results.json
tensorflow.keras.quantizers.fake_quant_with_min_max_vars,python,0.18855317226509982,0.2142,521,287475,,,,,,stage4/results/tensorflow-thesis-all-coverage/coverage_reports/per_api/python/tensorflow.keras.quantizers.fake_quant_with_min_max_vars/coverage.json,,,,0,False,json2init/results/tensorflow/tensorflow.keras.quantizers.fake_quant_with_min_max_vars.init.json,stage4/results/tensorflow-thesis-all-coverage/execution_results/tensorflow.keras.quantizers.fake_quant_with_min_max_vars.results.json
tensorflow.keras.quantizers.pack_int4,python,0.29162169254200515,0.3444,795,287475,,,,,,stage4/results/tensorflow-thesis-all-coverage/coverage_reports/per_api/python/tensorflow.keras.quantizers.pack_int4/coverage.json,,,,0,False,json2init/results/tensorflow/tensorflow.keras.quantizers.pack_int4.init.json,stage4/results/tensorflow-thesis-all-coverage/execution_results/tensorflow.keras.quantizers.pack_int4.results.json
tensorflow.keras.utils.get_source_inputs,python,0.18395431440497542,0.2093,508,287475,,,,,,stage4/results/tensorflow-thesis-all-coverage/coverage_reports/per_api/python/tensorflow.keras.utils.get_source_inputs/coverage.json,,,,0,False,json2init/results/tensorflow/tensorflow.keras.utils.get_source_inputs.init.json,stage4/results/tensorflow-thesis-all-coverage/execution_results/tensorflow.keras.utils.get_source_inputs.results.json
tensorflow.less,python,0.18584796175914428,0.2105,514,287475,,,,,,stage4/results/tensorflow-thesis-all-coverage/coverage_reports/per_api/python/tensorflow.less/coverage.json,,,,0,False,json2init/results/tensorflow/tensorflow.less.init.json,stage4/results/tensorflow-thesis-all-coverage/execution_results/tensorflow.less.results.json
tensorflow.less_equal,python,0.18584796175914428,0.2105,514,287475,,,,,,stage4/results/tensorflow-thesis-all-coverage/coverage_reports/per_api/python/tensorflow.less_equal/coverage.json,,,,0,False,json2init/results/tensorflow/tensorflow.less_equal.init.json,stage4/results/tensorflow-thesis-all-coverage/execution_results/tensorflow.less_equal.results.json
tensorflow.linalg.banded_triangular_solve,python,0.2129000668186995,0.2129,612,287475,,,,,,stage4/results/tensorflow-thesis-all-coverage/coverage_reports/per_api/python/tensorflow.linalg.banded_triangular_solve/coverage.json,,,,0,False,json2init/results/tensorflow/tensorflow.linalg.banded_triangular_solve.init.json,stage4/results/tensorflow-thesis-all-coverage/execution_results/tensorflow.linalg.banded_triangular_solve.results.json
tensorflow.linalg.diag,python,0.20857173000917067,0.2166,593,287475,,,,,,stage4/results/tensorflow-thesis-all-coverage/coverage_reports/per_api/python/tensorflow.linalg.diag/coverage.json,,,,0,False,json2init/results/tensorflow/tensorflow.linalg.diag.init.json,stage4/results/tensorflow-thesis-all-coverage/execution_results/tensorflow.linalg.diag.results.json
tensorflow.linalg.global_norm,python,0.2507730139020768,0.258,715,287475,,,,,,stage4/results/tensorflow-thesis-all-coverage/coverage_reports/per_api/python/tensorflow.linalg.global_norm/coverage.json,,,,0,False,json2init/results/tensorflow/tensorflow.linalg.global_norm.init.json,stage4/results/tensorflow-thesis-all-coverage/execution_results/tensorflow.linalg.global_norm.results.json
tensorflow.linalg.inv,python,0.17746180919068216,0.1667,519,287475,,,,,,stage4/results/tensorflow-thesis-all-coverage/coverage_reports/per_api/python/tensorflow.linalg.inv/coverage.json,,,,0,False,json2init/results/tensorflow/tensorflow.linalg.inv.init.json,stage4/results/tensorflow-thesis-all-coverage/execution_results/tensorflow.linalg.inv.results.json
tensorflow.linalg.l2_normalize,python,0.22345038779192603,0.2275,639,287475,,,,,,stage4/results/tensorflow-thesis-all-coverage/coverage_reports/per_api/python/tensorflow.linalg.l2_normalize/coverage.json,,,,0,False,json2init/results/tensorflow/tensorflow.linalg.l2_normalize.init.json,stage4/results/tensorflow-thesis-all-coverage/execution_results/tensorflow.linalg.l2_normalize.results.json
tensorflow.linalg.normalize,python,0.2399521718782547,0.2494,682,287475,,,,,,stage4/results/tensorflow-thesis-all-coverage/coverage_reports/per_api/python/tensorflow.linalg.normalize/coverage.json,,,,0,False,json2init/results/tensorflow/tensorflow.linalg.normalize.init.json,stage4/results/tensorflow-thesis-all-coverage/execution_results/tensorflow.linalg.normalize.results.json
tensorflow.linalg.pinv,python,0.24238686133361467,0.2519,689,287475,,,,,,stage4/results/tensorflow-thesis-all-coverage/coverage_reports/per_api/python/tensorflow.linalg.pinv/coverage.json,,,,0,False,json2init/results/tensorflow/tensorflow.linalg.pinv.init.json,stage4/results/tensorflow-thesis-all-coverage/execution_results/tensorflow.linalg.pinv.results.json
tensorflow.linalg.qr,python,0.17015774082460228,0.1643,494,287475,,,,,,stage4/results/tensorflow-thesis-all-coverage/coverage_reports/per_api/python/tensorflow.linalg.qr/coverage.json,,,,0,False,json2init/results/tensorflow/tensorflow.linalg.qr.init.json,stage4/results/tensorflow-thesis-all-coverage/execution_results/tensorflow.linalg.qr.results.json
tensorflow.linspace,python,0.3184032765509648,0.3504,889,287475,,,,,,stage4/results/tensorflow-thesis-all-coverage/coverage_reports/per_api/python/tensorflow.linspace/coverage.json,,,,0,False,json2init/results/tensorflow/tensorflow.linspace.init.json,stage4/results/tensorflow-thesis-all-coverage/execution_results/tensorflow.linspace.results.json
tensorflow.logical_and,python,0.14986866202993587,0.1582,424,287475,,,,,,stage4/results/tensorflow-thesis-all-coverage/coverage_reports/per_api/python/tensorflow.logical_and/coverage.json,,,,0,False,json2init/results/tensorflow/tensorflow.logical_and.init.json,stage4/results/tensorflow-thesis-all-coverage/execution_results/tensorflow.logical_and.results.json
tensorflow.logical_not,python,0.14932761992874474,0.157,423,287475,,,,,,stage4/results/tensorflow-thesis-all-coverage/coverage_reports/per_api/python/tensorflow.logical_not/coverage.json,,,,0,False,json2init/results/tensorflow/tensorflow.logical_not.init.json,stage4/results/tensorflow-thesis-all-coverage/execution_results/tensorflow.logical_not.results.json
tensorflow.logical_or,python,0.14986866202993587,0.1582,424,287475,,,,,,stage4/results/tensorflow-thesis-all-coverage/coverage_reports/per_api/python/tensorflow.logical_or/coverage.json,,,,0,False,json2init/results/tensorflow/tensorflow.logical_or.init.json,stage4/results/tensorflow-thesis-all-coverage/execution_results/tensorflow.logical_or.results.json
tensorflow.losses.KLD,python,0.218039966780015,0.2336,614,287475,,,,,,stage4/results/tensorflow-thesis-all-coverage/coverage_reports/per_api/python/tensorflow.losses.KLD/coverage.json,,,,0,False,json2init/results/tensorflow/tensorflow.losses.KLD.init.json,stage4/results/tensorflow-thesis-all-coverage/execution_results/tensorflow.losses.KLD.results.json
tensorflow.losses.MAE,python,0.1993740142889219,0.2142,561,287475,,,,,,stage4/results/tensorflow-thesis-all-coverage/coverage_reports/per_api/python/tensorflow.losses.MAE/coverage.json,,,,0,False,json2init/results/tensorflow/tensorflow.losses.MAE.init.json,stage4/results/tensorflow-thesis-all-coverage/execution_results/tensorflow.losses.MAE.results.json
tensorflow.losses.MSE,python,0.1958572406311797,0.2093,552,287475,,,,,,stage4/results/tensorflow-thesis-all-coverage/coverage_reports/per_api/python/tensorflow.losses.MSE/coverage.json,,,,0,False,json2init/results/tensorflow/tensorflow.losses.MSE.init.json,stage4/results/tensorflow-thesis-all-coverage/execution_results/tensorflow.losses.MSE.results.json
tensorflow.losses.binary_crossentropy,python,0.21100641946453064,0.2324,589,287475,,,,,,stage4/results/tensorflow-thesis-all-coverage/coverage_reports/per_api/python/tensorflow.losses.binary_crossentropy/coverage.json,,,,0,False,json2init/results/tensorflow/tensorflow.losses.binary_crossentropy.init.json,stage4/results/tensorflow-thesis-all-coverage/execution_results/tensorflow.losses.binary_crossentropy.results.json
tensorflow.losses.binary_focal_crossentropy,python,0.2134411089198906,0.2336,597,287475,,,,,,stage4/results/tensorflow-thesis-all-coverage/coverage_reports/per_api/python/tensorflow.losses.binary_focal_crossentropy/coverage.json,,,,0,False,json2init/results/tensorflow/tensorflow.losses.binary_focal_crossentropy.init.json,stage4/results/tensorflow-thesis-all-coverage/execution_results/tensorflow.losses.binary_focal_crossentropy.results.json
tensorflow.losses.categorical_crossentropy,python,0.21046537736333953,0.2324,587,287475,,,,,,stage4/results/tensorflow-thesis-all-coverage/coverage_reports/per_api/python/tensorflow.losses.categorical_crossentropy/coverage.json,,,,0,False,json2init/results/tensorflow/tensorflow.losses.categorical_crossentropy.init.json,stage4/results/tensorflow-thesis-all-coverage/execution_results/tensorflow.losses.categorical_crossentropy.results.json
tensorflow.losses.categorical_focal_crossentropy,python,0.2304839351074104,0.2458,650,287475,,,,,,stage4/results/tensorflow-thesis-all-coverage/coverage_reports/per_api/python/tensorflow.losses.categorical_focal_crossentropy/coverage.json,,,,0,False,json2init/results/tensorflow/tensorflow.losses.categorical_focal_crossentropy.init.json,stage4/results/tensorflow-thesis-all-coverage/execution_results/tensorflow.losses.categorical_focal_crossentropy.results.json
tensorflow.losses.categorical_generalized_cross_entropy,python,0.2264261193484771,0.2519,630,287475,,,,,,stage4/results/tensorflow-thesis-all-coverage/coverage_reports/per_api/python/tensorflow.losses.categorical_generalized_cross_entropy/coverage.json,,,,0,False,json2init/results/tensorflow/tensorflow.losses.categorical_generalized_cross_entropy.init.json,stage4/results/tensorflow-thesis-all-coverage/execution_results/tensorflow.losses.categorical_generalized_cross_entropy.results.json
tensorflow.losses.categorical_hinge,python,0.24725624024433462,0.2665,695,287475,,,,,,stage4/results/tensorflow-thesis-all-coverage/coverage_reports/per_api/python/tensorflow.losses.categorical_hinge/coverage.json,,,,0,False,json2init/results/tensorflow/tensorflow.losses.categorical_hinge.init.json,stage4/results/tensorflow-thesis-all-coverage/execution_results/tensorflow.losses.categorical_hinge.results.json
tensorflow.losses.circle,python,0.31813275550036924,0.3456,892,287475,,,,,,stage4/results/tensorflow-thesis-all-coverage/coverage_reports/per_api/python/tensorflow.losses.circle/coverage.json,,,,0,False,json2init/results/tensorflow/tensorflow.losses.circle.init.json,stage4/results/tensorflow-thesis-all-coverage/execution_results/tensorflow.losses.circle.results.json
tensorflow.losses.cosine_similarity,python,0.20397287214904627,0.2166,576,287475,,,,,,stage4/results/tensorflow-thesis-all-coverage/coverage_reports/per_api/python/tensorflow.losses.cosine_similarity/coverage.json,,,,0,False,json2init/results/tensorflow/tensorflow.losses.cosine_similarity.init.json,stage4/results/tensorflow-thesis-all-coverage/execution_results/tensorflow.losses.cosine_similarity.results.json
tensorflow.losses.dice,python,0.20748964580678844,0.2312,577,287475,,,,,,stage4/results/tensorflow-thesis-all-coverage/coverage_reports/per_api/python/tensorflow.losses.dice/coverage.json,,,,0,False,json2init/results/tensorflow/tensorflow.losses.dice.init.json,stage4/results/tensorflow-thesis-all-coverage/execution_results/tensorflow.losses.dice.results.json
tensorflow.losses.hinge,python,0.22669664039907264,0.247,635,287475,,,,,,stage4/results/tensorflow-thesis-all-coverage/coverage_reports/per_api/python/tensorflow.losses.hinge/coverage.json,,,,0,False,json2init/results/tensorflow/tensorflow.losses.hinge.init.json,stage4/results/tensorflow-thesis-all-coverage/execution_results/tensorflow.losses.hinge.results.json
tensorflow.losses.huber,python,0.2112769405151262,0.2251,596,287475,,,,,,stage4/results/tensorflow-thesis-all-coverage/coverage_reports/per_api/python/tensorflow.losses.huber/coverage.json,,,,0,False,json2init/results/tensorflow/tensorflow.losses.huber.init.json,stage4/results/tensorflow-thesis-all-coverage/execution_results/tensorflow.losses.huber.results.json
tensorflow.losses.kullback_leibler_divergence,python,0.218039966780015,0.2336,614,287475,,,,,,stage4/results/tensorflow-thesis-all-coverage/coverage_reports/per_api/python/tensorflow.losses.kullback_leibler_divergence/coverage.json,,,,0,False,json2init/results/tensorflow/tensorflow.losses.kullback_leibler_divergence.init.json,stage4/results/tensorflow-thesis-all-coverage/execution_results/tensorflow.losses.kullback_leibler_divergence.results.json
tensorflow.losses.logcosh,python,0.1936930722264153,0.2117,542,287475,,,,,,stage4/results/tensorflow-thesis-all-coverage/coverage_reports/per_api/python/tensorflow.losses.logcosh/coverage.json,,,,0,False,json2init/results/tensorflow/tensorflow.losses.logcosh.init.json,stage4/results/tensorflow-thesis-all-coverage/execution_results/tensorflow.losses.logcosh.results.json
tensorflow.losses.poisson,python,0.20451391425023738,0.2178,577,287475,,,,,,stage4/results/tensorflow-thesis-all-coverage/coverage_reports/per_api/python/tensorflow.losses.poisson/coverage.json,,,,0,False,json2init/results/tensorflow/tensorflow.losses.poisson.init.json,stage4/results/tensorflow-thesis-all-coverage/execution_results/tensorflow.losses.poisson.results.json
tensorflow.losses.squared_hinge,python,0.22859028775324153,0.2482,641,287475,,,,,,stage4/results/tensorflow-thesis-all-coverage/coverage_reports/per_api/python/tensorflow.losses.squared_hinge/coverage.json,,,,0,False,json2init/results/tensorflow/tensorflow.losses.squared_hinge.init.json,stage4/results/tensorflow-thesis-all-coverage/execution_results/tensorflow.losses.squared_hinge.results.json
tensorflow.losses.tversky,python,0.22101569833656606,0.2409,619,287475,,,,,,stage4/results/tensorflow-thesis-all-coverage/coverage_reports/per_api/python/tensorflow.losses.tversky/coverage.json,,,,0,False,json2init/results/tensorflow/tensorflow.losses.tversky.init.json,stage4/results/tensorflow-thesis-all-coverage/execution_results/tensorflow.losses.tversky.results.json
tensorflow.math.acos,python,0.19775088798534857,0.1777,585,287475,,,,,,stage4/results/tensorflow-thesis-all-coverage/coverage_reports/per_api/python/tensorflow.math.acos/coverage.json,,,,0,False,json2init/results/tensorflow/tensorflow.math.acos.init.json,stage4/results/tensorflow-thesis-all-coverage/execution_results/tensorflow.math.acos.results.json
tensorflow.math.acosh,python,0.19342255117581975,0.174,572,287475,,,,,,stage4/results/tensorflow-thesis-all-coverage/coverage_reports/per_api/python/tensorflow.math.acosh/coverage.json,,,,0,False,json2init/results/tensorflow/tensorflow.math.acosh.init.json,stage4/results/tensorflow-thesis-all-coverage/execution_results/tensorflow.math.acosh.results.json
tensorflow.math.argmax,python,0.18909421436629092,0.1679,561,287475,,,,,,stage4/results/tensorflow-thesis-all-coverage/coverage_reports/per_api/python/tensorflow.math.argmax/coverage.json,,,,0,False,json2init/results/tensorflow/tensorflow.math.argmax.init.json,stage4/results/tensorflow-thesis-all-coverage/execution_results/tensorflow.math.argmax.results.json
tensorflow.math.argmin,python,0.1880121301639087,0.1655,559,287475,,,,,,stage4/results/tensorflow-thesis-all-coverage/coverage_reports/per_api/python/tensorflow.math.argmin/coverage.json,,,,0,False,json2init/results/tensorflow/tensorflow.math.argmin.init.json,stage4/results/tensorflow-thesis-all-coverage/execution_results/tensorflow.math.argmin.results.json
tensorflow.math.atan2,python,0.22182726148835272,0.2105,647,287475,,,,,,stage4/results/tensorflow-thesis-all-coverage/coverage_reports/per_api/python/tensorflow.math.atan2/coverage.json,,,,0,False,json2init/results/tensorflow/tensorflow.math.atan2.init.json,stage4/results/tensorflow-thesis-all-coverage/execution_results/tensorflow.math.atan2.results.json
tensorflow.math.bessel_i0,python,0.20072661954189966,0.1813,593,287475,,,,,,stage4/results/tensorflow-thesis-all-coverage/coverage_reports/per_api/python/tensorflow.math.bessel_i0/coverage.json,,,,0,False,json2init/results/tensorflow/tensorflow.math.bessel_i0.init.json,stage4/results/tensorflow-thesis-all-coverage/execution_results/tensorflow.math.bessel_i0.results.json
tensorflow.math.bessel_i0e,python,0.20072661954189966,0.1813,593,287475,,,,,,stage4/results/tensorflow-thesis-all-coverage/coverage_reports/per_api/python/tensorflow.math.bessel_i0e/coverage.json,,,,0,False,json2init/results/tensorflow/tensorflow.math.bessel_i0e.init.json,stage4/results/tensorflow-thesis-all-coverage/execution_results/tensorflow.math.bessel_i0e.results.json
tensorflow.math.bessel_i1,python,0.20072661954189966,0.1813,593,287475,,,,,,stage4/results/tensorflow-thesis-all-coverage/coverage_reports/per_api/python/tensorflow.math.bessel_i1/coverage.json,,,,0,False,json2init/results/tensorflow/tensorflow.math.bessel_i1.init.json,stage4/results/tensorflow-thesis-all-coverage/execution_results/tensorflow.math.bessel_i1.results.json
tensorflow.math.bessel_i1e,python,0.20072661954189966,0.1813,593,287475,,,,,,stage4/results/tensorflow-thesis-all-coverage/coverage_reports/per_api/python/tensorflow.math.bessel_i1e/coverage.json,,,,0,False,json2init/results/tensorflow/tensorflow.math.bessel_i1e.init.json,stage4/results/tensorflow-thesis-all-coverage/execution_results/tensorflow.math.bessel_i1e.results.json
tensorflow.math.betainc,python,0.19720984588415746,0.1813,580,287475,,,,,,stage4/results/tensorflow-thesis-all-coverage/coverage_reports/per_api/python/tensorflow.math.betainc/coverage.json,,,,0,False,json2init/results/tensorflow/tensorflow.math.betainc.init.json,stage4/results/tensorflow-thesis-all-coverage/execution_results/tensorflow.math.betainc.results.json
tensorflow.math.bincount,python,0.28269449787235196,0.2726,821,287475,,,,,,stage4/results/tensorflow-thesis-all-coverage/coverage_reports/per_api/python/tensorflow.math.bincount/coverage.json,,,,0,False,json2init/results/tensorflow/tensorflow.math.bincount.init.json,stage4/results/tensorflow-thesis-all-coverage/execution_results/tensorflow.math.bincount.results.json
tensorflow.math.ceil,python,0.19775088798534857,0.1777,585,287475,,,,,,stage4/results/tensorflow-thesis-all-coverage/coverage_reports/per_api/python/tensorflow.math.ceil/coverage.json,,,,0,False,json2init/results/tensorflow/tensorflow.math.ceil.init.json,stage4/results/tensorflow-thesis-all-coverage/execution_results/tensorflow.math.ceil.results.json
tensorflow.math.conj,python,0.18611848280973983,0.1655,552,287475,,,,,,stage4/results/tensorflow-thesis-all-coverage/coverage_reports/per_api/python/tensorflow.math.conj/coverage.json,,,,0,False,json2init/results/tensorflow/tensorflow.math.conj.init.json,stage4/results/tensorflow-thesis-all-coverage/execution_results/tensorflow.math.conj.results.json
tensorflow.math.cos,python,0.19342255117581975,0.174,572,287475,,,,,,stage4/results/tensorflow-thesis-all-coverage/coverage_reports/per_api/python/tensorflow.math.cos/coverage.json,,,,0,False,json2init/results/tensorflow/tensorflow.math.cos.init.json,stage4/results/tensorflow-thesis-all-coverage/execution_results/tensorflow.math.cos.results.json
tensorflow.math.cosh,python,0.19342255117581975,0.174,572,287475,,,,,,stage4/results/tensorflow-thesis-all-coverage/coverage_reports/per_api/python/tensorflow.math.cosh/coverage.json,,,,0,False,json2init/results/tensorflow/tensorflow.math.cosh.init.json,stage4/results/tensorflow-thesis-all-coverage/execution_results/tensorflow.math.cosh.results.json
tensorflow.math.count_nonzero,python,0.2139821510210817,0.1971,629,287475,,,,,,stage4/results/tensorflow-thesis-all-coverage/coverage_reports/per_api/python/tensorflow.math.count_nonzero/coverage.json,,,,0,False,json2init/results/tensorflow/tensorflow.math.count_nonzero.init.json,stage4/results/tensorflow-thesis-all-coverage/execution_results/tensorflow.math.count_nonzero.results.json
tensorflow.math.digamma,python,0.19342255117581975,0.174,572,287475,,,,,,stage4/results/tensorflow-thesis-all-coverage/coverage_reports/per_api/python/tensorflow.math.digamma/coverage.json,,,,0,False,json2init/results/tensorflow/tensorflow.math.digamma.init.json,stage4/results/tensorflow-thesis-all-coverage/execution_results/tensorflow.math.digamma.results.json
tensorflow.math.divide,python,0.24590363499135684,0.2336,717,287475,,,,,,stage4/results/tensorflow-thesis-all-coverage/coverage_reports/per_api/python/tensorflow.math.divide/coverage.json,,,,0,False,json2init/results/tensorflow/tensorflow.math.divide.init.json,stage4/results/tensorflow-thesis-all-coverage/execution_results/tensorflow.math.divide.results.json
tensorflow.math.divide_no_nan,python,0.2264261193484771,0.2166,659,287475,,,,,,stage4/results/tensorflow-thesis-all-coverage/coverage_reports/per_api/python/tensorflow.math.divide_no_nan/coverage.json,,,,0,False,json2init/results/tensorflow/tensorflow.math.divide_no_nan.init.json,stage4/results/tensorflow-thesis-all-coverage/execution_results/tensorflow.math.divide_no_nan.results.json
tensorflow.math.equal,python,0.23562383506872586,0.2215,689,287475,,,,,,stage4/results/tensorflow-thesis-all-coverage/coverage_reports/per_api/python/tensorflow.math.equal/coverage.json,,,,0,False,json2init/results/tensorflow/tensorflow.math.equal.init.json,stage4/results/tensorflow-thesis-all-coverage/execution_results/tensorflow.math.equal.results.json
tensorflow.math.erfc,python,0.19342255117581975,0.174,572,287475,,,,,,stage4/results/tensorflow-thesis-all-coverage/coverage_reports/per_api/python/tensorflow.math.erfc/coverage.json,,,,0,False,json2init/results/tensorflow/tensorflow.math.erfc.init.json,stage4/results/tensorflow-thesis-all-coverage/execution_results/tensorflow.math.erfc.results.json
tensorflow.math.exp,python,0.19775088798534857,0.1777,585,287475,,,,,,stage4/results/tensorflow-thesis-all-coverage/coverage_reports/per_api/python/tensorflow.math.exp/coverage.json,,,,0,False,json2init/results/tensorflow/tensorflow.math.exp.init.json,stage4/results/tensorflow-thesis-all-coverage/execution_results/tensorflow.math.exp.results.json
tensorflow.math.expm1,python,0.19342255117581975,0.174,572,287475,,,,,,stage4/results/tensorflow-thesis-all-coverage/coverage_reports/per_api/python/tensorflow.math.expm1/coverage.json,,,,0,False,json2init/results/tensorflow/tensorflow.math.expm1.init.json,stage4/results/tensorflow-thesis-all-coverage/execution_results/tensorflow.math.expm1.results.json
tensorflow.math.floor,python,0.19775088798534857,0.1777,585,287475,,,,,,stage4/results/tensorflow-thesis-all-coverage/coverage_reports/per_api/python/tensorflow.math.floor/coverage.json,,,,0,False,json2init/results/tensorflow/tensorflow.math.floor.init.json,stage4/results/tensorflow-thesis-all-coverage/execution_results/tensorflow.math.floor.results.json
tensorflow.math.floormod,python,0.22182726148835272,0.2105,647,287475,,,,,,stage4/results/tensorflow-thesis-all-coverage/coverage_reports/per_api/python/tensorflow.math.floormod/coverage.json,,,,0,False,json2init/results/tensorflow/tensorflow.math.floormod.init.json,stage4/results/tensorflow-thesis-all-coverage/execution_results/tensorflow.math.floormod.results.json
tensorflow.math.greater,python,0.22182726148835272,0.2105,647,287475,,,,,,stage4/results/tensorflow-thesis-all-coverage/coverage_reports/per_api/python/tensorflow.math.greater/coverage.json,,,,0,False,json2init/results/tensorflow/tensorflow.math.greater.init.json,stage4/results/tensorflow-thesis-all-coverage/execution_results/tensorflow.math.greater.results.json
tensorflow.math.greater_equal,python,0.22182726148835272,0.2105,647,287475,,,,,,stage4/results/tensorflow-thesis-all-coverage/coverage_reports/per_api/python/tensorflow.math.greater_equal/coverage.json,,,,0,False,json2init/results/tensorflow/tensorflow.math.greater_equal.init.json,stage4/results/tensorflow-thesis-all-coverage/execution_results/tensorflow.math.greater_equal.results.json
tensorflow.math.igamma,python,0.22182726148835272,0.2105,647,287475,,,,,,stage4/results/tensorflow-thesis-all-coverage/coverage_reports/per_api/python/tensorflow.math.igamma/coverage.json,,,,0,False,json2init/results/tensorflow/tensorflow.math.igamma.init.json,stage4/results/tensorflow-thesis-all-coverage/execution_results/tensorflow.math.igamma.results.json
tensorflow.math.igammac,python,0.22182726148835272,0.2105,647,287475,,,,,,stage4/results/tensorflow-thesis-all-coverage/coverage_reports/per_api/python/tensorflow.math.igammac/coverage.json,,,,0,False,json2init/results/tensorflow/tensorflow.math.igammac.init.json,stage4/results/tensorflow-thesis-all-coverage/execution_results/tensorflow.math.igammac.results.json
tensorflow.math.is_finite,python,0.1926109880240331,0.1728,570,287475,,,,,,stage4/results/tensorflow-thesis-all-coverage/coverage_reports/per_api/python/tensorflow.math.is_finite/coverage.json,,,,0,False,json2init/results/tensorflow/tensorflow.math.is_finite.init.json,stage4/results/tensorflow-thesis-all-coverage/execution_results/tensorflow.math.is_finite.results.json
tensorflow.math.is_inf,python,0.1926109880240331,0.1728,570,287475,,,,,,stage4/results/tensorflow-thesis-all-coverage/coverage_reports/per_api/python/tensorflow.math.is_inf/coverage.json,,,,0,False,json2init/results/tensorflow/tensorflow.math.is_inf.init.json,stage4/results/tensorflow-thesis-all-coverage/execution_results/tensorflow.math.is_inf.results.json
tensorflow.math.is_nan,python,0.1926109880240331,0.1728,570,287475,,,,,,stage4/results/tensorflow-thesis-all-coverage/coverage_reports/per_api/python/tensorflow.math.is_nan/coverage.json,,,,0,False,json2init/results/tensorflow/tensorflow.math.is_nan.init.json,stage4/results/tensorflow-thesis-all-coverage/execution_results/tensorflow.math.is_nan.results.json
tensorflow.math.is_non_decreasing,python,0.2551013507116056,0.2494,738,287475,,,,,,stage4/results/tensorflow-thesis-all-coverage/coverage_reports/per_api/python/tensorflow.math.is_non_decreasing/coverage.json,,,,0,False,json2init/results/tensorflow/tensorflow.math.is_non_decreasing.init.json,stage4/results/tensorflow-thesis-all-coverage/execution_results/tensorflow.math.is_non_decreasing.results.json
tensorflow.math.is_strictly_increasing,python,0.2551013507116056,0.2494,738,287475,,,,,,stage4/results/tensorflow-thesis-all-coverage/coverage_reports/per_api/python/tensorflow.math.is_strictly_increasing/coverage.json,,,,0,False,json2init/results/tensorflow/tensorflow.math.is_strictly_increasing.init.json,stage4/results/tensorflow-thesis-all-coverage/execution_results/tensorflow.math.is_strictly_increasing.results.json
tensorflow.math.l2_normalize,python,0.2404932139794458,0.2275,702,287475,,,,,,stage4/results/tensorflow-thesis-all-coverage/coverage_reports/per_api/python/tensorflow.math.l2_normalize/coverage.json,,,,0,False,json2init/results/tensorflow/tensorflow.math.l2_normalize.init.json,stage4/results/tensorflow-thesis-all-coverage/execution_results/tensorflow.math.l2_normalize.results.json
tensorflow.math.less,python,0.22182726148835272,0.2105,647,287475,,,,,,stage4/results/tensorflow-thesis-all-coverage/coverage_reports/per_api/python/tensorflow.math.less/coverage.json,,,,0,False,json2init/results/tensorflow/tensorflow.math.less.init.json,stage4/results/tensorflow-thesis-all-coverage/execution_results/tensorflow.math.less.results.json
tensorflow.math.less_equal,python,0.22182726148835272,0.2105,647,287475,,,,,,stage4/results/tensorflow-thesis-all-coverage/coverage_reports/per_api/python/tensorflow.math.less_equal/coverage.json,,,,0,False,json2init/results/tensorflow/tensorflow.math.less_equal.init.json,stage4/results/tensorflow-thesis-all-coverage/execution_results/tensorflow.math.less_equal.results.json
tensorflow.math.lgamma,python,0.19342255117581975,0.174,572,287475,,,,,,stage4/results/tensorflow-thesis-all-coverage/coverage_reports/per_api/python/tensorflow.math.lgamma/coverage.json,,,,0,False,json2init/results/tensorflow/tensorflow.math.lgamma.init.json,stage4/results/tensorflow-thesis-all-coverage/execution_results/tensorflow.math.lgamma.results.json
tensorflow.math.log,python,0.19342255117581975,0.174,572,287475,,,,,,stage4/results/tensorflow-thesis-all-coverage/coverage_reports/per_api/python/tensorflow.math.log/coverage.json,,,,0,False,json2init/results/tensorflow/tensorflow.math.log.init.json,stage4/results/tensorflow-thesis-all-coverage/execution_results/tensorflow.math.log.results.json
tensorflow.math.log1p,python,0.19342255117581975,0.174,572,287475,,,,,,stage4/results/tensorflow-thesis-all-coverage/coverage_reports/per_api/python/tensorflow.math.log1p/coverage.json,,,,0,False,json2init/results/tensorflow/tensorflow.math.log1p.init.json,stage4/results/tensorflow-thesis-all-coverage/execution_results/tensorflow.math.log1p.results.json
tensorflow.math.log_sigmoid,python,0.1869300459615265,0.1618,558,287475,,,,,,stage4/results/tensorflow-thesis-all-coverage/coverage_reports/per_api/python/tensorflow.math.log_sigmoid/coverage.json,,,,0,False,json2init/results/tensorflow/tensorflow.math.log_sigmoid.init.json,stage4/results/tensorflow-thesis-all-coverage/execution_results/tensorflow.math.log_sigmoid.results.json
tensorflow.math.logical_and,python,0.18584796175914428,0.1582,557,287475,,,,,,stage4/results/tensorflow-thesis-all-coverage/coverage_reports/per_api/python/tensorflow.math.logical_and/coverage.json,,,,0,False,json2init/results/tensorflow/tensorflow.math.logical_and.init.json,stage4/results/tensorflow-thesis-all-coverage/execution_results/tensorflow.math.logical_and.results.json
tensorflow.math.logical_not,python,0.18530691965795318,0.157,556,287475,,,,,,stage4/results/tensorflow-thesis-all-coverage/coverage_reports/per_api/python/tensorflow.math.logical_not/coverage.json,,,,0,False,json2init/results/tensorflow/tensorflow.math.logical_not.init.json,stage4/results/tensorflow-thesis-all-coverage/execution_results/tensorflow.math.logical_not.results.json
tensorflow.math.logical_or,python,0.18584796175914428,0.1582,557,287475,,,,,,stage4/results/tensorflow-thesis-all-coverage/coverage_reports/per_api/python/tensorflow.math.logical_or/coverage.json,,,,0,False,json2init/results/tensorflow/tensorflow.math.logical_or.init.json,stage4/results/tensorflow-thesis-all-coverage/execution_results/tensorflow.math.logical_or.results.json
tensorflow.math.logical_xor,python,0.1947751564287975,0.1655,584,287475,,,,,,stage4/results/tensorflow-thesis-all-coverage/coverage_reports/per_api/python/tensorflow.math.logical_xor/coverage.json,,,,0,False,json2init/results/tensorflow/tensorflow.math.logical_xor.init.json,stage4/results/tensorflow-thesis-all-coverage/execution_results/tensorflow.math.logical_xor.results.json
tensorflow.math.maximum,python,0.22182726148835272,0.2105,647,287475,,,,,,stage4/results/tensorflow-thesis-all-coverage/coverage_reports/per_api/python/tensorflow.math.maximum/coverage.json,,,,0,False,json2init/results/tensorflow/tensorflow.math.maximum.init.json,stage4/results/tensorflow-thesis-all-coverage/execution_results/tensorflow.math.maximum.results.json
tensorflow.math.minimum,python,0.22182726148835272,0.2105,647,287475,,,,,,stage4/results/tensorflow-thesis-all-coverage/coverage_reports/per_api/python/tensorflow.math.minimum/coverage.json,,,,0,False,json2init/results/tensorflow/tensorflow.math.minimum.init.json,stage4/results/tensorflow-thesis-all-coverage/execution_results/tensorflow.math.minimum.results.json
tensorflow.math.mod,python,0.22182726148835272,0.2105,647,287475,,,,,,stage4/results/tensorflow-thesis-all-coverage/coverage_reports/per_api/python/tensorflow.math.mod/coverage.json,,,,0,False,json2init/results/tensorflow/tensorflow.math.mod.init.json,stage4/results/tensorflow-thesis-all-coverage/execution_results/tensorflow.math.mod.results.json
tensorflow.math.multiply_no_nan,python,0.19179942487224644,0.1704,569,287475,,,,,,stage4/results/tensorflow-thesis-all-coverage/coverage_reports/per_api/python/tensorflow.math.multiply_no_nan/coverage.json,,,,0,False,json2init/results/tensorflow/tensorflow.math.multiply_no_nan.init.json,stage4/results/tensorflow-thesis-all-coverage/execution_results/tensorflow.math.multiply_no_nan.results.json
tensorflow.math.nextafter,python,0.22182726148835272,0.2105,647,287475,,,,,,stage4/results/tensorflow-thesis-all-coverage/coverage_reports/per_api/python/tensorflow.math.nextafter/coverage.json,,,,0,False,json2init/results/tensorflow/tensorflow.math.nextafter.init.json,stage4/results/tensorflow-thesis-all-coverage/execution_results/tensorflow.math.nextafter.results.json
tensorflow.math.not_equal,python,0.23562383506872586,0.2215,689,287475,,,,,,stage4/results/tensorflow-thesis-all-coverage/coverage_reports/per_api/python/tensorflow.math.not_equal/coverage.json,,,,0,False,json2init/results/tensorflow/tensorflow.math.not_equal.init.json,stage4/results/tensorflow-thesis-all-coverage/execution_results/tensorflow.math.not_equal.results.json
tensorflow.math.pow,python,0.20586651950321513,0.191,604,287475,,,,,,stage4/results/tensorflow-thesis-all-coverage/coverage_reports/per_api/python/tensorflow.math.pow/coverage.json,,,,0,False,json2init/results/tensorflow/tensorflow.math.pow.init.json,stage4/results/tensorflow-thesis-all-coverage/execution_results/tensorflow.math.pow.results.json
tensorflow.math.reciprocal,python,0.19342255117581975,0.174,572,287475,,,,,,stage4/results/tensorflow-thesis-all-coverage/coverage_reports/per_api/python/tensorflow.math.reciprocal/coverage.json,,,,0,False,json2init/results/tensorflow/tensorflow.math.reciprocal.init.json,stage4/results/tensorflow-thesis-all-coverage/execution_results/tensorflow.math.reciprocal.results.json
tensorflow.math.reciprocal_no_nan,python,0.18720056701212204,0.1631,558,287475,,,,,,stage4/results/tensorflow-thesis-all-coverage/coverage_reports/per_api/python/tensorflow.math.reciprocal_no_nan/coverage.json,,,,0,False,json2init/results/tensorflow/tensorflow.math.reciprocal_no_nan.init.json,stage4/results/tensorflow-thesis-all-coverage/execution_results/tensorflow.math.reciprocal_no_nan.results.json
tensorflow.math.reduce_euclidean_norm,python,0.19234046697343754,0.1716,570,287475,,,,,,stage4/results/tensorflow-thesis-all-coverage/coverage_reports/per_api/python/tensorflow.math.reduce_euclidean_norm/coverage.json,,,,0,False,json2init/results/tensorflow/tensorflow.math.reduce_euclidean_norm.init.json,stage4/results/tensorflow-thesis-all-coverage/execution_results/tensorflow.math.reduce_euclidean_norm.results.json
tensorflow.math.reduce_logsumexp,python,0.22804924565205043,0.2008,678,287475,,,,,,stage4/results/tensorflow-thesis-all-coverage/coverage_reports/per_api/python/tensorflow.math.reduce_logsumexp/coverage.json,,,,0,False,json2init/results/tensorflow/tensorflow.math.reduce_logsumexp.init.json,stage4/results/tensorflow-thesis-all-coverage/execution_results/tensorflow.math.reduce_logsumexp.results.json
tensorflow.math.reduce_max,python,0.1926109880240331,0.1716,571,287475,,,,,,stage4/results/tensorflow-thesis-all-coverage/coverage_reports/per_api/python/tensorflow.math.reduce_max/coverage.json,,,,0,False,json2init/results/tensorflow/tensorflow.math.reduce_max.init.json,stage4/results/tensorflow-thesis-all-coverage/execution_results/tensorflow.math.reduce_max.results.json
tensorflow.math.reduce_mean,python,0.19234046697343754,0.1716,570,287475,,,,,,stage4/results/tensorflow-thesis-all-coverage/coverage_reports/per_api/python/tensorflow.math.reduce_mean/coverage.json,,,,0,False,json2init/results/tensorflow/tensorflow.math.reduce_mean.init.json,stage4/results/tensorflow-thesis-all-coverage/execution_results/tensorflow.math.reduce_mean.results.json
tensorflow.math.reduce_min,python,0.19234046697343754,0.1716,570,287475,,,,,,stage4/results/tensorflow-thesis-all-coverage/coverage_reports/per_api/python/tensorflow.math.reduce_min/coverage.json,,,,0,False,json2init/results/tensorflow/tensorflow.math.reduce_min.init.json,stage4/results/tensorflow-thesis-all-coverage/execution_results/tensorflow.math.reduce_min.results.json
tensorflow.math.reduce_prod,python,0.19234046697343754,0.1716,570,287475,,,,,,stage4/results/tensorflow-thesis-all-coverage/coverage_reports/per_api/python/tensorflow.math.reduce_prod/coverage.json,,,,0,False,json2init/results/tensorflow/tensorflow.math.reduce_prod.init.json,stage4/results/tensorflow-thesis-all-coverage/execution_results/tensorflow.math.reduce_prod.results.json
tensorflow.math.reduce_std,python,0.2112769405151262,0.1886,626,287475,,,,,,stage4/results/tensorflow-thesis-all-coverage/coverage_reports/per_api/python/tensorflow.math.reduce_std/coverage.json,,,,0,False,json2init/results/tensorflow/tensorflow.math.reduce_std.init.json,stage4/results/tensorflow-thesis-all-coverage/execution_results/tensorflow.math.reduce_std.results.json
tensorflow.math.reduce_sum,python,0.1926109880240331,0.1716,571,287475,,,,,,stage4/results/tensorflow-thesis-all-coverage/coverage_reports/per_api/python/tensorflow.math.reduce_sum/coverage.json,,,,0,False,json2init/results/tensorflow/tensorflow.math.reduce_sum.init.json,stage4/results/tensorflow-thesis-all-coverage/execution_results/tensorflow.math.reduce_sum.results.json
tensorflow.math.reduce_variance,python,0.20803068790797957,0.1874,615,287475,,,,,,stage4/results/tensorflow-thesis-all-coverage/coverage_reports/per_api/python/tensorflow.math.reduce_variance/coverage.json,,,,0,False,json2init/results/tensorflow/tensorflow.math.reduce_variance.init.json,stage4/results/tensorflow-thesis-all-coverage/execution_results/tensorflow.math.reduce_variance.results.json
tensorflow.math.rint,python,0.19342255117581975,0.174,572,287475,,,,,,stage4/results/tensorflow-thesis-all-coverage/coverage_reports/per_api/python/tensorflow.math.rint/coverage.json,,,,0,False,json2init/results/tensorflow/tensorflow.math.rint.init.json,stage4/results/tensorflow-thesis-all-coverage/execution_results/tensorflow.math.rint.results.json
tensorflow.math.round,python,0.18260170915199767,0.1582,545,287475,,,,,,stage4/results/tensorflow-thesis-all-coverage/coverage_reports/per_api/python/tensorflow.math.round/coverage.json,,,,0,False,json2init/results/tensorflow/tensorflow.math.round.init.json,stage4/results/tensorflow-thesis-all-coverage/execution_results/tensorflow.math.round.results.json
tensorflow.math.rsqrt,python,0.1880121301639087,0.1655,559,287475,,,,,,stage4/results/tensorflow-thesis-all-coverage/coverage_reports/per_api/python/tensorflow.math.rsqrt/coverage.json,,,,0,False,json2init/results/tensorflow/tensorflow.math.rsqrt.init.json,stage4/results/tensorflow-thesis-all-coverage/execution_results/tensorflow.math.rsqrt.results.json
tensorflow.math.scalar_mul,python,0.2269671614496682,0.2166,661,287475,,,,,,stage4/results/tensorflow-thesis-all-coverage/coverage_reports/per_api/python/tensorflow.math.scalar_mul/coverage.json,,,,0,False,json2init/results/tensorflow/tensorflow.math.scalar_mul.init.json,stage4/results/tensorflow-thesis-all-coverage/execution_results/tensorflow.math.scalar_mul.results.json
tensorflow.math.sigmoid,python,0.18503639860735763,0.1606,552,287475,,,,,,stage4/results/tensorflow-thesis-all-coverage/coverage_reports/per_api/python/tensorflow.math.sigmoid/coverage.json,,,,0,False,json2init/results/tensorflow/tensorflow.math.sigmoid.init.json,stage4/results/tensorflow-thesis-all-coverage/execution_results/tensorflow.math.sigmoid.results.json
tensorflow.math.sinh,python,0.19342255117581975,0.174,572,287475,,,,,,stage4/results/tensorflow-thesis-all-coverage/coverage_reports/per_api/python/tensorflow.math.sinh/coverage.json,,,,0,False,json2init/results/tensorflow/tensorflow.math.sinh.init.json,stage4/results/tensorflow-thesis-all-coverage/execution_results/tensorflow.math.sinh.results.json
tensorflow.math.softsign,python,0.1926109880240331,0.1728,570,287475,,,,,,stage4/results/tensorflow-thesis-all-coverage/coverage_reports/per_api/python/tensorflow.math.softsign/coverage.json,,,,0,False,json2init/results/tensorflow/tensorflow.math.softsign.init.json,stage4/results/tensorflow-thesis-all-coverage/execution_results/tensorflow.math.softsign.results.json
tensorflow.math.special.bessel_i0,python,0.20559599845261958,0.1813,611,287475,,,,,,stage4/results/tensorflow-thesis-all-coverage/coverage_reports/per_api/python/tensorflow.math.special.bessel_i0/coverage.json,,,,0,False,json2init/results/tensorflow/tensorflow.math.special.bessel_i0.init.json,stage4/results/tensorflow-thesis-all-coverage/execution_results/tensorflow.math.special.bessel_i0.results.json
tensorflow.math.special.bessel_i0e,python,0.20559599845261958,0.1813,611,287475,,,,,,stage4/results/tensorflow-thesis-all-coverage/coverage_reports/per_api/python/tensorflow.math.special.bessel_i0e/coverage.json,,,,0,False,json2init/results/tensorflow/tensorflow.math.special.bessel_i0e.init.json,stage4/results/tensorflow-thesis-all-coverage/execution_results/tensorflow.math.special.bessel_i0e.results.json
tensorflow.math.special.bessel_i1,python,0.20559599845261958,0.1813,611,287475,,,,,,stage4/results/tensorflow-thesis-all-coverage/coverage_reports/per_api/python/tensorflow.math.special.bessel_i1/coverage.json,,,,0,False,json2init/results/tensorflow/tensorflow.math.special.bessel_i1.init.json,stage4/results/tensorflow-thesis-all-coverage/execution_results/tensorflow.math.special.bessel_i1.results.json
tensorflow.math.special.bessel_i1e,python,0.20559599845261958,0.1813,611,287475,,,,,,stage4/results/tensorflow-thesis-all-coverage/coverage_reports/per_api/python/tensorflow.math.special.bessel_i1e/coverage.json,,,,0,False,json2init/results/tensorflow/tensorflow.math.special.bessel_i1e.init.json,stage4/results/tensorflow-thesis-all-coverage/execution_results/tensorflow.math.special.bessel_i1e.results.json
tensorflow.math.special.bessel_j0,python,0.20559599845261958,0.1813,611,287475,,,,,,stage4/results/tensorflow-thesis-all-coverage/coverage_reports/per_api/python/tensorflow.math.special.bessel_j0/coverage.json,,,,0,False,json2init/results/tensorflow/tensorflow.math.special.bessel_j0.init.json,stage4/results/tensorflow-thesis-all-coverage/execution_results/tensorflow.math.special.bessel_j0.results.json
tensorflow.math.special.bessel_j1,python,0.20559599845261958,0.1813,611,287475,,,,,,stage4/results/tensorflow-thesis-all-coverage/coverage_reports/per_api/python/tensorflow.math.special.bessel_j1/coverage.json,,,,0,False,json2init/results/tensorflow/tensorflow.math.special.bessel_j1.init.json,stage4/results/tensorflow-thesis-all-coverage/execution_results/tensorflow.math.special.bessel_j1.results.json
tensorflow.math.special.bessel_k0,python,0.20559599845261958,0.1813,611,287475,,,,,,stage4/results/tensorflow-thesis-all-coverage/coverage_reports/per_api/python/tensorflow.math.special.bessel_k0/coverage.json,,,,0,False,json2init/results/tensorflow/tensorflow.math.special.bessel_k0.init.json,stage4/results/tensorflow-thesis-all-coverage/execution_results/tensorflow.math.special.bessel_k0.results.json
tensorflow.math.special.bessel_k0e,python,0.20559599845261958,0.1813,611,287475,,,,,,stage4/results/tensorflow-thesis-all-coverage/coverage_reports/per_api/python/tensorflow.math.special.bessel_k0e/coverage.json,,,,0,False,json2init/results/tensorflow/tensorflow.math.special.bessel_k0e.init.json,stage4/results/tensorflow-thesis-all-coverage/execution_results/tensorflow.math.special.bessel_k0e.results.json
tensorflow.math.special.bessel_k1,python,0.20559599845261958,0.1813,611,287475,,,,,,stage4/results/tensorflow-thesis-all-coverage/coverage_reports/per_api/python/tensorflow.math.special.bessel_k1/coverage.json,,,,0,False,json2init/results/tensorflow/tensorflow.math.special.bessel_k1.init.json,stage4/results/tensorflow-thesis-all-coverage/execution_results/tensorflow.math.special.bessel_k1.results.json
tensorflow.math.special.bessel_k1e,python,0.20559599845261958,0.1813,611,287475,,,,,,stage4/results/tensorflow-thesis-all-coverage/coverage_reports/per_api/python/tensorflow.math.special.bessel_k1e/coverage.json,,,,0,False,json2init/results/tensorflow/tensorflow.math.special.bessel_k1e.init.json,stage4/results/tensorflow-thesis-all-coverage/execution_results/tensorflow.math.special.bessel_k1e.results.json
tensorflow.math.special.bessel_y0,python,0.20559599845261958,0.1813,611,287475,,,,,,stage4/results/tensorflow-thesis-all-coverage/coverage_reports/per_api/python/tensorflow.math.special.bessel_y0/coverage.json,,,,0,False,json2init/results/tensorflow/tensorflow.math.special.bessel_y0.init.json,stage4/results/tensorflow-thesis-all-coverage/execution_results/tensorflow.math.special.bessel_y0.results.json
tensorflow.math.special.bessel_y1,python,0.20559599845261958,0.1813,611,287475,,,,,,stage4/results/tensorflow-thesis-all-coverage/coverage_reports/per_api/python/tensorflow.math.special.bessel_y1/coverage.json,,,,0,False,json2init/results/tensorflow/tensorflow.math.special.bessel_y1.init.json,stage4/results/tensorflow-thesis-all-coverage/execution_results/tensorflow.math.special.bessel_y1.results.json
tensorflow.math.special.dawsn,python,0.20559599845261958,0.1813,611,287475,,,,,,stage4/results/tensorflow-thesis-all-coverage/coverage_reports/per_api/python/tensorflow.math.special.dawsn/coverage.json,,,,0,False,json2init/results/tensorflow/tensorflow.math.special.dawsn.init.json,stage4/results/tensorflow-thesis-all-coverage/execution_results/tensorflow.math.special.dawsn.results.json
tensorflow.math.special.expint,python,0.20559599845261958,0.1813,611,287475,,,,,,stage4/results/tensorflow-thesis-all-coverage/coverage_reports/per_api/python/tensorflow.math.special.expint/coverage.json,,,,0,False,json2init/results/tensorflow/tensorflow.math.special.expint.init.json,stage4/results/tensorflow-thesis-all-coverage/execution_results/tensorflow.math.special.expint.results.json
tensorflow.math.special.fresnel_cos,python,0.20559599845261958,0.1813,611,287475,,,,,,stage4/results/tensorflow-thesis-all-coverage/coverage_reports/per_api/python/tensorflow.math.special.fresnel_cos/coverage.json,,,,0,False,json2init/results/tensorflow/tensorflow.math.special.fresnel_cos.init.json,stage4/results/tensorflow-thesis-all-coverage/execution_results/tensorflow.math.special.fresnel_cos.results.json
tensorflow.math.special.fresnel_sin,python,0.20559599845261958,0.1813,611,287475,,,,,,stage4/results/tensorflow-thesis-all-coverage/coverage_reports/per_api/python/tensorflow.math.special.fresnel_sin/coverage.json,,,,0,False,json2init/results/tensorflow/tensorflow.math.special.fresnel_sin.init.json,stage4/results/tensorflow-thesis-all-coverage/execution_results/tensorflow.math.special.fresnel_sin.results.json
tensorflow.math.special.spence,python,0.20559599845261958,0.1813,611,287475,,,,,,stage4/results/tensorflow-thesis-all-coverage/coverage_reports/per_api/python/tensorflow.math.special.spence/coverage.json,,,,0,False,json2init/results/tensorflow/tensorflow.math.special.spence.init.json,stage4/results/tensorflow-thesis-all-coverage/execution_results/tensorflow.math.special.spence.results.json
tensorflow.math.squared_difference,python,0.22182726148835272,0.2105,647,287475,,,,,,stage4/results/tensorflow-thesis-all-coverage/coverage_reports/per_api/python/tensorflow.math.squared_difference/coverage.json,,,,0,False,json2init/results/tensorflow/tensorflow.math.squared_difference.init.json,stage4/results/tensorflow-thesis-all-coverage/execution_results/tensorflow.math.squared_difference.results.json
tensorflow.math.subtract,python,0.22209778253894827,0.2105,648,287475,,,,,,stage4/results/tensorflow-thesis-all-coverage/coverage_reports/per_api/python/tensorflow.math.subtract/coverage.json,,,,0,False,json2init/results/tensorflow/tensorflow.math.subtract.init.json,stage4/results/tensorflow-thesis-all-coverage/execution_results/tensorflow.math.subtract.results.json
tensorflow.math.top_k,python,0.1874710880627176,0.1643,558,287475,,,,,,stage4/results/tensorflow-thesis-all-coverage/coverage_reports/per_api/python/tensorflow.math.top_k/coverage.json,,,,0,False,json2init/results/tensorflow/tensorflow.math.top_k.init.json,stage4/results/tensorflow-thesis-all-coverage/execution_results/tensorflow.math.top_k.results.json
tensorflow.math.xlogy,python,0.22182726148835272,0.2105,647,287475,,,,,,stage4/results/tensorflow-thesis-all-coverage/coverage_reports/per_api/python/tensorflow.math.xlogy/coverage.json,,,,0,False,json2init/results/tensorflow/tensorflow.math.xlogy.init.json,stage4/results/tensorflow-thesis-all-coverage/execution_results/tensorflow.math.xlogy.results.json
tensorflow.math.zero_fraction,python,0.27025052954495654,0.2531,791,287475,,,,,,stage4/results/tensorflow-thesis-all-coverage/coverage_reports/per_api/python/tensorflow.math.zero_fraction/coverage.json,,,,0,False,json2init/results/tensorflow/tensorflow.math.zero_fraction.init.json,stage4/results/tensorflow-thesis-all-coverage/execution_results/tensorflow.math.zero_fraction.results.json
tensorflow.math.zeta,python,0.22182726148835272,0.2105,647,287475,,,,,,stage4/results/tensorflow-thesis-all-coverage/coverage_reports/per_api/python/tensorflow.math.zeta/coverage.json,,,,0,False,json2init/results/tensorflow/tensorflow.math.zeta.init.json,stage4/results/tensorflow-thesis-all-coverage/execution_results/tensorflow.math.zeta.results.json
tensorflow.maximum,python,0.18584796175914428,0.2105,514,287475,,,,,,stage4/results/tensorflow-thesis-all-coverage/coverage_reports/per_api/python/tensorflow.maximum/coverage.json,,,,0,False,json2init/results/tensorflow/tensorflow.maximum.init.json,stage4/results/tensorflow-thesis-all-coverage/execution_results/tensorflow.maximum.results.json
tensorflow.metrics.KLD,python,0.218039966780015,0.2336,614,287475,,,,,,stage4/results/tensorflow-thesis-all-coverage/coverage_reports/per_api/python/tensorflow.metrics.KLD/coverage.json,,,,0,False,json2init/results/tensorflow/tensorflow.metrics.KLD.init.json,stage4/results/tensorflow-thesis-all-coverage/execution_results/tensorflow.metrics.KLD.results.json
tensorflow.metrics.MAE,python,0.1993740142889219,0.2142,561,287475,,,,,,stage4/results/tensorflow-thesis-all-coverage/coverage_reports/per_api/python/tensorflow.metrics.MAE/coverage.json,,,,0,False,json2init/results/tensorflow/tensorflow.metrics.MAE.init.json,stage4/results/tensorflow-thesis-all-coverage/execution_results/tensorflow.metrics.MAE.results.json
tensorflow.metrics.MSE,python,0.1958572406311797,0.2093,552,287475,,,,,,stage4/results/tensorflow-thesis-all-coverage/coverage_reports/per_api/python/tensorflow.metrics.MSE/coverage.json,,,,0,False,json2init/results/tensorflow/tensorflow.metrics.MSE.init.json,stage4/results/tensorflow-thesis-all-coverage/execution_results/tensorflow.metrics.MSE.results.json
tensorflow.metrics.binary_crossentropy,python,0.21100641946453064,0.2324,589,287475,,,,,,stage4/results/tensorflow-thesis-all-coverage/coverage_reports/per_api/python/tensorflow.metrics.binary_crossentropy/coverage.json,,,,0,False,json2init/results/tensorflow/tensorflow.metrics.binary_crossentropy.init.json,stage4/results/tensorflow-thesis-all-coverage/execution_results/tensorflow.metrics.binary_crossentropy.results.json
tensorflow.metrics.binary_focal_crossentropy,python,0.2134411089198906,0.2336,597,287475,,,,,,stage4/results/tensorflow-thesis-all-coverage/coverage_reports/per_api/python/tensorflow.metrics.binary_focal_crossentropy/coverage.json,,,,0,False,json2init/results/tensorflow/tensorflow.metrics.binary_focal_crossentropy.init.json,stage4/results/tensorflow-thesis-all-coverage/execution_results/tensorflow.metrics.binary_focal_crossentropy.results.json
tensorflow.metrics.categorical_crossentropy,python,0.21046537736333953,0.2324,587,287475,,,,,,stage4/results/tensorflow-thesis-all-coverage/coverage_reports/per_api/python/tensorflow.metrics.categorical_crossentropy/coverage.json,,,,0,False,json2init/results/tensorflow/tensorflow.metrics.categorical_crossentropy.init.json,stage4/results/tensorflow-thesis-all-coverage/execution_results/tensorflow.metrics.categorical_crossentropy.results.json
tensorflow.metrics.categorical_focal_crossentropy,python,0.2304839351074104,0.2458,650,287475,,,,,,stage4/results/tensorflow-thesis-all-coverage/coverage_reports/per_api/python/tensorflow.metrics.categorical_focal_crossentropy/coverage.json,,,,0,False,json2init/results/tensorflow/tensorflow.metrics.categorical_focal_crossentropy.init.json,stage4/results/tensorflow-thesis-all-coverage/execution_results/tensorflow.metrics.categorical_focal_crossentropy.results.json
tensorflow.metrics.categorical_hinge,python,0.24725624024433462,0.2665,695,287475,,,,,,stage4/results/tensorflow-thesis-all-coverage/coverage_reports/per_api/python/tensorflow.metrics.categorical_hinge/coverage.json,,,,0,False,json2init/results/tensorflow/tensorflow.metrics.categorical_hinge.init.json,stage4/results/tensorflow-thesis-all-coverage/execution_results/tensorflow.metrics.categorical_hinge.results.json
tensorflow.metrics.concordance_correlation,python,0.22182726148835272,0.2373,625,287475,,,,,,stage4/results/tensorflow-thesis-all-coverage/coverage_reports/per_api/python/tensorflow.metrics.concordance_correlation/coverage.json,,,,0,False,json2init/results/tensorflow/tensorflow.metrics.concordance_correlation.init.json,stage4/results/tensorflow-thesis-all-coverage/execution_results/tensorflow.metrics.concordance_correlation.results.json
tensorflow.metrics.hinge,python,0.22669664039907264,0.247,635,287475,,,,,,stage4/results/tensorflow-thesis-all-coverage/coverage_reports/per_api/python/tensorflow.metrics.hinge/coverage.json,,,,0,False,json2init/results/tensorflow/tensorflow.metrics.hinge.init.json,stage4/results/tensorflow-thesis-all-coverage/execution_results/tensorflow.metrics.hinge.results.json
tensorflow.metrics.huber,python,0.19802140903594412,0.2154,555,287475,,,,,,stage4/results/tensorflow-thesis-all-coverage/coverage_reports/per_api/python/tensorflow.metrics.huber/coverage.json,,,,0,False,json2init/results/tensorflow/tensorflow.metrics.huber.init.json,stage4/results/tensorflow-thesis-all-coverage/execution_results/tensorflow.metrics.huber.results.json
tensorflow.metrics.kullback_leibler_divergence,python,0.20451391425023738,0.2239,572,287475,,,,,,stage4/results/tensorflow-thesis-all-coverage/coverage_reports/per_api/python/tensorflow.metrics.kullback_leibler_divergence/coverage.json,,,,0,False,json2init/results/tensorflow/tensorflow.metrics.kullback_leibler_divergence.init.json,stage4/results/tensorflow-thesis-all-coverage/execution_results/tensorflow.metrics.kullback_leibler_divergence.results.json
tensorflow.metrics.logcosh,python,0.2072191247561929,0.2215,584,287475,,,,,,stage4/results/tensorflow-thesis-all-coverage/coverage_reports/per_api/python/tensorflow.metrics.logcosh/coverage.json,,,,0,False,json2init/results/tensorflow/tensorflow.metrics.logcosh.init.json,stage4/results/tensorflow-thesis-all-coverage/execution_results/tensorflow.metrics.logcosh.results.json
tensorflow.metrics.pearson_correlation,python,0.21533475627405946,0.2251,611,287475,,,,,,stage4/results/tensorflow-thesis-all-coverage/coverage_reports/per_api/python/tensorflow.metrics.pearson_correlation/coverage.json,,,,0,False,json2init/results/tensorflow/tensorflow.metrics.pearson_correlation.init.json,stage4/results/tensorflow-thesis-all-coverage/execution_results/tensorflow.metrics.pearson_correlation.results.json
tensorflow.metrics.poisson,python,0.19098786172045978,0.2081,535,287475,,,,,,stage4/results/tensorflow-thesis-all-coverage/coverage_reports/per_api/python/tensorflow.metrics.poisson/coverage.json,,,,0,False,json2init/results/tensorflow/tensorflow.metrics.poisson.init.json,stage4/results/tensorflow-thesis-all-coverage/execution_results/tensorflow.metrics.poisson.results.json
tensorflow.metrics.squared_hinge,python,0.22859028775324153,0.2482,641,287475,,,,,,stage4/results/tensorflow-thesis-all-coverage/coverage_reports/per_api/python/tensorflow.metrics.squared_hinge/coverage.json,,,,0,False,json2init/results/tensorflow/tensorflow.metrics.squared_hinge.init.json,stage4/results/tensorflow-thesis-all-coverage/execution_results/tensorflow.metrics.squared_hinge.results.json
tensorflow.minimum,python,0.18584796175914428,0.2105,514,287475,,,,,,stage4/results/tensorflow-thesis-all-coverage/coverage_reports/per_api/python/tensorflow.minimum/coverage.json,,,,0,False,json2init/results/tensorflow/tensorflow.minimum.init.json,stage4/results/tensorflow-thesis-all-coverage/execution_results/tensorflow.minimum.results.json
tensorflow.nn.avg_pool,python,0.2304839351074104,0.2312,662,287475,,,,,,stage4/results/tensorflow-thesis-all-coverage/coverage_reports/per_api/python/tensorflow.nn.avg_pool/coverage.json,,,,0,False,json2init/results/tensorflow/tensorflow.nn.avg_pool.init.json,stage4/results/tensorflow-thesis-all-coverage/execution_results/tensorflow.nn.avg_pool.results.json
tensorflow.nn.batch_normalization,python,0.24536259289016574,0.2458,705,287475,,,,,,stage4/results/tensorflow-thesis-all-coverage/coverage_reports/per_api/python/tensorflow.nn.batch_normalization/coverage.json,,,,0,False,json2init/results/tensorflow/tensorflow.nn.batch_normalization.init.json,stage4/results/tensorflow-thesis-all-coverage/execution_results/tensorflow.nn.batch_normalization.results.json
tensorflow.nn.elu,python,0.1812491038990199,0.1728,528,287475,,,,,,stage4/results/tensorflow-thesis-all-coverage/coverage_reports/per_api/python/tensorflow.nn.elu/coverage.json,,,,0,False,json2init/results/tensorflow/tensorflow.nn.elu.init.json,stage4/results/tensorflow-thesis-all-coverage/execution_results/tensorflow.nn.elu.results.json
tensorflow.nn.gelu,python,0.21073589841393509,0.2105,606,287475,,,,,,stage4/results/tensorflow-thesis-all-coverage/coverage_reports/per_api/python/tensorflow.nn.gelu/coverage.json,,,,0,False,json2init/results/tensorflow/tensorflow.nn.gelu.init.json,stage4/results/tensorflow-thesis-all-coverage/execution_results/tensorflow.nn.gelu.results.json
tensorflow.nn.l2_loss,python,0.1812491038990199,0.1728,528,287475,,,,,,stage4/results/tensorflow-thesis-all-coverage/coverage_reports/per_api/python/tensorflow.nn.l2_loss/coverage.json,,,,0,False,json2init/results/tensorflow/tensorflow.nn.l2_loss.init.json,stage4/results/tensorflow-thesis-all-coverage/execution_results/tensorflow.nn.l2_loss.results.json
tensorflow.nn.l2_normalize,python,0.22913132985443263,0.2275,660,287475,,,,,,stage4/results/tensorflow-thesis-all-coverage/coverage_reports/per_api/python/tensorflow.nn.l2_normalize/coverage.json,,,,0,False,json2init/results/tensorflow/tensorflow.nn.l2_normalize.init.json,stage4/results/tensorflow-thesis-all-coverage/execution_results/tensorflow.nn.l2_normalize.results.json
tensorflow.nn.leaky_relu,python,0.17475659868472665,0.1631,512,287475,,,,,,stage4/results/tensorflow-thesis-all-coverage/coverage_reports/per_api/python/tensorflow.nn.leaky_relu/coverage.json,,,,0,False,json2init/results/tensorflow/tensorflow.nn.leaky_relu.init.json,stage4/results/tensorflow-thesis-all-coverage/execution_results/tensorflow.nn.leaky_relu.results.json
tensorflow.nn.max_pool,python,0.23616487716991696,0.2385,677,287475,,,,,,stage4/results/tensorflow-thesis-all-coverage/coverage_reports/per_api/python/tensorflow.nn.max_pool/coverage.json,,,,0,False,json2init/results/tensorflow/tensorflow.nn.max_pool.init.json,stage4/results/tensorflow-thesis-all-coverage/execution_results/tensorflow.nn.max_pool.results.json
tensorflow.nn.max_pool2d,python,0.2342712298157481,0.2361,672,287475,,,,,,stage4/results/tensorflow-thesis-all-coverage/coverage_reports/per_api/python/tensorflow.nn.max_pool2d/coverage.json,,,,0,False,json2init/results/tensorflow/tensorflow.nn.max_pool2d.init.json,stage4/results/tensorflow-thesis-all-coverage/execution_results/tensorflow.nn.max_pool2d.results.json
tensorflow.nn.moments,python,0.23697644032170365,0.2373,681,287475,,,,,,stage4/results/tensorflow-thesis-all-coverage/coverage_reports/per_api/python/tensorflow.nn.moments/coverage.json,,,,0,False,json2init/results/tensorflow/tensorflow.nn.moments.init.json,stage4/results/tensorflow-thesis-all-coverage/execution_results/tensorflow.nn.moments.results.json
tensorflow.nn.normalize_moments,python,0.23697644032170365,0.2312,686,287475,,,,,,stage4/results/tensorflow-thesis-all-coverage/coverage_reports/per_api/python/tensorflow.nn.normalize_moments/coverage.json,,,,0,False,json2init/results/tensorflow/tensorflow.nn.normalize_moments.init.json,stage4/results/tensorflow-thesis-all-coverage/execution_results/tensorflow.nn.normalize_moments.results.json
tensorflow.nn.relu,python,0.17989649864604215,0.1704,525,287475,,,,,,stage4/results/tensorflow-thesis-all-coverage/coverage_reports/per_api/python/tensorflow.nn.relu/coverage.json,,,,0,False,json2init/results/tensorflow/tensorflow.nn.relu.init.json,stage4/results/tensorflow-thesis-all-coverage/execution_results/tensorflow.nn.relu.results.json
tensorflow.nn.selu,python,0.1812491038990199,0.1728,528,287475,,,,,,stage4/results/tensorflow-thesis-all-coverage/coverage_reports/per_api/python/tensorflow.nn.selu/coverage.json,,,,0,False,json2init/results/tensorflow/tensorflow.nn.selu.init.json,stage4/results/tensorflow-thesis-all-coverage/execution_results/tensorflow.nn.selu.results.json
tensorflow.nn.sigmoid,python,0.17367451448234444,0.1606,510,287475,,,,,,stage4/results/tensorflow-thesis-all-coverage/coverage_reports/per_api/python/tensorflow.nn.sigmoid/coverage.json,,,,0,False,json2init/results/tensorflow/tensorflow.nn.sigmoid.init.json,stage4/results/tensorflow-thesis-all-coverage/execution_results/tensorflow.nn.sigmoid.results.json
tensorflow.nn.silu,python,0.2737673032026987,0.2835,779,287475,,,,,,stage4/results/tensorflow-thesis-all-coverage/coverage_reports/per_api/python/tensorflow.nn.silu/coverage.json,,,,0,False,json2init/results/tensorflow/tensorflow.nn.silu.init.json,stage4/results/tensorflow-thesis-all-coverage/execution_results/tensorflow.nn.silu.results.json
tensorflow.nn.softsign,python,0.1812491038990199,0.1728,528,287475,,,,,,stage4/results/tensorflow-thesis-all-coverage/coverage_reports/per_api/python/tensorflow.nn.softsign/coverage.json,,,,0,False,json2init/results/tensorflow/tensorflow.nn.softsign.init.json,stage4/results/tensorflow-thesis-all-coverage/execution_results/tensorflow.nn.softsign.results.json
tensorflow.nn.space_to_batch,python,0.215605277324655,0.2142,621,287475,,,,,,stage4/results/tensorflow-thesis-all-coverage/coverage_reports/per_api/python/tensorflow.nn.space_to_batch/coverage.json,,,,0,False,json2init/results/tensorflow/tensorflow.nn.space_to_batch.init.json,stage4/results/tensorflow-thesis-all-coverage/execution_results/tensorflow.nn.space_to_batch.results.json
tensorflow.nn.space_to_depth,python,0.2326481035121748,0.2288,672,287475,,,,,,stage4/results/tensorflow-thesis-all-coverage/coverage_reports/per_api/python/tensorflow.nn.space_to_depth/coverage.json,,,,0,False,json2init/results/tensorflow/tensorflow.nn.space_to_depth.init.json,stage4/results/tensorflow-thesis-all-coverage/execution_results/tensorflow.nn.space_to_depth.results.json
tensorflow.nn.swish,python,0.2737673032026987,0.2835,779,287475,,,,,,stage4/results/tensorflow-thesis-all-coverage/coverage_reports/per_api/python/tensorflow.nn.swish/coverage.json,,,,0,False,json2init/results/tensorflow/tensorflow.nn.swish.init.json,stage4/results/tensorflow-thesis-all-coverage/execution_results/tensorflow.nn.swish.results.json
tensorflow.nn.top_k,python,0.1761092039377044,0.1643,516,287475,,,,,,stage4/results/tensorflow-thesis-all-coverage/coverage_reports/per_api/python/tensorflow.nn.top_k/coverage.json,,,,0,False,json2init/results/tensorflow/tensorflow.nn.top_k.init.json,stage4/results/tensorflow-thesis-all-coverage/execution_results/tensorflow.nn.top_k.results.json
tensorflow.nn.weighted_moments,python,0.2726852190003165,0.2689,787,287475,,,,,,stage4/results/tensorflow-thesis-all-coverage/coverage_reports/per_api/python/tensorflow.nn.weighted_moments/coverage.json,,,,0,False,json2init/results/tensorflow/tensorflow.nn.weighted_moments.init.json,stage4/results/tensorflow-thesis-all-coverage/execution_results/tensorflow.nn.weighted_moments.results.json
tensorflow.nn.zero_fraction,python,0.25888864541994333,0.2531,749,287475,,,,,,stage4/results/tensorflow-thesis-all-coverage/coverage_reports/per_api/python/tensorflow.nn.zero_fraction/coverage.json,,,,0,False,json2init/results/tensorflow/tensorflow.nn.zero_fraction.init.json,stage4/results/tensorflow-thesis-all-coverage/execution_results/tensorflow.nn.zero_fraction.results.json
tensorflow.not_equal,python,0.19964453533951745,0.2215,556,287475,,,,,,stage4/results/tensorflow-thesis-all-coverage/coverage_reports/per_api/python/tensorflow.not_equal/coverage.json,,,,0,False,json2init/results/tensorflow/tensorflow.not_equal.init.json,stage4/results/tensorflow-thesis-all-coverage/execution_results/tensorflow.not_equal.results.json
tensorflow.one_hot,python,0.20559599845261958,0.2361,566,287475,,,,,,stage4/results/tensorflow-thesis-all-coverage/coverage_reports/per_api/python/tensorflow.one_hot/coverage.json,,,,0,False,json2init/results/tensorflow/tensorflow.one_hot.init.json,stage4/results/tensorflow-thesis-all-coverage/execution_results/tensorflow.one_hot.results.json
tensorflow.ones,python,0.15230335148529583,0.1655,427,287475,,,,,,stage4/results/tensorflow-thesis-all-coverage/coverage_reports/per_api/python/tensorflow.ones/coverage.json,,,,0,False,json2init/results/tensorflow/tensorflow.ones.init.json,stage4/results/tensorflow-thesis-all-coverage/execution_results/tensorflow.ones.results.json
tensorflow.ones_like,python,0.18963525646748203,0.2154,524,287475,,,,,,stage4/results/tensorflow-thesis-all-coverage/coverage_reports/per_api/python/tensorflow.ones_like/coverage.json,,,,0,False,json2init/results/tensorflow/tensorflow.ones_like.init.json,stage4/results/tensorflow-thesis-all-coverage/execution_results/tensorflow.ones_like.results.json
tensorflow.pow,python,0.16988721977400673,0.191,471,287475,,,,,,stage4/results/tensorflow-thesis-all-coverage/coverage_reports/per_api/python/tensorflow.pow/coverage.json,,,,0,False,json2init/results/tensorflow/tensorflow.pow.init.json,stage4/results/tensorflow-thesis-all-coverage/execution_results/tensorflow.pow.results.json
tensorflow.quantization.fake_quant_with_min_max_args,python,0.15879585669958907,0.1655,451,287475,,,,,,stage4/results/tensorflow-thesis-all-coverage/coverage_reports/per_api/python/tensorflow.quantization.fake_quant_with_min_max_args/coverage.json,,,,0,False,json2init/results/tensorflow/tensorflow.quantization.fake_quant_with_min_max_args.init.json,stage4/results/tensorflow-thesis-all-coverage/execution_results/tensorflow.quantization.fake_quant_with_min_max_args.results.json
tensorflow.quantization.fake_quant_with_min_max_args_gradient,python,0.15933689880078017,0.1667,452,287475,,,,,,stage4/results/tensorflow-thesis-all-coverage/coverage_reports/per_api/python/tensorflow.quantization.fake_quant_with_min_max_args_gradient/coverage.json,,,,0,False,json2init/results/tensorflow/tensorflow.quantization.fake_quant_with_min_max_args_gradient.init.json,stage4/results/tensorflow-thesis-all-coverage/execution_results/tensorflow.quantization.fake_quant_with_min_max_args_gradient.results.json
tensorflow.quantization.fake_quant_with_min_max_vars_gradient,python,0.15122126728291363,0.1558,431,287475,,,,,,stage4/results/tensorflow-thesis-all-coverage/coverage_reports/per_api/python/tensorflow.quantization.fake_quant_with_min_max_vars_gradient/coverage.json,,,,0,False,json2init/results/tensorflow/tensorflow.quantization.fake_quant_with_min_max_vars_gradient.init.json,stage4/results/tensorflow-thesis-all-coverage/execution_results/tensorflow.quantization.fake_quant_with_min_max_vars_gradient.results.json
tensorflow.quantization.fake_quant_with_min_max_vars_per_channel,python,0.18936473541688648,0.2105,527,287475,,,,,,stage4/results/tensorflow-thesis-all-coverage/coverage_reports/per_api/python/tensorflow.quantization.fake_quant_with_min_max_vars_per_channel/coverage.json,,,,0,False,json2init/results/tensorflow/tensorflow.quantization.fake_quant_with_min_max_vars_per_channel.init.json,stage4/results/tensorflow-thesis-all-coverage/execution_results/tensorflow.quantization.fake_quant_with_min_max_vars_per_channel.results.json
tensorflow.quantization.fake_quant_with_min_max_vars_per_channel_gradient,python,0.18990577751807758,0.2117,528,287475,,,,,,stage4/results/tensorflow-thesis-all-coverage/coverage_reports/per_api/python/tensorflow.quantization.fake_quant_with_min_max_vars_per_channel_gradient/coverage.json,,,,0,False,json2init/results/tensorflow/tensorflow.quantization.fake_quant_with_min_max_vars_per_channel_gradient.init.json,stage4/results/tensorflow-thesis-all-coverage/execution_results/tensorflow.quantization.fake_quant_with_min_max_vars_per_channel_gradient.results.json
tensorflow.ragged.boolean_mask,python,0.3451848605599245,0.4186,932,287475,,,,,,stage4/results/tensorflow-thesis-all-coverage/coverage_reports/per_api/python/tensorflow.ragged.boolean_mask/coverage.json,,,,0,False,json2init/results/tensorflow/tensorflow.ragged.boolean_mask.init.json,stage4/results/tensorflow-thesis-all-coverage/execution_results/tensorflow.ragged.boolean_mask.results.json
tensorflow.ragged.constant,python,0.140129904208496,0.146,398,287475,,,,,,stage4/results/tensorflow-thesis-all-coverage/coverage_reports/per_api/python/tensorflow.ragged.constant/coverage.json,,,,0,False,json2init/results/tensorflow/tensorflow.ragged.constant.init.json,stage4/results/tensorflow-thesis-all-coverage/execution_results/tensorflow.ragged.constant.results.json
tensorflow.ragged.range,python,0.2764725137086542,0.32,759,287475,,,,,,stage4/results/tensorflow-thesis-all-coverage/coverage_reports/per_api/python/tensorflow.ragged.range/coverage.json,,,,0,False,json2init/results/tensorflow/tensorflow.ragged.range.init.json,stage4/results/tensorflow-thesis-all-coverage/execution_results/tensorflow.ragged.range.results.json
tensorflow.ragged.segment_ids_to_row_splits,python,0.24671519814314352,0.275,686,287475,,,,,,stage4/results/tensorflow-thesis-all-coverage/coverage_reports/per_api/python/tensorflow.ragged.segment_ids_to_row_splits/coverage.json,,,,0,False,json2init/results/tensorflow/tensorflow.ragged.segment_ids_to_row_splits.init.json,stage4/results/tensorflow-thesis-all-coverage/execution_results/tensorflow.ragged.segment_ids_to_row_splits.results.json
tensorflow.random.gamma,python,0.21262954576810394,0.2202,605,287475,,,,,,stage4/results/tensorflow-thesis-all-coverage/coverage_reports/per_api/python/tensorflow.random.gamma/coverage.json,,,,0,False,json2init/results/tensorflow/tensorflow.random.gamma.init.json,stage4/results/tensorflow-thesis-all-coverage/execution_results/tensorflow.random.gamma.results.json
tensorflow.random.normal,python,0.19071734066986423,0.202,539,287475,,,,,,stage4/results/tensorflow-thesis-all-coverage/coverage_reports/per_api/python/tensorflow.random.normal/coverage.json,,,,0,False,json2init/results/tensorflow/tensorflow.random.normal.init.json,stage4/results/tensorflow-thesis-all-coverage/execution_results/tensorflow.random.normal.results.json
tensorflow.random.poisson,python,0.20072661954189966,0.219,562,287475,,,,,,stage4/results/tensorflow-thesis-all-coverage/coverage_reports/per_api/python/tensorflow.random.poisson/coverage.json,,,,0,False,json2init/results/tensorflow/tensorflow.random.poisson.init.json,stage4/results/tensorflow-thesis-all-coverage/execution_results/tensorflow.random.poisson.results.json
tensorflow.random.shuffle,python,0.1988329721877308,0.2166,557,287475,,,,,,stage4/results/tensorflow-thesis-all-coverage/coverage_reports/per_api/python/tensorflow.random.shuffle/coverage.json,,,,0,False,json2init/results/tensorflow/tensorflow.random.shuffle.init.json,stage4/results/tensorflow-thesis-all-coverage/execution_results/tensorflow.random.shuffle.results.json
tensorflow.random.truncated_normal,python,0.19071734066986423,0.202,539,287475,,,,,,stage4/results/tensorflow-thesis-all-coverage/coverage_reports/per_api/python/tensorflow.random.truncated_normal/coverage.json,,,,0,False,json2init/results/tensorflow/tensorflow.random.truncated_normal.init.json,stage4/results/tensorflow-thesis-all-coverage/execution_results/tensorflow.random.truncated_normal.results.json
tensorflow.random.uniform,python,0.17881441444365995,0.1923,503,287475,,,,,,stage4/results/tensorflow-thesis-all-coverage/coverage_reports/per_api/python/tensorflow.random.uniform/coverage.json,,,,0,False,json2init/results/tensorflow/tensorflow.random.uniform.init.json,stage4/results/tensorflow-thesis-all-coverage/execution_results/tensorflow.random.uniform.results.json
tensorflow.range,python,0.16718200926805118,0.1862,465,287475,,,,,,stage4/results/tensorflow-thesis-all-coverage/coverage_reports/per_api/python/tensorflow.range/coverage.json,,,,0,False,json2init/results/tensorflow/tensorflow.range.init.json,stage4/results/tensorflow-thesis-all-coverage/execution_results/tensorflow.range.results.json
tensorflow.realdiv,python,0.18584796175914428,0.2105,514,287475,,,,,,stage4/results/tensorflow-thesis-all-coverage/coverage_reports/per_api/python/tensorflow.realdiv/coverage.json,,,,0,False,json2init/results/tensorflow/tensorflow.realdiv.init.json,stage4/results/tensorflow-thesis-all-coverage/execution_results/tensorflow.realdiv.results.json
tensorflow.reduce_logsumexp,python,0.192069945922842,0.2008,545,287475,,,,,,stage4/results/tensorflow-thesis-all-coverage/coverage_reports/per_api/python/tensorflow.reduce_logsumexp/coverage.json,,,,0,False,json2init/results/tensorflow/tensorflow.reduce_logsumexp.init.json,stage4/results/tensorflow-thesis-all-coverage/execution_results/tensorflow.reduce_logsumexp.results.json
tensorflow.reduce_max,python,0.15663168829482466,0.1716,438,287475,,,,,,stage4/results/tensorflow-thesis-all-coverage/coverage_reports/per_api/python/tensorflow.reduce_max/coverage.json,,,,0,False,json2init/results/tensorflow/tensorflow.reduce_max.init.json,stage4/results/tensorflow-thesis-all-coverage/execution_results/tensorflow.reduce_max.results.json
tensorflow.reduce_mean,python,0.1563611672442291,0.1716,437,287475,,,,,,stage4/results/tensorflow-thesis-all-coverage/coverage_reports/per_api/python/tensorflow.reduce_mean/coverage.json,,,,0,False,json2init/results/tensorflow/tensorflow.reduce_mean.init.json,stage4/results/tensorflow-thesis-all-coverage/execution_results/tensorflow.reduce_mean.results.json
tensorflow.reduce_min,python,0.1563611672442291,0.1716,437,287475,,,,,,stage4/results/tensorflow-thesis-all-coverage/coverage_reports/per_api/python/tensorflow.reduce_min/coverage.json,,,,0,False,json2init/results/tensorflow/tensorflow.reduce_min.init.json,stage4/results/tensorflow-thesis-all-coverage/execution_results/tensorflow.reduce_min.results.json
tensorflow.reduce_prod,python,0.1563611672442291,0.1716,437,287475,,,,,,stage4/results/tensorflow-thesis-all-coverage/coverage_reports/per_api/python/tensorflow.reduce_prod/coverage.json,,,,0,False,json2init/results/tensorflow/tensorflow.reduce_prod.init.json,stage4/results/tensorflow-thesis-all-coverage/execution_results/tensorflow.reduce_prod.results.json
tensorflow.reduce_sum,python,0.15663168829482466,0.1716,438,287475,,,,,,stage4/results/tensorflow-thesis-all-coverage/coverage_reports/per_api/python/tensorflow.reduce_sum/coverage.json,,,,0,False,json2init/results/tensorflow/tensorflow.reduce_sum.init.json,stage4/results/tensorflow-thesis-all-coverage/execution_results/tensorflow.reduce_sum.results.json
tensorflow.required_space_to_batch_paddings,python,0.19179942487224644,0.219,529,287475,,,,,,stage4/results/tensorflow-thesis-all-coverage/coverage_reports/per_api/python/tensorflow.required_space_to_batch_paddings/coverage.json,,,,0,False,json2init/results/tensorflow/tensorflow.required_space_to_batch_paddings.init.json,stage4/results/tensorflow-thesis-all-coverage/execution_results/tensorflow.required_space_to_batch_paddings.results.json
tensorflow.round,python,0.14662240942278923,0.1582,412,287475,,,,,,stage4/results/tensorflow-thesis-all-coverage/coverage_reports/per_api/python/tensorflow.round/coverage.json,,,,0,False,json2init/results/tensorflow/tensorflow.round.init.json,stage4/results/tensorflow-thesis-all-coverage/execution_results/tensorflow.round.results.json
tensorflow.saturate_cast,python,0.19775088798534857,0.2239,547,287475,,,,,,stage4/results/tensorflow-thesis-all-coverage/coverage_reports/per_api/python/tensorflow.saturate_cast/coverage.json,,,,0,False,json2init/results/tensorflow/tensorflow.saturate_cast.init.json,stage4/results/tensorflow-thesis-all-coverage/execution_results/tensorflow.saturate_cast.results.json
tensorflow.scalar_mul,python,0.19098786172045978,0.2166,528,287475,,,,,,stage4/results/tensorflow-thesis-all-coverage/coverage_reports/per_api/python/tensorflow.scalar_mul/coverage.json,,,,0,False,json2init/results/tensorflow/tensorflow.scalar_mul.init.json,stage4/results/tensorflow-thesis-all-coverage/execution_results/tensorflow.scalar_mul.results.json
tensorflow.searchsorted,python,0.24211634028301912,0.2799,665,287475,,,,,,stage4/results/tensorflow-thesis-all-coverage/coverage_reports/per_api/python/tensorflow.searchsorted/coverage.json,,,,0,False,json2init/results/tensorflow/tensorflow.searchsorted.init.json,stage4/results/tensorflow-thesis-all-coverage/execution_results/tensorflow.searchsorted.results.json
tensorflow.sequence_mask,python,0.17773233024127771,0.1935,498,287475,,,,,,stage4/results/tensorflow-thesis-all-coverage/coverage_reports/per_api/python/tensorflow.sequence_mask/coverage.json,,,,0,False,json2init/results/tensorflow/tensorflow.sequence_mask.init.json,stage4/results/tensorflow-thesis-all-coverage/execution_results/tensorflow.sequence_mask.results.json
tensorflow.sigmoid,python,0.1490570988781492,0.1606,419,287475,,,,,,stage4/results/tensorflow-thesis-all-coverage/coverage_reports/per_api/python/tensorflow.sigmoid/coverage.json,,,,0,False,json2init/results/tensorflow/tensorflow.sigmoid.init.json,stage4/results/tensorflow-thesis-all-coverage/execution_results/tensorflow.sigmoid.results.json
tensorflow.signal.fftshift,python,0.21641684047644166,0.23,611,287475,,,,,,stage4/results/tensorflow-thesis-all-coverage/coverage_reports/per_api/python/tensorflow.signal.fftshift/coverage.json,,,,0,False,json2init/results/tensorflow/tensorflow.signal.fftshift.init.json,stage4/results/tensorflow-thesis-all-coverage/execution_results/tensorflow.signal.fftshift.results.json
tensorflow.signal.hamming_window,python,0.2269671614496682,0.2385,643,287475,,,,,,stage4/results/tensorflow-thesis-all-coverage/coverage_reports/per_api/python/tensorflow.signal.hamming_window/coverage.json,,,,0,False,json2init/results/tensorflow/tensorflow.signal.hamming_window.init.json,stage4/results/tensorflow-thesis-all-coverage/execution_results/tensorflow.signal.hamming_window.results.json
tensorflow.signal.hann_window,python,0.2269671614496682,0.2385,643,287475,,,,,,stage4/results/tensorflow-thesis-all-coverage/coverage_reports/per_api/python/tensorflow.signal.hann_window/coverage.json,,,,0,False,json2init/results/tensorflow/tensorflow.signal.hann_window.init.json,stage4/results/tensorflow-thesis-all-coverage/execution_results/tensorflow.signal.hann_window.results.json
tensorflow.signal.ifftshift,python,0.21831048783061055,0.2312,617,287475,,,,,,stage4/results/tensorflow-thesis-all-coverage/coverage_reports/per_api/python/tensorflow.signal.ifftshift/coverage.json,,,,0,False,json2init/results/tensorflow/tensorflow.signal.ifftshift.init.json,stage4/results/tensorflow-thesis-all-coverage/execution_results/tensorflow.signal.ifftshift.results.json
tensorflow.signal.kaiser_bessel_derived_window,python,0.28161241366996975,0.2981,796,287475,,,,,,stage4/results/tensorflow-thesis-all-coverage/coverage_reports/per_api/python/tensorflow.signal.kaiser_bessel_derived_window/coverage.json,,,,0,False,json2init/results/tensorflow/tensorflow.signal.kaiser_bessel_derived_window.init.json,stage4/results/tensorflow-thesis-all-coverage/execution_results/tensorflow.signal.kaiser_bessel_derived_window.results.json
tensorflow.signal.kaiser_window,python,0.24914988759850348,0.264,704,287475,,,,,,stage4/results/tensorflow-thesis-all-coverage/coverage_reports/per_api/python/tensorflow.signal.kaiser_window/coverage.json,,,,0,False,json2init/results/tensorflow/tensorflow.signal.kaiser_window.init.json,stage4/results/tensorflow-thesis-all-coverage/execution_results/tensorflow.signal.kaiser_window.results.json
tensorflow.signal.linear_to_mel_weight_matrix,python,0.425800133637399,0.46,1196,287475,,,,,,stage4/results/tensorflow-thesis-all-coverage/coverage_reports/per_api/python/tensorflow.signal.linear_to_mel_weight_matrix/coverage.json,,,,0,False,json2init/results/tensorflow/tensorflow.signal.linear_to_mel_weight_matrix.init.json,stage4/results/tensorflow-thesis-all-coverage/execution_results/tensorflow.signal.linear_to_mel_weight_matrix.results.json
tensorflow.signal.vorbis_window,python,0.22290934569073492,0.2373,629,287475,,,,,,stage4/results/tensorflow-thesis-all-coverage/coverage_reports/per_api/python/tensorflow.signal.vorbis_window/coverage.json,,,,0,False,json2init/results/tensorflow/tensorflow.signal.vorbis_window.init.json,stage4/results/tensorflow-thesis-all-coverage/execution_results/tensorflow.signal.vorbis_window.results.json
tensorflow.sinh,python,0.1574432514466113,0.174,439,287475,,,,,,stage4/results/tensorflow-thesis-all-coverage/coverage_reports/per_api/python/tensorflow.sinh/coverage.json,,,,0,False,json2init/results/tensorflow/tensorflow.sinh.init.json,stage4/results/tensorflow-thesis-all-coverage/execution_results/tensorflow.sinh.results.json
tensorflow.size,python,0.18990577751807758,0.2166,524,287475,,,,,,stage4/results/tensorflow-thesis-all-coverage/coverage_reports/per_api/python/tensorflow.size/coverage.json,,,,0,False,json2init/results/tensorflow/tensorflow.size.init.json,stage4/results/tensorflow-thesis-all-coverage/execution_results/tensorflow.size.results.json
tensorflow.sort,python,0.20938329316095733,0.2324,583,287475,,,,,,stage4/results/tensorflow-thesis-all-coverage/coverage_reports/per_api/python/tensorflow.sort/coverage.json,,,,0,False,json2init/results/tensorflow/tensorflow.sort.init.json,stage4/results/tensorflow-thesis-all-coverage/execution_results/tensorflow.sort.results.json
tensorflow.space_to_batch,python,0.19098786172045978,0.2142,530,287475,,,,,,stage4/results/tensorflow-thesis-all-coverage/coverage_reports/per_api/python/tensorflow.space_to_batch/coverage.json,,,,0,False,json2init/results/tensorflow/tensorflow.space_to_batch.init.json,stage4/results/tensorflow-thesis-all-coverage/execution_results/tensorflow.space_to_batch.results.json
tensorflow.space_to_batch_nd,python,0.19071734066986423,0.2142,529,287475,,,,,,stage4/results/tensorflow-thesis-all-coverage/coverage_reports/per_api/python/tensorflow.space_to_batch_nd/coverage.json,,,,0,False,json2init/results/tensorflow/tensorflow.space_to_batch_nd.init.json,stage4/results/tensorflow-thesis-all-coverage/execution_results/tensorflow.space_to_batch_nd.results.json
tensorflow.sparse.eye,python,0.23805852452408585,0.2604,666,287475,,,,,,stage4/results/tensorflow-thesis-all-coverage/coverage_reports/per_api/python/tensorflow.sparse.eye/coverage.json,,,,0,False,json2init/results/tensorflow/tensorflow.sparse.eye.init.json,stage4/results/tensorflow-thesis-all-coverage/execution_results/tensorflow.sparse.eye.results.json
tensorflow.squeeze,python,0.19044681961926868,0.2166,526,287475,,,,,,stage4/results/tensorflow-thesis-all-coverage/coverage_reports/per_api/python/tensorflow.squeeze/coverage.json,,,,0,False,json2init/results/tensorflow/tensorflow.squeeze.init.json,stage4/results/tensorflow-thesis-all-coverage/execution_results/tensorflow.squeeze.results.json
tensorflow.stack,python,0.18557744070854873,0.2117,512,287475,,,,,,stage4/results/tensorflow-thesis-all-coverage/coverage_reports/per_api/python/tensorflow.stack/coverage.json,,,,0,False,json2init/results/tensorflow/tensorflow.stack.init.json,stage4/results/tensorflow-thesis-all-coverage/execution_results/tensorflow.stack.results.json
tensorflow.strings.as_string,python,0.15825481459839796,0.1643,450,287475,,,,,,stage4/results/tensorflow-thesis-all-coverage/coverage_reports/per_api/python/tensorflow.strings.as_string/coverage.json,,,,0,False,json2init/results/tensorflow/tensorflow.strings.as_string.init.json,stage4/results/tensorflow-thesis-all-coverage/execution_results/tensorflow.strings.as_string.results.json
tensorflow.strings.join,python,0.19342255117581975,0.2081,544,287475,,,,,,stage4/results/tensorflow-thesis-all-coverage/coverage_reports/per_api/python/tensorflow.strings.join/coverage.json,,,,0,False,json2init/results/tensorflow/tensorflow.strings.join.init.json,stage4/results/tensorflow-thesis-all-coverage/execution_results/tensorflow.strings.join.results.json
tensorflow.strings.length,python,0.15852533564899352,0.1643,451,287475,,,,,,stage4/results/tensorflow-thesis-all-coverage/coverage_reports/per_api/python/tensorflow.strings.length/coverage.json,,,,0,False,json2init/results/tensorflow/tensorflow.strings.length.init.json,stage4/results/tensorflow-thesis-all-coverage/execution_results/tensorflow.strings.length.results.json
tensorflow.strings.lower,python,0.15825481459839796,0.1643,450,287475,,,,,,stage4/results/tensorflow-thesis-all-coverage/coverage_reports/per_api/python/tensorflow.strings.lower/coverage.json,,,,0,False,json2init/results/tensorflow/tensorflow.strings.lower.init.json,stage4/results/tensorflow-thesis-all-coverage/execution_results/tensorflow.strings.lower.results.json
tensorflow.strings.reduce_join,python,0.15095074623231808,0.1533,432,287475,,,,,,stage4/results/tensorflow-thesis-all-coverage/coverage_reports/per_api/python/tensorflow.strings.reduce_join/coverage.json,,,,0,False,json2init/results/tensorflow/tensorflow.strings.reduce_join.init.json,stage4/results/tensorflow-thesis-all-coverage/execution_results/tensorflow.strings.reduce_join.results.json
tensorflow.strings.regex_full_match,python,0.15906637775018462,0.1655,452,287475,,,,,,stage4/results/tensorflow-thesis-all-coverage/coverage_reports/per_api/python/tensorflow.strings.regex_full_match/coverage.json,,,,0,False,json2init/results/tensorflow/tensorflow.strings.regex_full_match.init.json,stage4/results/tensorflow-thesis-all-coverage/execution_results/tensorflow.strings.regex_full_match.results.json
tensorflow.strings.regex_replace,python,0.15906637775018462,0.1655,452,287475,,,,,,stage4/results/tensorflow-thesis-all-coverage/coverage_reports/per_api/python/tensorflow.strings.regex_replace/coverage.json,,,,0,False,json2init/results/tensorflow/tensorflow.strings.regex_replace.init.json,stage4/results/tensorflow-thesis-all-coverage/execution_results/tensorflow.strings.regex_replace.results.json
tensorflow.strings.to_hash_bucket,python,0.16691148821745563,0.1691,478,287475,,,,,,stage4/results/tensorflow-thesis-all-coverage/coverage_reports/per_api/python/tensorflow.strings.to_hash_bucket/coverage.json,,,,0,False,json2init/results/tensorflow/tensorflow.strings.to_hash_bucket.init.json,stage4/results/tensorflow-thesis-all-coverage/execution_results/tensorflow.strings.to_hash_bucket.results.json
tensorflow.strings.to_hash_bucket_fast,python,0.16745253031864674,0.1704,479,287475,,,,,,stage4/results/tensorflow-thesis-all-coverage/coverage_reports/per_api/python/tensorflow.strings.to_hash_bucket_fast/coverage.json,,,,0,False,json2init/results/tensorflow/tensorflow.strings.to_hash_bucket_fast.init.json,stage4/results/tensorflow-thesis-all-coverage/execution_results/tensorflow.strings.to_hash_bucket_fast.results.json
tensorflow.strings.to_number,python,0.15852533564899352,0.1643,451,287475,,,,,,stage4/results/tensorflow-thesis-all-coverage/coverage_reports/per_api/python/tensorflow.strings.to_number/coverage.json,,,,0,False,json2init/results/tensorflow/tensorflow.strings.to_number.init.json,stage4/results/tensorflow-thesis-all-coverage/execution_results/tensorflow.strings.to_number.results.json
tensorflow.strings.upper,python,0.15825481459839796,0.1643,450,287475,,,,,,stage4/results/tensorflow-thesis-all-coverage/coverage_reports/per_api/python/tensorflow.strings.upper/coverage.json,,,,0,False,json2init/results/tensorflow/tensorflow.strings.upper.init.json,stage4/results/tensorflow-thesis-all-coverage/execution_results/tensorflow.strings.upper.results.json
tensorflow.subtract,python,0.18611848280973983,0.2105,515,287475,,,,,,stage4/results/tensorflow-thesis-all-coverage/coverage_reports/per_api/python/tensorflow.subtract/coverage.json,,,,0,False,json2init/results/tensorflow/tensorflow.subtract.init.json,stage4/results/tensorflow-thesis-all-coverage/execution_results/tensorflow.subtract.results.json
tensorflow.transpose,python,0.19342255117581975,0.219,535,287475,,,,,,stage4/results/tensorflow-thesis-all-coverage/coverage_reports/per_api/python/tensorflow.transpose/coverage.json,,,,0,False,json2init/results/tensorflow/tensorflow.transpose.init.json,stage4/results/tensorflow-thesis-all-coverage/execution_results/tensorflow.transpose.results.json
tensorflow.truncatediv,python,0.18584796175914428,0.2105,514,287475,,,,,,stage4/results/tensorflow-thesis-all-coverage/coverage_reports/per_api/python/tensorflow.truncatediv/coverage.json,,,,0,False,json2init/results/tensorflow/tensorflow.truncatediv.init.json,stage4/results/tensorflow-thesis-all-coverage/execution_results/tensorflow.truncatediv.results.json
tensorflow.truncatemod,python,0.18584796175914428,0.2105,514,287475,,,,,,stage4/results/tensorflow-thesis-all-coverage/coverage_reports/per_api/python/tensorflow.truncatemod/coverage.json,,,,0,False,json2init/results/tensorflow/tensorflow.truncatemod.init.json,stage4/results/tensorflow-thesis-all-coverage/execution_results/tensorflow.truncatemod.results.json
tensorflow.tuple,python,0.18503639860735763,0.2105,511,287475,,,,,,stage4/results/tensorflow-thesis-all-coverage/coverage_reports/per_api/python/tensorflow.tuple/coverage.json,,,,0,False,json2init/results/tensorflow/tensorflow.tuple.init.json,stage4/results/tensorflow-thesis-all-coverage/execution_results/tensorflow.tuple.results.json
tensorflow.type_spec_from_value,python,0.1942341143276064,0.2227,535,287475,,,,,,stage4/results/tensorflow-thesis-all-coverage/coverage_reports/per_api/python/tensorflow.type_spec_from_value/coverage.json,,,,0,False,json2init/results/tensorflow/tensorflow.type_spec_from_value.init.json,stage4/results/tensorflow-thesis-all-coverage/execution_results/tensorflow.type_spec_from_value.results.json
tensorflow.unique,python,0.18638900386033538,0.2105,516,287475,,,,,,stage4/results/tensorflow-thesis-all-coverage/coverage_reports/per_api/python/tensorflow.unique/coverage.json,,,,0,False,json2init/results/tensorflow/tensorflow.unique.init.json,stage4/results/tensorflow-thesis-all-coverage/execution_results/tensorflow.unique.results.json
tensorflow.unique_with_counts,python,0.18638900386033538,0.2105,516,287475,,,,,,stage4/results/tensorflow-thesis-all-coverage/coverage_reports/per_api/python/tensorflow.unique_with_counts/coverage.json,,,,0,False,json2init/results/tensorflow/tensorflow.unique_with_counts.init.json,stage4/results/tensorflow-thesis-all-coverage/execution_results/tensorflow.unique_with_counts.results.json
tensorflow.unravel_index,python,0.1723219092293667,0.1923,479,287475,,,,,,stage4/results/tensorflow-thesis-all-coverage/coverage_reports/per_api/python/tensorflow.unravel_index/coverage.json,,,,0,False,json2init/results/tensorflow/tensorflow.unravel_index.init.json,stage4/results/tensorflow-thesis-all-coverage/execution_results/tensorflow.unravel_index.results.json
tensorflow.unstack,python,0.19179942487224644,0.219,529,287475,,,,,,stage4/results/tensorflow-thesis-all-coverage/coverage_reports/per_api/python/tensorflow.unstack/coverage.json,,,,0,False,json2init/results/tensorflow/tensorflow.unstack.init.json,stage4/results/tensorflow-thesis-all-coverage/execution_results/tensorflow.unstack.results.json
tensorflow.zeros,python,0.1536559567382736,0.1667,431,287475,,,,,,stage4/results/tensorflow-thesis-all-coverage/coverage_reports/per_api/python/tensorflow.zeros/coverage.json,,,,0,False,json2init/results/tensorflow/tensorflow.zeros.init.json,stage4/results/tensorflow-thesis-all-coverage/execution_results/tensorflow.zeros.results.json
tensorflow.zeros_like,python,0.19071734066986423,0.2154,528,287475,,,,,,stage4/results/tensorflow-thesis-all-coverage/coverage_reports/per_api/python/tensorflow.zeros_like/coverage.json,,,,0,False,json2init/results/tensorflow/tensorflow.zeros_like.init.json,stage4/results/tensorflow-thesis-all-coverage/execution_results/tensorflow.zeros_like.results.json
