library,api_full_name,stage,error_type,message,signature,payload_ref,source_file,oracle_decision
tensorflow,tensorflow.acos,stage4_coverage,selected_function_low_coverage,"selected_function_line_coverage_percent=20 below threshold 60; missing_lines=[5874, 5875, 5876, 5877]",195f927475d44c4e,stage4/results/tensorflow-thesis-all-coverage/coverage_report.json,stage4/results/tensorflow-thesis-all-coverage/coverage_report.json,
tensorflow,tensorflow.acos,stage4_coverage,selected_function_line_coverage_percent=20 < 60,selected_function_line_coverage_percent=20 < 60,507a0f44bf27caab,,stage4/results/tensorflow-thesis-all-coverage/low_coverage.csv,
tensorflow,tensorflow.acosh,stage4_coverage,selected_function_line_coverage_percent=32.5581 < 60,selected_function_line_coverage_percent=32.5581 < 60,12040dbb42d1e117,,stage4/results/tensorflow-thesis-all-coverage/low_coverage.csv,
tensorflow,tensorflow.acosh,stage4_coverage,selected_function_low_coverage,"selected_function_line_coverage_percent=32.5581 below threshold 60; missing_lines=[229, 230, 231, 232, 256, 258, 265, 269, 271, 274, 275, 276, 278, 280, 281, 283, 284, 286, 287, 290, 291, 292, 293, 294, 295, 296, 297, 299, 300]",7614dfeaa1f56034,stage4/results/tensorflow-thesis-all-coverage/coverage_report.json,stage4/results/tensorflow-thesis-all-coverage/coverage_report.json,
tensorflow,tensorflow.argmax,stage4_coverage,selected_function_low_coverage,"selected_function_line_coverage_percent=33.3333 below threshold 60; missing_lines=[271, 272, 273, 307, 315, 316, 317, 318, 319, 321]",b6e804b2cd898a33,stage4/results/tensorflow-thesis-all-coverage/coverage_report.json,stage4/results/tensorflow-thesis-all-coverage/coverage_report.json,
tensorflow,tensorflow.argmax,stage4_coverage,selected_function_line_coverage_percent=33.3333 < 60,selected_function_line_coverage_percent=33.3333 < 60,f08a8acf24508211,,stage4/results/tensorflow-thesis-all-coverage/low_coverage.csv,
tensorflow,tensorflow.argmin,stage4_coverage,selected_function_line_coverage_percent=50 < 60,selected_function_line_coverage_percent=50 < 60,97029d364dbe9983,,stage4/results/tensorflow-thesis-all-coverage/low_coverage.csv,
tensorflow,tensorflow.argmin,stage4_coverage,selected_function_low_coverage,"selected_function_line_coverage_percent=50 below threshold 60; missing_lines=[346, 347, 348]",e1536c84d6632bb6,stage4/results/tensorflow-thesis-all-coverage/coverage_report.json,stage4/results/tensorflow-thesis-all-coverage/coverage_report.json,
tensorflow,tensorflow.argsort,stage4_coverage,selected_function_low_coverage,"selected_function_line_coverage_percent=50 below threshold 60; missing_lines=[86, 87, 88]",2817006c7bbeded6,stage4/results/tensorflow-thesis-all-coverage/coverage_report.json,stage4/results/tensorflow-thesis-all-coverage/coverage_report.json,
tensorflow,tensorflow.argsort,stage4_coverage,selected_function_line_coverage_percent=50 < 60,selected_function_line_coverage_percent=50 < 60,ed12fed3d4ef87b8,,stage4/results/tensorflow-thesis-all-coverage/low_coverage.csv,
tensorflow,tensorflow.as_dtype,stage4_coverage,selected_function_line_coverage_percent=17.3913 < 60,selected_function_line_coverage_percent=17.3913 < 60,01b9a8d74fdaebeb,,stage4/results/tensorflow-thesis-all-coverage/low_coverage.csv,
tensorflow,tensorflow.as_dtype,stage4_coverage,selected_function_low_coverage,"selected_function_line_coverage_percent=17.3913 below threshold 60; missing_lines=[885, 886, 918, 919, 921, 924, 925, 926, 927, 931, 933, 935, 936, 937, 938, 939, 941, 942, 944]",fe76a89be6261af0,stage4/results/tensorflow-thesis-all-coverage/coverage_report.json,stage4/results/tensorflow-thesis-all-coverage/coverage_report.json,
tensorflow,tensorflow.as_string,stage4_coverage,selected_function_line_coverage_percent=10.1695 < 60,selected_function_line_coverage_percent=10.1695 < 60,7b3964b349c7e7b4,,stage4/results/tensorflow-thesis-all-coverage/low_coverage.csv,
tensorflow,tensorflow.as_string,stage4_coverage,selected_function_low_coverage,"selected_function_line_coverage_percent=10.1695 below threshold 60; missing_lines=[27, 28, 29, 30, 31, 79, 80, 81, 82, 83, 84, 86, 87, 88, 91, 92, 93, 94, 99, 100, 101, 103, 105, 106, 108, 109, 110, 111, 112, 113, 114, 115, 116, 117, 118, 119, 120, 121, 122, 123, 124, 127, 128, 133, 134, 135, 136, 137, 138, 143, 144, 146, 147]",9b096b9957030914,stage4/results/tensorflow-thesis-all-coverage/coverage_report.json,stage4/results/tensorflow-thesis-all-coverage/coverage_report.json,
tensorflow,tensorflow.atan2,stage4_coverage,selected_function_low_coverage,"selected_function_line_coverage_percent=13.9535 below threshold 60; missing_lines=[1282, 1283, 1284, 1285, 1316, 1317, 1318, 1319, 1320, 1321, 1323, 1324, 1325, 1327, 1328, 1329, 1330, 1333, 1334, 1335, 1337, 1339, 1340, 1342, 1343, 1345, 1346, 1349, 1350, 1351, 1352, 1353, 1354, 1355, 1356, 1358, 1359]",18e96175bc31a73b,stage4/results/tensorflow-thesis-all-coverage/coverage_report.json,stage4/results/tensorflow-thesis-all-coverage/coverage_report.json,
tensorflow,tensorflow.atan2,stage4_coverage,selected_function_line_coverage_percent=13.9535 < 60,selected_function_line_coverage_percent=13.9535 < 60,6cd87f0f3155c8a6,,stage4/results/tensorflow-thesis-all-coverage/low_coverage.csv,
tensorflow,tensorflow.bitcast,stage4_coverage,selected_function_line_coverage_percent=27.2727 < 60,selected_function_line_coverage_percent=27.2727 < 60,57dee7fe4ed50870,,stage4/results/tensorflow-thesis-all-coverage/low_coverage.csv,
tensorflow,tensorflow.bitcast,stage4_coverage,selected_function_low_coverage,"selected_function_line_coverage_percent=27.2727 below threshold 60; missing_lines=[556, 557, 558, 559, 629, 631, 638, 641, 642, 643, 644, 647, 648, 649, 651, 653, 654, 656, 657, 658, 660, 661, 664, 665, 666, 667, 668, 669, 671, 672, 674, 675]",d09d8ee70fa30d67,stage4/results/tensorflow-thesis-all-coverage/coverage_report.json,stage4/results/tensorflow-thesis-all-coverage/coverage_report.json,
tensorflow,tensorflow.boolean_mask,stage4_coverage,selected_function_line_coverage_percent=25 < 60,selected_function_line_coverage_percent=25 < 60,45391067a31b7a44,,stage4/results/tensorflow-thesis-all-coverage/low_coverage.csv,
tensorflow,tensorflow.boolean_mask,stage4_coverage,selected_function_low_coverage,"selected_function_line_coverage_percent=25 below threshold 60; missing_lines=[1539, 1540, 1541]",f52f605222b79963,stage4/results/tensorflow-thesis-all-coverage/coverage_report.json,stage4/results/tensorflow-thesis-all-coverage/coverage_report.json,
tensorflow,tensorflow.broadcast_dynamic_shape,stage4_coverage,selected_function_line_coverage_percent=25 < 60,selected_function_line_coverage_percent=25 < 60,e125cddc4ae35524,,stage4/results/tensorflow-thesis-all-coverage/low_coverage.csv,
tensorflow,tensorflow.broadcast_dynamic_shape,stage4_coverage,selected_function_low_coverage,"selected_function_line_coverage_percent=25 below threshold 60; missing_lines=[528, 529, 530]",fda75f08fea6d027,stage4/results/tensorflow-thesis-all-coverage/coverage_report.json,stage4/results/tensorflow-thesis-all-coverage/coverage_report.json,
tensorflow,tensorflow.broadcast_to,stage4_coverage,selected_function_low_coverage,"selected_function_line_coverage_percent=27.907 below threshold 60; missing_lines=[827, 828, 829, 830, 881, 883, 890, 893, 894, 895, 896, 899, 900, 901, 903, 905, 906, 908, 909, 911, 912, 915, 916, 917, 918, 919, 920, 922, 923, 925, 926]",22eb906b9b9b191b,stage4/results/tensorflow-thesis-all-coverage/coverage_report.json,stage4/results/tensorflow-thesis-all-coverage/coverage_report.json,
tensorflow,tensorflow.broadcast_to,stage4_coverage,selected_function_line_coverage_percent=27.907 < 60,selected_function_line_coverage_percent=27.907 < 60,adf001b9f2c4e579,,stage4/results/tensorflow-thesis-all-coverage/low_coverage.csv,
tensorflow,tensorflow.cast,stage4_coverage,selected_function_low_coverage,"selected_function_line_coverage_percent=50 below threshold 60; missing_lines=[972, 973, 974, 975, 1031, 1034, 1035, 1037, 1038, 1046]",4db0ca5ae94ffe8f,stage4/results/tensorflow-thesis-all-coverage/coverage_report.json,stage4/results/tensorflow-thesis-all-coverage/coverage_report.json,
tensorflow,tensorflow.cast,stage4_coverage,selected_function_line_coverage_percent=50 < 60,selected_function_line_coverage_percent=50 < 60,d9157e4e92326916,,stage4/results/tensorflow-thesis-all-coverage/low_coverage.csv,
tensorflow,tensorflow.constant,stage4_coverage,selected_function_line_coverage_percent=33.3333 < 60,selected_function_line_coverage_percent=33.3333 < 60,820825644f61c688,,stage4/results/tensorflow-thesis-all-coverage/low_coverage.csv,
tensorflow,tensorflow.constant,stage4_coverage,selected_function_low_coverage,"selected_function_line_coverage_percent=33.3333 below threshold 60; missing_lines=[177, 178]",d0addab6a4c96f73,stage4/results/tensorflow-thesis-all-coverage/coverage_report.json,stage4/results/tensorflow-thesis-all-coverage/coverage_report.json,
tensorflow,tensorflow.cos,stage4_coverage,selected_function_low_coverage,"selected_function_line_coverage_percent=32.5581 below threshold 60; missing_lines=[2521, 2522, 2523, 2524, 2550, 2552, 2559, 2563, 2565, 2568, 2569, 2570, 2572, 2574, 2575, 2577, 2578, 2580, 2581, 2584, 2585, 2586, 2587, 2588, 2589, 2590, 2591, 2593, 2594]",5566637a03dd14bc,stage4/results/tensorflow-thesis-all-coverage/coverage_report.json,stage4/results/tensorflow-thesis-all-coverage/coverage_report.json,
tensorflow,tensorflow.cos,stage4_coverage,selected_function_line_coverage_percent=32.5581 < 60,selected_function_line_coverage_percent=32.5581 < 60,58e5a1736612e08a,,stage4/results/tensorflow-thesis-all-coverage/low_coverage.csv,
tensorflow,tensorflow.cosh,stage4_coverage,selected_function_low_coverage,"selected_function_line_coverage_percent=32.5581 below threshold 60; missing_lines=[2615, 2616, 2617, 2618, 2643, 2645, 2652, 2656, 2658, 2661, 2662, 2663, 2665, 2667, 2668, 2670, 2671, 2673, 2674, 2677, 2678, 2679, 2680, 2681, 2682, 2683, 2684, 2686, 2687]",22163ebaa7dfa7e0,stage4/results/tensorflow-thesis-all-coverage/coverage_report.json,stage4/results/tensorflow-thesis-all-coverage/coverage_report.json,
tensorflow,tensorflow.cosh,stage4_coverage,selected_function_line_coverage_percent=32.5581 < 60,selected_function_line_coverage_percent=32.5581 < 60,5f17dbcdfe88b8c7,,stage4/results/tensorflow-thesis-all-coverage/low_coverage.csv,
tensorflow,tensorflow.divide,stage4_coverage,selected_function_low_coverage,"selected_function_line_coverage_percent=30 below threshold 60; missing_lines=[470, 471, 472, 473, 496, 500, 501]",328bf805e636cde6,stage4/results/tensorflow-thesis-all-coverage/coverage_report.json,stage4/results/tensorflow-thesis-all-coverage/coverage_report.json,
tensorflow,tensorflow.divide,stage4_coverage,selected_function_line_coverage_percent=30 < 60,selected_function_line_coverage_percent=30 < 60,778c6dc35e0d4d40,,stage4/results/tensorflow-thesis-all-coverage/low_coverage.csv,
tensorflow,tensorflow.dtypes.as_dtype,stage4_coverage,selected_function_low_coverage,"selected_function_line_coverage_percent=17.3913 below threshold 60; missing_lines=[885, 886, 918, 919, 921, 924, 925, 926, 927, 931, 933, 935, 936, 937, 938, 939, 941, 942, 944]",63c13d64ae5cace9,stage4/results/tensorflow-thesis-all-coverage/coverage_report.json,stage4/results/tensorflow-thesis-all-coverage/coverage_report.json,
tensorflow,tensorflow.dtypes.as_dtype,stage4_coverage,selected_function_line_coverage_percent=17.3913 < 60,selected_function_line_coverage_percent=17.3913 < 60,d68b71feaaf3476c,,stage4/results/tensorflow-thesis-all-coverage/low_coverage.csv,
tensorflow,tensorflow.dtypes.cast,stage4_coverage,selected_function_line_coverage_percent=50 < 60,selected_function_line_coverage_percent=50 < 60,151233a644bd3ced,,stage4/results/tensorflow-thesis-all-coverage/low_coverage.csv,
tensorflow,tensorflow.dtypes.cast,stage4_coverage,selected_function_low_coverage,"selected_function_line_coverage_percent=50 below threshold 60; missing_lines=[972, 973, 974, 975, 1031, 1034, 1035, 1037, 1038, 1046]",c3e04b1712f070f5,stage4/results/tensorflow-thesis-all-coverage/coverage_report.json,stage4/results/tensorflow-thesis-all-coverage/coverage_report.json,
tensorflow,tensorflow.dtypes.saturate_cast,stage4_coverage,selected_function_low_coverage,"selected_function_line_coverage_percent=51.4286 below threshold 60; missing_lines=[1057, 1058, 1059, 1060, 1084, 1086, 1087, 1088, 1092, 1101, 1104, 1105, 1106, 1135, 1139, 1144, 1150]",29503338dbcd27c6,stage4/results/tensorflow-thesis-all-coverage/coverage_report.json,stage4/results/tensorflow-thesis-all-coverage/coverage_report.json,
tensorflow,tensorflow.dtypes.saturate_cast,stage4_coverage,selected_function_line_coverage_percent=51.4286 < 60,selected_function_line_coverage_percent=51.4286 < 60,8acd920280322c6c,,stage4/results/tensorflow-thesis-all-coverage/low_coverage.csv,
tensorflow,tensorflow.ensure_shape,stage4_runtime,invalid_valid_mutation,"{{function_node __wrapped__EnsureShape_device_/job:localhost/replica:0/task:0/device:CPU:0}} Shape of tensor input [2,2] is not compatible with expected shape [2,2,2]. [Op:EnsureShape] name:",3911e6269f4fb617,stage4/results/tensorflow-thesis-all-coverage/execution_results/tensorflow.ensure_shape.results.json,stage4/results/tensorflow-thesis-all-coverage/failures.csv,
tensorflow,tensorflow.ensure_shape,stage4_runtime,InvalidArgumentError,"{{function_node __wrapped__EnsureShape_device_/job:localhost/replica:0/task:0/device:CPU:0}} Shape of tensor input [2,2] is not compatible with expected shape [2,2,2]. [Op:EnsureShape] name:",6e70b642caa6e7f9,stage4/results/tensorflow-thesis-all-coverage/execution_results/tensorflow.ensure_shape.results.json,stage4/results/tensorflow-thesis-all-coverage/failure.csv,
tensorflow,tensorflow.ensure_shape,stage4_runtime,InvalidArgumentError,"{{function_node __wrapped__EnsureShape_device_/job:localhost/replica:0/task:0/device:CPU:0}} Shape of tensor input [2,2] is not compatible with expected shape [3,2]. [Op:EnsureShape] name:",7c80bd9737f5d9d0,stage4/results/tensorflow-thesis-all-coverage/execution_results/tensorflow.ensure_shape.results.json,stage4/results/tensorflow-thesis-all-coverage/failure.csv,
tensorflow,tensorflow.ensure_shape,stage4_runtime,invalid_valid_mutation,"{{function_node __wrapped__EnsureShape_device_/job:localhost/replica:0/task:0/device:CPU:0}} Shape of tensor input [2,2] is not compatible with expected shape [3,2]. [Op:EnsureShape] name:",8e4a9437c330f1c6,stage4/results/tensorflow-thesis-all-coverage/execution_results/tensorflow.ensure_shape.results.json,stage4/results/tensorflow-thesis-all-coverage/failures.csv,
tensorflow,tensorflow.ensure_shape,stage4_coverage,selected_function_low_coverage,"selected_function_line_coverage_percent=50 below threshold 60; missing_lines=[2226, 2227, 2228]",eed290400aa1af86,stage4/results/tensorflow-thesis-all-coverage/coverage_report.json,stage4/results/tensorflow-thesis-all-coverage/coverage_report.json,
tensorflow,tensorflow.ensure_shape,stage4_coverage,selected_function_line_coverage_percent=50 < 60,selected_function_line_coverage_percent=50 < 60,fc97317df844f546,,stage4/results/tensorflow-thesis-all-coverage/low_coverage.csv,
tensorflow,tensorflow.equal,stage4_coverage,selected_function_low_coverage,"selected_function_line_coverage_percent=20 below threshold 60; missing_lines=[1860, 1861, 1862, 1863]",13eca72987572134,stage4/results/tensorflow-thesis-all-coverage/coverage_report.json,stage4/results/tensorflow-thesis-all-coverage/coverage_report.json,
tensorflow,tensorflow.equal,stage4_coverage,selected_function_line_coverage_percent=20 < 60,selected_function_line_coverage_percent=20 < 60,93db486334d0fdd9,,stage4/results/tensorflow-thesis-all-coverage/low_coverage.csv,
tensorflow,tensorflow.exp,stage4_coverage,selected_function_line_coverage_percent=20 < 60,selected_function_line_coverage_percent=20 < 60,a661929524f1ffb0,,stage4/results/tensorflow-thesis-all-coverage/low_coverage.csv,
tensorflow,tensorflow.exp,stage4_coverage,selected_function_low_coverage,"selected_function_line_coverage_percent=20 below threshold 60; missing_lines=[5771, 5772, 5773, 5774]",ba1ec0d138ed9340,stage4/results/tensorflow-thesis-all-coverage/coverage_report.json,stage4/results/tensorflow-thesis-all-coverage/coverage_report.json,
tensorflow,tensorflow.fill,stage4_coverage,selected_function_low_coverage,"selected_function_line_coverage_percent=50 below threshold 60; missing_lines=[204, 205, 206]",7e139f0c20601dbe,stage4/results/tensorflow-thesis-all-coverage/coverage_report.json,stage4/results/tensorflow-thesis-all-coverage/coverage_report.json,
tensorflow,tensorflow.fill,stage4_coverage,selected_function_line_coverage_percent=50 < 60,selected_function_line_coverage_percent=50 < 60,fe02047bc715e4e1,,stage4/results/tensorflow-thesis-all-coverage/low_coverage.csv,
tensorflow,tensorflow.fingerprint,stage4_coverage,selected_function_line_coverage_percent=25 < 60,selected_function_line_coverage_percent=25 < 60,0ec51fc5942967e8,,stage4/results/tensorflow-thesis-all-coverage/low_coverage.csv,
tensorflow,tensorflow.fingerprint,stage4_coverage,selected_function_low_coverage,"selected_function_line_coverage_percent=25 below threshold 60; missing_lines=[6415, 6416, 6417]",6125e4fc2596c807,stage4/results/tensorflow-thesis-all-coverage/coverage_report.json,stage4/results/tensorflow-thesis-all-coverage/coverage_report.json,
tensorflow,tensorflow.floor,stage4_coverage,selected_function_low_coverage,"selected_function_line_coverage_percent=20 below threshold 60; missing_lines=[5905, 5906, 5907, 5908]",0cc8f459e5fd7559,stage4/results/tensorflow-thesis-all-coverage/coverage_report.json,stage4/results/tensorflow-thesis-all-coverage/coverage_report.json,
tensorflow,tensorflow.floor,stage4_coverage,selected_function_line_coverage_percent=20 < 60,selected_function_line_coverage_percent=20 < 60,702c5f8c8c298239,,stage4/results/tensorflow-thesis-all-coverage/low_coverage.csv,
tensorflow,tensorflow.gather,stage4_coverage,selected_function_line_coverage_percent=25 < 60,selected_function_line_coverage_percent=25 < 60,50296be53b87e2cc,,stage4/results/tensorflow-thesis-all-coverage/low_coverage.csv,
tensorflow,tensorflow.gather,stage4_coverage,selected_function_low_coverage,"selected_function_line_coverage_percent=25 below threshold 60; missing_lines=[4997, 4998, 4999]",a7cc401b50e9eab6,stage4/results/tensorflow-thesis-all-coverage/coverage_report.json,stage4/results/tensorflow-thesis-all-coverage/coverage_report.json,
tensorflow,tensorflow.greater,stage4_coverage,selected_function_line_coverage_percent=13.9535 < 60,selected_function_line_coverage_percent=13.9535 < 60,3576881eb8eb0507,,stage4/results/tensorflow-thesis-all-coverage/low_coverage.csv,
tensorflow,tensorflow.greater,stage4_coverage,selected_function_low_coverage,"selected_function_line_coverage_percent=13.9535 below threshold 60; missing_lines=[4245, 4246, 4247, 4248, 4281, 4282, 4283, 4284, 4285, 4286, 4288, 4289, 4290, 4292, 4293, 4294, 4295, 4298, 4299, 4300, 4302, 4304, 4305, 4307, 4308, 4310, 4311, 4314, 4315, 4316, 4317, 4318, 4319, 4320, 4321, 4323, 4324]",aa2ea00de42c3517,stage4/results/tensorflow-thesis-all-coverage/coverage_report.json,stage4/results/tensorflow-thesis-all-coverage/coverage_report.json,
tensorflow,tensorflow.greater_equal,stage4_coverage,selected_function_low_coverage,"selected_function_line_coverage_percent=13.9535 below threshold 60; missing_lines=[4346, 4347, 4348, 4349, 4382, 4383, 4384, 4385, 4386, 4387, 4389, 4390, 4391, 4393, 4394, 4395, 4396, 4399, 4400, 4401, 4403, 4405, 4406, 4408, 4409, 4411, 4412, 4415, 4416, 4417, 4418, 4419, 4420, 4421, 4422, 4424, 4425]",13a401db75f31d88,stage4/results/tensorflow-thesis-all-coverage/coverage_report.json,stage4/results/tensorflow-thesis-all-coverage/coverage_report.json,
tensorflow,tensorflow.greater_equal,stage4_coverage,selected_function_line_coverage_percent=13.9535 < 60,selected_function_line_coverage_percent=13.9535 < 60,1b0f81066d6af581,,stage4/results/tensorflow-thesis-all-coverage/low_coverage.csv,
tensorflow,tensorflow.image.central_crop,stage4_runtime,invalid_valid_mutation,"central_fraction must be within (0, 1]",286f6f2a1a64928d,stage4/results/tensorflow-thesis-all-coverage/execution_results/tensorflow.image.central_crop.results.json,stage4/results/tensorflow-thesis-all-coverage/failures.csv,
tensorflow,tensorflow.image.central_crop,stage4_coverage,selected_function_low_coverage,"selected_function_line_coverage_percent=14.8148 below threshold 60; missing_lines=[859, 860, 861, 925, 928, 930, 931, 932, 933, 938, 939, 940, 941, 942, 946, 947, 948, 949, 951, 952, 953, 954, 956, 957, 962, 963, 964, 968, 969, 971, 972, 973, 977, 978, 980, 981, 983, 984, 985, 987, 988, 990, 993, 994, 999, 1003]",60f675d3d7281fbb,stage4/results/tensorflow-thesis-all-coverage/coverage_report.json,stage4/results/tensorflow-thesis-all-coverage/coverage_report.json,
tensorflow,tensorflow.image.central_crop,stage4_runtime,ValueError,"central_fraction must be within (0, 1]",6175086d5b2f116c,stage4/results/tensorflow-thesis-all-coverage/execution_results/tensorflow.image.central_crop.results.json,stage4/results/tensorflow-thesis-all-coverage/failure.csv,
tensorflow,tensorflow.image.central_crop,stage4_coverage,selected_function_line_coverage_percent=14.8148 < 60,selected_function_line_coverage_percent=14.8148 < 60,a1ebb553429c381b,,stage4/results/tensorflow-thesis-all-coverage/low_coverage.csv,
tensorflow,tensorflow.image.decode_bmp,stage4_coverage,selected_function_line_coverage_percent=42.3077 < 60,selected_function_line_coverage_percent=42.3077 < 60,a893a20a63380fcf,,stage4/results/tensorflow-thesis-all-coverage/low_coverage.csv,
tensorflow,tensorflow.image.decode_bmp,stage4_coverage,selected_function_low_coverage,"selected_function_line_coverage_percent=42.3077 below threshold 60; missing_lines=[884, 910, 912, 919, 921, 922, 923, 924, 926, 927, 928, 929, 930, 932, 933]",c9faf23b9374cef2,stage4/results/tensorflow-thesis-all-coverage/coverage_report.json,stage4/results/tensorflow-thesis-all-coverage/coverage_report.json,
tensorflow,tensorflow.image.decode_gif,stage4_coverage,selected_function_line_coverage_percent=47.8261 < 60,selected_function_line_coverage_percent=47.8261 < 60,02ec7d51d693b5b4,,stage4/results/tensorflow-thesis-all-coverage/low_coverage.csv,
tensorflow,tensorflow.image.decode_gif,stage4_coverage,selected_function_low_coverage,"selected_function_line_coverage_percent=47.8261 below threshold 60; missing_lines=[954, 979, 981, 988, 990, 992, 993, 994, 995, 996, 998, 999]",637a6b866dd5ef5a,stage4/results/tensorflow-thesis-all-coverage/coverage_report.json,stage4/results/tensorflow-thesis-all-coverage/coverage_report.json,
tensorflow,tensorflow.image.decode_image,stage4_coverage,selected_function_low_coverage,"selected_function_line_coverage_percent=52.9412 below threshold 60; missing_lines=[3285, 3289, 3290, 3339, 3351, 3355, 3356, 3359]",5c0cdb7cb8767023,stage4/results/tensorflow-thesis-all-coverage/coverage_report.json,stage4/results/tensorflow-thesis-all-coverage/coverage_report.json,
tensorflow,tensorflow.image.decode_image,stage4_coverage,selected_function_line_coverage_percent=52.9412 < 60,selected_function_line_coverage_percent=52.9412 < 60,7ba03e63ceab9664,,stage4/results/tensorflow-thesis-all-coverage/low_coverage.csv,
tensorflow,tensorflow.image.decode_jxl,stage4_coverage,selected_function_low_coverage,"selected_function_line_coverage_percent=37.931 below threshold 60; missing_lines=[1274, 1306, 1308, 1315, 1317, 1318, 1319, 1320, 1321, 1322, 1323, 1326, 1327, 1328, 1330, 1331, 1333, 1334]",3a801e97349fb192,stage4/results/tensorflow-thesis-all-coverage/coverage_report.json,stage4/results/tensorflow-thesis-all-coverage/coverage_report.json,
tensorflow,tensorflow.image.decode_jxl,stage4_coverage,selected_function_line_coverage_percent=37.931 < 60,selected_function_line_coverage_percent=37.931 < 60,81b1ff7d86d8b850,,stage4/results/tensorflow-thesis-all-coverage/low_coverage.csv,
tensorflow,tensorflow.image.decode_png,stage4_coverage,selected_function_low_coverage,"selected_function_line_coverage_percent=37.931 below threshold 60; missing_lines=[1360, 1396, 1398, 1405, 1407, 1408, 1409, 1410, 1411, 1412, 1413, 1416, 1417, 1418, 1420, 1421, 1423, 1424]",08ba9b7a59350dbc,stage4/results/tensorflow-thesis-all-coverage/coverage_report.json,stage4/results/tensorflow-thesis-all-coverage/coverage_report.json,
tensorflow,tensorflow.image.decode_png,stage4_coverage,selected_function_line_coverage_percent=37.931 < 60,selected_function_line_coverage_percent=37.931 < 60,5a45d407e8bf6ce0,,stage4/results/tensorflow-thesis-all-coverage/low_coverage.csv,
tensorflow,tensorflow.image.decode_webp,stage4_coverage,selected_function_low_coverage,"selected_function_line_coverage_percent=37.931 below threshold 60; missing_lines=[1450, 1482, 1484, 1491, 1493, 1494, 1495, 1496, 1497, 1498, 1499, 1502, 1503, 1504, 1506, 1507, 1509, 1510]",03324bae1f12758b,stage4/results/tensorflow-thesis-all-coverage/coverage_report.json,stage4/results/tensorflow-thesis-all-coverage/coverage_report.json,
tensorflow,tensorflow.image.decode_webp,stage4_coverage,selected_function_line_coverage_percent=37.931 < 60,selected_function_line_coverage_percent=37.931 < 60,668d1a073e57c0b8,,stage4/results/tensorflow-thesis-all-coverage/low_coverage.csv,
tensorflow,tensorflow.image.encode_jpeg,stage4_coverage,selected_function_line_coverage_percent=12 < 60,selected_function_line_coverage_percent=12 < 60,0c4ad3a527a578f2,,stage4/results/tensorflow-thesis-all-coverage/low_coverage.csv,
tensorflow,tensorflow.image.encode_jpeg,stage4_coverage,uncovered_api,Stage 4 did not cover API; valid_programs=0 bugs=0,37ca31e06d4a979a,stage4/results/tensorflow-thesis-all-coverage/coverage_report.json,stage4/results/tensorflow-thesis-all-coverage/coverage_report.json,
tensorflow,tensorflow.image.encode_jpeg,stage4_runtime,AttributeError,'bytes' object has no attribute 'dtype',ed394c780f2e6155,stage4/results/tensorflow-thesis-all-coverage/execution_results/tensorflow.image.encode_jpeg.results.json,stage4/results/tensorflow-thesis-all-coverage/failure.csv,
tensorflow,tensorflow.image.encode_png,stage4_runtime,AttributeError,'bytes' object has no attribute 'dtype',9c5ce3a8028340f7,stage4/results/tensorflow-thesis-all-coverage/execution_results/tensorflow.image.encode_png.results.json,stage4/results/tensorflow-thesis-all-coverage/failure.csv,
tensorflow,tensorflow.image.encode_png,stage4_coverage,selected_function_line_coverage_percent=25 < 60,selected_function_line_coverage_percent=25 < 60,9ea23470292d3431,,stage4/results/tensorflow-thesis-all-coverage/low_coverage.csv,
tensorflow,tensorflow.image.encode_png,stage4_coverage,uncovered_api,Stage 4 did not cover API; valid_programs=0 bugs=0,abc168ae9ce377af,stage4/results/tensorflow-thesis-all-coverage/coverage_report.json,stage4/results/tensorflow-thesis-all-coverage/coverage_report.json,
tensorflow,tensorflow.image.flip_left_right,stage4_coverage,selected_function_low_coverage,"selected_function_line_coverage_percent=25 below threshold 60; missing_lines=[548, 549, 550]",3fc30b8f2bab9b18,stage4/results/tensorflow-thesis-all-coverage/coverage_report.json,stage4/results/tensorflow-thesis-all-coverage/coverage_report.json,
tensorflow,tensorflow.image.flip_left_right,stage4_coverage,selected_function_line_coverage_percent=25 < 60,selected_function_line_coverage_percent=25 < 60,697dd5f033b56a57,,stage4/results/tensorflow-thesis-all-coverage/low_coverage.csv,
tensorflow,tensorflow.image.flip_up_down,stage4_coverage,selected_function_low_coverage,"selected_function_line_coverage_percent=25 below threshold 60; missing_lines=[583, 584, 585]",62c75a3b3fee01bf,stage4/results/tensorflow-thesis-all-coverage/coverage_report.json,stage4/results/tensorflow-thesis-all-coverage/coverage_report.json,
tensorflow,tensorflow.image.flip_up_down,stage4_coverage,selected_function_line_coverage_percent=25 < 60,selected_function_line_coverage_percent=25 < 60,a708a516f5bdb372,,stage4/results/tensorflow-thesis-all-coverage/low_coverage.csv,
tensorflow,tensorflow.image.random_flip_left_right,stage4_coverage,selected_function_line_coverage_percent=40 < 60,selected_function_line_coverage_percent=40 < 60,14a4872268d160fd,,stage4/results/tensorflow-thesis-all-coverage/low_coverage.csv,
tensorflow,tensorflow.image.random_flip_left_right,stage4_coverage,selected_function_low_coverage,"selected_function_line_coverage_percent=40 below threshold 60; missing_lines=[384, 385, 386]",2a09a32f3a0426d2,stage4/results/tensorflow-thesis-all-coverage/coverage_report.json,stage4/results/tensorflow-thesis-all-coverage/coverage_report.json,
tensorflow,tensorflow.image.random_flip_up_down,stage4_coverage,selected_function_low_coverage,"selected_function_line_coverage_percent=40 below threshold 60; missing_lines=[337, 338, 339]",28b54470e5aaeca7,stage4/results/tensorflow-thesis-all-coverage/coverage_report.json,stage4/results/tensorflow-thesis-all-coverage/coverage_report.json,
tensorflow,tensorflow.image.random_flip_up_down,stage4_coverage,selected_function_line_coverage_percent=40 < 60,selected_function_line_coverage_percent=40 < 60,5eb6af74c0f21534,,stage4/results/tensorflow-thesis-all-coverage/low_coverage.csv,
tensorflow,tensorflow.image.rot90,stage4_coverage,selected_function_low_coverage,"selected_function_line_coverage_percent=50 below threshold 60; missing_lines=[660, 661, 662, 708, 710, 711, 713, 714, 716, 718, 722]",01672cb9eb6cc45a,stage4/results/tensorflow-thesis-all-coverage/coverage_report.json,stage4/results/tensorflow-thesis-all-coverage/coverage_report.json,
tensorflow,tensorflow.image.rot90,stage4_coverage,selected_function_line_coverage_percent=50 < 60,selected_function_line_coverage_percent=50 < 60,ebddb53afda9a1fb,,stage4/results/tensorflow-thesis-all-coverage/low_coverage.csv,
tensorflow,tensorflow.image.sample_distorted_bounding_box,stage4_coverage,selected_function_low_coverage,"selected_function_line_coverage_percent=50 below threshold 60; missing_lines=[3436, 3437, 3438, 3540, 3543]",64f7d9ac22c2b599,stage4/results/tensorflow-thesis-all-coverage/coverage_report.json,stage4/results/tensorflow-thesis-all-coverage/coverage_report.json,
tensorflow,tensorflow.image.sample_distorted_bounding_box,stage4_coverage,selected_function_line_coverage_percent=50 < 60,selected_function_line_coverage_percent=50 < 60,6db272cb4494dd81,,stage4/results/tensorflow-thesis-all-coverage/low_coverage.csv,
tensorflow,tensorflow.io.decode_bmp,stage4_coverage,selected_function_line_coverage_percent=42.3077 < 60,selected_function_line_coverage_percent=42.3077 < 60,3b226fb2be074249,,stage4/results/tensorflow-thesis-all-coverage/low_coverage.csv,
tensorflow,tensorflow.io.decode_bmp,stage4_coverage,selected_function_low_coverage,"selected_function_line_coverage_percent=42.3077 below threshold 60; missing_lines=[884, 910, 912, 919, 921, 922, 923, 924, 926, 927, 928, 929, 930, 932, 933]",d0b99eda53ad6c1f,stage4/results/tensorflow-thesis-all-coverage/coverage_report.json,stage4/results/tensorflow-thesis-all-coverage/coverage_report.json,
tensorflow,tensorflow.io.decode_compressed,stage4_coverage,selected_function_line_coverage_percent=25.5319 < 60,selected_function_line_coverage_percent=25.5319 < 60,63581577eba2c3a8,,stage4/results/tensorflow-thesis-all-coverage/low_coverage.csv,
tensorflow,tensorflow.io.decode_compressed,stage4_coverage,uncovered_api,Stage 4 did not cover API; valid_programs=0 bugs=0,87b4680addcee1f1,stage4/results/tensorflow-thesis-all-coverage/coverage_report.json,stage4/results/tensorflow-thesis-all-coverage/coverage_report.json,
tensorflow,tensorflow.io.decode_compressed,stage4_runtime,AttributeError,'bytes' object has no attribute 'dtype',8da037c0c55c6ade,stage4/results/tensorflow-thesis-all-coverage/execution_results/tensorflow.io.decode_compressed.results.json,stage4/results/tensorflow-thesis-all-coverage/failure.csv,
tensorflow,tensorflow.io.decode_gif,stage4_coverage,selected_function_low_coverage,"selected_function_line_coverage_percent=47.8261 below threshold 60; missing_lines=[954, 979, 981, 988, 990, 992, 993, 994, 995, 996, 998, 999]",2bb3e215849f3a70,stage4/results/tensorflow-thesis-all-coverage/coverage_report.json,stage4/results/tensorflow-thesis-all-coverage/coverage_report.json,
tensorflow,tensorflow.io.decode_gif,stage4_coverage,selected_function_line_coverage_percent=47.8261 < 60,selected_function_line_coverage_percent=47.8261 < 60,356792e7c85282d2,,stage4/results/tensorflow-thesis-all-coverage/low_coverage.csv,
tensorflow,tensorflow.io.decode_image,stage4_coverage,selected_function_low_coverage,"selected_function_line_coverage_percent=52.9412 below threshold 60; missing_lines=[3285, 3289, 3290, 3339, 3351, 3355, 3356, 3359]",25764ddf0326bb26,stage4/results/tensorflow-thesis-all-coverage/coverage_report.json,stage4/results/tensorflow-thesis-all-coverage/coverage_report.json,
tensorflow,tensorflow.io.decode_image,stage4_coverage,selected_function_line_coverage_percent=52.9412 < 60,selected_function_line_coverage_percent=52.9412 < 60,970f28dbd9585f67,,stage4/results/tensorflow-thesis-all-coverage/low_coverage.csv,
tensorflow,tensorflow.io.decode_jxl,stage4_coverage,selected_function_line_coverage_percent=37.931 < 60,selected_function_line_coverage_percent=37.931 < 60,727bdfc0045034c3,,stage4/results/tensorflow-thesis-all-coverage/low_coverage.csv,
tensorflow,tensorflow.io.decode_jxl,stage4_coverage,selected_function_low_coverage,"selected_function_line_coverage_percent=37.931 below threshold 60; missing_lines=[1274, 1306, 1308, 1315, 1317, 1318, 1319, 1320, 1321, 1322, 1323, 1326, 1327, 1328, 1330, 1331, 1333, 1334]",9735e2932cbe6691,stage4/results/tensorflow-thesis-all-coverage/coverage_report.json,stage4/results/tensorflow-thesis-all-coverage/coverage_report.json,
tensorflow,tensorflow.io.decode_png,stage4_coverage,selected_function_low_coverage,"selected_function_line_coverage_percent=37.931 below threshold 60; missing_lines=[1360, 1396, 1398, 1405, 1407, 1408, 1409, 1410, 1411, 1412, 1413, 1416, 1417, 1418, 1420, 1421, 1423, 1424]",81537d9951efbf0d,stage4/results/tensorflow-thesis-all-coverage/coverage_report.json,stage4/results/tensorflow-thesis-all-coverage/coverage_report.json,
tensorflow,tensorflow.io.decode_png,stage4_coverage,selected_function_line_coverage_percent=37.931 < 60,selected_function_line_coverage_percent=37.931 < 60,c89c16805fbe0ff7,,stage4/results/tensorflow-thesis-all-coverage/low_coverage.csv,
tensorflow,tensorflow.io.decode_raw,stage4_coverage,selected_function_low_coverage,"selected_function_line_coverage_percent=33.3333 below threshold 60; missing_lines=[840, 841, 842, 957]",b75f74466bc6ea99,stage4/results/tensorflow-thesis-all-coverage/coverage_report.json,stage4/results/tensorflow-thesis-all-coverage/coverage_report.json,
tensorflow,tensorflow.io.decode_raw,stage4_coverage,selected_function_line_coverage_percent=33.3333 < 60,selected_function_line_coverage_percent=33.3333 < 60,c36d4c999a10c465,,stage4/results/tensorflow-thesis-all-coverage/low_coverage.csv,
tensorflow,tensorflow.io.decode_webp,stage4_coverage,selected_function_line_coverage_percent=37.931 < 60,selected_function_line_coverage_percent=37.931 < 60,2295f01dd524c769,,stage4/results/tensorflow-thesis-all-coverage/low_coverage.csv,
tensorflow,tensorflow.io.decode_webp,stage4_coverage,selected_function_low_coverage,"selected_function_line_coverage_percent=37.931 below threshold 60; missing_lines=[1450, 1482, 1484, 1491, 1493, 1494, 1495, 1496, 1497, 1498, 1499, 1502, 1503, 1504, 1506, 1507, 1509, 1510]",c42703e21e6ee017,stage4/results/tensorflow-thesis-all-coverage/coverage_report.json,stage4/results/tensorflow-thesis-all-coverage/coverage_report.json,
tensorflow,tensorflow.io.encode_base64,stage4_coverage,selected_function_low_coverage,"selected_function_line_coverage_percent=12.766 below threshold 60; missing_lines=[269, 270, 271, 272, 273, 299, 300, 301, 302, 303, 304, 306, 307, 308, 310, 311, 312, 313, 316, 317, 318, 320, 322, 323, 325, 326, 327, 328, 329, 331, 332, 335, 336, 337, 338, 339, 340, 341, 342, 344, 345]",09b30bfb9475f6be,stage4/results/tensorflow-thesis-all-coverage/coverage_report.json,stage4/results/tensorflow-thesis-all-coverage/coverage_report.json,
tensorflow,tensorflow.io.encode_base64,stage4_coverage,selected_function_line_coverage_percent=12.766 < 60,selected_function_line_coverage_percent=12.766 < 60,19de604ca0a203dc,,stage4/results/tensorflow-thesis-all-coverage/low_coverage.csv,
tensorflow,tensorflow.io.encode_jpeg,stage4_coverage,selected_function_line_coverage_percent=12 < 60,selected_function_line_coverage_percent=12 < 60,269c7034da6f1407,,stage4/results/tensorflow-thesis-all-coverage/low_coverage.csv,
tensorflow,tensorflow.io.encode_jpeg,stage4_coverage,uncovered_api,Stage 4 did not cover API; valid_programs=0 bugs=0,4c9c3f78ff54d74c,stage4/results/tensorflow-thesis-all-coverage/coverage_report.json,stage4/results/tensorflow-thesis-all-coverage/coverage_report.json,
tensorflow,tensorflow.io.encode_jpeg,stage4_runtime,AttributeError,'bytes' object has no attribute 'dtype',91e4892ded5b593a,stage4/results/tensorflow-thesis-all-coverage/execution_results/tensorflow.io.encode_jpeg.results.json,stage4/results/tensorflow-thesis-all-coverage/failure.csv,
tensorflow,tensorflow.io.encode_png,stage4_runtime,AttributeError,'bytes' object has no attribute 'dtype',0a810c13e15bfad5,stage4/results/tensorflow-thesis-all-coverage/execution_results/tensorflow.io.encode_png.results.json,stage4/results/tensorflow-thesis-all-coverage/failure.csv,
tensorflow,tensorflow.io.encode_png,stage4_coverage,uncovered_api,Stage 4 did not cover API; valid_programs=0 bugs=0,3b41ab6b94904787,stage4/results/tensorflow-thesis-all-coverage/coverage_report.json,stage4/results/tensorflow-thesis-all-coverage/coverage_report.json,
tensorflow,tensorflow.io.encode_png,stage4_coverage,selected_function_line_coverage_percent=25 < 60,selected_function_line_coverage_percent=25 < 60,9e45df6f6f46a7af,,stage4/results/tensorflow-thesis-all-coverage/low_coverage.csv,
tensorflow,tensorflow.io.gfile.glob,stage4_coverage,selected_function_line_coverage_percent=40 < 60,selected_function_line_coverage_percent=40 < 60,318f7066e793eb3e,,stage4/results/tensorflow-thesis-all-coverage/low_coverage.csv,
tensorflow,tensorflow.io.gfile.glob,stage4_coverage,selected_function_low_coverage,"selected_function_line_coverage_percent=40 below threshold 60; missing_lines=[385, 386, 445]",3f977889f6fe7222,stage4/results/tensorflow-thesis-all-coverage/coverage_report.json,stage4/results/tensorflow-thesis-all-coverage/coverage_report.json,
tensorflow,tensorflow.io.matching_files,stage4_coverage,selected_function_low_coverage,"selected_function_line_coverage_percent=27.2727 below threshold 60; missing_lines=[389, 390, 391, 392, 393, 414, 416, 423, 426, 427, 428, 429, 432, 433, 434, 436, 438, 439, 441, 442, 444, 445, 448, 449, 450, 451, 452, 453, 454, 455, 457, 458]",29c88c8a2247d0e3,stage4/results/tensorflow-thesis-all-coverage/coverage_report.json,stage4/results/tensorflow-thesis-all-coverage/coverage_report.json,
tensorflow,tensorflow.io.matching_files,stage4_coverage,selected_function_line_coverage_percent=27.2727 < 60,selected_function_line_coverage_percent=27.2727 < 60,711e1be252b9f213,,stage4/results/tensorflow-thesis-all-coverage/low_coverage.csv,
tensorflow,tensorflow.io.parse_tensor,stage4_coverage,uncovered_api,Stage 4 did not cover API; valid_programs=0 bugs=0,2060a88480caa948,stage4/results/tensorflow-thesis-all-coverage/coverage_report.json,stage4/results/tensorflow-thesis-all-coverage/coverage_report.json,
tensorflow,tensorflow.io.parse_tensor,stage4_coverage,selected_function_line_coverage_percent=0 < 60,selected_function_line_coverage_percent=0 < 60,5b5add5092e5c5f0,,stage4/results/tensorflow-thesis-all-coverage/low_coverage.csv,
tensorflow,tensorflow.io.parse_tensor,stage4_runtime,AttributeError,'bytes' object has no attribute 'dtype',9a5c6caa311a052a,stage4/results/tensorflow-thesis-all-coverage/execution_results/tensorflow.io.parse_tensor.results.json,stage4/results/tensorflow-thesis-all-coverage/failure.csv,
tensorflow,tensorflow.is_symbolic_tensor,stage4_coverage,selected_function_line_coverage_percent=33.3333 < 60,selected_function_line_coverage_percent=33.3333 < 60,57fe48c5293b2a8e,,stage4/results/tensorflow-thesis-all-coverage/low_coverage.csv,
tensorflow,tensorflow.is_symbolic_tensor,stage4_coverage,selected_function_low_coverage,"selected_function_line_coverage_percent=33.3333 below threshold 60; missing_lines=[6222, 6223]",b9c57024cc42c034,stage4/results/tensorflow-thesis-all-coverage/coverage_report.json,stage4/results/tensorflow-thesis-all-coverage/coverage_report.json,
tensorflow,tensorflow.keras.activations.relu,stage4_coverage,selected_function_line_coverage_percent=0 < 60,selected_function_line_coverage_percent=0 < 60,5a1bdf3b15fb2a3b,,stage4/results/tensorflow-thesis-all-coverage/low_coverage.csv,
tensorflow,tensorflow.keras.activations.relu,stage4_coverage,selected_function_low_coverage,"selected_function_line_coverage_percent=0 below threshold 60; missing_lines=[17, 18, 19, 20, 21, 22, 23, 33, 39, 40]",cd9f39f7a1cf3a6d,stage4/results/tensorflow-thesis-all-coverage/coverage_report.json,stage4/results/tensorflow-thesis-all-coverage/coverage_report.json,
tensorflow,tensorflow.keras.datasets.imdb.load_data,stage4_coverage,selected_function_line_coverage_percent=0 < 60,selected_function_line_coverage_percent=0 < 60,9a0ee0fd45574f19,,stage4/results/tensorflow-thesis-all-coverage/low_coverage.csv,
tensorflow,tensorflow.keras.datasets.imdb.load_data,stage4_coverage,selected_function_low_coverage,"selected_function_line_coverage_percent=0 below threshold 60; missing_lines=[12, 13, 14, 15, 16, 17, 18, 19, 20, 21, 22, 23, 24, 25, 26, 27, 28, 29, 30, 31, 32, 33, 34, 35, 36, 37, 38, 39, 40, 41, 42, 43, 44, 45, 46, 47, 48, 49, 50, 51, 52, 53, 54, 55, 56, 57, 58, 59, 60, 61, 62, 63, 64, 65, 66, 67, 68, 69, 70, 71, 72, 73, 74, 75, 76, 77, 78, 79, 80, 81, 82, 83, 84, 85, 86, 87, 88, 89, 90, 91, 92, 93, 94, 95, 96, 97, 98, 99, 100, 101, 102, 103, 104, 105, 106, 107, 108, 109, 110, 111, 112, 113, 114, 115, 116, 117, 118, 119, 120, 121, 122, 123, 124, 125, 126, 127, 128, 129, 130, 131, 132, 133, 134, 135, 136, 137, 138, 139, 140]",c719e6782414b9f9,stage4/results/tensorflow-thesis-all-coverage/coverage_report.json,stage4/results/tensorflow-thesis-all-coverage/coverage_report.json,
tensorflow,tensorflow.keras.losses.KLD,stage4_coverage,selected_function_low_coverage,"selected_function_line_coverage_percent=0 below threshold 60; missing_lines=[2033, 2034, 2035, 2036, 2037, 2038, 2039, 2040, 2041, 2042, 2043, 2044, 2045, 2046, 2047, 2048, 2049, 2050, 2051, 2052, 2053, 2054, 2055, 2056, 2057, 2058, 2059, 2060, 2061, 2062, 2063, 2064, 2065, 2066, 2067, 2068, 2069, 2070, 2071, 2072, 2073, 2074, 2075, 2076, 2077, 2078, 2079, 2080, 2081]",2756a6b5e8880109,stage4/results/tensorflow-thesis-all-coverage/coverage_report.json,stage4/results/tensorflow-thesis-all-coverage/coverage_report.json,
tensorflow,tensorflow.keras.losses.KLD,stage4_coverage,selected_function_line_coverage_percent=0 < 60,selected_function_line_coverage_percent=0 < 60,3302f8f229f2d09d,,stage4/results/tensorflow-thesis-all-coverage/low_coverage.csv,
tensorflow,tensorflow.keras.losses.MAE,stage4_coverage,selected_function_line_coverage_percent=0 < 60,selected_function_line_coverage_percent=0 < 60,8e7b2a784425ecf2,,stage4/results/tensorflow-thesis-all-coverage/low_coverage.csv,
tensorflow,tensorflow.keras.losses.MAE,stage4_coverage,selected_function_low_coverage,"selected_function_line_coverage_percent=0 below threshold 60; missing_lines=[1766, 1767, 1768, 1769, 1770, 1771, 1772, 1773, 1774, 1775, 1776, 1777, 1778, 1779, 1780, 1781, 1782, 1783, 1784, 1785, 1786, 1787, 1788, 1789, 1790, 1791, 1792, 1793, 1794, 1795, 1796, 1797, 1798, 1799, 1800]",e2e1127665da07d9,stage4/results/tensorflow-thesis-all-coverage/coverage_report.json,stage4/results/tensorflow-thesis-all-coverage/coverage_report.json,
tensorflow,tensorflow.keras.losses.MSE,stage4_coverage,selected_function_low_coverage,"selected_function_line_coverage_percent=0 below threshold 60; missing_lines=[1727, 1728, 1729, 1730, 1731, 1732, 1733, 1734, 1735, 1736, 1737, 1738, 1739, 1740, 1741, 1742, 1743, 1744, 1745, 1746, 1747, 1748, 1749, 1750, 1751, 1752, 1753, 1754, 1755, 1756, 1757, 1758, 1759, 1760, 1761, 1762, 1763]",814c293370ce367e,stage4/results/tensorflow-thesis-all-coverage/coverage_report.json,stage4/results/tensorflow-thesis-all-coverage/coverage_report.json,
tensorflow,tensorflow.keras.losses.MSE,stage4_coverage,selected_function_line_coverage_percent=0 < 60,selected_function_line_coverage_percent=0 < 60,82cfaf1f9413625d,,stage4/results/tensorflow-thesis-all-coverage/low_coverage.csv,
tensorflow,tensorflow.keras.losses.binary_crossentropy,stage4_coverage,selected_function_low_coverage,"selected_function_line_coverage_percent=0 below threshold 60; missing_lines=[2345, 2346, 2347, 2348, 2349, 2350, 2351, 2352, 2353, 2354, 2355, 2356, 2357, 2358, 2359, 2360, 2361, 2362, 2363, 2364, 2365, 2366, 2367, 2368, 2369, 2370, 2371, 2372, 2373, 2374, 2375, 2376, 2377, 2378, 2379, 2380, 2381, 2382, 2383, 2384, 2385, 2386, 2387, 2388]",ed59a3f175372637,stage4/results/tensorflow-thesis-all-coverage/coverage_report.json,stage4/results/tensorflow-thesis-all-coverage/coverage_report.json,
tensorflow,tensorflow.keras.losses.binary_crossentropy,stage4_coverage,selected_function_line_coverage_percent=0 < 60,selected_function_line_coverage_percent=0 < 60,f3ec002ecec6d030,,stage4/results/tensorflow-thesis-all-coverage/low_coverage.csv,
tensorflow,tensorflow.keras.losses.binary_focal_crossentropy,stage4_coverage,selected_function_line_coverage_percent=0 < 60,selected_function_line_coverage_percent=0 < 60,dbe53d9863b00bdd,,stage4/results/tensorflow-thesis-all-coverage/low_coverage.csv,
tensorflow,tensorflow.keras.losses.binary_focal_crossentropy,stage4_coverage,selected_function_low_coverage,"selected_function_line_coverage_percent=0 below threshold 60; missing_lines=[2391, 2392, 2393, 2394, 2395, 2396, 2397, 2398, 2399, 2400, 2401, 2402, 2403, 2404, 2405, 2406, 2407, 2408, 2409, 2410, 2411, 2412, 2413, 2414, 2415, 2416, 2417, 2418, 2419, 2420, 2421, 2422, 2423, 2424, 2425, 2426, 2427, 2428, 2429, 2430, 2431, 2432, 2433, 2434, 2435, 2436, 2437, 2438, 2439, 2440, 2441, 2442, 2443, 2444, 2445, 2446, 2447, 2448, 2449, 2450, 2451, 2452, 2453, 2454, 2455, 2456, 2457, 2458, 2459, 2460, 2461, 2462, 2463, 2464, 2465, 2466, 2467, 2468, 2469, 2470, 2471, 2472, 2473, 2474, 2475, 2476, 2477, 2478, 2479, 2480, 2481, 2482, 2483, 2484, 2485, 2486, 2487, 2488, 2489, 2490, 2491, 2492, 2493]",f18293eb95ebc243,stage4/results/tensorflow-thesis-all-coverage/coverage_report.json,stage4/results/tensorflow-thesis-all-coverage/coverage_report.json,
tensorflow,tensorflow.keras.losses.categorical_crossentropy,stage4_coverage,selected_function_line_coverage_percent=0 < 60,selected_function_line_coverage_percent=0 < 60,6451c4de106cc5b7,,stage4/results/tensorflow-thesis-all-coverage/low_coverage.csv,
tensorflow,tensorflow.keras.losses.categorical_crossentropy,stage4_coverage,selected_function_low_coverage,"selected_function_line_coverage_percent=0 below threshold 60; missing_lines=[2123, 2124, 2125, 2126, 2127, 2128, 2129, 2130, 2131, 2132, 2133, 2134, 2135, 2136, 2137, 2138, 2139, 2140, 2141, 2142, 2143, 2144, 2145, 2146, 2147, 2148, 2149, 2150, 2151, 2152, 2153, 2154, 2155, 2156, 2157, 2158, 2159, 2160, 2161, 2162, 2163, 2164, 2165, 2166, 2167, 2168, 2169, 2170, 2171, 2172, 2173, 2174, 2175, 2176, 2177, 2178, 2179, 2180, 2181, 2182, 2183]",821dd28cf5b7225c,stage4/results/tensorflow-thesis-all-coverage/coverage_report.json,stage4/results/tensorflow-thesis-all-coverage/coverage_report.json,
tensorflow,tensorflow.keras.losses.categorical_focal_crossentropy,stage4_coverage,selected_function_low_coverage,"selected_function_line_coverage_percent=0 below threshold 60; missing_lines=[2186, 2187, 2188, 2189, 2190, 2191, 2192, 2193, 2194, 2195, 2196, 2197, 2198, 2199, 2200, 2201, 2202, 2203, 2204, 2205, 2206, 2207, 2208, 2209, 2210, 2211, 2212, 2213, 2214, 2215, 2216, 2217, 2218, 2219, 2220, 2221, 2222, 2223, 2224, 2225, 2226, 2227, 2228, 2229, 2230, 2231, 2232, 2233, 2234, 2235, 2236, 2237, 2238, 2239, 2240, 2241, 2242, 2243, 2244, 2245, 2246, 2247, 2248, 2249, 2250, 2251, 2252, 2253, 2254, 2255, 2256, 2257, 2258, 2259, 2260, 2261, 2262, 2263, 2264, 2265, 2266, 2267, 2268, 2269, 2270, 2271, 2272, 2273, 2274, 2275, 2276, 2277, 2278, 2279]",308d87844ce4860b,stage4/results/tensorflow-thesis-all-coverage/coverage_report.json,stage4/results/tensorflow-thesis-all-coverage/coverage_report.json,
tensorflow,tensorflow.keras.losses.categorical_focal_crossentropy,stage4_coverage,selected_function_line_coverage_percent=0 < 60,selected_function_line_coverage_percent=0 < 60,d14dbec0120bab22,,stage4/results/tensorflow-thesis-all-coverage/low_coverage.csv,
tensorflow,tensorflow.keras.losses.categorical_generalized_cross_entropy,stage4_coverage,selected_function_line_coverage_percent=0 < 60,selected_function_line_coverage_percent=0 < 60,4a1dedf00cffc813,,stage4/results/tensorflow-thesis-all-coverage/low_coverage.csv,
tensorflow,tensorflow.keras.losses.categorical_generalized_cross_entropy,stage4_coverage,selected_function_low_coverage,"selected_function_line_coverage_percent=0 below threshold 60; missing_lines=[2716, 2717, 2718, 2719, 2720, 2721, 2722, 2723, 2724, 2725, 2726, 2727, 2728, 2729, 2730, 2731, 2732, 2733, 2734, 2735, 2736, 2737, 2738, 2739, 2740, 2741, 2742, 2743, 2744, 2745, 2746, 2747, 2748, 2749, 2750, 2751, 2752, 2753, 2754, 2755, 2756, 2757, 2758, 2759, 2760, 2761, 2762, 2763, 2764]",def1bdf8c7d8e030,stage4/results/tensorflow-thesis-all-coverage/coverage_report.json,stage4/results/tensorflow-thesis-all-coverage/coverage_report.json,
tensorflow,tensorflow.keras.losses.categorical_hinge,stage4_coverage,selected_function_low_coverage,"selected_function_line_coverage_percent=0 below threshold 60; missing_lines=[1686, 1687, 1688, 1689, 1690, 1691, 1692, 1693, 1694, 1695, 1696, 1697, 1698, 1699, 1700, 1701, 1702, 1703, 1704, 1705, 1706, 1707, 1708, 1709, 1710, 1711, 1712, 1713, 1714, 1715, 1716, 1717, 1718, 1719, 1720, 1721, 1722, 1723, 1724]",4c9c911ab8fd1484,stage4/results/tensorflow-thesis-all-coverage/coverage_report.json,stage4/results/tensorflow-thesis-all-coverage/coverage_report.json,
tensorflow,tensorflow.keras.losses.categorical_hinge,stage4_coverage,selected_function_line_coverage_percent=0 < 60,selected_function_line_coverage_percent=0 < 60,d12cb8e83a3abce1,,stage4/results/tensorflow-thesis-all-coverage/low_coverage.csv,
tensorflow,tensorflow.keras.losses.circle,stage4_coverage,selected_function_line_coverage_percent=0 < 60,selected_function_line_coverage_percent=0 < 60,3b93f828a8593c6a,,stage4/results/tensorflow-thesis-all-coverage/low_coverage.csv,
tensorflow,tensorflow.keras.losses.circle,stage4_coverage,selected_function_low_coverage,"selected_function_line_coverage_percent=0 below threshold 60; missing_lines=[2628, 2629, 2630, 2631, 2632, 2633, 2634, 2635, 2636, 2637, 2638, 2639, 2640, 2641, 2642, 2643, 2644, 2645, 2646, 2647, 2648, 2649, 2650, 2651, 2652, 2653, 2654, 2655, 2656, 2657, 2658, 2659, 2660, 2661, 2662, 2663, 2664, 2665, 2666, 2667, 2668, 2669, 2670, 2671, 2672, 2673, 2674, 2675, 2676, 2677, 2678, 2679, 2680, 2681, 2682, 2683, 2684, 2685, 2686, 2687, 2688, 2689, 2690, 2691, 2692, 2693, 2694, 2695, 2696, 2697, 2698, 2699, 2700, 2701, 2702, 2703, 2704, 2705, 2706, 2707, 2708, 2709, 2710, 2711, 2712, 2713]",c71c346441d409e4,stage4/results/tensorflow-thesis-all-coverage/coverage_report.json,stage4/results/tensorflow-thesis-all-coverage/coverage_report.json,
tensorflow,tensorflow.keras.losses.cosine_similarity,stage4_coverage,selected_function_low_coverage,"selected_function_line_coverage_percent=0 below threshold 60; missing_lines=[1896, 1897, 1898, 1899, 1900, 1901, 1902, 1903, 1904, 1905, 1906, 1907, 1908, 1909, 1910, 1911, 1912, 1913, 1914, 1915, 1916, 1917, 1918, 1919, 1920, 1921, 1922, 1923, 1924, 1925, 1926, 1927, 1928, 1929, 1930, 1931, 1932, 1933]",68f18b19a43b9f29,stage4/results/tensorflow-thesis-all-coverage/coverage_report.json,stage4/results/tensorflow-thesis-all-coverage/coverage_report.json,
tensorflow,tensorflow.keras.losses.cosine_similarity,stage4_coverage,selected_function_line_coverage_percent=0 < 60,selected_function_line_coverage_percent=0 < 60,e00283e5471153b6,,stage4/results/tensorflow-thesis-all-coverage/low_coverage.csv,
tensorflow,tensorflow.keras.losses.dice,stage4_coverage,selected_function_low_coverage,"selected_function_line_coverage_percent=0 below threshold 60; missing_lines=[2534, 2535, 2536, 2537, 2538, 2539, 2540, 2541, 2542, 2543, 2544, 2545, 2546, 2547, 2548, 2549, 2550, 2551, 2552, 2553, 2554, 2555, 2556, 2557, 2558, 2559, 2560, 2561, 2562, 2563, 2564, 2565, 2566, 2567, 2568, 2569, 2570, 2571, 2572, 2573, 2574, 2575, 2576, 2577, 2578, 2579, 2580, 2581, 2582, 2583]",7fc8d2dd72ae102a,stage4/results/tensorflow-thesis-all-coverage/coverage_report.json,stage4/results/tensorflow-thesis-all-coverage/coverage_report.json,
tensorflow,tensorflow.keras.losses.dice,stage4_coverage,selected_function_line_coverage_percent=0 < 60,selected_function_line_coverage_percent=0 < 60,c1c3410234bd9a39,,stage4/results/tensorflow-thesis-all-coverage/low_coverage.csv,
tensorflow,tensorflow.keras.losses.hinge,stage4_coverage,selected_function_low_coverage,"selected_function_line_coverage_percent=0 below threshold 60; missing_lines=[1611, 1612, 1613, 1614, 1615, 1616, 1617, 1618, 1619, 1620, 1621, 1622, 1623, 1624, 1625, 1626, 1627, 1628, 1629, 1630, 1631, 1632, 1633, 1634, 1635, 1636, 1637, 1638, 1639, 1640, 1641, 1642, 1643, 1644, 1645]",34eee1e18c1bf7ae,stage4/results/tensorflow-thesis-all-coverage/coverage_report.json,stage4/results/tensorflow-thesis-all-coverage/coverage_report.json,
tensorflow,tensorflow.keras.losses.hinge,stage4_coverage,selected_function_line_coverage_percent=0 < 60,selected_function_line_coverage_percent=0 < 60,6ac2da687a3cc49d,,stage4/results/tensorflow-thesis-all-coverage/low_coverage.csv,
tensorflow,tensorflow.keras.losses.huber,stage4_coverage,selected_function_line_coverage_percent=0 < 60,selected_function_line_coverage_percent=0 < 60,5e10aac5de83ab11,,stage4/results/tensorflow-thesis-all-coverage/low_coverage.csv,
tensorflow,tensorflow.keras.losses.huber,stage4_coverage,selected_function_low_coverage,"selected_function_line_coverage_percent=0 below threshold 60; missing_lines=[1936, 1937, 1938, 1939, 1940, 1941, 1942, 1943, 1944, 1945, 1946, 1947, 1948, 1949, 1950, 1951, 1952, 1953, 1954, 1955, 1956, 1957, 1958, 1959, 1960, 1961, 1962, 1963, 1964, 1965, 1966, 1967, 1968, 1969, 1970, 1971, 1972, 1973, 1974, 1975, 1976, 1977, 1978, 1979, 1980, 1981, 1982, 1983]",7a4eddde1131c6c6,stage4/results/tensorflow-thesis-all-coverage/coverage_report.json,stage4/results/tensorflow-thesis-all-coverage/coverage_report.json,
tensorflow,tensorflow.keras.losses.kullback_leibler_divergence,stage4_coverage,selected_function_line_coverage_percent=0 < 60,selected_function_line_coverage_percent=0 < 60,7a3fe1c6b185b3ee,,stage4/results/tensorflow-thesis-all-coverage/low_coverage.csv,
tensorflow,tensorflow.keras.losses.kullback_leibler_divergence,stage4_coverage,selected_function_low_coverage,"selected_function_line_coverage_percent=0 below threshold 60; missing_lines=[2033, 2034, 2035, 2036, 2037, 2038, 2039, 2040, 2041, 2042, 2043, 2044, 2045, 2046, 2047, 2048, 2049, 2050, 2051, 2052, 2053, 2054, 2055, 2056, 2057, 2058, 2059, 2060, 2061, 2062, 2063, 2064, 2065, 2066, 2067, 2068, 2069, 2070, 2071, 2072, 2073, 2074, 2075, 2076, 2077, 2078, 2079, 2080, 2081]",89d40b2f5e154ff4,stage4/results/tensorflow-thesis-all-coverage/coverage_report.json,stage4/results/tensorflow-thesis-all-coverage/coverage_report.json,
tensorflow,tensorflow.keras.losses.logcosh,stage4_coverage,selected_function_low_coverage,"selected_function_line_coverage_percent=0 below threshold 60; missing_lines=[1986, 1987, 1988, 1989, 1990, 1991, 1992, 1993, 1994, 1995, 1996, 1997, 1998, 1999, 2000, 2001, 2002, 2003, 2004, 2005, 2006, 2007, 2008, 2009, 2010, 2011, 2012, 2013, 2014, 2015, 2016, 2017, 2018, 2019, 2020, 2021, 2022, 2023, 2024, 2025, 2026, 2027, 2028, 2029, 2030]",2e312e96f00f96e2,stage4/results/tensorflow-thesis-all-coverage/coverage_report.json,stage4/results/tensorflow-thesis-all-coverage/coverage_report.json,
tensorflow,tensorflow.keras.losses.logcosh,stage4_coverage,selected_function_line_coverage_percent=0 < 60,selected_function_line_coverage_percent=0 < 60,f07842d9cd912ce3,,stage4/results/tensorflow-thesis-all-coverage/low_coverage.csv,
tensorflow,tensorflow.keras.losses.poisson,stage4_coverage,selected_function_low_coverage,"selected_function_line_coverage_percent=0 below threshold 60; missing_lines=[2084, 2085, 2086, 2087, 2088, 2089, 2090, 2091, 2092, 2093, 2094, 2095, 2096, 2097, 2098, 2099, 2100, 2101, 2102, 2103, 2104, 2105, 2106, 2107, 2108, 2109, 2110, 2111, 2112, 2113, 2114, 2115, 2116, 2117, 2118, 2119, 2120]",1a234bbcfe084e33,stage4/results/tensorflow-thesis-all-coverage/coverage_report.json,stage4/results/tensorflow-thesis-all-coverage/coverage_report.json,
tensorflow,tensorflow.keras.losses.poisson,stage4_coverage,selected_function_line_coverage_percent=0 < 60,selected_function_line_coverage_percent=0 < 60,d1b23b7a921b75fd,,stage4/results/tensorflow-thesis-all-coverage/low_coverage.csv,
tensorflow,tensorflow.keras.losses.squared_hinge,stage4_coverage,selected_function_low_coverage,"selected_function_line_coverage_percent=0 below threshold 60; missing_lines=[1648, 1649, 1650, 1651, 1652, 1653, 1654, 1655, 1656, 1657, 1658, 1659, 1660, 1661, 1662, 1663, 1664, 1665, 1666, 1667, 1668, 1669, 1670, 1671, 1672, 1673, 1674, 1675, 1676, 1677, 1678, 1679, 1680, 1681, 1682, 1683]",9d5fdded45a2c402,stage4/results/tensorflow-thesis-all-coverage/coverage_report.json,stage4/results/tensorflow-thesis-all-coverage/coverage_report.json,
tensorflow,tensorflow.keras.losses.squared_hinge,stage4_coverage,selected_function_line_coverage_percent=0 < 60,selected_function_line_coverage_percent=0 < 60,c559244b4db99762,,stage4/results/tensorflow-thesis-all-coverage/low_coverage.csv,
tensorflow,tensorflow.keras.losses.tversky,stage4_coverage,selected_function_low_coverage,"selected_function_line_coverage_percent=0 below threshold 60; missing_lines=[2586, 2587, 2588, 2589, 2590, 2591, 2592, 2593, 2594, 2595, 2596, 2597, 2598, 2599, 2600, 2601, 2602, 2603, 2604, 2605, 2606, 2607, 2608, 2609, 2610, 2611, 2612, 2613, 2614, 2615, 2616, 2617, 2618, 2619, 2620, 2621, 2622, 2623, 2624, 2625]",de0d6b1e658bf354,stage4/results/tensorflow-thesis-all-coverage/coverage_report.json,stage4/results/tensorflow-thesis-all-coverage/coverage_report.json,
tensorflow,tensorflow.keras.losses.tversky,stage4_coverage,selected_function_line_coverage_percent=0 < 60,selected_function_line_coverage_percent=0 < 60,f39e3adf03171e91,,stage4/results/tensorflow-thesis-all-coverage/low_coverage.csv,
tensorflow,tensorflow.keras.metrics.KLD,stage4_coverage,selected_function_low_coverage,"selected_function_line_coverage_percent=0 below threshold 60; missing_lines=[2033, 2034, 2035, 2036, 2037, 2038, 2039, 2040, 2041, 2042, 2043, 2044, 2045, 2046, 2047, 2048, 2049, 2050, 2051, 2052, 2053, 2054, 2055, 2056, 2057, 2058, 2059, 2060, 2061, 2062, 2063, 2064, 2065, 2066, 2067, 2068, 2069, 2070, 2071, 2072, 2073, 2074, 2075, 2076, 2077, 2078, 2079, 2080, 2081]",0d7d13ed2a9ab146,stage4/results/tensorflow-thesis-all-coverage/coverage_report.json,stage4/results/tensorflow-thesis-all-coverage/coverage_report.json,
tensorflow,tensorflow.keras.metrics.KLD,stage4_coverage,selected_function_line_coverage_percent=0 < 60,selected_function_line_coverage_percent=0 < 60,92b8c0d91127be9c,,stage4/results/tensorflow-thesis-all-coverage/low_coverage.csv,
tensorflow,tensorflow.keras.metrics.MAE,stage4_coverage,selected_function_low_coverage,"selected_function_line_coverage_percent=0 below threshold 60; missing_lines=[1766, 1767, 1768, 1769, 1770, 1771, 1772, 1773, 1774, 1775, 1776, 1777, 1778, 1779, 1780, 1781, 1782, 1783, 1784, 1785, 1786, 1787, 1788, 1789, 1790, 1791, 1792, 1793, 1794, 1795, 1796, 1797, 1798, 1799, 1800]",2f16a066972bf9d5,stage4/results/tensorflow-thesis-all-coverage/coverage_report.json,stage4/results/tensorflow-thesis-all-coverage/coverage_report.json,
tensorflow,tensorflow.keras.metrics.MAE,stage4_coverage,selected_function_line_coverage_percent=0 < 60,selected_function_line_coverage_percent=0 < 60,445d7a2ac2b1eb23,,stage4/results/tensorflow-thesis-all-coverage/low_coverage.csv,
tensorflow,tensorflow.keras.metrics.MSE,stage4_coverage,selected_function_line_coverage_percent=0 < 60,selected_function_line_coverage_percent=0 < 60,3306a903f13bb277,,stage4/results/tensorflow-thesis-all-coverage/low_coverage.csv,
tensorflow,tensorflow.keras.metrics.MSE,stage4_coverage,selected_function_low_coverage,"selected_function_line_coverage_percent=0 below threshold 60; missing_lines=[1727, 1728, 1729, 1730, 1731, 1732, 1733, 1734, 1735, 1736, 1737, 1738, 1739, 1740, 1741, 1742, 1743, 1744, 1745, 1746, 1747, 1748, 1749, 1750, 1751, 1752, 1753, 1754, 1755, 1756, 1757, 1758, 1759, 1760, 1761, 1762, 1763]",f0029ecec116933e,stage4/results/tensorflow-thesis-all-coverage/coverage_report.json,stage4/results/tensorflow-thesis-all-coverage/coverage_report.json,
tensorflow,tensorflow.keras.metrics.binary_crossentropy,stage4_coverage,selected_function_low_coverage,"selected_function_line_coverage_percent=0 below threshold 60; missing_lines=[2345, 2346, 2347, 2348, 2349, 2350, 2351, 2352, 2353, 2354, 2355, 2356, 2357, 2358, 2359, 2360, 2361, 2362, 2363, 2364, 2365, 2366, 2367, 2368, 2369, 2370, 2371, 2372, 2373, 2374, 2375, 2376, 2377, 2378, 2379, 2380, 2381, 2382, 2383, 2384, 2385, 2386, 2387, 2388]",a571f8816a066d14,stage4/results/tensorflow-thesis-all-coverage/coverage_report.json,stage4/results/tensorflow-thesis-all-coverage/coverage_report.json,
tensorflow,tensorflow.keras.metrics.binary_crossentropy,stage4_coverage,selected_function_line_coverage_percent=0 < 60,selected_function_line_coverage_percent=0 < 60,b633b3bfac267b56,,stage4/results/tensorflow-thesis-all-coverage/low_coverage.csv,
tensorflow,tensorflow.keras.metrics.binary_focal_crossentropy,stage4_coverage,selected_function_low_coverage,"selected_function_line_coverage_percent=0 below threshold 60; missing_lines=[2391, 2392, 2393, 2394, 2395, 2396, 2397, 2398, 2399, 2400, 2401, 2402, 2403, 2404, 2405, 2406, 2407, 2408, 2409, 2410, 2411, 2412, 2413, 2414, 2415, 2416, 2417, 2418, 2419, 2420, 2421, 2422, 2423, 2424, 2425, 2426, 2427, 2428, 2429, 2430, 2431, 2432, 2433, 2434, 2435, 2436, 2437, 2438, 2439, 2440, 2441, 2442, 2443, 2444, 2445, 2446, 2447, 2448, 2449, 2450, 2451, 2452, 2453, 2454, 2455, 2456, 2457, 2458, 2459, 2460, 2461, 2462, 2463, 2464, 2465, 2466, 2467, 2468, 2469, 2470, 2471, 2472, 2473, 2474, 2475, 2476, 2477, 2478, 2479, 2480, 2481, 2482, 2483, 2484, 2485, 2486, 2487, 2488, 2489, 2490, 2491, 2492, 2493]",b3ef7d6d431569a7,stage4/results/tensorflow-thesis-all-coverage/coverage_report.json,stage4/results/tensorflow-thesis-all-coverage/coverage_report.json,
tensorflow,tensorflow.keras.metrics.binary_focal_crossentropy,stage4_coverage,selected_function_line_coverage_percent=0 < 60,selected_function_line_coverage_percent=0 < 60,e52afe5befaa83a6,,stage4/results/tensorflow-thesis-all-coverage/low_coverage.csv,
tensorflow,tensorflow.keras.metrics.categorical_crossentropy,stage4_coverage,selected_function_low_coverage,"selected_function_line_coverage_percent=0 below threshold 60; missing_lines=[2123, 2124, 2125, 2126, 2127, 2128, 2129, 2130, 2131, 2132, 2133, 2134, 2135, 2136, 2137, 2138, 2139, 2140, 2141, 2142, 2143, 2144, 2145, 2146, 2147, 2148, 2149, 2150, 2151, 2152, 2153, 2154, 2155, 2156, 2157, 2158, 2159, 2160, 2161, 2162, 2163, 2164, 2165, 2166, 2167, 2168, 2169, 2170, 2171, 2172, 2173, 2174, 2175, 2176, 2177, 2178, 2179, 2180, 2181, 2182, 2183]",5a8e83d4e8948c46,stage4/results/tensorflow-thesis-all-coverage/coverage_report.json,stage4/results/tensorflow-thesis-all-coverage/coverage_report.json,
tensorflow,tensorflow.keras.metrics.categorical_crossentropy,stage4_coverage,selected_function_line_coverage_percent=0 < 60,selected_function_line_coverage_percent=0 < 60,939131e26a1efd6b,,stage4/results/tensorflow-thesis-all-coverage/low_coverage.csv,
tensorflow,tensorflow.keras.metrics.categorical_focal_crossentropy,stage4_coverage,selected_function_line_coverage_percent=0 < 60,selected_function_line_coverage_percent=0 < 60,c31fb33e9e094df5,,stage4/results/tensorflow-thesis-all-coverage/low_coverage.csv,
tensorflow,tensorflow.keras.metrics.categorical_focal_crossentropy,stage4_coverage,selected_function_low_coverage,"selected_function_line_coverage_percent=0 below threshold 60; missing_lines=[2186, 2187, 2188, 2189, 2190, 2191, 2192, 2193, 2194, 2195, 2196, 2197, 2198, 2199, 2200, 2201, 2202, 2203, 2204, 2205, 2206, 2207, 2208, 2209, 2210, 2211, 2212, 2213, 2214, 2215, 2216, 2217, 2218, 2219, 2220, 2221, 2222, 2223, 2224, 2225, 2226, 2227, 2228, 2229, 2230, 2231, 2232, 2233, 2234, 2235, 2236, 2237, 2238, 2239, 2240, 2241, 2242, 2243, 2244, 2245, 2246, 2247, 2248, 2249, 2250, 2251, 2252, 2253, 2254, 2255, 2256, 2257, 2258, 2259, 2260, 2261, 2262, 2263, 2264, 2265, 2266, 2267, 2268, 2269, 2270, 2271, 2272, 2273, 2274, 2275, 2276, 2277, 2278, 2279]",de5b43270a12cc78,stage4/results/tensorflow-thesis-all-coverage/coverage_report.json,stage4/results/tensorflow-thesis-all-coverage/coverage_report.json,
tensorflow,tensorflow.keras.metrics.categorical_hinge,stage4_coverage,selected_function_line_coverage_percent=0 < 60,selected_function_line_coverage_percent=0 < 60,0b8319f23d31d9df,,stage4/results/tensorflow-thesis-all-coverage/low_coverage.csv,
tensorflow,tensorflow.keras.metrics.categorical_hinge,stage4_coverage,selected_function_low_coverage,"selected_function_line_coverage_percent=0 below threshold 60; missing_lines=[1686, 1687, 1688, 1689, 1690, 1691, 1692, 1693, 1694, 1695, 1696, 1697, 1698, 1699, 1700, 1701, 1702, 1703, 1704, 1705, 1706, 1707, 1708, 1709, 1710, 1711, 1712, 1713, 1714, 1715, 1716, 1717, 1718, 1719, 1720, 1721, 1722, 1723, 1724]",c6bfa49ec19911b9,stage4/results/tensorflow-thesis-all-coverage/coverage_report.json,stage4/results/tensorflow-thesis-all-coverage/coverage_report.json,
tensorflow,tensorflow.keras.metrics.concordance_correlation,stage4_coverage,selected_function_line_coverage_percent=0 < 60,selected_function_line_coverage_percent=0 < 60,0aba576668abd323,,stage4/results/tensorflow-thesis-all-coverage/low_coverage.csv,
tensorflow,tensorflow.keras.metrics.concordance_correlation,stage4_coverage,selected_function_low_coverage,"selected_function_line_coverage_percent=0 below threshold 60; missing_lines=[48, 49, 50, 51, 52, 53, 54, 55, 56, 57, 58, 59, 60, 61, 62, 63, 64, 65, 66, 67, 68, 69, 70, 71, 72, 73, 74, 75, 76, 77, 78, 79, 80, 81, 82, 83, 84, 85, 86, 87, 88, 89, 90, 91, 92]",e47a74b1d261e13f,stage4/results/tensorflow-thesis-all-coverage/coverage_report.json,stage4/results/tensorflow-thesis-all-coverage/coverage_report.json,
tensorflow,tensorflow.keras.metrics.hinge,stage4_coverage,selected_function_line_coverage_percent=0 < 60,selected_function_line_coverage_percent=0 < 60,6c6805a3b72dec11,,stage4/results/tensorflow-thesis-all-coverage/low_coverage.csv,
tensorflow,tensorflow.keras.metrics.hinge,stage4_coverage,selected_function_low_coverage,"selected_function_line_coverage_percent=0 below threshold 60; missing_lines=[1611, 1612, 1613, 1614, 1615, 1616, 1617, 1618, 1619, 1620, 1621, 1622, 1623, 1624, 1625, 1626, 1627, 1628, 1629, 1630, 1631, 1632, 1633, 1634, 1635, 1636, 1637, 1638, 1639, 1640, 1641, 1642, 1643, 1644, 1645]",ff1b4c0707b43709,stage4/results/tensorflow-thesis-all-coverage/coverage_report.json,stage4/results/tensorflow-thesis-all-coverage/coverage_report.json,
tensorflow,tensorflow.keras.metrics.huber,stage4_coverage,selected_function_low_coverage,"selected_function_line_coverage_percent=0 below threshold 60; missing_lines=[1936, 1937, 1938, 1939, 1940, 1941, 1942, 1943, 1944, 1945, 1946, 1947, 1948, 1949, 1950, 1951, 1952, 1953, 1954, 1955, 1956, 1957, 1958, 1959, 1960, 1961, 1962, 1963, 1964, 1965, 1966, 1967, 1968, 1969, 1970, 1971, 1972, 1973, 1974, 1975, 1976, 1977, 1978, 1979, 1980, 1981, 1982, 1983]",2d9a758f56607284,stage4/results/tensorflow-thesis-all-coverage/coverage_report.json,stage4/results/tensorflow-thesis-all-coverage/coverage_report.json,
tensorflow,tensorflow.keras.metrics.huber,stage4_coverage,selected_function_line_coverage_percent=0 < 60,selected_function_line_coverage_percent=0 < 60,f1dbd720c0393f4b,,stage4/results/tensorflow-thesis-all-coverage/low_coverage.csv,
tensorflow,tensorflow.keras.metrics.kullback_leibler_divergence,stage4_coverage,selected_function_line_coverage_percent=0 < 60,selected_function_line_coverage_percent=0 < 60,819002bec68d7593,,stage4/results/tensorflow-thesis-all-coverage/low_coverage.csv,
tensorflow,tensorflow.keras.metrics.kullback_leibler_divergence,stage4_coverage,selected_function_low_coverage,"selected_function_line_coverage_percent=0 below threshold 60; missing_lines=[2033, 2034, 2035, 2036, 2037, 2038, 2039, 2040, 2041, 2042, 2043, 2044, 2045, 2046, 2047, 2048, 2049, 2050, 2051, 2052, 2053, 2054, 2055, 2056, 2057, 2058, 2059, 2060, 2061, 2062, 2063, 2064, 2065, 2066, 2067, 2068, 2069, 2070, 2071, 2072, 2073, 2074, 2075, 2076, 2077, 2078, 2079, 2080, 2081]",ece3def00ce784c9,stage4/results/tensorflow-thesis-all-coverage/coverage_report.json,stage4/results/tensorflow-thesis-all-coverage/coverage_report.json,
tensorflow,tensorflow.keras.metrics.logcosh,stage4_coverage,selected_function_line_coverage_percent=0 < 60,selected_function_line_coverage_percent=0 < 60,ab0de5dbe594e101,,stage4/results/tensorflow-thesis-all-coverage/low_coverage.csv,
tensorflow,tensorflow.keras.metrics.logcosh,stage4_coverage,selected_function_low_coverage,"selected_function_line_coverage_percent=0 below threshold 60; missing_lines=[1986, 1987, 1988, 1989, 1990, 1991, 1992, 1993, 1994, 1995, 1996, 1997, 1998, 1999, 2000, 2001, 2002, 2003, 2004, 2005, 2006, 2007, 2008, 2009, 2010, 2011, 2012, 2013, 2014, 2015, 2016, 2017, 2018, 2019, 2020, 2021, 2022, 2023, 2024, 2025, 2026, 2027, 2028, 2029, 2030]",c3bceed7f4468640,stage4/results/tensorflow-thesis-all-coverage/coverage_report.json,stage4/results/tensorflow-thesis-all-coverage/coverage_report.json,
tensorflow,tensorflow.keras.metrics.pearson_correlation,stage4_coverage,selected_function_line_coverage_percent=0 < 60,selected_function_line_coverage_percent=0 < 60,2b6bd7c0a2779f92,,stage4/results/tensorflow-thesis-all-coverage/low_coverage.csv,
tensorflow,tensorflow.keras.metrics.pearson_correlation,stage4_coverage,selected_function_low_coverage,"selected_function_line_coverage_percent=0 below threshold 60; missing_lines=[8, 9, 10, 11, 12, 13, 14, 15, 16, 17, 18, 19, 20, 21, 22, 23, 24, 25, 26, 27, 28, 29, 30, 31, 32, 33, 34, 35, 36, 37, 38, 39, 40, 41, 42, 43, 44, 45]",d80748509434322a,stage4/results/tensorflow-thesis-all-coverage/coverage_report.json,stage4/results/tensorflow-thesis-all-coverage/coverage_report.json,
tensorflow,tensorflow.keras.metrics.poisson,stage4_coverage,selected_function_low_coverage,"selected_function_line_coverage_percent=0 below threshold 60; missing_lines=[2084, 2085, 2086, 2087, 2088, 2089, 2090, 2091, 2092, 2093, 2094, 2095, 2096, 2097, 2098, 2099, 2100, 2101, 2102, 2103, 2104, 2105, 2106, 2107, 2108, 2109, 2110, 2111, 2112, 2113, 2114, 2115, 2116, 2117, 2118, 2119, 2120]",72921dc7eb5e914b,stage4/results/tensorflow-thesis-all-coverage/coverage_report.json,stage4/results/tensorflow-thesis-all-coverage/coverage_report.json,
tensorflow,tensorflow.keras.metrics.poisson,stage4_coverage,selected_function_line_coverage_percent=0 < 60,selected_function_line_coverage_percent=0 < 60,cd1389797016d735,,stage4/results/tensorflow-thesis-all-coverage/low_coverage.csv,
tensorflow,tensorflow.keras.metrics.squared_hinge,stage4_coverage,selected_function_line_coverage_percent=0 < 60,selected_function_line_coverage_percent=0 < 60,0c3cd3839eb4f20f,,stage4/results/tensorflow-thesis-all-coverage/low_coverage.csv,
tensorflow,tensorflow.keras.metrics.squared_hinge,stage4_coverage,selected_function_low_coverage,"selected_function_line_coverage_percent=0 below threshold 60; missing_lines=[1648, 1649, 1650, 1651, 1652, 1653, 1654, 1655, 1656, 1657, 1658, 1659, 1660, 1661, 1662, 1663, 1664, 1665, 1666, 1667, 1668, 1669, 1670, 1671, 1672, 1673, 1674, 1675, 1676, 1677, 1678, 1679, 1680, 1681, 1682, 1683]",29118484de8edfe5,stage4/results/tensorflow-thesis-all-coverage/coverage_report.json,stage4/results/tensorflow-thesis-all-coverage/coverage_report.json,
tensorflow,tensorflow.keras.ops.absolute,stage4_coverage,selected_function_line_coverage_percent=0 < 60,selected_function_line_coverage_percent=0 < 60,8681e507958bdbd5,,stage4/results/tensorflow-thesis-all-coverage/low_coverage.csv,
tensorflow,tensorflow.keras.ops.absolute,stage4_coverage,selected_function_low_coverage,"selected_function_line_coverage_percent=0 below threshold 60; missing_lines=[155, 156, 157, 158, 159, 160, 161, 162, 163, 164, 165, 166, 167, 168, 169, 170, 171, 172, 173, 174, 175]",be722e3cc7041567,stage4/results/tensorflow-thesis-all-coverage/coverage_report.json,stage4/results/tensorflow-thesis-all-coverage/coverage_report.json,
tensorflow,tensorflow.keras.ops.adaptive_average_pool,stage4_runtime,ValueError,too many values to unpack (expected 2),15eca903a9c50472,stage4/results/tensorflow-thesis-all-coverage/execution_results/tensorflow.keras.ops.adaptive_average_pool.results.json,stage4/results/tensorflow-thesis-all-coverage/failure.csv,
tensorflow,tensorflow.keras.ops.adaptive_average_pool,stage4_runtime,invalid_valid_mutation,too many values to unpack (expected 2),1a9f3b99418cb01f,stage4/results/tensorflow-thesis-all-coverage/execution_results/tensorflow.keras.ops.adaptive_average_pool.results.json,stage4/results/tensorflow-thesis-all-coverage/failures.csv,
tensorflow,tensorflow.keras.ops.adaptive_max_pool,stage4_runtime,invalid_valid_mutation,too many values to unpack (expected 2),3a4a9882b4fe600f,stage4/results/tensorflow-thesis-all-coverage/execution_results/tensorflow.keras.ops.adaptive_max_pool.results.json,stage4/results/tensorflow-thesis-all-coverage/failures.csv,
tensorflow,tensorflow.keras.ops.adaptive_max_pool,stage4_runtime,ValueError,too many values to unpack (expected 2),52b6150c0eeb2c04,stage4/results/tensorflow-thesis-all-coverage/execution_results/tensorflow.keras.ops.adaptive_max_pool.results.json,stage4/results/tensorflow-thesis-all-coverage/failure.csv,
tensorflow,tensorflow.keras.ops.add,stage4_coverage,selected_function_low_coverage,"selected_function_line_coverage_percent=0 below threshold 60; missing_lines=[208, 209, 210, 211, 212, 213, 214, 215, 216, 217, 218, 219, 220, 221, 222, 223, 224, 225, 226, 227, 228, 229, 230, 231, 232, 233, 234, 235, 236, 237]",a772eee4a8c138e9,stage4/results/tensorflow-thesis-all-coverage/coverage_report.json,stage4/results/tensorflow-thesis-all-coverage/coverage_report.json,
tensorflow,tensorflow.keras.ops.add,stage4_coverage,selected_function_line_coverage_percent=0 < 60,selected_function_line_coverage_percent=0 < 60,ef2ceba7259cd88b,,stage4/results/tensorflow-thesis-all-coverage/low_coverage.csv,
tensorflow,tensorflow.keras.ops.all,stage4_coverage,selected_function_line_coverage_percent=0 < 60,selected_function_line_coverage_percent=0 < 60,2de1a113bfbc2157,,stage4/results/tensorflow-thesis-all-coverage/low_coverage.csv,
tensorflow,tensorflow.keras.ops.all,stage4_coverage,selected_function_low_coverage,"selected_function_line_coverage_percent=0 below threshold 60; missing_lines=[267, 268, 269, 270, 271, 272, 273, 274, 275, 276, 277, 278, 279, 280, 281, 282, 283, 284, 285, 286, 287, 288, 289, 290, 291, 292, 293, 294, 295, 296, 297, 298, 299, 300, 301]",94720b2bc9406f06,stage4/results/tensorflow-thesis-all-coverage/coverage_report.json,stage4/results/tensorflow-thesis-all-coverage/coverage_report.json,
tensorflow,tensorflow.keras.ops.angle,stage4_coverage,selected_function_low_coverage,"selected_function_line_coverage_percent=0 below threshold 60; missing_lines=[317, 318, 319, 320, 321, 322, 323, 324, 325, 326, 327, 328, 329, 330, 331, 332, 333, 334, 335, 336]",cc1dbba8b0d07d4f,stage4/results/tensorflow-thesis-all-coverage/coverage_report.json,stage4/results/tensorflow-thesis-all-coverage/coverage_report.json,
tensorflow,tensorflow.keras.ops.angle,stage4_coverage,selected_function_line_coverage_percent=0 < 60,selected_function_line_coverage_percent=0 < 60,d9dc53f08f9913e6,,stage4/results/tensorflow-thesis-all-coverage/low_coverage.csv,
tensorflow,tensorflow.keras.ops.any,stage4_coverage,selected_function_low_coverage,"selected_function_line_coverage_percent=0 below threshold 60; missing_lines=[366, 367, 368, 369, 370, 371, 372, 373, 374, 375, 376, 377, 378, 379, 380, 381, 382, 383, 384, 385, 386, 387, 388, 389, 390, 391, 392, 393, 394, 395, 396, 397, 398, 399, 400]",221ce2ff8c6cf86d,stage4/results/tensorflow-thesis-all-coverage/coverage_report.json,stage4/results/tensorflow-thesis-all-coverage/coverage_report.json,
tensorflow,tensorflow.keras.ops.any,stage4_coverage,selected_function_line_coverage_percent=0 < 60,selected_function_line_coverage_percent=0 < 60,74fd83decb028776,,stage4/results/tensorflow-thesis-all-coverage/low_coverage.csv,
tensorflow,tensorflow.keras.ops.append,stage4_coverage,selected_function_line_coverage_percent=0 < 60,selected_function_line_coverage_percent=0 < 60,7dcfbb25791627b5,,stage4/results/tensorflow-thesis-all-coverage/low_coverage.csv,
tensorflow,tensorflow.keras.ops.append,stage4_coverage,selected_function_low_coverage,"selected_function_line_coverage_percent=0 below threshold 60; missing_lines=[551, 552, 553, 554, 555, 556, 557, 558, 559, 560, 561, 562, 563, 564, 565, 566, 567, 568, 569, 570, 571, 572, 573, 574, 575, 576, 577, 578, 579, 580, 581, 582, 583, 584, 585, 586, 587, 588, 589, 590]",bc427ae35f1ea6db,stage4/results/tensorflow-thesis-all-coverage/coverage_report.json,stage4/results/tensorflow-thesis-all-coverage/coverage_report.json,
tensorflow,tensorflow.keras.ops.arccos,stage4_coverage,selected_function_line_coverage_percent=0 < 60,selected_function_line_coverage_percent=0 < 60,54ca969b42a05620,,stage4/results/tensorflow-thesis-all-coverage/low_coverage.csv,
tensorflow,tensorflow.keras.ops.arccos,stage4_coverage,selected_function_low_coverage,"selected_function_line_coverage_percent=0 below threshold 60; missing_lines=[682, 683, 684, 685, 686, 687, 688, 689, 690, 691, 692, 693, 694, 695, 696, 697, 698, 699, 700, 701, 702]",b5df78596a5091fd,stage4/results/tensorflow-thesis-all-coverage/coverage_report.json,stage4/results/tensorflow-thesis-all-coverage/coverage_report.json,
tensorflow,tensorflow.keras.ops.arccosh,stage4_coverage,selected_function_low_coverage,"selected_function_line_coverage_percent=0 below threshold 60; missing_lines=[718, 719, 720, 721, 722, 723, 724, 725, 726, 727, 728, 729, 730, 731, 732, 733, 734, 735]",0a05fca64b64a24c,stage4/results/tensorflow-thesis-all-coverage/coverage_report.json,stage4/results/tensorflow-thesis-all-coverage/coverage_report.json,
tensorflow,tensorflow.keras.ops.arccosh,stage4_coverage,selected_function_line_coverage_percent=0 < 60,selected_function_line_coverage_percent=0 < 60,fb3d48fa990268e5,,stage4/results/tensorflow-thesis-all-coverage/low_coverage.csv,
tensorflow,tensorflow.keras.ops.arcsin,stage4_coverage,selected_function_line_coverage_percent=0 < 60,selected_function_line_coverage_percent=0 < 60,52490c69ed4b77a5,,stage4/results/tensorflow-thesis-all-coverage/low_coverage.csv,
tensorflow,tensorflow.keras.ops.arcsin,stage4_coverage,selected_function_low_coverage,"selected_function_line_coverage_percent=0 below threshold 60; missing_lines=[752, 753, 754, 755, 756, 757, 758, 759, 760, 761, 762, 763, 764, 765, 766, 767, 768, 769, 770]",b68c397029b72457,stage4/results/tensorflow-thesis-all-coverage/coverage_report.json,stage4/results/tensorflow-thesis-all-coverage/coverage_report.json,
tensorflow,tensorflow.keras.ops.arcsinh,stage4_coverage,selected_function_line_coverage_percent=0 < 60,selected_function_line_coverage_percent=0 < 60,33cac08444024517,,stage4/results/tensorflow-thesis-all-coverage/low_coverage.csv,
tensorflow,tensorflow.keras.ops.arcsinh,stage4_coverage,selected_function_low_coverage,"selected_function_line_coverage_percent=0 below threshold 60; missing_lines=[787, 788, 789, 790, 791, 792, 793, 794, 795, 796, 797, 798, 799, 800, 801, 802, 803, 804]",54f443ca9ba8695d,stage4/results/tensorflow-thesis-all-coverage/coverage_report.json,stage4/results/tensorflow-thesis-all-coverage/coverage_report.json,
tensorflow,tensorflow.keras.ops.arctan,stage4_coverage,selected_function_low_coverage,"selected_function_line_coverage_percent=0 below threshold 60; missing_lines=[821, 822, 823, 824, 825, 826, 827, 828, 829, 830, 831, 832, 833, 834, 835, 836, 837, 838, 839]",85448f8187649e48,stage4/results/tensorflow-thesis-all-coverage/coverage_report.json,stage4/results/tensorflow-thesis-all-coverage/coverage_report.json,
tensorflow,tensorflow.keras.ops.arctan,stage4_coverage,selected_function_line_coverage_percent=0 < 60,selected_function_line_coverage_percent=0 < 60,d07ea9f60b61a319,,stage4/results/tensorflow-thesis-all-coverage/low_coverage.csv,
tensorflow,tensorflow.keras.ops.arctan2,stage4_coverage,selected_function_line_coverage_percent=0 < 60,selected_function_line_coverage_percent=0 < 60,18f265b5d1316477,,stage4/results/tensorflow-thesis-all-coverage/low_coverage.csv,
tensorflow,tensorflow.keras.ops.arctan2,stage4_coverage,selected_function_low_coverage,"selected_function_line_coverage_percent=0 below threshold 60; missing_lines=[860, 861, 862, 863, 864, 865, 866, 867, 868, 869, 870, 871, 872, 873, 874, 875, 876, 877, 878, 879, 880, 881, 882, 883, 884, 885, 886, 887, 888, 889, 890, 891, 892, 893, 894, 895, 896, 897, 898, 899, 900, 901]",c38bda1b20bc2c55,stage4/results/tensorflow-thesis-all-coverage/coverage_report.json,stage4/results/tensorflow-thesis-all-coverage/coverage_report.json,
tensorflow,tensorflow.keras.ops.arctanh,stage4_coverage,selected_function_line_coverage_percent=0 < 60,selected_function_line_coverage_percent=0 < 60,5a698271afd865e8,,stage4/results/tensorflow-thesis-all-coverage/low_coverage.csv,
tensorflow,tensorflow.keras.ops.arctanh,stage4_coverage,selected_function_low_coverage,"selected_function_line_coverage_percent=0 below threshold 60; missing_lines=[918, 919, 920, 921, 922, 923, 924, 925, 926, 927, 928, 929, 930]",9a72ea7e1d242ddd,stage4/results/tensorflow-thesis-all-coverage/coverage_report.json,stage4/results/tensorflow-thesis-all-coverage/coverage_report.json,
tensorflow,tensorflow.keras.ops.argmax,stage4_coverage,selected_function_low_coverage,"selected_function_line_coverage_percent=0 below threshold 60; missing_lines=[952, 953, 954, 955, 956, 957, 958, 959, 960, 961, 962, 963, 964, 965, 966, 967, 968, 969, 970, 971, 972, 973, 974, 975, 976, 977, 978, 979, 980, 981]",a9bb1d6143dd3ff0,stage4/results/tensorflow-thesis-all-coverage/coverage_report.json,stage4/results/tensorflow-thesis-all-coverage/coverage_report.json,
tensorflow,tensorflow.keras.ops.argmax,stage4_coverage,selected_function_line_coverage_percent=0 < 60,selected_function_line_coverage_percent=0 < 60,d5c5760849ad20dd,,stage4/results/tensorflow-thesis-all-coverage/low_coverage.csv,
tensorflow,tensorflow.keras.ops.argmin,stage4_coverage,selected_function_line_coverage_percent=0 < 60,selected_function_line_coverage_percent=0 < 60,9e3a64a296aa693f,,stage4/results/tensorflow-thesis-all-coverage/low_coverage.csv,
tensorflow,tensorflow.keras.ops.argmin,stage4_coverage,selected_function_low_coverage,"selected_function_line_coverage_percent=0 below threshold 60; missing_lines=[1003, 1004, 1005, 1006, 1007, 1008, 1009, 1010, 1011, 1012, 1013, 1014, 1015, 1016, 1017, 1018, 1019, 1020, 1021, 1022, 1023, 1024, 1025, 1026, 1027, 1028, 1029, 1030, 1031, 1032]",fb0c682ea4e8ce3d,stage4/results/tensorflow-thesis-all-coverage/coverage_report.json,stage4/results/tensorflow-thesis-all-coverage/coverage_report.json,
tensorflow,tensorflow.keras.ops.argsort,stage4_coverage,selected_function_low_coverage,"selected_function_line_coverage_percent=0 below threshold 60; missing_lines=[1049, 1050, 1051, 1052, 1053, 1054, 1055, 1056, 1057, 1058, 1059, 1060, 1061, 1062, 1063, 1064, 1065, 1066, 1067, 1068, 1069, 1070, 1071, 1072, 1073, 1074, 1075, 1076, 1077, 1078, 1079, 1080, 1081, 1082, 1083, 1084]",b5456f81db832a40,stage4/results/tensorflow-thesis-all-coverage/coverage_report.json,stage4/results/tensorflow-thesis-all-coverage/coverage_report.json,
tensorflow,tensorflow.keras.ops.argsort,stage4_coverage,selected_function_line_coverage_percent=0 < 60,selected_function_line_coverage_percent=0 < 60,b68c4419c6385242,,stage4/results/tensorflow-thesis-all-coverage/low_coverage.csv,
tensorflow,tensorflow.keras.ops.array,stage4_coverage,selected_function_low_coverage,"selected_function_line_coverage_percent=0 below threshold 60; missing_lines=[1104, 1105, 1106, 1107, 1108, 1109, 1110, 1111, 1112, 1113, 1114, 1115, 1116, 1117, 1118, 1119, 1120, 1121, 1122, 1123, 1124]",3e46bd2fff99b930,stage4/results/tensorflow-thesis-all-coverage/coverage_report.json,stage4/results/tensorflow-thesis-all-coverage/coverage_report.json,
tensorflow,tensorflow.keras.ops.array,stage4_coverage,selected_function_line_coverage_percent=0 < 60,selected_function_line_coverage_percent=0 < 60,aaa56013000a507d,,stage4/results/tensorflow-thesis-all-coverage/low_coverage.csv,
tensorflow,tensorflow.keras.ops.average_pool,stage4_runtime,ValueError,"ksize should be of length 1, 2 or 4. Received: ksize=[1, 1, 1] of length 3",1012762f13874cf3,stage4/results/tensorflow-thesis-all-coverage/execution_results/tensorflow.keras.ops.average_pool.results.json,stage4/results/tensorflow-thesis-all-coverage/failure.csv,
tensorflow,tensorflow.keras.ops.average_pool,stage4_runtime,invalid_valid_mutation,"ksize should be of length 1, 2 or 4. Received: ksize=[1, 1, 1] of length 3",c0c335d081565a49,stage4/results/tensorflow-thesis-all-coverage/execution_results/tensorflow.keras.ops.average_pool.results.json,stage4/results/tensorflow-thesis-all-coverage/failures.csv,
tensorflow,tensorflow.keras.ops.bartlett,stage4_coverage,selected_function_low_coverage,"selected_function_line_coverage_percent=0 below threshold 60; missing_lines=[1300, 1301, 1302, 1303, 1304, 1305, 1306, 1307, 1308, 1309, 1310, 1311, 1312, 1313, 1314, 1315, 1316, 1317, 1318]",3bd192ea74f88e84,stage4/results/tensorflow-thesis-all-coverage/coverage_report.json,stage4/results/tensorflow-thesis-all-coverage/coverage_report.json,
tensorflow,tensorflow.keras.ops.bartlett,stage4_coverage,selected_function_line_coverage_percent=0 < 60,selected_function_line_coverage_percent=0 < 60,e729129953374492,,stage4/results/tensorflow-thesis-all-coverage/low_coverage.csv,
tensorflow,tensorflow.keras.ops.bincount,stage4_coverage,selected_function_low_coverage,"selected_function_line_coverage_percent=0 below threshold 60; missing_lines=[1490, 1491, 1492, 1493, 1494, 1495, 1496, 1497, 1498, 1499, 1500, 1501, 1502, 1503, 1504, 1505, 1506, 1507, 1508, 1509, 1510, 1511, 1512, 1513, 1514, 1515, 1516, 1517, 1518, 1519, 1520, 1521, 1522, 1523, 1524, 1525, 1526, 1527, 1528, 1529, 1530, 1531, 1532, 1533, 1534]",7275ab0688333511,stage4/results/tensorflow-thesis-all-coverage/coverage_report.json,stage4/results/tensorflow-thesis-all-coverage/coverage_report.json,
tensorflow,tensorflow.keras.ops.bincount,stage4_coverage,selected_function_line_coverage_percent=0 < 60,selected_function_line_coverage_percent=0 < 60,d77667801bed9c3f,,stage4/results/tensorflow-thesis-all-coverage/low_coverage.csv,
tensorflow,tensorflow.keras.ops.bitwise_and,stage4_coverage,selected_function_low_coverage,"selected_function_line_coverage_percent=0 below threshold 60; missing_lines=[1546, 1547, 1548, 1549, 1550, 1551, 1552, 1553, 1554, 1555, 1556, 1557, 1558, 1559, 1560, 1561, 1562, 1563]",3e39d6b17866da3e,stage4/results/tensorflow-thesis-all-coverage/coverage_report.json,stage4/results/tensorflow-thesis-all-coverage/coverage_report.json,
tensorflow,tensorflow.keras.ops.bitwise_and,stage4_coverage,selected_function_line_coverage_percent=0 < 60,selected_function_line_coverage_percent=0 < 60,6ef21c66bb450323,,stage4/results/tensorflow-thesis-all-coverage/low_coverage.csv,
tensorflow,tensorflow.keras.ops.bitwise_left_shift,stage4_coverage,selected_function_line_coverage_percent=0 < 60,selected_function_line_coverage_percent=0 < 60,98545b4cf9b1b7ed,,stage4/results/tensorflow-thesis-all-coverage/low_coverage.csv,
tensorflow,tensorflow.keras.ops.bitwise_left_shift,stage4_coverage,selected_function_low_coverage,"selected_function_line_coverage_percent=0 below threshold 60; missing_lines=[1690, 1691, 1692, 1693, 1694, 1695, 1696, 1697, 1698, 1699, 1700, 1701, 1702, 1703, 1704, 1705, 1706, 1707, 1708, 1709]",9a348afa284aa35c,stage4/results/tensorflow-thesis-all-coverage/coverage_report.json,stage4/results/tensorflow-thesis-all-coverage/coverage_report.json,
tensorflow,tensorflow.keras.ops.bitwise_not,stage4_coverage,selected_function_line_coverage_percent=0 < 60,selected_function_line_coverage_percent=0 < 60,27d59f66c4f858b1,,stage4/results/tensorflow-thesis-all-coverage/low_coverage.csv,
tensorflow,tensorflow.keras.ops.bitwise_not,stage4_coverage,selected_function_low_coverage,"selected_function_line_coverage_percent=0 below threshold 60; missing_lines=[1601, 1602, 1603, 1604, 1605, 1606, 1607, 1608, 1609, 1610, 1611, 1612, 1613, 1614, 1615, 1616, 1617]",b4305003b5defa90,stage4/results/tensorflow-thesis-all-coverage/coverage_report.json,stage4/results/tensorflow-thesis-all-coverage/coverage_report.json,
tensorflow,tensorflow.keras.ops.bitwise_or,stage4_coverage,selected_function_low_coverage,"selected_function_line_coverage_percent=0 below threshold 60; missing_lines=[1629, 1630, 1631, 1632, 1633, 1634, 1635, 1636, 1637, 1638, 1639, 1640, 1641, 1642, 1643, 1644, 1645, 1646]",4e02e28bc4749faf,stage4/results/tensorflow-thesis-all-coverage/coverage_report.json,stage4/results/tensorflow-thesis-all-coverage/coverage_report.json,
tensorflow,tensorflow.keras.ops.bitwise_or,stage4_coverage,selected_function_line_coverage_percent=0 < 60,selected_function_line_coverage_percent=0 < 60,f9b9edf95121f3a1,,stage4/results/tensorflow-thesis-all-coverage/low_coverage.csv,
tensorflow,tensorflow.keras.ops.bitwise_right_shift,stage4_coverage,selected_function_low_coverage,"selected_function_line_coverage_percent=0 below threshold 60; missing_lines=[1756, 1757, 1758, 1759, 1760, 1761, 1762, 1763, 1764, 1765, 1766, 1767, 1768, 1769, 1770, 1771, 1772, 1773, 1774, 1775]",1ef66881b5767efa,stage4/results/tensorflow-thesis-all-coverage/coverage_report.json,stage4/results/tensorflow-thesis-all-coverage/coverage_report.json,
tensorflow,tensorflow.keras.ops.bitwise_right_shift,stage4_coverage,selected_function_line_coverage_percent=0 < 60,selected_function_line_coverage_percent=0 < 60,27ecfb85cbc96864,,stage4/results/tensorflow-thesis-all-coverage/low_coverage.csv,
tensorflow,tensorflow.keras.ops.bitwise_xor,stage4_coverage,selected_function_line_coverage_percent=0 < 60,selected_function_line_coverage_percent=0 < 60,77e028e8e77757ef,,stage4/results/tensorflow-thesis-all-coverage/low_coverage.csv,
tensorflow,tensorflow.keras.ops.bitwise_xor,stage4_coverage,selected_function_low_coverage,"selected_function_line_coverage_percent=0 below threshold 60; missing_lines=[1658, 1659, 1660, 1661, 1662, 1663, 1664, 1665, 1666, 1667, 1668, 1669, 1670, 1671, 1672, 1673, 1674, 1675]",b56b0523839d028f,stage4/results/tensorflow-thesis-all-coverage/coverage_report.json,stage4/results/tensorflow-thesis-all-coverage/coverage_report.json,
tensorflow,tensorflow.keras.ops.blackman,stage4_coverage,selected_function_line_coverage_percent=0 < 60,selected_function_line_coverage_percent=0 < 60,50aa0395b208c58e,,stage4/results/tensorflow-thesis-all-coverage/low_coverage.csv,
tensorflow,tensorflow.keras.ops.blackman,stage4_coverage,selected_function_low_coverage,"selected_function_line_coverage_percent=0 below threshold 60; missing_lines=[1818, 1819, 1820, 1821, 1822, 1823, 1824, 1825, 1826, 1827, 1828, 1829, 1830, 1831, 1832, 1833, 1834, 1835, 1836, 1837]",b01c9c3352d79f9b,stage4/results/tensorflow-thesis-all-coverage/coverage_report.json,stage4/results/tensorflow-thesis-all-coverage/coverage_report.json,
tensorflow,tensorflow.keras.ops.broadcast_to,stage4_coverage,selected_function_low_coverage,"selected_function_line_coverage_percent=0 below threshold 60; missing_lines=[1854, 1855, 1856, 1857, 1858, 1859, 1860, 1861, 1862, 1863, 1864, 1865, 1866, 1867, 1868, 1869, 1870, 1871, 1872, 1873, 1874, 1875, 1876, 1877, 1878, 1879, 1880]",5a16e9a910972f99,stage4/results/tensorflow-thesis-all-coverage/coverage_report.json,stage4/results/tensorflow-thesis-all-coverage/coverage_report.json,
tensorflow,tensorflow.keras.ops.broadcast_to,stage4_coverage,selected_function_line_coverage_percent=0 < 60,selected_function_line_coverage_percent=0 < 60,fc78020b3fb4e851,,stage4/results/tensorflow-thesis-all-coverage/low_coverage.csv,
tensorflow,tensorflow.keras.ops.cast,stage4_coverage,selected_function_line_coverage_percent=0 < 60,selected_function_line_coverage_percent=0 < 60,5f5592b17c8e962b,,stage4/results/tensorflow-thesis-all-coverage/low_coverage.csv,
tensorflow,tensorflow.keras.ops.cast,stage4_coverage,selected_function_low_coverage,"selected_function_line_coverage_percent=0 below threshold 60; missing_lines=[818, 819, 820, 821, 822, 823, 824, 825, 826, 827, 828, 829, 830, 831, 832, 833, 834, 835, 836]",b46c17878df8044f,stage4/results/tensorflow-thesis-all-coverage/coverage_report.json,stage4/results/tensorflow-thesis-all-coverage/coverage_report.json,
tensorflow,tensorflow.keras.ops.cbrt,stage4_coverage,selected_function_line_coverage_percent=0 < 60,selected_function_line_coverage_percent=0 < 60,0dff113660ebd67d,,stage4/results/tensorflow-thesis-all-coverage/low_coverage.csv,
tensorflow,tensorflow.keras.ops.cbrt,stage4_coverage,selected_function_low_coverage,"selected_function_line_coverage_percent=0 below threshold 60; missing_lines=[1905, 1906, 1907, 1908, 1909, 1910, 1911, 1912, 1913, 1914, 1915, 1916, 1917, 1918, 1919, 1920]",d61ec4e41d75ccaf,stage4/results/tensorflow-thesis-all-coverage/coverage_report.json,stage4/results/tensorflow-thesis-all-coverage/coverage_report.json,
tensorflow,tensorflow.keras.ops.ceil,stage4_coverage,selected_function_low_coverage,"selected_function_line_coverage_percent=0 below threshold 60; missing_lines=[1936, 1937, 1938, 1939, 1940, 1941, 1942, 1943, 1944, 1945, 1946, 1947, 1948, 1949, 1950, 1951]",21f27f7ad796e99b,stage4/results/tensorflow-thesis-all-coverage/coverage_report.json,stage4/results/tensorflow-thesis-all-coverage/coverage_report.json,
tensorflow,tensorflow.keras.ops.ceil,stage4_coverage,selected_function_line_coverage_percent=0 < 60,selected_function_line_coverage_percent=0 < 60,e6c51acc9a89dfcc,,stage4/results/tensorflow-thesis-all-coverage/low_coverage.csv,
tensorflow,tensorflow.keras.ops.cholesky,stage4_coverage,selected_function_low_coverage,"selected_function_line_coverage_percent=0 below threshold 60; missing_lines=[24, 25, 26, 27, 28, 29, 30, 31, 32, 33, 34, 35, 36, 37]",2282eeea6f837d1f,stage4/results/tensorflow-thesis-all-coverage/coverage_report.json,stage4/results/tensorflow-thesis-all-coverage/coverage_report.json,
tensorflow,tensorflow.keras.ops.cholesky,stage4_coverage,selected_function_line_coverage_percent=0 < 60,selected_function_line_coverage_percent=0 < 60,6c435d098c9b40a6,,stage4/results/tensorflow-thesis-all-coverage/low_coverage.csv,
tensorflow,tensorflow.keras.ops.cholesky,stage4_runtime,ValueError,Cholesky decomposition failed: {{function_node __wrapped__CheckNumerics_device_/job:localhost/replica:0/task:0/device:CPU:0}} Cholesky : Tensor had NaN values [Op:CheckNumerics] name:,7d56ab385fb88658,stage4/results/tensorflow-thesis-all-coverage/execution_results/tensorflow.keras.ops.cholesky.results.json,stage4/results/tensorflow-thesis-all-coverage/failure.csv,
tensorflow,tensorflow.keras.ops.cholesky,stage4_runtime,invalid_valid_mutation,Cholesky decomposition failed: {{function_node __wrapped__CheckNumerics_device_/job:localhost/replica:0/task:0/device:CPU:0}} Cholesky : Tensor had NaN values [Op:CheckNumerics] name:,88e051bf46dcd2df,stage4/results/tensorflow-thesis-all-coverage/execution_results/tensorflow.keras.ops.cholesky.results.json,stage4/results/tensorflow-thesis-all-coverage/failures.csv,
tensorflow,tensorflow.keras.ops.conjugate,stage4_coverage,selected_function_low_coverage,"selected_function_line_coverage_percent=0 below threshold 60; missing_lines=[2057, 2058, 2059, 2060, 2061, 2062, 2063, 2064, 2065, 2066, 2067, 2068, 2069, 2070, 2071, 2072, 2073, 2074]",be770c14f71a5089,stage4/results/tensorflow-thesis-all-coverage/coverage_report.json,stage4/results/tensorflow-thesis-all-coverage/coverage_report.json,
tensorflow,tensorflow.keras.ops.conjugate,stage4_coverage,selected_function_line_coverage_percent=0 < 60,selected_function_line_coverage_percent=0 < 60,e68c70212bfcacf8,,stage4/results/tensorflow-thesis-all-coverage/low_coverage.csv,
tensorflow,tensorflow.keras.ops.convert_to_numpy,stage4_coverage,selected_function_line_coverage_percent=0 < 60,selected_function_line_coverage_percent=0 < 60,1802913a6e7528b3,,stage4/results/tensorflow-thesis-all-coverage/low_coverage.csv,
tensorflow,tensorflow.keras.ops.convert_to_numpy,stage4_coverage,selected_function_low_coverage,"selected_function_line_coverage_percent=0 below threshold 60; missing_lines=[1004, 1005, 1006, 1007, 1008, 1009, 1010, 1011, 1012, 1013, 1014, 1015, 1016, 1017, 1018]",f3496a3ea15ba619,stage4/results/tensorflow-thesis-all-coverage/coverage_report.json,stage4/results/tensorflow-thesis-all-coverage/coverage_report.json,
tensorflow,tensorflow.keras.ops.correlate,stage4_coverage,selected_function_line_coverage_percent=0 < 60,selected_function_line_coverage_percent=0 < 60,4ad4cb64caf25d7d,,stage4/results/tensorflow-thesis-all-coverage/low_coverage.csv,
tensorflow,tensorflow.keras.ops.correlate,stage4_coverage,selected_function_low_coverage,"selected_function_line_coverage_percent=0 below threshold 60; missing_lines=[7673, 7674, 7675, 7676, 7677, 7678, 7679, 7680, 7681, 7682, 7683, 7684, 7685, 7686, 7687, 7688, 7689, 7690, 7691, 7692]",fffabd367eecefbd,stage4/results/tensorflow-thesis-all-coverage/coverage_report.json,stage4/results/tensorflow-thesis-all-coverage/coverage_report.json,
tensorflow,tensorflow.keras.ops.cos,stage4_coverage,selected_function_line_coverage_percent=0 < 60,selected_function_line_coverage_percent=0 < 60,05ee332eacabb211,,stage4/results/tensorflow-thesis-all-coverage/low_coverage.csv,
tensorflow,tensorflow.keras.ops.cos,stage4_coverage,selected_function_low_coverage,"selected_function_line_coverage_percent=0 below threshold 60; missing_lines=[2124, 2125, 2126, 2127, 2128, 2129, 2130, 2131, 2132, 2133, 2134, 2135, 2136]",101ebf858f397f9f,stage4/results/tensorflow-thesis-all-coverage/coverage_report.json,stage4/results/tensorflow-thesis-all-coverage/coverage_report.json,
tensorflow,tensorflow.keras.ops.cosh,stage4_coverage,selected_function_line_coverage_percent=0 < 60,selected_function_line_coverage_percent=0 < 60,bee118379615b134,,stage4/results/tensorflow-thesis-all-coverage/low_coverage.csv,
tensorflow,tensorflow.keras.ops.cosh,stage4_coverage,selected_function_low_coverage,"selected_function_line_coverage_percent=0 below threshold 60; missing_lines=[2152, 2153, 2154, 2155, 2156, 2157, 2158, 2159, 2160, 2161, 2162, 2163, 2164]",f9f9f17a665caed8,stage4/results/tensorflow-thesis-all-coverage/coverage_report.json,stage4/results/tensorflow-thesis-all-coverage/coverage_report.json,
tensorflow,tensorflow.keras.ops.count_nonzero,stage4_coverage,selected_function_line_coverage_percent=0 < 60,selected_function_line_coverage_percent=0 < 60,19bad1a01af8f194,,stage4/results/tensorflow-thesis-all-coverage/low_coverage.csv,
tensorflow,tensorflow.keras.ops.count_nonzero,stage4_coverage,selected_function_low_coverage,"selected_function_line_coverage_percent=0 below threshold 60; missing_lines=[2185, 2186, 2187, 2188, 2189, 2190, 2191, 2192, 2193, 2194, 2195, 2196, 2197, 2198, 2199, 2200, 2201, 2202, 2203, 2204, 2205, 2206, 2207, 2208, 2209, 2210, 2211, 2212, 2213, 2214, 2215]",9a5392d710db3848,stage4/results/tensorflow-thesis-all-coverage/coverage_report.json,stage4/results/tensorflow-thesis-all-coverage/coverage_report.json,
tensorflow,tensorflow.keras.ops.cumprod,stage4_coverage,selected_function_low_coverage,"selected_function_line_coverage_percent=0 below threshold 60; missing_lines=[2343, 2344, 2345, 2346, 2347, 2348, 2349, 2350, 2351, 2352, 2353, 2354, 2355, 2356]",4a199d18ffa4173a,stage4/results/tensorflow-thesis-all-coverage/coverage_report.json,stage4/results/tensorflow-thesis-all-coverage/coverage_report.json,
tensorflow,tensorflow.keras.ops.cumprod,stage4_coverage,selected_function_line_coverage_percent=0 < 60,selected_function_line_coverage_percent=0 < 60,760b47bad5667aa0,,stage4/results/tensorflow-thesis-all-coverage/low_coverage.csv,
tensorflow,tensorflow.keras.ops.cumsum,stage4_coverage,selected_function_line_coverage_percent=0 < 60,selected_function_line_coverage_percent=0 < 60,5324bb27a9418078,,stage4/results/tensorflow-thesis-all-coverage/low_coverage.csv,
tensorflow,tensorflow.keras.ops.cumsum,stage4_coverage,selected_function_low_coverage,"selected_function_line_coverage_percent=0 below threshold 60; missing_lines=[2386, 2387, 2388, 2389, 2390, 2391, 2392, 2393, 2394, 2395, 2396, 2397, 2398, 2399]",ae8bc1751c6528ac,stage4/results/tensorflow-thesis-all-coverage/coverage_report.json,stage4/results/tensorflow-thesis-all-coverage/coverage_report.json,
tensorflow,tensorflow.keras.ops.diagflat,stage4_coverage,selected_function_line_coverage_percent=0 < 60,selected_function_line_coverage_percent=0 < 60,0002b580f4e8b1d5,,stage4/results/tensorflow-thesis-all-coverage/low_coverage.csv,
tensorflow,tensorflow.keras.ops.diagflat,stage4_coverage,selected_function_low_coverage,"selected_function_line_coverage_percent=0 below threshold 60; missing_lines=[2553, 2554, 2555, 2556, 2557, 2558, 2559, 2560, 2561, 2562, 2563, 2564, 2565, 2566, 2567, 2568, 2569]",1e4aab9220b3dcac,stage4/results/tensorflow-thesis-all-coverage/coverage_report.json,stage4/results/tensorflow-thesis-all-coverage/coverage_report.json,
tensorflow,tensorflow.keras.ops.diagonal,stage4_coverage,selected_function_low_coverage,"selected_function_line_coverage_percent=0 below threshold 60; missing_lines=[2614, 2615, 2616, 2617, 2618, 2619, 2620, 2621, 2622, 2623, 2624, 2625, 2626, 2627, 2628, 2629, 2630, 2631, 2632, 2633, 2634, 2635, 2636, 2637, 2638, 2639, 2640, 2641, 2642, 2643, 2644, 2645, 2646, 2647, 2648, 2649, 2650, 2651, 2652, 2653, 2654, 2655, 2656, 2657, 2658, 2659, 2660, 2661, 2662, 2663, 2664, 2665, 2666, 2667, 2668, 2669, 2670, 2671, 2672, 2673]",ef0b0bc1c4c8c499,stage4/results/tensorflow-thesis-all-coverage/coverage_report.json,stage4/results/tensorflow-thesis-all-coverage/coverage_report.json,
tensorflow,tensorflow.keras.ops.diagonal,stage4_coverage,selected_function_line_coverage_percent=0 < 60,selected_function_line_coverage_percent=0 < 60,fd025fe854090898,,stage4/results/tensorflow-thesis-all-coverage/low_coverage.csv,
tensorflow,tensorflow.keras.ops.divide,stage4_coverage,selected_function_line_coverage_percent=0 < 60,selected_function_line_coverage_percent=0 < 60,b5a4bdceba664eba,,stage4/results/tensorflow-thesis-all-coverage/low_coverage.csv,
tensorflow,tensorflow.keras.ops.divide,stage4_coverage,selected_function_low_coverage,"selected_function_line_coverage_percent=0 below threshold 60; missing_lines=[6959, 6960, 6961, 6962, 6963, 6964, 6965, 6966, 6967, 6968, 6969, 6970, 6971, 6972, 6973, 6974]",c670a66dd8b80f05,stage4/results/tensorflow-thesis-all-coverage/coverage_report.json,stage4/results/tensorflow-thesis-all-coverage/coverage_report.json,
tensorflow,tensorflow.keras.ops.empty,stage4_coverage,selected_function_low_coverage,"selected_function_line_coverage_percent=0 below threshold 60; missing_lines=[3103, 3104, 3105, 3106, 3107, 3108, 3109, 3110, 3111, 3112, 3113, 3114]",3e188760076784d3,stage4/results/tensorflow-thesis-all-coverage/coverage_report.json,stage4/results/tensorflow-thesis-all-coverage/coverage_report.json,
tensorflow,tensorflow.keras.ops.empty,stage4_coverage,selected_function_line_coverage_percent=0 < 60,selected_function_line_coverage_percent=0 < 60,5702993919868a03,,stage4/results/tensorflow-thesis-all-coverage/low_coverage.csv,
tensorflow,tensorflow.keras.ops.equal,stage4_coverage,selected_function_line_coverage_percent=0 < 60,selected_function_line_coverage_percent=0 < 60,0a1249612c059430,,stage4/results/tensorflow-thesis-all-coverage/low_coverage.csv,
tensorflow,tensorflow.keras.ops.equal,stage4_coverage,selected_function_low_coverage,"selected_function_line_coverage_percent=0 below threshold 60; missing_lines=[3170, 3171, 3172, 3173, 3174, 3175, 3176, 3177, 3178, 3179, 3180, 3181, 3182, 3183]",a186e7ad14971a81,stage4/results/tensorflow-thesis-all-coverage/coverage_report.json,stage4/results/tensorflow-thesis-all-coverage/coverage_report.json,
tensorflow,tensorflow.keras.ops.erf,stage4_coverage,selected_function_low_coverage,"selected_function_line_coverage_percent=0 below threshold 60; missing_lines=[965, 966, 967, 968, 969, 970, 971, 972, 973, 974, 975, 976, 977, 978, 979, 980, 981, 982, 983, 984]",63efad1849407268,stage4/results/tensorflow-thesis-all-coverage/coverage_report.json,stage4/results/tensorflow-thesis-all-coverage/coverage_report.json,
tensorflow,tensorflow.keras.ops.erf,stage4_coverage,selected_function_line_coverage_percent=0 < 60,selected_function_line_coverage_percent=0 < 60,fe3aee68905c5e9c,,stage4/results/tensorflow-thesis-all-coverage/low_coverage.csv,
tensorflow,tensorflow.keras.ops.erfinv,stage4_coverage,selected_function_line_coverage_percent=0 < 60,selected_function_line_coverage_percent=0 < 60,540488886950a99d,,stage4/results/tensorflow-thesis-all-coverage/low_coverage.csv,
tensorflow,tensorflow.keras.ops.erfinv,stage4_coverage,selected_function_low_coverage,"selected_function_line_coverage_percent=0 below threshold 60; missing_lines=[995, 996, 997, 998, 999, 1000, 1001, 1002, 1003, 1004, 1005, 1006, 1007, 1008, 1009, 1010, 1011, 1012, 1013, 1014]",94eba065ec2c4c03,stage4/results/tensorflow-thesis-all-coverage/coverage_report.json,stage4/results/tensorflow-thesis-all-coverage/coverage_report.json,
tensorflow,tensorflow.keras.ops.exp,stage4_coverage,selected_function_low_coverage,"selected_function_line_coverage_percent=0 below threshold 60; missing_lines=[3197, 3198, 3199, 3200, 3201, 3202, 3203, 3204, 3205, 3206, 3207, 3208, 3209]",5a91b78c333cc6b5,stage4/results/tensorflow-thesis-all-coverage/coverage_report.json,stage4/results/tensorflow-thesis-all-coverage/coverage_report.json,
tensorflow,tensorflow.keras.ops.exp,stage4_coverage,selected_function_line_coverage_percent=0 < 60,selected_function_line_coverage_percent=0 < 60,ba4adff4a9bc3a22,,stage4/results/tensorflow-thesis-all-coverage/low_coverage.csv,
tensorflow,tensorflow.keras.ops.exp2,stage4_coverage,selected_function_line_coverage_percent=0 < 60,selected_function_line_coverage_percent=0 < 60,1fdc49d7bf8cf984,,stage4/results/tensorflow-thesis-all-coverage/low_coverage.csv,
tensorflow,tensorflow.keras.ops.exp2,stage4_coverage,selected_function_low_coverage,"selected_function_line_coverage_percent=0 below threshold 60; missing_lines=[3223, 3224, 3225, 3226, 3227, 3228, 3229, 3230, 3231, 3232, 3233, 3234, 3235]",f64c3e89e8262650,stage4/results/tensorflow-thesis-all-coverage/coverage_report.json,stage4/results/tensorflow-thesis-all-coverage/coverage_report.json,
tensorflow,tensorflow.keras.ops.extract_sequences,stage4_coverage,selected_function_line_coverage_percent=0 < 60,selected_function_line_coverage_percent=0 < 60,1b42d2e81336fbdb,,stage4/results/tensorflow-thesis-all-coverage/low_coverage.csv,
tensorflow,tensorflow.keras.ops.extract_sequences,stage4_coverage,selected_function_low_coverage,"selected_function_line_coverage_percent=0 below threshold 60; missing_lines=[295, 296, 297, 298, 299, 300, 301, 302, 303, 304, 305, 306, 307, 308, 309, 310, 311, 312, 313, 314, 315, 316, 317, 318, 319, 320, 321, 322, 323, 324, 325, 326, 327]",e21b8aac0c888e0a,stage4/results/tensorflow-thesis-all-coverage/coverage_report.json,stage4/results/tensorflow-thesis-all-coverage/coverage_report.json,
tensorflow,tensorflow.keras.ops.flip,stage4_coverage,selected_function_low_coverage,"selected_function_line_coverage_percent=0 below threshold 60; missing_lines=[3322, 3323, 3324, 3325, 3326, 3327, 3328, 3329, 3330, 3331, 3332, 3333, 3334, 3335, 3336, 3337, 3338]",53b3a95bd6209b36,stage4/results/tensorflow-thesis-all-coverage/coverage_report.json,stage4/results/tensorflow-thesis-all-coverage/coverage_report.json,
tensorflow,tensorflow.keras.ops.flip,stage4_coverage,selected_function_line_coverage_percent=0 < 60,selected_function_line_coverage_percent=0 < 60,e73f2c13b2cd0f9f,,stage4/results/tensorflow-thesis-all-coverage/low_coverage.csv,
tensorflow,tensorflow.keras.ops.floor,stage4_coverage,selected_function_low_coverage,"selected_function_line_coverage_percent=0 below threshold 60; missing_lines=[3355, 3356, 3357, 3358, 3359, 3360, 3361, 3362, 3363, 3364, 3365, 3366, 3367, 3368, 3369]",5b5ed58c000d2aa5,stage4/results/tensorflow-thesis-all-coverage/coverage_report.json,stage4/results/tensorflow-thesis-all-coverage/coverage_report.json,
tensorflow,tensorflow.keras.ops.floor,stage4_coverage,selected_function_line_coverage_percent=0 < 60,selected_function_line_coverage_percent=0 < 60,934822d8e650b5bf,,stage4/results/tensorflow-thesis-all-coverage/low_coverage.csv,
tensorflow,tensorflow.keras.ops.gcd,stage4_coverage,selected_function_line_coverage_percent=0 < 60,selected_function_line_coverage_percent=0 < 60,164d4d6264677552,,stage4/results/tensorflow-thesis-all-coverage/low_coverage.csv,
tensorflow,tensorflow.keras.ops.gcd,stage4_coverage,selected_function_low_coverage,"selected_function_line_coverage_percent=0 below threshold 60; missing_lines=[3452, 3453, 3454, 3455, 3456, 3457, 3458, 3459, 3460, 3461, 3462, 3463, 3464, 3465]",bcbd5f800d37f44c,stage4/results/tensorflow-thesis-all-coverage/coverage_report.json,stage4/results/tensorflow-thesis-all-coverage/coverage_report.json,
tensorflow,tensorflow.keras.ops.greater,stage4_coverage,selected_function_low_coverage,"selected_function_line_coverage_percent=0 below threshold 60; missing_lines=[3560, 3561, 3562, 3563, 3564, 3565, 3566, 3567, 3568, 3569, 3570, 3571, 3572, 3573]",139187dfb97c1021,stage4/results/tensorflow-thesis-all-coverage/coverage_report.json,stage4/results/tensorflow-thesis-all-coverage/coverage_report.json,
tensorflow,tensorflow.keras.ops.greater,stage4_coverage,selected_function_line_coverage_percent=0 < 60,selected_function_line_coverage_percent=0 < 60,78a5ff75f253eb1b,,stage4/results/tensorflow-thesis-all-coverage/low_coverage.csv,
tensorflow,tensorflow.keras.ops.greater_equal,stage4_coverage,selected_function_low_coverage,"selected_function_line_coverage_percent=0 below threshold 60; missing_lines=[3587, 3588, 3589, 3590, 3591, 3592, 3593, 3594, 3595, 3596, 3597, 3598, 3599, 3600, 3601, 3602, 3603, 3604, 3605]",fa2a886eada88194,stage4/results/tensorflow-thesis-all-coverage/coverage_report.json,stage4/results/tensorflow-thesis-all-coverage/coverage_report.json,
tensorflow,tensorflow.keras.ops.greater_equal,stage4_coverage,selected_function_line_coverage_percent=0 < 60,selected_function_line_coverage_percent=0 < 60,fc8007c2c00a89c3,,stage4/results/tensorflow-thesis-all-coverage/low_coverage.csv,
tensorflow,tensorflow.keras.ops.hamming,stage4_coverage,selected_function_line_coverage_percent=0 < 60,selected_function_line_coverage_percent=0 < 60,706a0a97536aa075,,stage4/results/tensorflow-thesis-all-coverage/low_coverage.csv,
tensorflow,tensorflow.keras.ops.hamming,stage4_coverage,selected_function_low_coverage,"selected_function_line_coverage_percent=0 below threshold 60; missing_lines=[1329, 1330, 1331, 1332, 1333, 1334, 1335, 1336, 1337, 1338, 1339, 1340, 1341, 1342, 1343, 1344, 1345, 1346, 1347, 1348, 1349]",dc48d3c56afb972f,stage4/results/tensorflow-thesis-all-coverage/coverage_report.json,stage4/results/tensorflow-thesis-all-coverage/coverage_report.json,
tensorflow,tensorflow.keras.ops.hanning,stage4_coverage,selected_function_line_coverage_percent=0 < 60,selected_function_line_coverage_percent=0 < 60,4ef24338188ebb29,,stage4/results/tensorflow-thesis-all-coverage/low_coverage.csv,
tensorflow,tensorflow.keras.ops.hanning,stage4_coverage,selected_function_low_coverage,"selected_function_line_coverage_percent=0 below threshold 60; missing_lines=[1360, 1361, 1362, 1363, 1364, 1365, 1366, 1367, 1368, 1369, 1370, 1371, 1372, 1373, 1374, 1375, 1376, 1377, 1378, 1379, 1380]",9ac63367f25c75b1,stage4/results/tensorflow-thesis-all-coverage/coverage_report.json,stage4/results/tensorflow-thesis-all-coverage/coverage_report.json,
tensorflow,tensorflow.keras.ops.heaviside,stage4_coverage,selected_function_line_coverage_percent=0 < 60,selected_function_line_coverage_percent=0 < 60,35dd29f17cf1fd47,,stage4/results/tensorflow-thesis-all-coverage/low_coverage.csv,
tensorflow,tensorflow.keras.ops.heaviside,stage4_coverage,selected_function_low_coverage,"selected_function_line_coverage_percent=0 below threshold 60; missing_lines=[1396, 1397, 1398, 1399, 1400, 1401, 1402, 1403, 1404, 1405, 1406, 1407, 1408, 1409, 1410, 1411, 1412, 1413, 1414, 1415, 1416, 1417, 1418]",6c92727981943541,stage4/results/tensorflow-thesis-all-coverage/coverage_report.json,stage4/results/tensorflow-thesis-all-coverage/coverage_report.json,
tensorflow,tensorflow.keras.ops.histogram,stage4_coverage,selected_function_low_coverage,"selected_function_line_coverage_percent=0 below threshold 60; missing_lines=[7864, 7865, 7866, 7867, 7868, 7869, 7870, 7871, 7872, 7873, 7874, 7875, 7876, 7877, 7878, 7879, 7880, 7881, 7882, 7883, 7884, 7885, 7886, 7887, 7888, 7889, 7890, 7891, 7892, 7893, 7894, 7895, 7896, 7897, 7898, 7899, 7900, 7901, 7902, 7903, 7904, 7905, 7906, 7907, 7908, 7909, 7910, 7911, 7912, 7913, 7914, 7915, 7916, 7917, 7918, 7919, 7920]",093e1dd6059c5d79,stage4/results/tensorflow-thesis-all-coverage/coverage_report.json,stage4/results/tensorflow-thesis-all-coverage/coverage_report.json,
tensorflow,tensorflow.keras.ops.histogram,stage4_coverage,selected_function_line_coverage_percent=0 < 60,selected_function_line_coverage_percent=0 < 60,b5a456ffabbe5da3,,stage4/results/tensorflow-thesis-all-coverage/low_coverage.csv,
tensorflow,tensorflow.keras.ops.hstack,stage4_coverage,selected_function_low_coverage,"selected_function_line_coverage_percent=0 below threshold 60; missing_lines=[3635, 3636, 3637, 3638, 3639, 3640, 3641, 3642, 3643, 3644, 3645, 3646, 3647, 3648, 3649, 3650]",7f1c5bb5377f116b,stage4/results/tensorflow-thesis-all-coverage/coverage_report.json,stage4/results/tensorflow-thesis-all-coverage/coverage_report.json,
tensorflow,tensorflow.keras.ops.hstack,stage4_coverage,selected_function_line_coverage_percent=0 < 60,selected_function_line_coverage_percent=0 < 60,b7efacef5fd0acae,,stage4/results/tensorflow-thesis-all-coverage/low_coverage.csv,
tensorflow,tensorflow.keras.ops.hypot,stage4_coverage,selected_function_low_coverage,"selected_function_line_coverage_percent=0 below threshold 60; missing_lines=[3666, 3667, 3668, 3669, 3670, 3671, 3672, 3673, 3674, 3675, 3676, 3677, 3678, 3679, 3680, 3681, 3682, 3683, 3684, 3685, 3686, 3687, 3688, 3689, 3690, 3691, 3692, 3693, 3694]",1e6526c952e7bac9,stage4/results/tensorflow-thesis-all-coverage/coverage_report.json,stage4/results/tensorflow-thesis-all-coverage/coverage_report.json,
tensorflow,tensorflow.keras.ops.hypot,stage4_coverage,selected_function_line_coverage_percent=0 < 60,selected_function_line_coverage_percent=0 < 60,92f3b095b7b7873e,,stage4/results/tensorflow-thesis-all-coverage/low_coverage.csv,
tensorflow,tensorflow.keras.ops.identity,stage4_coverage,selected_function_line_coverage_percent=0 < 60,selected_function_line_coverage_percent=0 < 60,2c038e3d115e1f6b,,stage4/results/tensorflow-thesis-all-coverage/low_coverage.csv,
tensorflow,tensorflow.keras.ops.identity,stage4_coverage,selected_function_low_coverage,"selected_function_line_coverage_percent=0 below threshold 60; missing_lines=[3697, 3698, 3699, 3700, 3701, 3702, 3703, 3704, 3705, 3706, 3707, 3708, 3709, 3710, 3711]",f6e6dc062aa6393f,stage4/results/tensorflow-thesis-all-coverage/coverage_report.json,stage4/results/tensorflow-thesis-all-coverage/coverage_report.json,
tensorflow,tensorflow.keras.ops.imag,stage4_coverage,selected_function_low_coverage,"selected_function_line_coverage_percent=0 below threshold 60; missing_lines=[3723, 3724, 3725, 3726, 3727, 3728, 3729, 3730, 3731, 3732, 3733, 3734, 3735]",30047cbbe07a9e8f,stage4/results/tensorflow-thesis-all-coverage/coverage_report.json,stage4/results/tensorflow-thesis-all-coverage/coverage_report.json,
tensorflow,tensorflow.keras.ops.imag,stage4_coverage,selected_function_line_coverage_percent=0 < 60,selected_function_line_coverage_percent=0 < 60,56dea56538272eb2,,stage4/results/tensorflow-thesis-all-coverage/low_coverage.csv,
tensorflow,tensorflow.keras.ops.inner,stage4_coverage,selected_function_line_coverage_percent=0 < 60,selected_function_line_coverage_percent=0 < 60,2da43827d7c53a5a,,stage4/results/tensorflow-thesis-all-coverage/low_coverage.csv,
tensorflow,tensorflow.keras.ops.inner,stage4_coverage,selected_function_low_coverage,"selected_function_line_coverage_percent=0 below threshold 60; missing_lines=[6719, 6720, 6721, 6722, 6723, 6724, 6725, 6726, 6727, 6728, 6729, 6730, 6731, 6732, 6733, 6734, 6735, 6736, 6737, 6738, 6739, 6740, 6741, 6742, 6743]",3aa61a439bc08ba8,stage4/results/tensorflow-thesis-all-coverage/coverage_report.json,stage4/results/tensorflow-thesis-all-coverage/coverage_report.json,
tensorflow,tensorflow.keras.ops.inv,stage4_runtime,invalid_valid_mutation,{{function_node __wrapped__MatrixInverse_device_/job:localhost/replica:0/task:0/device:CPU:0}} Input is not invertible. [Op:MatrixInverse] name:,16635219cb66f522,stage4/results/tensorflow-thesis-all-coverage/execution_results/tensorflow.keras.ops.inv.results.json,stage4/results/tensorflow-thesis-all-coverage/failures.csv,
tensorflow,tensorflow.keras.ops.inv,stage4_runtime,InvalidArgumentError,{{function_node __wrapped__MatrixInverse_device_/job:localhost/replica:0/task:0/device:CPU:0}} Input is not invertible. [Op:MatrixInverse] name:,99856c11e3a2df19,stage4/results/tensorflow-thesis-all-coverage/execution_results/tensorflow.keras.ops.inv.results.json,stage4/results/tensorflow-thesis-all-coverage/failure.csv,
tensorflow,tensorflow.keras.ops.isin,stage4_coverage,selected_function_line_coverage_percent=0 < 60,selected_function_line_coverage_percent=0 < 60,1700d7a78aa836af,,stage4/results/tensorflow-thesis-all-coverage/low_coverage.csv,
tensorflow,tensorflow.keras.ops.isin,stage4_coverage,selected_function_low_coverage,"selected_function_line_coverage_percent=0 below threshold 60; missing_lines=[3820, 3821, 3822, 3823, 3824, 3825, 3826, 3827, 3828, 3829, 3830, 3831, 3832, 3833, 3834, 3835, 3836, 3837, 3838, 3839, 3840, 3841, 3842, 3843, 3844, 3845, 3846, 3847, 3848, 3849, 3850, 3851, 3852, 3853, 3854, 3855, 3856, 3857, 3858]",abc42ee69ad51b9d,stage4/results/tensorflow-thesis-all-coverage/coverage_report.json,stage4/results/tensorflow-thesis-all-coverage/coverage_report.json,
tensorflow,tensorflow.keras.ops.isinf,stage4_coverage,selected_function_low_coverage,"selected_function_line_coverage_percent=0 below threshold 60; missing_lines=[3869, 3870, 3871, 3872, 3873, 3874, 3875, 3876, 3877, 3878, 3879, 3880, 3881]",d1fa5f2e53cca092,stage4/results/tensorflow-thesis-all-coverage/coverage_report.json,stage4/results/tensorflow-thesis-all-coverage/coverage_report.json,
tensorflow,tensorflow.keras.ops.isinf,stage4_coverage,selected_function_line_coverage_percent=0 < 60,selected_function_line_coverage_percent=0 < 60,fc6189d51653e2ef,,stage4/results/tensorflow-thesis-all-coverage/low_coverage.csv,
tensorflow,tensorflow.keras.ops.isnan,stage4_coverage,selected_function_line_coverage_percent=0 < 60,selected_function_line_coverage_percent=0 < 60,e28aa30e7597635c,,stage4/results/tensorflow-thesis-all-coverage/low_coverage.csv,
tensorflow,tensorflow.keras.ops.isnan,stage4_coverage,selected_function_low_coverage,"selected_function_line_coverage_percent=0 below threshold 60; missing_lines=[3892, 3893, 3894, 3895, 3896, 3897, 3898, 3899, 3900, 3901, 3902, 3903, 3904]",ffe8ee5e0f59808c,stage4/results/tensorflow-thesis-all-coverage/coverage_report.json,stage4/results/tensorflow-thesis-all-coverage/coverage_report.json,
tensorflow,tensorflow.keras.ops.isneginf,stage4_coverage,selected_function_line_coverage_percent=0 < 60,selected_function_line_coverage_percent=0 < 60,4a85611da4b29a66,,stage4/results/tensorflow-thesis-all-coverage/low_coverage.csv,
tensorflow,tensorflow.keras.ops.isneginf,stage4_coverage,selected_function_low_coverage,"selected_function_line_coverage_percent=0 below threshold 60; missing_lines=[3915, 3916, 3917, 3918, 3919, 3920, 3921, 3922, 3923, 3924, 3925, 3926, 3927]",ecc6f12d2d3b5a53,stage4/results/tensorflow-thesis-all-coverage/coverage_report.json,stage4/results/tensorflow-thesis-all-coverage/coverage_report.json,
tensorflow,tensorflow.keras.ops.isposinf,stage4_coverage,selected_function_line_coverage_percent=0 < 60,selected_function_line_coverage_percent=0 < 60,372b53ee3be758aa,,stage4/results/tensorflow-thesis-all-coverage/low_coverage.csv,
tensorflow,tensorflow.keras.ops.isposinf,stage4_coverage,selected_function_low_coverage,"selected_function_line_coverage_percent=0 below threshold 60; missing_lines=[3938, 3939, 3940, 3941, 3942, 3943, 3944, 3945, 3946, 3947, 3948, 3949, 3950]",b26dbe4f0355ea1c,stage4/results/tensorflow-thesis-all-coverage/coverage_report.json,stage4/results/tensorflow-thesis-all-coverage/coverage_report.json,
tensorflow,tensorflow.keras.ops.kaiser,stage4_coverage,selected_function_line_coverage_percent=0 < 60,selected_function_line_coverage_percent=0 < 60,0f6ca223f914c91a,,stage4/results/tensorflow-thesis-all-coverage/low_coverage.csv,
tensorflow,tensorflow.keras.ops.kaiser,stage4_coverage,selected_function_low_coverage,"selected_function_line_coverage_percent=0 below threshold 60; missing_lines=[1433, 1434, 1435, 1436, 1437, 1438, 1439, 1440, 1441, 1442, 1443, 1444, 1445, 1446, 1447, 1448, 1449, 1450, 1451, 1452, 1453, 1454, 1455, 1456]",d2cb7ef40e284a9b,stage4/results/tensorflow-thesis-all-coverage/coverage_report.json,stage4/results/tensorflow-thesis-all-coverage/coverage_report.json,
tensorflow,tensorflow.keras.ops.kron,stage4_coverage,selected_function_low_coverage,"selected_function_line_coverage_percent=0 below threshold 60; missing_lines=[4005, 4006, 4007, 4008, 4009, 4010, 4011, 4012, 4013, 4014, 4015, 4016, 4017, 4018, 4019, 4020, 4021, 4022]",31271384e01a2ea4,stage4/results/tensorflow-thesis-all-coverage/coverage_report.json,stage4/results/tensorflow-thesis-all-coverage/coverage_report.json,
tensorflow,tensorflow.keras.ops.kron,stage4_coverage,selected_function_line_coverage_percent=0 < 60,selected_function_line_coverage_percent=0 < 60,fb7469da3ed770e0,,stage4/results/tensorflow-thesis-all-coverage/low_coverage.csv,
tensorflow,tensorflow.keras.ops.lcm,stage4_coverage,selected_function_line_coverage_percent=0 < 60,selected_function_line_coverage_percent=0 < 60,af93b0d0685df753,,stage4/results/tensorflow-thesis-all-coverage/low_coverage.csv,
tensorflow,tensorflow.keras.ops.lcm,stage4_coverage,selected_function_low_coverage,"selected_function_line_coverage_percent=0 below threshold 60; missing_lines=[4040, 4041, 4042, 4043, 4044, 4045, 4046, 4047, 4048, 4049, 4050, 4051, 4052, 4053, 4054, 4055, 4056, 4057, 4058, 4059]",f1ca56941159df3f,stage4/results/tensorflow-thesis-all-coverage/coverage_report.json,stage4/results/tensorflow-thesis-all-coverage/coverage_report.json,
tensorflow,tensorflow.keras.ops.ldexp,stage4_coverage,selected_function_low_coverage,"selected_function_line_coverage_percent=0 below threshold 60; missing_lines=[4077, 4078, 4079, 4080, 4081, 4082, 4083, 4084, 4085, 4086, 4087, 4088, 4089, 4090, 4091, 4092, 4093, 4094, 4095, 4096, 4097, 4098, 4099]",88514fc0df3a01c2,stage4/results/tensorflow-thesis-all-coverage/coverage_report.json,stage4/results/tensorflow-thesis-all-coverage/coverage_report.json,
tensorflow,tensorflow.keras.ops.ldexp,stage4_coverage,selected_function_line_coverage_percent=0 < 60,selected_function_line_coverage_percent=0 < 60,e738c9af905dd061,,stage4/results/tensorflow-thesis-all-coverage/low_coverage.csv,
tensorflow,tensorflow.keras.ops.left_shift,stage4_coverage,selected_function_low_coverage,"selected_function_line_coverage_percent=0 below threshold 60; missing_lines=[1724, 1725, 1726, 1727, 1728, 1729, 1730, 1731, 1732, 1733, 1734, 1735, 1736, 1737, 1738, 1739, 1740, 1741]",4fe32a5b4cb5d7d5,stage4/results/tensorflow-thesis-all-coverage/coverage_report.json,stage4/results/tensorflow-thesis-all-coverage/coverage_report.json,
tensorflow,tensorflow.keras.ops.left_shift,stage4_coverage,selected_function_line_coverage_percent=0 < 60,selected_function_line_coverage_percent=0 < 60,b1e8c5a6b3d59c83,,stage4/results/tensorflow-thesis-all-coverage/low_coverage.csv,
tensorflow,tensorflow.keras.ops.less,stage4_coverage,selected_function_line_coverage_percent=0 < 60,selected_function_line_coverage_percent=0 < 60,209761b49a608ef3,,stage4/results/tensorflow-thesis-all-coverage/low_coverage.csv,
tensorflow,tensorflow.keras.ops.less,stage4_coverage,selected_function_low_coverage,"selected_function_line_coverage_percent=0 below threshold 60; missing_lines=[4113, 4114, 4115, 4116, 4117, 4118, 4119, 4120, 4121, 4122, 4123, 4124, 4125, 4126]",84102bc031f956b0,stage4/results/tensorflow-thesis-all-coverage/coverage_report.json,stage4/results/tensorflow-thesis-all-coverage/coverage_report.json,
tensorflow,tensorflow.keras.ops.less_equal,stage4_coverage,selected_function_low_coverage,"selected_function_line_coverage_percent=0 below threshold 60; missing_lines=[4140, 4141, 4142, 4143, 4144, 4145, 4146, 4147, 4148, 4149, 4150, 4151, 4152, 4153, 4154, 4155, 4156, 4157, 4158]",035533cc8d22b1ef,stage4/results/tensorflow-thesis-all-coverage/coverage_report.json,stage4/results/tensorflow-thesis-all-coverage/coverage_report.json,
tensorflow,tensorflow.keras.ops.less_equal,stage4_coverage,selected_function_line_coverage_percent=0 < 60,selected_function_line_coverage_percent=0 < 60,f8c9eeff4a869a6c,,stage4/results/tensorflow-thesis-all-coverage/low_coverage.csv,
tensorflow,tensorflow.keras.ops.linalg.cholesky,stage4_runtime,ValueError,Cholesky decomposition failed: {{function_node __wrapped__CheckNumerics_device_/job:localhost/replica:0/task:0/device:CPU:0}} Cholesky : Tensor had NaN values [Op:CheckNumerics] name:,165637cab4396d03,stage4/results/tensorflow-thesis-all-coverage/execution_results/tensorflow.keras.ops.linalg.cholesky.results.json,stage4/results/tensorflow-thesis-all-coverage/failure.csv,
tensorflow,tensorflow.keras.ops.linalg.cholesky,stage4_coverage,selected_function_low_coverage,"selected_function_line_coverage_percent=0 below threshold 60; missing_lines=[24, 25, 26, 27, 28, 29, 30, 31, 32, 33, 34, 35, 36, 37]",7e76dd0129601f75,stage4/results/tensorflow-thesis-all-coverage/coverage_report.json,stage4/results/tensorflow-thesis-all-coverage/coverage_report.json,
tensorflow,tensorflow.keras.ops.linalg.cholesky,stage4_runtime,invalid_valid_mutation,Cholesky decomposition failed: {{function_node __wrapped__CheckNumerics_device_/job:localhost/replica:0/task:0/device:CPU:0}} Cholesky : Tensor had NaN values [Op:CheckNumerics] name:,b4d1d4b6926fdeb2,stage4/results/tensorflow-thesis-all-coverage/execution_results/tensorflow.keras.ops.linalg.cholesky.results.json,stage4/results/tensorflow-thesis-all-coverage/failures.csv,
tensorflow,tensorflow.keras.ops.linalg.cholesky,stage4_coverage,selected_function_line_coverage_percent=0 < 60,selected_function_line_coverage_percent=0 < 60,cd3c78ba82ae5e6d,,stage4/results/tensorflow-thesis-all-coverage/low_coverage.csv,
tensorflow,tensorflow.keras.ops.linalg.inv,stage4_runtime,InvalidArgumentError,{{function_node __wrapped__MatrixInverse_device_/job:localhost/replica:0/task:0/device:CPU:0}} Input is not invertible. [Op:MatrixInverse] name:,38c2ce544dcaf543,stage4/results/tensorflow-thesis-all-coverage/execution_results/tensorflow.keras.ops.linalg.inv.results.json,stage4/results/tensorflow-thesis-all-coverage/failure.csv,
tensorflow,tensorflow.keras.ops.linalg.inv,stage4_runtime,invalid_valid_mutation,{{function_node __wrapped__MatrixInverse_device_/job:localhost/replica:0/task:0/device:CPU:0}} Input is not invertible. [Op:MatrixInverse] name:,5149ab5fff889312,stage4/results/tensorflow-thesis-all-coverage/execution_results/tensorflow.keras.ops.linalg.inv.results.json,stage4/results/tensorflow-thesis-all-coverage/failures.csv,
tensorflow,tensorflow.keras.ops.linalg.solve,stage4_runtime,InvalidArgumentError,{{function_node __wrapped__MatrixSolve_device_/job:localhost/replica:0/task:0/device:CPU:0}} Input matrix is not invertible. [Op:MatrixSolve] name:,62bb0c9b95bdff08,stage4/results/tensorflow-thesis-all-coverage/execution_results/tensorflow.keras.ops.linalg.solve.results.json,stage4/results/tensorflow-thesis-all-coverage/failure.csv,
tensorflow,tensorflow.keras.ops.linalg.solve,stage4_runtime,invalid_valid_mutation,{{function_node __wrapped__MatrixSolve_device_/job:localhost/replica:0/task:0/device:CPU:0}} Input matrix is not invertible. [Op:MatrixSolve] name:,e8b94410d1a0be6a,stage4/results/tensorflow-thesis-all-coverage/execution_results/tensorflow.keras.ops.linalg.solve.results.json,stage4/results/tensorflow-thesis-all-coverage/failures.csv,
tensorflow,tensorflow.keras.ops.log,stage4_runtime,WorkerCrash,"Traceback (most recent call last):
  File ""<frozen runpy>"", line 198, in _run_module_as_main
  File ""<frozen runpy>"", line 88, in _run_code
  File ""/Users/aryansg/Desktop/DeepFuzz/stage4/stage4_worker.py"", line 27, in <module>
    from json2init.deepfuzz_common import (  # noqa: E402
    ...<7 lines>...
    )
  File ""/Users/aryansg/Desktop/DeepFuzz/json2init/deepfuzz_common.py"", line 321
    elif lname in {""axis"", ""dim"", ""depth"", ""k"", ""num"", ""count"", ""window_length"", ""fft_length"", ""sequence_length"", ""sequence_stride"", ""num_bits"", ""block_size"", ""kth""}:
    ^^^^
SyntaxError: invalid syntax",881e2190b4c93ecf,stage4/results/tensorflow-thesis-all-coverage/execution_results/tensorflow.keras.ops.log.results.json,stage4/results/tensorflow-thesis-all-coverage/failure.csv,
tensorflow,tensorflow.keras.ops.log,stage4_coverage,selected_function_line_coverage_percent=0 < 60,selected_function_line_coverage_percent=0 < 60,908994546ed086d9,,stage4/results/tensorflow-thesis-all-coverage/low_coverage.csv,
tensorflow,tensorflow.keras.ops.log,stage4_coverage,uncovered_api,Stage 4 did not cover API; valid_programs=0 bugs=0,9adf3a90a121131f,stage4/results/tensorflow-thesis-all-coverage/coverage_report.json,stage4/results/tensorflow-thesis-all-coverage/coverage_report.json,
tensorflow,tensorflow.keras.ops.log10,stage4_runtime,WorkerCrash,"Traceback (most recent call last):
  File ""<frozen runpy>"", line 198, in _run_module_as_main
  File ""<frozen runpy>"", line 88, in _run_code
  File ""/Users/aryansg/Desktop/DeepFuzz/stage4/stage4_worker.py"", line 27, in <module>
    from json2init.deepfuzz_common import (  # noqa: E402
    ...<7 lines>...
    )
  File ""/Users/aryansg/Desktop/DeepFuzz/json2init/deepfuzz_common.py"", line 321
    elif lname in {""axis"", ""dim"", ""depth"", ""k"", ""num"", ""count"", ""window_length"", ""fft_length"", ""sequence_length"", ""sequence_stride"", ""num_bits"", ""block_size"", ""kth""}:
    ^^^^
SyntaxError: invalid syntax",3f2b1a80f91da913,stage4/results/tensorflow-thesis-all-coverage/execution_results/tensorflow.keras.ops.log10.results.json,stage4/results/tensorflow-thesis-all-coverage/failure.csv,
tensorflow,tensorflow.keras.ops.log10,stage4_coverage,selected_function_line_coverage_percent=0 < 60,selected_function_line_coverage_percent=0 < 60,676ae38a9ae69683,,stage4/results/tensorflow-thesis-all-coverage/low_coverage.csv,
tensorflow,tensorflow.keras.ops.log10,stage4_coverage,uncovered_api,Stage 4 did not cover API; valid_programs=0 bugs=0,f9e3ac06d37ec13f,stage4/results/tensorflow-thesis-all-coverage/coverage_report.json,stage4/results/tensorflow-thesis-all-coverage/coverage_report.json,
tensorflow,tensorflow.keras.ops.log1p,stage4_coverage,uncovered_api,Stage 4 did not cover API; valid_programs=0 bugs=0,22c438b6051e8e81,stage4/results/tensorflow-thesis-all-coverage/coverage_report.json,stage4/results/tensorflow-thesis-all-coverage/coverage_report.json,
tensorflow,tensorflow.keras.ops.log1p,stage4_runtime,WorkerCrash,"Traceback (most recent call last):
  File ""<frozen runpy>"", line 198, in _run_module_as_main
  File ""<frozen runpy>"", line 88, in _run_code
  File ""/Users/aryansg/Desktop/DeepFuzz/stage4/stage4_worker.py"", line 27, in <module>
    from json2init.deepfuzz_common import (  # noqa: E402
    ...<7 lines>...
    )
  File ""/Users/aryansg/Desktop/DeepFuzz/json2init/deepfuzz_common.py"", line 321
    elif lname in {""axis"", ""dim"", ""depth"", ""k"", ""num"", ""count"", ""window_length"", ""fft_length"", ""sequence_length"", ""sequence_stride"", ""num_bits"", ""block_size"", ""kth""}:
    ^^^^
SyntaxError: invalid syntax",ceb00a62355c0269,stage4/results/tensorflow-thesis-all-coverage/execution_results/tensorflow.keras.ops.log1p.results.json,stage4/results/tensorflow-thesis-all-coverage/failure.csv,
tensorflow,tensorflow.keras.ops.log1p,stage4_coverage,selected_function_line_coverage_percent=0 < 60,selected_function_line_coverage_percent=0 < 60,ef040ffdc8e75bce,,stage4/results/tensorflow-thesis-all-coverage/low_coverage.csv,
tensorflow,tensorflow.keras.ops.log2,stage4_runtime,WorkerCrash,"Traceback (most recent call last):
  File ""<frozen runpy>"", line 198, in _run_module_as_main
  File ""<frozen runpy>"", line 88, in _run_code
  File ""/Users/aryansg/Desktop/DeepFuzz/stage4/stage4_worker.py"", line 27, in <module>
    from json2init.deepfuzz_common import (  # noqa: E402
    ...<7 lines>...
    )
  File ""/Users/aryansg/Desktop/DeepFuzz/json2init/deepfuzz_common.py"", line 321
    elif lname in {""axis"", ""dim"", ""depth"", ""k"", ""num"", ""count"", ""window_length"", ""fft_length"", ""sequence_length"", ""sequence_stride"", ""num_bits"", ""block_size"", ""kth""}:
    ^^^^
SyntaxError: invalid syntax",0e471463718fadde,stage4/results/tensorflow-thesis-all-coverage/execution_results/tensorflow.keras.ops.log2.results.json,stage4/results/tensorflow-thesis-all-coverage/failure.csv,
tensorflow,tensorflow.keras.ops.log2,stage4_coverage,uncovered_api,Stage 4 did not cover API; valid_programs=0 bugs=0,44fa3fc9cd594435,stage4/results/tensorflow-thesis-all-coverage/coverage_report.json,stage4/results/tensorflow-thesis-all-coverage/coverage_report.json,
tensorflow,tensorflow.keras.ops.log2,stage4_coverage,selected_function_line_coverage_percent=0 < 60,selected_function_line_coverage_percent=0 < 60,ac79eb4c4c32a2c9,,stage4/results/tensorflow-thesis-all-coverage/low_coverage.csv,
tensorflow,tensorflow.keras.ops.log_sigmoid,stage4_runtime,WorkerCrash,"Traceback (most recent call last):
  File ""<frozen runpy>"", line 198, in _run_module_as_main
  File ""<frozen runpy>"", line 88, in _run_code
  File ""/Users/aryansg/Desktop/DeepFuzz/stage4/stage4_worker.py"", line 27, in <module>
    from json2init.deepfuzz_common import (  # noqa: E402
    ...<7 lines>...
    )
  File ""/Users/aryansg/Desktop/DeepFuzz/json2init/deepfuzz_common.py"", line 321
    elif lname in {""axis"", ""dim"", ""depth"", ""k"", ""num"", ""count"", ""window_length"", ""fft_length"", ""sequence_length"", ""sequence_stride"", ""num_bits"", ""block_size"", ""kth""}:
    ^^^^
SyntaxError: invalid syntax",6441917577cadc98,stage4/results/tensorflow-thesis-all-coverage/execution_results/tensorflow.keras.ops.log_sigmoid.results.json,stage4/results/tensorflow-thesis-all-coverage/failure.csv,
tensorflow,tensorflow.keras.ops.log_sigmoid,stage4_coverage,selected_function_line_coverage_percent=0 < 60,selected_function_line_coverage_percent=0 < 60,687ad21b97f73224,,stage4/results/tensorflow-thesis-all-coverage/low_coverage.csv,
tensorflow,tensorflow.keras.ops.log_sigmoid,stage4_coverage,uncovered_api,Stage 4 did not cover API; valid_programs=0 bugs=0,80427fbc90262b51,stage4/results/tensorflow-thesis-all-coverage/coverage_report.json,stage4/results/tensorflow-thesis-all-coverage/coverage_report.json,
tensorflow,tensorflow.keras.ops.log_softmax,stage4_runtime,WorkerCrash,"Traceback (most recent call last):
  File ""<frozen runpy>"", line 198, in _run_module_as_main
  File ""<frozen runpy>"", line 88, in _run_code
  File ""/Users/aryansg/Desktop/DeepFuzz/stage4/stage4_worker.py"", line 27, in <module>
    from json2init.deepfuzz_common import (  # noqa: E402
    ...<7 lines>...
    )
  File ""/Users/aryansg/Desktop/DeepFuzz/json2init/deepfuzz_common.py"", line 321
    elif lname in {""axis"", ""dim"", ""depth"", ""k"", ""num"", ""count"", ""window_length"", ""fft_length"", ""sequence_length"", ""sequence_stride"", ""num_bits"", ""block_size"", ""kth""}:
    ^^^^
SyntaxError: invalid syntax",2b0739c3db32ed9a,stage4/results/tensorflow-thesis-all-coverage/execution_results/tensorflow.keras.ops.log_softmax.results.json,stage4/results/tensorflow-thesis-all-coverage/failure.csv,
tensorflow,tensorflow.keras.ops.log_softmax,stage4_coverage,uncovered_api,Stage 4 did not cover API; valid_programs=0 bugs=0,2b868e39f04be184,stage4/results/tensorflow-thesis-all-coverage/coverage_report.json,stage4/results/tensorflow-thesis-all-coverage/coverage_report.json,
tensorflow,tensorflow.keras.ops.log_softmax,stage4_coverage,selected_function_line_coverage_percent=0 < 60,selected_function_line_coverage_percent=0 < 60,46ebbc1735a0cc9b,,stage4/results/tensorflow-thesis-all-coverage/low_coverage.csv,
tensorflow,tensorflow.keras.ops.logaddexp,stage4_runtime,WorkerCrash,"Traceback (most recent call last):
  File ""<frozen runpy>"", line 198, in _run_module_as_main
  File ""<frozen runpy>"", line 88, in _run_code
  File ""/Users/aryansg/Desktop/DeepFuzz/stage4/stage4_worker.py"", line 27, in <module>
    from json2init.deepfuzz_common import (  # noqa: E402
    ...<7 lines>...
    )
  File ""/Users/aryansg/Desktop/DeepFuzz/json2init/deepfuzz_common.py"", line 321
    elif lname in {""axis"", ""dim"", ""depth"", ""k"", ""num"", ""count"", ""window_length"", ""fft_length"", ""sequence_length"", ""sequence_stride"", ""num_bits"", ""block_size"", ""kth""}:
    ^^^^
SyntaxError: invalid syntax",37e9d63125ee738e,stage4/results/tensorflow-thesis-all-coverage/execution_results/tensorflow.keras.ops.logaddexp.results.json,stage4/results/tensorflow-thesis-all-coverage/failure.csv,
tensorflow,tensorflow.keras.ops.logaddexp,stage4_coverage,selected_function_line_coverage_percent=0 < 60,selected_function_line_coverage_percent=0 < 60,a7e494501943d4b6,,stage4/results/tensorflow-thesis-all-coverage/low_coverage.csv,
tensorflow,tensorflow.keras.ops.logaddexp,stage4_coverage,uncovered_api,Stage 4 did not cover API; valid_programs=0 bugs=0,f8e9978ff4bc05cc,stage4/results/tensorflow-thesis-all-coverage/coverage_report.json,stage4/results/tensorflow-thesis-all-coverage/coverage_report.json,
tensorflow,tensorflow.keras.ops.logical_and,stage4_coverage,selected_function_line_coverage_percent=0 < 60,selected_function_line_coverage_percent=0 < 60,0ca0bb5c5033e888,,stage4/results/tensorflow-thesis-all-coverage/low_coverage.csv,
tensorflow,tensorflow.keras.ops.logical_and,stage4_coverage,uncovered_api,Stage 4 did not cover API; valid_programs=0 bugs=0,cf225393482dc3db,stage4/results/tensorflow-thesis-all-coverage/coverage_report.json,stage4/results/tensorflow-thesis-all-coverage/coverage_report.json,
tensorflow,tensorflow.keras.ops.logical_and,stage4_runtime,WorkerCrash,"Traceback (most recent call last):
  File ""<frozen runpy>"", line 198, in _run_module_as_main
  File ""<frozen runpy>"", line 88, in _run_code
  File ""/Users/aryansg/Desktop/DeepFuzz/stage4/stage4_worker.py"", line 27, in <module>
    from json2init.deepfuzz_common import (  # noqa: E402
    ...<7 lines>...
    )
  File ""/Users/aryansg/Desktop/DeepFuzz/json2init/deepfuzz_common.py"", line 321
    elif lname in {""axis"", ""dim"", ""depth"", ""k"", ""num"", ""count"", ""window_length"", ""fft_length"", ""sequence_length"", ""sequence_stride"", ""num_bits"", ""block_size"", ""kth""}:
    ^^^^
SyntaxError: invalid syntax",d74e6cee957e6117,stage4/results/tensorflow-thesis-all-coverage/execution_results/tensorflow.keras.ops.logical_and.results.json,stage4/results/tensorflow-thesis-all-coverage/failure.csv,
tensorflow,tensorflow.keras.ops.logical_not,stage4_coverage,selected_function_line_coverage_percent=0 < 60,selected_function_line_coverage_percent=0 < 60,2247cb2cd13e2e8e,,stage4/results/tensorflow-thesis-all-coverage/low_coverage.csv,
tensorflow,tensorflow.keras.ops.logical_not,stage4_coverage,uncovered_api,Stage 4 did not cover API; valid_programs=0 bugs=0,56a11f26c471001a,stage4/results/tensorflow-thesis-all-coverage/coverage_report.json,stage4/results/tensorflow-thesis-all-coverage/coverage_report.json,
tensorflow,tensorflow.keras.ops.logical_not,stage4_runtime,WorkerCrash,"Traceback (most recent call last):
  File ""<frozen runpy>"", line 198, in _run_module_as_main
  File ""<frozen runpy>"", line 88, in _run_code
  File ""/Users/aryansg/Desktop/DeepFuzz/stage4/stage4_worker.py"", line 27, in <module>
    from json2init.deepfuzz_common import (  # noqa: E402
    ...<7 lines>...
    )
  File ""/Users/aryansg/Desktop/DeepFuzz/json2init/deepfuzz_common.py"", line 321
    elif lname in {""axis"", ""dim"", ""depth"", ""k"", ""num"", ""count"", ""window_length"", ""fft_length"", ""sequence_length"", ""sequence_stride"", ""num_bits"", ""block_size"", ""kth""}:
    ^^^^
SyntaxError: invalid syntax",7c38b8550d183621,stage4/results/tensorflow-thesis-all-coverage/execution_results/tensorflow.keras.ops.logical_not.results.json,stage4/results/tensorflow-thesis-all-coverage/failure.csv,
tensorflow,tensorflow.keras.ops.logical_or,stage4_coverage,uncovered_api,Stage 4 did not cover API; valid_programs=0 bugs=0,12eff7b6da91a207,stage4/results/tensorflow-thesis-all-coverage/coverage_report.json,stage4/results/tensorflow-thesis-all-coverage/coverage_report.json,
tensorflow,tensorflow.keras.ops.logical_or,stage4_runtime,WorkerCrash,"Traceback (most recent call last):
  File ""<frozen runpy>"", line 198, in _run_module_as_main
  File ""<frozen runpy>"", line 88, in _run_code
  File ""/Users/aryansg/Desktop/DeepFuzz/stage4/stage4_worker.py"", line 27, in <module>
    from json2init.deepfuzz_common import (  # noqa: E402
    ...<7 lines>...
    )
  File ""/Users/aryansg/Desktop/DeepFuzz/json2init/deepfuzz_common.py"", line 321
    elif lname in {""axis"", ""dim"", ""depth"", ""k"", ""num"", ""count"", ""window_length"", ""fft_length"", ""sequence_length"", ""sequence_stride"", ""num_bits"", ""block_size"", ""kth""}:
    ^^^^
SyntaxError: invalid syntax",30df03fa68dd1fdf,stage4/results/tensorflow-thesis-all-coverage/execution_results/tensorflow.keras.ops.logical_or.results.json,stage4/results/tensorflow-thesis-all-coverage/failure.csv,
tensorflow,tensorflow.keras.ops.logical_or,stage4_coverage,selected_function_line_coverage_percent=0 < 60,selected_function_line_coverage_percent=0 < 60,cbffd064b4111f97,,stage4/results/tensorflow-thesis-all-coverage/low_coverage.csv,
tensorflow,tensorflow.keras.ops.logical_xor,stage4_coverage,uncovered_api,Stage 4 did not cover API; valid_programs=0 bugs=0,b6d32916ce4a3092,stage4/results/tensorflow-thesis-all-coverage/coverage_report.json,stage4/results/tensorflow-thesis-all-coverage/coverage_report.json,
tensorflow,tensorflow.keras.ops.logical_xor,stage4_coverage,selected_function_line_coverage_percent=0 < 60,selected_function_line_coverage_percent=0 < 60,d087e40879fc2156,,stage4/results/tensorflow-thesis-all-coverage/low_coverage.csv,
tensorflow,tensorflow.keras.ops.logical_xor,stage4_runtime,WorkerCrash,"Traceback (most recent call last):
  File ""<frozen runpy>"", line 198, in _run_module_as_main
  File ""<frozen runpy>"", line 88, in _run_code
  File ""/Users/aryansg/Desktop/DeepFuzz/stage4/stage4_worker.py"", line 27, in <module>
    from json2init.deepfuzz_common import (  # noqa: E402
    ...<7 lines>...
    )
  File ""/Users/aryansg/Desktop/DeepFuzz/json2init/deepfuzz_common.py"", line 321
    elif lname in {""axis"", ""dim"", ""depth"", ""k"", ""num"", ""count"", ""window_length"", ""fft_length"", ""sequence_length"", ""sequence_stride"", ""num_bits"", ""block_size"", ""kth""}:
    ^^^^
SyntaxError: invalid syntax",f0e46dfb4350e25c,stage4/results/tensorflow-thesis-all-coverage/execution_results/tensorflow.keras.ops.logical_xor.results.json,stage4/results/tensorflow-thesis-all-coverage/failure.csv,
tensorflow,tensorflow.keras.ops.logsumexp,stage4_coverage,selected_function_line_coverage_percent=0 < 60,selected_function_line_coverage_percent=0 < 60,38e6dc81d60b4865,,stage4/results/tensorflow-thesis-all-coverage/low_coverage.csv,
tensorflow,tensorflow.keras.ops.logsumexp,stage4_runtime,WorkerCrash,"Traceback (most recent call last):
  File ""<frozen runpy>"", line 198, in _run_module_as_main
  File ""<frozen runpy>"", line 88, in _run_code
  File ""/Users/aryansg/Desktop/DeepFuzz/stage4/stage4_worker.py"", line 27, in <module>
    from json2init.deepfuzz_common import (  # noqa: E402
    ...<7 lines>...
    )
  File ""/Users/aryansg/Desktop/DeepFuzz/json2init/deepfuzz_common.py"", line 321
    elif lname in {""axis"", ""dim"", ""depth"", ""k"", ""num"", ""count"", ""window_length"", ""fft_length"", ""sequence_length"", ""sequence_stride"", ""num_bits"", ""block_size"", ""kth""}:
    ^^^^
SyntaxError: invalid syntax",8e3cbd670f1cb90d,stage4/results/tensorflow-thesis-all-coverage/execution_results/tensorflow.keras.ops.logsumexp.results.json,stage4/results/tensorflow-thesis-all-coverage/failure.csv,
tensorflow,tensorflow.keras.ops.logsumexp,stage4_coverage,uncovered_api,Stage 4 did not cover API; valid_programs=0 bugs=0,e71e1236edf2a1f6,stage4/results/tensorflow-thesis-all-coverage/coverage_report.json,stage4/results/tensorflow-thesis-all-coverage/coverage_report.json,
tensorflow,tensorflow.keras.ops.lstsq,stage4_coverage,uncovered_api,Stage 4 did not cover API; valid_programs=0 bugs=0,4d1f93ccead8459c,stage4/results/tensorflow-thesis-all-coverage/coverage_report.json,stage4/results/tensorflow-thesis-all-coverage/coverage_report.json,
tensorflow,tensorflow.keras.ops.lstsq,stage4_runtime,WorkerCrash,"Traceback (most recent call last):
  File ""<frozen runpy>"", line 198, in _run_module_as_main
  File ""<frozen runpy>"", line 88, in _run_code
  File ""/Users/aryansg/Desktop/DeepFuzz/stage4/stage4_worker.py"", line 27, in <module>
    from json2init.deepfuzz_common import (  # noqa: E402
    ...<7 lines>...
    )
  File ""/Users/aryansg/Desktop/DeepFuzz/json2init/deepfuzz_common.py"", line 321
    elif lname in {""axis"", ""dim"", ""depth"", ""k"", ""num"", ""count"", ""window_length"", ""fft_length"", ""sequence_length"", ""sequence_stride"", ""num_bits"", ""block_size"", ""kth""}:
    ^^^^
SyntaxError: invalid syntax",5eb74fed43a104db,stage4/results/tensorflow-thesis-all-coverage/execution_results/tensorflow.keras.ops.lstsq.results.json,stage4/results/tensorflow-thesis-all-coverage/failure.csv,
tensorflow,tensorflow.keras.ops.lstsq,stage4_coverage,selected_function_line_coverage_percent=0 < 60,selected_function_line_coverage_percent=0 < 60,f76afd86eba00a70,,stage4/results/tensorflow-thesis-all-coverage/low_coverage.csv,
tensorflow,tensorflow.keras.ops.matmul,stage4_runtime,WorkerCrash,"Traceback (most recent call last):
  File ""<frozen runpy>"", line 198, in _run_module_as_main
  File ""<frozen runpy>"", line 88, in _run_code
  File ""/Users/aryansg/Desktop/DeepFuzz/stage4/stage4_worker.py"", line 27, in <module>
    from json2init.deepfuzz_common import (  # noqa: E402
    ...<7 lines>...
    )
  File ""/Users/aryansg/Desktop/DeepFuzz/json2init/deepfuzz_common.py"", line 321
    elif lname in {""axis"", ""dim"", ""depth"", ""k"", ""num"", ""count"", ""window_length"", ""fft_length"", ""sequence_length"", ""sequence_stride"", ""num_bits"", ""block_size"", ""kth""}:
    ^^^^
SyntaxError: invalid syntax",6218034761f79961,stage4/results/tensorflow-thesis-all-coverage/execution_results/tensorflow.keras.ops.matmul.results.json,stage4/results/tensorflow-thesis-all-coverage/failure.csv,
tensorflow,tensorflow.keras.ops.matmul,stage4_coverage,uncovered_api,Stage 4 did not cover API; valid_programs=0 bugs=0,7653417d0621340d,stage4/results/tensorflow-thesis-all-coverage/coverage_report.json,stage4/results/tensorflow-thesis-all-coverage/coverage_report.json,
tensorflow,tensorflow.keras.ops.matmul,stage4_coverage,selected_function_line_coverage_percent=0 < 60,selected_function_line_coverage_percent=0 < 60,e52af69ef3f24b42,,stage4/results/tensorflow-thesis-all-coverage/low_coverage.csv,
tensorflow,tensorflow.keras.ops.max_pool,stage4_runtime,WorkerCrash,"Traceback (most recent call last):
  File ""<frozen runpy>"", line 198, in _run_module_as_main
  File ""<frozen runpy>"", line 88, in _run_code
  File ""/Users/aryansg/Desktop/DeepFuzz/stage4/stage4_worker.py"", line 27, in <module>
    from json2init.deepfuzz_common import (  # noqa: E402
    ...<7 lines>...
    )
  File ""/Users/aryansg/Desktop/DeepFuzz/json2init/deepfuzz_common.py"", line 321
    elif lname in {""axis"", ""dim"", ""depth"", ""k"", ""num"", ""count"", ""window_length"", ""fft_length"", ""sequence_length"", ""sequence_stride"", ""num_bits"", ""block_size"", ""kth""}:
    ^^^^
SyntaxError: invalid syntax",c87dc8bd005adb0d,stage4/results/tensorflow-thesis-all-coverage/execution_results/tensorflow.keras.ops.max_pool.results.json,stage4/results/tensorflow-thesis-all-coverage/failure.csv,
tensorflow,tensorflow.keras.ops.max_pool,stage4_coverage,uncovered_api,Stage 4 did not cover API; valid_programs=0 bugs=0,d0b5b1a1869727ad,stage4/results/tensorflow-thesis-all-coverage/coverage_report.json,stage4/results/tensorflow-thesis-all-coverage/coverage_report.json,
tensorflow,tensorflow.keras.ops.max_pool,stage4_coverage,selected_function_line_coverage_percent=0 < 60,selected_function_line_coverage_percent=0 < 60,f5b8196a6ae1da7d,,stage4/results/tensorflow-thesis-all-coverage/low_coverage.csv,
tensorflow,tensorflow.keras.ops.maximum,stage4_coverage,selected_function_line_coverage_percent=0 < 60,selected_function_line_coverage_percent=0 < 60,4b1f56e1173bd313,,stage4/results/tensorflow-thesis-all-coverage/low_coverage.csv,
tensorflow,tensorflow.keras.ops.maximum,stage4_coverage,uncovered_api,Stage 4 did not cover API; valid_programs=0 bugs=0,60da31cb5c8070f7,stage4/results/tensorflow-thesis-all-coverage/coverage_report.json,stage4/results/tensorflow-thesis-all-coverage/coverage_report.json,
tensorflow,tensorflow.keras.ops.maximum,stage4_runtime,WorkerCrash,"Traceback (most recent call last):
  File ""<frozen runpy>"", line 198, in _run_module_as_main
  File ""<frozen runpy>"", line 88, in _run_code
  File ""/Users/aryansg/Desktop/DeepFuzz/stage4/stage4_worker.py"", line 27, in <module>
    from json2init.deepfuzz_common import (  # noqa: E402
    ...<7 lines>...
    )
  File ""/Users/aryansg/Desktop/DeepFuzz/json2init/deepfuzz_common.py"", line 321
    elif lname in {""axis"", ""dim"", ""depth"", ""k"", ""num"", ""count"", ""window_length"", ""fft_length"", ""sequence_length"", ""sequence_stride"", ""num_bits"", ""block_size"", ""kth""}:
    ^^^^
SyntaxError: invalid syntax",89d88300729707fd,stage4/results/tensorflow-thesis-all-coverage/execution_results/tensorflow.keras.ops.maximum.results.json,stage4/results/tensorflow-thesis-all-coverage/failure.csv,
tensorflow,tensorflow.keras.ops.mean,stage4_coverage,selected_function_line_coverage_percent=0 < 60,selected_function_line_coverage_percent=0 < 60,2ef7df4409f3e323,,stage4/results/tensorflow-thesis-all-coverage/low_coverage.csv,
tensorflow,tensorflow.keras.ops.mean,stage4_coverage,uncovered_api,Stage 4 did not cover API; valid_programs=0 bugs=0,74317d9d9378d71c,stage4/results/tensorflow-thesis-all-coverage/coverage_report.json,stage4/results/tensorflow-thesis-all-coverage/coverage_report.json,
tensorflow,tensorflow.keras.ops.mean,stage4_runtime,WorkerCrash,"Traceback (most recent call last):
  File ""<frozen runpy>"", line 198, in _run_module_as_main
  File ""<frozen runpy>"", line 88, in _run_code
  File ""/Users/aryansg/Desktop/DeepFuzz/stage4/stage4_worker.py"", line 27, in <module>
    from json2init.deepfuzz_common import (  # noqa: E402
    ...<7 lines>...
    )
  File ""/Users/aryansg/Desktop/DeepFuzz/json2init/deepfuzz_common.py"", line 321
    elif lname in {""axis"", ""dim"", ""depth"", ""k"", ""num"", ""count"", ""window_length"", ""fft_length"", ""sequence_length"", ""sequence_stride"", ""num_bits"", ""block_size"", ""kth""}:
    ^^^^
SyntaxError: invalid syntax",973324ed15d3cf27,stage4/results/tensorflow-thesis-all-coverage/execution_results/tensorflow.keras.ops.mean.results.json,stage4/results/tensorflow-thesis-all-coverage/failure.csv,
tensorflow,tensorflow.keras.ops.median,stage4_coverage,selected_function_line_coverage_percent=0 < 60,selected_function_line_coverage_percent=0 < 60,0b0b141eb6a7ce4d,,stage4/results/tensorflow-thesis-all-coverage/low_coverage.csv,
tensorflow,tensorflow.keras.ops.median,stage4_coverage,uncovered_api,Stage 4 did not cover API; valid_programs=0 bugs=0,23c6dd8675149bea,stage4/results/tensorflow-thesis-all-coverage/coverage_report.json,stage4/results/tensorflow-thesis-all-coverage/coverage_report.json,
tensorflow,tensorflow.keras.ops.median,stage4_runtime,WorkerCrash,"Traceback (most recent call last):
  File ""<frozen runpy>"", line 198, in _run_module_as_main
  File ""<frozen runpy>"", line 88, in _run_code
  File ""/Users/aryansg/Desktop/DeepFuzz/stage4/stage4_worker.py"", line 27, in <module>
    from json2init.deepfuzz_common import (  # noqa: E402
    ...<7 lines>...
    )
  File ""/Users/aryansg/Desktop/DeepFuzz/json2init/deepfuzz_common.py"", line 321
    elif lname in {""axis"", ""dim"", ""depth"", ""k"", ""num"", ""count"", ""window_length"", ""fft_length"", ""sequence_length"", ""sequence_stride"", ""num_bits"", ""block_size"", ""kth""}:
    ^^^^
SyntaxError: invalid syntax",84dcedfa8d356863,stage4/results/tensorflow-thesis-all-coverage/execution_results/tensorflow.keras.ops.median.results.json,stage4/results/tensorflow-thesis-all-coverage/failure.csv,
tensorflow,tensorflow.keras.ops.minimum,stage4_coverage,selected_function_line_coverage_percent=0 < 60,selected_function_line_coverage_percent=0 < 60,1262da92cfd84734,,stage4/results/tensorflow-thesis-all-coverage/low_coverage.csv,
tensorflow,tensorflow.keras.ops.minimum,stage4_runtime,WorkerCrash,"Traceback (most recent call last):
  File ""<frozen runpy>"", line 198, in _run_module_as_main
  File ""<frozen runpy>"", line 88, in _run_code
  File ""/Users/aryansg/Desktop/DeepFuzz/stage4/stage4_worker.py"", line 27, in <module>
    from json2init.deepfuzz_common import (  # noqa: E402
    ...<7 lines>...
    )
  File ""/Users/aryansg/Desktop/DeepFuzz/json2init/deepfuzz_common.py"", line 321
    elif lname in {""axis"", ""dim"", ""depth"", ""k"", ""num"", ""count"", ""window_length"", ""fft_length"", ""sequence_length"", ""sequence_stride"", ""num_bits"", ""block_size"", ""kth""}:
    ^^^^
SyntaxError: invalid syntax",523ecdcddf8986b3,stage4/results/tensorflow-thesis-all-coverage/execution_results/tensorflow.keras.ops.minimum.results.json,stage4/results/tensorflow-thesis-all-coverage/failure.csv,
tensorflow,tensorflow.keras.ops.minimum,stage4_coverage,uncovered_api,Stage 4 did not cover API; valid_programs=0 bugs=0,d5b668a3e6fddfa2,stage4/results/tensorflow-thesis-all-coverage/coverage_report.json,stage4/results/tensorflow-thesis-all-coverage/coverage_report.json,
tensorflow,tensorflow.keras.ops.mod,stage4_runtime,WorkerCrash,"Traceback (most recent call last):
  File ""<frozen runpy>"", line 198, in _run_module_as_main
  File ""<frozen runpy>"", line 88, in _run_code
  File ""/Users/aryansg/Desktop/DeepFuzz/stage4/stage4_worker.py"", line 27, in <module>
    from json2init.deepfuzz_common import (  # noqa: E402
    ...<7 lines>...
    )
  File ""/Users/aryansg/Desktop/DeepFuzz/json2init/deepfuzz_common.py"", line 321
    elif lname in {""axis"", ""dim"", ""depth"", ""k"", ""num"", ""count"", ""window_length"", ""fft_length"", ""sequence_length"", ""sequence_stride"", ""num_bits"", ""block_size"", ""kth""}:
    ^^^^
SyntaxError: invalid syntax",54e1b7ac8105d0ac,stage4/results/tensorflow-thesis-all-coverage/execution_results/tensorflow.keras.ops.mod.results.json,stage4/results/tensorflow-thesis-all-coverage/failure.csv,
tensorflow,tensorflow.keras.ops.mod,stage4_coverage,uncovered_api,Stage 4 did not cover API; valid_programs=0 bugs=0,773cc4cc5331dc41,stage4/results/tensorflow-thesis-all-coverage/coverage_report.json,stage4/results/tensorflow-thesis-all-coverage/coverage_report.json,
tensorflow,tensorflow.keras.ops.mod,stage4_coverage,selected_function_line_coverage_percent=0 < 60,selected_function_line_coverage_percent=0 < 60,9a0401d739393902,,stage4/results/tensorflow-thesis-all-coverage/low_coverage.csv,
tensorflow,tensorflow.keras.ops.multiply,stage4_coverage,selected_function_line_coverage_percent=0 < 60,selected_function_line_coverage_percent=0 < 60,1ec40eccadac1c72,,stage4/results/tensorflow-thesis-all-coverage/low_coverage.csv,
tensorflow,tensorflow.keras.ops.multiply,stage4_runtime,WorkerCrash,"Traceback (most recent call last):
  File ""<frozen runpy>"", line 198, in _run_module_as_main
  File ""<frozen runpy>"", line 88, in _run_code
  File ""/Users/aryansg/Desktop/DeepFuzz/stage4/stage4_worker.py"", line 27, in <module>
    from json2init.deepfuzz_common import (  # noqa: E402
    ...<7 lines>...
    )
  File ""/Users/aryansg/Desktop/DeepFuzz/json2init/deepfuzz_common.py"", line 321
    elif lname in {""axis"", ""dim"", ""depth"", ""k"", ""num"", ""count"", ""window_length"", ""fft_length"", ""sequence_length"", ""sequence_stride"", ""num_bits"", ""block_size"", ""kth""}:
    ^^^^
SyntaxError: invalid syntax",5f13f61d64077286,stage4/results/tensorflow-thesis-all-coverage/execution_results/tensorflow.keras.ops.multiply.results.json,stage4/results/tensorflow-thesis-all-coverage/failure.csv,
tensorflow,tensorflow.keras.ops.multiply,stage4_coverage,uncovered_api,Stage 4 did not cover API; valid_programs=0 bugs=0,be416143901798d7,stage4/results/tensorflow-thesis-all-coverage/coverage_report.json,stage4/results/tensorflow-thesis-all-coverage/coverage_report.json,
tensorflow,tensorflow.keras.ops.ndim,stage4_runtime,WorkerCrash,"Traceback (most recent call last):
  File ""<frozen runpy>"", line 198, in _run_module_as_main
  File ""<frozen runpy>"", line 88, in _run_code
  File ""/Users/aryansg/Desktop/DeepFuzz/stage4/stage4_worker.py"", line 27, in <module>
    from json2init.deepfuzz_common import (  # noqa: E402
    ...<7 lines>...
    )
  File ""/Users/aryansg/Desktop/DeepFuzz/json2init/deepfuzz_common.py"", line 321
    elif lname in {""axis"", ""dim"", ""depth"", ""k"", ""num"", ""count"", ""window_length"", ""fft_length"", ""sequence_length"", ""sequence_stride"", ""num_bits"", ""block_size"", ""kth""}:
    ^^^^
SyntaxError: invalid syntax",07420ad90c91d980,stage4/results/tensorflow-thesis-all-coverage/execution_results/tensorflow.keras.ops.ndim.results.json,stage4/results/tensorflow-thesis-all-coverage/failure.csv,
tensorflow,tensorflow.keras.ops.ndim,stage4_coverage,selected_function_line_coverage_percent=0 < 60,selected_function_line_coverage_percent=0 < 60,fa2f16318fdf0136,,stage4/results/tensorflow-thesis-all-coverage/low_coverage.csv,
tensorflow,tensorflow.keras.ops.ndim,stage4_coverage,uncovered_api,Stage 4 did not cover API; valid_programs=0 bugs=0,fe125494ac70dc1e,stage4/results/tensorflow-thesis-all-coverage/coverage_report.json,stage4/results/tensorflow-thesis-all-coverage/coverage_report.json,
tensorflow,tensorflow.keras.ops.negative,stage4_runtime,WorkerCrash,"Traceback (most recent call last):
  File ""<frozen runpy>"", line 198, in _run_module_as_main
  File ""<frozen runpy>"", line 88, in _run_code
  File ""/Users/aryansg/Desktop/DeepFuzz/stage4/stage4_worker.py"", line 27, in <module>
    from json2init.deepfuzz_common import (  # noqa: E402
    ...<7 lines>...
    )
  File ""/Users/aryansg/Desktop/DeepFuzz/json2init/deepfuzz_common.py"", line 321
    elif lname in {""axis"", ""dim"", ""depth"", ""k"", ""num"", ""count"", ""window_length"", ""fft_length"", ""sequence_length"", ""sequence_stride"", ""num_bits"", ""block_size"", ""kth""}:
    ^^^^
SyntaxError: invalid syntax",4e678b6c92440185,stage4/results/tensorflow-thesis-all-coverage/execution_results/tensorflow.keras.ops.negative.results.json,stage4/results/tensorflow-thesis-all-coverage/failure.csv,
tensorflow,tensorflow.keras.ops.negative,stage4_coverage,uncovered_api,Stage 4 did not cover API; valid_programs=0 bugs=0,5f7fe8154d570b4b,stage4/results/tensorflow-thesis-all-coverage/coverage_report.json,stage4/results/tensorflow-thesis-all-coverage/coverage_report.json,
tensorflow,tensorflow.keras.ops.negative,stage4_coverage,selected_function_line_coverage_percent=0 < 60,selected_function_line_coverage_percent=0 < 60,72e6a29e19c9093e,,stage4/results/tensorflow-thesis-all-coverage/low_coverage.csv,
tensorflow,tensorflow.keras.ops.nn.adaptive_average_pool,stage4_coverage,selected_function_line_coverage_percent=0 < 60,selected_function_line_coverage_percent=0 < 60,4aae0891dc87b37f,,stage4/results/tensorflow-thesis-all-coverage/low_coverage.csv,
tensorflow,tensorflow.keras.ops.nn.adaptive_average_pool,stage4_coverage,uncovered_api,Stage 4 did not cover API; valid_programs=0 bugs=0,ab6e320dc1d5d76f,stage4/results/tensorflow-thesis-all-coverage/coverage_report.json,stage4/results/tensorflow-thesis-all-coverage/coverage_report.json,
tensorflow,tensorflow.keras.ops.nn.adaptive_average_pool,stage4_runtime,WorkerCrash,"Traceback (most recent call last):
  File ""<frozen runpy>"", line 198, in _run_module_as_main
  File ""<frozen runpy>"", line 88, in _run_code
  File ""/Users/aryansg/Desktop/DeepFuzz/stage4/stage4_worker.py"", line 27, in <module>
    from json2init.deepfuzz_common import (  # noqa: E402
    ...<7 lines>...
    )
  File ""/Users/aryansg/Desktop/DeepFuzz/json2init/deepfuzz_common.py"", line 321
    elif lname in {""axis"", ""dim"", ""depth"", ""k"", ""num"", ""count"", ""window_length"", ""fft_length"", ""sequence_length"", ""sequence_stride"", ""num_bits"", ""block_size"", ""kth""}:
    ^^^^
SyntaxError: invalid syntax",aef8159f182c372b,stage4/results/tensorflow-thesis-all-coverage/execution_results/tensorflow.keras.ops.nn.adaptive_average_pool.results.json,stage4/results/tensorflow-thesis-all-coverage/failure.csv,
tensorflow,tensorflow.keras.ops.nn.adaptive_max_pool,stage4_runtime,WorkerCrash,"Traceback (most recent call last):
  File ""<frozen runpy>"", line 198, in _run_module_as_main
  File ""<frozen runpy>"", line 88, in _run_code
  File ""/Users/aryansg/Desktop/DeepFuzz/stage4/stage4_worker.py"", line 27, in <module>
    from json2init.deepfuzz_common import (  # noqa: E402
    ...<7 lines>...
    )
  File ""/Users/aryansg/Desktop/DeepFuzz/json2init/deepfuzz_common.py"", line 321
    elif lname in {""axis"", ""dim"", ""depth"", ""k"", ""num"", ""count"", ""window_length"", ""fft_length"", ""sequence_length"", ""sequence_stride"", ""num_bits"", ""block_size"", ""kth""}:
    ^^^^
SyntaxError: invalid syntax",0e6c58287d0d0916,stage4/results/tensorflow-thesis-all-coverage/execution_results/tensorflow.keras.ops.nn.adaptive_max_pool.results.json,stage4/results/tensorflow-thesis-all-coverage/failure.csv,
tensorflow,tensorflow.keras.ops.nn.adaptive_max_pool,stage4_coverage,selected_function_line_coverage_percent=0 < 60,selected_function_line_coverage_percent=0 < 60,45185f265acbbe2c,,stage4/results/tensorflow-thesis-all-coverage/low_coverage.csv,
tensorflow,tensorflow.keras.ops.nn.adaptive_max_pool,stage4_coverage,uncovered_api,Stage 4 did not cover API; valid_programs=0 bugs=0,fa349ce50c4034af,stage4/results/tensorflow-thesis-all-coverage/coverage_report.json,stage4/results/tensorflow-thesis-all-coverage/coverage_report.json,
tensorflow,tensorflow.keras.ops.nn.average_pool,stage4_coverage,uncovered_api,Stage 4 did not cover API; valid_programs=0 bugs=0,5b5d2a69616cbd82,stage4/results/tensorflow-thesis-all-coverage/coverage_report.json,stage4/results/tensorflow-thesis-all-coverage/coverage_report.json,
tensorflow,tensorflow.keras.ops.nn.average_pool,stage4_coverage,selected_function_line_coverage_percent=0 < 60,selected_function_line_coverage_percent=0 < 60,e740827d0781a0bb,,stage4/results/tensorflow-thesis-all-coverage/low_coverage.csv,
tensorflow,tensorflow.keras.ops.nn.average_pool,stage4_runtime,WorkerCrash,"Traceback (most recent call last):
  File ""<frozen runpy>"", line 198, in _run_module_as_main
  File ""<frozen runpy>"", line 88, in _run_code
  File ""/Users/aryansg/Desktop/DeepFuzz/stage4/stage4_worker.py"", line 27, in <module>
    from json2init.deepfuzz_common import (  # noqa: E402
    ...<7 lines>...
    )
  File ""/Users/aryansg/Desktop/DeepFuzz/json2init/deepfuzz_common.py"", line 321
    elif lname in {""axis"", ""dim"", ""depth"", ""k"", ""num"", ""count"", ""window_length"", ""fft_length"", ""sequence_length"", ""sequence_stride"", ""num_bits"", ""block_size"", ""kth""}:
    ^^^^
SyntaxError: invalid syntax",f56be4fe311ac4a3,stage4/results/tensorflow-thesis-all-coverage/execution_results/tensorflow.keras.ops.nn.average_pool.results.json,stage4/results/tensorflow-thesis-all-coverage/failure.csv,
tensorflow,tensorflow.keras.ops.nn.binary_crossentropy,stage4_coverage,uncovered_api,Stage 4 did not cover API; valid_programs=0 bugs=0,7440d132e8caf29c,stage4/results/tensorflow-thesis-all-coverage/coverage_report.json,stage4/results/tensorflow-thesis-all-coverage/coverage_report.json,
tensorflow,tensorflow.keras.ops.nn.binary_crossentropy,stage4_coverage,selected_function_line_coverage_percent=0 < 60,selected_function_line_coverage_percent=0 < 60,773c63dd5e3ad8a2,,stage4/results/tensorflow-thesis-all-coverage/low_coverage.csv,
tensorflow,tensorflow.keras.ops.nn.binary_crossentropy,stage4_runtime,WorkerCrash,"Traceback (most recent call last):
  File ""<frozen runpy>"", line 198, in _run_module_as_main
  File ""<frozen runpy>"", line 88, in _run_code
  File ""/Users/aryansg/Desktop/DeepFuzz/stage4/stage4_worker.py"", line 27, in <module>
    from json2init.deepfuzz_common import (  # noqa: E402
    ...<7 lines>...
    )
  File ""/Users/aryansg/Desktop/DeepFuzz/json2init/deepfuzz_common.py"", line 321
    elif lname in {""axis"", ""dim"", ""depth"", ""k"", ""num"", ""count"", ""window_length"", ""fft_length"", ""sequence_length"", ""sequence_stride"", ""num_bits"", ""block_size"", ""kth""}:
    ^^^^
SyntaxError: invalid syntax",c626ffbfe86e3869,stage4/results/tensorflow-thesis-all-coverage/execution_results/tensorflow.keras.ops.nn.binary_crossentropy.results.json,stage4/results/tensorflow-thesis-all-coverage/failure.csv,
tensorflow,tensorflow.keras.ops.nn.categorical_crossentropy,stage4_coverage,uncovered_api,Stage 4 did not cover API; valid_programs=0 bugs=0,2b0ffb4714a908c2,stage4/results/tensorflow-thesis-all-coverage/coverage_report.json,stage4/results/tensorflow-thesis-all-coverage/coverage_report.json,
tensorflow,tensorflow.keras.ops.nn.categorical_crossentropy,stage4_coverage,selected_function_line_coverage_percent=0 < 60,selected_function_line_coverage_percent=0 < 60,7d7bbdc06846767c,,stage4/results/tensorflow-thesis-all-coverage/low_coverage.csv,
tensorflow,tensorflow.keras.ops.nn.categorical_crossentropy,stage4_runtime,WorkerCrash,"Traceback (most recent call last):
  File ""<frozen runpy>"", line 198, in _run_module_as_main
  File ""<frozen runpy>"", line 88, in _run_code
  File ""/Users/aryansg/Desktop/DeepFuzz/stage4/stage4_worker.py"", line 27, in <module>
    from json2init.deepfuzz_common import (  # noqa: E402
    ...<7 lines>...
    )
  File ""/Users/aryansg/Desktop/DeepFuzz/json2init/deepfuzz_common.py"", line 321
    elif lname in {""axis"", ""dim"", ""depth"", ""k"", ""num"", ""count"", ""window_length"", ""fft_length"", ""sequence_length"", ""sequence_stride"", ""num_bits"", ""block_size"", ""kth""}:
    ^^^^
SyntaxError: invalid syntax",d46c296351e37ba8,stage4/results/tensorflow-thesis-all-coverage/execution_results/tensorflow.keras.ops.nn.categorical_crossentropy.results.json,stage4/results/tensorflow-thesis-all-coverage/failure.csv,
tensorflow,tensorflow.keras.ops.nn.celu,stage4_coverage,selected_function_line_coverage_percent=0 < 60,selected_function_line_coverage_percent=0 < 60,9a970caab5caa4a2,,stage4/results/tensorflow-thesis-all-coverage/low_coverage.csv,
tensorflow,tensorflow.keras.ops.nn.celu,stage4_coverage,uncovered_api,Stage 4 did not cover API; valid_programs=0 bugs=0,ce0e1880427bc75d,stage4/results/tensorflow-thesis-all-coverage/coverage_report.json,stage4/results/tensorflow-thesis-all-coverage/coverage_report.json,
tensorflow,tensorflow.keras.ops.nn.celu,stage4_runtime,WorkerCrash,"Traceback (most recent call last):
  File ""<frozen runpy>"", line 198, in _run_module_as_main
  File ""<frozen runpy>"", line 88, in _run_code
  File ""/Users/aryansg/Desktop/DeepFuzz/stage4/stage4_worker.py"", line 27, in <module>
    from json2init.deepfuzz_common import (  # noqa: E402
    ...<7 lines>...
    )
  File ""/Users/aryansg/Desktop/DeepFuzz/json2init/deepfuzz_common.py"", line 321
    elif lname in {""axis"", ""dim"", ""depth"", ""k"", ""num"", ""count"", ""window_length"", ""fft_length"", ""sequence_length"", ""sequence_stride"", ""num_bits"", ""block_size"", ""kth""}:
    ^^^^
SyntaxError: invalid syntax",fba87fcaf1793487,stage4/results/tensorflow-thesis-all-coverage/execution_results/tensorflow.keras.ops.nn.celu.results.json,stage4/results/tensorflow-thesis-all-coverage/failure.csv,
tensorflow,tensorflow.keras.ops.nn.conv,stage4_runtime,WorkerCrash,"Traceback (most recent call last):
  File ""<frozen runpy>"", line 198, in _run_module_as_main
  File ""<frozen runpy>"", line 88, in _run_code
  File ""/Users/aryansg/Desktop/DeepFuzz/stage4/stage4_worker.py"", line 27, in <module>
    from json2init.deepfuzz_common import (  # noqa: E402
    ...<7 lines>...
    )
  File ""/Users/aryansg/Desktop/DeepFuzz/json2init/deepfuzz_common.py"", line 321
    elif lname in {""axis"", ""dim"", ""depth"", ""k"", ""num"", ""count"", ""window_length"", ""fft_length"", ""sequence_length"", ""sequence_stride"", ""num_bits"", ""block_size"", ""kth""}:
    ^^^^
SyntaxError: invalid syntax",0e67fde357b9ee3c,stage4/results/tensorflow-thesis-all-coverage/execution_results/tensorflow.keras.ops.nn.conv.results.json,stage4/results/tensorflow-thesis-all-coverage/failure.csv,
tensorflow,tensorflow.keras.ops.nn.conv,stage4_coverage,uncovered_api,Stage 4 did not cover API; valid_programs=0 bugs=0,ccc2c71abf06114f,stage4/results/tensorflow-thesis-all-coverage/coverage_report.json,stage4/results/tensorflow-thesis-all-coverage/coverage_report.json,
tensorflow,tensorflow.keras.ops.nn.conv,stage4_coverage,selected_function_line_coverage_percent=0 < 60,selected_function_line_coverage_percent=0 < 60,de7411566d15fc7c,,stage4/results/tensorflow-thesis-all-coverage/low_coverage.csv,
tensorflow,tensorflow.keras.ops.nn.conv_transpose,stage4_runtime,WorkerCrash,"Traceback (most recent call last):
  File ""<frozen runpy>"", line 198, in _run_module_as_main
  File ""<frozen runpy>"", line 88, in _run_code
  File ""/Users/aryansg/Desktop/DeepFuzz/stage4/stage4_worker.py"", line 27, in <module>
    from json2init.deepfuzz_common import (  # noqa: E402
    ...<7 lines>...
    )
  File ""/Users/aryansg/Desktop/DeepFuzz/json2init/deepfuzz_common.py"", line 321
    elif lname in {""axis"", ""dim"", ""depth"", ""k"", ""num"", ""count"", ""window_length"", ""fft_length"", ""sequence_length"", ""sequence_stride"", ""num_bits"", ""block_size"", ""kth""}:
    ^^^^
SyntaxError: invalid syntax",8595d023dea36077,stage4/results/tensorflow-thesis-all-coverage/execution_results/tensorflow.keras.ops.nn.conv_transpose.results.json,stage4/results/tensorflow-thesis-all-coverage/failure.csv,
tensorflow,tensorflow.keras.ops.nn.conv_transpose,stage4_coverage,uncovered_api,Stage 4 did not cover API; valid_programs=0 bugs=0,c036a620d40fd876,stage4/results/tensorflow-thesis-all-coverage/coverage_report.json,stage4/results/tensorflow-thesis-all-coverage/coverage_report.json,
tensorflow,tensorflow.keras.ops.nn.conv_transpose,stage4_coverage,selected_function_line_coverage_percent=0 < 60,selected_function_line_coverage_percent=0 < 60,cd5cc7fc7eb4765a,,stage4/results/tensorflow-thesis-all-coverage/low_coverage.csv,
tensorflow,tensorflow.keras.ops.nn.depthwise_conv,stage4_coverage,selected_function_line_coverage_percent=0 < 60,selected_function_line_coverage_percent=0 < 60,557d7e897835c612,,stage4/results/tensorflow-thesis-all-coverage/low_coverage.csv,
tensorflow,tensorflow.keras.ops.nn.depthwise_conv,stage4_coverage,uncovered_api,Stage 4 did not cover API; valid_programs=0 bugs=0,7dc837bb9bc42841,stage4/results/tensorflow-thesis-all-coverage/coverage_report.json,stage4/results/tensorflow-thesis-all-coverage/coverage_report.json,
tensorflow,tensorflow.keras.ops.nn.depthwise_conv,stage4_runtime,WorkerCrash,"Traceback (most recent call last):
  File ""<frozen runpy>"", line 198, in _run_module_as_main
  File ""<frozen runpy>"", line 88, in _run_code
  File ""/Users/aryansg/Desktop/DeepFuzz/stage4/stage4_worker.py"", line 27, in <module>
    from json2init.deepfuzz_common import (  # noqa: E402
    ...<7 lines>...
    )
  File ""/Users/aryansg/Desktop/DeepFuzz/json2init/deepfuzz_common.py"", line 321
    elif lname in {""axis"", ""dim"", ""depth"", ""k"", ""num"", ""count"", ""window_length"", ""fft_length"", ""sequence_length"", ""sequence_stride"", ""num_bits"", ""block_size"", ""kth""}:
    ^^^^
SyntaxError: invalid syntax",cda842956e08165f,stage4/results/tensorflow-thesis-all-coverage/execution_results/tensorflow.keras.ops.nn.depthwise_conv.results.json,stage4/results/tensorflow-thesis-all-coverage/failure.csv,
tensorflow,tensorflow.keras.ops.nn.elu,stage4_coverage,uncovered_api,Stage 4 did not cover API; valid_programs=0 bugs=0,5ae5f2c4bec4a104,stage4/results/tensorflow-thesis-all-coverage/coverage_report.json,stage4/results/tensorflow-thesis-all-coverage/coverage_report.json,
tensorflow,tensorflow.keras.ops.nn.elu,stage4_coverage,selected_function_line_coverage_percent=0 < 60,selected_function_line_coverage_percent=0 < 60,76f22b5a1ecc5adc,,stage4/results/tensorflow-thesis-all-coverage/low_coverage.csv,
tensorflow,tensorflow.keras.ops.nn.elu,stage4_runtime,WorkerCrash,"Traceback (most recent call last):
  File ""<frozen runpy>"", line 198, in _run_module_as_main
  File ""<frozen runpy>"", line 88, in _run_code
  File ""/Users/aryansg/Desktop/DeepFuzz/stage4/stage4_worker.py"", line 27, in <module>
    from json2init.deepfuzz_common import (  # noqa: E402
    ...<7 lines>...
    )
  File ""/Users/aryansg/Desktop/DeepFuzz/json2init/deepfuzz_common.py"", line 321
    elif lname in {""axis"", ""dim"", ""depth"", ""k"", ""num"", ""count"", ""window_length"", ""fft_length"", ""sequence_length"", ""sequence_stride"", ""num_bits"", ""block_size"", ""kth""}:
    ^^^^
SyntaxError: invalid syntax",b7b5902c5b7a7213,stage4/results/tensorflow-thesis-all-coverage/execution_results/tensorflow.keras.ops.nn.elu.results.json,stage4/results/tensorflow-thesis-all-coverage/failure.csv,
tensorflow,tensorflow.keras.ops.nn.gelu,stage4_coverage,selected_function_line_coverage_percent=0 < 60,selected_function_line_coverage_percent=0 < 60,7e65e0d6f1edc840,,stage4/results/tensorflow-thesis-all-coverage/low_coverage.csv,
tensorflow,tensorflow.keras.ops.nn.gelu,stage4_runtime,WorkerCrash,"Traceback (most recent call last):
  File ""<frozen runpy>"", line 198, in _run_module_as_main
  File ""<frozen runpy>"", line 88, in _run_code
  File ""/Users/aryansg/Desktop/DeepFuzz/stage4/stage4_worker.py"", line 27, in <module>
    from json2init.deepfuzz_common import (  # noqa: E402
    ...<7 lines>...
    )
  File ""/Users/aryansg/Desktop/DeepFuzz/json2init/deepfuzz_common.py"", line 321
    elif lname in {""axis"", ""dim"", ""depth"", ""k"", ""num"", ""count"", ""window_length"", ""fft_length"", ""sequence_length"", ""sequence_stride"", ""num_bits"", ""block_size"", ""kth""}:
    ^^^^
SyntaxError: invalid syntax",eca901f5cf513661,stage4/results/tensorflow-thesis-all-coverage/execution_results/tensorflow.keras.ops.nn.gelu.results.json,stage4/results/tensorflow-thesis-all-coverage/failure.csv,
tensorflow,tensorflow.keras.ops.nn.gelu,stage4_coverage,uncovered_api,Stage 4 did not cover API; valid_programs=0 bugs=0,fc5c5410696b2b17,stage4/results/tensorflow-thesis-all-coverage/coverage_report.json,stage4/results/tensorflow-thesis-all-coverage/coverage_report.json,
tensorflow,tensorflow.keras.ops.nn.glu,stage4_coverage,selected_function_line_coverage_percent=0 < 60,selected_function_line_coverage_percent=0 < 60,9e798f214eb52b53,,stage4/results/tensorflow-thesis-all-coverage/low_coverage.csv,
tensorflow,tensorflow.keras.ops.nn.glu,stage4_coverage,uncovered_api,Stage 4 did not cover API; valid_programs=0 bugs=0,d2829ed46ebccb22,stage4/results/tensorflow-thesis-all-coverage/coverage_report.json,stage4/results/tensorflow-thesis-all-coverage/coverage_report.json,
tensorflow,tensorflow.keras.ops.nn.glu,stage4_runtime,WorkerCrash,"Traceback (most recent call last):
  File ""<frozen runpy>"", line 198, in _run_module_as_main
  File ""<frozen runpy>"", line 88, in _run_code
  File ""/Users/aryansg/Desktop/DeepFuzz/stage4/stage4_worker.py"", line 27, in <module>
    from json2init.deepfuzz_common import (  # noqa: E402
    ...<7 lines>...
    )
  File ""/Users/aryansg/Desktop/DeepFuzz/json2init/deepfuzz_common.py"", line 321
    elif lname in {""axis"", ""dim"", ""depth"", ""k"", ""num"", ""count"", ""window_length"", ""fft_length"", ""sequence_length"", ""sequence_stride"", ""num_bits"", ""block_size"", ""kth""}:
    ^^^^
SyntaxError: invalid syntax",ea7bc060d7f46be5,stage4/results/tensorflow-thesis-all-coverage/execution_results/tensorflow.keras.ops.nn.glu.results.json,stage4/results/tensorflow-thesis-all-coverage/failure.csv,
tensorflow,tensorflow.keras.ops.nn.hard_shrink,stage4_coverage,uncovered_api,Stage 4 did not cover API; valid_programs=0 bugs=0,1834487dd164dcdd,stage4/results/tensorflow-thesis-all-coverage/coverage_report.json,stage4/results/tensorflow-thesis-all-coverage/coverage_report.json,
tensorflow,tensorflow.keras.ops.nn.hard_shrink,stage4_coverage,selected_function_line_coverage_percent=0 < 60,selected_function_line_coverage_percent=0 < 60,4b7e1427d8c134ed,,stage4/results/tensorflow-thesis-all-coverage/low_coverage.csv,
tensorflow,tensorflow.keras.ops.nn.hard_shrink,stage4_runtime,WorkerCrash,"Traceback (most recent call last):
  File ""<frozen runpy>"", line 198, in _run_module_as_main
  File ""<frozen runpy>"", line 88, in _run_code
  File ""/Users/aryansg/Desktop/DeepFuzz/stage4/stage4_worker.py"", line 27, in <module>
    from json2init.deepfuzz_common import (  # noqa: E402
    ...<7 lines>...
    )
  File ""/Users/aryansg/Desktop/DeepFuzz/json2init/deepfuzz_common.py"", line 321
    elif lname in {""axis"", ""dim"", ""depth"", ""k"", ""num"", ""count"", ""window_length"", ""fft_length"", ""sequence_length"", ""sequence_stride"", ""num_bits"", ""block_size"", ""kth""}:
    ^^^^
SyntaxError: invalid syntax",b3f23e62610d6533,stage4/results/tensorflow-thesis-all-coverage/execution_results/tensorflow.keras.ops.nn.hard_shrink.results.json,stage4/results/tensorflow-thesis-all-coverage/failure.csv,
tensorflow,tensorflow.keras.ops.nn.hard_sigmoid,stage4_coverage,uncovered_api,Stage 4 did not cover API; valid_programs=0 bugs=0,4797fd2ab5dc68bb,stage4/results/tensorflow-thesis-all-coverage/coverage_report.json,stage4/results/tensorflow-thesis-all-coverage/coverage_report.json,
tensorflow,tensorflow.keras.ops.nn.hard_sigmoid,stage4_coverage,selected_function_line_coverage_percent=0 < 60,selected_function_line_coverage_percent=0 < 60,d26d12b0793dd151,,stage4/results/tensorflow-thesis-all-coverage/low_coverage.csv,
tensorflow,tensorflow.keras.ops.nn.hard_sigmoid,stage4_runtime,WorkerCrash,"Traceback (most recent call last):
  File ""<frozen runpy>"", line 198, in _run_module_as_main
  File ""<frozen runpy>"", line 88, in _run_code
  File ""/Users/aryansg/Desktop/DeepFuzz/stage4/stage4_worker.py"", line 27, in <module>
    from json2init.deepfuzz_common import (  # noqa: E402
    ...<7 lines>...
    )
  File ""/Users/aryansg/Desktop/DeepFuzz/json2init/deepfuzz_common.py"", line 321
    elif lname in {""axis"", ""dim"", ""depth"", ""k"", ""num"", ""count"", ""window_length"", ""fft_length"", ""sequence_length"", ""sequence_stride"", ""num_bits"", ""block_size"", ""kth""}:
    ^^^^
SyntaxError: invalid syntax",f7ce215c2cf6d06c,stage4/results/tensorflow-thesis-all-coverage/execution_results/tensorflow.keras.ops.nn.hard_sigmoid.results.json,stage4/results/tensorflow-thesis-all-coverage/failure.csv,
tensorflow,tensorflow.keras.ops.nn.hard_silu,stage4_runtime,WorkerCrash,"Traceback (most recent call last):
  File ""<frozen runpy>"", line 198, in _run_module_as_main
  File ""<frozen runpy>"", line 88, in _run_code
  File ""/Users/aryansg/Desktop/DeepFuzz/stage4/stage4_worker.py"", line 27, in <module>
    from json2init.deepfuzz_common import (  # noqa: E402
    ...<7 lines>...
    )
  File ""/Users/aryansg/Desktop/DeepFuzz/json2init/deepfuzz_common.py"", line 321
    elif lname in {""axis"", ""dim"", ""depth"", ""k"", ""num"", ""count"", ""window_length"", ""fft_length"", ""sequence_length"", ""sequence_stride"", ""num_bits"", ""block_size"", ""kth""}:
    ^^^^
SyntaxError: invalid syntax",39c2e845e079339c,stage4/results/tensorflow-thesis-all-coverage/execution_results/tensorflow.keras.ops.nn.hard_silu.results.json,stage4/results/tensorflow-thesis-all-coverage/failure.csv,
tensorflow,tensorflow.keras.ops.nn.hard_silu,stage4_coverage,selected_function_line_coverage_percent=0 < 60,selected_function_line_coverage_percent=0 < 60,6028ad99796d95f4,,stage4/results/tensorflow-thesis-all-coverage/low_coverage.csv,
tensorflow,tensorflow.keras.ops.nn.hard_silu,stage4_coverage,uncovered_api,Stage 4 did not cover API; valid_programs=0 bugs=0,e35156847219fbcb,stage4/results/tensorflow-thesis-all-coverage/coverage_report.json,stage4/results/tensorflow-thesis-all-coverage/coverage_report.json,
tensorflow,tensorflow.keras.ops.nn.hard_swish,stage4_coverage,uncovered_api,Stage 4 did not cover API; valid_programs=0 bugs=0,110d78b6f74401ec,stage4/results/tensorflow-thesis-all-coverage/coverage_report.json,stage4/results/tensorflow-thesis-all-coverage/coverage_report.json,
tensorflow,tensorflow.keras.ops.nn.hard_swish,stage4_runtime,WorkerCrash,"Traceback (most recent call last):
  File ""<frozen runpy>"", line 198, in _run_module_as_main
  File ""<frozen runpy>"", line 88, in _run_code
  File ""/Users/aryansg/Desktop/DeepFuzz/stage4/stage4_worker.py"", line 27, in <module>
    from json2init.deepfuzz_common import (  # noqa: E402
    ...<7 lines>...
    )
  File ""/Users/aryansg/Desktop/DeepFuzz/json2init/deepfuzz_common.py"", line 321
    elif lname in {""axis"", ""dim"", ""depth"", ""k"", ""num"", ""count"", ""window_length"", ""fft_length"", ""sequence_length"", ""sequence_stride"", ""num_bits"", ""block_size"", ""kth""}:
    ^^^^
SyntaxError: invalid syntax",f2ae2a4172ee9063,stage4/results/tensorflow-thesis-all-coverage/execution_results/tensorflow.keras.ops.nn.hard_swish.results.json,stage4/results/tensorflow-thesis-all-coverage/failure.csv,
tensorflow,tensorflow.keras.ops.nn.hard_swish,stage4_coverage,selected_function_line_coverage_percent=0 < 60,selected_function_line_coverage_percent=0 < 60,f7fbc3cba3dacd6c,,stage4/results/tensorflow-thesis-all-coverage/low_coverage.csv,
tensorflow,tensorflow.keras.ops.nn.hard_tanh,stage4_runtime,WorkerCrash,"Traceback (most recent call last):
  File ""<frozen runpy>"", line 198, in _run_module_as_main
  File ""<frozen runpy>"", line 88, in _run_code
  File ""/Users/aryansg/Desktop/DeepFuzz/stage4/stage4_worker.py"", line 27, in <module>
    from json2init.deepfuzz_common import (  # noqa: E402
    ...<7 lines>...
    )
  File ""/Users/aryansg/Desktop/DeepFuzz/json2init/deepfuzz_common.py"", line 321
    elif lname in {""axis"", ""dim"", ""depth"", ""k"", ""num"", ""count"", ""window_length"", ""fft_length"", ""sequence_length"", ""sequence_stride"", ""num_bits"", ""block_size"", ""kth""}:
    ^^^^
SyntaxError: invalid syntax",0628a26c424baad8,stage4/results/tensorflow-thesis-all-coverage/execution_results/tensorflow.keras.ops.nn.hard_tanh.results.json,stage4/results/tensorflow-thesis-all-coverage/failure.csv,
tensorflow,tensorflow.keras.ops.nn.hard_tanh,stage4_coverage,selected_function_line_coverage_percent=0 < 60,selected_function_line_coverage_percent=0 < 60,982931e8522db978,,stage4/results/tensorflow-thesis-all-coverage/low_coverage.csv,
tensorflow,tensorflow.keras.ops.nn.hard_tanh,stage4_coverage,uncovered_api,Stage 4 did not cover API; valid_programs=0 bugs=0,d4f42eb3bdb631ae,stage4/results/tensorflow-thesis-all-coverage/coverage_report.json,stage4/results/tensorflow-thesis-all-coverage/coverage_report.json,
tensorflow,tensorflow.keras.ops.nn.leaky_relu,stage4_coverage,uncovered_api,Stage 4 did not cover API; valid_programs=0 bugs=0,a68d7c967b7198e0,stage4/results/tensorflow-thesis-all-coverage/coverage_report.json,stage4/results/tensorflow-thesis-all-coverage/coverage_report.json,
tensorflow,tensorflow.keras.ops.nn.leaky_relu,stage4_runtime,WorkerCrash,"Traceback (most recent call last):
  File ""<frozen runpy>"", line 198, in _run_module_as_main
  File ""<frozen runpy>"", line 88, in _run_code
  File ""/Users/aryansg/Desktop/DeepFuzz/stage4/stage4_worker.py"", line 27, in <module>
    from json2init.deepfuzz_common import (  # noqa: E402
    ...<7 lines>...
    )
  File ""/Users/aryansg/Desktop/DeepFuzz/json2init/deepfuzz_common.py"", line 321
    elif lname in {""axis"", ""dim"", ""depth"", ""k"", ""num"", ""count"", ""window_length"", ""fft_length"", ""sequence_length"", ""sequence_stride"", ""num_bits"", ""block_size"", ""kth""}:
    ^^^^
SyntaxError: invalid syntax",c04d6dbae17f9baf,stage4/results/tensorflow-thesis-all-coverage/execution_results/tensorflow.keras.ops.nn.leaky_relu.results.json,stage4/results/tensorflow-thesis-all-coverage/failure.csv,
tensorflow,tensorflow.keras.ops.nn.leaky_relu,stage4_coverage,selected_function_line_coverage_percent=0 < 60,selected_function_line_coverage_percent=0 < 60,e1678d00a410a518,,stage4/results/tensorflow-thesis-all-coverage/low_coverage.csv,
tensorflow,tensorflow.keras.ops.nn.log_sigmoid,stage4_coverage,selected_function_line_coverage_percent=0 < 60,selected_function_line_coverage_percent=0 < 60,47997c8afff95d6f,,stage4/results/tensorflow-thesis-all-coverage/low_coverage.csv,
tensorflow,tensorflow.keras.ops.nn.log_sigmoid,stage4_runtime,WorkerCrash,"Traceback (most recent call last):
  File ""<frozen runpy>"", line 198, in _run_module_as_main
  File ""<frozen runpy>"", line 88, in _run_code
  File ""/Users/aryansg/Desktop/DeepFuzz/stage4/stage4_worker.py"", line 27, in <module>
    from json2init.deepfuzz_common import (  # noqa: E402
    ...<7 lines>...
    )
  File ""/Users/aryansg/Desktop/DeepFuzz/json2init/deepfuzz_common.py"", line 321
    elif lname in {""axis"", ""dim"", ""depth"", ""k"", ""num"", ""count"", ""window_length"", ""fft_length"", ""sequence_length"", ""sequence_stride"", ""num_bits"", ""block_size"", ""kth""}:
    ^^^^
SyntaxError: invalid syntax",a35cf21985950467,stage4/results/tensorflow-thesis-all-coverage/execution_results/tensorflow.keras.ops.nn.log_sigmoid.results.json,stage4/results/tensorflow-thesis-all-coverage/failure.csv,
tensorflow,tensorflow.keras.ops.nn.log_sigmoid,stage4_coverage,uncovered_api,Stage 4 did not cover API; valid_programs=0 bugs=0,af57bdbffa12e5a1,stage4/results/tensorflow-thesis-all-coverage/coverage_report.json,stage4/results/tensorflow-thesis-all-coverage/coverage_report.json,
tensorflow,tensorflow.keras.ops.nn.log_softmax,stage4_coverage,selected_function_line_coverage_percent=0 < 60,selected_function_line_coverage_percent=0 < 60,2a91c15af80f6b22,,stage4/results/tensorflow-thesis-all-coverage/low_coverage.csv,
tensorflow,tensorflow.keras.ops.nn.log_softmax,stage4_runtime,WorkerCrash,"Traceback (most recent call last):
  File ""<frozen runpy>"", line 198, in _run_module_as_main
  File ""<frozen runpy>"", line 88, in _run_code
  File ""/Users/aryansg/Desktop/DeepFuzz/stage4/stage4_worker.py"", line 27, in <module>
    from json2init.deepfuzz_common import (  # noqa: E402
    ...<7 lines>...
    )
  File ""/Users/aryansg/Desktop/DeepFuzz/json2init/deepfuzz_common.py"", line 321
    elif lname in {""axis"", ""dim"", ""depth"", ""k"", ""num"", ""count"", ""window_length"", ""fft_length"", ""sequence_length"", ""sequence_stride"", ""num_bits"", ""block_size"", ""kth""}:
    ^^^^
SyntaxError: invalid syntax",44437b33f75a0155,stage4/results/tensorflow-thesis-all-coverage/execution_results/tensorflow.keras.ops.nn.log_softmax.results.json,stage4/results/tensorflow-thesis-all-coverage/failure.csv,
tensorflow,tensorflow.keras.ops.nn.log_softmax,stage4_coverage,uncovered_api,Stage 4 did not cover API; valid_programs=0 bugs=0,9f869a36f92882df,stage4/results/tensorflow-thesis-all-coverage/coverage_report.json,stage4/results/tensorflow-thesis-all-coverage/coverage_report.json,
tensorflow,tensorflow.keras.ops.nn.max_pool,stage4_coverage,selected_function_line_coverage_percent=0 < 60,selected_function_line_coverage_percent=0 < 60,4d848ebb3baa8e4c,,stage4/results/tensorflow-thesis-all-coverage/low_coverage.csv,
tensorflow,tensorflow.keras.ops.nn.max_pool,stage4_runtime,WorkerCrash,"Traceback (most recent call last):
  File ""<frozen runpy>"", line 198, in _run_module_as_main
  File ""<frozen runpy>"", line 88, in _run_code
  File ""/Users/aryansg/Desktop/DeepFuzz/stage4/stage4_worker.py"", line 27, in <module>
    from json2init.deepfuzz_common import (  # noqa: E402
    ...<7 lines>...
    )
  File ""/Users/aryansg/Desktop/DeepFuzz/json2init/deepfuzz_common.py"", line 321
    elif lname in {""axis"", ""dim"", ""depth"", ""k"", ""num"", ""count"", ""window_length"", ""fft_length"", ""sequence_length"", ""sequence_stride"", ""num_bits"", ""block_size"", ""kth""}:
    ^^^^
SyntaxError: invalid syntax",728cd56e3aa8d475,stage4/results/tensorflow-thesis-all-coverage/execution_results/tensorflow.keras.ops.nn.max_pool.results.json,stage4/results/tensorflow-thesis-all-coverage/failure.csv,
tensorflow,tensorflow.keras.ops.nn.max_pool,stage4_coverage,uncovered_api,Stage 4 did not cover API; valid_programs=0 bugs=0,e4bc4ddb03959575,stage4/results/tensorflow-thesis-all-coverage/coverage_report.json,stage4/results/tensorflow-thesis-all-coverage/coverage_report.json,
tensorflow,tensorflow.keras.ops.nn.polar,stage4_coverage,uncovered_api,Stage 4 did not cover API; valid_programs=0 bugs=0,11b6d0a459b7ab16,stage4/results/tensorflow-thesis-all-coverage/coverage_report.json,stage4/results/tensorflow-thesis-all-coverage/coverage_report.json,
tensorflow,tensorflow.keras.ops.nn.polar,stage4_runtime,WorkerCrash,"Traceback (most recent call last):
  File ""<frozen runpy>"", line 198, in _run_module_as_main
  File ""<frozen runpy>"", line 88, in _run_code
  File ""/Users/aryansg/Desktop/DeepFuzz/stage4/stage4_worker.py"", line 27, in <module>
    from json2init.deepfuzz_common import (  # noqa: E402
    ...<7 lines>...
    )
  File ""/Users/aryansg/Desktop/DeepFuzz/json2init/deepfuzz_common.py"", line 321
    elif lname in {""axis"", ""dim"", ""depth"", ""k"", ""num"", ""count"", ""window_length"", ""fft_length"", ""sequence_length"", ""sequence_stride"", ""num_bits"", ""block_size"", ""kth""}:
    ^^^^
SyntaxError: invalid syntax",1a1a6d5557060c25,stage4/results/tensorflow-thesis-all-coverage/execution_results/tensorflow.keras.ops.nn.polar.results.json,stage4/results/tensorflow-thesis-all-coverage/failure.csv,
tensorflow,tensorflow.keras.ops.nn.polar,stage4_coverage,selected_function_line_coverage_percent=0 < 60,selected_function_line_coverage_percent=0 < 60,5526885c177d86cc,,stage4/results/tensorflow-thesis-all-coverage/low_coverage.csv,
tensorflow,tensorflow.keras.ops.nn.relu,stage4_coverage,uncovered_api,Stage 4 did not cover API; valid_programs=0 bugs=0,4b286d3821dfb4b6,stage4/results/tensorflow-thesis-all-coverage/coverage_report.json,stage4/results/tensorflow-thesis-all-coverage/coverage_report.json,
tensorflow,tensorflow.keras.ops.nn.relu,stage4_coverage,selected_function_line_coverage_percent=0 < 60,selected_function_line_coverage_percent=0 < 60,6ea48e4db78f5f0c,,stage4/results/tensorflow-thesis-all-coverage/low_coverage.csv,
tensorflow,tensorflow.keras.ops.nn.relu,stage4_runtime,WorkerCrash,"Traceback (most recent call last):
  File ""<frozen runpy>"", line 198, in _run_module_as_main
  File ""<frozen runpy>"", line 88, in _run_code
  File ""/Users/aryansg/Desktop/DeepFuzz/stage4/stage4_worker.py"", line 27, in <module>
    from json2init.deepfuzz_common import (  # noqa: E402
    ...<7 lines>...
    )
  File ""/Users/aryansg/Desktop/DeepFuzz/json2init/deepfuzz_common.py"", line 321
    elif lname in {""axis"", ""dim"", ""depth"", ""k"", ""num"", ""count"", ""window_length"", ""fft_length"", ""sequence_length"", ""sequence_stride"", ""num_bits"", ""block_size"", ""kth""}:
    ^^^^
SyntaxError: invalid syntax",7a7e2afa6ee91a65,stage4/results/tensorflow-thesis-all-coverage/execution_results/tensorflow.keras.ops.nn.relu.results.json,stage4/results/tensorflow-thesis-all-coverage/failure.csv,
tensorflow,tensorflow.keras.ops.nn.relu6,stage4_coverage,selected_function_line_coverage_percent=0 < 60,selected_function_line_coverage_percent=0 < 60,a9cf82c1bd736f04,,stage4/results/tensorflow-thesis-all-coverage/low_coverage.csv,
tensorflow,tensorflow.keras.ops.nn.relu6,stage4_coverage,uncovered_api,Stage 4 did not cover API; valid_programs=0 bugs=0,bd6603b3bddfc76a,stage4/results/tensorflow-thesis-all-coverage/coverage_report.json,stage4/results/tensorflow-thesis-all-coverage/coverage_report.json,
tensorflow,tensorflow.keras.ops.nn.relu6,stage4_runtime,WorkerCrash,"Traceback (most recent call last):
  File ""<frozen runpy>"", line 198, in _run_module_as_main
  File ""<frozen runpy>"", line 88, in _run_code
  File ""/Users/aryansg/Desktop/DeepFuzz/stage4/stage4_worker.py"", line 27, in <module>
    from json2init.deepfuzz_common import (  # noqa: E402
    ...<7 lines>...
    )
  File ""/Users/aryansg/Desktop/DeepFuzz/json2init/deepfuzz_common.py"", line 321
    elif lname in {""axis"", ""dim"", ""depth"", ""k"", ""num"", ""count"", ""window_length"", ""fft_length"", ""sequence_length"", ""sequence_stride"", ""num_bits"", ""block_size"", ""kth""}:
    ^^^^
SyntaxError: invalid syntax",dee69f8d31183abf,stage4/results/tensorflow-thesis-all-coverage/execution_results/tensorflow.keras.ops.nn.relu6.results.json,stage4/results/tensorflow-thesis-all-coverage/failure.csv,
tensorflow,tensorflow.keras.ops.nn.selu,stage4_runtime,WorkerCrash,"Traceback (most recent call last):
  File ""<frozen runpy>"", line 198, in _run_module_as_main
  File ""<frozen runpy>"", line 88, in _run_code
  File ""/Users/aryansg/Desktop/DeepFuzz/stage4/stage4_worker.py"", line 27, in <module>
    from json2init.deepfuzz_common import (  # noqa: E402
    ...<7 lines>...
    )
  File ""/Users/aryansg/Desktop/DeepFuzz/json2init/deepfuzz_common.py"", line 321
    elif lname in {""axis"", ""dim"", ""depth"", ""k"", ""num"", ""count"", ""window_length"", ""fft_length"", ""sequence_length"", ""sequence_stride"", ""num_bits"", ""block_size"", ""kth""}:
    ^^^^
SyntaxError: invalid syntax",208aae9cc876886e,stage4/results/tensorflow-thesis-all-coverage/execution_results/tensorflow.keras.ops.nn.selu.results.json,stage4/results/tensorflow-thesis-all-coverage/failure.csv,
tensorflow,tensorflow.keras.ops.nn.selu,stage4_coverage,uncovered_api,Stage 4 did not cover API; valid_programs=0 bugs=0,b9d2f5c97d34ffed,stage4/results/tensorflow-thesis-all-coverage/coverage_report.json,stage4/results/tensorflow-thesis-all-coverage/coverage_report.json,
tensorflow,tensorflow.keras.ops.nn.selu,stage4_coverage,selected_function_line_coverage_percent=0 < 60,selected_function_line_coverage_percent=0 < 60,d3d7dbdb91fef0d1,,stage4/results/tensorflow-thesis-all-coverage/low_coverage.csv,
tensorflow,tensorflow.keras.ops.nn.sigmoid,stage4_coverage,selected_function_line_coverage_percent=0 < 60,selected_function_line_coverage_percent=0 < 60,4a297afaf6e0cc79,,stage4/results/tensorflow-thesis-all-coverage/low_coverage.csv,
tensorflow,tensorflow.keras.ops.nn.sigmoid,stage4_runtime,WorkerCrash,"Traceback (most recent call last):
  File ""<frozen runpy>"", line 198, in _run_module_as_main
  File ""<frozen runpy>"", line 88, in _run_code
  File ""/Users/aryansg/Desktop/DeepFuzz/stage4/stage4_worker.py"", line 27, in <module>
    from json2init.deepfuzz_common import (  # noqa: E402
    ...<7 lines>...
    )
  File ""/Users/aryansg/Desktop/DeepFuzz/json2init/deepfuzz_common.py"", line 321
    elif lname in {""axis"", ""dim"", ""depth"", ""k"", ""num"", ""count"", ""window_length"", ""fft_length"", ""sequence_length"", ""sequence_stride"", ""num_bits"", ""block_size"", ""kth""}:
    ^^^^
SyntaxError: invalid syntax",e82260f3db33efb9,stage4/results/tensorflow-thesis-all-coverage/execution_results/tensorflow.keras.ops.nn.sigmoid.results.json,stage4/results/tensorflow-thesis-all-coverage/failure.csv,
tensorflow,tensorflow.keras.ops.nn.sigmoid,stage4_coverage,uncovered_api,Stage 4 did not cover API; valid_programs=0 bugs=0,f5899391a86cf091,stage4/results/tensorflow-thesis-all-coverage/coverage_report.json,stage4/results/tensorflow-thesis-all-coverage/coverage_report.json,
tensorflow,tensorflow.keras.ops.nn.silu,stage4_coverage,uncovered_api,Stage 4 did not cover API; valid_programs=0 bugs=0,07d1221018588430,stage4/results/tensorflow-thesis-all-coverage/coverage_report.json,stage4/results/tensorflow-thesis-all-coverage/coverage_report.json,
tensorflow,tensorflow.keras.ops.nn.silu,stage4_runtime,WorkerCrash,"Traceback (most recent call last):
  File ""<frozen runpy>"", line 198, in _run_module_as_main
  File ""<frozen runpy>"", line 88, in _run_code
  File ""/Users/aryansg/Desktop/DeepFuzz/stage4/stage4_worker.py"", line 27, in <module>
    from json2init.deepfuzz_common import (  # noqa: E402
    ...<7 lines>...
    )
  File ""/Users/aryansg/Desktop/DeepFuzz/json2init/deepfuzz_common.py"", line 321
    elif lname in {""axis"", ""dim"", ""depth"", ""k"", ""num"", ""count"", ""window_length"", ""fft_length"", ""sequence_length"", ""sequence_stride"", ""num_bits"", ""block_size"", ""kth""}:
    ^^^^
SyntaxError: invalid syntax",b28b2541ba682271,stage4/results/tensorflow-thesis-all-coverage/execution_results/tensorflow.keras.ops.nn.silu.results.json,stage4/results/tensorflow-thesis-all-coverage/failure.csv,
tensorflow,tensorflow.keras.ops.nn.silu,stage4_coverage,selected_function_line_coverage_percent=0 < 60,selected_function_line_coverage_percent=0 < 60,c71f42c1906f25e3,,stage4/results/tensorflow-thesis-all-coverage/low_coverage.csv,
tensorflow,tensorflow.keras.ops.nn.soft_shrink,stage4_coverage,uncovered_api,Stage 4 did not cover API; valid_programs=0 bugs=0,01876ea50dbb3544,stage4/results/tensorflow-thesis-all-coverage/coverage_report.json,stage4/results/tensorflow-thesis-all-coverage/coverage_report.json,
tensorflow,tensorflow.keras.ops.nn.soft_shrink,stage4_runtime,WorkerCrash,"Traceback (most recent call last):
  File ""<frozen runpy>"", line 198, in _run_module_as_main
  File ""<frozen runpy>"", line 88, in _run_code
  File ""/Users/aryansg/Desktop/DeepFuzz/stage4/stage4_worker.py"", line 27, in <module>
    from json2init.deepfuzz_common import (  # noqa: E402
    ...<7 lines>...
    )
  File ""/Users/aryansg/Desktop/DeepFuzz/json2init/deepfuzz_common.py"", line 321
    elif lname in {""axis"", ""dim"", ""depth"", ""k"", ""num"", ""count"", ""window_length"", ""fft_length"", ""sequence_length"", ""sequence_stride"", ""num_bits"", ""block_size"", ""kth""}:
    ^^^^
SyntaxError: invalid syntax",59f7eff25ad88415,stage4/results/tensorflow-thesis-all-coverage/execution_results/tensorflow.keras.ops.nn.soft_shrink.results.json,stage4/results/tensorflow-thesis-all-coverage/failure.csv,
tensorflow,tensorflow.keras.ops.nn.soft_shrink,stage4_coverage,selected_function_line_coverage_percent=0 < 60,selected_function_line_coverage_percent=0 < 60,78a83268f123c780,,stage4/results/tensorflow-thesis-all-coverage/low_coverage.csv,
tensorflow,tensorflow.keras.ops.nn.softmax,stage4_coverage,uncovered_api,Stage 4 did not cover API; valid_programs=0 bugs=0,231624d4bc0666dc,stage4/results/tensorflow-thesis-all-coverage/coverage_report.json,stage4/results/tensorflow-thesis-all-coverage/coverage_report.json,
tensorflow,tensorflow.keras.ops.nn.softmax,stage4_runtime,WorkerCrash,"Traceback (most recent call last):
  File ""<frozen runpy>"", line 198, in _run_module_as_main
  File ""<frozen runpy>"", line 88, in _run_code
  File ""/Users/aryansg/Desktop/DeepFuzz/stage4/stage4_worker.py"", line 27, in <module>
    from json2init.deepfuzz_common import (  # noqa: E402
    ...<7 lines>...
    )
  File ""/Users/aryansg/Desktop/DeepFuzz/json2init/deepfuzz_common.py"", line 321
    elif lname in {""axis"", ""dim"", ""depth"", ""k"", ""num"", ""count"", ""window_length"", ""fft_length"", ""sequence_length"", ""sequence_stride"", ""num_bits"", ""block_size"", ""kth""}:
    ^^^^
SyntaxError: invalid syntax",4b96d78ed974b360,stage4/results/tensorflow-thesis-all-coverage/execution_results/tensorflow.keras.ops.nn.softmax.results.json,stage4/results/tensorflow-thesis-all-coverage/failure.csv,
tensorflow,tensorflow.keras.ops.nn.softmax,stage4_coverage,selected_function_line_coverage_percent=0 < 60,selected_function_line_coverage_percent=0 < 60,fef7e036c5033cca,,stage4/results/tensorflow-thesis-all-coverage/low_coverage.csv,
tensorflow,tensorflow.keras.ops.nn.softplus,stage4_coverage,selected_function_line_coverage_percent=0 < 60,selected_function_line_coverage_percent=0 < 60,59c2e7cfc33bbea0,,stage4/results/tensorflow-thesis-all-coverage/low_coverage.csv,
tensorflow,tensorflow.keras.ops.nn.softplus,stage4_runtime,WorkerCrash,"Traceback (most recent call last):
  File ""<frozen runpy>"", line 198, in _run_module_as_main
  File ""<frozen runpy>"", line 88, in _run_code
  File ""/Users/aryansg/Desktop/DeepFuzz/stage4/stage4_worker.py"", line 27, in <module>
    from json2init.deepfuzz_common import (  # noqa: E402
    ...<7 lines>...
    )
  File ""/Users/aryansg/Desktop/DeepFuzz/json2init/deepfuzz_common.py"", line 321
    elif lname in {""axis"", ""dim"", ""depth"", ""k"", ""num"", ""count"", ""window_length"", ""fft_length"", ""sequence_length"", ""sequence_stride"", ""num_bits"", ""block_size"", ""kth""}:
    ^^^^
SyntaxError: invalid syntax",9c5190ca86a35cef,stage4/results/tensorflow-thesis-all-coverage/execution_results/tensorflow.keras.ops.nn.softplus.results.json,stage4/results/tensorflow-thesis-all-coverage/failure.csv,
tensorflow,tensorflow.keras.ops.nn.softplus,stage4_coverage,uncovered_api,Stage 4 did not cover API; valid_programs=0 bugs=0,c23efde41370b914,stage4/results/tensorflow-thesis-all-coverage/coverage_report.json,stage4/results/tensorflow-thesis-all-coverage/coverage_report.json,
tensorflow,tensorflow.keras.ops.nn.softsign,stage4_coverage,selected_function_line_coverage_percent=0 < 60,selected_function_line_coverage_percent=0 < 60,11d8b684e0b2e1a4,,stage4/results/tensorflow-thesis-all-coverage/low_coverage.csv,
tensorflow,tensorflow.keras.ops.nn.softsign,stage4_coverage,uncovered_api,Stage 4 did not cover API; valid_programs=0 bugs=0,50b663a0902f6248,stage4/results/tensorflow-thesis-all-coverage/coverage_report.json,stage4/results/tensorflow-thesis-all-coverage/coverage_report.json,
tensorflow,tensorflow.keras.ops.nn.softsign,stage4_runtime,WorkerCrash,"Traceback (most recent call last):
  File ""<frozen runpy>"", line 198, in _run_module_as_main
  File ""<frozen runpy>"", line 88, in _run_code
  File ""/Users/aryansg/Desktop/DeepFuzz/stage4/stage4_worker.py"", line 27, in <module>
    from json2init.deepfuzz_common import (  # noqa: E402
    ...<7 lines>...
    )
  File ""/Users/aryansg/Desktop/DeepFuzz/json2init/deepfuzz_common.py"", line 321
    elif lname in {""axis"", ""dim"", ""depth"", ""k"", ""num"", ""count"", ""window_length"", ""fft_length"", ""sequence_length"", ""sequence_stride"", ""num_bits"", ""block_size"", ""kth""}:
    ^^^^
SyntaxError: invalid syntax",d8f88f04cdddd412,stage4/results/tensorflow-thesis-all-coverage/execution_results/tensorflow.keras.ops.nn.softsign.results.json,stage4/results/tensorflow-thesis-all-coverage/failure.csv,
tensorflow,tensorflow.keras.ops.nn.sparse_plus,stage4_coverage,uncovered_api,Stage 4 did not cover API; valid_programs=0 bugs=0,716ada4a3444fb28,stage4/results/tensorflow-thesis-all-coverage/coverage_report.json,stage4/results/tensorflow-thesis-all-coverage/coverage_report.json,
tensorflow,tensorflow.keras.ops.nn.sparse_plus,stage4_coverage,selected_function_line_coverage_percent=0 < 60,selected_function_line_coverage_percent=0 < 60,7ffdd021af355e34,,stage4/results/tensorflow-thesis-all-coverage/low_coverage.csv,
tensorflow,tensorflow.keras.ops.nn.sparse_plus,stage4_runtime,WorkerCrash,"Traceback (most recent call last):
  File ""<frozen runpy>"", line 198, in _run_module_as_main
  File ""<frozen runpy>"", line 88, in _run_code
  File ""/Users/aryansg/Desktop/DeepFuzz/stage4/stage4_worker.py"", line 27, in <module>
    from json2init.deepfuzz_common import (  # noqa: E402
    ...<7 lines>...
    )
  File ""/Users/aryansg/Desktop/DeepFuzz/json2init/deepfuzz_common.py"", line 321
    elif lname in {""axis"", ""dim"", ""depth"", ""k"", ""num"", ""count"", ""window_length"", ""fft_length"", ""sequence_length"", ""sequence_stride"", ""num_bits"", ""block_size"", ""kth""}:
    ^^^^
SyntaxError: invalid syntax",94a75d71c06f081f,stage4/results/tensorflow-thesis-all-coverage/execution_results/tensorflow.keras.ops.nn.sparse_plus.results.json,stage4/results/tensorflow-thesis-all-coverage/failure.csv,
tensorflow,tensorflow.keras.ops.nn.sparse_sigmoid,stage4_coverage,selected_function_line_coverage_percent=0 < 60,selected_function_line_coverage_percent=0 < 60,854ac21ea76188da,,stage4/results/tensorflow-thesis-all-coverage/low_coverage.csv,
tensorflow,tensorflow.keras.ops.nn.sparse_sigmoid,stage4_coverage,uncovered_api,Stage 4 did not cover API; valid_programs=0 bugs=0,a9baa1014487e7ee,stage4/results/tensorflow-thesis-all-coverage/coverage_report.json,stage4/results/tensorflow-thesis-all-coverage/coverage_report.json,
tensorflow,tensorflow.keras.ops.nn.sparse_sigmoid,stage4_runtime,WorkerCrash,"Traceback (most recent call last):
  File ""<frozen runpy>"", line 198, in _run_module_as_main
  File ""<frozen runpy>"", line 88, in _run_code
  File ""/Users/aryansg/Desktop/DeepFuzz/stage4/stage4_worker.py"", line 27, in <module>
    from json2init.deepfuzz_common import (  # noqa: E402
    ...<7 lines>...
    )
  File ""/Users/aryansg/Desktop/DeepFuzz/json2init/deepfuzz_common.py"", line 321
    elif lname in {""axis"", ""dim"", ""depth"", ""k"", ""num"", ""count"", ""window_length"", ""fft_length"", ""sequence_length"", ""sequence_stride"", ""num_bits"", ""block_size"", ""kth""}:
    ^^^^
SyntaxError: invalid syntax",edead586fc76d89f,stage4/results/tensorflow-thesis-all-coverage/execution_results/tensorflow.keras.ops.nn.sparse_sigmoid.results.json,stage4/results/tensorflow-thesis-all-coverage/failure.csv,
tensorflow,tensorflow.keras.ops.nn.sparsemax,stage4_coverage,selected_function_line_coverage_percent=0 < 60,selected_function_line_coverage_percent=0 < 60,1d693f2bee8b5af7,,stage4/results/tensorflow-thesis-all-coverage/low_coverage.csv,
tensorflow,tensorflow.keras.ops.nn.sparsemax,stage4_coverage,uncovered_api,Stage 4 did not cover API; valid_programs=0 bugs=0,1f98f62f4a6c6c63,stage4/results/tensorflow-thesis-all-coverage/coverage_report.json,stage4/results/tensorflow-thesis-all-coverage/coverage_report.json,
tensorflow,tensorflow.keras.ops.nn.sparsemax,stage4_runtime,WorkerCrash,"Traceback (most recent call last):
  File ""<frozen runpy>"", line 198, in _run_module_as_main
  File ""<frozen runpy>"", line 88, in _run_code
  File ""/Users/aryansg/Desktop/DeepFuzz/stage4/stage4_worker.py"", line 27, in <module>
    from json2init.deepfuzz_common import (  # noqa: E402
    ...<7 lines>...
    )
  File ""/Users/aryansg/Desktop/DeepFuzz/json2init/deepfuzz_common.py"", line 321
    elif lname in {""axis"", ""dim"", ""depth"", ""k"", ""num"", ""count"", ""window_length"", ""fft_length"", ""sequence_length"", ""sequence_stride"", ""num_bits"", ""block_size"", ""kth""}:
    ^^^^
SyntaxError: invalid syntax",42276fe5153bb1e7,stage4/results/tensorflow-thesis-all-coverage/execution_results/tensorflow.keras.ops.nn.sparsemax.results.json,stage4/results/tensorflow-thesis-all-coverage/failure.csv,
tensorflow,tensorflow.keras.ops.nn.squareplus,stage4_coverage,selected_function_line_coverage_percent=0 < 60,selected_function_line_coverage_percent=0 < 60,14dc9290c910a359,,stage4/results/tensorflow-thesis-all-coverage/low_coverage.csv,
tensorflow,tensorflow.keras.ops.nn.squareplus,stage4_coverage,uncovered_api,Stage 4 did not cover API; valid_programs=0 bugs=0,1f45e8a2d836e960,stage4/results/tensorflow-thesis-all-coverage/coverage_report.json,stage4/results/tensorflow-thesis-all-coverage/coverage_report.json,
tensorflow,tensorflow.keras.ops.nn.squareplus,stage4_runtime,WorkerCrash,"Traceback (most recent call last):
  File ""<frozen runpy>"", line 198, in _run_module_as_main
  File ""<frozen runpy>"", line 88, in _run_code
  File ""/Users/aryansg/Desktop/DeepFuzz/stage4/stage4_worker.py"", line 27, in <module>
    from json2init.deepfuzz_common import (  # noqa: E402
    ...<7 lines>...
    )
  File ""/Users/aryansg/Desktop/DeepFuzz/json2init/deepfuzz_common.py"", line 321
    elif lname in {""axis"", ""dim"", ""depth"", ""k"", ""num"", ""count"", ""window_length"", ""fft_length"", ""sequence_length"", ""sequence_stride"", ""num_bits"", ""block_size"", ""kth""}:
    ^^^^
SyntaxError: invalid syntax",3a311c34fffad4d3,stage4/results/tensorflow-thesis-all-coverage/execution_results/tensorflow.keras.ops.nn.squareplus.results.json,stage4/results/tensorflow-thesis-all-coverage/failure.csv,
tensorflow,tensorflow.keras.ops.nn.swish,stage4_coverage,uncovered_api,Stage 4 did not cover API; valid_programs=0 bugs=0,1dc521829dde3c2b,stage4/results/tensorflow-thesis-all-coverage/coverage_report.json,stage4/results/tensorflow-thesis-all-coverage/coverage_report.json,
tensorflow,tensorflow.keras.ops.nn.swish,stage4_runtime,WorkerCrash,"Traceback (most recent call last):
  File ""<frozen runpy>"", line 198, in _run_module_as_main
  File ""<frozen runpy>"", line 88, in _run_code
  File ""/Users/aryansg/Desktop/DeepFuzz/stage4/stage4_worker.py"", line 27, in <module>
    from json2init.deepfuzz_common import (  # noqa: E402
    ...<7 lines>...
    )
  File ""/Users/aryansg/Desktop/DeepFuzz/json2init/deepfuzz_common.py"", line 321
    elif lname in {""axis"", ""dim"", ""depth"", ""k"", ""num"", ""count"", ""window_length"", ""fft_length"", ""sequence_length"", ""sequence_stride"", ""num_bits"", ""block_size"", ""kth""}:
    ^^^^
SyntaxError: invalid syntax",a655627d25fb8833,stage4/results/tensorflow-thesis-all-coverage/execution_results/tensorflow.keras.ops.nn.swish.results.json,stage4/results/tensorflow-thesis-all-coverage/failure.csv,
tensorflow,tensorflow.keras.ops.nn.swish,stage4_coverage,selected_function_line_coverage_percent=0 < 60,selected_function_line_coverage_percent=0 < 60,d3a24c546931dae6,,stage4/results/tensorflow-thesis-all-coverage/low_coverage.csv,
tensorflow,tensorflow.keras.ops.nn.tanh_shrink,stage4_coverage,uncovered_api,Stage 4 did not cover API; valid_programs=0 bugs=0,1566cedbfef20671,stage4/results/tensorflow-thesis-all-coverage/coverage_report.json,stage4/results/tensorflow-thesis-all-coverage/coverage_report.json,
tensorflow,tensorflow.keras.ops.nn.tanh_shrink,stage4_runtime,WorkerCrash,"Traceback (most recent call last):
  File ""<frozen runpy>"", line 198, in _run_module_as_main
  File ""<frozen runpy>"", line 88, in _run_code
  File ""/Users/aryansg/Desktop/DeepFuzz/stage4/stage4_worker.py"", line 27, in <module>
    from json2init.deepfuzz_common import (  # noqa: E402
    ...<7 lines>...
    )
  File ""/Users/aryansg/Desktop/DeepFuzz/json2init/deepfuzz_common.py"", line 321
    elif lname in {""axis"", ""dim"", ""depth"", ""k"", ""num"", ""count"", ""window_length"", ""fft_length"", ""sequence_length"", ""sequence_stride"", ""num_bits"", ""block_size"", ""kth""}:
    ^^^^
SyntaxError: invalid syntax",7a6f0185ca5a1e05,stage4/results/tensorflow-thesis-all-coverage/execution_results/tensorflow.keras.ops.nn.tanh_shrink.results.json,stage4/results/tensorflow-thesis-all-coverage/failure.csv,
tensorflow,tensorflow.keras.ops.nn.tanh_shrink,stage4_coverage,selected_function_line_coverage_percent=0 < 60,selected_function_line_coverage_percent=0 < 60,c26ae63a211f1ac4,,stage4/results/tensorflow-thesis-all-coverage/low_coverage.csv,
tensorflow,tensorflow.keras.ops.nn.unfold,stage4_runtime,WorkerCrash,"Traceback (most recent call last):
  File ""<frozen runpy>"", line 198, in _run_module_as_main
  File ""<frozen runpy>"", line 88, in _run_code
  File ""/Users/aryansg/Desktop/DeepFuzz/stage4/stage4_worker.py"", line 27, in <module>
    from json2init.deepfuzz_common import (  # noqa: E402
    ...<7 lines>...
    )
  File ""/Users/aryansg/Desktop/DeepFuzz/json2init/deepfuzz_common.py"", line 321
    elif lname in {""axis"", ""dim"", ""depth"", ""k"", ""num"", ""count"", ""window_length"", ""fft_length"", ""sequence_length"", ""sequence_stride"", ""num_bits"", ""block_size"", ""kth""}:
    ^^^^
SyntaxError: invalid syntax",028d605324c546fb,stage4/results/tensorflow-thesis-all-coverage/execution_results/tensorflow.keras.ops.nn.unfold.results.json,stage4/results/tensorflow-thesis-all-coverage/failure.csv,
tensorflow,tensorflow.keras.ops.nn.unfold,stage4_coverage,uncovered_api,Stage 4 did not cover API; valid_programs=0 bugs=0,0ddab93a596b03b9,stage4/results/tensorflow-thesis-all-coverage/coverage_report.json,stage4/results/tensorflow-thesis-all-coverage/coverage_report.json,
tensorflow,tensorflow.keras.ops.nn.unfold,stage4_coverage,selected_function_line_coverage_percent=0 < 60,selected_function_line_coverage_percent=0 < 60,277f5c5d8e94c438,,stage4/results/tensorflow-thesis-all-coverage/low_coverage.csv,
tensorflow,tensorflow.keras.ops.nonzero,stage4_coverage,selected_function_line_coverage_percent=0 < 60,selected_function_line_coverage_percent=0 < 60,2325e812b58a71b9,,stage4/results/tensorflow-thesis-all-coverage/low_coverage.csv,
tensorflow,tensorflow.keras.ops.nonzero,stage4_runtime,WorkerCrash,"Traceback (most recent call last):
  File ""<frozen runpy>"", line 198, in _run_module_as_main
  File ""<frozen runpy>"", line 88, in _run_code
  File ""/Users/aryansg/Desktop/DeepFuzz/stage4/stage4_worker.py"", line 27, in <module>
    from json2init.deepfuzz_common import (  # noqa: E402
    ...<7 lines>...
    )
  File ""/Users/aryansg/Desktop/DeepFuzz/json2init/deepfuzz_common.py"", line 321
    elif lname in {""axis"", ""dim"", ""depth"", ""k"", ""num"", ""count"", ""window_length"", ""fft_length"", ""sequence_length"", ""sequence_stride"", ""num_bits"", ""block_size"", ""kth""}:
    ^^^^
SyntaxError: invalid syntax",ed2f6c5a44a4044c,stage4/results/tensorflow-thesis-all-coverage/execution_results/tensorflow.keras.ops.nonzero.results.json,stage4/results/tensorflow-thesis-all-coverage/failure.csv,
tensorflow,tensorflow.keras.ops.nonzero,stage4_coverage,uncovered_api,Stage 4 did not cover API; valid_programs=0 bugs=0,f938c5ba4c7c8cdc,stage4/results/tensorflow-thesis-all-coverage/coverage_report.json,stage4/results/tensorflow-thesis-all-coverage/coverage_report.json,
tensorflow,tensorflow.keras.ops.not_equal,stage4_coverage,selected_function_line_coverage_percent=0 < 60,selected_function_line_coverage_percent=0 < 60,3bf626da3b86df88,,stage4/results/tensorflow-thesis-all-coverage/low_coverage.csv,
tensorflow,tensorflow.keras.ops.not_equal,stage4_coverage,uncovered_api,Stage 4 did not cover API; valid_programs=0 bugs=0,97b7a0fd3b071647,stage4/results/tensorflow-thesis-all-coverage/coverage_report.json,stage4/results/tensorflow-thesis-all-coverage/coverage_report.json,
tensorflow,tensorflow.keras.ops.not_equal,stage4_runtime,WorkerCrash,"Traceback (most recent call last):
  File ""<frozen runpy>"", line 198, in _run_module_as_main
  File ""<frozen runpy>"", line 88, in _run_code
  File ""/Users/aryansg/Desktop/DeepFuzz/stage4/stage4_worker.py"", line 27, in <module>
    from json2init.deepfuzz_common import (  # noqa: E402
    ...<7 lines>...
    )
  File ""/Users/aryansg/Desktop/DeepFuzz/json2init/deepfuzz_common.py"", line 321
    elif lname in {""axis"", ""dim"", ""depth"", ""k"", ""num"", ""count"", ""window_length"", ""fft_length"", ""sequence_length"", ""sequence_stride"", ""num_bits"", ""block_size"", ""kth""}:
    ^^^^
SyntaxError: invalid syntax",a452b104fcbc7707,stage4/results/tensorflow-thesis-all-coverage/execution_results/tensorflow.keras.ops.not_equal.results.json,stage4/results/tensorflow-thesis-all-coverage/failure.csv,
tensorflow,tensorflow.keras.ops.numpy.absolute,stage4_coverage,selected_function_line_coverage_percent=0 < 60,selected_function_line_coverage_percent=0 < 60,082a2eda5fa6351c,,stage4/results/tensorflow-thesis-all-coverage/low_coverage.csv,
tensorflow,tensorflow.keras.ops.numpy.absolute,stage4_coverage,uncovered_api,Stage 4 did not cover API; valid_programs=0 bugs=0,32dd393d142846ba,stage4/results/tensorflow-thesis-all-coverage/coverage_report.json,stage4/results/tensorflow-thesis-all-coverage/coverage_report.json,
tensorflow,tensorflow.keras.ops.numpy.absolute,stage4_runtime,WorkerCrash,"Traceback (most recent call last):
  File ""<frozen runpy>"", line 198, in _run_module_as_main
  File ""<frozen runpy>"", line 88, in _run_code
  File ""/Users/aryansg/Desktop/DeepFuzz/stage4/stage4_worker.py"", line 27, in <module>
    from json2init.deepfuzz_common import (  # noqa: E402
    ...<7 lines>...
    )
  File ""/Users/aryansg/Desktop/DeepFuzz/json2init/deepfuzz_common.py"", line 321
    elif lname in {""axis"", ""dim"", ""depth"", ""k"", ""num"", ""count"", ""window_length"", ""fft_length"", ""sequence_length"", ""sequence_stride"", ""num_bits"", ""block_size"", ""kth""}:
    ^^^^
SyntaxError: invalid syntax",84bafe69347dac4f,stage4/results/tensorflow-thesis-all-coverage/execution_results/tensorflow.keras.ops.numpy.absolute.results.json,stage4/results/tensorflow-thesis-all-coverage/failure.csv,
tensorflow,tensorflow.keras.ops.numpy.add,stage4_coverage,uncovered_api,Stage 4 did not cover API; valid_programs=0 bugs=0,7934fa2f07369e81,stage4/results/tensorflow-thesis-all-coverage/coverage_report.json,stage4/results/tensorflow-thesis-all-coverage/coverage_report.json,
tensorflow,tensorflow.keras.ops.numpy.add,stage4_coverage,selected_function_line_coverage_percent=0 < 60,selected_function_line_coverage_percent=0 < 60,84dafa3dd549f5c8,,stage4/results/tensorflow-thesis-all-coverage/low_coverage.csv,
tensorflow,tensorflow.keras.ops.numpy.add,stage4_runtime,WorkerCrash,"Traceback (most recent call last):
  File ""<frozen runpy>"", line 198, in _run_module_as_main
  File ""<frozen runpy>"", line 88, in _run_code
  File ""/Users/aryansg/Desktop/DeepFuzz/stage4/stage4_worker.py"", line 27, in <module>
    from json2init.deepfuzz_common import (  # noqa: E402
    ...<7 lines>...
    )
  File ""/Users/aryansg/Desktop/DeepFuzz/json2init/deepfuzz_common.py"", line 321
    elif lname in {""axis"", ""dim"", ""depth"", ""k"", ""num"", ""count"", ""window_length"", ""fft_length"", ""sequence_length"", ""sequence_stride"", ""num_bits"", ""block_size"", ""kth""}:
    ^^^^
SyntaxError: invalid syntax",8780041ab30b34d4,stage4/results/tensorflow-thesis-all-coverage/execution_results/tensorflow.keras.ops.numpy.add.results.json,stage4/results/tensorflow-thesis-all-coverage/failure.csv,
tensorflow,tensorflow.keras.ops.numpy.all,stage4_runtime,WorkerCrash,"Traceback (most recent call last):
  File ""<frozen runpy>"", line 198, in _run_module_as_main
  File ""<frozen runpy>"", line 88, in _run_code
  File ""/Users/aryansg/Desktop/DeepFuzz/stage4/stage4_worker.py"", line 27, in <module>
    from json2init.deepfuzz_common import (  # noqa: E402
    ...<7 lines>...
    )
  File ""/Users/aryansg/Desktop/DeepFuzz/json2init/deepfuzz_common.py"", line 321
    elif lname in {""axis"", ""dim"", ""depth"", ""k"", ""num"", ""count"", ""window_length"", ""fft_length"", ""sequence_length"", ""sequence_stride"", ""num_bits"", ""block_size"", ""kth""}:
    ^^^^
SyntaxError: invalid syntax",61177796f0cc9b06,stage4/results/tensorflow-thesis-all-coverage/execution_results/tensorflow.keras.ops.numpy.all.results.json,stage4/results/tensorflow-thesis-all-coverage/failure.csv,
tensorflow,tensorflow.keras.ops.numpy.all,stage4_coverage,uncovered_api,Stage 4 did not cover API; valid_programs=0 bugs=0,7a972bde8c74a260,stage4/results/tensorflow-thesis-all-coverage/coverage_report.json,stage4/results/tensorflow-thesis-all-coverage/coverage_report.json,
tensorflow,tensorflow.keras.ops.numpy.all,stage4_coverage,selected_function_line_coverage_percent=0 < 60,selected_function_line_coverage_percent=0 < 60,e275f02c5f8b621a,,stage4/results/tensorflow-thesis-all-coverage/low_coverage.csv,
tensorflow,tensorflow.keras.ops.numpy.angle,stage4_runtime,WorkerCrash,"Traceback (most recent call last):
  File ""<frozen runpy>"", line 198, in _run_module_as_main
  File ""<frozen runpy>"", line 88, in _run_code
  File ""/Users/aryansg/Desktop/DeepFuzz/stage4/stage4_worker.py"", line 27, in <module>
    from json2init.deepfuzz_common import (  # noqa: E402
    ...<7 lines>...
    )
  File ""/Users/aryansg/Desktop/DeepFuzz/json2init/deepfuzz_common.py"", line 321
    elif lname in {""axis"", ""dim"", ""depth"", ""k"", ""num"", ""count"", ""window_length"", ""fft_length"", ""sequence_length"", ""sequence_stride"", ""num_bits"", ""block_size"", ""kth""}:
    ^^^^
SyntaxError: invalid syntax",31529123186fc321,stage4/results/tensorflow-thesis-all-coverage/execution_results/tensorflow.keras.ops.numpy.angle.results.json,stage4/results/tensorflow-thesis-all-coverage/failure.csv,
tensorflow,tensorflow.keras.ops.numpy.angle,stage4_coverage,selected_function_line_coverage_percent=0 < 60,selected_function_line_coverage_percent=0 < 60,6313851313cbdaae,,stage4/results/tensorflow-thesis-all-coverage/low_coverage.csv,
tensorflow,tensorflow.keras.ops.numpy.angle,stage4_coverage,uncovered_api,Stage 4 did not cover API; valid_programs=0 bugs=0,a6954c3210dd67d2,stage4/results/tensorflow-thesis-all-coverage/coverage_report.json,stage4/results/tensorflow-thesis-all-coverage/coverage_report.json,
tensorflow,tensorflow.keras.ops.numpy.any,stage4_coverage,selected_function_line_coverage_percent=0 < 60,selected_function_line_coverage_percent=0 < 60,5a93c9ae1785a5e0,,stage4/results/tensorflow-thesis-all-coverage/low_coverage.csv,
tensorflow,tensorflow.keras.ops.numpy.any,stage4_runtime,WorkerCrash,"Traceback (most recent call last):
  File ""<frozen runpy>"", line 198, in _run_module_as_main
  File ""<frozen runpy>"", line 88, in _run_code
  File ""/Users/aryansg/Desktop/DeepFuzz/stage4/stage4_worker.py"", line 27, in <module>
    from json2init.deepfuzz_common import (  # noqa: E402
    ...<7 lines>...
    )
  File ""/Users/aryansg/Desktop/DeepFuzz/json2init/deepfuzz_common.py"", line 321
    elif lname in {""axis"", ""dim"", ""depth"", ""k"", ""num"", ""count"", ""window_length"", ""fft_length"", ""sequence_length"", ""sequence_stride"", ""num_bits"", ""block_size"", ""kth""}:
    ^^^^
SyntaxError: invalid syntax",8fb8de223f5c1d38,stage4/results/tensorflow-thesis-all-coverage/execution_results/tensorflow.keras.ops.numpy.any.results.json,stage4/results/tensorflow-thesis-all-coverage/failure.csv,
tensorflow,tensorflow.keras.ops.numpy.any,stage4_coverage,uncovered_api,Stage 4 did not cover API; valid_programs=0 bugs=0,f7dd997311b55c97,stage4/results/tensorflow-thesis-all-coverage/coverage_report.json,stage4/results/tensorflow-thesis-all-coverage/coverage_report.json,
tensorflow,tensorflow.keras.ops.numpy.append,stage4_coverage,uncovered_api,Stage 4 did not cover API; valid_programs=0 bugs=0,101cfad924358d2f,stage4/results/tensorflow-thesis-all-coverage/coverage_report.json,stage4/results/tensorflow-thesis-all-coverage/coverage_report.json,
tensorflow,tensorflow.keras.ops.numpy.append,stage4_coverage,selected_function_line_coverage_percent=0 < 60,selected_function_line_coverage_percent=0 < 60,2e55ca8b0adec637,,stage4/results/tensorflow-thesis-all-coverage/low_coverage.csv,
tensorflow,tensorflow.keras.ops.numpy.append,stage4_runtime,WorkerCrash,"Traceback (most recent call last):
  File ""<frozen runpy>"", line 198, in _run_module_as_main
  File ""<frozen runpy>"", line 88, in _run_code
  File ""/Users/aryansg/Desktop/DeepFuzz/stage4/stage4_worker.py"", line 27, in <module>
    from json2init.deepfuzz_common import (  # noqa: E402
    ...<7 lines>...
    )
  File ""/Users/aryansg/Desktop/DeepFuzz/json2init/deepfuzz_common.py"", line 321
    elif lname in {""axis"", ""dim"", ""depth"", ""k"", ""num"", ""count"", ""window_length"", ""fft_length"", ""sequence_length"", ""sequence_stride"", ""num_bits"", ""block_size"", ""kth""}:
    ^^^^
SyntaxError: invalid syntax",6c8edac8002b7fef,stage4/results/tensorflow-thesis-all-coverage/execution_results/tensorflow.keras.ops.numpy.append.results.json,stage4/results/tensorflow-thesis-all-coverage/failure.csv,
tensorflow,tensorflow.keras.ops.numpy.arccos,stage4_coverage,selected_function_line_coverage_percent=0 < 60,selected_function_line_coverage_percent=0 < 60,47dc39ce4c9b024f,,stage4/results/tensorflow-thesis-all-coverage/low_coverage.csv,
tensorflow,tensorflow.keras.ops.numpy.arccos,stage4_runtime,WorkerCrash,"Traceback (most recent call last):
  File ""<frozen runpy>"", line 198, in _run_module_as_main
  File ""<frozen runpy>"", line 88, in _run_code
  File ""/Users/aryansg/Desktop/DeepFuzz/stage4/stage4_worker.py"", line 27, in <module>
    from json2init.deepfuzz_common import (  # noqa: E402
    ...<7 lines>...
    )
  File ""/Users/aryansg/Desktop/DeepFuzz/json2init/deepfuzz_common.py"", line 321
    elif lname in {""axis"", ""dim"", ""depth"", ""k"", ""num"", ""count"", ""window_length"", ""fft_length"", ""sequence_length"", ""sequence_stride"", ""num_bits"", ""block_size"", ""kth""}:
    ^^^^
SyntaxError: invalid syntax",53701634ac9dc100,stage4/results/tensorflow-thesis-all-coverage/execution_results/tensorflow.keras.ops.numpy.arccos.results.json,stage4/results/tensorflow-thesis-all-coverage/failure.csv,
tensorflow,tensorflow.keras.ops.numpy.arccos,stage4_coverage,uncovered_api,Stage 4 did not cover API; valid_programs=0 bugs=0,5a79090033cbe329,stage4/results/tensorflow-thesis-all-coverage/coverage_report.json,stage4/results/tensorflow-thesis-all-coverage/coverage_report.json,
tensorflow,tensorflow.keras.ops.numpy.arccosh,stage4_coverage,uncovered_api,Stage 4 did not cover API; valid_programs=0 bugs=0,383e35b962ebdc03,stage4/results/tensorflow-thesis-all-coverage/coverage_report.json,stage4/results/tensorflow-thesis-all-coverage/coverage_report.json,
tensorflow,tensorflow.keras.ops.numpy.arccosh,stage4_coverage,selected_function_line_coverage_percent=0 < 60,selected_function_line_coverage_percent=0 < 60,5291c73a66254942,,stage4/results/tensorflow-thesis-all-coverage/low_coverage.csv,
tensorflow,tensorflow.keras.ops.numpy.arccosh,stage4_runtime,WorkerCrash,"Traceback (most recent call last):
  File ""<frozen runpy>"", line 198, in _run_module_as_main
  File ""<frozen runpy>"", line 88, in _run_code
  File ""/Users/aryansg/Desktop/DeepFuzz/stage4/stage4_worker.py"", line 27, in <module>
    from json2init.deepfuzz_common import (  # noqa: E402
    ...<7 lines>...
    )
  File ""/Users/aryansg/Desktop/DeepFuzz/json2init/deepfuzz_common.py"", line 321
    elif lname in {""axis"", ""dim"", ""depth"", ""k"", ""num"", ""count"", ""window_length"", ""fft_length"", ""sequence_length"", ""sequence_stride"", ""num_bits"", ""block_size"", ""kth""}:
    ^^^^
SyntaxError: invalid syntax",8be98565a3bd26c9,stage4/results/tensorflow-thesis-all-coverage/execution_results/tensorflow.keras.ops.numpy.arccosh.results.json,stage4/results/tensorflow-thesis-all-coverage/failure.csv,
tensorflow,tensorflow.keras.ops.numpy.arcsin,stage4_coverage,uncovered_api,Stage 4 did not cover API; valid_programs=0 bugs=0,4767d40e89305e2d,stage4/results/tensorflow-thesis-all-coverage/coverage_report.json,stage4/results/tensorflow-thesis-all-coverage/coverage_report.json,
tensorflow,tensorflow.keras.ops.numpy.arcsin,stage4_coverage,selected_function_line_coverage_percent=0 < 60,selected_function_line_coverage_percent=0 < 60,7a30929cd3a2e07f,,stage4/results/tensorflow-thesis-all-coverage/low_coverage.csv,
tensorflow,tensorflow.keras.ops.numpy.arcsin,stage4_runtime,WorkerCrash,"Traceback (most recent call last):
  File ""<frozen runpy>"", line 198, in _run_module_as_main
  File ""<frozen runpy>"", line 88, in _run_code
  File ""/Users/aryansg/Desktop/DeepFuzz/stage4/stage4_worker.py"", line 27, in <module>
    from json2init.deepfuzz_common import (  # noqa: E402
    ...<7 lines>...
    )
  File ""/Users/aryansg/Desktop/DeepFuzz/json2init/deepfuzz_common.py"", line 321
    elif lname in {""axis"", ""dim"", ""depth"", ""k"", ""num"", ""count"", ""window_length"", ""fft_length"", ""sequence_length"", ""sequence_stride"", ""num_bits"", ""block_size"", ""kth""}:
    ^^^^
SyntaxError: invalid syntax",cf24a163f47b1d5d,stage4/results/tensorflow-thesis-all-coverage/execution_results/tensorflow.keras.ops.numpy.arcsin.results.json,stage4/results/tensorflow-thesis-all-coverage/failure.csv,
tensorflow,tensorflow.keras.ops.numpy.arcsinh,stage4_coverage,uncovered_api,Stage 4 did not cover API; valid_programs=0 bugs=0,23b8625c4b5e8c17,stage4/results/tensorflow-thesis-all-coverage/coverage_report.json,stage4/results/tensorflow-thesis-all-coverage/coverage_report.json,
tensorflow,tensorflow.keras.ops.numpy.arcsinh,stage4_runtime,WorkerCrash,"Traceback (most recent call last):
  File ""<frozen runpy>"", line 198, in _run_module_as_main
  File ""<frozen runpy>"", line 88, in _run_code
  File ""/Users/aryansg/Desktop/DeepFuzz/stage4/stage4_worker.py"", line 27, in <module>
    from json2init.deepfuzz_common import (  # noqa: E402
    ...<7 lines>...
    )
  File ""/Users/aryansg/Desktop/DeepFuzz/json2init/deepfuzz_common.py"", line 321
    elif lname in {""axis"", ""dim"", ""depth"", ""k"", ""num"", ""count"", ""window_length"", ""fft_length"", ""sequence_length"", ""sequence_stride"", ""num_bits"", ""block_size"", ""kth""}:
    ^^^^
SyntaxError: invalid syntax",ab6ff910eb3fa28b,stage4/results/tensorflow-thesis-all-coverage/execution_results/tensorflow.keras.ops.numpy.arcsinh.results.json,stage4/results/tensorflow-thesis-all-coverage/failure.csv,
tensorflow,tensorflow.keras.ops.numpy.arcsinh,stage4_coverage,selected_function_line_coverage_percent=0 < 60,selected_function_line_coverage_percent=0 < 60,f29112e8e1c62e5e,,stage4/results/tensorflow-thesis-all-coverage/low_coverage.csv,
tensorflow,tensorflow.keras.ops.numpy.arctan,stage4_coverage,selected_function_line_coverage_percent=0 < 60,selected_function_line_coverage_percent=0 < 60,5c3fc8bd1b0e66ae,,stage4/results/tensorflow-thesis-all-coverage/low_coverage.csv,
tensorflow,tensorflow.keras.ops.numpy.arctan,stage4_runtime,WorkerCrash,"Traceback (most recent call last):
  File ""<frozen runpy>"", line 198, in _run_module_as_main
  File ""<frozen runpy>"", line 88, in _run_code
  File ""/Users/aryansg/Desktop/DeepFuzz/stage4/stage4_worker.py"", line 27, in <module>
    from json2init.deepfuzz_common import (  # noqa: E402
    ...<7 lines>...
    )
  File ""/Users/aryansg/Desktop/DeepFuzz/json2init/deepfuzz_common.py"", line 321
    elif lname in {""axis"", ""dim"", ""depth"", ""k"", ""num"", ""count"", ""window_length"", ""fft_length"", ""sequence_length"", ""sequence_stride"", ""num_bits"", ""block_size"", ""kth""}:
    ^^^^
SyntaxError: invalid syntax",73784ccff701df36,stage4/results/tensorflow-thesis-all-coverage/execution_results/tensorflow.keras.ops.numpy.arctan.results.json,stage4/results/tensorflow-thesis-all-coverage/failure.csv,
tensorflow,tensorflow.keras.ops.numpy.arctan,stage4_coverage,uncovered_api,Stage 4 did not cover API; valid_programs=0 bugs=0,a19d2bbf0c53dd63,stage4/results/tensorflow-thesis-all-coverage/coverage_report.json,stage4/results/tensorflow-thesis-all-coverage/coverage_report.json,
tensorflow,tensorflow.keras.ops.numpy.arctan2,stage4_runtime,WorkerCrash,"Traceback (most recent call last):
  File ""<frozen runpy>"", line 198, in _run_module_as_main
  File ""<frozen runpy>"", line 88, in _run_code
  File ""/Users/aryansg/Desktop/DeepFuzz/stage4/stage4_worker.py"", line 27, in <module>
    from json2init.deepfuzz_common import (  # noqa: E402
    ...<7 lines>...
    )
  File ""/Users/aryansg/Desktop/DeepFuzz/json2init/deepfuzz_common.py"", line 321
    elif lname in {""axis"", ""dim"", ""depth"", ""k"", ""num"", ""count"", ""window_length"", ""fft_length"", ""sequence_length"", ""sequence_stride"", ""num_bits"", ""block_size"", ""kth""}:
    ^^^^
SyntaxError: invalid syntax",249411e932f1ae01,stage4/results/tensorflow-thesis-all-coverage/execution_results/tensorflow.keras.ops.numpy.arctan2.results.json,stage4/results/tensorflow-thesis-all-coverage/failure.csv,
tensorflow,tensorflow.keras.ops.numpy.arctan2,stage4_coverage,selected_function_line_coverage_percent=0 < 60,selected_function_line_coverage_percent=0 < 60,957d68427862e410,,stage4/results/tensorflow-thesis-all-coverage/low_coverage.csv,
tensorflow,tensorflow.keras.ops.numpy.arctan2,stage4_coverage,uncovered_api,Stage 4 did not cover API; valid_programs=0 bugs=0,ea5db1613196647e,stage4/results/tensorflow-thesis-all-coverage/coverage_report.json,stage4/results/tensorflow-thesis-all-coverage/coverage_report.json,
tensorflow,tensorflow.keras.ops.numpy.arctanh,stage4_runtime,WorkerCrash,"Traceback (most recent call last):
  File ""<frozen runpy>"", line 198, in _run_module_as_main
  File ""<frozen runpy>"", line 88, in _run_code
  File ""/Users/aryansg/Desktop/DeepFuzz/stage4/stage4_worker.py"", line 27, in <module>
    from json2init.deepfuzz_common import (  # noqa: E402
    ...<7 lines>...
    )
  File ""/Users/aryansg/Desktop/DeepFuzz/json2init/deepfuzz_common.py"", line 321
    elif lname in {""axis"", ""dim"", ""depth"", ""k"", ""num"", ""count"", ""window_length"", ""fft_length"", ""sequence_length"", ""sequence_stride"", ""num_bits"", ""block_size"", ""kth""}:
    ^^^^
SyntaxError: invalid syntax",17c19fb677d1add4,stage4/results/tensorflow-thesis-all-coverage/execution_results/tensorflow.keras.ops.numpy.arctanh.results.json,stage4/results/tensorflow-thesis-all-coverage/failure.csv,
tensorflow,tensorflow.keras.ops.numpy.arctanh,stage4_coverage,selected_function_line_coverage_percent=0 < 60,selected_function_line_coverage_percent=0 < 60,5aa81595d3e7821d,,stage4/results/tensorflow-thesis-all-coverage/low_coverage.csv,
tensorflow,tensorflow.keras.ops.numpy.arctanh,stage4_coverage,uncovered_api,Stage 4 did not cover API; valid_programs=0 bugs=0,f0e29f1194e93b38,stage4/results/tensorflow-thesis-all-coverage/coverage_report.json,stage4/results/tensorflow-thesis-all-coverage/coverage_report.json,
tensorflow,tensorflow.keras.ops.numpy.argmax,stage4_coverage,selected_function_line_coverage_percent=0 < 60,selected_function_line_coverage_percent=0 < 60,413ca619fb6d52c1,,stage4/results/tensorflow-thesis-all-coverage/low_coverage.csv,
tensorflow,tensorflow.keras.ops.numpy.argmax,stage4_runtime,WorkerCrash,"Traceback (most recent call last):
  File ""<frozen runpy>"", line 198, in _run_module_as_main
  File ""<frozen runpy>"", line 88, in _run_code
  File ""/Users/aryansg/Desktop/DeepFuzz/stage4/stage4_worker.py"", line 27, in <module>
    from json2init.deepfuzz_common import (  # noqa: E402
    ...<7 lines>...
    )
  File ""/Users/aryansg/Desktop/DeepFuzz/json2init/deepfuzz_common.py"", line 321
    elif lname in {""axis"", ""dim"", ""depth"", ""k"", ""num"", ""count"", ""window_length"", ""fft_length"", ""sequence_length"", ""sequence_stride"", ""num_bits"", ""block_size"", ""kth""}:
    ^^^^
SyntaxError: invalid syntax",4c8b4f575678264a,stage4/results/tensorflow-thesis-all-coverage/execution_results/tensorflow.keras.ops.numpy.argmax.results.json,stage4/results/tensorflow-thesis-all-coverage/failure.csv,
tensorflow,tensorflow.keras.ops.numpy.argmax,stage4_coverage,uncovered_api,Stage 4 did not cover API; valid_programs=0 bugs=0,5c1ee7af61045561,stage4/results/tensorflow-thesis-all-coverage/coverage_report.json,stage4/results/tensorflow-thesis-all-coverage/coverage_report.json,
tensorflow,tensorflow.keras.ops.numpy.argmin,stage4_runtime,WorkerCrash,"Traceback (most recent call last):
  File ""<frozen runpy>"", line 198, in _run_module_as_main
  File ""<frozen runpy>"", line 88, in _run_code
  File ""/Users/aryansg/Desktop/DeepFuzz/stage4/stage4_worker.py"", line 27, in <module>
    from json2init.deepfuzz_common import (  # noqa: E402
    ...<7 lines>...
    )
  File ""/Users/aryansg/Desktop/DeepFuzz/json2init/deepfuzz_common.py"", line 321
    elif lname in {""axis"", ""dim"", ""depth"", ""k"", ""num"", ""count"", ""window_length"", ""fft_length"", ""sequence_length"", ""sequence_stride"", ""num_bits"", ""block_size"", ""kth""}:
    ^^^^
SyntaxError: invalid syntax",25260d8c3b56713d,stage4/results/tensorflow-thesis-all-coverage/execution_results/tensorflow.keras.ops.numpy.argmin.results.json,stage4/results/tensorflow-thesis-all-coverage/failure.csv,
tensorflow,tensorflow.keras.ops.numpy.argmin,stage4_coverage,selected_function_line_coverage_percent=0 < 60,selected_function_line_coverage_percent=0 < 60,6d352455df3d5834,,stage4/results/tensorflow-thesis-all-coverage/low_coverage.csv,
tensorflow,tensorflow.keras.ops.numpy.argmin,stage4_coverage,uncovered_api,Stage 4 did not cover API; valid_programs=0 bugs=0,cbcf3818b9683101,stage4/results/tensorflow-thesis-all-coverage/coverage_report.json,stage4/results/tensorflow-thesis-all-coverage/coverage_report.json,
tensorflow,tensorflow.keras.ops.numpy.argsort,stage4_coverage,selected_function_line_coverage_percent=0 < 60,selected_function_line_coverage_percent=0 < 60,13625b359e210607,,stage4/results/tensorflow-thesis-all-coverage/low_coverage.csv,
tensorflow,tensorflow.keras.ops.numpy.argsort,stage4_coverage,uncovered_api,Stage 4 did not cover API; valid_programs=0 bugs=0,153477fe198fefb3,stage4/results/tensorflow-thesis-all-coverage/coverage_report.json,stage4/results/tensorflow-thesis-all-coverage/coverage_report.json,
tensorflow,tensorflow.keras.ops.numpy.argsort,stage4_runtime,WorkerCrash,"Traceback (most recent call last):
  File ""<frozen runpy>"", line 198, in _run_module_as_main
  File ""<frozen runpy>"", line 88, in _run_code
  File ""/Users/aryansg/Desktop/DeepFuzz/stage4/stage4_worker.py"", line 27, in <module>
    from json2init.deepfuzz_common import (  # noqa: E402
    ...<7 lines>...
    )
  File ""/Users/aryansg/Desktop/DeepFuzz/json2init/deepfuzz_common.py"", line 321
    elif lname in {""axis"", ""dim"", ""depth"", ""k"", ""num"", ""count"", ""window_length"", ""fft_length"", ""sequence_length"", ""sequence_stride"", ""num_bits"", ""block_size"", ""kth""}:
    ^^^^
SyntaxError: invalid syntax",4f0f97ab74323e70,stage4/results/tensorflow-thesis-all-coverage/execution_results/tensorflow.keras.ops.numpy.argsort.results.json,stage4/results/tensorflow-thesis-all-coverage/failure.csv,
tensorflow,tensorflow.keras.ops.numpy.array,stage4_runtime,WorkerCrash,"Traceback (most recent call last):
  File ""<frozen runpy>"", line 198, in _run_module_as_main
  File ""<frozen runpy>"", line 88, in _run_code
  File ""/Users/aryansg/Desktop/DeepFuzz/stage4/stage4_worker.py"", line 27, in <module>
    from json2init.deepfuzz_common import (  # noqa: E402
    ...<7 lines>...
    )
  File ""/Users/aryansg/Desktop/DeepFuzz/json2init/deepfuzz_common.py"", line 321
    elif lname in {""axis"", ""dim"", ""depth"", ""k"", ""num"", ""count"", ""window_length"", ""fft_length"", ""sequence_length"", ""sequence_stride"", ""num_bits"", ""block_size"", ""kth""}:
    ^^^^
SyntaxError: invalid syntax",0c871a3c5b7277fe,stage4/results/tensorflow-thesis-all-coverage/execution_results/tensorflow.keras.ops.numpy.array.results.json,stage4/results/tensorflow-thesis-all-coverage/failure.csv,
tensorflow,tensorflow.keras.ops.numpy.array,stage4_coverage,uncovered_api,Stage 4 did not cover API; valid_programs=0 bugs=0,17a412187a88926c,stage4/results/tensorflow-thesis-all-coverage/coverage_report.json,stage4/results/tensorflow-thesis-all-coverage/coverage_report.json,
tensorflow,tensorflow.keras.ops.numpy.array,stage4_coverage,selected_function_line_coverage_percent=0 < 60,selected_function_line_coverage_percent=0 < 60,792a574c64ef08f3,,stage4/results/tensorflow-thesis-all-coverage/low_coverage.csv,
tensorflow,tensorflow.keras.ops.numpy.bartlett,stage4_coverage,uncovered_api,Stage 4 did not cover API; valid_programs=0 bugs=0,0314435a4e6e9b71,stage4/results/tensorflow-thesis-all-coverage/coverage_report.json,stage4/results/tensorflow-thesis-all-coverage/coverage_report.json,
tensorflow,tensorflow.keras.ops.numpy.bartlett,stage4_coverage,selected_function_line_coverage_percent=0 < 60,selected_function_line_coverage_percent=0 < 60,099c0bc892562534,,stage4/results/tensorflow-thesis-all-coverage/low_coverage.csv,
tensorflow,tensorflow.keras.ops.numpy.bartlett,stage4_runtime,WorkerCrash,"Traceback (most recent call last):
  File ""<frozen runpy>"", line 198, in _run_module_as_main
  File ""<frozen runpy>"", line 88, in _run_code
  File ""/Users/aryansg/Desktop/DeepFuzz/stage4/stage4_worker.py"", line 27, in <module>
    from json2init.deepfuzz_common import (  # noqa: E402
    ...<7 lines>...
    )
  File ""/Users/aryansg/Desktop/DeepFuzz/json2init/deepfuzz_common.py"", line 321
    elif lname in {""axis"", ""dim"", ""depth"", ""k"", ""num"", ""count"", ""window_length"", ""fft_length"", ""sequence_length"", ""sequence_stride"", ""num_bits"", ""block_size"", ""kth""}:
    ^^^^
SyntaxError: invalid syntax",4876be312bc01565,stage4/results/tensorflow-thesis-all-coverage/execution_results/tensorflow.keras.ops.numpy.bartlett.results.json,stage4/results/tensorflow-thesis-all-coverage/failure.csv,
tensorflow,tensorflow.keras.ops.numpy.bincount,stage4_coverage,selected_function_line_coverage_percent=0 < 60,selected_function_line_coverage_percent=0 < 60,239cf15cb88a7c5f,,stage4/results/tensorflow-thesis-all-coverage/low_coverage.csv,
tensorflow,tensorflow.keras.ops.numpy.bincount,stage4_coverage,uncovered_api,Stage 4 did not cover API; valid_programs=0 bugs=0,3f264903f79663ae,stage4/results/tensorflow-thesis-all-coverage/coverage_report.json,stage4/results/tensorflow-thesis-all-coverage/coverage_report.json,
tensorflow,tensorflow.keras.ops.numpy.bincount,stage4_runtime,WorkerCrash,"Traceback (most recent call last):
  File ""<frozen runpy>"", line 198, in _run_module_as_main
  File ""<frozen runpy>"", line 88, in _run_code
  File ""/Users/aryansg/Desktop/DeepFuzz/stage4/stage4_worker.py"", line 27, in <module>
    from json2init.deepfuzz_common import (  # noqa: E402
    ...<7 lines>...
    )
  File ""/Users/aryansg/Desktop/DeepFuzz/json2init/deepfuzz_common.py"", line 321
    elif lname in {""axis"", ""dim"", ""depth"", ""k"", ""num"", ""count"", ""window_length"", ""fft_length"", ""sequence_length"", ""sequence_stride"", ""num_bits"", ""block_size"", ""kth""}:
    ^^^^
SyntaxError: invalid syntax",ccb3db19b438ed64,stage4/results/tensorflow-thesis-all-coverage/execution_results/tensorflow.keras.ops.numpy.bincount.results.json,stage4/results/tensorflow-thesis-all-coverage/failure.csv,
tensorflow,tensorflow.keras.ops.numpy.bitwise_and,stage4_coverage,uncovered_api,Stage 4 did not cover API; valid_programs=0 bugs=0,4953df4c6ad92246,stage4/results/tensorflow-thesis-all-coverage/coverage_report.json,stage4/results/tensorflow-thesis-all-coverage/coverage_report.json,
tensorflow,tensorflow.keras.ops.numpy.bitwise_and,stage4_runtime,WorkerCrash,"Traceback (most recent call last):
  File ""<frozen runpy>"", line 198, in _run_module_as_main
  File ""<frozen runpy>"", line 88, in _run_code
  File ""/Users/aryansg/Desktop/DeepFuzz/stage4/stage4_worker.py"", line 27, in <module>
    from json2init.deepfuzz_common import (  # noqa: E402
    ...<7 lines>...
    )
  File ""/Users/aryansg/Desktop/DeepFuzz/json2init/deepfuzz_common.py"", line 321
    elif lname in {""axis"", ""dim"", ""depth"", ""k"", ""num"", ""count"", ""window_length"", ""fft_length"", ""sequence_length"", ""sequence_stride"", ""num_bits"", ""block_size"", ""kth""}:
    ^^^^
SyntaxError: invalid syntax",5aa136440c2245ef,stage4/results/tensorflow-thesis-all-coverage/execution_results/tensorflow.keras.ops.numpy.bitwise_and.results.json,stage4/results/tensorflow-thesis-all-coverage/failure.csv,
tensorflow,tensorflow.keras.ops.numpy.bitwise_and,stage4_coverage,selected_function_line_coverage_percent=0 < 60,selected_function_line_coverage_percent=0 < 60,98fdd3f6314ac961,,stage4/results/tensorflow-thesis-all-coverage/low_coverage.csv,
tensorflow,tensorflow.keras.ops.numpy.bitwise_left_shift,stage4_coverage,selected_function_line_coverage_percent=0 < 60,selected_function_line_coverage_percent=0 < 60,50ed9c9359d38a57,,stage4/results/tensorflow-thesis-all-coverage/low_coverage.csv,
tensorflow,tensorflow.keras.ops.numpy.bitwise_left_shift,stage4_coverage,uncovered_api,Stage 4 did not cover API; valid_programs=0 bugs=0,51660792edcb3bbf,stage4/results/tensorflow-thesis-all-coverage/coverage_report.json,stage4/results/tensorflow-thesis-all-coverage/coverage_report.json,
tensorflow,tensorflow.keras.ops.numpy.bitwise_left_shift,stage4_runtime,WorkerCrash,"Traceback (most recent call last):
  File ""<frozen runpy>"", line 198, in _run_module_as_main
  File ""<frozen runpy>"", line 88, in _run_code
  File ""/Users/aryansg/Desktop/DeepFuzz/stage4/stage4_worker.py"", line 27, in <module>
    from json2init.deepfuzz_common import (  # noqa: E402
    ...<7 lines>...
    )
  File ""/Users/aryansg/Desktop/DeepFuzz/json2init/deepfuzz_common.py"", line 321
    elif lname in {""axis"", ""dim"", ""depth"", ""k"", ""num"", ""count"", ""window_length"", ""fft_length"", ""sequence_length"", ""sequence_stride"", ""num_bits"", ""block_size"", ""kth""}:
    ^^^^
SyntaxError: invalid syntax",6a3733a218eaac02,stage4/results/tensorflow-thesis-all-coverage/execution_results/tensorflow.keras.ops.numpy.bitwise_left_shift.results.json,stage4/results/tensorflow-thesis-all-coverage/failure.csv,
tensorflow,tensorflow.keras.ops.numpy.bitwise_not,stage4_runtime,WorkerCrash,"Traceback (most recent call last):
  File ""<frozen runpy>"", line 198, in _run_module_as_main
  File ""<frozen runpy>"", line 88, in _run_code
  File ""/Users/aryansg/Desktop/DeepFuzz/stage4/stage4_worker.py"", line 27, in <module>
    from json2init.deepfuzz_common import (  # noqa: E402
    ...<7 lines>...
    )
  File ""/Users/aryansg/Desktop/DeepFuzz/json2init/deepfuzz_common.py"", line 321
    elif lname in {""axis"", ""dim"", ""depth"", ""k"", ""num"", ""count"", ""window_length"", ""fft_length"", ""sequence_length"", ""sequence_stride"", ""num_bits"", ""block_size"", ""kth""}:
    ^^^^
SyntaxError: invalid syntax",8e425735ae62f51b,stage4/results/tensorflow-thesis-all-coverage/execution_results/tensorflow.keras.ops.numpy.bitwise_not.results.json,stage4/results/tensorflow-thesis-all-coverage/failure.csv,
tensorflow,tensorflow.keras.ops.numpy.bitwise_not,stage4_coverage,selected_function_line_coverage_percent=0 < 60,selected_function_line_coverage_percent=0 < 60,92b03bab5d41ec3b,,stage4/results/tensorflow-thesis-all-coverage/low_coverage.csv,
tensorflow,tensorflow.keras.ops.numpy.bitwise_not,stage4_coverage,uncovered_api,Stage 4 did not cover API; valid_programs=0 bugs=0,c0cd2b51ca6085f1,stage4/results/tensorflow-thesis-all-coverage/coverage_report.json,stage4/results/tensorflow-thesis-all-coverage/coverage_report.json,
tensorflow,tensorflow.keras.ops.numpy.bitwise_or,stage4_runtime,WorkerCrash,"Traceback (most recent call last):
  File ""<frozen runpy>"", line 198, in _run_module_as_main
  File ""<frozen runpy>"", line 88, in _run_code
  File ""/Users/aryansg/Desktop/DeepFuzz/stage4/stage4_worker.py"", line 27, in <module>
    from json2init.deepfuzz_common import (  # noqa: E402
    ...<7 lines>...
    )
  File ""/Users/aryansg/Desktop/DeepFuzz/json2init/deepfuzz_common.py"", line 321
    elif lname in {""axis"", ""dim"", ""depth"", ""k"", ""num"", ""count"", ""window_length"", ""fft_length"", ""sequence_length"", ""sequence_stride"", ""num_bits"", ""block_size"", ""kth""}:
    ^^^^
SyntaxError: invalid syntax",865d72fc1c3c9547,stage4/results/tensorflow-thesis-all-coverage/execution_results/tensorflow.keras.ops.numpy.bitwise_or.results.json,stage4/results/tensorflow-thesis-all-coverage/failure.csv,
tensorflow,tensorflow.keras.ops.numpy.bitwise_or,stage4_coverage,selected_function_line_coverage_percent=0 < 60,selected_function_line_coverage_percent=0 < 60,eb614bea8405fad4,,stage4/results/tensorflow-thesis-all-coverage/low_coverage.csv,
tensorflow,tensorflow.keras.ops.numpy.bitwise_or,stage4_coverage,uncovered_api,Stage 4 did not cover API; valid_programs=0 bugs=0,ed0d4c0a7a3fb74a,stage4/results/tensorflow-thesis-all-coverage/coverage_report.json,stage4/results/tensorflow-thesis-all-coverage/coverage_report.json,
tensorflow,tensorflow.keras.ops.numpy.bitwise_right_shift,stage4_runtime,WorkerCrash,"Traceback (most recent call last):
  File ""<frozen runpy>"", line 198, in _run_module_as_main
  File ""<frozen runpy>"", line 88, in _run_code
  File ""/Users/aryansg/Desktop/DeepFuzz/stage4/stage4_worker.py"", line 27, in <module>
    from json2init.deepfuzz_common import (  # noqa: E402
    ...<7 lines>...
    )
  File ""/Users/aryansg/Desktop/DeepFuzz/json2init/deepfuzz_common.py"", line 321
    elif lname in {""axis"", ""dim"", ""depth"", ""k"", ""num"", ""count"", ""window_length"", ""fft_length"", ""sequence_length"", ""sequence_stride"", ""num_bits"", ""block_size"", ""kth""}:
    ^^^^
SyntaxError: invalid syntax",11c5aa0573682737,stage4/results/tensorflow-thesis-all-coverage/execution_results/tensorflow.keras.ops.numpy.bitwise_right_shift.results.json,stage4/results/tensorflow-thesis-all-coverage/failure.csv,
tensorflow,tensorflow.keras.ops.numpy.bitwise_right_shift,stage4_coverage,selected_function_line_coverage_percent=0 < 60,selected_function_line_coverage_percent=0 < 60,6d84dc8e032b493a,,stage4/results/tensorflow-thesis-all-coverage/low_coverage.csv,
tensorflow,tensorflow.keras.ops.numpy.bitwise_right_shift,stage4_coverage,uncovered_api,Stage 4 did not cover API; valid_programs=0 bugs=0,705665da6f0c609d,stage4/results/tensorflow-thesis-all-coverage/coverage_report.json,stage4/results/tensorflow-thesis-all-coverage/coverage_report.json,
tensorflow,tensorflow.keras.ops.numpy.bitwise_xor,stage4_runtime,WorkerCrash,"Traceback (most recent call last):
  File ""<frozen runpy>"", line 198, in _run_module_as_main
  File ""<frozen runpy>"", line 88, in _run_code
  File ""/Users/aryansg/Desktop/DeepFuzz/stage4/stage4_worker.py"", line 27, in <module>
    from json2init.deepfuzz_common import (  # noqa: E402
    ...<7 lines>...
    )
  File ""/Users/aryansg/Desktop/DeepFuzz/json2init/deepfuzz_common.py"", line 321
    elif lname in {""axis"", ""dim"", ""depth"", ""k"", ""num"", ""count"", ""window_length"", ""fft_length"", ""sequence_length"", ""sequence_stride"", ""num_bits"", ""block_size"", ""kth""}:
    ^^^^
SyntaxError: invalid syntax",255d6d1503210a43,stage4/results/tensorflow-thesis-all-coverage/execution_results/tensorflow.keras.ops.numpy.bitwise_xor.results.json,stage4/results/tensorflow-thesis-all-coverage/failure.csv,
tensorflow,tensorflow.keras.ops.numpy.bitwise_xor,stage4_coverage,selected_function_line_coverage_percent=0 < 60,selected_function_line_coverage_percent=0 < 60,3538354e81dc84d9,,stage4/results/tensorflow-thesis-all-coverage/low_coverage.csv,
tensorflow,tensorflow.keras.ops.numpy.bitwise_xor,stage4_coverage,uncovered_api,Stage 4 did not cover API; valid_programs=0 bugs=0,577c5ce524d6fc1a,stage4/results/tensorflow-thesis-all-coverage/coverage_report.json,stage4/results/tensorflow-thesis-all-coverage/coverage_report.json,
tensorflow,tensorflow.keras.ops.numpy.blackman,stage4_coverage,uncovered_api,Stage 4 did not cover API; valid_programs=0 bugs=0,4eec3a7976edfdd9,stage4/results/tensorflow-thesis-all-coverage/coverage_report.json,stage4/results/tensorflow-thesis-all-coverage/coverage_report.json,
tensorflow,tensorflow.keras.ops.numpy.blackman,stage4_coverage,selected_function_line_coverage_percent=0 < 60,selected_function_line_coverage_percent=0 < 60,91027add9e0ef217,,stage4/results/tensorflow-thesis-all-coverage/low_coverage.csv,
tensorflow,tensorflow.keras.ops.numpy.blackman,stage4_runtime,WorkerCrash,"Traceback (most recent call last):
  File ""<frozen runpy>"", line 198, in _run_module_as_main
  File ""<frozen runpy>"", line 88, in _run_code
  File ""/Users/aryansg/Desktop/DeepFuzz/stage4/stage4_worker.py"", line 27, in <module>
    from json2init.deepfuzz_common import (  # noqa: E402
    ...<7 lines>...
    )
  File ""/Users/aryansg/Desktop/DeepFuzz/json2init/deepfuzz_common.py"", line 321
    elif lname in {""axis"", ""dim"", ""depth"", ""k"", ""num"", ""count"", ""window_length"", ""fft_length"", ""sequence_length"", ""sequence_stride"", ""num_bits"", ""block_size"", ""kth""}:
    ^^^^
SyntaxError: invalid syntax",e30a0720e8ed0578,stage4/results/tensorflow-thesis-all-coverage/execution_results/tensorflow.keras.ops.numpy.blackman.results.json,stage4/results/tensorflow-thesis-all-coverage/failure.csv,
tensorflow,tensorflow.keras.ops.numpy.broadcast_to,stage4_runtime,WorkerCrash,"Traceback (most recent call last):
  File ""<frozen runpy>"", line 198, in _run_module_as_main
  File ""<frozen runpy>"", line 88, in _run_code
  File ""/Users/aryansg/Desktop/DeepFuzz/stage4/stage4_worker.py"", line 27, in <module>
    from json2init.deepfuzz_common import (  # noqa: E402
    ...<7 lines>...
    )
  File ""/Users/aryansg/Desktop/DeepFuzz/json2init/deepfuzz_common.py"", line 321
    elif lname in {""axis"", ""dim"", ""depth"", ""k"", ""num"", ""count"", ""window_length"", ""fft_length"", ""sequence_length"", ""sequence_stride"", ""num_bits"", ""block_size"", ""kth""}:
    ^^^^
SyntaxError: invalid syntax",b78ce07eb14be4d3,stage4/results/tensorflow-thesis-all-coverage/execution_results/tensorflow.keras.ops.numpy.broadcast_to.results.json,stage4/results/tensorflow-thesis-all-coverage/failure.csv,
tensorflow,tensorflow.keras.ops.numpy.broadcast_to,stage4_coverage,uncovered_api,Stage 4 did not cover API; valid_programs=0 bugs=0,c66bd324d4b583e8,stage4/results/tensorflow-thesis-all-coverage/coverage_report.json,stage4/results/tensorflow-thesis-all-coverage/coverage_report.json,
tensorflow,tensorflow.keras.ops.numpy.broadcast_to,stage4_coverage,selected_function_line_coverage_percent=0 < 60,selected_function_line_coverage_percent=0 < 60,f8c0ca5051a66adf,,stage4/results/tensorflow-thesis-all-coverage/low_coverage.csv,
tensorflow,tensorflow.keras.ops.numpy.cbrt,stage4_coverage,uncovered_api,Stage 4 did not cover API; valid_programs=0 bugs=0,0db274175c54af44,stage4/results/tensorflow-thesis-all-coverage/coverage_report.json,stage4/results/tensorflow-thesis-all-coverage/coverage_report.json,
tensorflow,tensorflow.keras.ops.numpy.cbrt,stage4_coverage,selected_function_line_coverage_percent=0 < 60,selected_function_line_coverage_percent=0 < 60,52ed48fcc8f721cb,,stage4/results/tensorflow-thesis-all-coverage/low_coverage.csv,
tensorflow,tensorflow.keras.ops.numpy.cbrt,stage4_runtime,WorkerCrash,"Traceback (most recent call last):
  File ""<frozen runpy>"", line 198, in _run_module_as_main
  File ""<frozen runpy>"", line 88, in _run_code
  File ""/Users/aryansg/Desktop/DeepFuzz/stage4/stage4_worker.py"", line 27, in <module>
    from json2init.deepfuzz_common import (  # noqa: E402
    ...<7 lines>...
    )
  File ""/Users/aryansg/Desktop/DeepFuzz/json2init/deepfuzz_common.py"", line 321
    elif lname in {""axis"", ""dim"", ""depth"", ""k"", ""num"", ""count"", ""window_length"", ""fft_length"", ""sequence_length"", ""sequence_stride"", ""num_bits"", ""block_size"", ""kth""}:
    ^^^^
SyntaxError: invalid syntax",d4f6ccb3fe5aa719,stage4/results/tensorflow-thesis-all-coverage/execution_results/tensorflow.keras.ops.numpy.cbrt.results.json,stage4/results/tensorflow-thesis-all-coverage/failure.csv,
tensorflow,tensorflow.keras.ops.numpy.ceil,stage4_coverage,selected_function_line_coverage_percent=0 < 60,selected_function_line_coverage_percent=0 < 60,1ecbbe8815d6e01b,,stage4/results/tensorflow-thesis-all-coverage/low_coverage.csv,
tensorflow,tensorflow.keras.ops.numpy.ceil,stage4_runtime,WorkerCrash,"Traceback (most recent call last):
  File ""<frozen runpy>"", line 198, in _run_module_as_main
  File ""<frozen runpy>"", line 88, in _run_code
  File ""/Users/aryansg/Desktop/DeepFuzz/stage4/stage4_worker.py"", line 27, in <module>
    from json2init.deepfuzz_common import (  # noqa: E402
    ...<7 lines>...
    )
  File ""/Users/aryansg/Desktop/DeepFuzz/json2init/deepfuzz_common.py"", line 321
    elif lname in {""axis"", ""dim"", ""depth"", ""k"", ""num"", ""count"", ""window_length"", ""fft_length"", ""sequence_length"", ""sequence_stride"", ""num_bits"", ""block_size"", ""kth""}:
    ^^^^
SyntaxError: invalid syntax",6c27f7c4b4e7485f,stage4/results/tensorflow-thesis-all-coverage/execution_results/tensorflow.keras.ops.numpy.ceil.results.json,stage4/results/tensorflow-thesis-all-coverage/failure.csv,
tensorflow,tensorflow.keras.ops.numpy.ceil,stage4_coverage,uncovered_api,Stage 4 did not cover API; valid_programs=0 bugs=0,fb71ce3e3b2744c7,stage4/results/tensorflow-thesis-all-coverage/coverage_report.json,stage4/results/tensorflow-thesis-all-coverage/coverage_report.json,
tensorflow,tensorflow.keras.ops.numpy.conjugate,stage4_coverage,uncovered_api,Stage 4 did not cover API; valid_programs=0 bugs=0,0d2f1b8cdf1745c2,stage4/results/tensorflow-thesis-all-coverage/coverage_report.json,stage4/results/tensorflow-thesis-all-coverage/coverage_report.json,
tensorflow,tensorflow.keras.ops.numpy.conjugate,stage4_coverage,selected_function_line_coverage_percent=0 < 60,selected_function_line_coverage_percent=0 < 60,1fa109cfe637bf62,,stage4/results/tensorflow-thesis-all-coverage/low_coverage.csv,
tensorflow,tensorflow.keras.ops.numpy.conjugate,stage4_runtime,WorkerCrash,"Traceback (most recent call last):
  File ""<frozen runpy>"", line 198, in _run_module_as_main
  File ""<frozen runpy>"", line 88, in _run_code
  File ""/Users/aryansg/Desktop/DeepFuzz/stage4/stage4_worker.py"", line 27, in <module>
    from json2init.deepfuzz_common import (  # noqa: E402
    ...<7 lines>...
    )
  File ""/Users/aryansg/Desktop/DeepFuzz/json2init/deepfuzz_common.py"", line 321
    elif lname in {""axis"", ""dim"", ""depth"", ""k"", ""num"", ""count"", ""window_length"", ""fft_length"", ""sequence_length"", ""sequence_stride"", ""num_bits"", ""block_size"", ""kth""}:
    ^^^^
SyntaxError: invalid syntax",ff5f230546bde934,stage4/results/tensorflow-thesis-all-coverage/execution_results/tensorflow.keras.ops.numpy.conjugate.results.json,stage4/results/tensorflow-thesis-all-coverage/failure.csv,
tensorflow,tensorflow.keras.ops.numpy.correlate,stage4_coverage,selected_function_line_coverage_percent=0 < 60,selected_function_line_coverage_percent=0 < 60,7a7188f07c39e0d1,,stage4/results/tensorflow-thesis-all-coverage/low_coverage.csv,
tensorflow,tensorflow.keras.ops.numpy.correlate,stage4_runtime,WorkerCrash,"Traceback (most recent call last):
  File ""<frozen runpy>"", line 198, in _run_module_as_main
  File ""<frozen runpy>"", line 88, in _run_code
  File ""/Users/aryansg/Desktop/DeepFuzz/stage4/stage4_worker.py"", line 27, in <module>
    from json2init.deepfuzz_common import (  # noqa: E402
    ...<7 lines>...
    )
  File ""/Users/aryansg/Desktop/DeepFuzz/json2init/deepfuzz_common.py"", line 321
    elif lname in {""axis"", ""dim"", ""depth"", ""k"", ""num"", ""count"", ""window_length"", ""fft_length"", ""sequence_length"", ""sequence_stride"", ""num_bits"", ""block_size"", ""kth""}:
    ^^^^
SyntaxError: invalid syntax",8178d778ee9e30e1,stage4/results/tensorflow-thesis-all-coverage/execution_results/tensorflow.keras.ops.numpy.correlate.results.json,stage4/results/tensorflow-thesis-all-coverage/failure.csv,
tensorflow,tensorflow.keras.ops.numpy.correlate,stage4_coverage,uncovered_api,Stage 4 did not cover API; valid_programs=0 bugs=0,acda717d79ac29d2,stage4/results/tensorflow-thesis-all-coverage/coverage_report.json,stage4/results/tensorflow-thesis-all-coverage/coverage_report.json,
tensorflow,tensorflow.keras.ops.numpy.cos,stage4_coverage,selected_function_line_coverage_percent=0 < 60,selected_function_line_coverage_percent=0 < 60,206bd9716c480fd7,,stage4/results/tensorflow-thesis-all-coverage/low_coverage.csv,
tensorflow,tensorflow.keras.ops.numpy.cos,stage4_runtime,WorkerCrash,"Traceback (most recent call last):
  File ""<frozen runpy>"", line 198, in _run_module_as_main
  File ""<frozen runpy>"", line 88, in _run_code
  File ""/Users/aryansg/Desktop/DeepFuzz/stage4/stage4_worker.py"", line 27, in <module>
    from json2init.deepfuzz_common import (  # noqa: E402
    ...<7 lines>...
    )
  File ""/Users/aryansg/Desktop/DeepFuzz/json2init/deepfuzz_common.py"", line 321
    elif lname in {""axis"", ""dim"", ""depth"", ""k"", ""num"", ""count"", ""window_length"", ""fft_length"", ""sequence_length"", ""sequence_stride"", ""num_bits"", ""block_size"", ""kth""}:
    ^^^^
SyntaxError: invalid syntax",4addc8b511c626a5,stage4/results/tensorflow-thesis-all-coverage/execution_results/tensorflow.keras.ops.numpy.cos.results.json,stage4/results/tensorflow-thesis-all-coverage/failure.csv,
tensorflow,tensorflow.keras.ops.numpy.cos,stage4_coverage,uncovered_api,Stage 4 did not cover API; valid_programs=0 bugs=0,9975bdcf3c600ccc,stage4/results/tensorflow-thesis-all-coverage/coverage_report.json,stage4/results/tensorflow-thesis-all-coverage/coverage_report.json,
tensorflow,tensorflow.keras.ops.numpy.cosh,stage4_coverage,selected_function_line_coverage_percent=0 < 60,selected_function_line_coverage_percent=0 < 60,034967cf1e031eb1,,stage4/results/tensorflow-thesis-all-coverage/low_coverage.csv,
tensorflow,tensorflow.keras.ops.numpy.cosh,stage4_runtime,WorkerCrash,"Traceback (most recent call last):
  File ""<frozen runpy>"", line 198, in _run_module_as_main
  File ""<frozen runpy>"", line 88, in _run_code
  File ""/Users/aryansg/Desktop/DeepFuzz/stage4/stage4_worker.py"", line 27, in <module>
    from json2init.deepfuzz_common import (  # noqa: E402
    ...<7 lines>...
    )
  File ""/Users/aryansg/Desktop/DeepFuzz/json2init/deepfuzz_common.py"", line 321
    elif lname in {""axis"", ""dim"", ""depth"", ""k"", ""num"", ""count"", ""window_length"", ""fft_length"", ""sequence_length"", ""sequence_stride"", ""num_bits"", ""block_size"", ""kth""}:
    ^^^^
SyntaxError: invalid syntax",86df38a281295a20,stage4/results/tensorflow-thesis-all-coverage/execution_results/tensorflow.keras.ops.numpy.cosh.results.json,stage4/results/tensorflow-thesis-all-coverage/failure.csv,
tensorflow,tensorflow.keras.ops.numpy.cosh,stage4_coverage,uncovered_api,Stage 4 did not cover API; valid_programs=0 bugs=0,8ffda87425f4007c,stage4/results/tensorflow-thesis-all-coverage/coverage_report.json,stage4/results/tensorflow-thesis-all-coverage/coverage_report.json,
tensorflow,tensorflow.keras.ops.numpy.count_nonzero,stage4_coverage,selected_function_line_coverage_percent=0 < 60,selected_function_line_coverage_percent=0 < 60,0728d08c5dc84468,,stage4/results/tensorflow-thesis-all-coverage/low_coverage.csv,
tensorflow,tensorflow.keras.ops.numpy.count_nonzero,stage4_runtime,WorkerCrash,"Traceback (most recent call last):
  File ""<frozen runpy>"", line 198, in _run_module_as_main
  File ""<frozen runpy>"", line 88, in _run_code
  File ""/Users/aryansg/Desktop/DeepFuzz/stage4/stage4_worker.py"", line 27, in <module>
    from json2init.deepfuzz_common import (  # noqa: E402
    ...<7 lines>...
    )
  File ""/Users/aryansg/Desktop/DeepFuzz/json2init/deepfuzz_common.py"", line 321
    elif lname in {""axis"", ""dim"", ""depth"", ""k"", ""num"", ""count"", ""window_length"", ""fft_length"", ""sequence_length"", ""sequence_stride"", ""num_bits"", ""block_size"", ""kth""}:
    ^^^^
SyntaxError: invalid syntax",6386629b75625a15,stage4/results/tensorflow-thesis-all-coverage/execution_results/tensorflow.keras.ops.numpy.count_nonzero.results.json,stage4/results/tensorflow-thesis-all-coverage/failure.csv,
tensorflow,tensorflow.keras.ops.numpy.count_nonzero,stage4_coverage,uncovered_api,Stage 4 did not cover API; valid_programs=0 bugs=0,f8e067f4717ae7cc,stage4/results/tensorflow-thesis-all-coverage/coverage_report.json,stage4/results/tensorflow-thesis-all-coverage/coverage_report.json,
tensorflow,tensorflow.keras.ops.numpy.cumprod,stage4_coverage,selected_function_line_coverage_percent=0 < 60,selected_function_line_coverage_percent=0 < 60,6a0afbf90b16d48c,,stage4/results/tensorflow-thesis-all-coverage/low_coverage.csv,
tensorflow,tensorflow.keras.ops.numpy.cumprod,stage4_runtime,WorkerCrash,"Traceback (most recent call last):
  File ""<frozen runpy>"", line 198, in _run_module_as_main
  File ""<frozen runpy>"", line 88, in _run_code
  File ""/Users/aryansg/Desktop/DeepFuzz/stage4/stage4_worker.py"", line 27, in <module>
    from json2init.deepfuzz_common import (  # noqa: E402
    ...<7 lines>...
    )
  File ""/Users/aryansg/Desktop/DeepFuzz/json2init/deepfuzz_common.py"", line 321
    elif lname in {""axis"", ""dim"", ""depth"", ""k"", ""num"", ""count"", ""window_length"", ""fft_length"", ""sequence_length"", ""sequence_stride"", ""num_bits"", ""block_size"", ""kth""}:
    ^^^^
SyntaxError: invalid syntax",8040f815e0dce5ca,stage4/results/tensorflow-thesis-all-coverage/execution_results/tensorflow.keras.ops.numpy.cumprod.results.json,stage4/results/tensorflow-thesis-all-coverage/failure.csv,
tensorflow,tensorflow.keras.ops.numpy.cumprod,stage4_coverage,uncovered_api,Stage 4 did not cover API; valid_programs=0 bugs=0,df69382a80723774,stage4/results/tensorflow-thesis-all-coverage/coverage_report.json,stage4/results/tensorflow-thesis-all-coverage/coverage_report.json,
tensorflow,tensorflow.keras.ops.numpy.cumsum,stage4_coverage,uncovered_api,Stage 4 did not cover API; valid_programs=0 bugs=0,10011af2264c5e4d,stage4/results/tensorflow-thesis-all-coverage/coverage_report.json,stage4/results/tensorflow-thesis-all-coverage/coverage_report.json,
tensorflow,tensorflow.keras.ops.numpy.cumsum,stage4_runtime,WorkerCrash,"Traceback (most recent call last):
  File ""<frozen runpy>"", line 198, in _run_module_as_main
  File ""<frozen runpy>"", line 88, in _run_code
  File ""/Users/aryansg/Desktop/DeepFuzz/stage4/stage4_worker.py"", line 27, in <module>
    from json2init.deepfuzz_common import (  # noqa: E402
    ...<7 lines>...
    )
  File ""/Users/aryansg/Desktop/DeepFuzz/json2init/deepfuzz_common.py"", line 321
    elif lname in {""axis"", ""dim"", ""depth"", ""k"", ""num"", ""count"", ""window_length"", ""fft_length"", ""sequence_length"", ""sequence_stride"", ""num_bits"", ""block_size"", ""kth""}:
    ^^^^
SyntaxError: invalid syntax",1b83f4b117cdf164,stage4/results/tensorflow-thesis-all-coverage/execution_results/tensorflow.keras.ops.numpy.cumsum.results.json,stage4/results/tensorflow-thesis-all-coverage/failure.csv,
tensorflow,tensorflow.keras.ops.numpy.cumsum,stage4_coverage,selected_function_line_coverage_percent=0 < 60,selected_function_line_coverage_percent=0 < 60,7ea944a1e88bab47,,stage4/results/tensorflow-thesis-all-coverage/low_coverage.csv,
tensorflow,tensorflow.keras.ops.numpy.diagflat,stage4_runtime,WorkerCrash,"Traceback (most recent call last):
  File ""<frozen runpy>"", line 198, in _run_module_as_main
  File ""<frozen runpy>"", line 88, in _run_code
  File ""/Users/aryansg/Desktop/DeepFuzz/stage4/stage4_worker.py"", line 27, in <module>
    from json2init.deepfuzz_common import (  # noqa: E402
    ...<7 lines>...
    )
  File ""/Users/aryansg/Desktop/DeepFuzz/json2init/deepfuzz_common.py"", line 321
    elif lname in {""axis"", ""dim"", ""depth"", ""k"", ""num"", ""count"", ""window_length"", ""fft_length"", ""sequence_length"", ""sequence_stride"", ""num_bits"", ""block_size"", ""kth""}:
    ^^^^
SyntaxError: invalid syntax",1901264e97a18b65,stage4/results/tensorflow-thesis-all-coverage/execution_results/tensorflow.keras.ops.numpy.diagflat.results.json,stage4/results/tensorflow-thesis-all-coverage/failure.csv,
tensorflow,tensorflow.keras.ops.numpy.diagflat,stage4_coverage,selected_function_line_coverage_percent=0 < 60,selected_function_line_coverage_percent=0 < 60,890de03dfc3ffd4d,,stage4/results/tensorflow-thesis-all-coverage/low_coverage.csv,
tensorflow,tensorflow.keras.ops.numpy.diagflat,stage4_coverage,uncovered_api,Stage 4 did not cover API; valid_programs=0 bugs=0,e74c80809223e1e3,stage4/results/tensorflow-thesis-all-coverage/coverage_report.json,stage4/results/tensorflow-thesis-all-coverage/coverage_report.json,
tensorflow,tensorflow.keras.ops.numpy.diagonal,stage4_runtime,WorkerCrash,"Traceback (most recent call last):
  File ""<frozen runpy>"", line 198, in _run_module_as_main
  File ""<frozen runpy>"", line 88, in _run_code
  File ""/Users/aryansg/Desktop/DeepFuzz/stage4/stage4_worker.py"", line 27, in <module>
    from json2init.deepfuzz_common import (  # noqa: E402
    ...<7 lines>...
    )
  File ""/Users/aryansg/Desktop/DeepFuzz/json2init/deepfuzz_common.py"", line 321
    elif lname in {""axis"", ""dim"", ""depth"", ""k"", ""num"", ""count"", ""window_length"", ""fft_length"", ""sequence_length"", ""sequence_stride"", ""num_bits"", ""block_size"", ""kth""}:
    ^^^^
SyntaxError: invalid syntax",7b04d4001a70c09f,stage4/results/tensorflow-thesis-all-coverage/execution_results/tensorflow.keras.ops.numpy.diagonal.results.json,stage4/results/tensorflow-thesis-all-coverage/failure.csv,
tensorflow,tensorflow.keras.ops.numpy.diagonal,stage4_coverage,uncovered_api,Stage 4 did not cover API; valid_programs=0 bugs=0,9726e15715311856,stage4/results/tensorflow-thesis-all-coverage/coverage_report.json,stage4/results/tensorflow-thesis-all-coverage/coverage_report.json,
tensorflow,tensorflow.keras.ops.numpy.diagonal,stage4_coverage,selected_function_line_coverage_percent=0 < 60,selected_function_line_coverage_percent=0 < 60,c6902220efefea9f,,stage4/results/tensorflow-thesis-all-coverage/low_coverage.csv,
tensorflow,tensorflow.keras.ops.numpy.divide,stage4_runtime,WorkerCrash,"Traceback (most recent call last):
  File ""<frozen runpy>"", line 198, in _run_module_as_main
  File ""<frozen runpy>"", line 88, in _run_code
  File ""/Users/aryansg/Desktop/DeepFuzz/stage4/stage4_worker.py"", line 27, in <module>
    from json2init.deepfuzz_common import (  # noqa: E402
    ...<7 lines>...
    )
  File ""/Users/aryansg/Desktop/DeepFuzz/json2init/deepfuzz_common.py"", line 321
    elif lname in {""axis"", ""dim"", ""depth"", ""k"", ""num"", ""count"", ""window_length"", ""fft_length"", ""sequence_length"", ""sequence_stride"", ""num_bits"", ""block_size"", ""kth""}:
    ^^^^
SyntaxError: invalid syntax",03811b333a9339d0,stage4/results/tensorflow-thesis-all-coverage/execution_results/tensorflow.keras.ops.numpy.divide.results.json,stage4/results/tensorflow-thesis-all-coverage/failure.csv,
tensorflow,tensorflow.keras.ops.numpy.divide,stage4_coverage,selected_function_line_coverage_percent=0 < 60,selected_function_line_coverage_percent=0 < 60,10b3c8469a40be5d,,stage4/results/tensorflow-thesis-all-coverage/low_coverage.csv,
tensorflow,tensorflow.keras.ops.numpy.divide,stage4_coverage,uncovered_api,Stage 4 did not cover API; valid_programs=0 bugs=0,9bf76e0ff56877bf,stage4/results/tensorflow-thesis-all-coverage/coverage_report.json,stage4/results/tensorflow-thesis-all-coverage/coverage_report.json,
tensorflow,tensorflow.keras.ops.numpy.empty,stage4_coverage,uncovered_api,Stage 4 did not cover API; valid_programs=0 bugs=0,2ba8cf666651c596,stage4/results/tensorflow-thesis-all-coverage/coverage_report.json,stage4/results/tensorflow-thesis-all-coverage/coverage_report.json,
tensorflow,tensorflow.keras.ops.numpy.empty,stage4_runtime,WorkerCrash,"Traceback (most recent call last):
  File ""<frozen runpy>"", line 198, in _run_module_as_main
  File ""<frozen runpy>"", line 88, in _run_code
  File ""/Users/aryansg/Desktop/DeepFuzz/stage4/stage4_worker.py"", line 27, in <module>
    from json2init.deepfuzz_common import (  # noqa: E402
    ...<7 lines>...
    )
  File ""/Users/aryansg/Desktop/DeepFuzz/json2init/deepfuzz_common.py"", line 321
    elif lname in {""axis"", ""dim"", ""depth"", ""k"", ""num"", ""count"", ""window_length"", ""fft_length"", ""sequence_length"", ""sequence_stride"", ""num_bits"", ""block_size"", ""kth""}:
    ^^^^
SyntaxError: invalid syntax",600d444367723fa0,stage4/results/tensorflow-thesis-all-coverage/execution_results/tensorflow.keras.ops.numpy.empty.results.json,stage4/results/tensorflow-thesis-all-coverage/failure.csv,
tensorflow,tensorflow.keras.ops.numpy.empty,stage4_coverage,selected_function_line_coverage_percent=0 < 60,selected_function_line_coverage_percent=0 < 60,b63770cb49b624a9,,stage4/results/tensorflow-thesis-all-coverage/low_coverage.csv,
tensorflow,tensorflow.keras.ops.numpy.equal,stage4_coverage,selected_function_line_coverage_percent=0 < 60,selected_function_line_coverage_percent=0 < 60,58390aafc59da492,,stage4/results/tensorflow-thesis-all-coverage/low_coverage.csv,
tensorflow,tensorflow.keras.ops.numpy.equal,stage4_coverage,uncovered_api,Stage 4 did not cover API; valid_programs=0 bugs=0,9102a7e9378e0888,stage4/results/tensorflow-thesis-all-coverage/coverage_report.json,stage4/results/tensorflow-thesis-all-coverage/coverage_report.json,
tensorflow,tensorflow.keras.ops.numpy.equal,stage4_runtime,WorkerCrash,"Traceback (most recent call last):
  File ""<frozen runpy>"", line 198, in _run_module_as_main
  File ""<frozen runpy>"", line 88, in _run_code
  File ""/Users/aryansg/Desktop/DeepFuzz/stage4/stage4_worker.py"", line 27, in <module>
    from json2init.deepfuzz_common import (  # noqa: E402
    ...<7 lines>...
    )
  File ""/Users/aryansg/Desktop/DeepFuzz/json2init/deepfuzz_common.py"", line 321
    elif lname in {""axis"", ""dim"", ""depth"", ""k"", ""num"", ""count"", ""window_length"", ""fft_length"", ""sequence_length"", ""sequence_stride"", ""num_bits"", ""block_size"", ""kth""}:
    ^^^^
SyntaxError: invalid syntax",9b2abf42d3410f68,stage4/results/tensorflow-thesis-all-coverage/execution_results/tensorflow.keras.ops.numpy.equal.results.json,stage4/results/tensorflow-thesis-all-coverage/failure.csv,
tensorflow,tensorflow.keras.ops.numpy.exp,stage4_coverage,selected_function_line_coverage_percent=0 < 60,selected_function_line_coverage_percent=0 < 60,240a9596fe745219,,stage4/results/tensorflow-thesis-all-coverage/low_coverage.csv,
tensorflow,tensorflow.keras.ops.numpy.exp,stage4_coverage,uncovered_api,Stage 4 did not cover API; valid_programs=0 bugs=0,4b248d20df4532ce,stage4/results/tensorflow-thesis-all-coverage/coverage_report.json,stage4/results/tensorflow-thesis-all-coverage/coverage_report.json,
tensorflow,tensorflow.keras.ops.numpy.exp,stage4_runtime,WorkerCrash,"Traceback (most recent call last):
  File ""<frozen runpy>"", line 198, in _run_module_as_main
  File ""<frozen runpy>"", line 88, in _run_code
  File ""/Users/aryansg/Desktop/DeepFuzz/stage4/stage4_worker.py"", line 27, in <module>
    from json2init.deepfuzz_common import (  # noqa: E402
    ...<7 lines>...
    )
  File ""/Users/aryansg/Desktop/DeepFuzz/json2init/deepfuzz_common.py"", line 321
    elif lname in {""axis"", ""dim"", ""depth"", ""k"", ""num"", ""count"", ""window_length"", ""fft_length"", ""sequence_length"", ""sequence_stride"", ""num_bits"", ""block_size"", ""kth""}:
    ^^^^
SyntaxError: invalid syntax",f767b297bd2df195,stage4/results/tensorflow-thesis-all-coverage/execution_results/tensorflow.keras.ops.numpy.exp.results.json,stage4/results/tensorflow-thesis-all-coverage/failure.csv,
tensorflow,tensorflow.keras.ops.numpy.exp2,stage4_coverage,selected_function_line_coverage_percent=0 < 60,selected_function_line_coverage_percent=0 < 60,09cb904f0577f2a2,,stage4/results/tensorflow-thesis-all-coverage/low_coverage.csv,
tensorflow,tensorflow.keras.ops.numpy.exp2,stage4_coverage,uncovered_api,Stage 4 did not cover API; valid_programs=0 bugs=0,1f180558ffef020d,stage4/results/tensorflow-thesis-all-coverage/coverage_report.json,stage4/results/tensorflow-thesis-all-coverage/coverage_report.json,
tensorflow,tensorflow.keras.ops.numpy.exp2,stage4_runtime,WorkerCrash,"Traceback (most recent call last):
  File ""<frozen runpy>"", line 198, in _run_module_as_main
  File ""<frozen runpy>"", line 88, in _run_code
  File ""/Users/aryansg/Desktop/DeepFuzz/stage4/stage4_worker.py"", line 27, in <module>
    from json2init.deepfuzz_common import (  # noqa: E402
    ...<7 lines>...
    )
  File ""/Users/aryansg/Desktop/DeepFuzz/json2init/deepfuzz_common.py"", line 321
    elif lname in {""axis"", ""dim"", ""depth"", ""k"", ""num"", ""count"", ""window_length"", ""fft_length"", ""sequence_length"", ""sequence_stride"", ""num_bits"", ""block_size"", ""kth""}:
    ^^^^
SyntaxError: invalid syntax",53ceb35fad5d0d2e,stage4/results/tensorflow-thesis-all-coverage/execution_results/tensorflow.keras.ops.numpy.exp2.results.json,stage4/results/tensorflow-thesis-all-coverage/failure.csv,
tensorflow,tensorflow.keras.ops.numpy.flip,stage4_coverage,uncovered_api,Stage 4 did not cover API; valid_programs=0 bugs=0,2eaf237b70bc393b,stage4/results/tensorflow-thesis-all-coverage/coverage_report.json,stage4/results/tensorflow-thesis-all-coverage/coverage_report.json,
tensorflow,tensorflow.keras.ops.numpy.flip,stage4_runtime,WorkerCrash,"Traceback (most recent call last):
  File ""<frozen runpy>"", line 198, in _run_module_as_main
  File ""<frozen runpy>"", line 88, in _run_code
  File ""/Users/aryansg/Desktop/DeepFuzz/stage4/stage4_worker.py"", line 27, in <module>
    from json2init.deepfuzz_common import (  # noqa: E402
    ...<7 lines>...
    )
  File ""/Users/aryansg/Desktop/DeepFuzz/json2init/deepfuzz_common.py"", line 321
    elif lname in {""axis"", ""dim"", ""depth"", ""k"", ""num"", ""count"", ""window_length"", ""fft_length"", ""sequence_length"", ""sequence_stride"", ""num_bits"", ""block_size"", ""kth""}:
    ^^^^
SyntaxError: invalid syntax",b1344222baf67a1b,stage4/results/tensorflow-thesis-all-coverage/execution_results/tensorflow.keras.ops.numpy.flip.results.json,stage4/results/tensorflow-thesis-all-coverage/failure.csv,
tensorflow,tensorflow.keras.ops.numpy.flip,stage4_coverage,selected_function_line_coverage_percent=0 < 60,selected_function_line_coverage_percent=0 < 60,c90844edc6389769,,stage4/results/tensorflow-thesis-all-coverage/low_coverage.csv,
tensorflow,tensorflow.keras.ops.numpy.floor,stage4_coverage,selected_function_line_coverage_percent=0 < 60,selected_function_line_coverage_percent=0 < 60,4605213f58ca2ad7,,stage4/results/tensorflow-thesis-all-coverage/low_coverage.csv,
tensorflow,tensorflow.keras.ops.numpy.floor,stage4_runtime,WorkerCrash,"Traceback (most recent call last):
  File ""<frozen runpy>"", line 198, in _run_module_as_main
  File ""<frozen runpy>"", line 88, in _run_code
  File ""/Users/aryansg/Desktop/DeepFuzz/stage4/stage4_worker.py"", line 27, in <module>
    from json2init.deepfuzz_common import (  # noqa: E402
    ...<7 lines>...
    )
  File ""/Users/aryansg/Desktop/DeepFuzz/json2init/deepfuzz_common.py"", line 321
    elif lname in {""axis"", ""dim"", ""depth"", ""k"", ""num"", ""count"", ""window_length"", ""fft_length"", ""sequence_length"", ""sequence_stride"", ""num_bits"", ""block_size"", ""kth""}:
    ^^^^
SyntaxError: invalid syntax",ecf34019a92debdb,stage4/results/tensorflow-thesis-all-coverage/execution_results/tensorflow.keras.ops.numpy.floor.results.json,stage4/results/tensorflow-thesis-all-coverage/failure.csv,
tensorflow,tensorflow.keras.ops.numpy.floor,stage4_coverage,uncovered_api,Stage 4 did not cover API; valid_programs=0 bugs=0,f016041f7a2f68da,stage4/results/tensorflow-thesis-all-coverage/coverage_report.json,stage4/results/tensorflow-thesis-all-coverage/coverage_report.json,
tensorflow,tensorflow.keras.ops.numpy.gcd,stage4_runtime,WorkerCrash,"Traceback (most recent call last):
  File ""<frozen runpy>"", line 198, in _run_module_as_main
  File ""<frozen runpy>"", line 88, in _run_code
  File ""/Users/aryansg/Desktop/DeepFuzz/stage4/stage4_worker.py"", line 27, in <module>
    from json2init.deepfuzz_common import (  # noqa: E402
    ...<7 lines>...
    )
  File ""/Users/aryansg/Desktop/DeepFuzz/json2init/deepfuzz_common.py"", line 321
    elif lname in {""axis"", ""dim"", ""depth"", ""k"", ""num"", ""count"", ""window_length"", ""fft_length"", ""sequence_length"", ""sequence_stride"", ""num_bits"", ""block_size"", ""kth""}:
    ^^^^
SyntaxError: invalid syntax",5b9b09ed8a59f64c,stage4/results/tensorflow-thesis-all-coverage/execution_results/tensorflow.keras.ops.numpy.gcd.results.json,stage4/results/tensorflow-thesis-all-coverage/failure.csv,
tensorflow,tensorflow.keras.ops.numpy.gcd,stage4_coverage,selected_function_line_coverage_percent=0 < 60,selected_function_line_coverage_percent=0 < 60,6c286fa4eec21ca9,,stage4/results/tensorflow-thesis-all-coverage/low_coverage.csv,
tensorflow,tensorflow.keras.ops.numpy.gcd,stage4_coverage,uncovered_api,Stage 4 did not cover API; valid_programs=0 bugs=0,fcd7f1a7b7157615,stage4/results/tensorflow-thesis-all-coverage/coverage_report.json,stage4/results/tensorflow-thesis-all-coverage/coverage_report.json,
tensorflow,tensorflow.keras.ops.numpy.greater,stage4_coverage,uncovered_api,Stage 4 did not cover API; valid_programs=0 bugs=0,1520007dea16ddf0,stage4/results/tensorflow-thesis-all-coverage/coverage_report.json,stage4/results/tensorflow-thesis-all-coverage/coverage_report.json,
tensorflow,tensorflow.keras.ops.numpy.greater,stage4_coverage,selected_function_line_coverage_percent=0 < 60,selected_function_line_coverage_percent=0 < 60,5f53bc860feb74ef,,stage4/results/tensorflow-thesis-all-coverage/low_coverage.csv,
tensorflow,tensorflow.keras.ops.numpy.greater,stage4_runtime,WorkerCrash,"Traceback (most recent call last):
  File ""<frozen runpy>"", line 198, in _run_module_as_main
  File ""<frozen runpy>"", line 88, in _run_code
  File ""/Users/aryansg/Desktop/DeepFuzz/stage4/stage4_worker.py"", line 27, in <module>
    from json2init.deepfuzz_common import (  # noqa: E402
    ...<7 lines>...
    )
  File ""/Users/aryansg/Desktop/DeepFuzz/json2init/deepfuzz_common.py"", line 321
    elif lname in {""axis"", ""dim"", ""depth"", ""k"", ""num"", ""count"", ""window_length"", ""fft_length"", ""sequence_length"", ""sequence_stride"", ""num_bits"", ""block_size"", ""kth""}:
    ^^^^
SyntaxError: invalid syntax",a57090dc2c45e7b8,stage4/results/tensorflow-thesis-all-coverage/execution_results/tensorflow.keras.ops.numpy.greater.results.json,stage4/results/tensorflow-thesis-all-coverage/failure.csv,
tensorflow,tensorflow.keras.ops.numpy.greater_equal,stage4_runtime,WorkerCrash,"Traceback (most recent call last):
  File ""<frozen runpy>"", line 198, in _run_module_as_main
  File ""<frozen runpy>"", line 88, in _run_code
  File ""/Users/aryansg/Desktop/DeepFuzz/stage4/stage4_worker.py"", line 27, in <module>
    from json2init.deepfuzz_common import (  # noqa: E402
    ...<7 lines>...
    )
  File ""/Users/aryansg/Desktop/DeepFuzz/json2init/deepfuzz_common.py"", line 321
    elif lname in {""axis"", ""dim"", ""depth"", ""k"", ""num"", ""count"", ""window_length"", ""fft_length"", ""sequence_length"", ""sequence_stride"", ""num_bits"", ""block_size"", ""kth""}:
    ^^^^
SyntaxError: invalid syntax",7cc4ee8bb5a1bf81,stage4/results/tensorflow-thesis-all-coverage/execution_results/tensorflow.keras.ops.numpy.greater_equal.results.json,stage4/results/tensorflow-thesis-all-coverage/failure.csv,
tensorflow,tensorflow.keras.ops.numpy.greater_equal,stage4_coverage,selected_function_line_coverage_percent=0 < 60,selected_function_line_coverage_percent=0 < 60,c807e4ec90ecc906,,stage4/results/tensorflow-thesis-all-coverage/low_coverage.csv,
tensorflow,tensorflow.keras.ops.numpy.greater_equal,stage4_coverage,uncovered_api,Stage 4 did not cover API; valid_programs=0 bugs=0,d215b10cf16ef166,stage4/results/tensorflow-thesis-all-coverage/coverage_report.json,stage4/results/tensorflow-thesis-all-coverage/coverage_report.json,
tensorflow,tensorflow.keras.ops.numpy.hamming,stage4_runtime,WorkerCrash,"Traceback (most recent call last):
  File ""<frozen runpy>"", line 198, in _run_module_as_main
  File ""<frozen runpy>"", line 88, in _run_code
  File ""/Users/aryansg/Desktop/DeepFuzz/stage4/stage4_worker.py"", line 27, in <module>
    from json2init.deepfuzz_common import (  # noqa: E402
    ...<7 lines>...
    )
  File ""/Users/aryansg/Desktop/DeepFuzz/json2init/deepfuzz_common.py"", line 321
    elif lname in {""axis"", ""dim"", ""depth"", ""k"", ""num"", ""count"", ""window_length"", ""fft_length"", ""sequence_length"", ""sequence_stride"", ""num_bits"", ""block_size"", ""kth""}:
    ^^^^
SyntaxError: invalid syntax",2abc72b436ca297f,stage4/results/tensorflow-thesis-all-coverage/execution_results/tensorflow.keras.ops.numpy.hamming.results.json,stage4/results/tensorflow-thesis-all-coverage/failure.csv,
tensorflow,tensorflow.keras.ops.numpy.hamming,stage4_coverage,uncovered_api,Stage 4 did not cover API; valid_programs=0 bugs=0,2c7efeab761c94df,stage4/results/tensorflow-thesis-all-coverage/coverage_report.json,stage4/results/tensorflow-thesis-all-coverage/coverage_report.json,
tensorflow,tensorflow.keras.ops.numpy.hamming,stage4_coverage,selected_function_line_coverage_percent=0 < 60,selected_function_line_coverage_percent=0 < 60,c1a92effdd536810,,stage4/results/tensorflow-thesis-all-coverage/low_coverage.csv,
tensorflow,tensorflow.keras.ops.numpy.hanning,stage4_coverage,uncovered_api,Stage 4 did not cover API; valid_programs=0 bugs=0,59735fea9f5960a2,stage4/results/tensorflow-thesis-all-coverage/coverage_report.json,stage4/results/tensorflow-thesis-all-coverage/coverage_report.json,
tensorflow,tensorflow.keras.ops.numpy.hanning,stage4_coverage,selected_function_line_coverage_percent=0 < 60,selected_function_line_coverage_percent=0 < 60,cb69957aff4f213a,,stage4/results/tensorflow-thesis-all-coverage/low_coverage.csv,
tensorflow,tensorflow.keras.ops.numpy.hanning,stage4_runtime,WorkerCrash,"Traceback (most recent call last):
  File ""<frozen runpy>"", line 198, in _run_module_as_main
  File ""<frozen runpy>"", line 88, in _run_code
  File ""/Users/aryansg/Desktop/DeepFuzz/stage4/stage4_worker.py"", line 27, in <module>
    from json2init.deepfuzz_common import (  # noqa: E402
    ...<7 lines>...
    )
  File ""/Users/aryansg/Desktop/DeepFuzz/json2init/deepfuzz_common.py"", line 321
    elif lname in {""axis"", ""dim"", ""depth"", ""k"", ""num"", ""count"", ""window_length"", ""fft_length"", ""sequence_length"", ""sequence_stride"", ""num_bits"", ""block_size"", ""kth""}:
    ^^^^
SyntaxError: invalid syntax",ccd67bc5327485d6,stage4/results/tensorflow-thesis-all-coverage/execution_results/tensorflow.keras.ops.numpy.hanning.results.json,stage4/results/tensorflow-thesis-all-coverage/failure.csv,
tensorflow,tensorflow.keras.ops.numpy.heaviside,stage4_runtime,WorkerCrash,"Traceback (most recent call last):
  File ""<frozen runpy>"", line 198, in _run_module_as_main
  File ""<frozen runpy>"", line 88, in _run_code
  File ""/Users/aryansg/Desktop/DeepFuzz/stage4/stage4_worker.py"", line 27, in <module>
    from json2init.deepfuzz_common import (  # noqa: E402
    ...<7 lines>...
    )
  File ""/Users/aryansg/Desktop/DeepFuzz/json2init/deepfuzz_common.py"", line 321
    elif lname in {""axis"", ""dim"", ""depth"", ""k"", ""num"", ""count"", ""window_length"", ""fft_length"", ""sequence_length"", ""sequence_stride"", ""num_bits"", ""block_size"", ""kth""}:
    ^^^^
SyntaxError: invalid syntax",4cfa6146874bdefe,stage4/results/tensorflow-thesis-all-coverage/execution_results/tensorflow.keras.ops.numpy.heaviside.results.json,stage4/results/tensorflow-thesis-all-coverage/failure.csv,
tensorflow,tensorflow.keras.ops.numpy.heaviside,stage4_coverage,selected_function_line_coverage_percent=0 < 60,selected_function_line_coverage_percent=0 < 60,55e498d415b2ef34,,stage4/results/tensorflow-thesis-all-coverage/low_coverage.csv,
tensorflow,tensorflow.keras.ops.numpy.heaviside,stage4_coverage,uncovered_api,Stage 4 did not cover API; valid_programs=0 bugs=0,71f855aa3b6b691d,stage4/results/tensorflow-thesis-all-coverage/coverage_report.json,stage4/results/tensorflow-thesis-all-coverage/coverage_report.json,
tensorflow,tensorflow.keras.ops.numpy.histogram,stage4_coverage,selected_function_line_coverage_percent=0 < 60,selected_function_line_coverage_percent=0 < 60,802a93d8ef2cb90d,,stage4/results/tensorflow-thesis-all-coverage/low_coverage.csv,
tensorflow,tensorflow.keras.ops.numpy.histogram,stage4_coverage,uncovered_api,Stage 4 did not cover API; valid_programs=0 bugs=0,82e90df3a8f04d3f,stage4/results/tensorflow-thesis-all-coverage/coverage_report.json,stage4/results/tensorflow-thesis-all-coverage/coverage_report.json,
tensorflow,tensorflow.keras.ops.numpy.histogram,stage4_runtime,WorkerCrash,"Traceback (most recent call last):
  File ""<frozen runpy>"", line 198, in _run_module_as_main
  File ""<frozen runpy>"", line 88, in _run_code
  File ""/Users/aryansg/Desktop/DeepFuzz/stage4/stage4_worker.py"", line 27, in <module>
    from json2init.deepfuzz_common import (  # noqa: E402
    ...<7 lines>...
    )
  File ""/Users/aryansg/Desktop/DeepFuzz/json2init/deepfuzz_common.py"", line 321
    elif lname in {""axis"", ""dim"", ""depth"", ""k"", ""num"", ""count"", ""window_length"", ""fft_length"", ""sequence_length"", ""sequence_stride"", ""num_bits"", ""block_size"", ""kth""}:
    ^^^^
SyntaxError: invalid syntax",a371e1207932cf41,stage4/results/tensorflow-thesis-all-coverage/execution_results/tensorflow.keras.ops.numpy.histogram.results.json,stage4/results/tensorflow-thesis-all-coverage/failure.csv,
tensorflow,tensorflow.keras.ops.numpy.hstack,stage4_runtime,WorkerCrash,"Traceback (most recent call last):
  File ""<frozen runpy>"", line 198, in _run_module_as_main
  File ""<frozen runpy>"", line 88, in _run_code
  File ""/Users/aryansg/Desktop/DeepFuzz/stage4/stage4_worker.py"", line 27, in <module>
    from json2init.deepfuzz_common import (  # noqa: E402
    ...<7 lines>...
    )
  File ""/Users/aryansg/Desktop/DeepFuzz/json2init/deepfuzz_common.py"", line 321
    elif lname in {""axis"", ""dim"", ""depth"", ""k"", ""num"", ""count"", ""window_length"", ""fft_length"", ""sequence_length"", ""sequence_stride"", ""num_bits"", ""block_size"", ""kth""}:
    ^^^^
SyntaxError: invalid syntax",077e9a678640c61d,stage4/results/tensorflow-thesis-all-coverage/execution_results/tensorflow.keras.ops.numpy.hstack.results.json,stage4/results/tensorflow-thesis-all-coverage/failure.csv,
tensorflow,tensorflow.keras.ops.numpy.hstack,stage4_coverage,uncovered_api,Stage 4 did not cover API; valid_programs=0 bugs=0,a22b4b87edc61379,stage4/results/tensorflow-thesis-all-coverage/coverage_report.json,stage4/results/tensorflow-thesis-all-coverage/coverage_report.json,
tensorflow,tensorflow.keras.ops.numpy.hstack,stage4_coverage,selected_function_line_coverage_percent=0 < 60,selected_function_line_coverage_percent=0 < 60,e7c8e107b1157648,,stage4/results/tensorflow-thesis-all-coverage/low_coverage.csv,
tensorflow,tensorflow.keras.ops.numpy.hypot,stage4_coverage,selected_function_line_coverage_percent=0 < 60,selected_function_line_coverage_percent=0 < 60,21c564c34d9e2620,,stage4/results/tensorflow-thesis-all-coverage/low_coverage.csv,
tensorflow,tensorflow.keras.ops.numpy.hypot,stage4_coverage,uncovered_api,Stage 4 did not cover API; valid_programs=0 bugs=0,920361d625bb0970,stage4/results/tensorflow-thesis-all-coverage/coverage_report.json,stage4/results/tensorflow-thesis-all-coverage/coverage_report.json,
tensorflow,tensorflow.keras.ops.numpy.hypot,stage4_runtime,WorkerCrash,"Traceback (most recent call last):
  File ""<frozen runpy>"", line 198, in _run_module_as_main
  File ""<frozen runpy>"", line 88, in _run_code
  File ""/Users/aryansg/Desktop/DeepFuzz/stage4/stage4_worker.py"", line 27, in <module>
    from json2init.deepfuzz_common import (  # noqa: E402
    ...<7 lines>...
    )
  File ""/Users/aryansg/Desktop/DeepFuzz/json2init/deepfuzz_common.py"", line 321
    elif lname in {""axis"", ""dim"", ""depth"", ""k"", ""num"", ""count"", ""window_length"", ""fft_length"", ""sequence_length"", ""sequence_stride"", ""num_bits"", ""block_size"", ""kth""}:
    ^^^^
SyntaxError: invalid syntax",f11f5ff10e365a20,stage4/results/tensorflow-thesis-all-coverage/execution_results/tensorflow.keras.ops.numpy.hypot.results.json,stage4/results/tensorflow-thesis-all-coverage/failure.csv,
tensorflow,tensorflow.keras.ops.numpy.identity,stage4_coverage,uncovered_api,Stage 4 did not cover API; valid_programs=0 bugs=0,79619face1a627d7,stage4/results/tensorflow-thesis-all-coverage/coverage_report.json,stage4/results/tensorflow-thesis-all-coverage/coverage_report.json,
tensorflow,tensorflow.keras.ops.numpy.identity,stage4_runtime,WorkerCrash,"Traceback (most recent call last):
  File ""<frozen runpy>"", line 198, in _run_module_as_main
  File ""<frozen runpy>"", line 88, in _run_code
  File ""/Users/aryansg/Desktop/DeepFuzz/stage4/stage4_worker.py"", line 27, in <module>
    from json2init.deepfuzz_common import (  # noqa: E402
    ...<7 lines>...
    )
  File ""/Users/aryansg/Desktop/DeepFuzz/json2init/deepfuzz_common.py"", line 321
    elif lname in {""axis"", ""dim"", ""depth"", ""k"", ""num"", ""count"", ""window_length"", ""fft_length"", ""sequence_length"", ""sequence_stride"", ""num_bits"", ""block_size"", ""kth""}:
    ^^^^
SyntaxError: invalid syntax",98e5a69638521973,stage4/results/tensorflow-thesis-all-coverage/execution_results/tensorflow.keras.ops.numpy.identity.results.json,stage4/results/tensorflow-thesis-all-coverage/failure.csv,
tensorflow,tensorflow.keras.ops.numpy.identity,stage4_coverage,selected_function_line_coverage_percent=0 < 60,selected_function_line_coverage_percent=0 < 60,d6882a450a8697d5,,stage4/results/tensorflow-thesis-all-coverage/low_coverage.csv,
tensorflow,tensorflow.keras.ops.numpy.imag,stage4_coverage,uncovered_api,Stage 4 did not cover API; valid_programs=0 bugs=0,9c380278193cb9b3,stage4/results/tensorflow-thesis-all-coverage/coverage_report.json,stage4/results/tensorflow-thesis-all-coverage/coverage_report.json,
tensorflow,tensorflow.keras.ops.numpy.imag,stage4_runtime,WorkerCrash,"Traceback (most recent call last):
  File ""<frozen runpy>"", line 198, in _run_module_as_main
  File ""<frozen runpy>"", line 88, in _run_code
  File ""/Users/aryansg/Desktop/DeepFuzz/stage4/stage4_worker.py"", line 27, in <module>
    from json2init.deepfuzz_common import (  # noqa: E402
    ...<7 lines>...
    )
  File ""/Users/aryansg/Desktop/DeepFuzz/json2init/deepfuzz_common.py"", line 321
    elif lname in {""axis"", ""dim"", ""depth"", ""k"", ""num"", ""count"", ""window_length"", ""fft_length"", ""sequence_length"", ""sequence_stride"", ""num_bits"", ""block_size"", ""kth""}:
    ^^^^
SyntaxError: invalid syntax",c0094390743f5b63,stage4/results/tensorflow-thesis-all-coverage/execution_results/tensorflow.keras.ops.numpy.imag.results.json,stage4/results/tensorflow-thesis-all-coverage/failure.csv,
tensorflow,tensorflow.keras.ops.numpy.imag,stage4_coverage,selected_function_line_coverage_percent=0 < 60,selected_function_line_coverage_percent=0 < 60,cb11ce2ea1ed0327,,stage4/results/tensorflow-thesis-all-coverage/low_coverage.csv,
tensorflow,tensorflow.keras.ops.numpy.inner,stage4_coverage,selected_function_line_coverage_percent=0 < 60,selected_function_line_coverage_percent=0 < 60,3adf1fb7d0e538b6,,stage4/results/tensorflow-thesis-all-coverage/low_coverage.csv,
tensorflow,tensorflow.keras.ops.numpy.inner,stage4_runtime,WorkerCrash,"Traceback (most recent call last):
  File ""<frozen runpy>"", line 198, in _run_module_as_main
  File ""<frozen runpy>"", line 88, in _run_code
  File ""/Users/aryansg/Desktop/DeepFuzz/stage4/stage4_worker.py"", line 27, in <module>
    from json2init.deepfuzz_common import (  # noqa: E402
    ...<7 lines>...
    )
  File ""/Users/aryansg/Desktop/DeepFuzz/json2init/deepfuzz_common.py"", line 321
    elif lname in {""axis"", ""dim"", ""depth"", ""k"", ""num"", ""count"", ""window_length"", ""fft_length"", ""sequence_length"", ""sequence_stride"", ""num_bits"", ""block_size"", ""kth""}:
    ^^^^
SyntaxError: invalid syntax",9dfd79c250bcb0b0,stage4/results/tensorflow-thesis-all-coverage/execution_results/tensorflow.keras.ops.numpy.inner.results.json,stage4/results/tensorflow-thesis-all-coverage/failure.csv,
tensorflow,tensorflow.keras.ops.numpy.inner,stage4_coverage,uncovered_api,Stage 4 did not cover API; valid_programs=0 bugs=0,b3c734728f614a70,stage4/results/tensorflow-thesis-all-coverage/coverage_report.json,stage4/results/tensorflow-thesis-all-coverage/coverage_report.json,
tensorflow,tensorflow.keras.ops.numpy.isin,stage4_coverage,selected_function_line_coverage_percent=0 < 60,selected_function_line_coverage_percent=0 < 60,1897abbdb2f19406,,stage4/results/tensorflow-thesis-all-coverage/low_coverage.csv,
tensorflow,tensorflow.keras.ops.numpy.isin,stage4_coverage,uncovered_api,Stage 4 did not cover API; valid_programs=0 bugs=0,94413a7791bb7503,stage4/results/tensorflow-thesis-all-coverage/coverage_report.json,stage4/results/tensorflow-thesis-all-coverage/coverage_report.json,
tensorflow,tensorflow.keras.ops.numpy.isin,stage4_runtime,WorkerCrash,"Traceback (most recent call last):
  File ""<frozen runpy>"", line 198, in _run_module_as_main
  File ""<frozen runpy>"", line 88, in _run_code
  File ""/Users/aryansg/Desktop/DeepFuzz/stage4/stage4_worker.py"", line 27, in <module>
    from json2init.deepfuzz_common import (  # noqa: E402
    ...<7 lines>...
    )
  File ""/Users/aryansg/Desktop/DeepFuzz/json2init/deepfuzz_common.py"", line 321
    elif lname in {""axis"", ""dim"", ""depth"", ""k"", ""num"", ""count"", ""window_length"", ""fft_length"", ""sequence_length"", ""sequence_stride"", ""num_bits"", ""block_size"", ""kth""}:
    ^^^^
SyntaxError: invalid syntax",acea24cfb9e19c7d,stage4/results/tensorflow-thesis-all-coverage/execution_results/tensorflow.keras.ops.numpy.isin.results.json,stage4/results/tensorflow-thesis-all-coverage/failure.csv,
tensorflow,tensorflow.keras.ops.numpy.isinf,stage4_runtime,WorkerCrash,"Traceback (most recent call last):
  File ""<frozen runpy>"", line 198, in _run_module_as_main
  File ""<frozen runpy>"", line 88, in _run_code
  File ""/Users/aryansg/Desktop/DeepFuzz/stage4/stage4_worker.py"", line 27, in <module>
    from json2init.deepfuzz_common import (  # noqa: E402
    ...<7 lines>...
    )
  File ""/Users/aryansg/Desktop/DeepFuzz/json2init/deepfuzz_common.py"", line 321
    elif lname in {""axis"", ""dim"", ""depth"", ""k"", ""num"", ""count"", ""window_length"", ""fft_length"", ""sequence_length"", ""sequence_stride"", ""num_bits"", ""block_size"", ""kth""}:
    ^^^^
SyntaxError: invalid syntax",2bcaff10340737fd,stage4/results/tensorflow-thesis-all-coverage/execution_results/tensorflow.keras.ops.numpy.isinf.results.json,stage4/results/tensorflow-thesis-all-coverage/failure.csv,
tensorflow,tensorflow.keras.ops.numpy.isinf,stage4_coverage,uncovered_api,Stage 4 did not cover API; valid_programs=0 bugs=0,8c46356629eb568a,stage4/results/tensorflow-thesis-all-coverage/coverage_report.json,stage4/results/tensorflow-thesis-all-coverage/coverage_report.json,
tensorflow,tensorflow.keras.ops.numpy.isinf,stage4_coverage,selected_function_line_coverage_percent=0 < 60,selected_function_line_coverage_percent=0 < 60,95d5c1f70b7eaecf,,stage4/results/tensorflow-thesis-all-coverage/low_coverage.csv,
tensorflow,tensorflow.keras.ops.numpy.isnan,stage4_runtime,WorkerCrash,"Traceback (most recent call last):
  File ""<frozen runpy>"", line 198, in _run_module_as_main
  File ""<frozen runpy>"", line 88, in _run_code
  File ""/Users/aryansg/Desktop/DeepFuzz/stage4/stage4_worker.py"", line 27, in <module>
    from json2init.deepfuzz_common import (  # noqa: E402
    ...<7 lines>...
    )
  File ""/Users/aryansg/Desktop/DeepFuzz/json2init/deepfuzz_common.py"", line 321
    elif lname in {""axis"", ""dim"", ""depth"", ""k"", ""num"", ""count"", ""window_length"", ""fft_length"", ""sequence_length"", ""sequence_stride"", ""num_bits"", ""block_size"", ""kth""}:
    ^^^^
SyntaxError: invalid syntax",719fe033d79c2f6f,stage4/results/tensorflow-thesis-all-coverage/execution_results/tensorflow.keras.ops.numpy.isnan.results.json,stage4/results/tensorflow-thesis-all-coverage/failure.csv,
tensorflow,tensorflow.keras.ops.numpy.isnan,stage4_coverage,selected_function_line_coverage_percent=0 < 60,selected_function_line_coverage_percent=0 < 60,9f2a9913cd4ae62c,,stage4/results/tensorflow-thesis-all-coverage/low_coverage.csv,
tensorflow,tensorflow.keras.ops.numpy.isnan,stage4_coverage,uncovered_api,Stage 4 did not cover API; valid_programs=0 bugs=0,e307a18a4d040123,stage4/results/tensorflow-thesis-all-coverage/coverage_report.json,stage4/results/tensorflow-thesis-all-coverage/coverage_report.json,
tensorflow,tensorflow.keras.ops.numpy.isneginf,stage4_coverage,selected_function_line_coverage_percent=0 < 60,selected_function_line_coverage_percent=0 < 60,5b48258880f8f3ce,,stage4/results/tensorflow-thesis-all-coverage/low_coverage.csv,
tensorflow,tensorflow.keras.ops.numpy.isneginf,stage4_coverage,uncovered_api,Stage 4 did not cover API; valid_programs=0 bugs=0,cfbfe5da62abbaa8,stage4/results/tensorflow-thesis-all-coverage/coverage_report.json,stage4/results/tensorflow-thesis-all-coverage/coverage_report.json,
tensorflow,tensorflow.keras.ops.numpy.isneginf,stage4_runtime,WorkerCrash,"Traceback (most recent call last):
  File ""<frozen runpy>"", line 198, in _run_module_as_main
  File ""<frozen runpy>"", line 88, in _run_code
  File ""/Users/aryansg/Desktop/DeepFuzz/stage4/stage4_worker.py"", line 27, in <module>
    from json2init.deepfuzz_common import (  # noqa: E402
    ...<7 lines>...
    )
  File ""/Users/aryansg/Desktop/DeepFuzz/json2init/deepfuzz_common.py"", line 321
    elif lname in {""axis"", ""dim"", ""depth"", ""k"", ""num"", ""count"", ""window_length"", ""fft_length"", ""sequence_length"", ""sequence_stride"", ""num_bits"", ""block_size"", ""kth""}:
    ^^^^
SyntaxError: invalid syntax",e8310ae10d77ed2e,stage4/results/tensorflow-thesis-all-coverage/execution_results/tensorflow.keras.ops.numpy.isneginf.results.json,stage4/results/tensorflow-thesis-all-coverage/failure.csv,
tensorflow,tensorflow.keras.ops.numpy.isposinf,stage4_runtime,WorkerCrash,"Traceback (most recent call last):
  File ""<frozen runpy>"", line 198, in _run_module_as_main
  File ""<frozen runpy>"", line 88, in _run_code
  File ""/Users/aryansg/Desktop/DeepFuzz/stage4/stage4_worker.py"", line 27, in <module>
    from json2init.deepfuzz_common import (  # noqa: E402
    ...<7 lines>...
    )
  File ""/Users/aryansg/Desktop/DeepFuzz/json2init/deepfuzz_common.py"", line 321
    elif lname in {""axis"", ""dim"", ""depth"", ""k"", ""num"", ""count"", ""window_length"", ""fft_length"", ""sequence_length"", ""sequence_stride"", ""num_bits"", ""block_size"", ""kth""}:
    ^^^^
SyntaxError: invalid syntax",2e599b04202dec40,stage4/results/tensorflow-thesis-all-coverage/execution_results/tensorflow.keras.ops.numpy.isposinf.results.json,stage4/results/tensorflow-thesis-all-coverage/failure.csv,
tensorflow,tensorflow.keras.ops.numpy.isposinf,stage4_coverage,selected_function_line_coverage_percent=0 < 60,selected_function_line_coverage_percent=0 < 60,524e35e8d3311692,,stage4/results/tensorflow-thesis-all-coverage/low_coverage.csv,
tensorflow,tensorflow.keras.ops.numpy.isposinf,stage4_coverage,uncovered_api,Stage 4 did not cover API; valid_programs=0 bugs=0,cf68297f840af049,stage4/results/tensorflow-thesis-all-coverage/coverage_report.json,stage4/results/tensorflow-thesis-all-coverage/coverage_report.json,
tensorflow,tensorflow.keras.ops.numpy.kaiser,stage4_coverage,uncovered_api,Stage 4 did not cover API; valid_programs=0 bugs=0,4a3551dd64f67d34,stage4/results/tensorflow-thesis-all-coverage/coverage_report.json,stage4/results/tensorflow-thesis-all-coverage/coverage_report.json,
tensorflow,tensorflow.keras.ops.numpy.kaiser,stage4_coverage,selected_function_line_coverage_percent=0 < 60,selected_function_line_coverage_percent=0 < 60,683d97959428a66f,,stage4/results/tensorflow-thesis-all-coverage/low_coverage.csv,
tensorflow,tensorflow.keras.ops.numpy.kaiser,stage4_runtime,WorkerCrash,"Traceback (most recent call last):
  File ""<frozen runpy>"", line 198, in _run_module_as_main
  File ""<frozen runpy>"", line 88, in _run_code
  File ""/Users/aryansg/Desktop/DeepFuzz/stage4/stage4_worker.py"", line 27, in <module>
    from json2init.deepfuzz_common import (  # noqa: E402
    ...<7 lines>...
    )
  File ""/Users/aryansg/Desktop/DeepFuzz/json2init/deepfuzz_common.py"", line 321
    elif lname in {""axis"", ""dim"", ""depth"", ""k"", ""num"", ""count"", ""window_length"", ""fft_length"", ""sequence_length"", ""sequence_stride"", ""num_bits"", ""block_size"", ""kth""}:
    ^^^^
SyntaxError: invalid syntax",b9f6c5019c3c9712,stage4/results/tensorflow-thesis-all-coverage/execution_results/tensorflow.keras.ops.numpy.kaiser.results.json,stage4/results/tensorflow-thesis-all-coverage/failure.csv,
tensorflow,tensorflow.keras.ops.numpy.kron,stage4_coverage,selected_function_line_coverage_percent=0 < 60,selected_function_line_coverage_percent=0 < 60,43e7d046c78ff689,,stage4/results/tensorflow-thesis-all-coverage/low_coverage.csv,
tensorflow,tensorflow.keras.ops.numpy.kron,stage4_coverage,uncovered_api,Stage 4 did not cover API; valid_programs=0 bugs=0,440a20c74082e2f3,stage4/results/tensorflow-thesis-all-coverage/coverage_report.json,stage4/results/tensorflow-thesis-all-coverage/coverage_report.json,
tensorflow,tensorflow.keras.ops.numpy.kron,stage4_runtime,WorkerCrash,"Traceback (most recent call last):
  File ""<frozen runpy>"", line 198, in _run_module_as_main
  File ""<frozen runpy>"", line 88, in _run_code
  File ""/Users/aryansg/Desktop/DeepFuzz/stage4/stage4_worker.py"", line 27, in <module>
    from json2init.deepfuzz_common import (  # noqa: E402
    ...<7 lines>...
    )
  File ""/Users/aryansg/Desktop/DeepFuzz/json2init/deepfuzz_common.py"", line 321
    elif lname in {""axis"", ""dim"", ""depth"", ""k"", ""num"", ""count"", ""window_length"", ""fft_length"", ""sequence_length"", ""sequence_stride"", ""num_bits"", ""block_size"", ""kth""}:
    ^^^^
SyntaxError: invalid syntax",4d491c55f7a4a151,stage4/results/tensorflow-thesis-all-coverage/execution_results/tensorflow.keras.ops.numpy.kron.results.json,stage4/results/tensorflow-thesis-all-coverage/failure.csv,
tensorflow,tensorflow.keras.ops.numpy.lcm,stage4_coverage,selected_function_line_coverage_percent=0 < 60,selected_function_line_coverage_percent=0 < 60,4d54742f41855c71,,stage4/results/tensorflow-thesis-all-coverage/low_coverage.csv,
tensorflow,tensorflow.keras.ops.numpy.lcm,stage4_runtime,WorkerCrash,"Traceback (most recent call last):
  File ""<frozen runpy>"", line 198, in _run_module_as_main
  File ""<frozen runpy>"", line 88, in _run_code
  File ""/Users/aryansg/Desktop/DeepFuzz/stage4/stage4_worker.py"", line 27, in <module>
    from json2init.deepfuzz_common import (  # noqa: E402
    ...<7 lines>...
    )
  File ""/Users/aryansg/Desktop/DeepFuzz/json2init/deepfuzz_common.py"", line 321
    elif lname in {""axis"", ""dim"", ""depth"", ""k"", ""num"", ""count"", ""window_length"", ""fft_length"", ""sequence_length"", ""sequence_stride"", ""num_bits"", ""block_size"", ""kth""}:
    ^^^^
SyntaxError: invalid syntax",ab3c59eb6f13e44f,stage4/results/tensorflow-thesis-all-coverage/execution_results/tensorflow.keras.ops.numpy.lcm.results.json,stage4/results/tensorflow-thesis-all-coverage/failure.csv,
tensorflow,tensorflow.keras.ops.numpy.lcm,stage4_coverage,uncovered_api,Stage 4 did not cover API; valid_programs=0 bugs=0,fd5b2303234d86a7,stage4/results/tensorflow-thesis-all-coverage/coverage_report.json,stage4/results/tensorflow-thesis-all-coverage/coverage_report.json,
tensorflow,tensorflow.keras.ops.numpy.ldexp,stage4_coverage,uncovered_api,Stage 4 did not cover API; valid_programs=0 bugs=0,2406986986f17d98,stage4/results/tensorflow-thesis-all-coverage/coverage_report.json,stage4/results/tensorflow-thesis-all-coverage/coverage_report.json,
tensorflow,tensorflow.keras.ops.numpy.ldexp,stage4_coverage,selected_function_line_coverage_percent=0 < 60,selected_function_line_coverage_percent=0 < 60,50f5f59ca03d6f03,,stage4/results/tensorflow-thesis-all-coverage/low_coverage.csv,
tensorflow,tensorflow.keras.ops.numpy.ldexp,stage4_runtime,WorkerCrash,"Traceback (most recent call last):
  File ""<frozen runpy>"", line 198, in _run_module_as_main
  File ""<frozen runpy>"", line 88, in _run_code
  File ""/Users/aryansg/Desktop/DeepFuzz/stage4/stage4_worker.py"", line 27, in <module>
    from json2init.deepfuzz_common import (  # noqa: E402
    ...<7 lines>...
    )
  File ""/Users/aryansg/Desktop/DeepFuzz/json2init/deepfuzz_common.py"", line 321
    elif lname in {""axis"", ""dim"", ""depth"", ""k"", ""num"", ""count"", ""window_length"", ""fft_length"", ""sequence_length"", ""sequence_stride"", ""num_bits"", ""block_size"", ""kth""}:
    ^^^^
SyntaxError: invalid syntax",cef5ac42866fbaa0,stage4/results/tensorflow-thesis-all-coverage/execution_results/tensorflow.keras.ops.numpy.ldexp.results.json,stage4/results/tensorflow-thesis-all-coverage/failure.csv,
tensorflow,tensorflow.keras.ops.numpy.left_shift,stage4_coverage,selected_function_line_coverage_percent=0 < 60,selected_function_line_coverage_percent=0 < 60,1c8debfa6a28c90c,,stage4/results/tensorflow-thesis-all-coverage/low_coverage.csv,
tensorflow,tensorflow.keras.ops.numpy.left_shift,stage4_coverage,uncovered_api,Stage 4 did not cover API; valid_programs=0 bugs=0,5e55547d1e5a089e,stage4/results/tensorflow-thesis-all-coverage/coverage_report.json,stage4/results/tensorflow-thesis-all-coverage/coverage_report.json,
tensorflow,tensorflow.keras.ops.numpy.left_shift,stage4_runtime,WorkerCrash,"Traceback (most recent call last):
  File ""<frozen runpy>"", line 198, in _run_module_as_main
  File ""<frozen runpy>"", line 88, in _run_code
  File ""/Users/aryansg/Desktop/DeepFuzz/stage4/stage4_worker.py"", line 27, in <module>
    from json2init.deepfuzz_common import (  # noqa: E402
    ...<7 lines>...
    )
  File ""/Users/aryansg/Desktop/DeepFuzz/json2init/deepfuzz_common.py"", line 321
    elif lname in {""axis"", ""dim"", ""depth"", ""k"", ""num"", ""count"", ""window_length"", ""fft_length"", ""sequence_length"", ""sequence_stride"", ""num_bits"", ""block_size"", ""kth""}:
    ^^^^
SyntaxError: invalid syntax",ee6ef0dac63ebe32,stage4/results/tensorflow-thesis-all-coverage/execution_results/tensorflow.keras.ops.numpy.left_shift.results.json,stage4/results/tensorflow-thesis-all-coverage/failure.csv,
tensorflow,tensorflow.keras.ops.numpy.less,stage4_coverage,selected_function_line_coverage_percent=0 < 60,selected_function_line_coverage_percent=0 < 60,02784c326b15e34d,,stage4/results/tensorflow-thesis-all-coverage/low_coverage.csv,
tensorflow,tensorflow.keras.ops.numpy.less,stage4_runtime,WorkerCrash,"Traceback (most recent call last):
  File ""<frozen runpy>"", line 198, in _run_module_as_main
  File ""<frozen runpy>"", line 88, in _run_code
  File ""/Users/aryansg/Desktop/DeepFuzz/stage4/stage4_worker.py"", line 27, in <module>
    from json2init.deepfuzz_common import (  # noqa: E402
    ...<7 lines>...
    )
  File ""/Users/aryansg/Desktop/DeepFuzz/json2init/deepfuzz_common.py"", line 321
    elif lname in {""axis"", ""dim"", ""depth"", ""k"", ""num"", ""count"", ""window_length"", ""fft_length"", ""sequence_length"", ""sequence_stride"", ""num_bits"", ""block_size"", ""kth""}:
    ^^^^
SyntaxError: invalid syntax",6e99c3e33895d6d5,stage4/results/tensorflow-thesis-all-coverage/execution_results/tensorflow.keras.ops.numpy.less.results.json,stage4/results/tensorflow-thesis-all-coverage/failure.csv,
tensorflow,tensorflow.keras.ops.numpy.less,stage4_coverage,uncovered_api,Stage 4 did not cover API; valid_programs=0 bugs=0,faa12dac32281d8e,stage4/results/tensorflow-thesis-all-coverage/coverage_report.json,stage4/results/tensorflow-thesis-all-coverage/coverage_report.json,
tensorflow,tensorflow.keras.ops.numpy.less_equal,stage4_runtime,WorkerCrash,"Traceback (most recent call last):
  File ""<frozen runpy>"", line 198, in _run_module_as_main
  File ""<frozen runpy>"", line 88, in _run_code
  File ""/Users/aryansg/Desktop/DeepFuzz/stage4/stage4_worker.py"", line 27, in <module>
    from json2init.deepfuzz_common import (  # noqa: E402
    ...<7 lines>...
    )
  File ""/Users/aryansg/Desktop/DeepFuzz/json2init/deepfuzz_common.py"", line 321
    elif lname in {""axis"", ""dim"", ""depth"", ""k"", ""num"", ""count"", ""window_length"", ""fft_length"", ""sequence_length"", ""sequence_stride"", ""num_bits"", ""block_size"", ""kth""}:
    ^^^^
SyntaxError: invalid syntax",047d826c6f6c8605,stage4/results/tensorflow-thesis-all-coverage/execution_results/tensorflow.keras.ops.numpy.less_equal.results.json,stage4/results/tensorflow-thesis-all-coverage/failure.csv,
tensorflow,tensorflow.keras.ops.numpy.less_equal,stage4_coverage,selected_function_line_coverage_percent=0 < 60,selected_function_line_coverage_percent=0 < 60,8181e6e99710f8df,,stage4/results/tensorflow-thesis-all-coverage/low_coverage.csv,
tensorflow,tensorflow.keras.ops.numpy.less_equal,stage4_coverage,uncovered_api,Stage 4 did not cover API; valid_programs=0 bugs=0,a180bcdbfa346e1c,stage4/results/tensorflow-thesis-all-coverage/coverage_report.json,stage4/results/tensorflow-thesis-all-coverage/coverage_report.json,
tensorflow,tensorflow.keras.ops.numpy.log,stage4_coverage,uncovered_api,Stage 4 did not cover API; valid_programs=0 bugs=0,c86ee84a3c04c2df,stage4/results/tensorflow-thesis-all-coverage/coverage_report.json,stage4/results/tensorflow-thesis-all-coverage/coverage_report.json,
tensorflow,tensorflow.keras.ops.numpy.log,stage4_coverage,selected_function_line_coverage_percent=0 < 60,selected_function_line_coverage_percent=0 < 60,dedfb31cce3ccb5a,,stage4/results/tensorflow-thesis-all-coverage/low_coverage.csv,
tensorflow,tensorflow.keras.ops.numpy.log,stage4_runtime,WorkerCrash,"Traceback (most recent call last):
  File ""<frozen runpy>"", line 198, in _run_module_as_main
  File ""<frozen runpy>"", line 88, in _run_code
  File ""/Users/aryansg/Desktop/DeepFuzz/stage4/stage4_worker.py"", line 27, in <module>
    from json2init.deepfuzz_common import (  # noqa: E402
    ...<7 lines>...
    )
  File ""/Users/aryansg/Desktop/DeepFuzz/json2init/deepfuzz_common.py"", line 321
    elif lname in {""axis"", ""dim"", ""depth"", ""k"", ""num"", ""count"", ""window_length"", ""fft_length"", ""sequence_length"", ""sequence_stride"", ""num_bits"", ""block_size"", ""kth""}:
    ^^^^
SyntaxError: invalid syntax",e5dd691ec6469738,stage4/results/tensorflow-thesis-all-coverage/execution_results/tensorflow.keras.ops.numpy.log.results.json,stage4/results/tensorflow-thesis-all-coverage/failure.csv,
tensorflow,tensorflow.keras.ops.numpy.log10,stage4_coverage,uncovered_api,Stage 4 did not cover API; valid_programs=0 bugs=0,cad161c0776a32d3,stage4/results/tensorflow-thesis-all-coverage/coverage_report.json,stage4/results/tensorflow-thesis-all-coverage/coverage_report.json,
tensorflow,tensorflow.keras.ops.numpy.log10,stage4_coverage,selected_function_line_coverage_percent=0 < 60,selected_function_line_coverage_percent=0 < 60,d1487de388c3ef59,,stage4/results/tensorflow-thesis-all-coverage/low_coverage.csv,
tensorflow,tensorflow.keras.ops.numpy.log10,stage4_runtime,WorkerCrash,"Traceback (most recent call last):
  File ""<frozen runpy>"", line 198, in _run_module_as_main
  File ""<frozen runpy>"", line 88, in _run_code
  File ""/Users/aryansg/Desktop/DeepFuzz/stage4/stage4_worker.py"", line 27, in <module>
    from json2init.deepfuzz_common import (  # noqa: E402
    ...<7 lines>...
    )
  File ""/Users/aryansg/Desktop/DeepFuzz/json2init/deepfuzz_common.py"", line 321
    elif lname in {""axis"", ""dim"", ""depth"", ""k"", ""num"", ""count"", ""window_length"", ""fft_length"", ""sequence_length"", ""sequence_stride"", ""num_bits"", ""block_size"", ""kth""}:
    ^^^^
SyntaxError: invalid syntax",ec74305503294304,stage4/results/tensorflow-thesis-all-coverage/execution_results/tensorflow.keras.ops.numpy.log10.results.json,stage4/results/tensorflow-thesis-all-coverage/failure.csv,
tensorflow,tensorflow.keras.ops.numpy.log1p,stage4_coverage,selected_function_line_coverage_percent=0 < 60,selected_function_line_coverage_percent=0 < 60,7cee66954749f288,,stage4/results/tensorflow-thesis-all-coverage/low_coverage.csv,
tensorflow,tensorflow.keras.ops.numpy.log1p,stage4_coverage,uncovered_api,Stage 4 did not cover API; valid_programs=0 bugs=0,a81376fd06a1b86e,stage4/results/tensorflow-thesis-all-coverage/coverage_report.json,stage4/results/tensorflow-thesis-all-coverage/coverage_report.json,
tensorflow,tensorflow.keras.ops.numpy.log1p,stage4_runtime,WorkerCrash,"Traceback (most recent call last):
  File ""<frozen runpy>"", line 198, in _run_module_as_main
  File ""<frozen runpy>"", line 88, in _run_code
  File ""/Users/aryansg/Desktop/DeepFuzz/stage4/stage4_worker.py"", line 27, in <module>
    from json2init.deepfuzz_common import (  # noqa: E402
    ...<7 lines>...
    )
  File ""/Users/aryansg/Desktop/DeepFuzz/json2init/deepfuzz_common.py"", line 321
    elif lname in {""axis"", ""dim"", ""depth"", ""k"", ""num"", ""count"", ""window_length"", ""fft_length"", ""sequence_length"", ""sequence_stride"", ""num_bits"", ""block_size"", ""kth""}:
    ^^^^
SyntaxError: invalid syntax",dc99c9a1d2e2fcb8,stage4/results/tensorflow-thesis-all-coverage/execution_results/tensorflow.keras.ops.numpy.log1p.results.json,stage4/results/tensorflow-thesis-all-coverage/failure.csv,
tensorflow,tensorflow.keras.ops.numpy.log2,stage4_runtime,WorkerCrash,"Traceback (most recent call last):
  File ""<frozen runpy>"", line 198, in _run_module_as_main
  File ""<frozen runpy>"", line 88, in _run_code
  File ""/Users/aryansg/Desktop/DeepFuzz/stage4/stage4_worker.py"", line 27, in <module>
    from json2init.deepfuzz_common import (  # noqa: E402
    ...<7 lines>...
    )
  File ""/Users/aryansg/Desktop/DeepFuzz/json2init/deepfuzz_common.py"", line 321
    elif lname in {""axis"", ""dim"", ""depth"", ""k"", ""num"", ""count"", ""window_length"", ""fft_length"", ""sequence_length"", ""sequence_stride"", ""num_bits"", ""block_size"", ""kth""}:
    ^^^^
SyntaxError: invalid syntax",18dd672a57d12dae,stage4/results/tensorflow-thesis-all-coverage/execution_results/tensorflow.keras.ops.numpy.log2.results.json,stage4/results/tensorflow-thesis-all-coverage/failure.csv,
tensorflow,tensorflow.keras.ops.numpy.log2,stage4_coverage,uncovered_api,Stage 4 did not cover API; valid_programs=0 bugs=0,8e544a6dd2a3d74f,stage4/results/tensorflow-thesis-all-coverage/coverage_report.json,stage4/results/tensorflow-thesis-all-coverage/coverage_report.json,
tensorflow,tensorflow.keras.ops.numpy.log2,stage4_coverage,selected_function_line_coverage_percent=0 < 60,selected_function_line_coverage_percent=0 < 60,b3ad8d9b18432155,,stage4/results/tensorflow-thesis-all-coverage/low_coverage.csv,
tensorflow,tensorflow.keras.ops.numpy.logaddexp,stage4_runtime,WorkerCrash,"Traceback (most recent call last):
  File ""<frozen runpy>"", line 198, in _run_module_as_main
  File ""<frozen runpy>"", line 88, in _run_code
  File ""/Users/aryansg/Desktop/DeepFuzz/stage4/stage4_worker.py"", line 27, in <module>
    from json2init.deepfuzz_common import (  # noqa: E402
    ...<7 lines>...
    )
  File ""/Users/aryansg/Desktop/DeepFuzz/json2init/deepfuzz_common.py"", line 321
    elif lname in {""axis"", ""dim"", ""depth"", ""k"", ""num"", ""count"", ""window_length"", ""fft_length"", ""sequence_length"", ""sequence_stride"", ""num_bits"", ""block_size"", ""kth""}:
    ^^^^
SyntaxError: invalid syntax",3e6df2417042e6b0,stage4/results/tensorflow-thesis-all-coverage/execution_results/tensorflow.keras.ops.numpy.logaddexp.results.json,stage4/results/tensorflow-thesis-all-coverage/failure.csv,
tensorflow,tensorflow.keras.ops.numpy.logaddexp,stage4_coverage,uncovered_api,Stage 4 did not cover API; valid_programs=0 bugs=0,66cea0a94a5f60cf,stage4/results/tensorflow-thesis-all-coverage/coverage_report.json,stage4/results/tensorflow-thesis-all-coverage/coverage_report.json,
tensorflow,tensorflow.keras.ops.numpy.logaddexp,stage4_coverage,selected_function_line_coverage_percent=0 < 60,selected_function_line_coverage_percent=0 < 60,c40fca22c3d7285c,,stage4/results/tensorflow-thesis-all-coverage/low_coverage.csv,
tensorflow,tensorflow.keras.ops.numpy.logical_and,stage4_coverage,selected_function_line_coverage_percent=0 < 60,selected_function_line_coverage_percent=0 < 60,08596e2231434386,,stage4/results/tensorflow-thesis-all-coverage/low_coverage.csv,
tensorflow,tensorflow.keras.ops.numpy.logical_and,stage4_coverage,uncovered_api,Stage 4 did not cover API; valid_programs=0 bugs=0,528e4db093b869c2,stage4/results/tensorflow-thesis-all-coverage/coverage_report.json,stage4/results/tensorflow-thesis-all-coverage/coverage_report.json,
tensorflow,tensorflow.keras.ops.numpy.logical_and,stage4_runtime,WorkerCrash,"Traceback (most recent call last):
  File ""<frozen runpy>"", line 198, in _run_module_as_main
  File ""<frozen runpy>"", line 88, in _run_code
  File ""/Users/aryansg/Desktop/DeepFuzz/stage4/stage4_worker.py"", line 27, in <module>
    from json2init.deepfuzz_common import (  # noqa: E402
    ...<7 lines>...
    )
  File ""/Users/aryansg/Desktop/DeepFuzz/json2init/deepfuzz_common.py"", line 321
    elif lname in {""axis"", ""dim"", ""depth"", ""k"", ""num"", ""count"", ""window_length"", ""fft_length"", ""sequence_length"", ""sequence_stride"", ""num_bits"", ""block_size"", ""kth""}:
    ^^^^
SyntaxError: invalid syntax",d2bf5b0206054fe0,stage4/results/tensorflow-thesis-all-coverage/execution_results/tensorflow.keras.ops.numpy.logical_and.results.json,stage4/results/tensorflow-thesis-all-coverage/failure.csv,
tensorflow,tensorflow.keras.ops.numpy.logical_not,stage4_coverage,selected_function_line_coverage_percent=0 < 60,selected_function_line_coverage_percent=0 < 60,1ce2c808814e3b85,,stage4/results/tensorflow-thesis-all-coverage/low_coverage.csv,
tensorflow,tensorflow.keras.ops.numpy.logical_not,stage4_runtime,WorkerCrash,"Traceback (most recent call last):
  File ""<frozen runpy>"", line 198, in _run_module_as_main
  File ""<frozen runpy>"", line 88, in _run_code
  File ""/Users/aryansg/Desktop/DeepFuzz/stage4/stage4_worker.py"", line 27, in <module>
    from json2init.deepfuzz_common import (  # noqa: E402
    ...<7 lines>...
    )
  File ""/Users/aryansg/Desktop/DeepFuzz/json2init/deepfuzz_common.py"", line 321
    elif lname in {""axis"", ""dim"", ""depth"", ""k"", ""num"", ""count"", ""window_length"", ""fft_length"", ""sequence_length"", ""sequence_stride"", ""num_bits"", ""block_size"", ""kth""}:
    ^^^^
SyntaxError: invalid syntax",3ed0d65ceade7a77,stage4/results/tensorflow-thesis-all-coverage/execution_results/tensorflow.keras.ops.numpy.logical_not.results.json,stage4/results/tensorflow-thesis-all-coverage/failure.csv,
tensorflow,tensorflow.keras.ops.numpy.logical_not,stage4_coverage,uncovered_api,Stage 4 did not cover API; valid_programs=0 bugs=0,c67b220059346726,stage4/results/tensorflow-thesis-all-coverage/coverage_report.json,stage4/results/tensorflow-thesis-all-coverage/coverage_report.json,
tensorflow,tensorflow.keras.ops.numpy.logical_or,stage4_runtime,WorkerCrash,"Traceback (most recent call last):
  File ""<frozen runpy>"", line 198, in _run_module_as_main
  File ""<frozen runpy>"", line 88, in _run_code
  File ""/Users/aryansg/Desktop/DeepFuzz/stage4/stage4_worker.py"", line 27, in <module>
    from json2init.deepfuzz_common import (  # noqa: E402
    ...<7 lines>...
    )
  File ""/Users/aryansg/Desktop/DeepFuzz/json2init/deepfuzz_common.py"", line 321
    elif lname in {""axis"", ""dim"", ""depth"", ""k"", ""num"", ""count"", ""window_length"", ""fft_length"", ""sequence_length"", ""sequence_stride"", ""num_bits"", ""block_size"", ""kth""}:
    ^^^^
SyntaxError: invalid syntax",2054c80d9db882d4,stage4/results/tensorflow-thesis-all-coverage/execution_results/tensorflow.keras.ops.numpy.logical_or.results.json,stage4/results/tensorflow-thesis-all-coverage/failure.csv,
tensorflow,tensorflow.keras.ops.numpy.logical_or,stage4_coverage,uncovered_api,Stage 4 did not cover API; valid_programs=0 bugs=0,a4e7e9ccebe7dcab,stage4/results/tensorflow-thesis-all-coverage/coverage_report.json,stage4/results/tensorflow-thesis-all-coverage/coverage_report.json,
tensorflow,tensorflow.keras.ops.numpy.logical_or,stage4_coverage,selected_function_line_coverage_percent=0 < 60,selected_function_line_coverage_percent=0 < 60,b711932c75b6a9ca,,stage4/results/tensorflow-thesis-all-coverage/low_coverage.csv,
tensorflow,tensorflow.keras.ops.numpy.logical_xor,stage4_coverage,selected_function_line_coverage_percent=0 < 60,selected_function_line_coverage_percent=0 < 60,4f68d3a8f9a59760,,stage4/results/tensorflow-thesis-all-coverage/low_coverage.csv,
tensorflow,tensorflow.keras.ops.numpy.logical_xor,stage4_runtime,WorkerCrash,"Traceback (most recent call last):
  File ""<frozen runpy>"", line 198, in _run_module_as_main
  File ""<frozen runpy>"", line 88, in _run_code
  File ""/Users/aryansg/Desktop/DeepFuzz/stage4/stage4_worker.py"", line 27, in <module>
    from json2init.deepfuzz_common import (  # noqa: E402
    ...<7 lines>...
    )
  File ""/Users/aryansg/Desktop/DeepFuzz/json2init/deepfuzz_common.py"", line 321
    elif lname in {""axis"", ""dim"", ""depth"", ""k"", ""num"", ""count"", ""window_length"", ""fft_length"", ""sequence_length"", ""sequence_stride"", ""num_bits"", ""block_size"", ""kth""}:
    ^^^^
SyntaxError: invalid syntax",70f9dda37a6ec708,stage4/results/tensorflow-thesis-all-coverage/execution_results/tensorflow.keras.ops.numpy.logical_xor.results.json,stage4/results/tensorflow-thesis-all-coverage/failure.csv,
tensorflow,tensorflow.keras.ops.numpy.logical_xor,stage4_coverage,uncovered_api,Stage 4 did not cover API; valid_programs=0 bugs=0,bc41fa4e0cd9c550,stage4/results/tensorflow-thesis-all-coverage/coverage_report.json,stage4/results/tensorflow-thesis-all-coverage/coverage_report.json,
tensorflow,tensorflow.keras.ops.numpy.matmul,stage4_runtime,WorkerCrash,"Traceback (most recent call last):
  File ""<frozen runpy>"", line 198, in _run_module_as_main
  File ""<frozen runpy>"", line 88, in _run_code
  File ""/Users/aryansg/Desktop/DeepFuzz/stage4/stage4_worker.py"", line 27, in <module>
    from json2init.deepfuzz_common import (  # noqa: E402
    ...<7 lines>...
    )
  File ""/Users/aryansg/Desktop/DeepFuzz/json2init/deepfuzz_common.py"", line 321
    elif lname in {""axis"", ""dim"", ""depth"", ""k"", ""num"", ""count"", ""window_length"", ""fft_length"", ""sequence_length"", ""sequence_stride"", ""num_bits"", ""block_size"", ""kth""}:
    ^^^^
SyntaxError: invalid syntax",1e4ebfc85ba8a254,stage4/results/tensorflow-thesis-all-coverage/execution_results/tensorflow.keras.ops.numpy.matmul.results.json,stage4/results/tensorflow-thesis-all-coverage/failure.csv,
tensorflow,tensorflow.keras.ops.numpy.matmul,stage4_coverage,uncovered_api,Stage 4 did not cover API; valid_programs=0 bugs=0,2251e70633681ef2,stage4/results/tensorflow-thesis-all-coverage/coverage_report.json,stage4/results/tensorflow-thesis-all-coverage/coverage_report.json,
tensorflow,tensorflow.keras.ops.numpy.matmul,stage4_coverage,selected_function_line_coverage_percent=0 < 60,selected_function_line_coverage_percent=0 < 60,8a669e392528023f,,stage4/results/tensorflow-thesis-all-coverage/low_coverage.csv,
tensorflow,tensorflow.keras.ops.numpy.maximum,stage4_runtime,WorkerCrash,"Traceback (most recent call last):
  File ""<frozen runpy>"", line 198, in _run_module_as_main
  File ""<frozen runpy>"", line 88, in _run_code
  File ""/Users/aryansg/Desktop/DeepFuzz/stage4/stage4_worker.py"", line 27, in <module>
    from json2init.deepfuzz_common import (  # noqa: E402
    ...<7 lines>...
    )
  File ""/Users/aryansg/Desktop/DeepFuzz/json2init/deepfuzz_common.py"", line 321
    elif lname in {""axis"", ""dim"", ""depth"", ""k"", ""num"", ""count"", ""window_length"", ""fft_length"", ""sequence_length"", ""sequence_stride"", ""num_bits"", ""block_size"", ""kth""}:
    ^^^^
SyntaxError: invalid syntax",61e3fd1755f14a49,stage4/results/tensorflow-thesis-all-coverage/execution_results/tensorflow.keras.ops.numpy.maximum.results.json,stage4/results/tensorflow-thesis-all-coverage/failure.csv,
tensorflow,tensorflow.keras.ops.numpy.maximum,stage4_coverage,uncovered_api,Stage 4 did not cover API; valid_programs=0 bugs=0,7d306b05e869ee4b,stage4/results/tensorflow-thesis-all-coverage/coverage_report.json,stage4/results/tensorflow-thesis-all-coverage/coverage_report.json,
tensorflow,tensorflow.keras.ops.numpy.maximum,stage4_coverage,selected_function_line_coverage_percent=0 < 60,selected_function_line_coverage_percent=0 < 60,f1cf25a81d1c28e7,,stage4/results/tensorflow-thesis-all-coverage/low_coverage.csv,
tensorflow,tensorflow.keras.ops.numpy.mean,stage4_runtime,WorkerCrash,"Traceback (most recent call last):
  File ""<frozen runpy>"", line 198, in _run_module_as_main
  File ""<frozen runpy>"", line 88, in _run_code
  File ""/Users/aryansg/Desktop/DeepFuzz/stage4/stage4_worker.py"", line 27, in <module>
    from json2init.deepfuzz_common import (  # noqa: E402
    ...<7 lines>...
    )
  File ""/Users/aryansg/Desktop/DeepFuzz/json2init/deepfuzz_common.py"", line 321
    elif lname in {""axis"", ""dim"", ""depth"", ""k"", ""num"", ""count"", ""window_length"", ""fft_length"", ""sequence_length"", ""sequence_stride"", ""num_bits"", ""block_size"", ""kth""}:
    ^^^^
SyntaxError: invalid syntax",08bff609bb99bd46,stage4/results/tensorflow-thesis-all-coverage/execution_results/tensorflow.keras.ops.numpy.mean.results.json,stage4/results/tensorflow-thesis-all-coverage/failure.csv,
tensorflow,tensorflow.keras.ops.numpy.mean,stage4_coverage,uncovered_api,Stage 4 did not cover API; valid_programs=0 bugs=0,7335025a711b11d0,stage4/results/tensorflow-thesis-all-coverage/coverage_report.json,stage4/results/tensorflow-thesis-all-coverage/coverage_report.json,
tensorflow,tensorflow.keras.ops.numpy.mean,stage4_coverage,selected_function_line_coverage_percent=0 < 60,selected_function_line_coverage_percent=0 < 60,e81a28e90a4a6de0,,stage4/results/tensorflow-thesis-all-coverage/low_coverage.csv,
tensorflow,tensorflow.keras.ops.numpy.median,stage4_runtime,WorkerCrash,"Traceback (most recent call last):
  File ""<frozen runpy>"", line 198, in _run_module_as_main
  File ""<frozen runpy>"", line 88, in _run_code
  File ""/Users/aryansg/Desktop/DeepFuzz/stage4/stage4_worker.py"", line 27, in <module>
    from json2init.deepfuzz_common import (  # noqa: E402
    ...<7 lines>...
    )
  File ""/Users/aryansg/Desktop/DeepFuzz/json2init/deepfuzz_common.py"", line 321
    elif lname in {""axis"", ""dim"", ""depth"", ""k"", ""num"", ""count"", ""window_length"", ""fft_length"", ""sequence_length"", ""sequence_stride"", ""num_bits"", ""block_size"", ""kth""}:
    ^^^^
SyntaxError: invalid syntax",7890544375628c8a,stage4/results/tensorflow-thesis-all-coverage/execution_results/tensorflow.keras.ops.numpy.median.results.json,stage4/results/tensorflow-thesis-all-coverage/failure.csv,
tensorflow,tensorflow.keras.ops.numpy.median,stage4_coverage,uncovered_api,Stage 4 did not cover API; valid_programs=0 bugs=0,a61764f36f4486d4,stage4/results/tensorflow-thesis-all-coverage/coverage_report.json,stage4/results/tensorflow-thesis-all-coverage/coverage_report.json,
tensorflow,tensorflow.keras.ops.numpy.median,stage4_coverage,selected_function_line_coverage_percent=0 < 60,selected_function_line_coverage_percent=0 < 60,b3e297488fcac6d1,,stage4/results/tensorflow-thesis-all-coverage/low_coverage.csv,
tensorflow,tensorflow.keras.ops.numpy.minimum,stage4_coverage,selected_function_line_coverage_percent=0 < 60,selected_function_line_coverage_percent=0 < 60,0d46f51225f452c0,,stage4/results/tensorflow-thesis-all-coverage/low_coverage.csv,
tensorflow,tensorflow.keras.ops.numpy.minimum,stage4_runtime,WorkerCrash,"Traceback (most recent call last):
  File ""<frozen runpy>"", line 198, in _run_module_as_main
  File ""<frozen runpy>"", line 88, in _run_code
  File ""/Users/aryansg/Desktop/DeepFuzz/stage4/stage4_worker.py"", line 27, in <module>
    from json2init.deepfuzz_common import (  # noqa: E402
    ...<7 lines>...
    )
  File ""/Users/aryansg/Desktop/DeepFuzz/json2init/deepfuzz_common.py"", line 321
    elif lname in {""axis"", ""dim"", ""depth"", ""k"", ""num"", ""count"", ""window_length"", ""fft_length"", ""sequence_length"", ""sequence_stride"", ""num_bits"", ""block_size"", ""kth""}:
    ^^^^
SyntaxError: invalid syntax",2cd71b7a2e6ca655,stage4/results/tensorflow-thesis-all-coverage/execution_results/tensorflow.keras.ops.numpy.minimum.results.json,stage4/results/tensorflow-thesis-all-coverage/failure.csv,
tensorflow,tensorflow.keras.ops.numpy.minimum,stage4_coverage,uncovered_api,Stage 4 did not cover API; valid_programs=0 bugs=0,bde65e9782397973,stage4/results/tensorflow-thesis-all-coverage/coverage_report.json,stage4/results/tensorflow-thesis-all-coverage/coverage_report.json,
tensorflow,tensorflow.keras.ops.numpy.mod,stage4_coverage,uncovered_api,Stage 4 did not cover API; valid_programs=0 bugs=0,1e7692a59867efac,stage4/results/tensorflow-thesis-all-coverage/coverage_report.json,stage4/results/tensorflow-thesis-all-coverage/coverage_report.json,
tensorflow,tensorflow.keras.ops.numpy.mod,stage4_runtime,WorkerCrash,"Traceback (most recent call last):
  File ""<frozen runpy>"", line 198, in _run_module_as_main
  File ""<frozen runpy>"", line 88, in _run_code
  File ""/Users/aryansg/Desktop/DeepFuzz/stage4/stage4_worker.py"", line 27, in <module>
    from json2init.deepfuzz_common import (  # noqa: E402
    ...<7 lines>...
    )
  File ""/Users/aryansg/Desktop/DeepFuzz/json2init/deepfuzz_common.py"", line 321
    elif lname in {""axis"", ""dim"", ""depth"", ""k"", ""num"", ""count"", ""window_length"", ""fft_length"", ""sequence_length"", ""sequence_stride"", ""num_bits"", ""block_size"", ""kth""}:
    ^^^^
SyntaxError: invalid syntax",2b1cca1a044907c1,stage4/results/tensorflow-thesis-all-coverage/execution_results/tensorflow.keras.ops.numpy.mod.results.json,stage4/results/tensorflow-thesis-all-coverage/failure.csv,
tensorflow,tensorflow.keras.ops.numpy.mod,stage4_coverage,selected_function_line_coverage_percent=0 < 60,selected_function_line_coverage_percent=0 < 60,fb8efce38853ce5f,,stage4/results/tensorflow-thesis-all-coverage/low_coverage.csv,
tensorflow,tensorflow.keras.ops.numpy.multiply,stage4_runtime,WorkerCrash,"Traceback (most recent call last):
  File ""<frozen runpy>"", line 198, in _run_module_as_main
  File ""<frozen runpy>"", line 88, in _run_code
  File ""/Users/aryansg/Desktop/DeepFuzz/stage4/stage4_worker.py"", line 27, in <module>
    from json2init.deepfuzz_common import (  # noqa: E402
    ...<7 lines>...
    )
  File ""/Users/aryansg/Desktop/DeepFuzz/json2init/deepfuzz_common.py"", line 321
    elif lname in {""axis"", ""dim"", ""depth"", ""k"", ""num"", ""count"", ""window_length"", ""fft_length"", ""sequence_length"", ""sequence_stride"", ""num_bits"", ""block_size"", ""kth""}:
    ^^^^
SyntaxError: invalid syntax",49420f1802b5c1c8,stage4/results/tensorflow-thesis-all-coverage/execution_results/tensorflow.keras.ops.numpy.multiply.results.json,stage4/results/tensorflow-thesis-all-coverage/failure.csv,
tensorflow,tensorflow.keras.ops.numpy.multiply,stage4_coverage,selected_function_line_coverage_percent=0 < 60,selected_function_line_coverage_percent=0 < 60,7544615a6b66239a,,stage4/results/tensorflow-thesis-all-coverage/low_coverage.csv,
tensorflow,tensorflow.keras.ops.numpy.multiply,stage4_coverage,uncovered_api,Stage 4 did not cover API; valid_programs=0 bugs=0,f2e79c5b9191d66e,stage4/results/tensorflow-thesis-all-coverage/coverage_report.json,stage4/results/tensorflow-thesis-all-coverage/coverage_report.json,
tensorflow,tensorflow.keras.ops.numpy.ndim,stage4_coverage,selected_function_line_coverage_percent=0 < 60,selected_function_line_coverage_percent=0 < 60,2a49895c00dd83ed,,stage4/results/tensorflow-thesis-all-coverage/low_coverage.csv,
tensorflow,tensorflow.keras.ops.numpy.ndim,stage4_coverage,uncovered_api,Stage 4 did not cover API; valid_programs=0 bugs=0,39bb383ddbcb6b1b,stage4/results/tensorflow-thesis-all-coverage/coverage_report.json,stage4/results/tensorflow-thesis-all-coverage/coverage_report.json,
tensorflow,tensorflow.keras.ops.numpy.ndim,stage4_runtime,WorkerCrash,"Traceback (most recent call last):
  File ""<frozen runpy>"", line 198, in _run_module_as_main
  File ""<frozen runpy>"", line 88, in _run_code
  File ""/Users/aryansg/Desktop/DeepFuzz/stage4/stage4_worker.py"", line 27, in <module>
    from json2init.deepfuzz_common import (  # noqa: E402
    ...<7 lines>...
    )
  File ""/Users/aryansg/Desktop/DeepFuzz/json2init/deepfuzz_common.py"", line 321
    elif lname in {""axis"", ""dim"", ""depth"", ""k"", ""num"", ""count"", ""window_length"", ""fft_length"", ""sequence_length"", ""sequence_stride"", ""num_bits"", ""block_size"", ""kth""}:
    ^^^^
SyntaxError: invalid syntax",cd179444dbdae76f,stage4/results/tensorflow-thesis-all-coverage/execution_results/tensorflow.keras.ops.numpy.ndim.results.json,stage4/results/tensorflow-thesis-all-coverage/failure.csv,
tensorflow,tensorflow.keras.ops.numpy.negative,stage4_coverage,uncovered_api,Stage 4 did not cover API; valid_programs=0 bugs=0,1dd82f2dfd27de45,stage4/results/tensorflow-thesis-all-coverage/coverage_report.json,stage4/results/tensorflow-thesis-all-coverage/coverage_report.json,
tensorflow,tensorflow.keras.ops.numpy.negative,stage4_runtime,WorkerCrash,"Traceback (most recent call last):
  File ""<frozen runpy>"", line 198, in _run_module_as_main
  File ""<frozen runpy>"", line 88, in _run_code
  File ""/Users/aryansg/Desktop/DeepFuzz/stage4/stage4_worker.py"", line 27, in <module>
    from json2init.deepfuzz_common import (  # noqa: E402
    ...<7 lines>...
    )
  File ""/Users/aryansg/Desktop/DeepFuzz/json2init/deepfuzz_common.py"", line 321
    elif lname in {""axis"", ""dim"", ""depth"", ""k"", ""num"", ""count"", ""window_length"", ""fft_length"", ""sequence_length"", ""sequence_stride"", ""num_bits"", ""block_size"", ""kth""}:
    ^^^^
SyntaxError: invalid syntax",248aa00d254270bc,stage4/results/tensorflow-thesis-all-coverage/execution_results/tensorflow.keras.ops.numpy.negative.results.json,stage4/results/tensorflow-thesis-all-coverage/failure.csv,
tensorflow,tensorflow.keras.ops.numpy.negative,stage4_coverage,selected_function_line_coverage_percent=0 < 60,selected_function_line_coverage_percent=0 < 60,bd9bea8c57543efc,,stage4/results/tensorflow-thesis-all-coverage/low_coverage.csv,
tensorflow,tensorflow.keras.ops.numpy.nonzero,stage4_runtime,WorkerCrash,"Traceback (most recent call last):
  File ""<frozen runpy>"", line 198, in _run_module_as_main
  File ""<frozen runpy>"", line 88, in _run_code
  File ""/Users/aryansg/Desktop/DeepFuzz/stage4/stage4_worker.py"", line 27, in <module>
    from json2init.deepfuzz_common import (  # noqa: E402
    ...<7 lines>...
    )
  File ""/Users/aryansg/Desktop/DeepFuzz/json2init/deepfuzz_common.py"", line 321
    elif lname in {""axis"", ""dim"", ""depth"", ""k"", ""num"", ""count"", ""window_length"", ""fft_length"", ""sequence_length"", ""sequence_stride"", ""num_bits"", ""block_size"", ""kth""}:
    ^^^^
SyntaxError: invalid syntax",64836ffe7a91dcb3,stage4/results/tensorflow-thesis-all-coverage/execution_results/tensorflow.keras.ops.numpy.nonzero.results.json,stage4/results/tensorflow-thesis-all-coverage/failure.csv,
tensorflow,tensorflow.keras.ops.numpy.nonzero,stage4_coverage,uncovered_api,Stage 4 did not cover API; valid_programs=0 bugs=0,875104287613e182,stage4/results/tensorflow-thesis-all-coverage/coverage_report.json,stage4/results/tensorflow-thesis-all-coverage/coverage_report.json,
tensorflow,tensorflow.keras.ops.numpy.nonzero,stage4_coverage,selected_function_line_coverage_percent=0 < 60,selected_function_line_coverage_percent=0 < 60,f904e094d9d2183f,,stage4/results/tensorflow-thesis-all-coverage/low_coverage.csv,
tensorflow,tensorflow.keras.ops.numpy.not_equal,stage4_coverage,uncovered_api,Stage 4 did not cover API; valid_programs=0 bugs=0,0aec6593bd5f603b,stage4/results/tensorflow-thesis-all-coverage/coverage_report.json,stage4/results/tensorflow-thesis-all-coverage/coverage_report.json,
tensorflow,tensorflow.keras.ops.numpy.not_equal,stage4_runtime,WorkerCrash,"Traceback (most recent call last):
  File ""<frozen runpy>"", line 198, in _run_module_as_main
  File ""<frozen runpy>"", line 88, in _run_code
  File ""/Users/aryansg/Desktop/DeepFuzz/stage4/stage4_worker.py"", line 27, in <module>
    from json2init.deepfuzz_common import (  # noqa: E402
    ...<7 lines>...
    )
  File ""/Users/aryansg/Desktop/DeepFuzz/json2init/deepfuzz_common.py"", line 321
    elif lname in {""axis"", ""dim"", ""depth"", ""k"", ""num"", ""count"", ""window_length"", ""fft_length"", ""sequence_length"", ""sequence_stride"", ""num_bits"", ""block_size"", ""kth""}:
    ^^^^
SyntaxError: invalid syntax",92aea4065fcae4bd,stage4/results/tensorflow-thesis-all-coverage/execution_results/tensorflow.keras.ops.numpy.not_equal.results.json,stage4/results/tensorflow-thesis-all-coverage/failure.csv,
tensorflow,tensorflow.keras.ops.numpy.not_equal,stage4_coverage,selected_function_line_coverage_percent=0 < 60,selected_function_line_coverage_percent=0 < 60,e0b695b559b2759f,,stage4/results/tensorflow-thesis-all-coverage/low_coverage.csv,
tensorflow,tensorflow.keras.ops.numpy.ones,stage4_runtime,WorkerCrash,"Traceback (most recent call last):
  File ""<frozen runpy>"", line 198, in _run_module_as_main
  File ""<frozen runpy>"", line 88, in _run_code
  File ""/Users/aryansg/Desktop/DeepFuzz/stage4/stage4_worker.py"", line 27, in <module>
    from json2init.deepfuzz_common import (  # noqa: E402
    ...<7 lines>...
    )
  File ""/Users/aryansg/Desktop/DeepFuzz/json2init/deepfuzz_common.py"", line 321
    elif lname in {""axis"", ""dim"", ""depth"", ""k"", ""num"", ""count"", ""window_length"", ""fft_length"", ""sequence_length"", ""sequence_stride"", ""num_bits"", ""block_size"", ""kth""}:
    ^^^^
SyntaxError: invalid syntax",46a092f52d63557e,stage4/results/tensorflow-thesis-all-coverage/execution_results/tensorflow.keras.ops.numpy.ones.results.json,stage4/results/tensorflow-thesis-all-coverage/failure.csv,
tensorflow,tensorflow.keras.ops.numpy.ones,stage4_coverage,selected_function_line_coverage_percent=0 < 60,selected_function_line_coverage_percent=0 < 60,b2cd77c9e5bc8cfb,,stage4/results/tensorflow-thesis-all-coverage/low_coverage.csv,
tensorflow,tensorflow.keras.ops.numpy.ones,stage4_coverage,uncovered_api,Stage 4 did not cover API; valid_programs=0 bugs=0,ed3e6486a899ce93,stage4/results/tensorflow-thesis-all-coverage/coverage_report.json,stage4/results/tensorflow-thesis-all-coverage/coverage_report.json,
tensorflow,tensorflow.keras.ops.numpy.ones_like,stage4_coverage,selected_function_line_coverage_percent=0 < 60,selected_function_line_coverage_percent=0 < 60,2eaf7a4e56f9b85b,,stage4/results/tensorflow-thesis-all-coverage/low_coverage.csv,
tensorflow,tensorflow.keras.ops.numpy.ones_like,stage4_coverage,uncovered_api,Stage 4 did not cover API; valid_programs=0 bugs=0,5b609bac397deba3,stage4/results/tensorflow-thesis-all-coverage/coverage_report.json,stage4/results/tensorflow-thesis-all-coverage/coverage_report.json,
tensorflow,tensorflow.keras.ops.numpy.ones_like,stage4_runtime,WorkerCrash,"Traceback (most recent call last):
  File ""<frozen runpy>"", line 198, in _run_module_as_main
  File ""<frozen runpy>"", line 88, in _run_code
  File ""/Users/aryansg/Desktop/DeepFuzz/stage4/stage4_worker.py"", line 27, in <module>
    from json2init.deepfuzz_common import (  # noqa: E402
    ...<7 lines>...
    )
  File ""/Users/aryansg/Desktop/DeepFuzz/json2init/deepfuzz_common.py"", line 321
    elif lname in {""axis"", ""dim"", ""depth"", ""k"", ""num"", ""count"", ""window_length"", ""fft_length"", ""sequence_length"", ""sequence_stride"", ""num_bits"", ""block_size"", ""kth""}:
    ^^^^
SyntaxError: invalid syntax",8545441f07c07cf0,stage4/results/tensorflow-thesis-all-coverage/execution_results/tensorflow.keras.ops.numpy.ones_like.results.json,stage4/results/tensorflow-thesis-all-coverage/failure.csv,
tensorflow,tensorflow.keras.ops.numpy.pad,stage4_runtime,WorkerCrash,"Traceback (most recent call last):
  File ""<frozen runpy>"", line 198, in _run_module_as_main
  File ""<frozen runpy>"", line 88, in _run_code
  File ""/Users/aryansg/Desktop/DeepFuzz/stage4/stage4_worker.py"", line 27, in <module>
    from json2init.deepfuzz_common import (  # noqa: E402
    ...<7 lines>...
    )
  File ""/Users/aryansg/Desktop/DeepFuzz/json2init/deepfuzz_common.py"", line 321
    elif lname in {""axis"", ""dim"", ""depth"", ""k"", ""num"", ""count"", ""window_length"", ""fft_length"", ""sequence_length"", ""sequence_stride"", ""num_bits"", ""block_size"", ""kth""}:
    ^^^^
SyntaxError: invalid syntax",5c0076018b83037a,stage4/results/tensorflow-thesis-all-coverage/execution_results/tensorflow.keras.ops.numpy.pad.results.json,stage4/results/tensorflow-thesis-all-coverage/failure.csv,
tensorflow,tensorflow.keras.ops.numpy.pad,stage4_coverage,selected_function_line_coverage_percent=0 < 60,selected_function_line_coverage_percent=0 < 60,63519540e5edff6e,,stage4/results/tensorflow-thesis-all-coverage/low_coverage.csv,
tensorflow,tensorflow.keras.ops.numpy.pad,stage4_coverage,uncovered_api,Stage 4 did not cover API; valid_programs=0 bugs=0,c302aa907406c8be,stage4/results/tensorflow-thesis-all-coverage/coverage_report.json,stage4/results/tensorflow-thesis-all-coverage/coverage_report.json,
tensorflow,tensorflow.keras.ops.numpy.ravel,stage4_runtime,WorkerCrash,"Traceback (most recent call last):
  File ""<frozen runpy>"", line 198, in _run_module_as_main
  File ""<frozen runpy>"", line 88, in _run_code
  File ""/Users/aryansg/Desktop/DeepFuzz/stage4/stage4_worker.py"", line 27, in <module>
    from json2init.deepfuzz_common import (  # noqa: E402
    ...<7 lines>...
    )
  File ""/Users/aryansg/Desktop/DeepFuzz/json2init/deepfuzz_common.py"", line 321
    elif lname in {""axis"", ""dim"", ""depth"", ""k"", ""num"", ""count"", ""window_length"", ""fft_length"", ""sequence_length"", ""sequence_stride"", ""num_bits"", ""block_size"", ""kth""}:
    ^^^^
SyntaxError: invalid syntax",24bf6d7e13623c04,stage4/results/tensorflow-thesis-all-coverage/execution_results/tensorflow.keras.ops.numpy.ravel.results.json,stage4/results/tensorflow-thesis-all-coverage/failure.csv,
tensorflow,tensorflow.keras.ops.numpy.ravel,stage4_coverage,selected_function_line_coverage_percent=0 < 60,selected_function_line_coverage_percent=0 < 60,9701dbec4534e896,,stage4/results/tensorflow-thesis-all-coverage/low_coverage.csv,
tensorflow,tensorflow.keras.ops.numpy.ravel,stage4_coverage,uncovered_api,Stage 4 did not cover API; valid_programs=0 bugs=0,a5ff55c4f5e5ec50,stage4/results/tensorflow-thesis-all-coverage/coverage_report.json,stage4/results/tensorflow-thesis-all-coverage/coverage_report.json,
tensorflow,tensorflow.keras.ops.numpy.real,stage4_coverage,selected_function_line_coverage_percent=0 < 60,selected_function_line_coverage_percent=0 < 60,0a38016952aa7a8e,,stage4/results/tensorflow-thesis-all-coverage/low_coverage.csv,
tensorflow,tensorflow.keras.ops.numpy.real,stage4_coverage,uncovered_api,Stage 4 did not cover API; valid_programs=0 bugs=0,4b45528ef55e8f68,stage4/results/tensorflow-thesis-all-coverage/coverage_report.json,stage4/results/tensorflow-thesis-all-coverage/coverage_report.json,
tensorflow,tensorflow.keras.ops.numpy.real,stage4_runtime,WorkerCrash,"Traceback (most recent call last):
  File ""<frozen runpy>"", line 198, in _run_module_as_main
  File ""<frozen runpy>"", line 88, in _run_code
  File ""/Users/aryansg/Desktop/DeepFuzz/stage4/stage4_worker.py"", line 27, in <module>
    from json2init.deepfuzz_common import (  # noqa: E402
    ...<7 lines>...
    )
  File ""/Users/aryansg/Desktop/DeepFuzz/json2init/deepfuzz_common.py"", line 321
    elif lname in {""axis"", ""dim"", ""depth"", ""k"", ""num"", ""count"", ""window_length"", ""fft_length"", ""sequence_length"", ""sequence_stride"", ""num_bits"", ""block_size"", ""kth""}:
    ^^^^
SyntaxError: invalid syntax",59d270ab2a4f72b4,stage4/results/tensorflow-thesis-all-coverage/execution_results/tensorflow.keras.ops.numpy.real.results.json,stage4/results/tensorflow-thesis-all-coverage/failure.csv,
tensorflow,tensorflow.keras.ops.numpy.reciprocal,stage4_coverage,uncovered_api,Stage 4 did not cover API; valid_programs=0 bugs=0,5fb1855a37921876,stage4/results/tensorflow-thesis-all-coverage/coverage_report.json,stage4/results/tensorflow-thesis-all-coverage/coverage_report.json,
tensorflow,tensorflow.keras.ops.numpy.reciprocal,stage4_runtime,WorkerCrash,"Traceback (most recent call last):
  File ""<frozen runpy>"", line 198, in _run_module_as_main
  File ""<frozen runpy>"", line 88, in _run_code
  File ""/Users/aryansg/Desktop/DeepFuzz/stage4/stage4_worker.py"", line 27, in <module>
    from json2init.deepfuzz_common import (  # noqa: E402
    ...<7 lines>...
    )
  File ""/Users/aryansg/Desktop/DeepFuzz/json2init/deepfuzz_common.py"", line 321
    elif lname in {""axis"", ""dim"", ""depth"", ""k"", ""num"", ""count"", ""window_length"", ""fft_length"", ""sequence_length"", ""sequence_stride"", ""num_bits"", ""block_size"", ""kth""}:
    ^^^^
SyntaxError: invalid syntax",ae27b4f7d9faf10c,stage4/results/tensorflow-thesis-all-coverage/execution_results/tensorflow.keras.ops.numpy.reciprocal.results.json,stage4/results/tensorflow-thesis-all-coverage/failure.csv,
tensorflow,tensorflow.keras.ops.numpy.reciprocal,stage4_coverage,selected_function_line_coverage_percent=0 < 60,selected_function_line_coverage_percent=0 < 60,b49ec56e787ccfde,,stage4/results/tensorflow-thesis-all-coverage/low_coverage.csv,
tensorflow,tensorflow.keras.ops.numpy.right_shift,stage4_coverage,uncovered_api,Stage 4 did not cover API; valid_programs=0 bugs=0,33667d1c7be51111,stage4/results/tensorflow-thesis-all-coverage/coverage_report.json,stage4/results/tensorflow-thesis-all-coverage/coverage_report.json,
tensorflow,tensorflow.keras.ops.numpy.right_shift,stage4_runtime,WorkerCrash,"Traceback (most recent call last):
  File ""<frozen runpy>"", line 198, in _run_module_as_main
  File ""<frozen runpy>"", line 88, in _run_code
  File ""/Users/aryansg/Desktop/DeepFuzz/stage4/stage4_worker.py"", line 27, in <module>
    from json2init.deepfuzz_common import (  # noqa: E402
    ...<7 lines>...
    )
  File ""/Users/aryansg/Desktop/DeepFuzz/json2init/deepfuzz_common.py"", line 321
    elif lname in {""axis"", ""dim"", ""depth"", ""k"", ""num"", ""count"", ""window_length"", ""fft_length"", ""sequence_length"", ""sequence_stride"", ""num_bits"", ""block_size"", ""kth""}:
    ^^^^
SyntaxError: invalid syntax",7e4c5354afe4dc29,stage4/results/tensorflow-thesis-all-coverage/execution_results/tensorflow.keras.ops.numpy.right_shift.results.json,stage4/results/tensorflow-thesis-all-coverage/failure.csv,
tensorflow,tensorflow.keras.ops.numpy.right_shift,stage4_coverage,selected_function_line_coverage_percent=0 < 60,selected_function_line_coverage_percent=0 < 60,f30bb22439223387,,stage4/results/tensorflow-thesis-all-coverage/low_coverage.csv,
tensorflow,tensorflow.keras.ops.numpy.round,stage4_coverage,uncovered_api,Stage 4 did not cover API; valid_programs=0 bugs=0,0927b7bfa27508b1,stage4/results/tensorflow-thesis-all-coverage/coverage_report.json,stage4/results/tensorflow-thesis-all-coverage/coverage_report.json,
tensorflow,tensorflow.keras.ops.numpy.round,stage4_coverage,selected_function_line_coverage_percent=0 < 60,selected_function_line_coverage_percent=0 < 60,484afdccc8deca62,,stage4/results/tensorflow-thesis-all-coverage/low_coverage.csv,
tensorflow,tensorflow.keras.ops.numpy.round,stage4_runtime,WorkerCrash,"Traceback (most recent call last):
  File ""<frozen runpy>"", line 198, in _run_module_as_main
  File ""<frozen runpy>"", line 88, in _run_code
  File ""/Users/aryansg/Desktop/DeepFuzz/stage4/stage4_worker.py"", line 27, in <module>
    from json2init.deepfuzz_common import (  # noqa: E402
    ...<7 lines>...
    )
  File ""/Users/aryansg/Desktop/DeepFuzz/json2init/deepfuzz_common.py"", line 321
    elif lname in {""axis"", ""dim"", ""depth"", ""k"", ""num"", ""count"", ""window_length"", ""fft_length"", ""sequence_length"", ""sequence_stride"", ""num_bits"", ""block_size"", ""kth""}:
    ^^^^
SyntaxError: invalid syntax",837f0cb8286a335a,stage4/results/tensorflow-thesis-all-coverage/execution_results/tensorflow.keras.ops.numpy.round.results.json,stage4/results/tensorflow-thesis-all-coverage/failure.csv,
tensorflow,tensorflow.keras.ops.numpy.searchsorted,stage4_coverage,selected_function_line_coverage_percent=0 < 60,selected_function_line_coverage_percent=0 < 60,12f67280304c058d,,stage4/results/tensorflow-thesis-all-coverage/low_coverage.csv,
tensorflow,tensorflow.keras.ops.numpy.searchsorted,stage4_coverage,uncovered_api,Stage 4 did not cover API; valid_programs=0 bugs=0,5ad915488f82bdc3,stage4/results/tensorflow-thesis-all-coverage/coverage_report.json,stage4/results/tensorflow-thesis-all-coverage/coverage_report.json,
tensorflow,tensorflow.keras.ops.numpy.searchsorted,stage4_runtime,WorkerCrash,"Traceback (most recent call last):
  File ""<frozen runpy>"", line 198, in _run_module_as_main
  File ""<frozen runpy>"", line 88, in _run_code
  File ""/Users/aryansg/Desktop/DeepFuzz/stage4/stage4_worker.py"", line 27, in <module>
    from json2init.deepfuzz_common import (  # noqa: E402
    ...<7 lines>...
    )
  File ""/Users/aryansg/Desktop/DeepFuzz/json2init/deepfuzz_common.py"", line 321
    elif lname in {""axis"", ""dim"", ""depth"", ""k"", ""num"", ""count"", ""window_length"", ""fft_length"", ""sequence_length"", ""sequence_stride"", ""num_bits"", ""block_size"", ""kth""}:
    ^^^^
SyntaxError: invalid syntax",e6da18266bcf271f,stage4/results/tensorflow-thesis-all-coverage/execution_results/tensorflow.keras.ops.numpy.searchsorted.results.json,stage4/results/tensorflow-thesis-all-coverage/failure.csv,
tensorflow,tensorflow.keras.ops.numpy.sign,stage4_coverage,selected_function_line_coverage_percent=0 < 60,selected_function_line_coverage_percent=0 < 60,1d3869d538c73c51,,stage4/results/tensorflow-thesis-all-coverage/low_coverage.csv,
tensorflow,tensorflow.keras.ops.numpy.sign,stage4_coverage,uncovered_api,Stage 4 did not cover API; valid_programs=0 bugs=0,c35097aa446684bf,stage4/results/tensorflow-thesis-all-coverage/coverage_report.json,stage4/results/tensorflow-thesis-all-coverage/coverage_report.json,
tensorflow,tensorflow.keras.ops.numpy.sign,stage4_runtime,WorkerCrash,"Traceback (most recent call last):
  File ""<frozen runpy>"", line 198, in _run_module_as_main
  File ""<frozen runpy>"", line 88, in _run_code
  File ""/Users/aryansg/Desktop/DeepFuzz/stage4/stage4_worker.py"", line 27, in <module>
    from json2init.deepfuzz_common import (  # noqa: E402
    ...<7 lines>...
    )
  File ""/Users/aryansg/Desktop/DeepFuzz/json2init/deepfuzz_common.py"", line 321
    elif lname in {""axis"", ""dim"", ""depth"", ""k"", ""num"", ""count"", ""window_length"", ""fft_length"", ""sequence_length"", ""sequence_stride"", ""num_bits"", ""block_size"", ""kth""}:
    ^^^^
SyntaxError: invalid syntax",f76bec7700f71042,stage4/results/tensorflow-thesis-all-coverage/execution_results/tensorflow.keras.ops.numpy.sign.results.json,stage4/results/tensorflow-thesis-all-coverage/failure.csv,
tensorflow,tensorflow.keras.ops.numpy.signbit,stage4_coverage,selected_function_line_coverage_percent=0 < 60,selected_function_line_coverage_percent=0 < 60,989652ac94361aef,,stage4/results/tensorflow-thesis-all-coverage/low_coverage.csv,
tensorflow,tensorflow.keras.ops.numpy.signbit,stage4_coverage,uncovered_api,Stage 4 did not cover API; valid_programs=0 bugs=0,ceb8dfcd88676cc4,stage4/results/tensorflow-thesis-all-coverage/coverage_report.json,stage4/results/tensorflow-thesis-all-coverage/coverage_report.json,
tensorflow,tensorflow.keras.ops.numpy.signbit,stage4_runtime,WorkerCrash,"Traceback (most recent call last):
  File ""<frozen runpy>"", line 198, in _run_module_as_main
  File ""<frozen runpy>"", line 88, in _run_code
  File ""/Users/aryansg/Desktop/DeepFuzz/stage4/stage4_worker.py"", line 27, in <module>
    from json2init.deepfuzz_common import (  # noqa: E402
    ...<7 lines>...
    )
  File ""/Users/aryansg/Desktop/DeepFuzz/json2init/deepfuzz_common.py"", line 321
    elif lname in {""axis"", ""dim"", ""depth"", ""k"", ""num"", ""count"", ""window_length"", ""fft_length"", ""sequence_length"", ""sequence_stride"", ""num_bits"", ""block_size"", ""kth""}:
    ^^^^
SyntaxError: invalid syntax",dd0ed50aece0c596,stage4/results/tensorflow-thesis-all-coverage/execution_results/tensorflow.keras.ops.numpy.signbit.results.json,stage4/results/tensorflow-thesis-all-coverage/failure.csv,
tensorflow,tensorflow.keras.ops.numpy.sin,stage4_coverage,uncovered_api,Stage 4 did not cover API; valid_programs=0 bugs=0,78b24e4558d0e470,stage4/results/tensorflow-thesis-all-coverage/coverage_report.json,stage4/results/tensorflow-thesis-all-coverage/coverage_report.json,
tensorflow,tensorflow.keras.ops.numpy.sin,stage4_coverage,selected_function_line_coverage_percent=0 < 60,selected_function_line_coverage_percent=0 < 60,842fc97bf10e9f81,,stage4/results/tensorflow-thesis-all-coverage/low_coverage.csv,
tensorflow,tensorflow.keras.ops.numpy.sin,stage4_runtime,WorkerCrash,"Traceback (most recent call last):
  File ""<frozen runpy>"", line 198, in _run_module_as_main
  File ""<frozen runpy>"", line 88, in _run_code
  File ""/Users/aryansg/Desktop/DeepFuzz/stage4/stage4_worker.py"", line 27, in <module>
    from json2init.deepfuzz_common import (  # noqa: E402
    ...<7 lines>...
    )
  File ""/Users/aryansg/Desktop/DeepFuzz/json2init/deepfuzz_common.py"", line 321
    elif lname in {""axis"", ""dim"", ""depth"", ""k"", ""num"", ""count"", ""window_length"", ""fft_length"", ""sequence_length"", ""sequence_stride"", ""num_bits"", ""block_size"", ""kth""}:
    ^^^^
SyntaxError: invalid syntax",bf2a5b815cd5b496,stage4/results/tensorflow-thesis-all-coverage/execution_results/tensorflow.keras.ops.numpy.sin.results.json,stage4/results/tensorflow-thesis-all-coverage/failure.csv,
tensorflow,tensorflow.keras.ops.numpy.sinh,stage4_coverage,uncovered_api,Stage 4 did not cover API; valid_programs=0 bugs=0,0bc21f2079949045,stage4/results/tensorflow-thesis-all-coverage/coverage_report.json,stage4/results/tensorflow-thesis-all-coverage/coverage_report.json,
tensorflow,tensorflow.keras.ops.numpy.sinh,stage4_runtime,WorkerCrash,"Traceback (most recent call last):
  File ""<frozen runpy>"", line 198, in _run_module_as_main
  File ""<frozen runpy>"", line 88, in _run_code
  File ""/Users/aryansg/Desktop/DeepFuzz/stage4/stage4_worker.py"", line 27, in <module>
    from json2init.deepfuzz_common import (  # noqa: E402
    ...<7 lines>...
    )
  File ""/Users/aryansg/Desktop/DeepFuzz/json2init/deepfuzz_common.py"", line 321
    elif lname in {""axis"", ""dim"", ""depth"", ""k"", ""num"", ""count"", ""window_length"", ""fft_length"", ""sequence_length"", ""sequence_stride"", ""num_bits"", ""block_size"", ""kth""}:
    ^^^^
SyntaxError: invalid syntax",96fc3b48d2710f81,stage4/results/tensorflow-thesis-all-coverage/execution_results/tensorflow.keras.ops.numpy.sinh.results.json,stage4/results/tensorflow-thesis-all-coverage/failure.csv,
tensorflow,tensorflow.keras.ops.numpy.sinh,stage4_coverage,selected_function_line_coverage_percent=0 < 60,selected_function_line_coverage_percent=0 < 60,9958ad41ef344a71,,stage4/results/tensorflow-thesis-all-coverage/low_coverage.csv,
tensorflow,tensorflow.keras.ops.numpy.size,stage4_runtime,WorkerCrash,"Traceback (most recent call last):
  File ""<frozen runpy>"", line 198, in _run_module_as_main
  File ""<frozen runpy>"", line 88, in _run_code
  File ""/Users/aryansg/Desktop/DeepFuzz/stage4/stage4_worker.py"", line 27, in <module>
    from json2init.deepfuzz_common import (  # noqa: E402
    ...<7 lines>...
    )
  File ""/Users/aryansg/Desktop/DeepFuzz/json2init/deepfuzz_common.py"", line 321
    elif lname in {""axis"", ""dim"", ""depth"", ""k"", ""num"", ""count"", ""window_length"", ""fft_length"", ""sequence_length"", ""sequence_stride"", ""num_bits"", ""block_size"", ""kth""}:
    ^^^^
SyntaxError: invalid syntax",91fd965fe043ee9d,stage4/results/tensorflow-thesis-all-coverage/execution_results/tensorflow.keras.ops.numpy.size.results.json,stage4/results/tensorflow-thesis-all-coverage/failure.csv,
tensorflow,tensorflow.keras.ops.numpy.size,stage4_coverage,selected_function_line_coverage_percent=0 < 60,selected_function_line_coverage_percent=0 < 60,af3dbf413d051b17,,stage4/results/tensorflow-thesis-all-coverage/low_coverage.csv,
tensorflow,tensorflow.keras.ops.numpy.size,stage4_coverage,uncovered_api,Stage 4 did not cover API; valid_programs=0 bugs=0,b66037666a7a0f7f,stage4/results/tensorflow-thesis-all-coverage/coverage_report.json,stage4/results/tensorflow-thesis-all-coverage/coverage_report.json,
tensorflow,tensorflow.keras.ops.numpy.sort,stage4_coverage,selected_function_line_coverage_percent=0 < 60,selected_function_line_coverage_percent=0 < 60,2f92944df07a533b,,stage4/results/tensorflow-thesis-all-coverage/low_coverage.csv,
tensorflow,tensorflow.keras.ops.numpy.sort,stage4_coverage,uncovered_api,Stage 4 did not cover API; valid_programs=0 bugs=0,d5ecf48879d72b06,stage4/results/tensorflow-thesis-all-coverage/coverage_report.json,stage4/results/tensorflow-thesis-all-coverage/coverage_report.json,
tensorflow,tensorflow.keras.ops.numpy.sort,stage4_runtime,WorkerCrash,"Traceback (most recent call last):
  File ""<frozen runpy>"", line 198, in _run_module_as_main
  File ""<frozen runpy>"", line 88, in _run_code
  File ""/Users/aryansg/Desktop/DeepFuzz/stage4/stage4_worker.py"", line 27, in <module>
    from json2init.deepfuzz_common import (  # noqa: E402
    ...<7 lines>...
    )
  File ""/Users/aryansg/Desktop/DeepFuzz/json2init/deepfuzz_common.py"", line 321
    elif lname in {""axis"", ""dim"", ""depth"", ""k"", ""num"", ""count"", ""window_length"", ""fft_length"", ""sequence_length"", ""sequence_stride"", ""num_bits"", ""block_size"", ""kth""}:
    ^^^^
SyntaxError: invalid syntax",e62453277a6291cc,stage4/results/tensorflow-thesis-all-coverage/execution_results/tensorflow.keras.ops.numpy.sort.results.json,stage4/results/tensorflow-thesis-all-coverage/failure.csv,
tensorflow,tensorflow.keras.ops.numpy.sqrt,stage4_coverage,selected_function_line_coverage_percent=0 < 60,selected_function_line_coverage_percent=0 < 60,8694452ae58e4478,,stage4/results/tensorflow-thesis-all-coverage/low_coverage.csv,
tensorflow,tensorflow.keras.ops.numpy.sqrt,stage4_coverage,uncovered_api,Stage 4 did not cover API; valid_programs=0 bugs=0,e5160183d831d6b9,stage4/results/tensorflow-thesis-all-coverage/coverage_report.json,stage4/results/tensorflow-thesis-all-coverage/coverage_report.json,
tensorflow,tensorflow.keras.ops.numpy.sqrt,stage4_runtime,WorkerCrash,"Traceback (most recent call last):
  File ""<frozen runpy>"", line 198, in _run_module_as_main
  File ""<frozen runpy>"", line 88, in _run_code
  File ""/Users/aryansg/Desktop/DeepFuzz/stage4/stage4_worker.py"", line 27, in <module>
    from json2init.deepfuzz_common import (  # noqa: E402
    ...<7 lines>...
    )
  File ""/Users/aryansg/Desktop/DeepFuzz/json2init/deepfuzz_common.py"", line 321
    elif lname in {""axis"", ""dim"", ""depth"", ""k"", ""num"", ""count"", ""window_length"", ""fft_length"", ""sequence_length"", ""sequence_stride"", ""num_bits"", ""block_size"", ""kth""}:
    ^^^^
SyntaxError: invalid syntax",fb8df388486c1c20,stage4/results/tensorflow-thesis-all-coverage/execution_results/tensorflow.keras.ops.numpy.sqrt.results.json,stage4/results/tensorflow-thesis-all-coverage/failure.csv,
tensorflow,tensorflow.keras.ops.numpy.square,stage4_coverage,selected_function_line_coverage_percent=0 < 60,selected_function_line_coverage_percent=0 < 60,438a0779fc038d17,,stage4/results/tensorflow-thesis-all-coverage/low_coverage.csv,
tensorflow,tensorflow.keras.ops.numpy.square,stage4_coverage,uncovered_api,Stage 4 did not cover API; valid_programs=0 bugs=0,59e7a725c7f243c2,stage4/results/tensorflow-thesis-all-coverage/coverage_report.json,stage4/results/tensorflow-thesis-all-coverage/coverage_report.json,
tensorflow,tensorflow.keras.ops.numpy.square,stage4_runtime,WorkerCrash,"Traceback (most recent call last):
  File ""<frozen runpy>"", line 198, in _run_module_as_main
  File ""<frozen runpy>"", line 88, in _run_code
  File ""/Users/aryansg/Desktop/DeepFuzz/stage4/stage4_worker.py"", line 27, in <module>
    from json2init.deepfuzz_common import (  # noqa: E402
    ...<7 lines>...
    )
  File ""/Users/aryansg/Desktop/DeepFuzz/json2init/deepfuzz_common.py"", line 321
    elif lname in {""axis"", ""dim"", ""depth"", ""k"", ""num"", ""count"", ""window_length"", ""fft_length"", ""sequence_length"", ""sequence_stride"", ""num_bits"", ""block_size"", ""kth""}:
    ^^^^
SyntaxError: invalid syntax",bbc6c6e6cad62754,stage4/results/tensorflow-thesis-all-coverage/execution_results/tensorflow.keras.ops.numpy.square.results.json,stage4/results/tensorflow-thesis-all-coverage/failure.csv,
tensorflow,tensorflow.keras.ops.numpy.squeeze,stage4_coverage,selected_function_line_coverage_percent=0 < 60,selected_function_line_coverage_percent=0 < 60,08c9f5a5bb02fe17,,stage4/results/tensorflow-thesis-all-coverage/low_coverage.csv,
tensorflow,tensorflow.keras.ops.numpy.squeeze,stage4_runtime,WorkerCrash,"Traceback (most recent call last):
  File ""<frozen runpy>"", line 198, in _run_module_as_main
  File ""<frozen runpy>"", line 88, in _run_code
  File ""/Users/aryansg/Desktop/DeepFuzz/stage4/stage4_worker.py"", line 27, in <module>
    from json2init.deepfuzz_common import (  # noqa: E402
    ...<7 lines>...
    )
  File ""/Users/aryansg/Desktop/DeepFuzz/json2init/deepfuzz_common.py"", line 321
    elif lname in {""axis"", ""dim"", ""depth"", ""k"", ""num"", ""count"", ""window_length"", ""fft_length"", ""sequence_length"", ""sequence_stride"", ""num_bits"", ""block_size"", ""kth""}:
    ^^^^
SyntaxError: invalid syntax",50f19531c3ccf9a7,stage4/results/tensorflow-thesis-all-coverage/execution_results/tensorflow.keras.ops.numpy.squeeze.results.json,stage4/results/tensorflow-thesis-all-coverage/failure.csv,
tensorflow,tensorflow.keras.ops.numpy.squeeze,stage4_coverage,uncovered_api,Stage 4 did not cover API; valid_programs=0 bugs=0,6869198d03bcf78f,stage4/results/tensorflow-thesis-all-coverage/coverage_report.json,stage4/results/tensorflow-thesis-all-coverage/coverage_report.json,
tensorflow,tensorflow.keras.ops.numpy.stack,stage4_coverage,uncovered_api,Stage 4 did not cover API; valid_programs=0 bugs=0,4fcf02df2304908d,stage4/results/tensorflow-thesis-all-coverage/coverage_report.json,stage4/results/tensorflow-thesis-all-coverage/coverage_report.json,
tensorflow,tensorflow.keras.ops.numpy.stack,stage4_runtime,WorkerCrash,"Traceback (most recent call last):
  File ""<frozen runpy>"", line 198, in _run_module_as_main
  File ""<frozen runpy>"", line 88, in _run_code
  File ""/Users/aryansg/Desktop/DeepFuzz/stage4/stage4_worker.py"", line 27, in <module>
    from json2init.deepfuzz_common import (  # noqa: E402
    ...<7 lines>...
    )
  File ""/Users/aryansg/Desktop/DeepFuzz/json2init/deepfuzz_common.py"", line 321
    elif lname in {""axis"", ""dim"", ""depth"", ""k"", ""num"", ""count"", ""window_length"", ""fft_length"", ""sequence_length"", ""sequence_stride"", ""num_bits"", ""block_size"", ""kth""}:
    ^^^^
SyntaxError: invalid syntax",cbee446f83dd5b98,stage4/results/tensorflow-thesis-all-coverage/execution_results/tensorflow.keras.ops.numpy.stack.results.json,stage4/results/tensorflow-thesis-all-coverage/failure.csv,
tensorflow,tensorflow.keras.ops.numpy.stack,stage4_coverage,selected_function_line_coverage_percent=0 < 60,selected_function_line_coverage_percent=0 < 60,d51249842e2bfb90,,stage4/results/tensorflow-thesis-all-coverage/low_coverage.csv,
tensorflow,tensorflow.keras.ops.numpy.std,stage4_coverage,selected_function_line_coverage_percent=0 < 60,selected_function_line_coverage_percent=0 < 60,125f23ac6b03d1a8,,stage4/results/tensorflow-thesis-all-coverage/low_coverage.csv,
tensorflow,tensorflow.keras.ops.numpy.std,stage4_coverage,uncovered_api,Stage 4 did not cover API; valid_programs=0 bugs=0,2b17f07384970d9e,stage4/results/tensorflow-thesis-all-coverage/coverage_report.json,stage4/results/tensorflow-thesis-all-coverage/coverage_report.json,
tensorflow,tensorflow.keras.ops.numpy.std,stage4_runtime,WorkerCrash,"Traceback (most recent call last):
  File ""<frozen runpy>"", line 198, in _run_module_as_main
  File ""<frozen runpy>"", line 88, in _run_code
  File ""/Users/aryansg/Desktop/DeepFuzz/stage4/stage4_worker.py"", line 27, in <module>
    from json2init.deepfuzz_common import (  # noqa: E402
    ...<7 lines>...
    )
  File ""/Users/aryansg/Desktop/DeepFuzz/json2init/deepfuzz_common.py"", line 321
    elif lname in {""axis"", ""dim"", ""depth"", ""k"", ""num"", ""count"", ""window_length"", ""fft_length"", ""sequence_length"", ""sequence_stride"", ""num_bits"", ""block_size"", ""kth""}:
    ^^^^
SyntaxError: invalid syntax",e06d6f1907f8dc72,stage4/results/tensorflow-thesis-all-coverage/execution_results/tensorflow.keras.ops.numpy.std.results.json,stage4/results/tensorflow-thesis-all-coverage/failure.csv,
tensorflow,tensorflow.keras.ops.numpy.subtract,stage4_runtime,WorkerCrash,"Traceback (most recent call last):
  File ""<frozen runpy>"", line 198, in _run_module_as_main
  File ""<frozen runpy>"", line 88, in _run_code
  File ""/Users/aryansg/Desktop/DeepFuzz/stage4/stage4_worker.py"", line 27, in <module>
    from json2init.deepfuzz_common import (  # noqa: E402
    ...<7 lines>...
    )
  File ""/Users/aryansg/Desktop/DeepFuzz/json2init/deepfuzz_common.py"", line 321
    elif lname in {""axis"", ""dim"", ""depth"", ""k"", ""num"", ""count"", ""window_length"", ""fft_length"", ""sequence_length"", ""sequence_stride"", ""num_bits"", ""block_size"", ""kth""}:
    ^^^^
SyntaxError: invalid syntax",42089715d0055d89,stage4/results/tensorflow-thesis-all-coverage/execution_results/tensorflow.keras.ops.numpy.subtract.results.json,stage4/results/tensorflow-thesis-all-coverage/failure.csv,
tensorflow,tensorflow.keras.ops.numpy.subtract,stage4_coverage,uncovered_api,Stage 4 did not cover API; valid_programs=0 bugs=0,424688c0b7e58181,stage4/results/tensorflow-thesis-all-coverage/coverage_report.json,stage4/results/tensorflow-thesis-all-coverage/coverage_report.json,
tensorflow,tensorflow.keras.ops.numpy.subtract,stage4_coverage,selected_function_line_coverage_percent=0 < 60,selected_function_line_coverage_percent=0 < 60,ea4f52779afc778d,,stage4/results/tensorflow-thesis-all-coverage/low_coverage.csv,
tensorflow,tensorflow.keras.ops.numpy.sum,stage4_coverage,selected_function_line_coverage_percent=0 < 60,selected_function_line_coverage_percent=0 < 60,a72e96e8bb977e49,,stage4/results/tensorflow-thesis-all-coverage/low_coverage.csv,
tensorflow,tensorflow.keras.ops.numpy.sum,stage4_coverage,uncovered_api,Stage 4 did not cover API; valid_programs=0 bugs=0,b994f7d753b803e4,stage4/results/tensorflow-thesis-all-coverage/coverage_report.json,stage4/results/tensorflow-thesis-all-coverage/coverage_report.json,
tensorflow,tensorflow.keras.ops.numpy.sum,stage4_runtime,WorkerCrash,"Traceback (most recent call last):
  File ""<frozen runpy>"", line 198, in _run_module_as_main
  File ""<frozen runpy>"", line 88, in _run_code
  File ""/Users/aryansg/Desktop/DeepFuzz/stage4/stage4_worker.py"", line 27, in <module>
    from json2init.deepfuzz_common import (  # noqa: E402
    ...<7 lines>...
    )
  File ""/Users/aryansg/Desktop/DeepFuzz/json2init/deepfuzz_common.py"", line 321
    elif lname in {""axis"", ""dim"", ""depth"", ""k"", ""num"", ""count"", ""window_length"", ""fft_length"", ""sequence_length"", ""sequence_stride"", ""num_bits"", ""block_size"", ""kth""}:
    ^^^^
SyntaxError: invalid syntax",f7c962824e553ab6,stage4/results/tensorflow-thesis-all-coverage/execution_results/tensorflow.keras.ops.numpy.sum.results.json,stage4/results/tensorflow-thesis-all-coverage/failure.csv,
tensorflow,tensorflow.keras.ops.numpy.tan,stage4_coverage,selected_function_line_coverage_percent=0 < 60,selected_function_line_coverage_percent=0 < 60,857d2eca710eccbb,,stage4/results/tensorflow-thesis-all-coverage/low_coverage.csv,
tensorflow,tensorflow.keras.ops.numpy.tan,stage4_runtime,WorkerCrash,"Traceback (most recent call last):
  File ""<frozen runpy>"", line 198, in _run_module_as_main
  File ""<frozen runpy>"", line 88, in _run_code
  File ""/Users/aryansg/Desktop/DeepFuzz/stage4/stage4_worker.py"", line 27, in <module>
    from json2init.deepfuzz_common import (  # noqa: E402
    ...<7 lines>...
    )
  File ""/Users/aryansg/Desktop/DeepFuzz/json2init/deepfuzz_common.py"", line 321
    elif lname in {""axis"", ""dim"", ""depth"", ""k"", ""num"", ""count"", ""window_length"", ""fft_length"", ""sequence_length"", ""sequence_stride"", ""num_bits"", ""block_size"", ""kth""}:
    ^^^^
SyntaxError: invalid syntax",ee46fa1d09638d07,stage4/results/tensorflow-thesis-all-coverage/execution_results/tensorflow.keras.ops.numpy.tan.results.json,stage4/results/tensorflow-thesis-all-coverage/failure.csv,
tensorflow,tensorflow.keras.ops.numpy.tan,stage4_coverage,uncovered_api,Stage 4 did not cover API; valid_programs=0 bugs=0,f497f09278bca0d7,stage4/results/tensorflow-thesis-all-coverage/coverage_report.json,stage4/results/tensorflow-thesis-all-coverage/coverage_report.json,
tensorflow,tensorflow.keras.ops.numpy.tanh,stage4_coverage,uncovered_api,Stage 4 did not cover API; valid_programs=0 bugs=0,73a190ee321d1104,stage4/results/tensorflow-thesis-all-coverage/coverage_report.json,stage4/results/tensorflow-thesis-all-coverage/coverage_report.json,
tensorflow,tensorflow.keras.ops.numpy.tanh,stage4_runtime,WorkerCrash,"Traceback (most recent call last):
  File ""<frozen runpy>"", line 198, in _run_module_as_main
  File ""<frozen runpy>"", line 88, in _run_code
  File ""/Users/aryansg/Desktop/DeepFuzz/stage4/stage4_worker.py"", line 27, in <module>
    from json2init.deepfuzz_common import (  # noqa: E402
    ...<7 lines>...
    )
  File ""/Users/aryansg/Desktop/DeepFuzz/json2init/deepfuzz_common.py"", line 321
    elif lname in {""axis"", ""dim"", ""depth"", ""k"", ""num"", ""count"", ""window_length"", ""fft_length"", ""sequence_length"", ""sequence_stride"", ""num_bits"", ""block_size"", ""kth""}:
    ^^^^
SyntaxError: invalid syntax",92c4971d5cb1a672,stage4/results/tensorflow-thesis-all-coverage/execution_results/tensorflow.keras.ops.numpy.tanh.results.json,stage4/results/tensorflow-thesis-all-coverage/failure.csv,
tensorflow,tensorflow.keras.ops.numpy.tanh,stage4_coverage,selected_function_line_coverage_percent=0 < 60,selected_function_line_coverage_percent=0 < 60,e23364645b1b2c88,,stage4/results/tensorflow-thesis-all-coverage/low_coverage.csv,
tensorflow,tensorflow.keras.ops.numpy.trunc,stage4_coverage,uncovered_api,Stage 4 did not cover API; valid_programs=0 bugs=0,9ec64b3c13033932,stage4/results/tensorflow-thesis-all-coverage/coverage_report.json,stage4/results/tensorflow-thesis-all-coverage/coverage_report.json,
tensorflow,tensorflow.keras.ops.numpy.trunc,stage4_coverage,selected_function_line_coverage_percent=0 < 60,selected_function_line_coverage_percent=0 < 60,f66de5e49bc7485f,,stage4/results/tensorflow-thesis-all-coverage/low_coverage.csv,
tensorflow,tensorflow.keras.ops.numpy.trunc,stage4_runtime,WorkerCrash,"Traceback (most recent call last):
  File ""<frozen runpy>"", line 198, in _run_module_as_main
  File ""<frozen runpy>"", line 88, in _run_code
  File ""/Users/aryansg/Desktop/DeepFuzz/stage4/stage4_worker.py"", line 27, in <module>
    from json2init.deepfuzz_common import (  # noqa: E402
    ...<7 lines>...
    )
  File ""/Users/aryansg/Desktop/DeepFuzz/json2init/deepfuzz_common.py"", line 321
    elif lname in {""axis"", ""dim"", ""depth"", ""k"", ""num"", ""count"", ""window_length"", ""fft_length"", ""sequence_length"", ""sequence_stride"", ""num_bits"", ""block_size"", ""kth""}:
    ^^^^
SyntaxError: invalid syntax",fcd0f17994fe0c53,stage4/results/tensorflow-thesis-all-coverage/execution_results/tensorflow.keras.ops.numpy.trunc.results.json,stage4/results/tensorflow-thesis-all-coverage/failure.csv,
tensorflow,tensorflow.keras.ops.numpy.unravel_index,stage4_coverage,uncovered_api,Stage 4 did not cover API; valid_programs=0 bugs=0,02b16bcb1f6fc5c9,stage4/results/tensorflow-thesis-all-coverage/coverage_report.json,stage4/results/tensorflow-thesis-all-coverage/coverage_report.json,
tensorflow,tensorflow.keras.ops.numpy.unravel_index,stage4_runtime,WorkerCrash,"Traceback (most recent call last):
  File ""<frozen runpy>"", line 198, in _run_module_as_main
  File ""<frozen runpy>"", line 88, in _run_code
  File ""/Users/aryansg/Desktop/DeepFuzz/stage4/stage4_worker.py"", line 27, in <module>
    from json2init.deepfuzz_common import (  # noqa: E402
    ...<7 lines>...
    )
  File ""/Users/aryansg/Desktop/DeepFuzz/json2init/deepfuzz_common.py"", line 321
    elif lname in {""axis"", ""dim"", ""depth"", ""k"", ""num"", ""count"", ""window_length"", ""fft_length"", ""sequence_length"", ""sequence_stride"", ""num_bits"", ""block_size"", ""kth""}:
    ^^^^
SyntaxError: invalid syntax",30483638c6e75383,stage4/results/tensorflow-thesis-all-coverage/execution_results/tensorflow.keras.ops.numpy.unravel_index.results.json,stage4/results/tensorflow-thesis-all-coverage/failure.csv,
tensorflow,tensorflow.keras.ops.numpy.unravel_index,stage4_coverage,selected_function_line_coverage_percent=0 < 60,selected_function_line_coverage_percent=0 < 60,ee49234ac15cfa97,,stage4/results/tensorflow-thesis-all-coverage/low_coverage.csv,
tensorflow,tensorflow.keras.ops.numpy.var,stage4_runtime,WorkerCrash,"Traceback (most recent call last):
  File ""<frozen runpy>"", line 198, in _run_module_as_main
  File ""<frozen runpy>"", line 88, in _run_code
  File ""/Users/aryansg/Desktop/DeepFuzz/stage4/stage4_worker.py"", line 27, in <module>
    from json2init.deepfuzz_common import (  # noqa: E402
    ...<7 lines>...
    )
  File ""/Users/aryansg/Desktop/DeepFuzz/json2init/deepfuzz_common.py"", line 321
    elif lname in {""axis"", ""dim"", ""depth"", ""k"", ""num"", ""count"", ""window_length"", ""fft_length"", ""sequence_length"", ""sequence_stride"", ""num_bits"", ""block_size"", ""kth""}:
    ^^^^
SyntaxError: invalid syntax",4ad20c0b51106c73,stage4/results/tensorflow-thesis-all-coverage/execution_results/tensorflow.keras.ops.numpy.var.results.json,stage4/results/tensorflow-thesis-all-coverage/failure.csv,
tensorflow,tensorflow.keras.ops.numpy.var,stage4_coverage,selected_function_line_coverage_percent=0 < 60,selected_function_line_coverage_percent=0 < 60,57e6d898aeb45a3c,,stage4/results/tensorflow-thesis-all-coverage/low_coverage.csv,
tensorflow,tensorflow.keras.ops.numpy.var,stage4_coverage,uncovered_api,Stage 4 did not cover API; valid_programs=0 bugs=0,ad0745c9a660a403,stage4/results/tensorflow-thesis-all-coverage/coverage_report.json,stage4/results/tensorflow-thesis-all-coverage/coverage_report.json,
tensorflow,tensorflow.keras.ops.numpy.vdot,stage4_coverage,uncovered_api,Stage 4 did not cover API; valid_programs=0 bugs=0,22e2539c0f7cd8ee,stage4/results/tensorflow-thesis-all-coverage/coverage_report.json,stage4/results/tensorflow-thesis-all-coverage/coverage_report.json,
tensorflow,tensorflow.keras.ops.numpy.vdot,stage4_coverage,selected_function_line_coverage_percent=0 < 60,selected_function_line_coverage_percent=0 < 60,4e7ecf05eb83324c,,stage4/results/tensorflow-thesis-all-coverage/low_coverage.csv,
tensorflow,tensorflow.keras.ops.numpy.vdot,stage4_runtime,WorkerCrash,"Traceback (most recent call last):
  File ""<frozen runpy>"", line 198, in _run_module_as_main
  File ""<frozen runpy>"", line 88, in _run_code
  File ""/Users/aryansg/Desktop/DeepFuzz/stage4/stage4_worker.py"", line 27, in <module>
    from json2init.deepfuzz_common import (  # noqa: E402
    ...<7 lines>...
    )
  File ""/Users/aryansg/Desktop/DeepFuzz/json2init/deepfuzz_common.py"", line 321
    elif lname in {""axis"", ""dim"", ""depth"", ""k"", ""num"", ""count"", ""window_length"", ""fft_length"", ""sequence_length"", ""sequence_stride"", ""num_bits"", ""block_size"", ""kth""}:
    ^^^^
SyntaxError: invalid syntax",b42239ec846b0dce,stage4/results/tensorflow-thesis-all-coverage/execution_results/tensorflow.keras.ops.numpy.vdot.results.json,stage4/results/tensorflow-thesis-all-coverage/failure.csv,
tensorflow,tensorflow.keras.ops.numpy.view,stage4_coverage,uncovered_api,Stage 4 did not cover API; valid_programs=0 bugs=0,2ecf3bdcc977e0d9,stage4/results/tensorflow-thesis-all-coverage/coverage_report.json,stage4/results/tensorflow-thesis-all-coverage/coverage_report.json,
tensorflow,tensorflow.keras.ops.numpy.view,stage4_runtime,WorkerCrash,"Traceback (most recent call last):
  File ""<frozen runpy>"", line 198, in _run_module_as_main
  File ""<frozen runpy>"", line 88, in _run_code
  File ""/Users/aryansg/Desktop/DeepFuzz/stage4/stage4_worker.py"", line 27, in <module>
    from json2init.deepfuzz_common import (  # noqa: E402
    ...<7 lines>...
    )
  File ""/Users/aryansg/Desktop/DeepFuzz/json2init/deepfuzz_common.py"", line 321
    elif lname in {""axis"", ""dim"", ""depth"", ""k"", ""num"", ""count"", ""window_length"", ""fft_length"", ""sequence_length"", ""sequence_stride"", ""num_bits"", ""block_size"", ""kth""}:
    ^^^^
SyntaxError: invalid syntax",8a6cf65b0bc395e8,stage4/results/tensorflow-thesis-all-coverage/execution_results/tensorflow.keras.ops.numpy.view.results.json,stage4/results/tensorflow-thesis-all-coverage/failure.csv,
tensorflow,tensorflow.keras.ops.numpy.view,stage4_coverage,selected_function_line_coverage_percent=0 < 60,selected_function_line_coverage_percent=0 < 60,c314b06dc6e28f1d,,stage4/results/tensorflow-thesis-all-coverage/low_coverage.csv,
tensorflow,tensorflow.keras.ops.numpy.vstack,stage4_coverage,uncovered_api,Stage 4 did not cover API; valid_programs=0 bugs=0,0653959301cddea5,stage4/results/tensorflow-thesis-all-coverage/coverage_report.json,stage4/results/tensorflow-thesis-all-coverage/coverage_report.json,
tensorflow,tensorflow.keras.ops.numpy.vstack,stage4_coverage,selected_function_line_coverage_percent=0 < 60,selected_function_line_coverage_percent=0 < 60,ac95f495cf5014ec,,stage4/results/tensorflow-thesis-all-coverage/low_coverage.csv,
tensorflow,tensorflow.keras.ops.numpy.vstack,stage4_runtime,WorkerCrash,"Traceback (most recent call last):
  File ""<frozen runpy>"", line 198, in _run_module_as_main
  File ""<frozen runpy>"", line 88, in _run_code
  File ""/Users/aryansg/Desktop/DeepFuzz/stage4/stage4_worker.py"", line 27, in <module>
    from json2init.deepfuzz_common import (  # noqa: E402
    ...<7 lines>...
    )
  File ""/Users/aryansg/Desktop/DeepFuzz/json2init/deepfuzz_common.py"", line 321
    elif lname in {""axis"", ""dim"", ""depth"", ""k"", ""num"", ""count"", ""window_length"", ""fft_length"", ""sequence_length"", ""sequence_stride"", ""num_bits"", ""block_size"", ""kth""}:
    ^^^^
SyntaxError: invalid syntax",f24b3792b357e692,stage4/results/tensorflow-thesis-all-coverage/execution_results/tensorflow.keras.ops.numpy.vstack.results.json,stage4/results/tensorflow-thesis-all-coverage/failure.csv,
tensorflow,tensorflow.keras.ops.numpy.zeros,stage4_runtime,WorkerCrash,"Traceback (most recent call last):
  File ""<frozen runpy>"", line 198, in _run_module_as_main
  File ""<frozen runpy>"", line 88, in _run_code
  File ""/Users/aryansg/Desktop/DeepFuzz/stage4/stage4_worker.py"", line 27, in <module>
    from json2init.deepfuzz_common import (  # noqa: E402
    ...<7 lines>...
    )
  File ""/Users/aryansg/Desktop/DeepFuzz/json2init/deepfuzz_common.py"", line 321
    elif lname in {""axis"", ""dim"", ""depth"", ""k"", ""num"", ""count"", ""window_length"", ""fft_length"", ""sequence_length"", ""sequence_stride"", ""num_bits"", ""block_size"", ""kth""}:
    ^^^^
SyntaxError: invalid syntax",314021040991ddf0,stage4/results/tensorflow-thesis-all-coverage/execution_results/tensorflow.keras.ops.numpy.zeros.results.json,stage4/results/tensorflow-thesis-all-coverage/failure.csv,
tensorflow,tensorflow.keras.ops.numpy.zeros,stage4_coverage,selected_function_line_coverage_percent=0 < 60,selected_function_line_coverage_percent=0 < 60,a66e185d4fbafd24,,stage4/results/tensorflow-thesis-all-coverage/low_coverage.csv,
tensorflow,tensorflow.keras.ops.numpy.zeros,stage4_coverage,uncovered_api,Stage 4 did not cover API; valid_programs=0 bugs=0,db870cf414d83170,stage4/results/tensorflow-thesis-all-coverage/coverage_report.json,stage4/results/tensorflow-thesis-all-coverage/coverage_report.json,
tensorflow,tensorflow.keras.ops.numpy.zeros_like,stage4_coverage,selected_function_line_coverage_percent=0 < 60,selected_function_line_coverage_percent=0 < 60,4d885c44e1280ff7,,stage4/results/tensorflow-thesis-all-coverage/low_coverage.csv,
tensorflow,tensorflow.keras.ops.numpy.zeros_like,stage4_runtime,WorkerCrash,"Traceback (most recent call last):
  File ""<frozen runpy>"", line 198, in _run_module_as_main
  File ""<frozen runpy>"", line 88, in _run_code
  File ""/Users/aryansg/Desktop/DeepFuzz/stage4/stage4_worker.py"", line 27, in <module>
    from json2init.deepfuzz_common import (  # noqa: E402
    ...<7 lines>...
    )
  File ""/Users/aryansg/Desktop/DeepFuzz/json2init/deepfuzz_common.py"", line 321
    elif lname in {""axis"", ""dim"", ""depth"", ""k"", ""num"", ""count"", ""window_length"", ""fft_length"", ""sequence_length"", ""sequence_stride"", ""num_bits"", ""block_size"", ""kth""}:
    ^^^^
SyntaxError: invalid syntax",6c868c8090445664,stage4/results/tensorflow-thesis-all-coverage/execution_results/tensorflow.keras.ops.numpy.zeros_like.results.json,stage4/results/tensorflow-thesis-all-coverage/failure.csv,
tensorflow,tensorflow.keras.ops.numpy.zeros_like,stage4_coverage,uncovered_api,Stage 4 did not cover API; valid_programs=0 bugs=0,8900f32c2ed1c621,stage4/results/tensorflow-thesis-all-coverage/coverage_report.json,stage4/results/tensorflow-thesis-all-coverage/coverage_report.json,
tensorflow,tensorflow.keras.ops.ones,stage4_runtime,WorkerCrash,"Traceback (most recent call last):
  File ""<frozen runpy>"", line 198, in _run_module_as_main
  File ""<frozen runpy>"", line 88, in _run_code
  File ""/Users/aryansg/Desktop/DeepFuzz/stage4/stage4_worker.py"", line 27, in <module>
    from json2init.deepfuzz_common import (  # noqa: E402
    ...<7 lines>...
    )
  File ""/Users/aryansg/Desktop/DeepFuzz/json2init/deepfuzz_common.py"", line 321
    elif lname in {""axis"", ""dim"", ""depth"", ""k"", ""num"", ""count"", ""window_length"", ""fft_length"", ""sequence_length"", ""sequence_stride"", ""num_bits"", ""block_size"", ""kth""}:
    ^^^^
SyntaxError: invalid syntax",0e64a39832cf3024,stage4/results/tensorflow-thesis-all-coverage/execution_results/tensorflow.keras.ops.ones.results.json,stage4/results/tensorflow-thesis-all-coverage/failure.csv,
tensorflow,tensorflow.keras.ops.ones,stage4_coverage,uncovered_api,Stage 4 did not cover API; valid_programs=0 bugs=0,185121d3e33418a4,stage4/results/tensorflow-thesis-all-coverage/coverage_report.json,stage4/results/tensorflow-thesis-all-coverage/coverage_report.json,
tensorflow,tensorflow.keras.ops.ones,stage4_coverage,selected_function_line_coverage_percent=0 < 60,selected_function_line_coverage_percent=0 < 60,a42c706856c1082c,,stage4/results/tensorflow-thesis-all-coverage/low_coverage.csv,
tensorflow,tensorflow.keras.ops.ones_like,stage4_runtime,WorkerCrash,"Traceback (most recent call last):
  File ""<frozen runpy>"", line 198, in _run_module_as_main
  File ""<frozen runpy>"", line 88, in _run_code
  File ""/Users/aryansg/Desktop/DeepFuzz/stage4/stage4_worker.py"", line 27, in <module>
    from json2init.deepfuzz_common import (  # noqa: E402
    ...<7 lines>...
    )
  File ""/Users/aryansg/Desktop/DeepFuzz/json2init/deepfuzz_common.py"", line 321
    elif lname in {""axis"", ""dim"", ""depth"", ""k"", ""num"", ""count"", ""window_length"", ""fft_length"", ""sequence_length"", ""sequence_stride"", ""num_bits"", ""block_size"", ""kth""}:
    ^^^^
SyntaxError: invalid syntax",6860941d09b768b0,stage4/results/tensorflow-thesis-all-coverage/execution_results/tensorflow.keras.ops.ones_like.results.json,stage4/results/tensorflow-thesis-all-coverage/failure.csv,
tensorflow,tensorflow.keras.ops.ones_like,stage4_coverage,uncovered_api,Stage 4 did not cover API; valid_programs=0 bugs=0,8fb9bdb6e61164b0,stage4/results/tensorflow-thesis-all-coverage/coverage_report.json,stage4/results/tensorflow-thesis-all-coverage/coverage_report.json,
tensorflow,tensorflow.keras.ops.ones_like,stage4_coverage,selected_function_line_coverage_percent=0 < 60,selected_function_line_coverage_percent=0 < 60,a2d1722bbf56b249,,stage4/results/tensorflow-thesis-all-coverage/low_coverage.csv,
tensorflow,tensorflow.keras.ops.pad,stage4_coverage,selected_function_line_coverage_percent=0 < 60,selected_function_line_coverage_percent=0 < 60,036b5c10e47a7a9e,,stage4/results/tensorflow-thesis-all-coverage/low_coverage.csv,
tensorflow,tensorflow.keras.ops.pad,stage4_coverage,uncovered_api,Stage 4 did not cover API; valid_programs=0 bugs=0,4f5b9123009697cb,stage4/results/tensorflow-thesis-all-coverage/coverage_report.json,stage4/results/tensorflow-thesis-all-coverage/coverage_report.json,
tensorflow,tensorflow.keras.ops.pad,stage4_runtime,WorkerCrash,"Traceback (most recent call last):
  File ""<frozen runpy>"", line 198, in _run_module_as_main
  File ""<frozen runpy>"", line 88, in _run_code
  File ""/Users/aryansg/Desktop/DeepFuzz/stage4/stage4_worker.py"", line 27, in <module>
    from json2init.deepfuzz_common import (  # noqa: E402
    ...<7 lines>...
    )
  File ""/Users/aryansg/Desktop/DeepFuzz/json2init/deepfuzz_common.py"", line 321
    elif lname in {""axis"", ""dim"", ""depth"", ""k"", ""num"", ""count"", ""window_length"", ""fft_length"", ""sequence_length"", ""sequence_stride"", ""num_bits"", ""block_size"", ""kth""}:
    ^^^^
SyntaxError: invalid syntax",f352663d6b22caf5,stage4/results/tensorflow-thesis-all-coverage/execution_results/tensorflow.keras.ops.pad.results.json,stage4/results/tensorflow-thesis-all-coverage/failure.csv,
tensorflow,tensorflow.keras.ops.polar,stage4_coverage,uncovered_api,Stage 4 did not cover API; valid_programs=0 bugs=0,48bd4f793045348a,stage4/results/tensorflow-thesis-all-coverage/coverage_report.json,stage4/results/tensorflow-thesis-all-coverage/coverage_report.json,
tensorflow,tensorflow.keras.ops.polar,stage4_runtime,WorkerCrash,"Traceback (most recent call last):
  File ""<frozen runpy>"", line 198, in _run_module_as_main
  File ""<frozen runpy>"", line 88, in _run_code
  File ""/Users/aryansg/Desktop/DeepFuzz/stage4/stage4_worker.py"", line 27, in <module>
    from json2init.deepfuzz_common import (  # noqa: E402
    ...<7 lines>...
    )
  File ""/Users/aryansg/Desktop/DeepFuzz/json2init/deepfuzz_common.py"", line 321
    elif lname in {""axis"", ""dim"", ""depth"", ""k"", ""num"", ""count"", ""window_length"", ""fft_length"", ""sequence_length"", ""sequence_stride"", ""num_bits"", ""block_size"", ""kth""}:
    ^^^^
SyntaxError: invalid syntax",4c58c2eb48f0962e,stage4/results/tensorflow-thesis-all-coverage/execution_results/tensorflow.keras.ops.polar.results.json,stage4/results/tensorflow-thesis-all-coverage/failure.csv,
tensorflow,tensorflow.keras.ops.polar,stage4_coverage,selected_function_line_coverage_percent=0 < 60,selected_function_line_coverage_percent=0 < 60,a7194e8fe5860b74,,stage4/results/tensorflow-thesis-all-coverage/low_coverage.csv,
tensorflow,tensorflow.keras.ops.qr,stage4_coverage,selected_function_line_coverage_percent=0 < 60,selected_function_line_coverage_percent=0 < 60,27fdd977adc9245f,,stage4/results/tensorflow-thesis-all-coverage/low_coverage.csv,
tensorflow,tensorflow.keras.ops.qr,stage4_runtime,WorkerCrash,"Traceback (most recent call last):
  File ""<frozen runpy>"", line 198, in _run_module_as_main
  File ""<frozen runpy>"", line 88, in _run_code
  File ""/Users/aryansg/Desktop/DeepFuzz/stage4/stage4_worker.py"", line 27, in <module>
    from json2init.deepfuzz_common import (  # noqa: E402
    ...<7 lines>...
    )
  File ""/Users/aryansg/Desktop/DeepFuzz/json2init/deepfuzz_common.py"", line 321
    elif lname in {""axis"", ""dim"", ""depth"", ""k"", ""num"", ""count"", ""window_length"", ""fft_length"", ""sequence_length"", ""sequence_stride"", ""num_bits"", ""block_size"", ""kth""}:
    ^^^^
SyntaxError: invalid syntax",4964a5597f83ba7a,stage4/results/tensorflow-thesis-all-coverage/execution_results/tensorflow.keras.ops.qr.results.json,stage4/results/tensorflow-thesis-all-coverage/failure.csv,
tensorflow,tensorflow.keras.ops.qr,stage4_coverage,uncovered_api,Stage 4 did not cover API; valid_programs=0 bugs=0,73d36def4050b903,stage4/results/tensorflow-thesis-all-coverage/coverage_report.json,stage4/results/tensorflow-thesis-all-coverage/coverage_report.json,
tensorflow,tensorflow.keras.ops.ravel,stage4_coverage,uncovered_api,Stage 4 did not cover API; valid_programs=0 bugs=0,09fad65500d631ea,stage4/results/tensorflow-thesis-all-coverage/coverage_report.json,stage4/results/tensorflow-thesis-all-coverage/coverage_report.json,
tensorflow,tensorflow.keras.ops.ravel,stage4_runtime,WorkerCrash,"Traceback (most recent call last):
  File ""<frozen runpy>"", line 198, in _run_module_as_main
  File ""<frozen runpy>"", line 88, in _run_code
  File ""/Users/aryansg/Desktop/DeepFuzz/stage4/stage4_worker.py"", line 27, in <module>
    from json2init.deepfuzz_common import (  # noqa: E402
    ...<7 lines>...
    )
  File ""/Users/aryansg/Desktop/DeepFuzz/json2init/deepfuzz_common.py"", line 321
    elif lname in {""axis"", ""dim"", ""depth"", ""k"", ""num"", ""count"", ""window_length"", ""fft_length"", ""sequence_length"", ""sequence_stride"", ""num_bits"", ""block_size"", ""kth""}:
    ^^^^
SyntaxError: invalid syntax",af76d9b9fc7c39cf,stage4/results/tensorflow-thesis-all-coverage/execution_results/tensorflow.keras.ops.ravel.results.json,stage4/results/tensorflow-thesis-all-coverage/failure.csv,
tensorflow,tensorflow.keras.ops.ravel,stage4_coverage,selected_function_line_coverage_percent=0 < 60,selected_function_line_coverage_percent=0 < 60,da2309474baffa26,,stage4/results/tensorflow-thesis-all-coverage/low_coverage.csv,
tensorflow,tensorflow.keras.ops.real,stage4_coverage,uncovered_api,Stage 4 did not cover API; valid_programs=0 bugs=0,16553bc458a76138,stage4/results/tensorflow-thesis-all-coverage/coverage_report.json,stage4/results/tensorflow-thesis-all-coverage/coverage_report.json,
tensorflow,tensorflow.keras.ops.real,stage4_coverage,selected_function_line_coverage_percent=0 < 60,selected_function_line_coverage_percent=0 < 60,870f993a53b35734,,stage4/results/tensorflow-thesis-all-coverage/low_coverage.csv,
tensorflow,tensorflow.keras.ops.real,stage4_runtime,WorkerCrash,"Traceback (most recent call last):
  File ""<frozen runpy>"", line 198, in _run_module_as_main
  File ""<frozen runpy>"", line 88, in _run_code
  File ""/Users/aryansg/Desktop/DeepFuzz/stage4/stage4_worker.py"", line 27, in <module>
    from json2init.deepfuzz_common import (  # noqa: E402
    ...<7 lines>...
    )
  File ""/Users/aryansg/Desktop/DeepFuzz/json2init/deepfuzz_common.py"", line 321
    elif lname in {""axis"", ""dim"", ""depth"", ""k"", ""num"", ""count"", ""window_length"", ""fft_length"", ""sequence_length"", ""sequence_stride"", ""num_bits"", ""block_size"", ""kth""}:
    ^^^^
SyntaxError: invalid syntax",d149a28edba5d30a,stage4/results/tensorflow-thesis-all-coverage/execution_results/tensorflow.keras.ops.real.results.json,stage4/results/tensorflow-thesis-all-coverage/failure.csv,
tensorflow,tensorflow.keras.ops.reciprocal,stage4_coverage,uncovered_api,Stage 4 did not cover API; valid_programs=0 bugs=0,5efe5cccb19c1662,stage4/results/tensorflow-thesis-all-coverage/coverage_report.json,stage4/results/tensorflow-thesis-all-coverage/coverage_report.json,
tensorflow,tensorflow.keras.ops.reciprocal,stage4_runtime,WorkerCrash,"Traceback (most recent call last):
  File ""<frozen runpy>"", line 198, in _run_module_as_main
  File ""<frozen runpy>"", line 88, in _run_code
  File ""/Users/aryansg/Desktop/DeepFuzz/stage4/stage4_worker.py"", line 27, in <module>
    from json2init.deepfuzz_common import (  # noqa: E402
    ...<7 lines>...
    )
  File ""/Users/aryansg/Desktop/DeepFuzz/json2init/deepfuzz_common.py"", line 321
    elif lname in {""axis"", ""dim"", ""depth"", ""k"", ""num"", ""count"", ""window_length"", ""fft_length"", ""sequence_length"", ""sequence_stride"", ""num_bits"", ""block_size"", ""kth""}:
    ^^^^
SyntaxError: invalid syntax",7c20427a8847137b,stage4/results/tensorflow-thesis-all-coverage/execution_results/tensorflow.keras.ops.reciprocal.results.json,stage4/results/tensorflow-thesis-all-coverage/failure.csv,
tensorflow,tensorflow.keras.ops.reciprocal,stage4_coverage,selected_function_line_coverage_percent=0 < 60,selected_function_line_coverage_percent=0 < 60,9965e32fe41785a0,,stage4/results/tensorflow-thesis-all-coverage/low_coverage.csv,
tensorflow,tensorflow.keras.ops.relu,stage4_coverage,selected_function_line_coverage_percent=0 < 60,selected_function_line_coverage_percent=0 < 60,976975f89debf3a6,,stage4/results/tensorflow-thesis-all-coverage/low_coverage.csv,
tensorflow,tensorflow.keras.ops.relu,stage4_coverage,uncovered_api,Stage 4 did not cover API; valid_programs=0 bugs=0,c15367b1f819d2d4,stage4/results/tensorflow-thesis-all-coverage/coverage_report.json,stage4/results/tensorflow-thesis-all-coverage/coverage_report.json,
tensorflow,tensorflow.keras.ops.relu,stage4_runtime,WorkerCrash,"Traceback (most recent call last):
  File ""<frozen runpy>"", line 198, in _run_module_as_main
  File ""<frozen runpy>"", line 88, in _run_code
  File ""/Users/aryansg/Desktop/DeepFuzz/stage4/stage4_worker.py"", line 27, in <module>
    from json2init.deepfuzz_common import (  # noqa: E402
    ...<7 lines>...
    )
  File ""/Users/aryansg/Desktop/DeepFuzz/json2init/deepfuzz_common.py"", line 321
    elif lname in {""axis"", ""dim"", ""depth"", ""k"", ""num"", ""count"", ""window_length"", ""fft_length"", ""sequence_length"", ""sequence_stride"", ""num_bits"", ""block_size"", ""kth""}:
    ^^^^
SyntaxError: invalid syntax",f25a06ea0982bfbd,stage4/results/tensorflow-thesis-all-coverage/execution_results/tensorflow.keras.ops.relu.results.json,stage4/results/tensorflow-thesis-all-coverage/failure.csv,
tensorflow,tensorflow.keras.ops.relu6,stage4_runtime,WorkerCrash,"Traceback (most recent call last):
  File ""<frozen runpy>"", line 198, in _run_module_as_main
  File ""<frozen runpy>"", line 88, in _run_code
  File ""/Users/aryansg/Desktop/DeepFuzz/stage4/stage4_worker.py"", line 27, in <module>
    from json2init.deepfuzz_common import (  # noqa: E402
    ...<7 lines>...
    )
  File ""/Users/aryansg/Desktop/DeepFuzz/json2init/deepfuzz_common.py"", line 321
    elif lname in {""axis"", ""dim"", ""depth"", ""k"", ""num"", ""count"", ""window_length"", ""fft_length"", ""sequence_length"", ""sequence_stride"", ""num_bits"", ""block_size"", ""kth""}:
    ^^^^
SyntaxError: invalid syntax",3cd1227e48c4a84f,stage4/results/tensorflow-thesis-all-coverage/execution_results/tensorflow.keras.ops.relu6.results.json,stage4/results/tensorflow-thesis-all-coverage/failure.csv,
tensorflow,tensorflow.keras.ops.relu6,stage4_coverage,selected_function_line_coverage_percent=0 < 60,selected_function_line_coverage_percent=0 < 60,58b94449dd79ed74,,stage4/results/tensorflow-thesis-all-coverage/low_coverage.csv,
tensorflow,tensorflow.keras.ops.relu6,stage4_coverage,uncovered_api,Stage 4 did not cover API; valid_programs=0 bugs=0,e310d0a31a7eaa2b,stage4/results/tensorflow-thesis-all-coverage/coverage_report.json,stage4/results/tensorflow-thesis-all-coverage/coverage_report.json,
tensorflow,tensorflow.keras.ops.rfft,stage4_runtime,WorkerCrash,"Traceback (most recent call last):
  File ""<frozen runpy>"", line 198, in _run_module_as_main
  File ""<frozen runpy>"", line 88, in _run_code
  File ""/Users/aryansg/Desktop/DeepFuzz/stage4/stage4_worker.py"", line 27, in <module>
    from json2init.deepfuzz_common import (  # noqa: E402
    ...<7 lines>...
    )
  File ""/Users/aryansg/Desktop/DeepFuzz/json2init/deepfuzz_common.py"", line 321
    elif lname in {""axis"", ""dim"", ""depth"", ""k"", ""num"", ""count"", ""window_length"", ""fft_length"", ""sequence_length"", ""sequence_stride"", ""num_bits"", ""block_size"", ""kth""}:
    ^^^^
SyntaxError: invalid syntax",45b25296b5d00b1d,stage4/results/tensorflow-thesis-all-coverage/execution_results/tensorflow.keras.ops.rfft.results.json,stage4/results/tensorflow-thesis-all-coverage/failure.csv,
tensorflow,tensorflow.keras.ops.rfft,stage4_coverage,selected_function_line_coverage_percent=0 < 60,selected_function_line_coverage_percent=0 < 60,4d0ef31a37a864bd,,stage4/results/tensorflow-thesis-all-coverage/low_coverage.csv,
tensorflow,tensorflow.keras.ops.rfft,stage4_coverage,uncovered_api,Stage 4 did not cover API; valid_programs=0 bugs=0,72a3b6a7db659159,stage4/results/tensorflow-thesis-all-coverage/coverage_report.json,stage4/results/tensorflow-thesis-all-coverage/coverage_report.json,
tensorflow,tensorflow.keras.ops.right_shift,stage4_coverage,uncovered_api,Stage 4 did not cover API; valid_programs=0 bugs=0,057dde4bb63f87a8,stage4/results/tensorflow-thesis-all-coverage/coverage_report.json,stage4/results/tensorflow-thesis-all-coverage/coverage_report.json,
tensorflow,tensorflow.keras.ops.right_shift,stage4_runtime,WorkerCrash,"Traceback (most recent call last):
  File ""<frozen runpy>"", line 198, in _run_module_as_main
  File ""<frozen runpy>"", line 88, in _run_code
  File ""/Users/aryansg/Desktop/DeepFuzz/stage4/stage4_worker.py"", line 27, in <module>
    from json2init.deepfuzz_common import (  # noqa: E402
    ...<7 lines>...
    )
  File ""/Users/aryansg/Desktop/DeepFuzz/json2init/deepfuzz_common.py"", line 321
    elif lname in {""axis"", ""dim"", ""depth"", ""k"", ""num"", ""count"", ""window_length"", ""fft_length"", ""sequence_length"", ""sequence_stride"", ""num_bits"", ""block_size"", ""kth""}:
    ^^^^
SyntaxError: invalid syntax",2f1d22a9e683db66,stage4/results/tensorflow-thesis-all-coverage/execution_results/tensorflow.keras.ops.right_shift.results.json,stage4/results/tensorflow-thesis-all-coverage/failure.csv,
tensorflow,tensorflow.keras.ops.right_shift,stage4_coverage,selected_function_line_coverage_percent=0 < 60,selected_function_line_coverage_percent=0 < 60,ab87180280b6b462,,stage4/results/tensorflow-thesis-all-coverage/low_coverage.csv,
tensorflow,tensorflow.keras.ops.round,stage4_runtime,WorkerCrash,"Traceback (most recent call last):
  File ""<frozen runpy>"", line 198, in _run_module_as_main
  File ""<frozen runpy>"", line 88, in _run_code
  File ""/Users/aryansg/Desktop/DeepFuzz/stage4/stage4_worker.py"", line 27, in <module>
    from json2init.deepfuzz_common import (  # noqa: E402
    ...<7 lines>...
    )
  File ""/Users/aryansg/Desktop/DeepFuzz/json2init/deepfuzz_common.py"", line 321
    elif lname in {""axis"", ""dim"", ""depth"", ""k"", ""num"", ""count"", ""window_length"", ""fft_length"", ""sequence_length"", ""sequence_stride"", ""num_bits"", ""block_size"", ""kth""}:
    ^^^^
SyntaxError: invalid syntax",67509209623a2564,stage4/results/tensorflow-thesis-all-coverage/execution_results/tensorflow.keras.ops.round.results.json,stage4/results/tensorflow-thesis-all-coverage/failure.csv,
tensorflow,tensorflow.keras.ops.round,stage4_coverage,uncovered_api,Stage 4 did not cover API; valid_programs=0 bugs=0,dacbf0b6befee79e,stage4/results/tensorflow-thesis-all-coverage/coverage_report.json,stage4/results/tensorflow-thesis-all-coverage/coverage_report.json,
tensorflow,tensorflow.keras.ops.round,stage4_coverage,selected_function_line_coverage_percent=0 < 60,selected_function_line_coverage_percent=0 < 60,f596eff38cb2bc09,,stage4/results/tensorflow-thesis-all-coverage/low_coverage.csv,
tensorflow,tensorflow.keras.ops.rsqrt,stage4_coverage,selected_function_line_coverage_percent=0 < 60,selected_function_line_coverage_percent=0 < 60,1290f379f157232f,,stage4/results/tensorflow-thesis-all-coverage/low_coverage.csv,
tensorflow,tensorflow.keras.ops.rsqrt,stage4_coverage,uncovered_api,Stage 4 did not cover API; valid_programs=0 bugs=0,65af392f76415a3c,stage4/results/tensorflow-thesis-all-coverage/coverage_report.json,stage4/results/tensorflow-thesis-all-coverage/coverage_report.json,
tensorflow,tensorflow.keras.ops.rsqrt,stage4_runtime,WorkerCrash,"Traceback (most recent call last):
  File ""<frozen runpy>"", line 198, in _run_module_as_main
  File ""<frozen runpy>"", line 88, in _run_code
  File ""/Users/aryansg/Desktop/DeepFuzz/stage4/stage4_worker.py"", line 27, in <module>
    from json2init.deepfuzz_common import (  # noqa: E402
    ...<7 lines>...
    )
  File ""/Users/aryansg/Desktop/DeepFuzz/json2init/deepfuzz_common.py"", line 321
    elif lname in {""axis"", ""dim"", ""depth"", ""k"", ""num"", ""count"", ""window_length"", ""fft_length"", ""sequence_length"", ""sequence_stride"", ""num_bits"", ""block_size"", ""kth""}:
    ^^^^
SyntaxError: invalid syntax",74f1548e2931e25b,stage4/results/tensorflow-thesis-all-coverage/execution_results/tensorflow.keras.ops.rsqrt.results.json,stage4/results/tensorflow-thesis-all-coverage/failure.csv,
tensorflow,tensorflow.keras.ops.saturate_cast,stage4_runtime,WorkerCrash,"Traceback (most recent call last):
  File ""<frozen runpy>"", line 198, in _run_module_as_main
  File ""<frozen runpy>"", line 88, in _run_code
  File ""/Users/aryansg/Desktop/DeepFuzz/stage4/stage4_worker.py"", line 27, in <module>
    from json2init.deepfuzz_common import (  # noqa: E402
    ...<7 lines>...
    )
  File ""/Users/aryansg/Desktop/DeepFuzz/json2init/deepfuzz_common.py"", line 321
    elif lname in {""axis"", ""dim"", ""depth"", ""k"", ""num"", ""count"", ""window_length"", ""fft_length"", ""sequence_length"", ""sequence_stride"", ""num_bits"", ""block_size"", ""kth""}:
    ^^^^
SyntaxError: invalid syntax",28f7e43f519227fb,stage4/results/tensorflow-thesis-all-coverage/execution_results/tensorflow.keras.ops.saturate_cast.results.json,stage4/results/tensorflow-thesis-all-coverage/failure.csv,
tensorflow,tensorflow.keras.ops.saturate_cast,stage4_coverage,uncovered_api,Stage 4 did not cover API; valid_programs=0 bugs=0,6de4d059fb9fef2f,stage4/results/tensorflow-thesis-all-coverage/coverage_report.json,stage4/results/tensorflow-thesis-all-coverage/coverage_report.json,
tensorflow,tensorflow.keras.ops.saturate_cast,stage4_coverage,selected_function_line_coverage_percent=0 < 60,selected_function_line_coverage_percent=0 < 60,e7962de9995822ff,,stage4/results/tensorflow-thesis-all-coverage/low_coverage.csv,
tensorflow,tensorflow.keras.ops.searchsorted,stage4_coverage,uncovered_api,Stage 4 did not cover API; valid_programs=0 bugs=0,01193727417813d9,stage4/results/tensorflow-thesis-all-coverage/coverage_report.json,stage4/results/tensorflow-thesis-all-coverage/coverage_report.json,
tensorflow,tensorflow.keras.ops.searchsorted,stage4_runtime,WorkerCrash,"Traceback (most recent call last):
  File ""<frozen runpy>"", line 198, in _run_module_as_main
  File ""<frozen runpy>"", line 88, in _run_code
  File ""/Users/aryansg/Desktop/DeepFuzz/stage4/stage4_worker.py"", line 27, in <module>
    from json2init.deepfuzz_common import (  # noqa: E402
    ...<7 lines>...
    )
  File ""/Users/aryansg/Desktop/DeepFuzz/json2init/deepfuzz_common.py"", line 321
    elif lname in {""axis"", ""dim"", ""depth"", ""k"", ""num"", ""count"", ""window_length"", ""fft_length"", ""sequence_length"", ""sequence_stride"", ""num_bits"", ""block_size"", ""kth""}:
    ^^^^
SyntaxError: invalid syntax",e3eb736b350b686e,stage4/results/tensorflow-thesis-all-coverage/execution_results/tensorflow.keras.ops.searchsorted.results.json,stage4/results/tensorflow-thesis-all-coverage/failure.csv,
tensorflow,tensorflow.keras.ops.searchsorted,stage4_coverage,selected_function_line_coverage_percent=0 < 60,selected_function_line_coverage_percent=0 < 60,f1377c7c1ca6b2aa,,stage4/results/tensorflow-thesis-all-coverage/low_coverage.csv,
tensorflow,tensorflow.keras.ops.segment_max,stage4_runtime,WorkerCrash,"Traceback (most recent call last):
  File ""<frozen runpy>"", line 198, in _run_module_as_main
  File ""<frozen runpy>"", line 88, in _run_code
  File ""/Users/aryansg/Desktop/DeepFuzz/stage4/stage4_worker.py"", line 27, in <module>
    from json2init.deepfuzz_common import (  # noqa: E402
    ...<7 lines>...
    )
  File ""/Users/aryansg/Desktop/DeepFuzz/json2init/deepfuzz_common.py"", line 321
    elif lname in {""axis"", ""dim"", ""depth"", ""k"", ""num"", ""count"", ""window_length"", ""fft_length"", ""sequence_length"", ""sequence_stride"", ""num_bits"", ""block_size"", ""kth""}:
    ^^^^
SyntaxError: invalid syntax",03f0ed1c80642ca5,stage4/results/tensorflow-thesis-all-coverage/execution_results/tensorflow.keras.ops.segment_max.results.json,stage4/results/tensorflow-thesis-all-coverage/failure.csv,
tensorflow,tensorflow.keras.ops.segment_max,stage4_coverage,uncovered_api,Stage 4 did not cover API; valid_programs=0 bugs=0,2394687782b14b4d,stage4/results/tensorflow-thesis-all-coverage/coverage_report.json,stage4/results/tensorflow-thesis-all-coverage/coverage_report.json,
tensorflow,tensorflow.keras.ops.segment_max,stage4_coverage,selected_function_line_coverage_percent=0 < 60,selected_function_line_coverage_percent=0 < 60,955e44a7c2462b85,,stage4/results/tensorflow-thesis-all-coverage/low_coverage.csv,
tensorflow,tensorflow.keras.ops.segment_sum,stage4_coverage,selected_function_line_coverage_percent=0 < 60,selected_function_line_coverage_percent=0 < 60,06c85eba4ddc6ae9,,stage4/results/tensorflow-thesis-all-coverage/low_coverage.csv,
tensorflow,tensorflow.keras.ops.segment_sum,stage4_runtime,WorkerCrash,"Traceback (most recent call last):
  File ""<frozen runpy>"", line 198, in _run_module_as_main
  File ""<frozen runpy>"", line 88, in _run_code
  File ""/Users/aryansg/Desktop/DeepFuzz/stage4/stage4_worker.py"", line 27, in <module>
    from json2init.deepfuzz_common import (  # noqa: E402
    ...<7 lines>...
    )
  File ""/Users/aryansg/Desktop/DeepFuzz/json2init/deepfuzz_common.py"", line 321
    elif lname in {""axis"", ""dim"", ""depth"", ""k"", ""num"", ""count"", ""window_length"", ""fft_length"", ""sequence_length"", ""sequence_stride"", ""num_bits"", ""block_size"", ""kth""}:
    ^^^^
SyntaxError: invalid syntax",34efc69d5c276b06,stage4/results/tensorflow-thesis-all-coverage/execution_results/tensorflow.keras.ops.segment_sum.results.json,stage4/results/tensorflow-thesis-all-coverage/failure.csv,
tensorflow,tensorflow.keras.ops.segment_sum,stage4_coverage,uncovered_api,Stage 4 did not cover API; valid_programs=0 bugs=0,fe970d020a953b28,stage4/results/tensorflow-thesis-all-coverage/coverage_report.json,stage4/results/tensorflow-thesis-all-coverage/coverage_report.json,
tensorflow,tensorflow.keras.ops.selu,stage4_runtime,WorkerCrash,"Traceback (most recent call last):
  File ""<frozen runpy>"", line 198, in _run_module_as_main
  File ""<frozen runpy>"", line 88, in _run_code
  File ""/Users/aryansg/Desktop/DeepFuzz/stage4/stage4_worker.py"", line 27, in <module>
    from json2init.deepfuzz_common import (  # noqa: E402
    ...<7 lines>...
    )
  File ""/Users/aryansg/Desktop/DeepFuzz/json2init/deepfuzz_common.py"", line 321
    elif lname in {""axis"", ""dim"", ""depth"", ""k"", ""num"", ""count"", ""window_length"", ""fft_length"", ""sequence_length"", ""sequence_stride"", ""num_bits"", ""block_size"", ""kth""}:
    ^^^^
SyntaxError: invalid syntax",1a93f349b26f59d4,stage4/results/tensorflow-thesis-all-coverage/execution_results/tensorflow.keras.ops.selu.results.json,stage4/results/tensorflow-thesis-all-coverage/failure.csv,
tensorflow,tensorflow.keras.ops.selu,stage4_coverage,selected_function_line_coverage_percent=0 < 60,selected_function_line_coverage_percent=0 < 60,5d1b379bba081ef4,,stage4/results/tensorflow-thesis-all-coverage/low_coverage.csv,
tensorflow,tensorflow.keras.ops.selu,stage4_coverage,uncovered_api,Stage 4 did not cover API; valid_programs=0 bugs=0,dc5c94a57a8bf6c9,stage4/results/tensorflow-thesis-all-coverage/coverage_report.json,stage4/results/tensorflow-thesis-all-coverage/coverage_report.json,
tensorflow,tensorflow.keras.ops.sigmoid,stage4_coverage,selected_function_line_coverage_percent=0 < 60,selected_function_line_coverage_percent=0 < 60,1c9161e55020c104,,stage4/results/tensorflow-thesis-all-coverage/low_coverage.csv,
tensorflow,tensorflow.keras.ops.sigmoid,stage4_coverage,uncovered_api,Stage 4 did not cover API; valid_programs=0 bugs=0,630ec90bb5b54133,stage4/results/tensorflow-thesis-all-coverage/coverage_report.json,stage4/results/tensorflow-thesis-all-coverage/coverage_report.json,
tensorflow,tensorflow.keras.ops.sigmoid,stage4_runtime,WorkerCrash,"Traceback (most recent call last):
  File ""<frozen runpy>"", line 198, in _run_module_as_main
  File ""<frozen runpy>"", line 88, in _run_code
  File ""/Users/aryansg/Desktop/DeepFuzz/stage4/stage4_worker.py"", line 27, in <module>
    from json2init.deepfuzz_common import (  # noqa: E402
    ...<7 lines>...
    )
  File ""/Users/aryansg/Desktop/DeepFuzz/json2init/deepfuzz_common.py"", line 321
    elif lname in {""axis"", ""dim"", ""depth"", ""k"", ""num"", ""count"", ""window_length"", ""fft_length"", ""sequence_length"", ""sequence_stride"", ""num_bits"", ""block_size"", ""kth""}:
    ^^^^
SyntaxError: invalid syntax",7b7714b4f5b2ba03,stage4/results/tensorflow-thesis-all-coverage/execution_results/tensorflow.keras.ops.sigmoid.results.json,stage4/results/tensorflow-thesis-all-coverage/failure.csv,
tensorflow,tensorflow.keras.ops.sign,stage4_coverage,uncovered_api,Stage 4 did not cover API; valid_programs=0 bugs=0,5c49ecd3e04b762a,stage4/results/tensorflow-thesis-all-coverage/coverage_report.json,stage4/results/tensorflow-thesis-all-coverage/coverage_report.json,
tensorflow,tensorflow.keras.ops.sign,stage4_runtime,WorkerCrash,"Traceback (most recent call last):
  File ""<frozen runpy>"", line 198, in _run_module_as_main
  File ""<frozen runpy>"", line 88, in _run_code
  File ""/Users/aryansg/Desktop/DeepFuzz/stage4/stage4_worker.py"", line 27, in <module>
    from json2init.deepfuzz_common import (  # noqa: E402
    ...<7 lines>...
    )
  File ""/Users/aryansg/Desktop/DeepFuzz/json2init/deepfuzz_common.py"", line 321
    elif lname in {""axis"", ""dim"", ""depth"", ""k"", ""num"", ""count"", ""window_length"", ""fft_length"", ""sequence_length"", ""sequence_stride"", ""num_bits"", ""block_size"", ""kth""}:
    ^^^^
SyntaxError: invalid syntax",69101abaef7dd2ba,stage4/results/tensorflow-thesis-all-coverage/execution_results/tensorflow.keras.ops.sign.results.json,stage4/results/tensorflow-thesis-all-coverage/failure.csv,
tensorflow,tensorflow.keras.ops.sign,stage4_coverage,selected_function_line_coverage_percent=0 < 60,selected_function_line_coverage_percent=0 < 60,f0620644daaafb18,,stage4/results/tensorflow-thesis-all-coverage/low_coverage.csv,
tensorflow,tensorflow.keras.ops.signbit,stage4_coverage,uncovered_api,Stage 4 did not cover API; valid_programs=0 bugs=0,497d25e224aac94c,stage4/results/tensorflow-thesis-all-coverage/coverage_report.json,stage4/results/tensorflow-thesis-all-coverage/coverage_report.json,
tensorflow,tensorflow.keras.ops.signbit,stage4_coverage,selected_function_line_coverage_percent=0 < 60,selected_function_line_coverage_percent=0 < 60,b328153cf5603293,,stage4/results/tensorflow-thesis-all-coverage/low_coverage.csv,
tensorflow,tensorflow.keras.ops.signbit,stage4_runtime,WorkerCrash,"Traceback (most recent call last):
  File ""<frozen runpy>"", line 198, in _run_module_as_main
  File ""<frozen runpy>"", line 88, in _run_code
  File ""/Users/aryansg/Desktop/DeepFuzz/stage4/stage4_worker.py"", line 27, in <module>
    from json2init.deepfuzz_common import (  # noqa: E402
    ...<7 lines>...
    )
  File ""/Users/aryansg/Desktop/DeepFuzz/json2init/deepfuzz_common.py"", line 321
    elif lname in {""axis"", ""dim"", ""depth"", ""k"", ""num"", ""count"", ""window_length"", ""fft_length"", ""sequence_length"", ""sequence_stride"", ""num_bits"", ""block_size"", ""kth""}:
    ^^^^
SyntaxError: invalid syntax",fd12191d2cdb4ab1,stage4/results/tensorflow-thesis-all-coverage/execution_results/tensorflow.keras.ops.signbit.results.json,stage4/results/tensorflow-thesis-all-coverage/failure.csv,
tensorflow,tensorflow.keras.ops.silu,stage4_runtime,WorkerCrash,"Traceback (most recent call last):
  File ""<frozen runpy>"", line 198, in _run_module_as_main
  File ""<frozen runpy>"", line 88, in _run_code
  File ""/Users/aryansg/Desktop/DeepFuzz/stage4/stage4_worker.py"", line 27, in <module>
    from json2init.deepfuzz_common import (  # noqa: E402
    ...<7 lines>...
    )
  File ""/Users/aryansg/Desktop/DeepFuzz/json2init/deepfuzz_common.py"", line 321
    elif lname in {""axis"", ""dim"", ""depth"", ""k"", ""num"", ""count"", ""window_length"", ""fft_length"", ""sequence_length"", ""sequence_stride"", ""num_bits"", ""block_size"", ""kth""}:
    ^^^^
SyntaxError: invalid syntax",6c4d131dbd73d71c,stage4/results/tensorflow-thesis-all-coverage/execution_results/tensorflow.keras.ops.silu.results.json,stage4/results/tensorflow-thesis-all-coverage/failure.csv,
tensorflow,tensorflow.keras.ops.silu,stage4_coverage,selected_function_line_coverage_percent=0 < 60,selected_function_line_coverage_percent=0 < 60,78fe2f8b582ea39b,,stage4/results/tensorflow-thesis-all-coverage/low_coverage.csv,
tensorflow,tensorflow.keras.ops.silu,stage4_coverage,uncovered_api,Stage 4 did not cover API; valid_programs=0 bugs=0,f3fa2bf731b68142,stage4/results/tensorflow-thesis-all-coverage/coverage_report.json,stage4/results/tensorflow-thesis-all-coverage/coverage_report.json,
tensorflow,tensorflow.keras.ops.sin,stage4_runtime,WorkerCrash,"Traceback (most recent call last):
  File ""<frozen runpy>"", line 198, in _run_module_as_main
  File ""<frozen runpy>"", line 88, in _run_code
  File ""/Users/aryansg/Desktop/DeepFuzz/stage4/stage4_worker.py"", line 27, in <module>
    from json2init.deepfuzz_common import (  # noqa: E402
    ...<7 lines>...
    )
  File ""/Users/aryansg/Desktop/DeepFuzz/json2init/deepfuzz_common.py"", line 321
    elif lname in {""axis"", ""dim"", ""depth"", ""k"", ""num"", ""count"", ""window_length"", ""fft_length"", ""sequence_length"", ""sequence_stride"", ""num_bits"", ""block_size"", ""kth""}:
    ^^^^
SyntaxError: invalid syntax",115b7a01c1c5abb8,stage4/results/tensorflow-thesis-all-coverage/execution_results/tensorflow.keras.ops.sin.results.json,stage4/results/tensorflow-thesis-all-coverage/failure.csv,
tensorflow,tensorflow.keras.ops.sin,stage4_coverage,selected_function_line_coverage_percent=0 < 60,selected_function_line_coverage_percent=0 < 60,9981a1b9e3b96364,,stage4/results/tensorflow-thesis-all-coverage/low_coverage.csv,
tensorflow,tensorflow.keras.ops.sin,stage4_coverage,uncovered_api,Stage 4 did not cover API; valid_programs=0 bugs=0,ea9ec554a4db49b5,stage4/results/tensorflow-thesis-all-coverage/coverage_report.json,stage4/results/tensorflow-thesis-all-coverage/coverage_report.json,
tensorflow,tensorflow.keras.ops.sinh,stage4_coverage,selected_function_line_coverage_percent=0 < 60,selected_function_line_coverage_percent=0 < 60,15c886a3d95acb5f,,stage4/results/tensorflow-thesis-all-coverage/low_coverage.csv,
tensorflow,tensorflow.keras.ops.sinh,stage4_runtime,WorkerCrash,"Traceback (most recent call last):
  File ""<frozen runpy>"", line 198, in _run_module_as_main
  File ""<frozen runpy>"", line 88, in _run_code
  File ""/Users/aryansg/Desktop/DeepFuzz/stage4/stage4_worker.py"", line 27, in <module>
    from json2init.deepfuzz_common import (  # noqa: E402
    ...<7 lines>...
    )
  File ""/Users/aryansg/Desktop/DeepFuzz/json2init/deepfuzz_common.py"", line 321
    elif lname in {""axis"", ""dim"", ""depth"", ""k"", ""num"", ""count"", ""window_length"", ""fft_length"", ""sequence_length"", ""sequence_stride"", ""num_bits"", ""block_size"", ""kth""}:
    ^^^^
SyntaxError: invalid syntax",6d6cbc78b0236185,stage4/results/tensorflow-thesis-all-coverage/execution_results/tensorflow.keras.ops.sinh.results.json,stage4/results/tensorflow-thesis-all-coverage/failure.csv,
tensorflow,tensorflow.keras.ops.sinh,stage4_coverage,uncovered_api,Stage 4 did not cover API; valid_programs=0 bugs=0,d00794002b7f684b,stage4/results/tensorflow-thesis-all-coverage/coverage_report.json,stage4/results/tensorflow-thesis-all-coverage/coverage_report.json,
tensorflow,tensorflow.keras.ops.size,stage4_coverage,selected_function_line_coverage_percent=0 < 60,selected_function_line_coverage_percent=0 < 60,d8f3349b35d93b0c,,stage4/results/tensorflow-thesis-all-coverage/low_coverage.csv,
tensorflow,tensorflow.keras.ops.size,stage4_coverage,uncovered_api,Stage 4 did not cover API; valid_programs=0 bugs=0,f67b720786e9c7c2,stage4/results/tensorflow-thesis-all-coverage/coverage_report.json,stage4/results/tensorflow-thesis-all-coverage/coverage_report.json,
tensorflow,tensorflow.keras.ops.size,stage4_runtime,WorkerCrash,"Traceback (most recent call last):
  File ""<frozen runpy>"", line 198, in _run_module_as_main
  File ""<frozen runpy>"", line 88, in _run_code
  File ""/Users/aryansg/Desktop/DeepFuzz/stage4/stage4_worker.py"", line 27, in <module>
    from json2init.deepfuzz_common import (  # noqa: E402
    ...<7 lines>...
    )
  File ""/Users/aryansg/Desktop/DeepFuzz/json2init/deepfuzz_common.py"", line 321
    elif lname in {""axis"", ""dim"", ""depth"", ""k"", ""num"", ""count"", ""window_length"", ""fft_length"", ""sequence_length"", ""sequence_stride"", ""num_bits"", ""block_size"", ""kth""}:
    ^^^^
SyntaxError: invalid syntax",f7bf3038021f5c04,stage4/results/tensorflow-thesis-all-coverage/execution_results/tensorflow.keras.ops.size.results.json,stage4/results/tensorflow-thesis-all-coverage/failure.csv,
tensorflow,tensorflow.keras.ops.soft_shrink,stage4_runtime,WorkerCrash,"Traceback (most recent call last):
  File ""<frozen runpy>"", line 198, in _run_module_as_main
  File ""<frozen runpy>"", line 88, in _run_code
  File ""/Users/aryansg/Desktop/DeepFuzz/stage4/stage4_worker.py"", line 27, in <module>
    from json2init.deepfuzz_common import (  # noqa: E402
    ...<7 lines>...
    )
  File ""/Users/aryansg/Desktop/DeepFuzz/json2init/deepfuzz_common.py"", line 321
    elif lname in {""axis"", ""dim"", ""depth"", ""k"", ""num"", ""count"", ""window_length"", ""fft_length"", ""sequence_length"", ""sequence_stride"", ""num_bits"", ""block_size"", ""kth""}:
    ^^^^
SyntaxError: invalid syntax",0959e98d119833b7,stage4/results/tensorflow-thesis-all-coverage/execution_results/tensorflow.keras.ops.soft_shrink.results.json,stage4/results/tensorflow-thesis-all-coverage/failure.csv,
tensorflow,tensorflow.keras.ops.soft_shrink,stage4_coverage,uncovered_api,Stage 4 did not cover API; valid_programs=0 bugs=0,1e96ee317ea030c7,stage4/results/tensorflow-thesis-all-coverage/coverage_report.json,stage4/results/tensorflow-thesis-all-coverage/coverage_report.json,
tensorflow,tensorflow.keras.ops.soft_shrink,stage4_coverage,selected_function_line_coverage_percent=0 < 60,selected_function_line_coverage_percent=0 < 60,a6f292ac9ccfe374,,stage4/results/tensorflow-thesis-all-coverage/low_coverage.csv,
tensorflow,tensorflow.keras.ops.softmax,stage4_coverage,selected_function_line_coverage_percent=0 < 60,selected_function_line_coverage_percent=0 < 60,1570650a39f01cb1,,stage4/results/tensorflow-thesis-all-coverage/low_coverage.csv,
tensorflow,tensorflow.keras.ops.softmax,stage4_runtime,WorkerCrash,"Traceback (most recent call last):
  File ""<frozen runpy>"", line 198, in _run_module_as_main
  File ""<frozen runpy>"", line 88, in _run_code
  File ""/Users/aryansg/Desktop/DeepFuzz/stage4/stage4_worker.py"", line 27, in <module>
    from json2init.deepfuzz_common import (  # noqa: E402
    ...<7 lines>...
    )
  File ""/Users/aryansg/Desktop/DeepFuzz/json2init/deepfuzz_common.py"", line 321
    elif lname in {""axis"", ""dim"", ""depth"", ""k"", ""num"", ""count"", ""window_length"", ""fft_length"", ""sequence_length"", ""sequence_stride"", ""num_bits"", ""block_size"", ""kth""}:
    ^^^^
SyntaxError: invalid syntax",9fd29129e282004d,stage4/results/tensorflow-thesis-all-coverage/execution_results/tensorflow.keras.ops.softmax.results.json,stage4/results/tensorflow-thesis-all-coverage/failure.csv,
tensorflow,tensorflow.keras.ops.softmax,stage4_coverage,uncovered_api,Stage 4 did not cover API; valid_programs=0 bugs=0,e3699b2a585ee048,stage4/results/tensorflow-thesis-all-coverage/coverage_report.json,stage4/results/tensorflow-thesis-all-coverage/coverage_report.json,
tensorflow,tensorflow.keras.ops.softplus,stage4_runtime,WorkerCrash,"Traceback (most recent call last):
  File ""<frozen runpy>"", line 198, in _run_module_as_main
  File ""<frozen runpy>"", line 88, in _run_code
  File ""/Users/aryansg/Desktop/DeepFuzz/stage4/stage4_worker.py"", line 27, in <module>
    from json2init.deepfuzz_common import (  # noqa: E402
    ...<7 lines>...
    )
  File ""/Users/aryansg/Desktop/DeepFuzz/json2init/deepfuzz_common.py"", line 321
    elif lname in {""axis"", ""dim"", ""depth"", ""k"", ""num"", ""count"", ""window_length"", ""fft_length"", ""sequence_length"", ""sequence_stride"", ""num_bits"", ""block_size"", ""kth""}:
    ^^^^
SyntaxError: invalid syntax",8755e033665410ae,stage4/results/tensorflow-thesis-all-coverage/execution_results/tensorflow.keras.ops.softplus.results.json,stage4/results/tensorflow-thesis-all-coverage/failure.csv,
tensorflow,tensorflow.keras.ops.softplus,stage4_coverage,uncovered_api,Stage 4 did not cover API; valid_programs=0 bugs=0,b9fec396735df76a,stage4/results/tensorflow-thesis-all-coverage/coverage_report.json,stage4/results/tensorflow-thesis-all-coverage/coverage_report.json,
tensorflow,tensorflow.keras.ops.softplus,stage4_coverage,selected_function_line_coverage_percent=0 < 60,selected_function_line_coverage_percent=0 < 60,dce83450c56ffba2,,stage4/results/tensorflow-thesis-all-coverage/low_coverage.csv,
tensorflow,tensorflow.keras.ops.softsign,stage4_runtime,WorkerCrash,"Traceback (most recent call last):
  File ""<frozen runpy>"", line 198, in _run_module_as_main
  File ""<frozen runpy>"", line 88, in _run_code
  File ""/Users/aryansg/Desktop/DeepFuzz/stage4/stage4_worker.py"", line 27, in <module>
    from json2init.deepfuzz_common import (  # noqa: E402
    ...<7 lines>...
    )
  File ""/Users/aryansg/Desktop/DeepFuzz/json2init/deepfuzz_common.py"", line 321
    elif lname in {""axis"", ""dim"", ""depth"", ""k"", ""num"", ""count"", ""window_length"", ""fft_length"", ""sequence_length"", ""sequence_stride"", ""num_bits"", ""block_size"", ""kth""}:
    ^^^^
SyntaxError: invalid syntax",51a5e02c34c2feca,stage4/results/tensorflow-thesis-all-coverage/execution_results/tensorflow.keras.ops.softsign.results.json,stage4/results/tensorflow-thesis-all-coverage/failure.csv,
tensorflow,tensorflow.keras.ops.softsign,stage4_coverage,uncovered_api,Stage 4 did not cover API; valid_programs=0 bugs=0,acbf708cc19e8178,stage4/results/tensorflow-thesis-all-coverage/coverage_report.json,stage4/results/tensorflow-thesis-all-coverage/coverage_report.json,
tensorflow,tensorflow.keras.ops.softsign,stage4_coverage,selected_function_line_coverage_percent=0 < 60,selected_function_line_coverage_percent=0 < 60,df87920ca817214a,,stage4/results/tensorflow-thesis-all-coverage/low_coverage.csv,
tensorflow,tensorflow.keras.ops.solve,stage4_coverage,uncovered_api,Stage 4 did not cover API; valid_programs=0 bugs=0,362b9a83e9743f02,stage4/results/tensorflow-thesis-all-coverage/coverage_report.json,stage4/results/tensorflow-thesis-all-coverage/coverage_report.json,
tensorflow,tensorflow.keras.ops.solve,stage4_runtime,WorkerCrash,"Traceback (most recent call last):
  File ""<frozen runpy>"", line 198, in _run_module_as_main
  File ""<frozen runpy>"", line 88, in _run_code
  File ""/Users/aryansg/Desktop/DeepFuzz/stage4/stage4_worker.py"", line 27, in <module>
    from json2init.deepfuzz_common import (  # noqa: E402
    ...<7 lines>...
    )
  File ""/Users/aryansg/Desktop/DeepFuzz/json2init/deepfuzz_common.py"", line 321
    elif lname in {""axis"", ""dim"", ""depth"", ""k"", ""num"", ""count"", ""window_length"", ""fft_length"", ""sequence_length"", ""sequence_stride"", ""num_bits"", ""block_size"", ""kth""}:
    ^^^^
SyntaxError: invalid syntax",69768e68ba389e5f,stage4/results/tensorflow-thesis-all-coverage/execution_results/tensorflow.keras.ops.solve.results.json,stage4/results/tensorflow-thesis-all-coverage/failure.csv,
tensorflow,tensorflow.keras.ops.solve,stage4_coverage,selected_function_line_coverage_percent=0 < 60,selected_function_line_coverage_percent=0 < 60,9ee88bf3b9fd38aa,,stage4/results/tensorflow-thesis-all-coverage/low_coverage.csv,
tensorflow,tensorflow.keras.ops.solve_triangular,stage4_runtime,WorkerCrash,"Traceback (most recent call last):
  File ""<frozen runpy>"", line 198, in _run_module_as_main
  File ""<frozen runpy>"", line 88, in _run_code
  File ""/Users/aryansg/Desktop/DeepFuzz/stage4/stage4_worker.py"", line 27, in <module>
    from json2init.deepfuzz_common import (  # noqa: E402
    ...<7 lines>...
    )
  File ""/Users/aryansg/Desktop/DeepFuzz/json2init/deepfuzz_common.py"", line 321
    elif lname in {""axis"", ""dim"", ""depth"", ""k"", ""num"", ""count"", ""window_length"", ""fft_length"", ""sequence_length"", ""sequence_stride"", ""num_bits"", ""block_size"", ""kth""}:
    ^^^^
SyntaxError: invalid syntax",0eb4c32eff8681a5,stage4/results/tensorflow-thesis-all-coverage/execution_results/tensorflow.keras.ops.solve_triangular.results.json,stage4/results/tensorflow-thesis-all-coverage/failure.csv,
tensorflow,tensorflow.keras.ops.solve_triangular,stage4_coverage,selected_function_line_coverage_percent=0 < 60,selected_function_line_coverage_percent=0 < 60,643c3af9d7b4644e,,stage4/results/tensorflow-thesis-all-coverage/low_coverage.csv,
tensorflow,tensorflow.keras.ops.solve_triangular,stage4_coverage,uncovered_api,Stage 4 did not cover API; valid_programs=0 bugs=0,9071ffc9dabf03c3,stage4/results/tensorflow-thesis-all-coverage/coverage_report.json,stage4/results/tensorflow-thesis-all-coverage/coverage_report.json,
tensorflow,tensorflow.keras.ops.sort,stage4_coverage,uncovered_api,Stage 4 did not cover API; valid_programs=0 bugs=0,1b97af51e55152ba,stage4/results/tensorflow-thesis-all-coverage/coverage_report.json,stage4/results/tensorflow-thesis-all-coverage/coverage_report.json,
tensorflow,tensorflow.keras.ops.sort,stage4_coverage,selected_function_line_coverage_percent=0 < 60,selected_function_line_coverage_percent=0 < 60,8bb4663b4c2a0059,,stage4/results/tensorflow-thesis-all-coverage/low_coverage.csv,
tensorflow,tensorflow.keras.ops.sort,stage4_runtime,WorkerCrash,"Traceback (most recent call last):
  File ""<frozen runpy>"", line 198, in _run_module_as_main
  File ""<frozen runpy>"", line 88, in _run_code
  File ""/Users/aryansg/Desktop/DeepFuzz/stage4/stage4_worker.py"", line 27, in <module>
    from json2init.deepfuzz_common import (  # noqa: E402
    ...<7 lines>...
    )
  File ""/Users/aryansg/Desktop/DeepFuzz/json2init/deepfuzz_common.py"", line 321
    elif lname in {""axis"", ""dim"", ""depth"", ""k"", ""num"", ""count"", ""window_length"", ""fft_length"", ""sequence_length"", ""sequence_stride"", ""num_bits"", ""block_size"", ""kth""}:
    ^^^^
SyntaxError: invalid syntax",c162b9deba125789,stage4/results/tensorflow-thesis-all-coverage/execution_results/tensorflow.keras.ops.sort.results.json,stage4/results/tensorflow-thesis-all-coverage/failure.csv,
tensorflow,tensorflow.keras.ops.sparse_plus,stage4_coverage,selected_function_line_coverage_percent=0 < 60,selected_function_line_coverage_percent=0 < 60,35a52022ae204afc,,stage4/results/tensorflow-thesis-all-coverage/low_coverage.csv,
tensorflow,tensorflow.keras.ops.sparse_plus,stage4_runtime,WorkerCrash,"Traceback (most recent call last):
  File ""<frozen runpy>"", line 198, in _run_module_as_main
  File ""<frozen runpy>"", line 88, in _run_code
  File ""/Users/aryansg/Desktop/DeepFuzz/stage4/stage4_worker.py"", line 27, in <module>
    from json2init.deepfuzz_common import (  # noqa: E402
    ...<7 lines>...
    )
  File ""/Users/aryansg/Desktop/DeepFuzz/json2init/deepfuzz_common.py"", line 321
    elif lname in {""axis"", ""dim"", ""depth"", ""k"", ""num"", ""count"", ""window_length"", ""fft_length"", ""sequence_length"", ""sequence_stride"", ""num_bits"", ""block_size"", ""kth""}:
    ^^^^
SyntaxError: invalid syntax",699a40bee90fcd90,stage4/results/tensorflow-thesis-all-coverage/execution_results/tensorflow.keras.ops.sparse_plus.results.json,stage4/results/tensorflow-thesis-all-coverage/failure.csv,
tensorflow,tensorflow.keras.ops.sparse_plus,stage4_coverage,uncovered_api,Stage 4 did not cover API; valid_programs=0 bugs=0,a65766833aedb33b,stage4/results/tensorflow-thesis-all-coverage/coverage_report.json,stage4/results/tensorflow-thesis-all-coverage/coverage_report.json,
tensorflow,tensorflow.keras.ops.sparse_sigmoid,stage4_runtime,WorkerCrash,"Traceback (most recent call last):
  File ""<frozen runpy>"", line 198, in _run_module_as_main
  File ""<frozen runpy>"", line 88, in _run_code
  File ""/Users/aryansg/Desktop/DeepFuzz/stage4/stage4_worker.py"", line 27, in <module>
    from json2init.deepfuzz_common import (  # noqa: E402
    ...<7 lines>...
    )
  File ""/Users/aryansg/Desktop/DeepFuzz/json2init/deepfuzz_common.py"", line 321
    elif lname in {""axis"", ""dim"", ""depth"", ""k"", ""num"", ""count"", ""window_length"", ""fft_length"", ""sequence_length"", ""sequence_stride"", ""num_bits"", ""block_size"", ""kth""}:
    ^^^^
SyntaxError: invalid syntax",891cae13b0892551,stage4/results/tensorflow-thesis-all-coverage/execution_results/tensorflow.keras.ops.sparse_sigmoid.results.json,stage4/results/tensorflow-thesis-all-coverage/failure.csv,
tensorflow,tensorflow.keras.ops.sparse_sigmoid,stage4_coverage,selected_function_line_coverage_percent=0 < 60,selected_function_line_coverage_percent=0 < 60,de8350a7de726a7d,,stage4/results/tensorflow-thesis-all-coverage/low_coverage.csv,
tensorflow,tensorflow.keras.ops.sparse_sigmoid,stage4_coverage,uncovered_api,Stage 4 did not cover API; valid_programs=0 bugs=0,f182c77a215362ad,stage4/results/tensorflow-thesis-all-coverage/coverage_report.json,stage4/results/tensorflow-thesis-all-coverage/coverage_report.json,
tensorflow,tensorflow.keras.ops.sparsemax,stage4_runtime,WorkerCrash,"Traceback (most recent call last):
  File ""<frozen runpy>"", line 198, in _run_module_as_main
  File ""<frozen runpy>"", line 88, in _run_code
  File ""/Users/aryansg/Desktop/DeepFuzz/stage4/stage4_worker.py"", line 27, in <module>
    from json2init.deepfuzz_common import (  # noqa: E402
    ...<7 lines>...
    )
  File ""/Users/aryansg/Desktop/DeepFuzz/json2init/deepfuzz_common.py"", line 321
    elif lname in {""axis"", ""dim"", ""depth"", ""k"", ""num"", ""count"", ""window_length"", ""fft_length"", ""sequence_length"", ""sequence_stride"", ""num_bits"", ""block_size"", ""kth""}:
    ^^^^
SyntaxError: invalid syntax",5086e8c757aae5ad,stage4/results/tensorflow-thesis-all-coverage/execution_results/tensorflow.keras.ops.sparsemax.results.json,stage4/results/tensorflow-thesis-all-coverage/failure.csv,
tensorflow,tensorflow.keras.ops.sparsemax,stage4_coverage,selected_function_line_coverage_percent=0 < 60,selected_function_line_coverage_percent=0 < 60,73f84795265a27b2,,stage4/results/tensorflow-thesis-all-coverage/low_coverage.csv,
tensorflow,tensorflow.keras.ops.sparsemax,stage4_coverage,uncovered_api,Stage 4 did not cover API; valid_programs=0 bugs=0,9e82e1b9d9b05e56,stage4/results/tensorflow-thesis-all-coverage/coverage_report.json,stage4/results/tensorflow-thesis-all-coverage/coverage_report.json,
tensorflow,tensorflow.keras.ops.sqrt,stage4_runtime,WorkerCrash,"Traceback (most recent call last):
  File ""<frozen runpy>"", line 198, in _run_module_as_main
  File ""<frozen runpy>"", line 88, in _run_code
  File ""/Users/aryansg/Desktop/DeepFuzz/stage4/stage4_worker.py"", line 27, in <module>
    from json2init.deepfuzz_common import (  # noqa: E402
    ...<7 lines>...
    )
  File ""/Users/aryansg/Desktop/DeepFuzz/json2init/deepfuzz_common.py"", line 321
    elif lname in {""axis"", ""dim"", ""depth"", ""k"", ""num"", ""count"", ""window_length"", ""fft_length"", ""sequence_length"", ""sequence_stride"", ""num_bits"", ""block_size"", ""kth""}:
    ^^^^
SyntaxError: invalid syntax",8bb5292997c05225,stage4/results/tensorflow-thesis-all-coverage/execution_results/tensorflow.keras.ops.sqrt.results.json,stage4/results/tensorflow-thesis-all-coverage/failure.csv,
tensorflow,tensorflow.keras.ops.sqrt,stage4_coverage,uncovered_api,Stage 4 did not cover API; valid_programs=0 bugs=0,9756c80c0f345b5b,stage4/results/tensorflow-thesis-all-coverage/coverage_report.json,stage4/results/tensorflow-thesis-all-coverage/coverage_report.json,
tensorflow,tensorflow.keras.ops.sqrt,stage4_coverage,selected_function_line_coverage_percent=0 < 60,selected_function_line_coverage_percent=0 < 60,d727b17349c83323,,stage4/results/tensorflow-thesis-all-coverage/low_coverage.csv,
tensorflow,tensorflow.keras.ops.square,stage4_runtime,WorkerCrash,"Traceback (most recent call last):
  File ""<frozen runpy>"", line 198, in _run_module_as_main
  File ""<frozen runpy>"", line 88, in _run_code
  File ""/Users/aryansg/Desktop/DeepFuzz/stage4/stage4_worker.py"", line 27, in <module>
    from json2init.deepfuzz_common import (  # noqa: E402
    ...<7 lines>...
    )
  File ""/Users/aryansg/Desktop/DeepFuzz/json2init/deepfuzz_common.py"", line 321
    elif lname in {""axis"", ""dim"", ""depth"", ""k"", ""num"", ""count"", ""window_length"", ""fft_length"", ""sequence_length"", ""sequence_stride"", ""num_bits"", ""block_size"", ""kth""}:
    ^^^^
SyntaxError: invalid syntax",60b8354ca8c58052,stage4/results/tensorflow-thesis-all-coverage/execution_results/tensorflow.keras.ops.square.results.json,stage4/results/tensorflow-thesis-all-coverage/failure.csv,
tensorflow,tensorflow.keras.ops.square,stage4_coverage,uncovered_api,Stage 4 did not cover API; valid_programs=0 bugs=0,8c3e0cc516a06ac3,stage4/results/tensorflow-thesis-all-coverage/coverage_report.json,stage4/results/tensorflow-thesis-all-coverage/coverage_report.json,
tensorflow,tensorflow.keras.ops.square,stage4_coverage,selected_function_line_coverage_percent=0 < 60,selected_function_line_coverage_percent=0 < 60,f81b24a972204e61,,stage4/results/tensorflow-thesis-all-coverage/low_coverage.csv,
tensorflow,tensorflow.keras.ops.squareplus,stage4_runtime,WorkerCrash,"Traceback (most recent call last):
  File ""<frozen runpy>"", line 198, in _run_module_as_main
  File ""<frozen runpy>"", line 88, in _run_code
  File ""/Users/aryansg/Desktop/DeepFuzz/stage4/stage4_worker.py"", line 27, in <module>
    from json2init.deepfuzz_common import (  # noqa: E402
    ...<7 lines>...
    )
  File ""/Users/aryansg/Desktop/DeepFuzz/json2init/deepfuzz_common.py"", line 321
    elif lname in {""axis"", ""dim"", ""depth"", ""k"", ""num"", ""count"", ""window_length"", ""fft_length"", ""sequence_length"", ""sequence_stride"", ""num_bits"", ""block_size"", ""kth""}:
    ^^^^
SyntaxError: invalid syntax",243b300db60e42ca,stage4/results/tensorflow-thesis-all-coverage/execution_results/tensorflow.keras.ops.squareplus.results.json,stage4/results/tensorflow-thesis-all-coverage/failure.csv,
tensorflow,tensorflow.keras.ops.squareplus,stage4_coverage,selected_function_line_coverage_percent=0 < 60,selected_function_line_coverage_percent=0 < 60,9b6d5616c69c8837,,stage4/results/tensorflow-thesis-all-coverage/low_coverage.csv,
tensorflow,tensorflow.keras.ops.squareplus,stage4_coverage,uncovered_api,Stage 4 did not cover API; valid_programs=0 bugs=0,e0126377c89a6200,stage4/results/tensorflow-thesis-all-coverage/coverage_report.json,stage4/results/tensorflow-thesis-all-coverage/coverage_report.json,
tensorflow,tensorflow.keras.ops.squeeze,stage4_coverage,selected_function_line_coverage_percent=0 < 60,selected_function_line_coverage_percent=0 < 60,aeb2911b15ab97f7,,stage4/results/tensorflow-thesis-all-coverage/low_coverage.csv,
tensorflow,tensorflow.keras.ops.squeeze,stage4_coverage,uncovered_api,Stage 4 did not cover API; valid_programs=0 bugs=0,d74b5f73252da0e9,stage4/results/tensorflow-thesis-all-coverage/coverage_report.json,stage4/results/tensorflow-thesis-all-coverage/coverage_report.json,
tensorflow,tensorflow.keras.ops.squeeze,stage4_runtime,WorkerCrash,"Traceback (most recent call last):
  File ""<frozen runpy>"", line 198, in _run_module_as_main
  File ""<frozen runpy>"", line 88, in _run_code
  File ""/Users/aryansg/Desktop/DeepFuzz/stage4/stage4_worker.py"", line 27, in <module>
    from json2init.deepfuzz_common import (  # noqa: E402
    ...<7 lines>...
    )
  File ""/Users/aryansg/Desktop/DeepFuzz/json2init/deepfuzz_common.py"", line 321
    elif lname in {""axis"", ""dim"", ""depth"", ""k"", ""num"", ""count"", ""window_length"", ""fft_length"", ""sequence_length"", ""sequence_stride"", ""num_bits"", ""block_size"", ""kth""}:
    ^^^^
SyntaxError: invalid syntax",e0ced5808999a432,stage4/results/tensorflow-thesis-all-coverage/execution_results/tensorflow.keras.ops.squeeze.results.json,stage4/results/tensorflow-thesis-all-coverage/failure.csv,
tensorflow,tensorflow.keras.ops.stack,stage4_runtime,WorkerCrash,"Traceback (most recent call last):
  File ""<frozen runpy>"", line 198, in _run_module_as_main
  File ""<frozen runpy>"", line 88, in _run_code
  File ""/Users/aryansg/Desktop/DeepFuzz/stage4/stage4_worker.py"", line 27, in <module>
    from json2init.deepfuzz_common import (  # noqa: E402
    ...<7 lines>...
    )
  File ""/Users/aryansg/Desktop/DeepFuzz/json2init/deepfuzz_common.py"", line 321
    elif lname in {""axis"", ""dim"", ""depth"", ""k"", ""num"", ""count"", ""window_length"", ""fft_length"", ""sequence_length"", ""sequence_stride"", ""num_bits"", ""block_size"", ""kth""}:
    ^^^^
SyntaxError: invalid syntax",ae42f0e4dc7eb10f,stage4/results/tensorflow-thesis-all-coverage/execution_results/tensorflow.keras.ops.stack.results.json,stage4/results/tensorflow-thesis-all-coverage/failure.csv,
tensorflow,tensorflow.keras.ops.stack,stage4_coverage,selected_function_line_coverage_percent=0 < 60,selected_function_line_coverage_percent=0 < 60,cc49a077de83652d,,stage4/results/tensorflow-thesis-all-coverage/low_coverage.csv,
tensorflow,tensorflow.keras.ops.stack,stage4_coverage,uncovered_api,Stage 4 did not cover API; valid_programs=0 bugs=0,e54fc800b6689db9,stage4/results/tensorflow-thesis-all-coverage/coverage_report.json,stage4/results/tensorflow-thesis-all-coverage/coverage_report.json,
tensorflow,tensorflow.keras.ops.std,stage4_coverage,uncovered_api,Stage 4 did not cover API; valid_programs=0 bugs=0,1c04ba71e6cbef54,stage4/results/tensorflow-thesis-all-coverage/coverage_report.json,stage4/results/tensorflow-thesis-all-coverage/coverage_report.json,
tensorflow,tensorflow.keras.ops.std,stage4_coverage,selected_function_line_coverage_percent=0 < 60,selected_function_line_coverage_percent=0 < 60,c74d8d94d067c006,,stage4/results/tensorflow-thesis-all-coverage/low_coverage.csv,
tensorflow,tensorflow.keras.ops.std,stage4_runtime,WorkerCrash,"Traceback (most recent call last):
  File ""<frozen runpy>"", line 198, in _run_module_as_main
  File ""<frozen runpy>"", line 88, in _run_code
  File ""/Users/aryansg/Desktop/DeepFuzz/stage4/stage4_worker.py"", line 27, in <module>
    from json2init.deepfuzz_common import (  # noqa: E402
    ...<7 lines>...
    )
  File ""/Users/aryansg/Desktop/DeepFuzz/json2init/deepfuzz_common.py"", line 321
    elif lname in {""axis"", ""dim"", ""depth"", ""k"", ""num"", ""count"", ""window_length"", ""fft_length"", ""sequence_length"", ""sequence_stride"", ""num_bits"", ""block_size"", ""kth""}:
    ^^^^
SyntaxError: invalid syntax",d7d9601366691db7,stage4/results/tensorflow-thesis-all-coverage/execution_results/tensorflow.keras.ops.std.results.json,stage4/results/tensorflow-thesis-all-coverage/failure.csv,
tensorflow,tensorflow.keras.ops.stft,stage4_runtime,WorkerCrash,"Traceback (most recent call last):
  File ""<frozen runpy>"", line 198, in _run_module_as_main
  File ""<frozen runpy>"", line 88, in _run_code
  File ""/Users/aryansg/Desktop/DeepFuzz/stage4/stage4_worker.py"", line 27, in <module>
    from json2init.deepfuzz_common import (  # noqa: E402
    ...<7 lines>...
    )
  File ""/Users/aryansg/Desktop/DeepFuzz/json2init/deepfuzz_common.py"", line 321
    elif lname in {""axis"", ""dim"", ""depth"", ""k"", ""num"", ""count"", ""window_length"", ""fft_length"", ""sequence_length"", ""sequence_stride"", ""num_bits"", ""block_size"", ""kth""}:
    ^^^^
SyntaxError: invalid syntax",1a2e917be9e5c83d,stage4/results/tensorflow-thesis-all-coverage/execution_results/tensorflow.keras.ops.stft.results.json,stage4/results/tensorflow-thesis-all-coverage/failure.csv,
tensorflow,tensorflow.keras.ops.stft,stage4_coverage,selected_function_line_coverage_percent=0 < 60,selected_function_line_coverage_percent=0 < 60,d71c013bdc92cf98,,stage4/results/tensorflow-thesis-all-coverage/low_coverage.csv,
tensorflow,tensorflow.keras.ops.stft,stage4_coverage,uncovered_api,Stage 4 did not cover API; valid_programs=0 bugs=0,efbb55069ec0615c,stage4/results/tensorflow-thesis-all-coverage/coverage_report.json,stage4/results/tensorflow-thesis-all-coverage/coverage_report.json,
tensorflow,tensorflow.keras.ops.subtract,stage4_coverage,uncovered_api,Stage 4 did not cover API; valid_programs=0 bugs=0,0c2f25b9ca791db2,stage4/results/tensorflow-thesis-all-coverage/coverage_report.json,stage4/results/tensorflow-thesis-all-coverage/coverage_report.json,
tensorflow,tensorflow.keras.ops.subtract,stage4_runtime,WorkerCrash,"Traceback (most recent call last):
  File ""<frozen runpy>"", line 198, in _run_module_as_main
  File ""<frozen runpy>"", line 88, in _run_code
  File ""/Users/aryansg/Desktop/DeepFuzz/stage4/stage4_worker.py"", line 27, in <module>
    from json2init.deepfuzz_common import (  # noqa: E402
    ...<7 lines>...
    )
  File ""/Users/aryansg/Desktop/DeepFuzz/json2init/deepfuzz_common.py"", line 321
    elif lname in {""axis"", ""dim"", ""depth"", ""k"", ""num"", ""count"", ""window_length"", ""fft_length"", ""sequence_length"", ""sequence_stride"", ""num_bits"", ""block_size"", ""kth""}:
    ^^^^
SyntaxError: invalid syntax",69620ab14613b6c2,stage4/results/tensorflow-thesis-all-coverage/execution_results/tensorflow.keras.ops.subtract.results.json,stage4/results/tensorflow-thesis-all-coverage/failure.csv,
tensorflow,tensorflow.keras.ops.subtract,stage4_coverage,selected_function_line_coverage_percent=0 < 60,selected_function_line_coverage_percent=0 < 60,91777eccadcf5756,,stage4/results/tensorflow-thesis-all-coverage/low_coverage.csv,
tensorflow,tensorflow.keras.ops.sum,stage4_runtime,WorkerCrash,"Traceback (most recent call last):
  File ""<frozen runpy>"", line 198, in _run_module_as_main
  File ""<frozen runpy>"", line 88, in _run_code
  File ""/Users/aryansg/Desktop/DeepFuzz/stage4/stage4_worker.py"", line 27, in <module>
    from json2init.deepfuzz_common import (  # noqa: E402
    ...<7 lines>...
    )
  File ""/Users/aryansg/Desktop/DeepFuzz/json2init/deepfuzz_common.py"", line 321
    elif lname in {""axis"", ""dim"", ""depth"", ""k"", ""num"", ""count"", ""window_length"", ""fft_length"", ""sequence_length"", ""sequence_stride"", ""num_bits"", ""block_size"", ""kth""}:
    ^^^^
SyntaxError: invalid syntax",2b004b1556f6654e,stage4/results/tensorflow-thesis-all-coverage/execution_results/tensorflow.keras.ops.sum.results.json,stage4/results/tensorflow-thesis-all-coverage/failure.csv,
tensorflow,tensorflow.keras.ops.sum,stage4_coverage,selected_function_line_coverage_percent=0 < 60,selected_function_line_coverage_percent=0 < 60,4ba949eab755fbd1,,stage4/results/tensorflow-thesis-all-coverage/low_coverage.csv,
tensorflow,tensorflow.keras.ops.sum,stage4_coverage,uncovered_api,Stage 4 did not cover API; valid_programs=0 bugs=0,ae2f7c40fdb76ae6,stage4/results/tensorflow-thesis-all-coverage/coverage_report.json,stage4/results/tensorflow-thesis-all-coverage/coverage_report.json,
tensorflow,tensorflow.keras.ops.svd,stage4_coverage,selected_function_line_coverage_percent=0 < 60,selected_function_line_coverage_percent=0 < 60,391f9826bb516bad,,stage4/results/tensorflow-thesis-all-coverage/low_coverage.csv,
tensorflow,tensorflow.keras.ops.svd,stage4_runtime,WorkerCrash,"Traceback (most recent call last):
  File ""<frozen runpy>"", line 198, in _run_module_as_main
  File ""<frozen runpy>"", line 88, in _run_code
  File ""/Users/aryansg/Desktop/DeepFuzz/stage4/stage4_worker.py"", line 27, in <module>
    from json2init.deepfuzz_common import (  # noqa: E402
    ...<7 lines>...
    )
  File ""/Users/aryansg/Desktop/DeepFuzz/json2init/deepfuzz_common.py"", line 321
    elif lname in {""axis"", ""dim"", ""depth"", ""k"", ""num"", ""count"", ""window_length"", ""fft_length"", ""sequence_length"", ""sequence_stride"", ""num_bits"", ""block_size"", ""kth""}:
    ^^^^
SyntaxError: invalid syntax",be51abecf497a19f,stage4/results/tensorflow-thesis-all-coverage/execution_results/tensorflow.keras.ops.svd.results.json,stage4/results/tensorflow-thesis-all-coverage/failure.csv,
tensorflow,tensorflow.keras.ops.svd,stage4_coverage,uncovered_api,Stage 4 did not cover API; valid_programs=0 bugs=0,e5fd2658e4765651,stage4/results/tensorflow-thesis-all-coverage/coverage_report.json,stage4/results/tensorflow-thesis-all-coverage/coverage_report.json,
tensorflow,tensorflow.keras.ops.swish,stage4_coverage,selected_function_line_coverage_percent=0 < 60,selected_function_line_coverage_percent=0 < 60,23738913a788c267,,stage4/results/tensorflow-thesis-all-coverage/low_coverage.csv,
tensorflow,tensorflow.keras.ops.swish,stage4_coverage,uncovered_api,Stage 4 did not cover API; valid_programs=0 bugs=0,36a2310af68bf592,stage4/results/tensorflow-thesis-all-coverage/coverage_report.json,stage4/results/tensorflow-thesis-all-coverage/coverage_report.json,
tensorflow,tensorflow.keras.ops.swish,stage4_runtime,WorkerCrash,"Traceback (most recent call last):
  File ""<frozen runpy>"", line 198, in _run_module_as_main
  File ""<frozen runpy>"", line 88, in _run_code
  File ""/Users/aryansg/Desktop/DeepFuzz/stage4/stage4_worker.py"", line 27, in <module>
    from json2init.deepfuzz_common import (  # noqa: E402
    ...<7 lines>...
    )
  File ""/Users/aryansg/Desktop/DeepFuzz/json2init/deepfuzz_common.py"", line 321
    elif lname in {""axis"", ""dim"", ""depth"", ""k"", ""num"", ""count"", ""window_length"", ""fft_length"", ""sequence_length"", ""sequence_stride"", ""num_bits"", ""block_size"", ""kth""}:
    ^^^^
SyntaxError: invalid syntax",c5237993bfbee291,stage4/results/tensorflow-thesis-all-coverage/execution_results/tensorflow.keras.ops.swish.results.json,stage4/results/tensorflow-thesis-all-coverage/failure.csv,
tensorflow,tensorflow.keras.ops.tan,stage4_runtime,WorkerCrash,"Traceback (most recent call last):
  File ""<frozen runpy>"", line 198, in _run_module_as_main
  File ""<frozen runpy>"", line 88, in _run_code
  File ""/Users/aryansg/Desktop/DeepFuzz/stage4/stage4_worker.py"", line 27, in <module>
    from json2init.deepfuzz_common import (  # noqa: E402
    ...<7 lines>...
    )
  File ""/Users/aryansg/Desktop/DeepFuzz/json2init/deepfuzz_common.py"", line 321
    elif lname in {""axis"", ""dim"", ""depth"", ""k"", ""num"", ""count"", ""window_length"", ""fft_length"", ""sequence_length"", ""sequence_stride"", ""num_bits"", ""block_size"", ""kth""}:
    ^^^^
SyntaxError: invalid syntax",045d75b4d1b80508,stage4/results/tensorflow-thesis-all-coverage/execution_results/tensorflow.keras.ops.tan.results.json,stage4/results/tensorflow-thesis-all-coverage/failure.csv,
tensorflow,tensorflow.keras.ops.tan,stage4_coverage,uncovered_api,Stage 4 did not cover API; valid_programs=0 bugs=0,09b5dbbf6014bfa7,stage4/results/tensorflow-thesis-all-coverage/coverage_report.json,stage4/results/tensorflow-thesis-all-coverage/coverage_report.json,
tensorflow,tensorflow.keras.ops.tan,stage4_coverage,selected_function_line_coverage_percent=0 < 60,selected_function_line_coverage_percent=0 < 60,fb70cda5ece821d6,,stage4/results/tensorflow-thesis-all-coverage/low_coverage.csv,
tensorflow,tensorflow.keras.ops.tanh,stage4_coverage,selected_function_line_coverage_percent=0 < 60,selected_function_line_coverage_percent=0 < 60,2505b98349ab8c4c,,stage4/results/tensorflow-thesis-all-coverage/low_coverage.csv,
tensorflow,tensorflow.keras.ops.tanh,stage4_coverage,uncovered_api,Stage 4 did not cover API; valid_programs=0 bugs=0,79113d7cbf48fd80,stage4/results/tensorflow-thesis-all-coverage/coverage_report.json,stage4/results/tensorflow-thesis-all-coverage/coverage_report.json,
tensorflow,tensorflow.keras.ops.tanh,stage4_runtime,WorkerCrash,"Traceback (most recent call last):
  File ""<frozen runpy>"", line 198, in _run_module_as_main
  File ""<frozen runpy>"", line 88, in _run_code
  File ""/Users/aryansg/Desktop/DeepFuzz/stage4/stage4_worker.py"", line 27, in <module>
    from json2init.deepfuzz_common import (  # noqa: E402
    ...<7 lines>...
    )
  File ""/Users/aryansg/Desktop/DeepFuzz/json2init/deepfuzz_common.py"", line 321
    elif lname in {""axis"", ""dim"", ""depth"", ""k"", ""num"", ""count"", ""window_length"", ""fft_length"", ""sequence_length"", ""sequence_stride"", ""num_bits"", ""block_size"", ""kth""}:
    ^^^^
SyntaxError: invalid syntax",dc5bf2c5221a8039,stage4/results/tensorflow-thesis-all-coverage/execution_results/tensorflow.keras.ops.tanh.results.json,stage4/results/tensorflow-thesis-all-coverage/failure.csv,
tensorflow,tensorflow.keras.ops.tanh_shrink,stage4_coverage,uncovered_api,Stage 4 did not cover API; valid_programs=0 bugs=0,81cf4d96a32ad941,stage4/results/tensorflow-thesis-all-coverage/coverage_report.json,stage4/results/tensorflow-thesis-all-coverage/coverage_report.json,
tensorflow,tensorflow.keras.ops.tanh_shrink,stage4_coverage,selected_function_line_coverage_percent=0 < 60,selected_function_line_coverage_percent=0 < 60,92e49f81e52d634f,,stage4/results/tensorflow-thesis-all-coverage/low_coverage.csv,
tensorflow,tensorflow.keras.ops.tanh_shrink,stage4_runtime,WorkerCrash,"Traceback (most recent call last):
  File ""<frozen runpy>"", line 198, in _run_module_as_main
  File ""<frozen runpy>"", line 88, in _run_code
  File ""/Users/aryansg/Desktop/DeepFuzz/stage4/stage4_worker.py"", line 27, in <module>
    from json2init.deepfuzz_common import (  # noqa: E402
    ...<7 lines>...
    )
  File ""/Users/aryansg/Desktop/DeepFuzz/json2init/deepfuzz_common.py"", line 321
    elif lname in {""axis"", ""dim"", ""depth"", ""k"", ""num"", ""count"", ""window_length"", ""fft_length"", ""sequence_length"", ""sequence_stride"", ""num_bits"", ""block_size"", ""kth""}:
    ^^^^
SyntaxError: invalid syntax",c5af7fc6b2e9ee62,stage4/results/tensorflow-thesis-all-coverage/execution_results/tensorflow.keras.ops.tanh_shrink.results.json,stage4/results/tensorflow-thesis-all-coverage/failure.csv,
tensorflow,tensorflow.keras.ops.trunc,stage4_coverage,selected_function_line_coverage_percent=0 < 60,selected_function_line_coverage_percent=0 < 60,3991528e86d9533d,,stage4/results/tensorflow-thesis-all-coverage/low_coverage.csv,
tensorflow,tensorflow.keras.ops.trunc,stage4_coverage,uncovered_api,Stage 4 did not cover API; valid_programs=0 bugs=0,cd4c59cf189ab5c2,stage4/results/tensorflow-thesis-all-coverage/coverage_report.json,stage4/results/tensorflow-thesis-all-coverage/coverage_report.json,
tensorflow,tensorflow.keras.ops.trunc,stage4_runtime,WorkerCrash,"Traceback (most recent call last):
  File ""<frozen runpy>"", line 198, in _run_module_as_main
  File ""<frozen runpy>"", line 88, in _run_code
  File ""/Users/aryansg/Desktop/DeepFuzz/stage4/stage4_worker.py"", line 27, in <module>
    from json2init.deepfuzz_common import (  # noqa: E402
    ...<7 lines>...
    )
  File ""/Users/aryansg/Desktop/DeepFuzz/json2init/deepfuzz_common.py"", line 321
    elif lname in {""axis"", ""dim"", ""depth"", ""k"", ""num"", ""count"", ""window_length"", ""fft_length"", ""sequence_length"", ""sequence_stride"", ""num_bits"", ""block_size"", ""kth""}:
    ^^^^
SyntaxError: invalid syntax",e0fc77c3b04bc8fb,stage4/results/tensorflow-thesis-all-coverage/execution_results/tensorflow.keras.ops.trunc.results.json,stage4/results/tensorflow-thesis-all-coverage/failure.csv,
tensorflow,tensorflow.keras.ops.unfold,stage4_coverage,uncovered_api,Stage 4 did not cover API; valid_programs=0 bugs=0,2a9c5f6082a78b78,stage4/results/tensorflow-thesis-all-coverage/coverage_report.json,stage4/results/tensorflow-thesis-all-coverage/coverage_report.json,
tensorflow,tensorflow.keras.ops.unfold,stage4_coverage,selected_function_line_coverage_percent=0 < 60,selected_function_line_coverage_percent=0 < 60,bbc348c1dcc71c24,,stage4/results/tensorflow-thesis-all-coverage/low_coverage.csv,
tensorflow,tensorflow.keras.ops.unfold,stage4_runtime,WorkerCrash,"Traceback (most recent call last):
  File ""<frozen runpy>"", line 198, in _run_module_as_main
  File ""<frozen runpy>"", line 88, in _run_code
  File ""/Users/aryansg/Desktop/DeepFuzz/stage4/stage4_worker.py"", line 27, in <module>
    from json2init.deepfuzz_common import (  # noqa: E402
    ...<7 lines>...
    )
  File ""/Users/aryansg/Desktop/DeepFuzz/json2init/deepfuzz_common.py"", line 321
    elif lname in {""axis"", ""dim"", ""depth"", ""k"", ""num"", ""count"", ""window_length"", ""fft_length"", ""sequence_length"", ""sequence_stride"", ""num_bits"", ""block_size"", ""kth""}:
    ^^^^
SyntaxError: invalid syntax",c036bf89700c8705,stage4/results/tensorflow-thesis-all-coverage/execution_results/tensorflow.keras.ops.unfold.results.json,stage4/results/tensorflow-thesis-all-coverage/failure.csv,
tensorflow,tensorflow.keras.ops.unravel_index,stage4_runtime,WorkerCrash,"Traceback (most recent call last):
  File ""<frozen runpy>"", line 198, in _run_module_as_main
  File ""<frozen runpy>"", line 88, in _run_code
  File ""/Users/aryansg/Desktop/DeepFuzz/stage4/stage4_worker.py"", line 27, in <module>
    from json2init.deepfuzz_common import (  # noqa: E402
    ...<7 lines>...
    )
  File ""/Users/aryansg/Desktop/DeepFuzz/json2init/deepfuzz_common.py"", line 321
    elif lname in {""axis"", ""dim"", ""depth"", ""k"", ""num"", ""count"", ""window_length"", ""fft_length"", ""sequence_length"", ""sequence_stride"", ""num_bits"", ""block_size"", ""kth""}:
    ^^^^
SyntaxError: invalid syntax",2e22b119c131edce,stage4/results/tensorflow-thesis-all-coverage/execution_results/tensorflow.keras.ops.unravel_index.results.json,stage4/results/tensorflow-thesis-all-coverage/failure.csv,
tensorflow,tensorflow.keras.ops.unravel_index,stage4_coverage,selected_function_line_coverage_percent=0 < 60,selected_function_line_coverage_percent=0 < 60,4db305e6db4dadab,,stage4/results/tensorflow-thesis-all-coverage/low_coverage.csv,
tensorflow,tensorflow.keras.ops.unravel_index,stage4_coverage,uncovered_api,Stage 4 did not cover API; valid_programs=0 bugs=0,6494335bedaea0b6,stage4/results/tensorflow-thesis-all-coverage/coverage_report.json,stage4/results/tensorflow-thesis-all-coverage/coverage_report.json,
tensorflow,tensorflow.keras.ops.unstack,stage4_coverage,uncovered_api,Stage 4 did not cover API; valid_programs=0 bugs=0,16f42b889773f8ef,stage4/results/tensorflow-thesis-all-coverage/coverage_report.json,stage4/results/tensorflow-thesis-all-coverage/coverage_report.json,
tensorflow,tensorflow.keras.ops.unstack,stage4_runtime,WorkerCrash,"Traceback (most recent call last):
  File ""<frozen runpy>"", line 198, in _run_module_as_main
  File ""<frozen runpy>"", line 88, in _run_code
  File ""/Users/aryansg/Desktop/DeepFuzz/stage4/stage4_worker.py"", line 27, in <module>
    from json2init.deepfuzz_common import (  # noqa: E402
    ...<7 lines>...
    )
  File ""/Users/aryansg/Desktop/DeepFuzz/json2init/deepfuzz_common.py"", line 321
    elif lname in {""axis"", ""dim"", ""depth"", ""k"", ""num"", ""count"", ""window_length"", ""fft_length"", ""sequence_length"", ""sequence_stride"", ""num_bits"", ""block_size"", ""kth""}:
    ^^^^
SyntaxError: invalid syntax",28d20ba312514333,stage4/results/tensorflow-thesis-all-coverage/execution_results/tensorflow.keras.ops.unstack.results.json,stage4/results/tensorflow-thesis-all-coverage/failure.csv,
tensorflow,tensorflow.keras.ops.unstack,stage4_coverage,selected_function_line_coverage_percent=0 < 60,selected_function_line_coverage_percent=0 < 60,c4e5af87bb3e58d8,,stage4/results/tensorflow-thesis-all-coverage/low_coverage.csv,
tensorflow,tensorflow.keras.ops.var,stage4_coverage,uncovered_api,Stage 4 did not cover API; valid_programs=0 bugs=0,63537f2a738630f3,stage4/results/tensorflow-thesis-all-coverage/coverage_report.json,stage4/results/tensorflow-thesis-all-coverage/coverage_report.json,
tensorflow,tensorflow.keras.ops.var,stage4_runtime,WorkerCrash,"Traceback (most recent call last):
  File ""<frozen runpy>"", line 198, in _run_module_as_main
  File ""<frozen runpy>"", line 88, in _run_code
  File ""/Users/aryansg/Desktop/DeepFuzz/stage4/stage4_worker.py"", line 27, in <module>
    from json2init.deepfuzz_common import (  # noqa: E402
    ...<7 lines>...
    )
  File ""/Users/aryansg/Desktop/DeepFuzz/json2init/deepfuzz_common.py"", line 321
    elif lname in {""axis"", ""dim"", ""depth"", ""k"", ""num"", ""count"", ""window_length"", ""fft_length"", ""sequence_length"", ""sequence_stride"", ""num_bits"", ""block_size"", ""kth""}:
    ^^^^
SyntaxError: invalid syntax",d95defd2e08c3804,stage4/results/tensorflow-thesis-all-coverage/execution_results/tensorflow.keras.ops.var.results.json,stage4/results/tensorflow-thesis-all-coverage/failure.csv,
tensorflow,tensorflow.keras.ops.var,stage4_coverage,selected_function_line_coverage_percent=0 < 60,selected_function_line_coverage_percent=0 < 60,fcb13cc5ceed18d0,,stage4/results/tensorflow-thesis-all-coverage/low_coverage.csv,
tensorflow,tensorflow.keras.ops.vdot,stage4_runtime,WorkerCrash,"Traceback (most recent call last):
  File ""<frozen runpy>"", line 198, in _run_module_as_main
  File ""<frozen runpy>"", line 88, in _run_code
  File ""/Users/aryansg/Desktop/DeepFuzz/stage4/stage4_worker.py"", line 27, in <module>
    from json2init.deepfuzz_common import (  # noqa: E402
    ...<7 lines>...
    )
  File ""/Users/aryansg/Desktop/DeepFuzz/json2init/deepfuzz_common.py"", line 321
    elif lname in {""axis"", ""dim"", ""depth"", ""k"", ""num"", ""count"", ""window_length"", ""fft_length"", ""sequence_length"", ""sequence_stride"", ""num_bits"", ""block_size"", ""kth""}:
    ^^^^
SyntaxError: invalid syntax",42d09db91b5e793c,stage4/results/tensorflow-thesis-all-coverage/execution_results/tensorflow.keras.ops.vdot.results.json,stage4/results/tensorflow-thesis-all-coverage/failure.csv,
tensorflow,tensorflow.keras.ops.vdot,stage4_coverage,uncovered_api,Stage 4 did not cover API; valid_programs=0 bugs=0,8e41188b30d61baa,stage4/results/tensorflow-thesis-all-coverage/coverage_report.json,stage4/results/tensorflow-thesis-all-coverage/coverage_report.json,
tensorflow,tensorflow.keras.ops.vdot,stage4_coverage,selected_function_line_coverage_percent=0 < 60,selected_function_line_coverage_percent=0 < 60,daba8fa0d8138e24,,stage4/results/tensorflow-thesis-all-coverage/low_coverage.csv,
tensorflow,tensorflow.keras.ops.view,stage4_coverage,selected_function_line_coverage_percent=0 < 60,selected_function_line_coverage_percent=0 < 60,62a422eb14da8092,,stage4/results/tensorflow-thesis-all-coverage/low_coverage.csv,
tensorflow,tensorflow.keras.ops.view,stage4_coverage,uncovered_api,Stage 4 did not cover API; valid_programs=0 bugs=0,912e17903e46f8e9,stage4/results/tensorflow-thesis-all-coverage/coverage_report.json,stage4/results/tensorflow-thesis-all-coverage/coverage_report.json,
tensorflow,tensorflow.keras.ops.view,stage4_runtime,WorkerCrash,"Traceback (most recent call last):
  File ""<frozen runpy>"", line 198, in _run_module_as_main
  File ""<frozen runpy>"", line 88, in _run_code
  File ""/Users/aryansg/Desktop/DeepFuzz/stage4/stage4_worker.py"", line 27, in <module>
    from json2init.deepfuzz_common import (  # noqa: E402
    ...<7 lines>...
    )
  File ""/Users/aryansg/Desktop/DeepFuzz/json2init/deepfuzz_common.py"", line 321
    elif lname in {""axis"", ""dim"", ""depth"", ""k"", ""num"", ""count"", ""window_length"", ""fft_length"", ""sequence_length"", ""sequence_stride"", ""num_bits"", ""block_size"", ""kth""}:
    ^^^^
SyntaxError: invalid syntax",e59191cb5cd9d6db,stage4/results/tensorflow-thesis-all-coverage/execution_results/tensorflow.keras.ops.view.results.json,stage4/results/tensorflow-thesis-all-coverage/failure.csv,
tensorflow,tensorflow.keras.ops.vstack,stage4_runtime,WorkerCrash,"Traceback (most recent call last):
  File ""<frozen runpy>"", line 198, in _run_module_as_main
  File ""<frozen runpy>"", line 88, in _run_code
  File ""/Users/aryansg/Desktop/DeepFuzz/stage4/stage4_worker.py"", line 27, in <module>
    from json2init.deepfuzz_common import (  # noqa: E402
    ...<7 lines>...
    )
  File ""/Users/aryansg/Desktop/DeepFuzz/json2init/deepfuzz_common.py"", line 321
    elif lname in {""axis"", ""dim"", ""depth"", ""k"", ""num"", ""count"", ""window_length"", ""fft_length"", ""sequence_length"", ""sequence_stride"", ""num_bits"", ""block_size"", ""kth""}:
    ^^^^
SyntaxError: invalid syntax",30019b5697bf5183,stage4/results/tensorflow-thesis-all-coverage/execution_results/tensorflow.keras.ops.vstack.results.json,stage4/results/tensorflow-thesis-all-coverage/failure.csv,
tensorflow,tensorflow.keras.ops.vstack,stage4_coverage,uncovered_api,Stage 4 did not cover API; valid_programs=0 bugs=0,4736b15f3f01e20d,stage4/results/tensorflow-thesis-all-coverage/coverage_report.json,stage4/results/tensorflow-thesis-all-coverage/coverage_report.json,
tensorflow,tensorflow.keras.ops.vstack,stage4_coverage,selected_function_line_coverage_percent=0 < 60,selected_function_line_coverage_percent=0 < 60,e8b45a7766cf2d0e,,stage4/results/tensorflow-thesis-all-coverage/low_coverage.csv,
tensorflow,tensorflow.keras.ops.zeros,stage4_coverage,uncovered_api,Stage 4 did not cover API; valid_programs=0 bugs=0,754df77d9276c33f,stage4/results/tensorflow-thesis-all-coverage/coverage_report.json,stage4/results/tensorflow-thesis-all-coverage/coverage_report.json,
tensorflow,tensorflow.keras.ops.zeros,stage4_runtime,WorkerCrash,"Traceback (most recent call last):
  File ""<frozen runpy>"", line 198, in _run_module_as_main
  File ""<frozen runpy>"", line 88, in _run_code
  File ""/Users/aryansg/Desktop/DeepFuzz/stage4/stage4_worker.py"", line 27, in <module>
    from json2init.deepfuzz_common import (  # noqa: E402
    ...<7 lines>...
    )
  File ""/Users/aryansg/Desktop/DeepFuzz/json2init/deepfuzz_common.py"", line 321
    elif lname in {""axis"", ""dim"", ""depth"", ""k"", ""num"", ""count"", ""window_length"", ""fft_length"", ""sequence_length"", ""sequence_stride"", ""num_bits"", ""block_size"", ""kth""}:
    ^^^^
SyntaxError: invalid syntax",aaaad63c1f24fbed,stage4/results/tensorflow-thesis-all-coverage/execution_results/tensorflow.keras.ops.zeros.results.json,stage4/results/tensorflow-thesis-all-coverage/failure.csv,
tensorflow,tensorflow.keras.ops.zeros,stage4_coverage,selected_function_line_coverage_percent=0 < 60,selected_function_line_coverage_percent=0 < 60,ed0882c0cb887cca,,stage4/results/tensorflow-thesis-all-coverage/low_coverage.csv,
tensorflow,tensorflow.keras.ops.zeros_like,stage4_coverage,selected_function_line_coverage_percent=0 < 60,selected_function_line_coverage_percent=0 < 60,2a95add0ed0a896c,,stage4/results/tensorflow-thesis-all-coverage/low_coverage.csv,
tensorflow,tensorflow.keras.ops.zeros_like,stage4_runtime,WorkerCrash,"Traceback (most recent call last):
  File ""<frozen runpy>"", line 198, in _run_module_as_main
  File ""<frozen runpy>"", line 88, in _run_code
  File ""/Users/aryansg/Desktop/DeepFuzz/stage4/stage4_worker.py"", line 27, in <module>
    from json2init.deepfuzz_common import (  # noqa: E402
    ...<7 lines>...
    )
  File ""/Users/aryansg/Desktop/DeepFuzz/json2init/deepfuzz_common.py"", line 321
    elif lname in {""axis"", ""dim"", ""depth"", ""k"", ""num"", ""count"", ""window_length"", ""fft_length"", ""sequence_length"", ""sequence_stride"", ""num_bits"", ""block_size"", ""kth""}:
    ^^^^
SyntaxError: invalid syntax",a8cbfa5aa1e7061a,stage4/results/tensorflow-thesis-all-coverage/execution_results/tensorflow.keras.ops.zeros_like.results.json,stage4/results/tensorflow-thesis-all-coverage/failure.csv,
tensorflow,tensorflow.keras.ops.zeros_like,stage4_coverage,uncovered_api,Stage 4 did not cover API; valid_programs=0 bugs=0,d9341bf1968f7669,stage4/results/tensorflow-thesis-all-coverage/coverage_report.json,stage4/results/tensorflow-thesis-all-coverage/coverage_report.json,
tensorflow,tensorflow.keras.quantizers.fake_quant_with_min_max_vars,stage4_coverage,uncovered_api,Stage 4 did not cover API; valid_programs=0 bugs=0,746e83b1e0b2fbee,stage4/results/tensorflow-thesis-all-coverage/coverage_report.json,stage4/results/tensorflow-thesis-all-coverage/coverage_report.json,
tensorflow,tensorflow.keras.quantizers.fake_quant_with_min_max_vars,stage4_runtime,WorkerCrash,"Traceback (most recent call last):
  File ""<frozen runpy>"", line 198, in _run_module_as_main
  File ""<frozen runpy>"", line 88, in _run_code
  File ""/Users/aryansg/Desktop/DeepFuzz/stage4/stage4_worker.py"", line 27, in <module>
    from json2init.deepfuzz_common import (  # noqa: E402
    ...<7 lines>...
    )
  File ""/Users/aryansg/Desktop/DeepFuzz/json2init/deepfuzz_common.py"", line 321
    elif lname in {""axis"", ""dim"", ""depth"", ""k"", ""num"", ""count"", ""window_length"", ""fft_length"", ""sequence_length"", ""sequence_stride"", ""num_bits"", ""block_size"", ""kth""}:
    ^^^^
SyntaxError: invalid syntax",fae7ce2ef6bf4cee,stage4/results/tensorflow-thesis-all-coverage/execution_results/tensorflow.keras.quantizers.fake_quant_with_min_max_vars.results.json,stage4/results/tensorflow-thesis-all-coverage/failure.csv,
tensorflow,tensorflow.keras.quantizers.fake_quant_with_min_max_vars,stage4_coverage,selected_function_line_coverage_percent=0 < 60,selected_function_line_coverage_percent=0 < 60,fcbe86e38efcd00c,,stage4/results/tensorflow-thesis-all-coverage/low_coverage.csv,
tensorflow,tensorflow.keras.quantizers.pack_int4,stage4_coverage,selected_function_line_coverage_percent=0 < 60,selected_function_line_coverage_percent=0 < 60,89ffe4e6ecd2c33d,,stage4/results/tensorflow-thesis-all-coverage/low_coverage.csv,
tensorflow,tensorflow.keras.quantizers.pack_int4,stage4_coverage,uncovered_api,Stage 4 did not cover API; valid_programs=0 bugs=0,b28bf92d459ff30f,stage4/results/tensorflow-thesis-all-coverage/coverage_report.json,stage4/results/tensorflow-thesis-all-coverage/coverage_report.json,
tensorflow,tensorflow.keras.quantizers.pack_int4,stage4_runtime,WorkerCrash,"Traceback (most recent call last):
  File ""<frozen runpy>"", line 198, in _run_module_as_main
  File ""<frozen runpy>"", line 88, in _run_code
  File ""/Users/aryansg/Desktop/DeepFuzz/stage4/stage4_worker.py"", line 27, in <module>
    from json2init.deepfuzz_common import (  # noqa: E402
    ...<7 lines>...
    )
  File ""/Users/aryansg/Desktop/DeepFuzz/json2init/deepfuzz_common.py"", line 321
    elif lname in {""axis"", ""dim"", ""depth"", ""k"", ""num"", ""count"", ""window_length"", ""fft_length"", ""sequence_length"", ""sequence_stride"", ""num_bits"", ""block_size"", ""kth""}:
    ^^^^
SyntaxError: invalid syntax",c5ae6388d06946e5,stage4/results/tensorflow-thesis-all-coverage/execution_results/tensorflow.keras.quantizers.pack_int4.results.json,stage4/results/tensorflow-thesis-all-coverage/failure.csv,
tensorflow,tensorflow.keras.utils.get_source_inputs,stage4_runtime,WorkerCrash,"Traceback (most recent call last):
  File ""<frozen runpy>"", line 198, in _run_module_as_main
  File ""<frozen runpy>"", line 88, in _run_code
  File ""/Users/aryansg/Desktop/DeepFuzz/stage4/stage4_worker.py"", line 27, in <module>
    from json2init.deepfuzz_common import (  # noqa: E402
    ...<7 lines>...
    )
  File ""/Users/aryansg/Desktop/DeepFuzz/json2init/deepfuzz_common.py"", line 321
    elif lname in {""axis"", ""dim"", ""depth"", ""k"", ""num"", ""count"", ""window_length"", ""fft_length"", ""sequence_length"", ""sequence_stride"", ""num_bits"", ""block_size"", ""kth""}:
    ^^^^
SyntaxError: invalid syntax",2416b013373074db,stage4/results/tensorflow-thesis-all-coverage/execution_results/tensorflow.keras.utils.get_source_inputs.results.json,stage4/results/tensorflow-thesis-all-coverage/failure.csv,
tensorflow,tensorflow.keras.utils.get_source_inputs,stage4_coverage,uncovered_api,Stage 4 did not cover API; valid_programs=0 bugs=0,64668a30f49c769b,stage4/results/tensorflow-thesis-all-coverage/coverage_report.json,stage4/results/tensorflow-thesis-all-coverage/coverage_report.json,
tensorflow,tensorflow.keras.utils.get_source_inputs,stage4_coverage,selected_function_line_coverage_percent=0 < 60,selected_function_line_coverage_percent=0 < 60,6a8558a0d18ad6d6,,stage4/results/tensorflow-thesis-all-coverage/low_coverage.csv,
tensorflow,tensorflow.less,stage4_coverage,uncovered_api,Stage 4 did not cover API; valid_programs=0 bugs=0,24fb92561ea4bc3b,stage4/results/tensorflow-thesis-all-coverage/coverage_report.json,stage4/results/tensorflow-thesis-all-coverage/coverage_report.json,
tensorflow,tensorflow.less,stage4_coverage,selected_function_line_coverage_percent=0 < 60,selected_function_line_coverage_percent=0 < 60,4f9e13635c283fc9,,stage4/results/tensorflow-thesis-all-coverage/low_coverage.csv,
tensorflow,tensorflow.less,stage4_runtime,WorkerCrash,"Traceback (most recent call last):
  File ""<frozen runpy>"", line 198, in _run_module_as_main
  File ""<frozen runpy>"", line 88, in _run_code
  File ""/Users/aryansg/Desktop/DeepFuzz/stage4/stage4_worker.py"", line 27, in <module>
    from json2init.deepfuzz_common import (  # noqa: E402
    ...<7 lines>...
    )
  File ""/Users/aryansg/Desktop/DeepFuzz/json2init/deepfuzz_common.py"", line 321
    elif lname in {""axis"", ""dim"", ""depth"", ""k"", ""num"", ""count"", ""window_length"", ""fft_length"", ""sequence_length"", ""sequence_stride"", ""num_bits"", ""block_size"", ""kth""}:
    ^^^^
SyntaxError: invalid syntax",db6d3fc12fc665ab,stage4/results/tensorflow-thesis-all-coverage/execution_results/tensorflow.less.results.json,stage4/results/tensorflow-thesis-all-coverage/failure.csv,
tensorflow,tensorflow.less_equal,stage4_runtime,WorkerCrash,"Traceback (most recent call last):
  File ""<frozen runpy>"", line 198, in _run_module_as_main
  File ""<frozen runpy>"", line 88, in _run_code
  File ""/Users/aryansg/Desktop/DeepFuzz/stage4/stage4_worker.py"", line 27, in <module>
    from json2init.deepfuzz_common import (  # noqa: E402
    ...<7 lines>...
    )
  File ""/Users/aryansg/Desktop/DeepFuzz/json2init/deepfuzz_common.py"", line 321
    elif lname in {""axis"", ""dim"", ""depth"", ""k"", ""num"", ""count"", ""window_length"", ""fft_length"", ""sequence_length"", ""sequence_stride"", ""num_bits"", ""block_size"", ""kth""}:
    ^^^^
SyntaxError: invalid syntax",b73250b92b463f08,stage4/results/tensorflow-thesis-all-coverage/execution_results/tensorflow.less_equal.results.json,stage4/results/tensorflow-thesis-all-coverage/failure.csv,
tensorflow,tensorflow.less_equal,stage4_coverage,uncovered_api,Stage 4 did not cover API; valid_programs=0 bugs=0,ca21466182d8d826,stage4/results/tensorflow-thesis-all-coverage/coverage_report.json,stage4/results/tensorflow-thesis-all-coverage/coverage_report.json,
tensorflow,tensorflow.less_equal,stage4_coverage,selected_function_line_coverage_percent=0 < 60,selected_function_line_coverage_percent=0 < 60,e04d94b17daa6cfd,,stage4/results/tensorflow-thesis-all-coverage/low_coverage.csv,
tensorflow,tensorflow.linalg.banded_triangular_solve,stage4_coverage,uncovered_api,Stage 4 did not cover API; valid_programs=0 bugs=0,5367c6c7bcd2568f,stage4/results/tensorflow-thesis-all-coverage/coverage_report.json,stage4/results/tensorflow-thesis-all-coverage/coverage_report.json,
tensorflow,tensorflow.linalg.banded_triangular_solve,stage4_coverage,selected_function_line_coverage_percent=0 < 60,selected_function_line_coverage_percent=0 < 60,8d02724b2f1bac08,,stage4/results/tensorflow-thesis-all-coverage/low_coverage.csv,
tensorflow,tensorflow.linalg.banded_triangular_solve,stage4_runtime,WorkerCrash,"Traceback (most recent call last):
  File ""<frozen runpy>"", line 198, in _run_module_as_main
  File ""<frozen runpy>"", line 88, in _run_code
  File ""/Users/aryansg/Desktop/DeepFuzz/stage4/stage4_worker.py"", line 27, in <module>
    from json2init.deepfuzz_common import (  # noqa: E402
    ...<7 lines>...
    )
  File ""/Users/aryansg/Desktop/DeepFuzz/json2init/deepfuzz_common.py"", line 321
    elif lname in {""axis"", ""dim"", ""depth"", ""k"", ""num"", ""count"", ""window_length"", ""fft_length"", ""sequence_length"", ""sequence_stride"", ""num_bits"", ""block_size"", ""kth""}:
    ^^^^
SyntaxError: invalid syntax",afd4affe1c13ea10,stage4/results/tensorflow-thesis-all-coverage/execution_results/tensorflow.linalg.banded_triangular_solve.results.json,stage4/results/tensorflow-thesis-all-coverage/failure.csv,
tensorflow,tensorflow.linalg.diag,stage4_coverage,selected_function_line_coverage_percent=0 < 60,selected_function_line_coverage_percent=0 < 60,56d61fbe38045956,,stage4/results/tensorflow-thesis-all-coverage/low_coverage.csv,
tensorflow,tensorflow.linalg.diag,stage4_runtime,WorkerCrash,"Traceback (most recent call last):
  File ""<frozen runpy>"", line 198, in _run_module_as_main
  File ""<frozen runpy>"", line 88, in _run_code
  File ""/Users/aryansg/Desktop/DeepFuzz/stage4/stage4_worker.py"", line 27, in <module>
    from json2init.deepfuzz_common import (  # noqa: E402
    ...<7 lines>...
    )
  File ""/Users/aryansg/Desktop/DeepFuzz/json2init/deepfuzz_common.py"", line 321
    elif lname in {""axis"", ""dim"", ""depth"", ""k"", ""num"", ""count"", ""window_length"", ""fft_length"", ""sequence_length"", ""sequence_stride"", ""num_bits"", ""block_size"", ""kth""}:
    ^^^^
SyntaxError: invalid syntax",5e99ab555ae0987c,stage4/results/tensorflow-thesis-all-coverage/execution_results/tensorflow.linalg.diag.results.json,stage4/results/tensorflow-thesis-all-coverage/failure.csv,
tensorflow,tensorflow.linalg.diag,stage4_coverage,uncovered_api,Stage 4 did not cover API; valid_programs=0 bugs=0,ff03131b239acead,stage4/results/tensorflow-thesis-all-coverage/coverage_report.json,stage4/results/tensorflow-thesis-all-coverage/coverage_report.json,
tensorflow,tensorflow.linalg.global_norm,stage4_runtime,WorkerCrash,"Traceback (most recent call last):
  File ""<frozen runpy>"", line 198, in _run_module_as_main
  File ""<frozen runpy>"", line 88, in _run_code
  File ""/Users/aryansg/Desktop/DeepFuzz/stage4/stage4_worker.py"", line 27, in <module>
    from json2init.deepfuzz_common import (  # noqa: E402
    ...<7 lines>...
    )
  File ""/Users/aryansg/Desktop/DeepFuzz/json2init/deepfuzz_common.py"", line 321
    elif lname in {""axis"", ""dim"", ""depth"", ""k"", ""num"", ""count"", ""window_length"", ""fft_length"", ""sequence_length"", ""sequence_stride"", ""num_bits"", ""block_size"", ""kth""}:
    ^^^^
SyntaxError: invalid syntax",458200972daf944c,stage4/results/tensorflow-thesis-all-coverage/execution_results/tensorflow.linalg.global_norm.results.json,stage4/results/tensorflow-thesis-all-coverage/failure.csv,
tensorflow,tensorflow.linalg.global_norm,stage4_coverage,selected_function_line_coverage_percent=0 < 60,selected_function_line_coverage_percent=0 < 60,ad13357dc607523d,,stage4/results/tensorflow-thesis-all-coverage/low_coverage.csv,
tensorflow,tensorflow.linalg.global_norm,stage4_coverage,uncovered_api,Stage 4 did not cover API; valid_programs=0 bugs=0,e5b3fc22fabdbbbe,stage4/results/tensorflow-thesis-all-coverage/coverage_report.json,stage4/results/tensorflow-thesis-all-coverage/coverage_report.json,
tensorflow,tensorflow.linalg.inv,stage4_runtime,WorkerCrash,"Traceback (most recent call last):
  File ""<frozen runpy>"", line 198, in _run_module_as_main
  File ""<frozen runpy>"", line 88, in _run_code
  File ""/Users/aryansg/Desktop/DeepFuzz/stage4/stage4_worker.py"", line 27, in <module>
    from json2init.deepfuzz_common import (  # noqa: E402
    ...<7 lines>...
    )
  File ""/Users/aryansg/Desktop/DeepFuzz/json2init/deepfuzz_common.py"", line 321
    elif lname in {""axis"", ""dim"", ""depth"", ""k"", ""num"", ""count"", ""window_length"", ""fft_length"", ""sequence_length"", ""sequence_stride"", ""num_bits"", ""block_size"", ""kth""}:
    ^^^^
SyntaxError: invalid syntax",051c06bf24d4e8ad,stage4/results/tensorflow-thesis-all-coverage/execution_results/tensorflow.linalg.inv.results.json,stage4/results/tensorflow-thesis-all-coverage/failure.csv,
tensorflow,tensorflow.linalg.inv,stage4_coverage,uncovered_api,Stage 4 did not cover API; valid_programs=0 bugs=0,5dbfc7dff161d36b,stage4/results/tensorflow-thesis-all-coverage/coverage_report.json,stage4/results/tensorflow-thesis-all-coverage/coverage_report.json,
tensorflow,tensorflow.linalg.inv,stage4_coverage,selected_function_line_coverage_percent=0 < 60,selected_function_line_coverage_percent=0 < 60,aba7413464b54cd6,,stage4/results/tensorflow-thesis-all-coverage/low_coverage.csv,
tensorflow,tensorflow.linalg.l2_normalize,stage4_coverage,uncovered_api,Stage 4 did not cover API; valid_programs=0 bugs=0,8a337847b0502085,stage4/results/tensorflow-thesis-all-coverage/coverage_report.json,stage4/results/tensorflow-thesis-all-coverage/coverage_report.json,
tensorflow,tensorflow.linalg.l2_normalize,stage4_runtime,WorkerCrash,"Traceback (most recent call last):
  File ""<frozen runpy>"", line 198, in _run_module_as_main
  File ""<frozen runpy>"", line 88, in _run_code
  File ""/Users/aryansg/Desktop/DeepFuzz/stage4/stage4_worker.py"", line 27, in <module>
    from json2init.deepfuzz_common import (  # noqa: E402
    ...<7 lines>...
    )
  File ""/Users/aryansg/Desktop/DeepFuzz/json2init/deepfuzz_common.py"", line 321
    elif lname in {""axis"", ""dim"", ""depth"", ""k"", ""num"", ""count"", ""window_length"", ""fft_length"", ""sequence_length"", ""sequence_stride"", ""num_bits"", ""block_size"", ""kth""}:
    ^^^^
SyntaxError: invalid syntax",b8450e30d6cd0770,stage4/results/tensorflow-thesis-all-coverage/execution_results/tensorflow.linalg.l2_normalize.results.json,stage4/results/tensorflow-thesis-all-coverage/failure.csv,
tensorflow,tensorflow.linalg.l2_normalize,stage4_coverage,selected_function_line_coverage_percent=0 < 60,selected_function_line_coverage_percent=0 < 60,e169666e01ee5d56,,stage4/results/tensorflow-thesis-all-coverage/low_coverage.csv,
tensorflow,tensorflow.linalg.normalize,stage4_coverage,uncovered_api,Stage 4 did not cover API; valid_programs=0 bugs=0,735b5fbc16aed37e,stage4/results/tensorflow-thesis-all-coverage/coverage_report.json,stage4/results/tensorflow-thesis-all-coverage/coverage_report.json,
tensorflow,tensorflow.linalg.normalize,stage4_runtime,WorkerCrash,"Traceback (most recent call last):
  File ""<frozen runpy>"", line 198, in _run_module_as_main
  File ""<frozen runpy>"", line 88, in _run_code
  File ""/Users/aryansg/Desktop/DeepFuzz/stage4/stage4_worker.py"", line 27, in <module>
    from json2init.deepfuzz_common import (  # noqa: E402
    ...<7 lines>...
    )
  File ""/Users/aryansg/Desktop/DeepFuzz/json2init/deepfuzz_common.py"", line 321
    elif lname in {""axis"", ""dim"", ""depth"", ""k"", ""num"", ""count"", ""window_length"", ""fft_length"", ""sequence_length"", ""sequence_stride"", ""num_bits"", ""block_size"", ""kth""}:
    ^^^^
SyntaxError: invalid syntax",c8e12d4f920e6f74,stage4/results/tensorflow-thesis-all-coverage/execution_results/tensorflow.linalg.normalize.results.json,stage4/results/tensorflow-thesis-all-coverage/failure.csv,
tensorflow,tensorflow.linalg.normalize,stage4_coverage,selected_function_line_coverage_percent=0 < 60,selected_function_line_coverage_percent=0 < 60,e4203281ea8b841e,,stage4/results/tensorflow-thesis-all-coverage/low_coverage.csv,
tensorflow,tensorflow.linalg.pinv,stage4_coverage,selected_function_line_coverage_percent=0 < 60,selected_function_line_coverage_percent=0 < 60,4639ac683f901d32,,stage4/results/tensorflow-thesis-all-coverage/low_coverage.csv,
tensorflow,tensorflow.linalg.pinv,stage4_runtime,WorkerCrash,"Traceback (most recent call last):
  File ""<frozen runpy>"", line 198, in _run_module_as_main
  File ""<frozen runpy>"", line 88, in _run_code
  File ""/Users/aryansg/Desktop/DeepFuzz/stage4/stage4_worker.py"", line 27, in <module>
    from json2init.deepfuzz_common import (  # noqa: E402
    ...<7 lines>...
    )
  File ""/Users/aryansg/Desktop/DeepFuzz/json2init/deepfuzz_common.py"", line 321
    elif lname in {""axis"", ""dim"", ""depth"", ""k"", ""num"", ""count"", ""window_length"", ""fft_length"", ""sequence_length"", ""sequence_stride"", ""num_bits"", ""block_size"", ""kth""}:
    ^^^^
SyntaxError: invalid syntax",b9c9ce4eb4729c70,stage4/results/tensorflow-thesis-all-coverage/execution_results/tensorflow.linalg.pinv.results.json,stage4/results/tensorflow-thesis-all-coverage/failure.csv,
tensorflow,tensorflow.linalg.pinv,stage4_coverage,uncovered_api,Stage 4 did not cover API; valid_programs=0 bugs=0,f31eb4175efe51f9,stage4/results/tensorflow-thesis-all-coverage/coverage_report.json,stage4/results/tensorflow-thesis-all-coverage/coverage_report.json,
tensorflow,tensorflow.linalg.qr,stage4_coverage,selected_function_line_coverage_percent=0 < 60,selected_function_line_coverage_percent=0 < 60,0a0c35f8b6305fbd,,stage4/results/tensorflow-thesis-all-coverage/low_coverage.csv,
tensorflow,tensorflow.linalg.qr,stage4_coverage,uncovered_api,Stage 4 did not cover API; valid_programs=0 bugs=0,1ec9a781ea260b06,stage4/results/tensorflow-thesis-all-coverage/coverage_report.json,stage4/results/tensorflow-thesis-all-coverage/coverage_report.json,
tensorflow,tensorflow.linalg.qr,stage4_runtime,WorkerCrash,"Traceback (most recent call last):
  File ""<frozen runpy>"", line 198, in _run_module_as_main
  File ""<frozen runpy>"", line 88, in _run_code
  File ""/Users/aryansg/Desktop/DeepFuzz/stage4/stage4_worker.py"", line 27, in <module>
    from json2init.deepfuzz_common import (  # noqa: E402
    ...<7 lines>...
    )
  File ""/Users/aryansg/Desktop/DeepFuzz/json2init/deepfuzz_common.py"", line 321
    elif lname in {""axis"", ""dim"", ""depth"", ""k"", ""num"", ""count"", ""window_length"", ""fft_length"", ""sequence_length"", ""sequence_stride"", ""num_bits"", ""block_size"", ""kth""}:
    ^^^^
SyntaxError: invalid syntax",48b36ebc7c0bfae2,stage4/results/tensorflow-thesis-all-coverage/execution_results/tensorflow.linalg.qr.results.json,stage4/results/tensorflow-thesis-all-coverage/failure.csv,
tensorflow,tensorflow.linspace,stage4_coverage,uncovered_api,Stage 4 did not cover API; valid_programs=0 bugs=0,61e8006d3e0797aa,stage4/results/tensorflow-thesis-all-coverage/coverage_report.json,stage4/results/tensorflow-thesis-all-coverage/coverage_report.json,
tensorflow,tensorflow.linspace,stage4_runtime,WorkerCrash,"Traceback (most recent call last):
  File ""<frozen runpy>"", line 198, in _run_module_as_main
  File ""<frozen runpy>"", line 88, in _run_code
  File ""/Users/aryansg/Desktop/DeepFuzz/stage4/stage4_worker.py"", line 27, in <module>
    from json2init.deepfuzz_common import (  # noqa: E402
    ...<7 lines>...
    )
  File ""/Users/aryansg/Desktop/DeepFuzz/json2init/deepfuzz_common.py"", line 321
    elif lname in {""axis"", ""dim"", ""depth"", ""k"", ""num"", ""count"", ""window_length"", ""fft_length"", ""sequence_length"", ""sequence_stride"", ""num_bits"", ""block_size"", ""kth""}:
    ^^^^
SyntaxError: invalid syntax",9b3762f4c7d93b89,stage4/results/tensorflow-thesis-all-coverage/execution_results/tensorflow.linspace.results.json,stage4/results/tensorflow-thesis-all-coverage/failure.csv,
tensorflow,tensorflow.linspace,stage4_coverage,selected_function_line_coverage_percent=0 < 60,selected_function_line_coverage_percent=0 < 60,d6c17e0758945897,,stage4/results/tensorflow-thesis-all-coverage/low_coverage.csv,
tensorflow,tensorflow.logical_and,stage4_coverage,uncovered_api,Stage 4 did not cover API; valid_programs=0 bugs=0,0ed2d4f1d5dc56dc,stage4/results/tensorflow-thesis-all-coverage/coverage_report.json,stage4/results/tensorflow-thesis-all-coverage/coverage_report.json,
tensorflow,tensorflow.logical_and,stage4_runtime,WorkerCrash,"Traceback (most recent call last):
  File ""<frozen runpy>"", line 198, in _run_module_as_main
  File ""<frozen runpy>"", line 88, in _run_code
  File ""/Users/aryansg/Desktop/DeepFuzz/stage4/stage4_worker.py"", line 27, in <module>
    from json2init.deepfuzz_common import (  # noqa: E402
    ...<7 lines>...
    )
  File ""/Users/aryansg/Desktop/DeepFuzz/json2init/deepfuzz_common.py"", line 321
    elif lname in {""axis"", ""dim"", ""depth"", ""k"", ""num"", ""count"", ""window_length"", ""fft_length"", ""sequence_length"", ""sequence_stride"", ""num_bits"", ""block_size"", ""kth""}:
    ^^^^
SyntaxError: invalid syntax",83d7f0b484111989,stage4/results/tensorflow-thesis-all-coverage/execution_results/tensorflow.logical_and.results.json,stage4/results/tensorflow-thesis-all-coverage/failure.csv,
tensorflow,tensorflow.logical_and,stage4_coverage,selected_function_line_coverage_percent=0 < 60,selected_function_line_coverage_percent=0 < 60,d235a6775194e62d,,stage4/results/tensorflow-thesis-all-coverage/low_coverage.csv,
tensorflow,tensorflow.logical_not,stage4_runtime,WorkerCrash,"Traceback (most recent call last):
  File ""<frozen runpy>"", line 198, in _run_module_as_main
  File ""<frozen runpy>"", line 88, in _run_code
  File ""/Users/aryansg/Desktop/DeepFuzz/stage4/stage4_worker.py"", line 27, in <module>
    from json2init.deepfuzz_common import (  # noqa: E402
    ...<7 lines>...
    )
  File ""/Users/aryansg/Desktop/DeepFuzz/json2init/deepfuzz_common.py"", line 321
    elif lname in {""axis"", ""dim"", ""depth"", ""k"", ""num"", ""count"", ""window_length"", ""fft_length"", ""sequence_length"", ""sequence_stride"", ""num_bits"", ""block_size"", ""kth""}:
    ^^^^
SyntaxError: invalid syntax",69cdf8b3e7ca6fca,stage4/results/tensorflow-thesis-all-coverage/execution_results/tensorflow.logical_not.results.json,stage4/results/tensorflow-thesis-all-coverage/failure.csv,
tensorflow,tensorflow.logical_not,stage4_coverage,uncovered_api,Stage 4 did not cover API; valid_programs=0 bugs=0,a678eb03e30658a1,stage4/results/tensorflow-thesis-all-coverage/coverage_report.json,stage4/results/tensorflow-thesis-all-coverage/coverage_report.json,
tensorflow,tensorflow.logical_not,stage4_coverage,selected_function_line_coverage_percent=0 < 60,selected_function_line_coverage_percent=0 < 60,d08fdaa660bc434a,,stage4/results/tensorflow-thesis-all-coverage/low_coverage.csv,
tensorflow,tensorflow.logical_or,stage4_runtime,WorkerCrash,"Traceback (most recent call last):
  File ""<frozen runpy>"", line 198, in _run_module_as_main
  File ""<frozen runpy>"", line 88, in _run_code
  File ""/Users/aryansg/Desktop/DeepFuzz/stage4/stage4_worker.py"", line 27, in <module>
    from json2init.deepfuzz_common import (  # noqa: E402
    ...<7 lines>...
    )
  File ""/Users/aryansg/Desktop/DeepFuzz/json2init/deepfuzz_common.py"", line 321
    elif lname in {""axis"", ""dim"", ""depth"", ""k"", ""num"", ""count"", ""window_length"", ""fft_length"", ""sequence_length"", ""sequence_stride"", ""num_bits"", ""block_size"", ""kth""}:
    ^^^^
SyntaxError: invalid syntax",9875197e1f552067,stage4/results/tensorflow-thesis-all-coverage/execution_results/tensorflow.logical_or.results.json,stage4/results/tensorflow-thesis-all-coverage/failure.csv,
tensorflow,tensorflow.logical_or,stage4_coverage,selected_function_line_coverage_percent=0 < 60,selected_function_line_coverage_percent=0 < 60,cb893ac40b40d18d,,stage4/results/tensorflow-thesis-all-coverage/low_coverage.csv,
tensorflow,tensorflow.logical_or,stage4_coverage,uncovered_api,Stage 4 did not cover API; valid_programs=0 bugs=0,ea0909829ee0e294,stage4/results/tensorflow-thesis-all-coverage/coverage_report.json,stage4/results/tensorflow-thesis-all-coverage/coverage_report.json,
tensorflow,tensorflow.losses.KLD,stage4_runtime,WorkerCrash,"Traceback (most recent call last):
  File ""<frozen runpy>"", line 198, in _run_module_as_main
  File ""<frozen runpy>"", line 88, in _run_code
  File ""/Users/aryansg/Desktop/DeepFuzz/stage4/stage4_worker.py"", line 27, in <module>
    from json2init.deepfuzz_common import (  # noqa: E402
    ...<7 lines>...
    )
  File ""/Users/aryansg/Desktop/DeepFuzz/json2init/deepfuzz_common.py"", line 321
    elif lname in {""axis"", ""dim"", ""depth"", ""k"", ""num"", ""count"", ""window_length"", ""fft_length"", ""sequence_length"", ""sequence_stride"", ""num_bits"", ""block_size"", ""kth""}:
    ^^^^
SyntaxError: invalid syntax",85ff123e43203862,stage4/results/tensorflow-thesis-all-coverage/execution_results/tensorflow.losses.KLD.results.json,stage4/results/tensorflow-thesis-all-coverage/failure.csv,
tensorflow,tensorflow.losses.KLD,stage4_coverage,uncovered_api,Stage 4 did not cover API; valid_programs=0 bugs=0,d1f0c321f1d17b5e,stage4/results/tensorflow-thesis-all-coverage/coverage_report.json,stage4/results/tensorflow-thesis-all-coverage/coverage_report.json,
tensorflow,tensorflow.losses.KLD,stage4_coverage,selected_function_line_coverage_percent=0 < 60,selected_function_line_coverage_percent=0 < 60,fbe127a0703192f6,,stage4/results/tensorflow-thesis-all-coverage/low_coverage.csv,
tensorflow,tensorflow.losses.MAE,stage4_coverage,uncovered_api,Stage 4 did not cover API; valid_programs=0 bugs=0,4c695a78254a7811,stage4/results/tensorflow-thesis-all-coverage/coverage_report.json,stage4/results/tensorflow-thesis-all-coverage/coverage_report.json,
tensorflow,tensorflow.losses.MAE,stage4_coverage,selected_function_line_coverage_percent=0 < 60,selected_function_line_coverage_percent=0 < 60,6731f89249e48c1f,,stage4/results/tensorflow-thesis-all-coverage/low_coverage.csv,
tensorflow,tensorflow.losses.MAE,stage4_runtime,WorkerCrash,"Traceback (most recent call last):
  File ""<frozen runpy>"", line 198, in _run_module_as_main
  File ""<frozen runpy>"", line 88, in _run_code
  File ""/Users/aryansg/Desktop/DeepFuzz/stage4/stage4_worker.py"", line 27, in <module>
    from json2init.deepfuzz_common import (  # noqa: E402
    ...<7 lines>...
    )
  File ""/Users/aryansg/Desktop/DeepFuzz/json2init/deepfuzz_common.py"", line 321
    elif lname in {""axis"", ""dim"", ""depth"", ""k"", ""num"", ""count"", ""window_length"", ""fft_length"", ""sequence_length"", ""sequence_stride"", ""num_bits"", ""block_size"", ""kth""}:
    ^^^^
SyntaxError: invalid syntax",913936cb527ab3af,stage4/results/tensorflow-thesis-all-coverage/execution_results/tensorflow.losses.MAE.results.json,stage4/results/tensorflow-thesis-all-coverage/failure.csv,
tensorflow,tensorflow.losses.MSE,stage4_coverage,selected_function_line_coverage_percent=0 < 60,selected_function_line_coverage_percent=0 < 60,b6d3ded891e13497,,stage4/results/tensorflow-thesis-all-coverage/low_coverage.csv,
tensorflow,tensorflow.losses.MSE,stage4_runtime,WorkerCrash,"Traceback (most recent call last):
  File ""<frozen runpy>"", line 198, in _run_module_as_main
  File ""<frozen runpy>"", line 88, in _run_code
  File ""/Users/aryansg/Desktop/DeepFuzz/stage4/stage4_worker.py"", line 27, in <module>
    from json2init.deepfuzz_common import (  # noqa: E402
    ...<7 lines>...
    )
  File ""/Users/aryansg/Desktop/DeepFuzz/json2init/deepfuzz_common.py"", line 321
    elif lname in {""axis"", ""dim"", ""depth"", ""k"", ""num"", ""count"", ""window_length"", ""fft_length"", ""sequence_length"", ""sequence_stride"", ""num_bits"", ""block_size"", ""kth""}:
    ^^^^
SyntaxError: invalid syntax",bde9544523426321,stage4/results/tensorflow-thesis-all-coverage/execution_results/tensorflow.losses.MSE.results.json,stage4/results/tensorflow-thesis-all-coverage/failure.csv,
tensorflow,tensorflow.losses.MSE,stage4_coverage,uncovered_api,Stage 4 did not cover API; valid_programs=0 bugs=0,cc0b1899b2bad6c1,stage4/results/tensorflow-thesis-all-coverage/coverage_report.json,stage4/results/tensorflow-thesis-all-coverage/coverage_report.json,
tensorflow,tensorflow.losses.binary_crossentropy,stage4_coverage,selected_function_line_coverage_percent=0 < 60,selected_function_line_coverage_percent=0 < 60,0884f14f4093f3e8,,stage4/results/tensorflow-thesis-all-coverage/low_coverage.csv,
tensorflow,tensorflow.losses.binary_crossentropy,stage4_coverage,uncovered_api,Stage 4 did not cover API; valid_programs=0 bugs=0,51d2bc6af9fd27fa,stage4/results/tensorflow-thesis-all-coverage/coverage_report.json,stage4/results/tensorflow-thesis-all-coverage/coverage_report.json,
tensorflow,tensorflow.losses.binary_crossentropy,stage4_runtime,WorkerCrash,"Traceback (most recent call last):
  File ""<frozen runpy>"", line 198, in _run_module_as_main
  File ""<frozen runpy>"", line 88, in _run_code
  File ""/Users/aryansg/Desktop/DeepFuzz/stage4/stage4_worker.py"", line 27, in <module>
    from json2init.deepfuzz_common import (  # noqa: E402
    ...<7 lines>...
    )
  File ""/Users/aryansg/Desktop/DeepFuzz/json2init/deepfuzz_common.py"", line 321
    elif lname in {""axis"", ""dim"", ""depth"", ""k"", ""num"", ""count"", ""window_length"", ""fft_length"", ""sequence_length"", ""sequence_stride"", ""num_bits"", ""block_size"", ""kth""}:
    ^^^^
SyntaxError: invalid syntax",946a38ad85fbbcf2,stage4/results/tensorflow-thesis-all-coverage/execution_results/tensorflow.losses.binary_crossentropy.results.json,stage4/results/tensorflow-thesis-all-coverage/failure.csv,
tensorflow,tensorflow.losses.binary_focal_crossentropy,stage4_coverage,uncovered_api,Stage 4 did not cover API; valid_programs=0 bugs=0,7337aa1f6ea6a5a5,stage4/results/tensorflow-thesis-all-coverage/coverage_report.json,stage4/results/tensorflow-thesis-all-coverage/coverage_report.json,
tensorflow,tensorflow.losses.binary_focal_crossentropy,stage4_coverage,selected_function_line_coverage_percent=0 < 60,selected_function_line_coverage_percent=0 < 60,8db96548a00ed65e,,stage4/results/tensorflow-thesis-all-coverage/low_coverage.csv,
tensorflow,tensorflow.losses.binary_focal_crossentropy,stage4_runtime,WorkerCrash,"Traceback (most recent call last):
  File ""<frozen runpy>"", line 198, in _run_module_as_main
  File ""<frozen runpy>"", line 88, in _run_code
  File ""/Users/aryansg/Desktop/DeepFuzz/stage4/stage4_worker.py"", line 27, in <module>
    from json2init.deepfuzz_common import (  # noqa: E402
    ...<7 lines>...
    )
  File ""/Users/aryansg/Desktop/DeepFuzz/json2init/deepfuzz_common.py"", line 321
    elif lname in {""axis"", ""dim"", ""depth"", ""k"", ""num"", ""count"", ""window_length"", ""fft_length"", ""sequence_length"", ""sequence_stride"", ""num_bits"", ""block_size"", ""kth""}:
    ^^^^
SyntaxError: invalid syntax",ff95343a1a382d3d,stage4/results/tensorflow-thesis-all-coverage/execution_results/tensorflow.losses.binary_focal_crossentropy.results.json,stage4/results/tensorflow-thesis-all-coverage/failure.csv,
tensorflow,tensorflow.losses.categorical_crossentropy,stage4_coverage,uncovered_api,Stage 4 did not cover API; valid_programs=0 bugs=0,005f42391b381c37,stage4/results/tensorflow-thesis-all-coverage/coverage_report.json,stage4/results/tensorflow-thesis-all-coverage/coverage_report.json,
tensorflow,tensorflow.losses.categorical_crossentropy,stage4_coverage,selected_function_line_coverage_percent=0 < 60,selected_function_line_coverage_percent=0 < 60,7e2f2186cf0dbfb0,,stage4/results/tensorflow-thesis-all-coverage/low_coverage.csv,
tensorflow,tensorflow.losses.categorical_crossentropy,stage4_runtime,WorkerCrash,"Traceback (most recent call last):
  File ""<frozen runpy>"", line 198, in _run_module_as_main
  File ""<frozen runpy>"", line 88, in _run_code
  File ""/Users/aryansg/Desktop/DeepFuzz/stage4/stage4_worker.py"", line 27, in <module>
    from json2init.deepfuzz_common import (  # noqa: E402
    ...<7 lines>...
    )
  File ""/Users/aryansg/Desktop/DeepFuzz/json2init/deepfuzz_common.py"", line 321
    elif lname in {""axis"", ""dim"", ""depth"", ""k"", ""num"", ""count"", ""window_length"", ""fft_length"", ""sequence_length"", ""sequence_stride"", ""num_bits"", ""block_size"", ""kth""}:
    ^^^^
SyntaxError: invalid syntax",8051a8a5cd612236,stage4/results/tensorflow-thesis-all-coverage/execution_results/tensorflow.losses.categorical_crossentropy.results.json,stage4/results/tensorflow-thesis-all-coverage/failure.csv,
tensorflow,tensorflow.losses.categorical_focal_crossentropy,stage4_coverage,selected_function_line_coverage_percent=0 < 60,selected_function_line_coverage_percent=0 < 60,a4272ae45368f920,,stage4/results/tensorflow-thesis-all-coverage/low_coverage.csv,
tensorflow,tensorflow.losses.categorical_focal_crossentropy,stage4_coverage,uncovered_api,Stage 4 did not cover API; valid_programs=0 bugs=0,b60d618381c46bb5,stage4/results/tensorflow-thesis-all-coverage/coverage_report.json,stage4/results/tensorflow-thesis-all-coverage/coverage_report.json,
tensorflow,tensorflow.losses.categorical_focal_crossentropy,stage4_runtime,WorkerCrash,"Traceback (most recent call last):
  File ""<frozen runpy>"", line 198, in _run_module_as_main
  File ""<frozen runpy>"", line 88, in _run_code
  File ""/Users/aryansg/Desktop/DeepFuzz/stage4/stage4_worker.py"", line 27, in <module>
    from json2init.deepfuzz_common import (  # noqa: E402
    ...<7 lines>...
    )
  File ""/Users/aryansg/Desktop/DeepFuzz/json2init/deepfuzz_common.py"", line 321
    elif lname in {""axis"", ""dim"", ""depth"", ""k"", ""num"", ""count"", ""window_length"", ""fft_length"", ""sequence_length"", ""sequence_stride"", ""num_bits"", ""block_size"", ""kth""}:
    ^^^^
SyntaxError: invalid syntax",b7e0705eff576517,stage4/results/tensorflow-thesis-all-coverage/execution_results/tensorflow.losses.categorical_focal_crossentropy.results.json,stage4/results/tensorflow-thesis-all-coverage/failure.csv,
tensorflow,tensorflow.losses.categorical_generalized_cross_entropy,stage4_runtime,WorkerCrash,"Traceback (most recent call last):
  File ""<frozen runpy>"", line 198, in _run_module_as_main
  File ""<frozen runpy>"", line 88, in _run_code
  File ""/Users/aryansg/Desktop/DeepFuzz/stage4/stage4_worker.py"", line 27, in <module>
    from json2init.deepfuzz_common import (  # noqa: E402
    ...<7 lines>...
    )
  File ""/Users/aryansg/Desktop/DeepFuzz/json2init/deepfuzz_common.py"", line 321
    elif lname in {""axis"", ""dim"", ""depth"", ""k"", ""num"", ""count"", ""window_length"", ""fft_length"", ""sequence_length"", ""sequence_stride"", ""num_bits"", ""block_size"", ""kth""}:
    ^^^^
SyntaxError: invalid syntax",2ad3ca932fd9b49e,stage4/results/tensorflow-thesis-all-coverage/execution_results/tensorflow.losses.categorical_generalized_cross_entropy.results.json,stage4/results/tensorflow-thesis-all-coverage/failure.csv,
tensorflow,tensorflow.losses.categorical_generalized_cross_entropy,stage4_coverage,selected_function_line_coverage_percent=0 < 60,selected_function_line_coverage_percent=0 < 60,adf687f4587a628d,,stage4/results/tensorflow-thesis-all-coverage/low_coverage.csv,
tensorflow,tensorflow.losses.categorical_generalized_cross_entropy,stage4_coverage,uncovered_api,Stage 4 did not cover API; valid_programs=0 bugs=0,d1938b9ea36829cb,stage4/results/tensorflow-thesis-all-coverage/coverage_report.json,stage4/results/tensorflow-thesis-all-coverage/coverage_report.json,
tensorflow,tensorflow.losses.categorical_hinge,stage4_coverage,uncovered_api,Stage 4 did not cover API; valid_programs=0 bugs=0,04440ccc5be92150,stage4/results/tensorflow-thesis-all-coverage/coverage_report.json,stage4/results/tensorflow-thesis-all-coverage/coverage_report.json,
tensorflow,tensorflow.losses.categorical_hinge,stage4_runtime,WorkerCrash,"Traceback (most recent call last):
  File ""<frozen runpy>"", line 198, in _run_module_as_main
  File ""<frozen runpy>"", line 88, in _run_code
  File ""/Users/aryansg/Desktop/DeepFuzz/stage4/stage4_worker.py"", line 27, in <module>
    from json2init.deepfuzz_common import (  # noqa: E402
    ...<7 lines>...
    )
  File ""/Users/aryansg/Desktop/DeepFuzz/json2init/deepfuzz_common.py"", line 321
    elif lname in {""axis"", ""dim"", ""depth"", ""k"", ""num"", ""count"", ""window_length"", ""fft_length"", ""sequence_length"", ""sequence_stride"", ""num_bits"", ""block_size"", ""kth""}:
    ^^^^
SyntaxError: invalid syntax",95a4ed638d6f868e,stage4/results/tensorflow-thesis-all-coverage/execution_results/tensorflow.losses.categorical_hinge.results.json,stage4/results/tensorflow-thesis-all-coverage/failure.csv,
tensorflow,tensorflow.losses.categorical_hinge,stage4_coverage,selected_function_line_coverage_percent=0 < 60,selected_function_line_coverage_percent=0 < 60,b66cbadfc020fc71,,stage4/results/tensorflow-thesis-all-coverage/low_coverage.csv,
tensorflow,tensorflow.losses.circle,stage4_runtime,WorkerCrash,"Traceback (most recent call last):
  File ""<frozen runpy>"", line 198, in _run_module_as_main
  File ""<frozen runpy>"", line 88, in _run_code
  File ""/Users/aryansg/Desktop/DeepFuzz/stage4/stage4_worker.py"", line 27, in <module>
    from json2init.deepfuzz_common import (  # noqa: E402
    ...<7 lines>...
    )
  File ""/Users/aryansg/Desktop/DeepFuzz/json2init/deepfuzz_common.py"", line 321
    elif lname in {""axis"", ""dim"", ""depth"", ""k"", ""num"", ""count"", ""window_length"", ""fft_length"", ""sequence_length"", ""sequence_stride"", ""num_bits"", ""block_size"", ""kth""}:
    ^^^^
SyntaxError: invalid syntax",21500451d14d4be9,stage4/results/tensorflow-thesis-all-coverage/execution_results/tensorflow.losses.circle.results.json,stage4/results/tensorflow-thesis-all-coverage/failure.csv,
tensorflow,tensorflow.losses.circle,stage4_coverage,uncovered_api,Stage 4 did not cover API; valid_programs=0 bugs=0,2dd182884b00222f,stage4/results/tensorflow-thesis-all-coverage/coverage_report.json,stage4/results/tensorflow-thesis-all-coverage/coverage_report.json,
tensorflow,tensorflow.losses.circle,stage4_coverage,selected_function_line_coverage_percent=0 < 60,selected_function_line_coverage_percent=0 < 60,977547073fb3174a,,stage4/results/tensorflow-thesis-all-coverage/low_coverage.csv,
tensorflow,tensorflow.losses.cosine_similarity,stage4_coverage,selected_function_line_coverage_percent=0 < 60,selected_function_line_coverage_percent=0 < 60,1305eb1f4247eb98,,stage4/results/tensorflow-thesis-all-coverage/low_coverage.csv,
tensorflow,tensorflow.losses.cosine_similarity,stage4_coverage,uncovered_api,Stage 4 did not cover API; valid_programs=0 bugs=0,7739ee6a84ef642d,stage4/results/tensorflow-thesis-all-coverage/coverage_report.json,stage4/results/tensorflow-thesis-all-coverage/coverage_report.json,
tensorflow,tensorflow.losses.cosine_similarity,stage4_runtime,WorkerCrash,"Traceback (most recent call last):
  File ""<frozen runpy>"", line 198, in _run_module_as_main
  File ""<frozen runpy>"", line 88, in _run_code
  File ""/Users/aryansg/Desktop/DeepFuzz/stage4/stage4_worker.py"", line 27, in <module>
    from json2init.deepfuzz_common import (  # noqa: E402
    ...<7 lines>...
    )
  File ""/Users/aryansg/Desktop/DeepFuzz/json2init/deepfuzz_common.py"", line 321
    elif lname in {""axis"", ""dim"", ""depth"", ""k"", ""num"", ""count"", ""window_length"", ""fft_length"", ""sequence_length"", ""sequence_stride"", ""num_bits"", ""block_size"", ""kth""}:
    ^^^^
SyntaxError: invalid syntax",93812ff272b7a22e,stage4/results/tensorflow-thesis-all-coverage/execution_results/tensorflow.losses.cosine_similarity.results.json,stage4/results/tensorflow-thesis-all-coverage/failure.csv,
tensorflow,tensorflow.losses.dice,stage4_coverage,uncovered_api,Stage 4 did not cover API; valid_programs=0 bugs=0,0b0a10a0b9cb752d,stage4/results/tensorflow-thesis-all-coverage/coverage_report.json,stage4/results/tensorflow-thesis-all-coverage/coverage_report.json,
tensorflow,tensorflow.losses.dice,stage4_coverage,selected_function_line_coverage_percent=0 < 60,selected_function_line_coverage_percent=0 < 60,28bf8425537605b0,,stage4/results/tensorflow-thesis-all-coverage/low_coverage.csv,
tensorflow,tensorflow.losses.dice,stage4_runtime,WorkerCrash,"Traceback (most recent call last):
  File ""<frozen runpy>"", line 198, in _run_module_as_main
  File ""<frozen runpy>"", line 88, in _run_code
  File ""/Users/aryansg/Desktop/DeepFuzz/stage4/stage4_worker.py"", line 27, in <module>
    from json2init.deepfuzz_common import (  # noqa: E402
    ...<7 lines>...
    )
  File ""/Users/aryansg/Desktop/DeepFuzz/json2init/deepfuzz_common.py"", line 321
    elif lname in {""axis"", ""dim"", ""depth"", ""k"", ""num"", ""count"", ""window_length"", ""fft_length"", ""sequence_length"", ""sequence_stride"", ""num_bits"", ""block_size"", ""kth""}:
    ^^^^
SyntaxError: invalid syntax",ec7dd13bc9b0653b,stage4/results/tensorflow-thesis-all-coverage/execution_results/tensorflow.losses.dice.results.json,stage4/results/tensorflow-thesis-all-coverage/failure.csv,
tensorflow,tensorflow.losses.hinge,stage4_coverage,uncovered_api,Stage 4 did not cover API; valid_programs=0 bugs=0,b700b6e9845ab503,stage4/results/tensorflow-thesis-all-coverage/coverage_report.json,stage4/results/tensorflow-thesis-all-coverage/coverage_report.json,
tensorflow,tensorflow.losses.hinge,stage4_coverage,selected_function_line_coverage_percent=0 < 60,selected_function_line_coverage_percent=0 < 60,c5a0700b02598038,,stage4/results/tensorflow-thesis-all-coverage/low_coverage.csv,
tensorflow,tensorflow.losses.hinge,stage4_runtime,WorkerCrash,"Traceback (most recent call last):
  File ""<frozen runpy>"", line 198, in _run_module_as_main
  File ""<frozen runpy>"", line 88, in _run_code
  File ""/Users/aryansg/Desktop/DeepFuzz/stage4/stage4_worker.py"", line 27, in <module>
    from json2init.deepfuzz_common import (  # noqa: E402
    ...<7 lines>...
    )
  File ""/Users/aryansg/Desktop/DeepFuzz/json2init/deepfuzz_common.py"", line 321
    elif lname in {""axis"", ""dim"", ""depth"", ""k"", ""num"", ""count"", ""window_length"", ""fft_length"", ""sequence_length"", ""sequence_stride"", ""num_bits"", ""block_size"", ""kth""}:
    ^^^^
SyntaxError: invalid syntax",e69836e269405628,stage4/results/tensorflow-thesis-all-coverage/execution_results/tensorflow.losses.hinge.results.json,stage4/results/tensorflow-thesis-all-coverage/failure.csv,
tensorflow,tensorflow.losses.huber,stage4_coverage,selected_function_line_coverage_percent=0 < 60,selected_function_line_coverage_percent=0 < 60,08570ee504fa03f4,,stage4/results/tensorflow-thesis-all-coverage/low_coverage.csv,
tensorflow,tensorflow.losses.huber,stage4_coverage,uncovered_api,Stage 4 did not cover API; valid_programs=0 bugs=0,2c4602b70a45d2e7,stage4/results/tensorflow-thesis-all-coverage/coverage_report.json,stage4/results/tensorflow-thesis-all-coverage/coverage_report.json,
tensorflow,tensorflow.losses.huber,stage4_runtime,WorkerCrash,"Traceback (most recent call last):
  File ""<frozen runpy>"", line 198, in _run_module_as_main
  File ""<frozen runpy>"", line 88, in _run_code
  File ""/Users/aryansg/Desktop/DeepFuzz/stage4/stage4_worker.py"", line 27, in <module>
    from json2init.deepfuzz_common import (  # noqa: E402
    ...<7 lines>...
    )
  File ""/Users/aryansg/Desktop/DeepFuzz/json2init/deepfuzz_common.py"", line 321
    elif lname in {""axis"", ""dim"", ""depth"", ""k"", ""num"", ""count"", ""window_length"", ""fft_length"", ""sequence_length"", ""sequence_stride"", ""num_bits"", ""block_size"", ""kth""}:
    ^^^^
SyntaxError: invalid syntax",63428827eba39f80,stage4/results/tensorflow-thesis-all-coverage/execution_results/tensorflow.losses.huber.results.json,stage4/results/tensorflow-thesis-all-coverage/failure.csv,
tensorflow,tensorflow.losses.kullback_leibler_divergence,stage4_coverage,selected_function_line_coverage_percent=0 < 60,selected_function_line_coverage_percent=0 < 60,4a5fc309d2ac38ff,,stage4/results/tensorflow-thesis-all-coverage/low_coverage.csv,
tensorflow,tensorflow.losses.kullback_leibler_divergence,stage4_runtime,WorkerCrash,"Traceback (most recent call last):
  File ""<frozen runpy>"", line 198, in _run_module_as_main
  File ""<frozen runpy>"", line 88, in _run_code
  File ""/Users/aryansg/Desktop/DeepFuzz/stage4/stage4_worker.py"", line 27, in <module>
    from json2init.deepfuzz_common import (  # noqa: E402
    ...<7 lines>...
    )
  File ""/Users/aryansg/Desktop/DeepFuzz/json2init/deepfuzz_common.py"", line 321
    elif lname in {""axis"", ""dim"", ""depth"", ""k"", ""num"", ""count"", ""window_length"", ""fft_length"", ""sequence_length"", ""sequence_stride"", ""num_bits"", ""block_size"", ""kth""}:
    ^^^^
SyntaxError: invalid syntax",53c0ef9536195543,stage4/results/tensorflow-thesis-all-coverage/execution_results/tensorflow.losses.kullback_leibler_divergence.results.json,stage4/results/tensorflow-thesis-all-coverage/failure.csv,
tensorflow,tensorflow.losses.kullback_leibler_divergence,stage4_coverage,uncovered_api,Stage 4 did not cover API; valid_programs=0 bugs=0,c92f533817b0fd7a,stage4/results/tensorflow-thesis-all-coverage/coverage_report.json,stage4/results/tensorflow-thesis-all-coverage/coverage_report.json,
tensorflow,tensorflow.losses.logcosh,stage4_coverage,uncovered_api,Stage 4 did not cover API; valid_programs=0 bugs=0,173c6a98a52283d5,stage4/results/tensorflow-thesis-all-coverage/coverage_report.json,stage4/results/tensorflow-thesis-all-coverage/coverage_report.json,
tensorflow,tensorflow.losses.logcosh,stage4_coverage,selected_function_line_coverage_percent=0 < 60,selected_function_line_coverage_percent=0 < 60,42063bed3dddaf17,,stage4/results/tensorflow-thesis-all-coverage/low_coverage.csv,
tensorflow,tensorflow.losses.logcosh,stage4_runtime,WorkerCrash,"Traceback (most recent call last):
  File ""<frozen runpy>"", line 198, in _run_module_as_main
  File ""<frozen runpy>"", line 88, in _run_code
  File ""/Users/aryansg/Desktop/DeepFuzz/stage4/stage4_worker.py"", line 27, in <module>
    from json2init.deepfuzz_common import (  # noqa: E402
    ...<7 lines>...
    )
  File ""/Users/aryansg/Desktop/DeepFuzz/json2init/deepfuzz_common.py"", line 321
    elif lname in {""axis"", ""dim"", ""depth"", ""k"", ""num"", ""count"", ""window_length"", ""fft_length"", ""sequence_length"", ""sequence_stride"", ""num_bits"", ""block_size"", ""kth""}:
    ^^^^
SyntaxError: invalid syntax",f41ea0e9051724a4,stage4/results/tensorflow-thesis-all-coverage/execution_results/tensorflow.losses.logcosh.results.json,stage4/results/tensorflow-thesis-all-coverage/failure.csv,
tensorflow,tensorflow.losses.poisson,stage4_coverage,uncovered_api,Stage 4 did not cover API; valid_programs=0 bugs=0,0b28de74c0d64703,stage4/results/tensorflow-thesis-all-coverage/coverage_report.json,stage4/results/tensorflow-thesis-all-coverage/coverage_report.json,
tensorflow,tensorflow.losses.poisson,stage4_runtime,WorkerCrash,"Traceback (most recent call last):
  File ""<frozen runpy>"", line 198, in _run_module_as_main
  File ""<frozen runpy>"", line 88, in _run_code
  File ""/Users/aryansg/Desktop/DeepFuzz/stage4/stage4_worker.py"", line 27, in <module>
    from json2init.deepfuzz_common import (  # noqa: E402
    ...<7 lines>...
    )
  File ""/Users/aryansg/Desktop/DeepFuzz/json2init/deepfuzz_common.py"", line 321
    elif lname in {""axis"", ""dim"", ""depth"", ""k"", ""num"", ""count"", ""window_length"", ""fft_length"", ""sequence_length"", ""sequence_stride"", ""num_bits"", ""block_size"", ""kth""}:
    ^^^^
SyntaxError: invalid syntax",285ee669e8b74ccd,stage4/results/tensorflow-thesis-all-coverage/execution_results/tensorflow.losses.poisson.results.json,stage4/results/tensorflow-thesis-all-coverage/failure.csv,
tensorflow,tensorflow.losses.poisson,stage4_coverage,selected_function_line_coverage_percent=0 < 60,selected_function_line_coverage_percent=0 < 60,9e1f4024208c93ec,,stage4/results/tensorflow-thesis-all-coverage/low_coverage.csv,
tensorflow,tensorflow.losses.squared_hinge,stage4_coverage,uncovered_api,Stage 4 did not cover API; valid_programs=0 bugs=0,333751851a132e5d,stage4/results/tensorflow-thesis-all-coverage/coverage_report.json,stage4/results/tensorflow-thesis-all-coverage/coverage_report.json,
tensorflow,tensorflow.losses.squared_hinge,stage4_coverage,selected_function_line_coverage_percent=0 < 60,selected_function_line_coverage_percent=0 < 60,6a845c9130b5eb84,,stage4/results/tensorflow-thesis-all-coverage/low_coverage.csv,
tensorflow,tensorflow.losses.squared_hinge,stage4_runtime,WorkerCrash,"Traceback (most recent call last):
  File ""<frozen runpy>"", line 198, in _run_module_as_main
  File ""<frozen runpy>"", line 88, in _run_code
  File ""/Users/aryansg/Desktop/DeepFuzz/stage4/stage4_worker.py"", line 27, in <module>
    from json2init.deepfuzz_common import (  # noqa: E402
    ...<7 lines>...
    )
  File ""/Users/aryansg/Desktop/DeepFuzz/json2init/deepfuzz_common.py"", line 321
    elif lname in {""axis"", ""dim"", ""depth"", ""k"", ""num"", ""count"", ""window_length"", ""fft_length"", ""sequence_length"", ""sequence_stride"", ""num_bits"", ""block_size"", ""kth""}:
    ^^^^
SyntaxError: invalid syntax",c19db6f14da1a666,stage4/results/tensorflow-thesis-all-coverage/execution_results/tensorflow.losses.squared_hinge.results.json,stage4/results/tensorflow-thesis-all-coverage/failure.csv,
tensorflow,tensorflow.losses.tversky,stage4_coverage,selected_function_line_coverage_percent=0 < 60,selected_function_line_coverage_percent=0 < 60,0ac9a7e9153c8498,,stage4/results/tensorflow-thesis-all-coverage/low_coverage.csv,
tensorflow,tensorflow.losses.tversky,stage4_coverage,uncovered_api,Stage 4 did not cover API; valid_programs=0 bugs=0,32fde42d4f9f8313,stage4/results/tensorflow-thesis-all-coverage/coverage_report.json,stage4/results/tensorflow-thesis-all-coverage/coverage_report.json,
tensorflow,tensorflow.losses.tversky,stage4_runtime,WorkerCrash,"Traceback (most recent call last):
  File ""<frozen runpy>"", line 198, in _run_module_as_main
  File ""<frozen runpy>"", line 88, in _run_code
  File ""/Users/aryansg/Desktop/DeepFuzz/stage4/stage4_worker.py"", line 27, in <module>
    from json2init.deepfuzz_common import (  # noqa: E402
    ...<7 lines>...
    )
  File ""/Users/aryansg/Desktop/DeepFuzz/json2init/deepfuzz_common.py"", line 321
    elif lname in {""axis"", ""dim"", ""depth"", ""k"", ""num"", ""count"", ""window_length"", ""fft_length"", ""sequence_length"", ""sequence_stride"", ""num_bits"", ""block_size"", ""kth""}:
    ^^^^
SyntaxError: invalid syntax",43322e353116b02a,stage4/results/tensorflow-thesis-all-coverage/execution_results/tensorflow.losses.tversky.results.json,stage4/results/tensorflow-thesis-all-coverage/failure.csv,
tensorflow,tensorflow.math.acos,stage4_runtime,WorkerCrash,"Traceback (most recent call last):
  File ""<frozen runpy>"", line 198, in _run_module_as_main
  File ""<frozen runpy>"", line 88, in _run_code
  File ""/Users/aryansg/Desktop/DeepFuzz/stage4/stage4_worker.py"", line 27, in <module>
    from json2init.deepfuzz_common import (  # noqa: E402
    ...<7 lines>...
    )
  File ""/Users/aryansg/Desktop/DeepFuzz/json2init/deepfuzz_common.py"", line 321
    elif lname in {""axis"", ""dim"", ""depth"", ""k"", ""num"", ""count"", ""window_length"", ""fft_length"", ""sequence_length"", ""sequence_stride"", ""num_bits"", ""block_size"", ""kth""}:
    ^^^^
SyntaxError: invalid syntax",a3d2d2f35b670159,stage4/results/tensorflow-thesis-all-coverage/execution_results/tensorflow.math.acos.results.json,stage4/results/tensorflow-thesis-all-coverage/failure.csv,
tensorflow,tensorflow.math.acos,stage4_coverage,uncovered_api,Stage 4 did not cover API; valid_programs=0 bugs=0,b60d1e33092bf759,stage4/results/tensorflow-thesis-all-coverage/coverage_report.json,stage4/results/tensorflow-thesis-all-coverage/coverage_report.json,
tensorflow,tensorflow.math.acos,stage4_coverage,selected_function_line_coverage_percent=0 < 60,selected_function_line_coverage_percent=0 < 60,dbe6474ce40010af,,stage4/results/tensorflow-thesis-all-coverage/low_coverage.csv,
tensorflow,tensorflow.math.acosh,stage4_coverage,selected_function_line_coverage_percent=0 < 60,selected_function_line_coverage_percent=0 < 60,b7b868690265f69a,,stage4/results/tensorflow-thesis-all-coverage/low_coverage.csv,
tensorflow,tensorflow.math.acosh,stage4_runtime,WorkerCrash,"Traceback (most recent call last):
  File ""<frozen runpy>"", line 198, in _run_module_as_main
  File ""<frozen runpy>"", line 88, in _run_code
  File ""/Users/aryansg/Desktop/DeepFuzz/stage4/stage4_worker.py"", line 27, in <module>
    from json2init.deepfuzz_common import (  # noqa: E402
    ...<7 lines>...
    )
  File ""/Users/aryansg/Desktop/DeepFuzz/json2init/deepfuzz_common.py"", line 321
    elif lname in {""axis"", ""dim"", ""depth"", ""k"", ""num"", ""count"", ""window_length"", ""fft_length"", ""sequence_length"", ""sequence_stride"", ""num_bits"", ""block_size"", ""kth""}:
    ^^^^
SyntaxError: invalid syntax",c8c766fa966520d5,stage4/results/tensorflow-thesis-all-coverage/execution_results/tensorflow.math.acosh.results.json,stage4/results/tensorflow-thesis-all-coverage/failure.csv,
tensorflow,tensorflow.math.acosh,stage4_coverage,uncovered_api,Stage 4 did not cover API; valid_programs=0 bugs=0,fb8fb44024c29f78,stage4/results/tensorflow-thesis-all-coverage/coverage_report.json,stage4/results/tensorflow-thesis-all-coverage/coverage_report.json,
tensorflow,tensorflow.math.argmax,stage4_coverage,uncovered_api,Stage 4 did not cover API; valid_programs=0 bugs=0,2f77de5d4696f1eb,stage4/results/tensorflow-thesis-all-coverage/coverage_report.json,stage4/results/tensorflow-thesis-all-coverage/coverage_report.json,
tensorflow,tensorflow.math.argmax,stage4_runtime,WorkerCrash,"Traceback (most recent call last):
  File ""<frozen runpy>"", line 198, in _run_module_as_main
  File ""<frozen runpy>"", line 88, in _run_code
  File ""/Users/aryansg/Desktop/DeepFuzz/stage4/stage4_worker.py"", line 27, in <module>
    from json2init.deepfuzz_common import (  # noqa: E402
    ...<7 lines>...
    )
  File ""/Users/aryansg/Desktop/DeepFuzz/json2init/deepfuzz_common.py"", line 321
    elif lname in {""axis"", ""dim"", ""depth"", ""k"", ""num"", ""count"", ""window_length"", ""fft_length"", ""sequence_length"", ""sequence_stride"", ""num_bits"", ""block_size"", ""kth""}:
    ^^^^
SyntaxError: invalid syntax",7cbff7d81aee0dd4,stage4/results/tensorflow-thesis-all-coverage/execution_results/tensorflow.math.argmax.results.json,stage4/results/tensorflow-thesis-all-coverage/failure.csv,
tensorflow,tensorflow.math.argmax,stage4_coverage,selected_function_line_coverage_percent=0 < 60,selected_function_line_coverage_percent=0 < 60,d0d30fcfc9b608dc,,stage4/results/tensorflow-thesis-all-coverage/low_coverage.csv,
tensorflow,tensorflow.math.argmin,stage4_coverage,uncovered_api,Stage 4 did not cover API; valid_programs=0 bugs=0,71705b397385ad86,stage4/results/tensorflow-thesis-all-coverage/coverage_report.json,stage4/results/tensorflow-thesis-all-coverage/coverage_report.json,
tensorflow,tensorflow.math.argmin,stage4_runtime,WorkerCrash,"Traceback (most recent call last):
  File ""<frozen runpy>"", line 198, in _run_module_as_main
  File ""<frozen runpy>"", line 88, in _run_code
  File ""/Users/aryansg/Desktop/DeepFuzz/stage4/stage4_worker.py"", line 27, in <module>
    from json2init.deepfuzz_common import (  # noqa: E402
    ...<7 lines>...
    )
  File ""/Users/aryansg/Desktop/DeepFuzz/json2init/deepfuzz_common.py"", line 321
    elif lname in {""axis"", ""dim"", ""depth"", ""k"", ""num"", ""count"", ""window_length"", ""fft_length"", ""sequence_length"", ""sequence_stride"", ""num_bits"", ""block_size"", ""kth""}:
    ^^^^
SyntaxError: invalid syntax",9af80926895b5c24,stage4/results/tensorflow-thesis-all-coverage/execution_results/tensorflow.math.argmin.results.json,stage4/results/tensorflow-thesis-all-coverage/failure.csv,
tensorflow,tensorflow.math.argmin,stage4_coverage,selected_function_line_coverage_percent=0 < 60,selected_function_line_coverage_percent=0 < 60,b5d798bc3d1ecf2a,,stage4/results/tensorflow-thesis-all-coverage/low_coverage.csv,
tensorflow,tensorflow.math.atan2,stage4_runtime,WorkerCrash,"Traceback (most recent call last):
  File ""<frozen runpy>"", line 198, in _run_module_as_main
  File ""<frozen runpy>"", line 88, in _run_code
  File ""/Users/aryansg/Desktop/DeepFuzz/stage4/stage4_worker.py"", line 27, in <module>
    from json2init.deepfuzz_common import (  # noqa: E402
    ...<7 lines>...
    )
  File ""/Users/aryansg/Desktop/DeepFuzz/json2init/deepfuzz_common.py"", line 321
    elif lname in {""axis"", ""dim"", ""depth"", ""k"", ""num"", ""count"", ""window_length"", ""fft_length"", ""sequence_length"", ""sequence_stride"", ""num_bits"", ""block_size"", ""kth""}:
    ^^^^
SyntaxError: invalid syntax",0caea8a51ed26466,stage4/results/tensorflow-thesis-all-coverage/execution_results/tensorflow.math.atan2.results.json,stage4/results/tensorflow-thesis-all-coverage/failure.csv,
tensorflow,tensorflow.math.atan2,stage4_coverage,uncovered_api,Stage 4 did not cover API; valid_programs=0 bugs=0,856377f1e0a0cc7d,stage4/results/tensorflow-thesis-all-coverage/coverage_report.json,stage4/results/tensorflow-thesis-all-coverage/coverage_report.json,
tensorflow,tensorflow.math.atan2,stage4_coverage,selected_function_line_coverage_percent=0 < 60,selected_function_line_coverage_percent=0 < 60,afda6d4802f9e385,,stage4/results/tensorflow-thesis-all-coverage/low_coverage.csv,
tensorflow,tensorflow.math.bessel_i0,stage4_coverage,selected_function_line_coverage_percent=0 < 60,selected_function_line_coverage_percent=0 < 60,09045e26a294c90c,,stage4/results/tensorflow-thesis-all-coverage/low_coverage.csv,
tensorflow,tensorflow.math.bessel_i0,stage4_coverage,uncovered_api,Stage 4 did not cover API; valid_programs=0 bugs=0,c17123af3f3819e8,stage4/results/tensorflow-thesis-all-coverage/coverage_report.json,stage4/results/tensorflow-thesis-all-coverage/coverage_report.json,
tensorflow,tensorflow.math.bessel_i0,stage4_runtime,WorkerCrash,"Traceback (most recent call last):
  File ""<frozen runpy>"", line 198, in _run_module_as_main
  File ""<frozen runpy>"", line 88, in _run_code
  File ""/Users/aryansg/Desktop/DeepFuzz/stage4/stage4_worker.py"", line 27, in <module>
    from json2init.deepfuzz_common import (  # noqa: E402
    ...<7 lines>...
    )
  File ""/Users/aryansg/Desktop/DeepFuzz/json2init/deepfuzz_common.py"", line 321
    elif lname in {""axis"", ""dim"", ""depth"", ""k"", ""num"", ""count"", ""window_length"", ""fft_length"", ""sequence_length"", ""sequence_stride"", ""num_bits"", ""block_size"", ""kth""}:
    ^^^^
SyntaxError: invalid syntax",fa1f63a6b1d58dfe,stage4/results/tensorflow-thesis-all-coverage/execution_results/tensorflow.math.bessel_i0.results.json,stage4/results/tensorflow-thesis-all-coverage/failure.csv,
tensorflow,tensorflow.math.bessel_i0e,stage4_coverage,selected_function_line_coverage_percent=0 < 60,selected_function_line_coverage_percent=0 < 60,04fe85ec97cb6488,,stage4/results/tensorflow-thesis-all-coverage/low_coverage.csv,
tensorflow,tensorflow.math.bessel_i0e,stage4_coverage,uncovered_api,Stage 4 did not cover API; valid_programs=0 bugs=0,162b4c5c3afdd347,stage4/results/tensorflow-thesis-all-coverage/coverage_report.json,stage4/results/tensorflow-thesis-all-coverage/coverage_report.json,
tensorflow,tensorflow.math.bessel_i0e,stage4_runtime,WorkerCrash,"Traceback (most recent call last):
  File ""<frozen runpy>"", line 198, in _run_module_as_main
  File ""<frozen runpy>"", line 88, in _run_code
  File ""/Users/aryansg/Desktop/DeepFuzz/stage4/stage4_worker.py"", line 27, in <module>
    from json2init.deepfuzz_common import (  # noqa: E402
    ...<7 lines>...
    )
  File ""/Users/aryansg/Desktop/DeepFuzz/json2init/deepfuzz_common.py"", line 321
    elif lname in {""axis"", ""dim"", ""depth"", ""k"", ""num"", ""count"", ""window_length"", ""fft_length"", ""sequence_length"", ""sequence_stride"", ""num_bits"", ""block_size"", ""kth""}:
    ^^^^
SyntaxError: invalid syntax",d06565734db1fe5b,stage4/results/tensorflow-thesis-all-coverage/execution_results/tensorflow.math.bessel_i0e.results.json,stage4/results/tensorflow-thesis-all-coverage/failure.csv,
tensorflow,tensorflow.math.bessel_i1,stage4_coverage,uncovered_api,Stage 4 did not cover API; valid_programs=0 bugs=0,0e6b8045b853e056,stage4/results/tensorflow-thesis-all-coverage/coverage_report.json,stage4/results/tensorflow-thesis-all-coverage/coverage_report.json,
tensorflow,tensorflow.math.bessel_i1,stage4_coverage,selected_function_line_coverage_percent=0 < 60,selected_function_line_coverage_percent=0 < 60,9b2d874e9e080b0d,,stage4/results/tensorflow-thesis-all-coverage/low_coverage.csv,
tensorflow,tensorflow.math.bessel_i1,stage4_runtime,WorkerCrash,"Traceback (most recent call last):
  File ""<frozen runpy>"", line 198, in _run_module_as_main
  File ""<frozen runpy>"", line 88, in _run_code
  File ""/Users/aryansg/Desktop/DeepFuzz/stage4/stage4_worker.py"", line 27, in <module>
    from json2init.deepfuzz_common import (  # noqa: E402
    ...<7 lines>...
    )
  File ""/Users/aryansg/Desktop/DeepFuzz/json2init/deepfuzz_common.py"", line 321
    elif lname in {""axis"", ""dim"", ""depth"", ""k"", ""num"", ""count"", ""window_length"", ""fft_length"", ""sequence_length"", ""sequence_stride"", ""num_bits"", ""block_size"", ""kth""}:
    ^^^^
SyntaxError: invalid syntax",f27bbe156d7215a9,stage4/results/tensorflow-thesis-all-coverage/execution_results/tensorflow.math.bessel_i1.results.json,stage4/results/tensorflow-thesis-all-coverage/failure.csv,
tensorflow,tensorflow.math.bessel_i1e,stage4_coverage,selected_function_line_coverage_percent=0 < 60,selected_function_line_coverage_percent=0 < 60,329104b3817e8439,,stage4/results/tensorflow-thesis-all-coverage/low_coverage.csv,
tensorflow,tensorflow.math.bessel_i1e,stage4_runtime,WorkerCrash,"Traceback (most recent call last):
  File ""<frozen runpy>"", line 198, in _run_module_as_main
  File ""<frozen runpy>"", line 88, in _run_code
  File ""/Users/aryansg/Desktop/DeepFuzz/stage4/stage4_worker.py"", line 27, in <module>
    from json2init.deepfuzz_common import (  # noqa: E402
    ...<7 lines>...
    )
  File ""/Users/aryansg/Desktop/DeepFuzz/json2init/deepfuzz_common.py"", line 321
    elif lname in {""axis"", ""dim"", ""depth"", ""k"", ""num"", ""count"", ""window_length"", ""fft_length"", ""sequence_length"", ""sequence_stride"", ""num_bits"", ""block_size"", ""kth""}:
    ^^^^
SyntaxError: invalid syntax",5fc632a230d491f9,stage4/results/tensorflow-thesis-all-coverage/execution_results/tensorflow.math.bessel_i1e.results.json,stage4/results/tensorflow-thesis-all-coverage/failure.csv,
tensorflow,tensorflow.math.bessel_i1e,stage4_coverage,uncovered_api,Stage 4 did not cover API; valid_programs=0 bugs=0,83f413468710d46c,stage4/results/tensorflow-thesis-all-coverage/coverage_report.json,stage4/results/tensorflow-thesis-all-coverage/coverage_report.json,
tensorflow,tensorflow.math.betainc,stage4_coverage,uncovered_api,Stage 4 did not cover API; valid_programs=0 bugs=0,61bd8d12b75c3f2d,stage4/results/tensorflow-thesis-all-coverage/coverage_report.json,stage4/results/tensorflow-thesis-all-coverage/coverage_report.json,
tensorflow,tensorflow.math.betainc,stage4_coverage,selected_function_line_coverage_percent=0 < 60,selected_function_line_coverage_percent=0 < 60,9b5d97c331e978f3,,stage4/results/tensorflow-thesis-all-coverage/low_coverage.csv,
tensorflow,tensorflow.math.betainc,stage4_runtime,WorkerCrash,"Traceback (most recent call last):
  File ""<frozen runpy>"", line 198, in _run_module_as_main
  File ""<frozen runpy>"", line 88, in _run_code
  File ""/Users/aryansg/Desktop/DeepFuzz/stage4/stage4_worker.py"", line 27, in <module>
    from json2init.deepfuzz_common import (  # noqa: E402
    ...<7 lines>...
    )
  File ""/Users/aryansg/Desktop/DeepFuzz/json2init/deepfuzz_common.py"", line 321
    elif lname in {""axis"", ""dim"", ""depth"", ""k"", ""num"", ""count"", ""window_length"", ""fft_length"", ""sequence_length"", ""sequence_stride"", ""num_bits"", ""block_size"", ""kth""}:
    ^^^^
SyntaxError: invalid syntax",aba3829ce59d7160,stage4/results/tensorflow-thesis-all-coverage/execution_results/tensorflow.math.betainc.results.json,stage4/results/tensorflow-thesis-all-coverage/failure.csv,
tensorflow,tensorflow.math.bincount,stage4_coverage,uncovered_api,Stage 4 did not cover API; valid_programs=0 bugs=0,631296e82d4f3a02,stage4/results/tensorflow-thesis-all-coverage/coverage_report.json,stage4/results/tensorflow-thesis-all-coverage/coverage_report.json,
tensorflow,tensorflow.math.bincount,stage4_runtime,WorkerCrash,"Traceback (most recent call last):
  File ""<frozen runpy>"", line 198, in _run_module_as_main
  File ""<frozen runpy>"", line 88, in _run_code
  File ""/Users/aryansg/Desktop/DeepFuzz/stage4/stage4_worker.py"", line 27, in <module>
    from json2init.deepfuzz_common import (  # noqa: E402
    ...<7 lines>...
    )
  File ""/Users/aryansg/Desktop/DeepFuzz/json2init/deepfuzz_common.py"", line 321
    elif lname in {""axis"", ""dim"", ""depth"", ""k"", ""num"", ""count"", ""window_length"", ""fft_length"", ""sequence_length"", ""sequence_stride"", ""num_bits"", ""block_size"", ""kth""}:
    ^^^^
SyntaxError: invalid syntax",b1f7fa487b9876c6,stage4/results/tensorflow-thesis-all-coverage/execution_results/tensorflow.math.bincount.results.json,stage4/results/tensorflow-thesis-all-coverage/failure.csv,
tensorflow,tensorflow.math.bincount,stage4_coverage,selected_function_line_coverage_percent=0 < 60,selected_function_line_coverage_percent=0 < 60,e7e239ae63dfff1b,,stage4/results/tensorflow-thesis-all-coverage/low_coverage.csv,
tensorflow,tensorflow.math.ceil,stage4_runtime,WorkerCrash,"Traceback (most recent call last):
  File ""<frozen runpy>"", line 198, in _run_module_as_main
  File ""<frozen runpy>"", line 88, in _run_code
  File ""/Users/aryansg/Desktop/DeepFuzz/stage4/stage4_worker.py"", line 27, in <module>
    from json2init.deepfuzz_common import (  # noqa: E402
    ...<7 lines>...
    )
  File ""/Users/aryansg/Desktop/DeepFuzz/json2init/deepfuzz_common.py"", line 321
    elif lname in {""axis"", ""dim"", ""depth"", ""k"", ""num"", ""count"", ""window_length"", ""fft_length"", ""sequence_length"", ""sequence_stride"", ""num_bits"", ""block_size"", ""kth""}:
    ^^^^
SyntaxError: invalid syntax",284dc96bba931fd8,stage4/results/tensorflow-thesis-all-coverage/execution_results/tensorflow.math.ceil.results.json,stage4/results/tensorflow-thesis-all-coverage/failure.csv,
tensorflow,tensorflow.math.ceil,stage4_coverage,selected_function_line_coverage_percent=0 < 60,selected_function_line_coverage_percent=0 < 60,77ef98f2453f6c6d,,stage4/results/tensorflow-thesis-all-coverage/low_coverage.csv,
tensorflow,tensorflow.math.ceil,stage4_coverage,uncovered_api,Stage 4 did not cover API; valid_programs=0 bugs=0,7c04e1878aa720f7,stage4/results/tensorflow-thesis-all-coverage/coverage_report.json,stage4/results/tensorflow-thesis-all-coverage/coverage_report.json,
tensorflow,tensorflow.math.conj,stage4_coverage,selected_function_line_coverage_percent=0 < 60,selected_function_line_coverage_percent=0 < 60,2c05608056740597,,stage4/results/tensorflow-thesis-all-coverage/low_coverage.csv,
tensorflow,tensorflow.math.conj,stage4_runtime,WorkerCrash,"Traceback (most recent call last):
  File ""<frozen runpy>"", line 198, in _run_module_as_main
  File ""<frozen runpy>"", line 88, in _run_code
  File ""/Users/aryansg/Desktop/DeepFuzz/stage4/stage4_worker.py"", line 27, in <module>
    from json2init.deepfuzz_common import (  # noqa: E402
    ...<7 lines>...
    )
  File ""/Users/aryansg/Desktop/DeepFuzz/json2init/deepfuzz_common.py"", line 321
    elif lname in {""axis"", ""dim"", ""depth"", ""k"", ""num"", ""count"", ""window_length"", ""fft_length"", ""sequence_length"", ""sequence_stride"", ""num_bits"", ""block_size"", ""kth""}:
    ^^^^
SyntaxError: invalid syntax",3ae996a37e4f9983,stage4/results/tensorflow-thesis-all-coverage/execution_results/tensorflow.math.conj.results.json,stage4/results/tensorflow-thesis-all-coverage/failure.csv,
tensorflow,tensorflow.math.conj,stage4_coverage,uncovered_api,Stage 4 did not cover API; valid_programs=0 bugs=0,fe507b059802b334,stage4/results/tensorflow-thesis-all-coverage/coverage_report.json,stage4/results/tensorflow-thesis-all-coverage/coverage_report.json,
tensorflow,tensorflow.math.cos,stage4_coverage,uncovered_api,Stage 4 did not cover API; valid_programs=0 bugs=0,08bd4b09da87d3f1,stage4/results/tensorflow-thesis-all-coverage/coverage_report.json,stage4/results/tensorflow-thesis-all-coverage/coverage_report.json,
tensorflow,tensorflow.math.cos,stage4_runtime,WorkerCrash,"Traceback (most recent call last):
  File ""<frozen runpy>"", line 198, in _run_module_as_main
  File ""<frozen runpy>"", line 88, in _run_code
  File ""/Users/aryansg/Desktop/DeepFuzz/stage4/stage4_worker.py"", line 27, in <module>
    from json2init.deepfuzz_common import (  # noqa: E402
    ...<7 lines>...
    )
  File ""/Users/aryansg/Desktop/DeepFuzz/json2init/deepfuzz_common.py"", line 321
    elif lname in {""axis"", ""dim"", ""depth"", ""k"", ""num"", ""count"", ""window_length"", ""fft_length"", ""sequence_length"", ""sequence_stride"", ""num_bits"", ""block_size"", ""kth""}:
    ^^^^
SyntaxError: invalid syntax",2de63edc7dd620ad,stage4/results/tensorflow-thesis-all-coverage/execution_results/tensorflow.math.cos.results.json,stage4/results/tensorflow-thesis-all-coverage/failure.csv,
tensorflow,tensorflow.math.cos,stage4_coverage,selected_function_line_coverage_percent=0 < 60,selected_function_line_coverage_percent=0 < 60,7deccb8f6ee4cc0f,,stage4/results/tensorflow-thesis-all-coverage/low_coverage.csv,
tensorflow,tensorflow.math.cosh,stage4_coverage,selected_function_line_coverage_percent=0 < 60,selected_function_line_coverage_percent=0 < 60,39476088c1f3f1fd,,stage4/results/tensorflow-thesis-all-coverage/low_coverage.csv,
tensorflow,tensorflow.math.cosh,stage4_runtime,WorkerCrash,"Traceback (most recent call last):
  File ""<frozen runpy>"", line 198, in _run_module_as_main
  File ""<frozen runpy>"", line 88, in _run_code
  File ""/Users/aryansg/Desktop/DeepFuzz/stage4/stage4_worker.py"", line 27, in <module>
    from json2init.deepfuzz_common import (  # noqa: E402
    ...<7 lines>...
    )
  File ""/Users/aryansg/Desktop/DeepFuzz/json2init/deepfuzz_common.py"", line 321
    elif lname in {""axis"", ""dim"", ""depth"", ""k"", ""num"", ""count"", ""window_length"", ""fft_length"", ""sequence_length"", ""sequence_stride"", ""num_bits"", ""block_size"", ""kth""}:
    ^^^^
SyntaxError: invalid syntax",4ba129b7823fc0d5,stage4/results/tensorflow-thesis-all-coverage/execution_results/tensorflow.math.cosh.results.json,stage4/results/tensorflow-thesis-all-coverage/failure.csv,
tensorflow,tensorflow.math.cosh,stage4_coverage,uncovered_api,Stage 4 did not cover API; valid_programs=0 bugs=0,4f0b9c7aeb461aa8,stage4/results/tensorflow-thesis-all-coverage/coverage_report.json,stage4/results/tensorflow-thesis-all-coverage/coverage_report.json,
tensorflow,tensorflow.math.count_nonzero,stage4_coverage,uncovered_api,Stage 4 did not cover API; valid_programs=0 bugs=0,aa39e9b8e97db3b1,stage4/results/tensorflow-thesis-all-coverage/coverage_report.json,stage4/results/tensorflow-thesis-all-coverage/coverage_report.json,
tensorflow,tensorflow.math.count_nonzero,stage4_runtime,WorkerCrash,"Traceback (most recent call last):
  File ""<frozen runpy>"", line 198, in _run_module_as_main
  File ""<frozen runpy>"", line 88, in _run_code
  File ""/Users/aryansg/Desktop/DeepFuzz/stage4/stage4_worker.py"", line 27, in <module>
    from json2init.deepfuzz_common import (  # noqa: E402
    ...<7 lines>...
    )
  File ""/Users/aryansg/Desktop/DeepFuzz/json2init/deepfuzz_common.py"", line 321
    elif lname in {""axis"", ""dim"", ""depth"", ""k"", ""num"", ""count"", ""window_length"", ""fft_length"", ""sequence_length"", ""sequence_stride"", ""num_bits"", ""block_size"", ""kth""}:
    ^^^^
SyntaxError: invalid syntax",ab590cb7916d406a,stage4/results/tensorflow-thesis-all-coverage/execution_results/tensorflow.math.count_nonzero.results.json,stage4/results/tensorflow-thesis-all-coverage/failure.csv,
tensorflow,tensorflow.math.count_nonzero,stage4_coverage,selected_function_line_coverage_percent=0 < 60,selected_function_line_coverage_percent=0 < 60,c73d7b265b05da83,,stage4/results/tensorflow-thesis-all-coverage/low_coverage.csv,
tensorflow,tensorflow.math.digamma,stage4_runtime,WorkerCrash,"Traceback (most recent call last):
  File ""<frozen runpy>"", line 198, in _run_module_as_main
  File ""<frozen runpy>"", line 88, in _run_code
  File ""/Users/aryansg/Desktop/DeepFuzz/stage4/stage4_worker.py"", line 27, in <module>
    from json2init.deepfuzz_common import (  # noqa: E402
    ...<7 lines>...
    )
  File ""/Users/aryansg/Desktop/DeepFuzz/json2init/deepfuzz_common.py"", line 321
    elif lname in {""axis"", ""dim"", ""depth"", ""k"", ""num"", ""count"", ""window_length"", ""fft_length"", ""sequence_length"", ""sequence_stride"", ""num_bits"", ""block_size"", ""kth""}:
    ^^^^
SyntaxError: invalid syntax",2102aa6affc1d6ea,stage4/results/tensorflow-thesis-all-coverage/execution_results/tensorflow.math.digamma.results.json,stage4/results/tensorflow-thesis-all-coverage/failure.csv,
tensorflow,tensorflow.math.digamma,stage4_coverage,uncovered_api,Stage 4 did not cover API; valid_programs=0 bugs=0,97d0f03732ec9ce5,stage4/results/tensorflow-thesis-all-coverage/coverage_report.json,stage4/results/tensorflow-thesis-all-coverage/coverage_report.json,
tensorflow,tensorflow.math.digamma,stage4_coverage,selected_function_line_coverage_percent=0 < 60,selected_function_line_coverage_percent=0 < 60,f04d8452df7d3053,,stage4/results/tensorflow-thesis-all-coverage/low_coverage.csv,
tensorflow,tensorflow.math.divide,stage4_coverage,selected_function_line_coverage_percent=0 < 60,selected_function_line_coverage_percent=0 < 60,019d4d0052aaa1bd,,stage4/results/tensorflow-thesis-all-coverage/low_coverage.csv,
tensorflow,tensorflow.math.divide,stage4_coverage,uncovered_api,Stage 4 did not cover API; valid_programs=0 bugs=0,5bba345321c55133,stage4/results/tensorflow-thesis-all-coverage/coverage_report.json,stage4/results/tensorflow-thesis-all-coverage/coverage_report.json,
tensorflow,tensorflow.math.divide,stage4_runtime,WorkerCrash,"Traceback (most recent call last):
  File ""<frozen runpy>"", line 198, in _run_module_as_main
  File ""<frozen runpy>"", line 88, in _run_code
  File ""/Users/aryansg/Desktop/DeepFuzz/stage4/stage4_worker.py"", line 27, in <module>
    from json2init.deepfuzz_common import (  # noqa: E402
    ...<7 lines>...
    )
  File ""/Users/aryansg/Desktop/DeepFuzz/json2init/deepfuzz_common.py"", line 321
    elif lname in {""axis"", ""dim"", ""depth"", ""k"", ""num"", ""count"", ""window_length"", ""fft_length"", ""sequence_length"", ""sequence_stride"", ""num_bits"", ""block_size"", ""kth""}:
    ^^^^
SyntaxError: invalid syntax",b1ad67fa788554da,stage4/results/tensorflow-thesis-all-coverage/execution_results/tensorflow.math.divide.results.json,stage4/results/tensorflow-thesis-all-coverage/failure.csv,
tensorflow,tensorflow.math.divide_no_nan,stage4_coverage,uncovered_api,Stage 4 did not cover API; valid_programs=0 bugs=0,27270b6570ddd787,stage4/results/tensorflow-thesis-all-coverage/coverage_report.json,stage4/results/tensorflow-thesis-all-coverage/coverage_report.json,
tensorflow,tensorflow.math.divide_no_nan,stage4_coverage,selected_function_line_coverage_percent=0 < 60,selected_function_line_coverage_percent=0 < 60,935cbb8b779f47ac,,stage4/results/tensorflow-thesis-all-coverage/low_coverage.csv,
tensorflow,tensorflow.math.divide_no_nan,stage4_runtime,WorkerCrash,"Traceback (most recent call last):
  File ""<frozen runpy>"", line 198, in _run_module_as_main
  File ""<frozen runpy>"", line 88, in _run_code
  File ""/Users/aryansg/Desktop/DeepFuzz/stage4/stage4_worker.py"", line 27, in <module>
    from json2init.deepfuzz_common import (  # noqa: E402
    ...<7 lines>...
    )
  File ""/Users/aryansg/Desktop/DeepFuzz/json2init/deepfuzz_common.py"", line 321
    elif lname in {""axis"", ""dim"", ""depth"", ""k"", ""num"", ""count"", ""window_length"", ""fft_length"", ""sequence_length"", ""sequence_stride"", ""num_bits"", ""block_size"", ""kth""}:
    ^^^^
SyntaxError: invalid syntax",d5851dbfb8ff7c8b,stage4/results/tensorflow-thesis-all-coverage/execution_results/tensorflow.math.divide_no_nan.results.json,stage4/results/tensorflow-thesis-all-coverage/failure.csv,
tensorflow,tensorflow.math.equal,stage4_coverage,uncovered_api,Stage 4 did not cover API; valid_programs=0 bugs=0,1ebb2bb9263846c0,stage4/results/tensorflow-thesis-all-coverage/coverage_report.json,stage4/results/tensorflow-thesis-all-coverage/coverage_report.json,
tensorflow,tensorflow.math.equal,stage4_runtime,WorkerCrash,"Traceback (most recent call last):
  File ""<frozen runpy>"", line 198, in _run_module_as_main
  File ""<frozen runpy>"", line 88, in _run_code
  File ""/Users/aryansg/Desktop/DeepFuzz/stage4/stage4_worker.py"", line 27, in <module>
    from json2init.deepfuzz_common import (  # noqa: E402
    ...<7 lines>...
    )
  File ""/Users/aryansg/Desktop/DeepFuzz/json2init/deepfuzz_common.py"", line 321
    elif lname in {""axis"", ""dim"", ""depth"", ""k"", ""num"", ""count"", ""window_length"", ""fft_length"", ""sequence_length"", ""sequence_stride"", ""num_bits"", ""block_size"", ""kth""}:
    ^^^^
SyntaxError: invalid syntax",2931ddc76e5833ec,stage4/results/tensorflow-thesis-all-coverage/execution_results/tensorflow.math.equal.results.json,stage4/results/tensorflow-thesis-all-coverage/failure.csv,
tensorflow,tensorflow.math.equal,stage4_coverage,selected_function_line_coverage_percent=0 < 60,selected_function_line_coverage_percent=0 < 60,9cbb08f464a0dbba,,stage4/results/tensorflow-thesis-all-coverage/low_coverage.csv,
tensorflow,tensorflow.math.erfc,stage4_coverage,uncovered_api,Stage 4 did not cover API; valid_programs=0 bugs=0,4201f938d10b72e1,stage4/results/tensorflow-thesis-all-coverage/coverage_report.json,stage4/results/tensorflow-thesis-all-coverage/coverage_report.json,
tensorflow,tensorflow.math.erfc,stage4_coverage,selected_function_line_coverage_percent=0 < 60,selected_function_line_coverage_percent=0 < 60,909ec58f81384811,,stage4/results/tensorflow-thesis-all-coverage/low_coverage.csv,
tensorflow,tensorflow.math.erfc,stage4_runtime,WorkerCrash,"Traceback (most recent call last):
  File ""<frozen runpy>"", line 198, in _run_module_as_main
  File ""<frozen runpy>"", line 88, in _run_code
  File ""/Users/aryansg/Desktop/DeepFuzz/stage4/stage4_worker.py"", line 27, in <module>
    from json2init.deepfuzz_common import (  # noqa: E402
    ...<7 lines>...
    )
  File ""/Users/aryansg/Desktop/DeepFuzz/json2init/deepfuzz_common.py"", line 321
    elif lname in {""axis"", ""dim"", ""depth"", ""k"", ""num"", ""count"", ""window_length"", ""fft_length"", ""sequence_length"", ""sequence_stride"", ""num_bits"", ""block_size"", ""kth""}:
    ^^^^
SyntaxError: invalid syntax",fed88a8f607b4160,stage4/results/tensorflow-thesis-all-coverage/execution_results/tensorflow.math.erfc.results.json,stage4/results/tensorflow-thesis-all-coverage/failure.csv,
tensorflow,tensorflow.math.exp,stage4_coverage,uncovered_api,Stage 4 did not cover API; valid_programs=0 bugs=0,162c4267c3bd9572,stage4/results/tensorflow-thesis-all-coverage/coverage_report.json,stage4/results/tensorflow-thesis-all-coverage/coverage_report.json,
tensorflow,tensorflow.math.exp,stage4_runtime,WorkerCrash,"Traceback (most recent call last):
  File ""<frozen runpy>"", line 198, in _run_module_as_main
  File ""<frozen runpy>"", line 88, in _run_code
  File ""/Users/aryansg/Desktop/DeepFuzz/stage4/stage4_worker.py"", line 27, in <module>
    from json2init.deepfuzz_common import (  # noqa: E402
    ...<7 lines>...
    )
  File ""/Users/aryansg/Desktop/DeepFuzz/json2init/deepfuzz_common.py"", line 321
    elif lname in {""axis"", ""dim"", ""depth"", ""k"", ""num"", ""count"", ""window_length"", ""fft_length"", ""sequence_length"", ""sequence_stride"", ""num_bits"", ""block_size"", ""kth""}:
    ^^^^
SyntaxError: invalid syntax",581c51bf7192517b,stage4/results/tensorflow-thesis-all-coverage/execution_results/tensorflow.math.exp.results.json,stage4/results/tensorflow-thesis-all-coverage/failure.csv,
tensorflow,tensorflow.math.exp,stage4_coverage,selected_function_line_coverage_percent=0 < 60,selected_function_line_coverage_percent=0 < 60,5be9c9609b62449f,,stage4/results/tensorflow-thesis-all-coverage/low_coverage.csv,
tensorflow,tensorflow.math.expm1,stage4_runtime,WorkerCrash,"Traceback (most recent call last):
  File ""<frozen runpy>"", line 198, in _run_module_as_main
  File ""<frozen runpy>"", line 88, in _run_code
  File ""/Users/aryansg/Desktop/DeepFuzz/stage4/stage4_worker.py"", line 27, in <module>
    from json2init.deepfuzz_common import (  # noqa: E402
    ...<7 lines>...
    )
  File ""/Users/aryansg/Desktop/DeepFuzz/json2init/deepfuzz_common.py"", line 321
    elif lname in {""axis"", ""dim"", ""depth"", ""k"", ""num"", ""count"", ""window_length"", ""fft_length"", ""sequence_length"", ""sequence_stride"", ""num_bits"", ""block_size"", ""kth""}:
    ^^^^
SyntaxError: invalid syntax",5c6c1740ccd857cf,stage4/results/tensorflow-thesis-all-coverage/execution_results/tensorflow.math.expm1.results.json,stage4/results/tensorflow-thesis-all-coverage/failure.csv,
tensorflow,tensorflow.math.expm1,stage4_coverage,uncovered_api,Stage 4 did not cover API; valid_programs=0 bugs=0,b7ccd4afad771353,stage4/results/tensorflow-thesis-all-coverage/coverage_report.json,stage4/results/tensorflow-thesis-all-coverage/coverage_report.json,
tensorflow,tensorflow.math.expm1,stage4_coverage,selected_function_line_coverage_percent=0 < 60,selected_function_line_coverage_percent=0 < 60,ca3293d1c029c94f,,stage4/results/tensorflow-thesis-all-coverage/low_coverage.csv,
tensorflow,tensorflow.math.floor,stage4_coverage,selected_function_line_coverage_percent=0 < 60,selected_function_line_coverage_percent=0 < 60,452d829558d8e6c5,,stage4/results/tensorflow-thesis-all-coverage/low_coverage.csv,
tensorflow,tensorflow.math.floor,stage4_runtime,WorkerCrash,"Traceback (most recent call last):
  File ""<frozen runpy>"", line 198, in _run_module_as_main
  File ""<frozen runpy>"", line 88, in _run_code
  File ""/Users/aryansg/Desktop/DeepFuzz/stage4/stage4_worker.py"", line 27, in <module>
    from json2init.deepfuzz_common import (  # noqa: E402
    ...<7 lines>...
    )
  File ""/Users/aryansg/Desktop/DeepFuzz/json2init/deepfuzz_common.py"", line 321
    elif lname in {""axis"", ""dim"", ""depth"", ""k"", ""num"", ""count"", ""window_length"", ""fft_length"", ""sequence_length"", ""sequence_stride"", ""num_bits"", ""block_size"", ""kth""}:
    ^^^^
SyntaxError: invalid syntax",9a605b998d4ce511,stage4/results/tensorflow-thesis-all-coverage/execution_results/tensorflow.math.floor.results.json,stage4/results/tensorflow-thesis-all-coverage/failure.csv,
tensorflow,tensorflow.math.floor,stage4_coverage,uncovered_api,Stage 4 did not cover API; valid_programs=0 bugs=0,fbf0e1e73216af30,stage4/results/tensorflow-thesis-all-coverage/coverage_report.json,stage4/results/tensorflow-thesis-all-coverage/coverage_report.json,
tensorflow,tensorflow.math.floormod,stage4_runtime,WorkerCrash,"Traceback (most recent call last):
  File ""<frozen runpy>"", line 198, in _run_module_as_main
  File ""<frozen runpy>"", line 88, in _run_code
  File ""/Users/aryansg/Desktop/DeepFuzz/stage4/stage4_worker.py"", line 27, in <module>
    from json2init.deepfuzz_common import (  # noqa: E402
    ...<7 lines>...
    )
  File ""/Users/aryansg/Desktop/DeepFuzz/json2init/deepfuzz_common.py"", line 321
    elif lname in {""axis"", ""dim"", ""depth"", ""k"", ""num"", ""count"", ""window_length"", ""fft_length"", ""sequence_length"", ""sequence_stride"", ""num_bits"", ""block_size"", ""kth""}:
    ^^^^
SyntaxError: invalid syntax",27163c2d14500ce8,stage4/results/tensorflow-thesis-all-coverage/execution_results/tensorflow.math.floormod.results.json,stage4/results/tensorflow-thesis-all-coverage/failure.csv,
tensorflow,tensorflow.math.floormod,stage4_coverage,selected_function_line_coverage_percent=0 < 60,selected_function_line_coverage_percent=0 < 60,2c3aeeed56071f5e,,stage4/results/tensorflow-thesis-all-coverage/low_coverage.csv,
tensorflow,tensorflow.math.floormod,stage4_coverage,uncovered_api,Stage 4 did not cover API; valid_programs=0 bugs=0,b99c5e35e5a64826,stage4/results/tensorflow-thesis-all-coverage/coverage_report.json,stage4/results/tensorflow-thesis-all-coverage/coverage_report.json,
tensorflow,tensorflow.math.greater,stage4_runtime,WorkerCrash,"Traceback (most recent call last):
  File ""<frozen runpy>"", line 198, in _run_module_as_main
  File ""<frozen runpy>"", line 88, in _run_code
  File ""/Users/aryansg/Desktop/DeepFuzz/stage4/stage4_worker.py"", line 27, in <module>
    from json2init.deepfuzz_common import (  # noqa: E402
    ...<7 lines>...
    )
  File ""/Users/aryansg/Desktop/DeepFuzz/json2init/deepfuzz_common.py"", line 321
    elif lname in {""axis"", ""dim"", ""depth"", ""k"", ""num"", ""count"", ""window_length"", ""fft_length"", ""sequence_length"", ""sequence_stride"", ""num_bits"", ""block_size"", ""kth""}:
    ^^^^
SyntaxError: invalid syntax",48ea5f840ba8ec2c,stage4/results/tensorflow-thesis-all-coverage/execution_results/tensorflow.math.greater.results.json,stage4/results/tensorflow-thesis-all-coverage/failure.csv,
tensorflow,tensorflow.math.greater,stage4_coverage,selected_function_line_coverage_percent=0 < 60,selected_function_line_coverage_percent=0 < 60,665a48a4bfdb624d,,stage4/results/tensorflow-thesis-all-coverage/low_coverage.csv,
tensorflow,tensorflow.math.greater,stage4_coverage,uncovered_api,Stage 4 did not cover API; valid_programs=0 bugs=0,79e7cb5d2a23f3d6,stage4/results/tensorflow-thesis-all-coverage/coverage_report.json,stage4/results/tensorflow-thesis-all-coverage/coverage_report.json,
tensorflow,tensorflow.math.greater_equal,stage4_runtime,WorkerCrash,"Traceback (most recent call last):
  File ""<frozen runpy>"", line 198, in _run_module_as_main
  File ""<frozen runpy>"", line 88, in _run_code
  File ""/Users/aryansg/Desktop/DeepFuzz/stage4/stage4_worker.py"", line 27, in <module>
    from json2init.deepfuzz_common import (  # noqa: E402
    ...<7 lines>...
    )
  File ""/Users/aryansg/Desktop/DeepFuzz/json2init/deepfuzz_common.py"", line 321
    elif lname in {""axis"", ""dim"", ""depth"", ""k"", ""num"", ""count"", ""window_length"", ""fft_length"", ""sequence_length"", ""sequence_stride"", ""num_bits"", ""block_size"", ""kth""}:
    ^^^^
SyntaxError: invalid syntax",9094a2db862fe0cd,stage4/results/tensorflow-thesis-all-coverage/execution_results/tensorflow.math.greater_equal.results.json,stage4/results/tensorflow-thesis-all-coverage/failure.csv,
tensorflow,tensorflow.math.greater_equal,stage4_coverage,uncovered_api,Stage 4 did not cover API; valid_programs=0 bugs=0,ae85bcd2dd1cb08f,stage4/results/tensorflow-thesis-all-coverage/coverage_report.json,stage4/results/tensorflow-thesis-all-coverage/coverage_report.json,
tensorflow,tensorflow.math.greater_equal,stage4_coverage,selected_function_line_coverage_percent=0 < 60,selected_function_line_coverage_percent=0 < 60,b8aff6913740ebbe,,stage4/results/tensorflow-thesis-all-coverage/low_coverage.csv,
tensorflow,tensorflow.math.igamma,stage4_coverage,uncovered_api,Stage 4 did not cover API; valid_programs=0 bugs=0,98ecf5471b31434a,stage4/results/tensorflow-thesis-all-coverage/coverage_report.json,stage4/results/tensorflow-thesis-all-coverage/coverage_report.json,
tensorflow,tensorflow.math.igamma,stage4_runtime,WorkerCrash,"Traceback (most recent call last):
  File ""<frozen runpy>"", line 198, in _run_module_as_main
  File ""<frozen runpy>"", line 88, in _run_code
  File ""/Users/aryansg/Desktop/DeepFuzz/stage4/stage4_worker.py"", line 27, in <module>
    from json2init.deepfuzz_common import (  # noqa: E402
    ...<7 lines>...
    )
  File ""/Users/aryansg/Desktop/DeepFuzz/json2init/deepfuzz_common.py"", line 321
    elif lname in {""axis"", ""dim"", ""depth"", ""k"", ""num"", ""count"", ""window_length"", ""fft_length"", ""sequence_length"", ""sequence_stride"", ""num_bits"", ""block_size"", ""kth""}:
    ^^^^
SyntaxError: invalid syntax",cb81a2a84e8e2e25,stage4/results/tensorflow-thesis-all-coverage/execution_results/tensorflow.math.igamma.results.json,stage4/results/tensorflow-thesis-all-coverage/failure.csv,
tensorflow,tensorflow.math.igamma,stage4_coverage,selected_function_line_coverage_percent=0 < 60,selected_function_line_coverage_percent=0 < 60,de42714602e63de6,,stage4/results/tensorflow-thesis-all-coverage/low_coverage.csv,
tensorflow,tensorflow.math.igammac,stage4_runtime,WorkerCrash,"Traceback (most recent call last):
  File ""<frozen runpy>"", line 198, in _run_module_as_main
  File ""<frozen runpy>"", line 88, in _run_code
  File ""/Users/aryansg/Desktop/DeepFuzz/stage4/stage4_worker.py"", line 27, in <module>
    from json2init.deepfuzz_common import (  # noqa: E402
    ...<7 lines>...
    )
  File ""/Users/aryansg/Desktop/DeepFuzz/json2init/deepfuzz_common.py"", line 321
    elif lname in {""axis"", ""dim"", ""depth"", ""k"", ""num"", ""count"", ""window_length"", ""fft_length"", ""sequence_length"", ""sequence_stride"", ""num_bits"", ""block_size"", ""kth""}:
    ^^^^
SyntaxError: invalid syntax",25cf7dfb80c11fce,stage4/results/tensorflow-thesis-all-coverage/execution_results/tensorflow.math.igammac.results.json,stage4/results/tensorflow-thesis-all-coverage/failure.csv,
tensorflow,tensorflow.math.igammac,stage4_coverage,selected_function_line_coverage_percent=0 < 60,selected_function_line_coverage_percent=0 < 60,7f71e9a30a5c5de9,,stage4/results/tensorflow-thesis-all-coverage/low_coverage.csv,
tensorflow,tensorflow.math.igammac,stage4_coverage,uncovered_api,Stage 4 did not cover API; valid_programs=0 bugs=0,b3369c6f3f35a737,stage4/results/tensorflow-thesis-all-coverage/coverage_report.json,stage4/results/tensorflow-thesis-all-coverage/coverage_report.json,
tensorflow,tensorflow.math.is_finite,stage4_runtime,WorkerCrash,"Traceback (most recent call last):
  File ""<frozen runpy>"", line 198, in _run_module_as_main
  File ""<frozen runpy>"", line 88, in _run_code
  File ""/Users/aryansg/Desktop/DeepFuzz/stage4/stage4_worker.py"", line 27, in <module>
    from json2init.deepfuzz_common import (  # noqa: E402
    ...<7 lines>...
    )
  File ""/Users/aryansg/Desktop/DeepFuzz/json2init/deepfuzz_common.py"", line 321
    elif lname in {""axis"", ""dim"", ""depth"", ""k"", ""num"", ""count"", ""window_length"", ""fft_length"", ""sequence_length"", ""sequence_stride"", ""num_bits"", ""block_size"", ""kth""}:
    ^^^^
SyntaxError: invalid syntax",44919f98d527c8dd,stage4/results/tensorflow-thesis-all-coverage/execution_results/tensorflow.math.is_finite.results.json,stage4/results/tensorflow-thesis-all-coverage/failure.csv,
tensorflow,tensorflow.math.is_finite,stage4_coverage,selected_function_line_coverage_percent=0 < 60,selected_function_line_coverage_percent=0 < 60,52b9855c5ab4ebeb,,stage4/results/tensorflow-thesis-all-coverage/low_coverage.csv,
tensorflow,tensorflow.math.is_finite,stage4_coverage,uncovered_api,Stage 4 did not cover API; valid_programs=0 bugs=0,5af90eb848bd2fd4,stage4/results/tensorflow-thesis-all-coverage/coverage_report.json,stage4/results/tensorflow-thesis-all-coverage/coverage_report.json,
tensorflow,tensorflow.math.is_inf,stage4_coverage,uncovered_api,Stage 4 did not cover API; valid_programs=0 bugs=0,59acf041a37fd368,stage4/results/tensorflow-thesis-all-coverage/coverage_report.json,stage4/results/tensorflow-thesis-all-coverage/coverage_report.json,
tensorflow,tensorflow.math.is_inf,stage4_coverage,selected_function_line_coverage_percent=0 < 60,selected_function_line_coverage_percent=0 < 60,9a162d7bb1eb12cb,,stage4/results/tensorflow-thesis-all-coverage/low_coverage.csv,
tensorflow,tensorflow.math.is_inf,stage4_runtime,WorkerCrash,"Traceback (most recent call last):
  File ""<frozen runpy>"", line 198, in _run_module_as_main
  File ""<frozen runpy>"", line 88, in _run_code
  File ""/Users/aryansg/Desktop/DeepFuzz/stage4/stage4_worker.py"", line 27, in <module>
    from json2init.deepfuzz_common import (  # noqa: E402
    ...<7 lines>...
    )
  File ""/Users/aryansg/Desktop/DeepFuzz/json2init/deepfuzz_common.py"", line 321
    elif lname in {""axis"", ""dim"", ""depth"", ""k"", ""num"", ""count"", ""window_length"", ""fft_length"", ""sequence_length"", ""sequence_stride"", ""num_bits"", ""block_size"", ""kth""}:
    ^^^^
SyntaxError: invalid syntax",9ec21deb4601eb04,stage4/results/tensorflow-thesis-all-coverage/execution_results/tensorflow.math.is_inf.results.json,stage4/results/tensorflow-thesis-all-coverage/failure.csv,
tensorflow,tensorflow.math.is_nan,stage4_coverage,uncovered_api,Stage 4 did not cover API; valid_programs=0 bugs=0,006ed2b7aa9b67d2,stage4/results/tensorflow-thesis-all-coverage/coverage_report.json,stage4/results/tensorflow-thesis-all-coverage/coverage_report.json,
tensorflow,tensorflow.math.is_nan,stage4_coverage,selected_function_line_coverage_percent=0 < 60,selected_function_line_coverage_percent=0 < 60,bee2b7e94e218999,,stage4/results/tensorflow-thesis-all-coverage/low_coverage.csv,
tensorflow,tensorflow.math.is_nan,stage4_runtime,WorkerCrash,"Traceback (most recent call last):
  File ""<frozen runpy>"", line 198, in _run_module_as_main
  File ""<frozen runpy>"", line 88, in _run_code
  File ""/Users/aryansg/Desktop/DeepFuzz/stage4/stage4_worker.py"", line 27, in <module>
    from json2init.deepfuzz_common import (  # noqa: E402
    ...<7 lines>...
    )
  File ""/Users/aryansg/Desktop/DeepFuzz/json2init/deepfuzz_common.py"", line 321
    elif lname in {""axis"", ""dim"", ""depth"", ""k"", ""num"", ""count"", ""window_length"", ""fft_length"", ""sequence_length"", ""sequence_stride"", ""num_bits"", ""block_size"", ""kth""}:
    ^^^^
SyntaxError: invalid syntax",d2f4d32fecbab713,stage4/results/tensorflow-thesis-all-coverage/execution_results/tensorflow.math.is_nan.results.json,stage4/results/tensorflow-thesis-all-coverage/failure.csv,
tensorflow,tensorflow.math.is_non_decreasing,stage4_coverage,selected_function_line_coverage_percent=0 < 60,selected_function_line_coverage_percent=0 < 60,424ca65a44ec5290,,stage4/results/tensorflow-thesis-all-coverage/low_coverage.csv,
tensorflow,tensorflow.math.is_non_decreasing,stage4_coverage,uncovered_api,Stage 4 did not cover API; valid_programs=0 bugs=0,7322bd93109c8d42,stage4/results/tensorflow-thesis-all-coverage/coverage_report.json,stage4/results/tensorflow-thesis-all-coverage/coverage_report.json,
tensorflow,tensorflow.math.is_non_decreasing,stage4_runtime,WorkerCrash,"Traceback (most recent call last):
  File ""<frozen runpy>"", line 198, in _run_module_as_main
  File ""<frozen runpy>"", line 88, in _run_code
  File ""/Users/aryansg/Desktop/DeepFuzz/stage4/stage4_worker.py"", line 27, in <module>
    from json2init.deepfuzz_common import (  # noqa: E402
    ...<7 lines>...
    )
  File ""/Users/aryansg/Desktop/DeepFuzz/json2init/deepfuzz_common.py"", line 321
    elif lname in {""axis"", ""dim"", ""depth"", ""k"", ""num"", ""count"", ""window_length"", ""fft_length"", ""sequence_length"", ""sequence_stride"", ""num_bits"", ""block_size"", ""kth""}:
    ^^^^
SyntaxError: invalid syntax",98d2cdd83645c36c,stage4/results/tensorflow-thesis-all-coverage/execution_results/tensorflow.math.is_non_decreasing.results.json,stage4/results/tensorflow-thesis-all-coverage/failure.csv,
tensorflow,tensorflow.math.is_strictly_increasing,stage4_coverage,uncovered_api,Stage 4 did not cover API; valid_programs=0 bugs=0,ae2f11d07e2de57a,stage4/results/tensorflow-thesis-all-coverage/coverage_report.json,stage4/results/tensorflow-thesis-all-coverage/coverage_report.json,
tensorflow,tensorflow.math.is_strictly_increasing,stage4_coverage,selected_function_line_coverage_percent=0 < 60,selected_function_line_coverage_percent=0 < 60,ca75bcde2f41477c,,stage4/results/tensorflow-thesis-all-coverage/low_coverage.csv,
tensorflow,tensorflow.math.is_strictly_increasing,stage4_runtime,WorkerCrash,"Traceback (most recent call last):
  File ""<frozen runpy>"", line 198, in _run_module_as_main
  File ""<frozen runpy>"", line 88, in _run_code
  File ""/Users/aryansg/Desktop/DeepFuzz/stage4/stage4_worker.py"", line 27, in <module>
    from json2init.deepfuzz_common import (  # noqa: E402
    ...<7 lines>...
    )
  File ""/Users/aryansg/Desktop/DeepFuzz/json2init/deepfuzz_common.py"", line 321
    elif lname in {""axis"", ""dim"", ""depth"", ""k"", ""num"", ""count"", ""window_length"", ""fft_length"", ""sequence_length"", ""sequence_stride"", ""num_bits"", ""block_size"", ""kth""}:
    ^^^^
SyntaxError: invalid syntax",fb854e3aeeabc21f,stage4/results/tensorflow-thesis-all-coverage/execution_results/tensorflow.math.is_strictly_increasing.results.json,stage4/results/tensorflow-thesis-all-coverage/failure.csv,
tensorflow,tensorflow.math.l2_normalize,stage4_runtime,WorkerCrash,"Traceback (most recent call last):
  File ""<frozen runpy>"", line 198, in _run_module_as_main
  File ""<frozen runpy>"", line 88, in _run_code
  File ""/Users/aryansg/Desktop/DeepFuzz/stage4/stage4_worker.py"", line 27, in <module>
    from json2init.deepfuzz_common import (  # noqa: E402
    ...<7 lines>...
    )
  File ""/Users/aryansg/Desktop/DeepFuzz/json2init/deepfuzz_common.py"", line 321
    elif lname in {""axis"", ""dim"", ""depth"", ""k"", ""num"", ""count"", ""window_length"", ""fft_length"", ""sequence_length"", ""sequence_stride"", ""num_bits"", ""block_size"", ""kth""}:
    ^^^^
SyntaxError: invalid syntax",5e6e1f07ca2172ef,stage4/results/tensorflow-thesis-all-coverage/execution_results/tensorflow.math.l2_normalize.results.json,stage4/results/tensorflow-thesis-all-coverage/failure.csv,
tensorflow,tensorflow.math.l2_normalize,stage4_coverage,selected_function_line_coverage_percent=0 < 60,selected_function_line_coverage_percent=0 < 60,75236115c351008b,,stage4/results/tensorflow-thesis-all-coverage/low_coverage.csv,
tensorflow,tensorflow.math.l2_normalize,stage4_coverage,uncovered_api,Stage 4 did not cover API; valid_programs=0 bugs=0,f3cdf64e80b7f2c9,stage4/results/tensorflow-thesis-all-coverage/coverage_report.json,stage4/results/tensorflow-thesis-all-coverage/coverage_report.json,
tensorflow,tensorflow.math.less,stage4_runtime,WorkerCrash,"Traceback (most recent call last):
  File ""<frozen runpy>"", line 198, in _run_module_as_main
  File ""<frozen runpy>"", line 88, in _run_code
  File ""/Users/aryansg/Desktop/DeepFuzz/stage4/stage4_worker.py"", line 27, in <module>
    from json2init.deepfuzz_common import (  # noqa: E402
    ...<7 lines>...
    )
  File ""/Users/aryansg/Desktop/DeepFuzz/json2init/deepfuzz_common.py"", line 321
    elif lname in {""axis"", ""dim"", ""depth"", ""k"", ""num"", ""count"", ""window_length"", ""fft_length"", ""sequence_length"", ""sequence_stride"", ""num_bits"", ""block_size"", ""kth""}:
    ^^^^
SyntaxError: invalid syntax",06e639776d5b579c,stage4/results/tensorflow-thesis-all-coverage/execution_results/tensorflow.math.less.results.json,stage4/results/tensorflow-thesis-all-coverage/failure.csv,
tensorflow,tensorflow.math.less,stage4_coverage,uncovered_api,Stage 4 did not cover API; valid_programs=0 bugs=0,094ddf3ae31304f6,stage4/results/tensorflow-thesis-all-coverage/coverage_report.json,stage4/results/tensorflow-thesis-all-coverage/coverage_report.json,
tensorflow,tensorflow.math.less,stage4_coverage,selected_function_line_coverage_percent=0 < 60,selected_function_line_coverage_percent=0 < 60,163a418b770890a4,,stage4/results/tensorflow-thesis-all-coverage/low_coverage.csv,
tensorflow,tensorflow.math.less_equal,stage4_coverage,uncovered_api,Stage 4 did not cover API; valid_programs=0 bugs=0,69d166605f635f3c,stage4/results/tensorflow-thesis-all-coverage/coverage_report.json,stage4/results/tensorflow-thesis-all-coverage/coverage_report.json,
tensorflow,tensorflow.math.less_equal,stage4_runtime,WorkerCrash,"Traceback (most recent call last):
  File ""<frozen runpy>"", line 198, in _run_module_as_main
  File ""<frozen runpy>"", line 88, in _run_code
  File ""/Users/aryansg/Desktop/DeepFuzz/stage4/stage4_worker.py"", line 27, in <module>
    from json2init.deepfuzz_common import (  # noqa: E402
    ...<7 lines>...
    )
  File ""/Users/aryansg/Desktop/DeepFuzz/json2init/deepfuzz_common.py"", line 321
    elif lname in {""axis"", ""dim"", ""depth"", ""k"", ""num"", ""count"", ""window_length"", ""fft_length"", ""sequence_length"", ""sequence_stride"", ""num_bits"", ""block_size"", ""kth""}:
    ^^^^
SyntaxError: invalid syntax",c0a046d35eb73852,stage4/results/tensorflow-thesis-all-coverage/execution_results/tensorflow.math.less_equal.results.json,stage4/results/tensorflow-thesis-all-coverage/failure.csv,
tensorflow,tensorflow.math.less_equal,stage4_coverage,selected_function_line_coverage_percent=0 < 60,selected_function_line_coverage_percent=0 < 60,cc98fcc069f5764a,,stage4/results/tensorflow-thesis-all-coverage/low_coverage.csv,
tensorflow,tensorflow.math.lgamma,stage4_runtime,WorkerCrash,"Traceback (most recent call last):
  File ""<frozen runpy>"", line 198, in _run_module_as_main
  File ""<frozen runpy>"", line 88, in _run_code
  File ""/Users/aryansg/Desktop/DeepFuzz/stage4/stage4_worker.py"", line 27, in <module>
    from json2init.deepfuzz_common import (  # noqa: E402
    ...<7 lines>...
    )
  File ""/Users/aryansg/Desktop/DeepFuzz/json2init/deepfuzz_common.py"", line 321
    elif lname in {""axis"", ""dim"", ""depth"", ""k"", ""num"", ""count"", ""window_length"", ""fft_length"", ""sequence_length"", ""sequence_stride"", ""num_bits"", ""block_size"", ""kth""}:
    ^^^^
SyntaxError: invalid syntax",00451296e36f8364,stage4/results/tensorflow-thesis-all-coverage/execution_results/tensorflow.math.lgamma.results.json,stage4/results/tensorflow-thesis-all-coverage/failure.csv,
tensorflow,tensorflow.math.lgamma,stage4_coverage,selected_function_line_coverage_percent=0 < 60,selected_function_line_coverage_percent=0 < 60,6b7e3b58913b977e,,stage4/results/tensorflow-thesis-all-coverage/low_coverage.csv,
tensorflow,tensorflow.math.lgamma,stage4_coverage,uncovered_api,Stage 4 did not cover API; valid_programs=0 bugs=0,7c534671d087d10c,stage4/results/tensorflow-thesis-all-coverage/coverage_report.json,stage4/results/tensorflow-thesis-all-coverage/coverage_report.json,
tensorflow,tensorflow.math.log,stage4_coverage,selected_function_line_coverage_percent=0 < 60,selected_function_line_coverage_percent=0 < 60,112a2db40aaa8ce8,,stage4/results/tensorflow-thesis-all-coverage/low_coverage.csv,
tensorflow,tensorflow.math.log,stage4_runtime,WorkerCrash,"Traceback (most recent call last):
  File ""<frozen runpy>"", line 198, in _run_module_as_main
  File ""<frozen runpy>"", line 88, in _run_code
  File ""/Users/aryansg/Desktop/DeepFuzz/stage4/stage4_worker.py"", line 27, in <module>
    from json2init.deepfuzz_common import (  # noqa: E402
    ...<7 lines>...
    )
  File ""/Users/aryansg/Desktop/DeepFuzz/json2init/deepfuzz_common.py"", line 321
    elif lname in {""axis"", ""dim"", ""depth"", ""k"", ""num"", ""count"", ""window_length"", ""fft_length"", ""sequence_length"", ""sequence_stride"", ""num_bits"", ""block_size"", ""kth""}:
    ^^^^
SyntaxError: invalid syntax",8f14240fbd3ae0d0,stage4/results/tensorflow-thesis-all-coverage/execution_results/tensorflow.math.log.results.json,stage4/results/tensorflow-thesis-all-coverage/failure.csv,
tensorflow,tensorflow.math.log,stage4_coverage,uncovered_api,Stage 4 did not cover API; valid_programs=0 bugs=0,fee97601d63a6d4a,stage4/results/tensorflow-thesis-all-coverage/coverage_report.json,stage4/results/tensorflow-thesis-all-coverage/coverage_report.json,
tensorflow,tensorflow.math.log1p,stage4_coverage,uncovered_api,Stage 4 did not cover API; valid_programs=0 bugs=0,4e084894a1f2dc7e,stage4/results/tensorflow-thesis-all-coverage/coverage_report.json,stage4/results/tensorflow-thesis-all-coverage/coverage_report.json,
tensorflow,tensorflow.math.log1p,stage4_coverage,selected_function_line_coverage_percent=0 < 60,selected_function_line_coverage_percent=0 < 60,7ff94c3bb0ad7fa0,,stage4/results/tensorflow-thesis-all-coverage/low_coverage.csv,
tensorflow,tensorflow.math.log1p,stage4_runtime,WorkerCrash,"Traceback (most recent call last):
  File ""<frozen runpy>"", line 198, in _run_module_as_main
  File ""<frozen runpy>"", line 88, in _run_code
  File ""/Users/aryansg/Desktop/DeepFuzz/stage4/stage4_worker.py"", line 27, in <module>
    from json2init.deepfuzz_common import (  # noqa: E402
    ...<7 lines>...
    )
  File ""/Users/aryansg/Desktop/DeepFuzz/json2init/deepfuzz_common.py"", line 321
    elif lname in {""axis"", ""dim"", ""depth"", ""k"", ""num"", ""count"", ""window_length"", ""fft_length"", ""sequence_length"", ""sequence_stride"", ""num_bits"", ""block_size"", ""kth""}:
    ^^^^
SyntaxError: invalid syntax",e38f8887cc02d164,stage4/results/tensorflow-thesis-all-coverage/execution_results/tensorflow.math.log1p.results.json,stage4/results/tensorflow-thesis-all-coverage/failure.csv,
tensorflow,tensorflow.math.log_sigmoid,stage4_runtime,WorkerCrash,"Traceback (most recent call last):
  File ""<frozen runpy>"", line 198, in _run_module_as_main
  File ""<frozen runpy>"", line 88, in _run_code
  File ""/Users/aryansg/Desktop/DeepFuzz/stage4/stage4_worker.py"", line 27, in <module>
    from json2init.deepfuzz_common import (  # noqa: E402
    ...<7 lines>...
    )
  File ""/Users/aryansg/Desktop/DeepFuzz/json2init/deepfuzz_common.py"", line 321
    elif lname in {""axis"", ""dim"", ""depth"", ""k"", ""num"", ""count"", ""window_length"", ""fft_length"", ""sequence_length"", ""sequence_stride"", ""num_bits"", ""block_size"", ""kth""}:
    ^^^^
SyntaxError: invalid syntax",00af0a3c1d6a9fda,stage4/results/tensorflow-thesis-all-coverage/execution_results/tensorflow.math.log_sigmoid.results.json,stage4/results/tensorflow-thesis-all-coverage/failure.csv,
tensorflow,tensorflow.math.log_sigmoid,stage4_coverage,uncovered_api,Stage 4 did not cover API; valid_programs=0 bugs=0,41aba6dfe68e9bc5,stage4/results/tensorflow-thesis-all-coverage/coverage_report.json,stage4/results/tensorflow-thesis-all-coverage/coverage_report.json,
tensorflow,tensorflow.math.log_sigmoid,stage4_coverage,selected_function_line_coverage_percent=0 < 60,selected_function_line_coverage_percent=0 < 60,80b46cd696cce71a,,stage4/results/tensorflow-thesis-all-coverage/low_coverage.csv,
tensorflow,tensorflow.math.logical_and,stage4_coverage,selected_function_line_coverage_percent=0 < 60,selected_function_line_coverage_percent=0 < 60,18807a824ae4da00,,stage4/results/tensorflow-thesis-all-coverage/low_coverage.csv,
tensorflow,tensorflow.math.logical_and,stage4_coverage,uncovered_api,Stage 4 did not cover API; valid_programs=0 bugs=0,5e5f4f15b7d69974,stage4/results/tensorflow-thesis-all-coverage/coverage_report.json,stage4/results/tensorflow-thesis-all-coverage/coverage_report.json,
tensorflow,tensorflow.math.logical_and,stage4_runtime,WorkerCrash,"Traceback (most recent call last):
  File ""<frozen runpy>"", line 198, in _run_module_as_main
  File ""<frozen runpy>"", line 88, in _run_code
  File ""/Users/aryansg/Desktop/DeepFuzz/stage4/stage4_worker.py"", line 27, in <module>
    from json2init.deepfuzz_common import (  # noqa: E402
    ...<7 lines>...
    )
  File ""/Users/aryansg/Desktop/DeepFuzz/json2init/deepfuzz_common.py"", line 321
    elif lname in {""axis"", ""dim"", ""depth"", ""k"", ""num"", ""count"", ""window_length"", ""fft_length"", ""sequence_length"", ""sequence_stride"", ""num_bits"", ""block_size"", ""kth""}:
    ^^^^
SyntaxError: invalid syntax",b23e37e6370705e2,stage4/results/tensorflow-thesis-all-coverage/execution_results/tensorflow.math.logical_and.results.json,stage4/results/tensorflow-thesis-all-coverage/failure.csv,
tensorflow,tensorflow.math.logical_not,stage4_runtime,WorkerCrash,"Traceback (most recent call last):
  File ""<frozen runpy>"", line 198, in _run_module_as_main
  File ""<frozen runpy>"", line 88, in _run_code
  File ""/Users/aryansg/Desktop/DeepFuzz/stage4/stage4_worker.py"", line 27, in <module>
    from json2init.deepfuzz_common import (  # noqa: E402
    ...<7 lines>...
    )
  File ""/Users/aryansg/Desktop/DeepFuzz/json2init/deepfuzz_common.py"", line 321
    elif lname in {""axis"", ""dim"", ""depth"", ""k"", ""num"", ""count"", ""window_length"", ""fft_length"", ""sequence_length"", ""sequence_stride"", ""num_bits"", ""block_size"", ""kth""}:
    ^^^^
SyntaxError: invalid syntax",462f1ef03272a7db,stage4/results/tensorflow-thesis-all-coverage/execution_results/tensorflow.math.logical_not.results.json,stage4/results/tensorflow-thesis-all-coverage/failure.csv,
tensorflow,tensorflow.math.logical_not,stage4_coverage,selected_function_line_coverage_percent=0 < 60,selected_function_line_coverage_percent=0 < 60,47e612d3440900e2,,stage4/results/tensorflow-thesis-all-coverage/low_coverage.csv,
tensorflow,tensorflow.math.logical_not,stage4_coverage,uncovered_api,Stage 4 did not cover API; valid_programs=0 bugs=0,5f472b50ad7ea8b4,stage4/results/tensorflow-thesis-all-coverage/coverage_report.json,stage4/results/tensorflow-thesis-all-coverage/coverage_report.json,
tensorflow,tensorflow.math.logical_or,stage4_coverage,selected_function_line_coverage_percent=0 < 60,selected_function_line_coverage_percent=0 < 60,32f70ee268f05ae6,,stage4/results/tensorflow-thesis-all-coverage/low_coverage.csv,
tensorflow,tensorflow.math.logical_or,stage4_coverage,uncovered_api,Stage 4 did not cover API; valid_programs=0 bugs=0,bd113d8541e199c8,stage4/results/tensorflow-thesis-all-coverage/coverage_report.json,stage4/results/tensorflow-thesis-all-coverage/coverage_report.json,
tensorflow,tensorflow.math.logical_or,stage4_runtime,WorkerCrash,"Traceback (most recent call last):
  File ""<frozen runpy>"", line 198, in _run_module_as_main
  File ""<frozen runpy>"", line 88, in _run_code
  File ""/Users/aryansg/Desktop/DeepFuzz/stage4/stage4_worker.py"", line 27, in <module>
    from json2init.deepfuzz_common import (  # noqa: E402
    ...<7 lines>...
    )
  File ""/Users/aryansg/Desktop/DeepFuzz/json2init/deepfuzz_common.py"", line 321
    elif lname in {""axis"", ""dim"", ""depth"", ""k"", ""num"", ""count"", ""window_length"", ""fft_length"", ""sequence_length"", ""sequence_stride"", ""num_bits"", ""block_size"", ""kth""}:
    ^^^^
SyntaxError: invalid syntax",c28c24eca35928c2,stage4/results/tensorflow-thesis-all-coverage/execution_results/tensorflow.math.logical_or.results.json,stage4/results/tensorflow-thesis-all-coverage/failure.csv,
tensorflow,tensorflow.math.logical_xor,stage4_coverage,uncovered_api,Stage 4 did not cover API; valid_programs=0 bugs=0,15aa1db0956bee5b,stage4/results/tensorflow-thesis-all-coverage/coverage_report.json,stage4/results/tensorflow-thesis-all-coverage/coverage_report.json,
tensorflow,tensorflow.math.logical_xor,stage4_runtime,WorkerCrash,"Traceback (most recent call last):
  File ""<frozen runpy>"", line 198, in _run_module_as_main
  File ""<frozen runpy>"", line 88, in _run_code
  File ""/Users/aryansg/Desktop/DeepFuzz/stage4/stage4_worker.py"", line 27, in <module>
    from json2init.deepfuzz_common import (  # noqa: E402
    ...<7 lines>...
    )
  File ""/Users/aryansg/Desktop/DeepFuzz/json2init/deepfuzz_common.py"", line 321
    elif lname in {""axis"", ""dim"", ""depth"", ""k"", ""num"", ""count"", ""window_length"", ""fft_length"", ""sequence_length"", ""sequence_stride"", ""num_bits"", ""block_size"", ""kth""}:
    ^^^^
SyntaxError: invalid syntax",3172cbedabf1cb38,stage4/results/tensorflow-thesis-all-coverage/execution_results/tensorflow.math.logical_xor.results.json,stage4/results/tensorflow-thesis-all-coverage/failure.csv,
tensorflow,tensorflow.math.logical_xor,stage4_coverage,selected_function_line_coverage_percent=0 < 60,selected_function_line_coverage_percent=0 < 60,3d720e0641775c8a,,stage4/results/tensorflow-thesis-all-coverage/low_coverage.csv,
tensorflow,tensorflow.math.maximum,stage4_runtime,WorkerCrash,"Traceback (most recent call last):
  File ""<frozen runpy>"", line 198, in _run_module_as_main
  File ""<frozen runpy>"", line 88, in _run_code
  File ""/Users/aryansg/Desktop/DeepFuzz/stage4/stage4_worker.py"", line 27, in <module>
    from json2init.deepfuzz_common import (  # noqa: E402
    ...<7 lines>...
    )
  File ""/Users/aryansg/Desktop/DeepFuzz/json2init/deepfuzz_common.py"", line 321
    elif lname in {""axis"", ""dim"", ""depth"", ""k"", ""num"", ""count"", ""window_length"", ""fft_length"", ""sequence_length"", ""sequence_stride"", ""num_bits"", ""block_size"", ""kth""}:
    ^^^^
SyntaxError: invalid syntax",3e72238135f682f2,stage4/results/tensorflow-thesis-all-coverage/execution_results/tensorflow.math.maximum.results.json,stage4/results/tensorflow-thesis-all-coverage/failure.csv,
tensorflow,tensorflow.math.maximum,stage4_coverage,selected_function_line_coverage_percent=0 < 60,selected_function_line_coverage_percent=0 < 60,983f16f1b9a4f648,,stage4/results/tensorflow-thesis-all-coverage/low_coverage.csv,
tensorflow,tensorflow.math.maximum,stage4_coverage,uncovered_api,Stage 4 did not cover API; valid_programs=0 bugs=0,9a60b13843a4c96e,stage4/results/tensorflow-thesis-all-coverage/coverage_report.json,stage4/results/tensorflow-thesis-all-coverage/coverage_report.json,
tensorflow,tensorflow.math.minimum,stage4_coverage,uncovered_api,Stage 4 did not cover API; valid_programs=0 bugs=0,03e2a4485c1842f6,stage4/results/tensorflow-thesis-all-coverage/coverage_report.json,stage4/results/tensorflow-thesis-all-coverage/coverage_report.json,
tensorflow,tensorflow.math.minimum,stage4_runtime,WorkerCrash,"Traceback (most recent call last):
  File ""<frozen runpy>"", line 198, in _run_module_as_main
  File ""<frozen runpy>"", line 88, in _run_code
  File ""/Users/aryansg/Desktop/DeepFuzz/stage4/stage4_worker.py"", line 27, in <module>
    from json2init.deepfuzz_common import (  # noqa: E402
    ...<7 lines>...
    )
  File ""/Users/aryansg/Desktop/DeepFuzz/json2init/deepfuzz_common.py"", line 321
    elif lname in {""axis"", ""dim"", ""depth"", ""k"", ""num"", ""count"", ""window_length"", ""fft_length"", ""sequence_length"", ""sequence_stride"", ""num_bits"", ""block_size"", ""kth""}:
    ^^^^
SyntaxError: invalid syntax",f62da7cc453ce0d4,stage4/results/tensorflow-thesis-all-coverage/execution_results/tensorflow.math.minimum.results.json,stage4/results/tensorflow-thesis-all-coverage/failure.csv,
tensorflow,tensorflow.math.minimum,stage4_coverage,selected_function_line_coverage_percent=0 < 60,selected_function_line_coverage_percent=0 < 60,fc8044e36871307d,,stage4/results/tensorflow-thesis-all-coverage/low_coverage.csv,
tensorflow,tensorflow.math.mod,stage4_runtime,WorkerCrash,"Traceback (most recent call last):
  File ""<frozen runpy>"", line 198, in _run_module_as_main
  File ""<frozen runpy>"", line 88, in _run_code
  File ""/Users/aryansg/Desktop/DeepFuzz/stage4/stage4_worker.py"", line 27, in <module>
    from json2init.deepfuzz_common import (  # noqa: E402
    ...<7 lines>...
    )
  File ""/Users/aryansg/Desktop/DeepFuzz/json2init/deepfuzz_common.py"", line 321
    elif lname in {""axis"", ""dim"", ""depth"", ""k"", ""num"", ""count"", ""window_length"", ""fft_length"", ""sequence_length"", ""sequence_stride"", ""num_bits"", ""block_size"", ""kth""}:
    ^^^^
SyntaxError: invalid syntax",335d0f2a97c2627f,stage4/results/tensorflow-thesis-all-coverage/execution_results/tensorflow.math.mod.results.json,stage4/results/tensorflow-thesis-all-coverage/failure.csv,
tensorflow,tensorflow.math.mod,stage4_coverage,uncovered_api,Stage 4 did not cover API; valid_programs=0 bugs=0,5161afb4338bd8df,stage4/results/tensorflow-thesis-all-coverage/coverage_report.json,stage4/results/tensorflow-thesis-all-coverage/coverage_report.json,
tensorflow,tensorflow.math.mod,stage4_coverage,selected_function_line_coverage_percent=0 < 60,selected_function_line_coverage_percent=0 < 60,af950cea764e88c0,,stage4/results/tensorflow-thesis-all-coverage/low_coverage.csv,
tensorflow,tensorflow.math.multiply_no_nan,stage4_runtime,WorkerCrash,"Traceback (most recent call last):
  File ""<frozen runpy>"", line 198, in _run_module_as_main
  File ""<frozen runpy>"", line 88, in _run_code
  File ""/Users/aryansg/Desktop/DeepFuzz/stage4/stage4_worker.py"", line 27, in <module>
    from json2init.deepfuzz_common import (  # noqa: E402
    ...<7 lines>...
    )
  File ""/Users/aryansg/Desktop/DeepFuzz/json2init/deepfuzz_common.py"", line 321
    elif lname in {""axis"", ""dim"", ""depth"", ""k"", ""num"", ""count"", ""window_length"", ""fft_length"", ""sequence_length"", ""sequence_stride"", ""num_bits"", ""block_size"", ""kth""}:
    ^^^^
SyntaxError: invalid syntax",5b0ceff80686b08b,stage4/results/tensorflow-thesis-all-coverage/execution_results/tensorflow.math.multiply_no_nan.results.json,stage4/results/tensorflow-thesis-all-coverage/failure.csv,
tensorflow,tensorflow.math.multiply_no_nan,stage4_coverage,uncovered_api,Stage 4 did not cover API; valid_programs=0 bugs=0,6189e50f45c0a3d0,stage4/results/tensorflow-thesis-all-coverage/coverage_report.json,stage4/results/tensorflow-thesis-all-coverage/coverage_report.json,
tensorflow,tensorflow.math.multiply_no_nan,stage4_coverage,selected_function_line_coverage_percent=0 < 60,selected_function_line_coverage_percent=0 < 60,7857972b29311023,,stage4/results/tensorflow-thesis-all-coverage/low_coverage.csv,
tensorflow,tensorflow.math.nextafter,stage4_runtime,WorkerCrash,"Traceback (most recent call last):
  File ""<frozen runpy>"", line 198, in _run_module_as_main
  File ""<frozen runpy>"", line 88, in _run_code
  File ""/Users/aryansg/Desktop/DeepFuzz/stage4/stage4_worker.py"", line 27, in <module>
    from json2init.deepfuzz_common import (  # noqa: E402
    ...<7 lines>...
    )
  File ""/Users/aryansg/Desktop/DeepFuzz/json2init/deepfuzz_common.py"", line 321
    elif lname in {""axis"", ""dim"", ""depth"", ""k"", ""num"", ""count"", ""window_length"", ""fft_length"", ""sequence_length"", ""sequence_stride"", ""num_bits"", ""block_size"", ""kth""}:
    ^^^^
SyntaxError: invalid syntax",b0a3ee09ca47e9ce,stage4/results/tensorflow-thesis-all-coverage/execution_results/tensorflow.math.nextafter.results.json,stage4/results/tensorflow-thesis-all-coverage/failure.csv,
tensorflow,tensorflow.math.nextafter,stage4_coverage,selected_function_line_coverage_percent=0 < 60,selected_function_line_coverage_percent=0 < 60,e0487408bd9798d2,,stage4/results/tensorflow-thesis-all-coverage/low_coverage.csv,
tensorflow,tensorflow.math.nextafter,stage4_coverage,uncovered_api,Stage 4 did not cover API; valid_programs=0 bugs=0,e3497d386d42bdc0,stage4/results/tensorflow-thesis-all-coverage/coverage_report.json,stage4/results/tensorflow-thesis-all-coverage/coverage_report.json,
tensorflow,tensorflow.math.not_equal,stage4_coverage,selected_function_line_coverage_percent=0 < 60,selected_function_line_coverage_percent=0 < 60,728e5cc8b6766c3d,,stage4/results/tensorflow-thesis-all-coverage/low_coverage.csv,
tensorflow,tensorflow.math.not_equal,stage4_coverage,uncovered_api,Stage 4 did not cover API; valid_programs=0 bugs=0,81e7748e7df39822,stage4/results/tensorflow-thesis-all-coverage/coverage_report.json,stage4/results/tensorflow-thesis-all-coverage/coverage_report.json,
tensorflow,tensorflow.math.not_equal,stage4_runtime,WorkerCrash,"Traceback (most recent call last):
  File ""<frozen runpy>"", line 198, in _run_module_as_main
  File ""<frozen runpy>"", line 88, in _run_code
  File ""/Users/aryansg/Desktop/DeepFuzz/stage4/stage4_worker.py"", line 27, in <module>
    from json2init.deepfuzz_common import (  # noqa: E402
    ...<7 lines>...
    )
  File ""/Users/aryansg/Desktop/DeepFuzz/json2init/deepfuzz_common.py"", line 321
    elif lname in {""axis"", ""dim"", ""depth"", ""k"", ""num"", ""count"", ""window_length"", ""fft_length"", ""sequence_length"", ""sequence_stride"", ""num_bits"", ""block_size"", ""kth""}:
    ^^^^
SyntaxError: invalid syntax",bbe124d24b9ebfe7,stage4/results/tensorflow-thesis-all-coverage/execution_results/tensorflow.math.not_equal.results.json,stage4/results/tensorflow-thesis-all-coverage/failure.csv,
tensorflow,tensorflow.math.pow,stage4_coverage,uncovered_api,Stage 4 did not cover API; valid_programs=0 bugs=0,69ec9f75bd6ac582,stage4/results/tensorflow-thesis-all-coverage/coverage_report.json,stage4/results/tensorflow-thesis-all-coverage/coverage_report.json,
tensorflow,tensorflow.math.pow,stage4_coverage,selected_function_line_coverage_percent=0 < 60,selected_function_line_coverage_percent=0 < 60,b7e337e1445828c8,,stage4/results/tensorflow-thesis-all-coverage/low_coverage.csv,
tensorflow,tensorflow.math.pow,stage4_runtime,WorkerCrash,"Traceback (most recent call last):
  File ""<frozen runpy>"", line 198, in _run_module_as_main
  File ""<frozen runpy>"", line 88, in _run_code
  File ""/Users/aryansg/Desktop/DeepFuzz/stage4/stage4_worker.py"", line 27, in <module>
    from json2init.deepfuzz_common import (  # noqa: E402
    ...<7 lines>...
    )
  File ""/Users/aryansg/Desktop/DeepFuzz/json2init/deepfuzz_common.py"", line 321
    elif lname in {""axis"", ""dim"", ""depth"", ""k"", ""num"", ""count"", ""window_length"", ""fft_length"", ""sequence_length"", ""sequence_stride"", ""num_bits"", ""block_size"", ""kth""}:
    ^^^^
SyntaxError: invalid syntax",dec8f4f19c15c1f8,stage4/results/tensorflow-thesis-all-coverage/execution_results/tensorflow.math.pow.results.json,stage4/results/tensorflow-thesis-all-coverage/failure.csv,
tensorflow,tensorflow.math.reciprocal,stage4_coverage,uncovered_api,Stage 4 did not cover API; valid_programs=0 bugs=0,0164d66e7128ec0b,stage4/results/tensorflow-thesis-all-coverage/coverage_report.json,stage4/results/tensorflow-thesis-all-coverage/coverage_report.json,
tensorflow,tensorflow.math.reciprocal,stage4_runtime,WorkerCrash,"Traceback (most recent call last):
  File ""<frozen runpy>"", line 198, in _run_module_as_main
  File ""<frozen runpy>"", line 88, in _run_code
  File ""/Users/aryansg/Desktop/DeepFuzz/stage4/stage4_worker.py"", line 27, in <module>
    from json2init.deepfuzz_common import (  # noqa: E402
    ...<7 lines>...
    )
  File ""/Users/aryansg/Desktop/DeepFuzz/json2init/deepfuzz_common.py"", line 321
    elif lname in {""axis"", ""dim"", ""depth"", ""k"", ""num"", ""count"", ""window_length"", ""fft_length"", ""sequence_length"", ""sequence_stride"", ""num_bits"", ""block_size"", ""kth""}:
    ^^^^
SyntaxError: invalid syntax",3571460685ceee8a,stage4/results/tensorflow-thesis-all-coverage/execution_results/tensorflow.math.reciprocal.results.json,stage4/results/tensorflow-thesis-all-coverage/failure.csv,
tensorflow,tensorflow.math.reciprocal,stage4_coverage,selected_function_line_coverage_percent=0 < 60,selected_function_line_coverage_percent=0 < 60,3986a6c367424fca,,stage4/results/tensorflow-thesis-all-coverage/low_coverage.csv,
tensorflow,tensorflow.math.reciprocal_no_nan,stage4_coverage,uncovered_api,Stage 4 did not cover API; valid_programs=0 bugs=0,348e1d3964763dda,stage4/results/tensorflow-thesis-all-coverage/coverage_report.json,stage4/results/tensorflow-thesis-all-coverage/coverage_report.json,
tensorflow,tensorflow.math.reciprocal_no_nan,stage4_runtime,WorkerCrash,"Traceback (most recent call last):
  File ""<frozen runpy>"", line 198, in _run_module_as_main
  File ""<frozen runpy>"", line 88, in _run_code
  File ""/Users/aryansg/Desktop/DeepFuzz/stage4/stage4_worker.py"", line 27, in <module>
    from json2init.deepfuzz_common import (  # noqa: E402
    ...<7 lines>...
    )
  File ""/Users/aryansg/Desktop/DeepFuzz/json2init/deepfuzz_common.py"", line 321
    elif lname in {""axis"", ""dim"", ""depth"", ""k"", ""num"", ""count"", ""window_length"", ""fft_length"", ""sequence_length"", ""sequence_stride"", ""num_bits"", ""block_size"", ""kth""}:
    ^^^^
SyntaxError: invalid syntax",4bc92e6770d0bfd3,stage4/results/tensorflow-thesis-all-coverage/execution_results/tensorflow.math.reciprocal_no_nan.results.json,stage4/results/tensorflow-thesis-all-coverage/failure.csv,
tensorflow,tensorflow.math.reciprocal_no_nan,stage4_coverage,selected_function_line_coverage_percent=0 < 60,selected_function_line_coverage_percent=0 < 60,f4bf76b201b88371,,stage4/results/tensorflow-thesis-all-coverage/low_coverage.csv,
tensorflow,tensorflow.math.reduce_euclidean_norm,stage4_runtime,WorkerCrash,"Traceback (most recent call last):
  File ""<frozen runpy>"", line 198, in _run_module_as_main
  File ""<frozen runpy>"", line 88, in _run_code
  File ""/Users/aryansg/Desktop/DeepFuzz/stage4/stage4_worker.py"", line 27, in <module>
    from json2init.deepfuzz_common import (  # noqa: E402
    ...<7 lines>...
    )
  File ""/Users/aryansg/Desktop/DeepFuzz/json2init/deepfuzz_common.py"", line 321
    elif lname in {""axis"", ""dim"", ""depth"", ""k"", ""num"", ""count"", ""window_length"", ""fft_length"", ""sequence_length"", ""sequence_stride"", ""num_bits"", ""block_size"", ""kth""}:
    ^^^^
SyntaxError: invalid syntax",8c9cb9c72d40b55b,stage4/results/tensorflow-thesis-all-coverage/execution_results/tensorflow.math.reduce_euclidean_norm.results.json,stage4/results/tensorflow-thesis-all-coverage/failure.csv,
tensorflow,tensorflow.math.reduce_euclidean_norm,stage4_coverage,uncovered_api,Stage 4 did not cover API; valid_programs=0 bugs=0,925f9aeebf522815,stage4/results/tensorflow-thesis-all-coverage/coverage_report.json,stage4/results/tensorflow-thesis-all-coverage/coverage_report.json,
tensorflow,tensorflow.math.reduce_euclidean_norm,stage4_coverage,selected_function_line_coverage_percent=0 < 60,selected_function_line_coverage_percent=0 < 60,99518032d6b2d7cc,,stage4/results/tensorflow-thesis-all-coverage/low_coverage.csv,
tensorflow,tensorflow.math.reduce_logsumexp,stage4_coverage,selected_function_line_coverage_percent=0 < 60,selected_function_line_coverage_percent=0 < 60,6adcacb13d416d92,,stage4/results/tensorflow-thesis-all-coverage/low_coverage.csv,
tensorflow,tensorflow.math.reduce_logsumexp,stage4_coverage,uncovered_api,Stage 4 did not cover API; valid_programs=0 bugs=0,c510169fe153359a,stage4/results/tensorflow-thesis-all-coverage/coverage_report.json,stage4/results/tensorflow-thesis-all-coverage/coverage_report.json,
tensorflow,tensorflow.math.reduce_logsumexp,stage4_runtime,WorkerCrash,"Traceback (most recent call last):
  File ""<frozen runpy>"", line 198, in _run_module_as_main
  File ""<frozen runpy>"", line 88, in _run_code
  File ""/Users/aryansg/Desktop/DeepFuzz/stage4/stage4_worker.py"", line 27, in <module>
    from json2init.deepfuzz_common import (  # noqa: E402
    ...<7 lines>...
    )
  File ""/Users/aryansg/Desktop/DeepFuzz/json2init/deepfuzz_common.py"", line 321
    elif lname in {""axis"", ""dim"", ""depth"", ""k"", ""num"", ""count"", ""window_length"", ""fft_length"", ""sequence_length"", ""sequence_stride"", ""num_bits"", ""block_size"", ""kth""}:
    ^^^^
SyntaxError: invalid syntax",d0b53270581c5044,stage4/results/tensorflow-thesis-all-coverage/execution_results/tensorflow.math.reduce_logsumexp.results.json,stage4/results/tensorflow-thesis-all-coverage/failure.csv,
tensorflow,tensorflow.math.reduce_max,stage4_coverage,uncovered_api,Stage 4 did not cover API; valid_programs=0 bugs=0,0469986bf1042ffe,stage4/results/tensorflow-thesis-all-coverage/coverage_report.json,stage4/results/tensorflow-thesis-all-coverage/coverage_report.json,
tensorflow,tensorflow.math.reduce_max,stage4_coverage,selected_function_line_coverage_percent=0 < 60,selected_function_line_coverage_percent=0 < 60,3ffe0a339ea1ec97,,stage4/results/tensorflow-thesis-all-coverage/low_coverage.csv,
tensorflow,tensorflow.math.reduce_max,stage4_runtime,WorkerCrash,"Traceback (most recent call last):
  File ""<frozen runpy>"", line 198, in _run_module_as_main
  File ""<frozen runpy>"", line 88, in _run_code
  File ""/Users/aryansg/Desktop/DeepFuzz/stage4/stage4_worker.py"", line 27, in <module>
    from json2init.deepfuzz_common import (  # noqa: E402
    ...<7 lines>...
    )
  File ""/Users/aryansg/Desktop/DeepFuzz/json2init/deepfuzz_common.py"", line 321
    elif lname in {""axis"", ""dim"", ""depth"", ""k"", ""num"", ""count"", ""window_length"", ""fft_length"", ""sequence_length"", ""sequence_stride"", ""num_bits"", ""block_size"", ""kth""}:
    ^^^^
SyntaxError: invalid syntax",fa6ff1a6a2d9e21e,stage4/results/tensorflow-thesis-all-coverage/execution_results/tensorflow.math.reduce_max.results.json,stage4/results/tensorflow-thesis-all-coverage/failure.csv,
tensorflow,tensorflow.math.reduce_mean,stage4_coverage,selected_function_line_coverage_percent=0 < 60,selected_function_line_coverage_percent=0 < 60,69497b3fb70e39fe,,stage4/results/tensorflow-thesis-all-coverage/low_coverage.csv,
tensorflow,tensorflow.math.reduce_mean,stage4_runtime,WorkerCrash,"Traceback (most recent call last):
  File ""<frozen runpy>"", line 198, in _run_module_as_main
  File ""<frozen runpy>"", line 88, in _run_code
  File ""/Users/aryansg/Desktop/DeepFuzz/stage4/stage4_worker.py"", line 27, in <module>
    from json2init.deepfuzz_common import (  # noqa: E402
    ...<7 lines>...
    )
  File ""/Users/aryansg/Desktop/DeepFuzz/json2init/deepfuzz_common.py"", line 321
    elif lname in {""axis"", ""dim"", ""depth"", ""k"", ""num"", ""count"", ""window_length"", ""fft_length"", ""sequence_length"", ""sequence_stride"", ""num_bits"", ""block_size"", ""kth""}:
    ^^^^
SyntaxError: invalid syntax",8d10e4562c4b55c4,stage4/results/tensorflow-thesis-all-coverage/execution_results/tensorflow.math.reduce_mean.results.json,stage4/results/tensorflow-thesis-all-coverage/failure.csv,
tensorflow,tensorflow.math.reduce_mean,stage4_coverage,uncovered_api,Stage 4 did not cover API; valid_programs=0 bugs=0,c2e35e9147be1a3f,stage4/results/tensorflow-thesis-all-coverage/coverage_report.json,stage4/results/tensorflow-thesis-all-coverage/coverage_report.json,
tensorflow,tensorflow.math.reduce_min,stage4_coverage,selected_function_line_coverage_percent=0 < 60,selected_function_line_coverage_percent=0 < 60,0a5d7680edb30892,,stage4/results/tensorflow-thesis-all-coverage/low_coverage.csv,
tensorflow,tensorflow.math.reduce_min,stage4_coverage,uncovered_api,Stage 4 did not cover API; valid_programs=0 bugs=0,15ded840721f5577,stage4/results/tensorflow-thesis-all-coverage/coverage_report.json,stage4/results/tensorflow-thesis-all-coverage/coverage_report.json,
tensorflow,tensorflow.math.reduce_min,stage4_runtime,WorkerCrash,"Traceback (most recent call last):
  File ""<frozen runpy>"", line 198, in _run_module_as_main
  File ""<frozen runpy>"", line 88, in _run_code
  File ""/Users/aryansg/Desktop/DeepFuzz/stage4/stage4_worker.py"", line 27, in <module>
    from json2init.deepfuzz_common import (  # noqa: E402
    ...<7 lines>...
    )
  File ""/Users/aryansg/Desktop/DeepFuzz/json2init/deepfuzz_common.py"", line 321
    elif lname in {""axis"", ""dim"", ""depth"", ""k"", ""num"", ""count"", ""window_length"", ""fft_length"", ""sequence_length"", ""sequence_stride"", ""num_bits"", ""block_size"", ""kth""}:
    ^^^^
SyntaxError: invalid syntax",ee7821491e2ca3ad,stage4/results/tensorflow-thesis-all-coverage/execution_results/tensorflow.math.reduce_min.results.json,stage4/results/tensorflow-thesis-all-coverage/failure.csv,
tensorflow,tensorflow.math.reduce_prod,stage4_runtime,WorkerCrash,"Traceback (most recent call last):
  File ""<frozen runpy>"", line 198, in _run_module_as_main
  File ""<frozen runpy>"", line 88, in _run_code
  File ""/Users/aryansg/Desktop/DeepFuzz/stage4/stage4_worker.py"", line 27, in <module>
    from json2init.deepfuzz_common import (  # noqa: E402
    ...<7 lines>...
    )
  File ""/Users/aryansg/Desktop/DeepFuzz/json2init/deepfuzz_common.py"", line 321
    elif lname in {""axis"", ""dim"", ""depth"", ""k"", ""num"", ""count"", ""window_length"", ""fft_length"", ""sequence_length"", ""sequence_stride"", ""num_bits"", ""block_size"", ""kth""}:
    ^^^^
SyntaxError: invalid syntax",3202adeab5dc3593,stage4/results/tensorflow-thesis-all-coverage/execution_results/tensorflow.math.reduce_prod.results.json,stage4/results/tensorflow-thesis-all-coverage/failure.csv,
tensorflow,tensorflow.math.reduce_prod,stage4_coverage,uncovered_api,Stage 4 did not cover API; valid_programs=0 bugs=0,b8705e7b694411fc,stage4/results/tensorflow-thesis-all-coverage/coverage_report.json,stage4/results/tensorflow-thesis-all-coverage/coverage_report.json,
tensorflow,tensorflow.math.reduce_prod,stage4_coverage,selected_function_line_coverage_percent=0 < 60,selected_function_line_coverage_percent=0 < 60,e6da31737ed74692,,stage4/results/tensorflow-thesis-all-coverage/low_coverage.csv,
tensorflow,tensorflow.math.reduce_std,stage4_coverage,uncovered_api,Stage 4 did not cover API; valid_programs=0 bugs=0,040ddeb9131cfe7e,stage4/results/tensorflow-thesis-all-coverage/coverage_report.json,stage4/results/tensorflow-thesis-all-coverage/coverage_report.json,
tensorflow,tensorflow.math.reduce_std,stage4_coverage,selected_function_line_coverage_percent=0 < 60,selected_function_line_coverage_percent=0 < 60,72ac3fad1071a66d,,stage4/results/tensorflow-thesis-all-coverage/low_coverage.csv,
tensorflow,tensorflow.math.reduce_std,stage4_runtime,WorkerCrash,"Traceback (most recent call last):
  File ""<frozen runpy>"", line 198, in _run_module_as_main
  File ""<frozen runpy>"", line 88, in _run_code
  File ""/Users/aryansg/Desktop/DeepFuzz/stage4/stage4_worker.py"", line 27, in <module>
    from json2init.deepfuzz_common import (  # noqa: E402
    ...<7 lines>...
    )
  File ""/Users/aryansg/Desktop/DeepFuzz/json2init/deepfuzz_common.py"", line 321
    elif lname in {""axis"", ""dim"", ""depth"", ""k"", ""num"", ""count"", ""window_length"", ""fft_length"", ""sequence_length"", ""sequence_stride"", ""num_bits"", ""block_size"", ""kth""}:
    ^^^^
SyntaxError: invalid syntax",ed47163ca124eab1,stage4/results/tensorflow-thesis-all-coverage/execution_results/tensorflow.math.reduce_std.results.json,stage4/results/tensorflow-thesis-all-coverage/failure.csv,
tensorflow,tensorflow.math.reduce_sum,stage4_coverage,uncovered_api,Stage 4 did not cover API; valid_programs=0 bugs=0,274e86d25508d22e,stage4/results/tensorflow-thesis-all-coverage/coverage_report.json,stage4/results/tensorflow-thesis-all-coverage/coverage_report.json,
tensorflow,tensorflow.math.reduce_sum,stage4_coverage,selected_function_line_coverage_percent=0 < 60,selected_function_line_coverage_percent=0 < 60,2bdef01ca565873e,,stage4/results/tensorflow-thesis-all-coverage/low_coverage.csv,
tensorflow,tensorflow.math.reduce_sum,stage4_runtime,WorkerCrash,"Traceback (most recent call last):
  File ""<frozen runpy>"", line 198, in _run_module_as_main
  File ""<frozen runpy>"", line 88, in _run_code
  File ""/Users/aryansg/Desktop/DeepFuzz/stage4/stage4_worker.py"", line 27, in <module>
    from json2init.deepfuzz_common import (  # noqa: E402
    ...<7 lines>...
    )
  File ""/Users/aryansg/Desktop/DeepFuzz/json2init/deepfuzz_common.py"", line 321
    elif lname in {""axis"", ""dim"", ""depth"", ""k"", ""num"", ""count"", ""window_length"", ""fft_length"", ""sequence_length"", ""sequence_stride"", ""num_bits"", ""block_size"", ""kth""}:
    ^^^^
SyntaxError: invalid syntax",6776038bfb123296,stage4/results/tensorflow-thesis-all-coverage/execution_results/tensorflow.math.reduce_sum.results.json,stage4/results/tensorflow-thesis-all-coverage/failure.csv,
tensorflow,tensorflow.math.reduce_variance,stage4_runtime,WorkerCrash,"Traceback (most recent call last):
  File ""<frozen runpy>"", line 198, in _run_module_as_main
  File ""<frozen runpy>"", line 88, in _run_code
  File ""/Users/aryansg/Desktop/DeepFuzz/stage4/stage4_worker.py"", line 27, in <module>
    from json2init.deepfuzz_common import (  # noqa: E402
    ...<7 lines>...
    )
  File ""/Users/aryansg/Desktop/DeepFuzz/json2init/deepfuzz_common.py"", line 321
    elif lname in {""axis"", ""dim"", ""depth"", ""k"", ""num"", ""count"", ""window_length"", ""fft_length"", ""sequence_length"", ""sequence_stride"", ""num_bits"", ""block_size"", ""kth""}:
    ^^^^
SyntaxError: invalid syntax",4dd371c386481acb,stage4/results/tensorflow-thesis-all-coverage/execution_results/tensorflow.math.reduce_variance.results.json,stage4/results/tensorflow-thesis-all-coverage/failure.csv,
tensorflow,tensorflow.math.reduce_variance,stage4_coverage,uncovered_api,Stage 4 did not cover API; valid_programs=0 bugs=0,c755c30a258b6869,stage4/results/tensorflow-thesis-all-coverage/coverage_report.json,stage4/results/tensorflow-thesis-all-coverage/coverage_report.json,
tensorflow,tensorflow.math.reduce_variance,stage4_coverage,selected_function_line_coverage_percent=0 < 60,selected_function_line_coverage_percent=0 < 60,dfe93bedd67d39f6,,stage4/results/tensorflow-thesis-all-coverage/low_coverage.csv,
tensorflow,tensorflow.math.rint,stage4_coverage,uncovered_api,Stage 4 did not cover API; valid_programs=0 bugs=0,4c5130e2be75c422,stage4/results/tensorflow-thesis-all-coverage/coverage_report.json,stage4/results/tensorflow-thesis-all-coverage/coverage_report.json,
tensorflow,tensorflow.math.rint,stage4_coverage,selected_function_line_coverage_percent=0 < 60,selected_function_line_coverage_percent=0 < 60,702763d3d965c858,,stage4/results/tensorflow-thesis-all-coverage/low_coverage.csv,
tensorflow,tensorflow.math.rint,stage4_runtime,WorkerCrash,"Traceback (most recent call last):
  File ""<frozen runpy>"", line 198, in _run_module_as_main
  File ""<frozen runpy>"", line 88, in _run_code
  File ""/Users/aryansg/Desktop/DeepFuzz/stage4/stage4_worker.py"", line 27, in <module>
    from json2init.deepfuzz_common import (  # noqa: E402
    ...<7 lines>...
    )
  File ""/Users/aryansg/Desktop/DeepFuzz/json2init/deepfuzz_common.py"", line 321
    elif lname in {""axis"", ""dim"", ""depth"", ""k"", ""num"", ""count"", ""window_length"", ""fft_length"", ""sequence_length"", ""sequence_stride"", ""num_bits"", ""block_size"", ""kth""}:
    ^^^^
SyntaxError: invalid syntax",d3a2c2753eae0ff0,stage4/results/tensorflow-thesis-all-coverage/execution_results/tensorflow.math.rint.results.json,stage4/results/tensorflow-thesis-all-coverage/failure.csv,
tensorflow,tensorflow.math.round,stage4_coverage,uncovered_api,Stage 4 did not cover API; valid_programs=0 bugs=0,341bc711145c78f0,stage4/results/tensorflow-thesis-all-coverage/coverage_report.json,stage4/results/tensorflow-thesis-all-coverage/coverage_report.json,
tensorflow,tensorflow.math.round,stage4_runtime,WorkerCrash,"Traceback (most recent call last):
  File ""<frozen runpy>"", line 198, in _run_module_as_main
  File ""<frozen runpy>"", line 88, in _run_code
  File ""/Users/aryansg/Desktop/DeepFuzz/stage4/stage4_worker.py"", line 27, in <module>
    from json2init.deepfuzz_common import (  # noqa: E402
    ...<7 lines>...
    )
  File ""/Users/aryansg/Desktop/DeepFuzz/json2init/deepfuzz_common.py"", line 321
    elif lname in {""axis"", ""dim"", ""depth"", ""k"", ""num"", ""count"", ""window_length"", ""fft_length"", ""sequence_length"", ""sequence_stride"", ""num_bits"", ""block_size"", ""kth""}:
    ^^^^
SyntaxError: invalid syntax",53dfb38906fe7d6b,stage4/results/tensorflow-thesis-all-coverage/execution_results/tensorflow.math.round.results.json,stage4/results/tensorflow-thesis-all-coverage/failure.csv,
tensorflow,tensorflow.math.round,stage4_coverage,selected_function_line_coverage_percent=0 < 60,selected_function_line_coverage_percent=0 < 60,60b2632f2a8ff209,,stage4/results/tensorflow-thesis-all-coverage/low_coverage.csv,
tensorflow,tensorflow.math.rsqrt,stage4_runtime,WorkerCrash,"Traceback (most recent call last):
  File ""<frozen runpy>"", line 198, in _run_module_as_main
  File ""<frozen runpy>"", line 88, in _run_code
  File ""/Users/aryansg/Desktop/DeepFuzz/stage4/stage4_worker.py"", line 27, in <module>
    from json2init.deepfuzz_common import (  # noqa: E402
    ...<7 lines>...
    )
  File ""/Users/aryansg/Desktop/DeepFuzz/json2init/deepfuzz_common.py"", line 321
    elif lname in {""axis"", ""dim"", ""depth"", ""k"", ""num"", ""count"", ""window_length"", ""fft_length"", ""sequence_length"", ""sequence_stride"", ""num_bits"", ""block_size"", ""kth""}:
    ^^^^
SyntaxError: invalid syntax",249c15423c1fa40f,stage4/results/tensorflow-thesis-all-coverage/execution_results/tensorflow.math.rsqrt.results.json,stage4/results/tensorflow-thesis-all-coverage/failure.csv,
tensorflow,tensorflow.math.rsqrt,stage4_coverage,selected_function_line_coverage_percent=0 < 60,selected_function_line_coverage_percent=0 < 60,c55a604e383b67bb,,stage4/results/tensorflow-thesis-all-coverage/low_coverage.csv,
tensorflow,tensorflow.math.rsqrt,stage4_coverage,uncovered_api,Stage 4 did not cover API; valid_programs=0 bugs=0,f170481267903c24,stage4/results/tensorflow-thesis-all-coverage/coverage_report.json,stage4/results/tensorflow-thesis-all-coverage/coverage_report.json,
tensorflow,tensorflow.math.scalar_mul,stage4_coverage,uncovered_api,Stage 4 did not cover API; valid_programs=0 bugs=0,16758791fc21f242,stage4/results/tensorflow-thesis-all-coverage/coverage_report.json,stage4/results/tensorflow-thesis-all-coverage/coverage_report.json,
tensorflow,tensorflow.math.scalar_mul,stage4_runtime,WorkerCrash,"Traceback (most recent call last):
  File ""<frozen runpy>"", line 198, in _run_module_as_main
  File ""<frozen runpy>"", line 88, in _run_code
  File ""/Users/aryansg/Desktop/DeepFuzz/stage4/stage4_worker.py"", line 27, in <module>
    from json2init.deepfuzz_common import (  # noqa: E402
    ...<7 lines>...
    )
  File ""/Users/aryansg/Desktop/DeepFuzz/json2init/deepfuzz_common.py"", line 321
    elif lname in {""axis"", ""dim"", ""depth"", ""k"", ""num"", ""count"", ""window_length"", ""fft_length"", ""sequence_length"", ""sequence_stride"", ""num_bits"", ""block_size"", ""kth""}:
    ^^^^
SyntaxError: invalid syntax",276f78b593576168,stage4/results/tensorflow-thesis-all-coverage/execution_results/tensorflow.math.scalar_mul.results.json,stage4/results/tensorflow-thesis-all-coverage/failure.csv,
tensorflow,tensorflow.math.scalar_mul,stage4_coverage,selected_function_line_coverage_percent=0 < 60,selected_function_line_coverage_percent=0 < 60,f39da08fbdc6a557,,stage4/results/tensorflow-thesis-all-coverage/low_coverage.csv,
tensorflow,tensorflow.math.sigmoid,stage4_coverage,selected_function_line_coverage_percent=0 < 60,selected_function_line_coverage_percent=0 < 60,8517bc11f1f5b138,,stage4/results/tensorflow-thesis-all-coverage/low_coverage.csv,
tensorflow,tensorflow.math.sigmoid,stage4_coverage,uncovered_api,Stage 4 did not cover API; valid_programs=0 bugs=0,bbb1f00c7b0dd490,stage4/results/tensorflow-thesis-all-coverage/coverage_report.json,stage4/results/tensorflow-thesis-all-coverage/coverage_report.json,
tensorflow,tensorflow.math.sigmoid,stage4_runtime,WorkerCrash,"Traceback (most recent call last):
  File ""<frozen runpy>"", line 198, in _run_module_as_main
  File ""<frozen runpy>"", line 88, in _run_code
  File ""/Users/aryansg/Desktop/DeepFuzz/stage4/stage4_worker.py"", line 27, in <module>
    from json2init.deepfuzz_common import (  # noqa: E402
    ...<7 lines>...
    )
  File ""/Users/aryansg/Desktop/DeepFuzz/json2init/deepfuzz_common.py"", line 321
    elif lname in {""axis"", ""dim"", ""depth"", ""k"", ""num"", ""count"", ""window_length"", ""fft_length"", ""sequence_length"", ""sequence_stride"", ""num_bits"", ""block_size"", ""kth""}:
    ^^^^
SyntaxError: invalid syntax",be206963273245ee,stage4/results/tensorflow-thesis-all-coverage/execution_results/tensorflow.math.sigmoid.results.json,stage4/results/tensorflow-thesis-all-coverage/failure.csv,
tensorflow,tensorflow.math.sinh,stage4_runtime,WorkerCrash,"Traceback (most recent call last):
  File ""<frozen runpy>"", line 198, in _run_module_as_main
  File ""<frozen runpy>"", line 88, in _run_code
  File ""/Users/aryansg/Desktop/DeepFuzz/stage4/stage4_worker.py"", line 27, in <module>
    from json2init.deepfuzz_common import (  # noqa: E402
    ...<7 lines>...
    )
  File ""/Users/aryansg/Desktop/DeepFuzz/json2init/deepfuzz_common.py"", line 321
    elif lname in {""axis"", ""dim"", ""depth"", ""k"", ""num"", ""count"", ""window_length"", ""fft_length"", ""sequence_length"", ""sequence_stride"", ""num_bits"", ""block_size"", ""kth""}:
    ^^^^
SyntaxError: invalid syntax",3a31ffaf1cf1cde7,stage4/results/tensorflow-thesis-all-coverage/execution_results/tensorflow.math.sinh.results.json,stage4/results/tensorflow-thesis-all-coverage/failure.csv,
tensorflow,tensorflow.math.sinh,stage4_coverage,uncovered_api,Stage 4 did not cover API; valid_programs=0 bugs=0,50636ba1a91d9440,stage4/results/tensorflow-thesis-all-coverage/coverage_report.json,stage4/results/tensorflow-thesis-all-coverage/coverage_report.json,
tensorflow,tensorflow.math.sinh,stage4_coverage,selected_function_line_coverage_percent=0 < 60,selected_function_line_coverage_percent=0 < 60,7cec7e951ae43425,,stage4/results/tensorflow-thesis-all-coverage/low_coverage.csv,
tensorflow,tensorflow.math.softsign,stage4_runtime,WorkerCrash,"Traceback (most recent call last):
  File ""<frozen runpy>"", line 198, in _run_module_as_main
  File ""<frozen runpy>"", line 88, in _run_code
  File ""/Users/aryansg/Desktop/DeepFuzz/stage4/stage4_worker.py"", line 27, in <module>
    from json2init.deepfuzz_common import (  # noqa: E402
    ...<7 lines>...
    )
  File ""/Users/aryansg/Desktop/DeepFuzz/json2init/deepfuzz_common.py"", line 321
    elif lname in {""axis"", ""dim"", ""depth"", ""k"", ""num"", ""count"", ""window_length"", ""fft_length"", ""sequence_length"", ""sequence_stride"", ""num_bits"", ""block_size"", ""kth""}:
    ^^^^
SyntaxError: invalid syntax",256eeda328dbece9,stage4/results/tensorflow-thesis-all-coverage/execution_results/tensorflow.math.softsign.results.json,stage4/results/tensorflow-thesis-all-coverage/failure.csv,
tensorflow,tensorflow.math.softsign,stage4_coverage,uncovered_api,Stage 4 did not cover API; valid_programs=0 bugs=0,75ac86591fb238ee,stage4/results/tensorflow-thesis-all-coverage/coverage_report.json,stage4/results/tensorflow-thesis-all-coverage/coverage_report.json,
tensorflow,tensorflow.math.softsign,stage4_coverage,selected_function_line_coverage_percent=0 < 60,selected_function_line_coverage_percent=0 < 60,c8eb6bd1a024a5a0,,stage4/results/tensorflow-thesis-all-coverage/low_coverage.csv,
tensorflow,tensorflow.math.special.bessel_i0,stage4_coverage,selected_function_line_coverage_percent=0 < 60,selected_function_line_coverage_percent=0 < 60,412a70c1af6653b0,,stage4/results/tensorflow-thesis-all-coverage/low_coverage.csv,
tensorflow,tensorflow.math.special.bessel_i0,stage4_coverage,uncovered_api,Stage 4 did not cover API; valid_programs=0 bugs=0,b288116f9b59a634,stage4/results/tensorflow-thesis-all-coverage/coverage_report.json,stage4/results/tensorflow-thesis-all-coverage/coverage_report.json,
tensorflow,tensorflow.math.special.bessel_i0,stage4_runtime,WorkerCrash,"Traceback (most recent call last):
  File ""<frozen runpy>"", line 198, in _run_module_as_main
  File ""<frozen runpy>"", line 88, in _run_code
  File ""/Users/aryansg/Desktop/DeepFuzz/stage4/stage4_worker.py"", line 27, in <module>
    from json2init.deepfuzz_common import (  # noqa: E402
    ...<7 lines>...
    )
  File ""/Users/aryansg/Desktop/DeepFuzz/json2init/deepfuzz_common.py"", line 321
    elif lname in {""axis"", ""dim"", ""depth"", ""k"", ""num"", ""count"", ""window_length"", ""fft_length"", ""sequence_length"", ""sequence_stride"", ""num_bits"", ""block_size"", ""kth""}:
    ^^^^
SyntaxError: invalid syntax",c42c8f51a9691585,stage4/results/tensorflow-thesis-all-coverage/execution_results/tensorflow.math.special.bessel_i0.results.json,stage4/results/tensorflow-thesis-all-coverage/failure.csv,
tensorflow,tensorflow.math.special.bessel_i0e,stage4_runtime,WorkerCrash,"Traceback (most recent call last):
  File ""<frozen runpy>"", line 198, in _run_module_as_main
  File ""<frozen runpy>"", line 88, in _run_code
  File ""/Users/aryansg/Desktop/DeepFuzz/stage4/stage4_worker.py"", line 27, in <module>
    from json2init.deepfuzz_common import (  # noqa: E402
    ...<7 lines>...
    )
  File ""/Users/aryansg/Desktop/DeepFuzz/json2init/deepfuzz_common.py"", line 321
    elif lname in {""axis"", ""dim"", ""depth"", ""k"", ""num"", ""count"", ""window_length"", ""fft_length"", ""sequence_length"", ""sequence_stride"", ""num_bits"", ""block_size"", ""kth""}:
    ^^^^
SyntaxError: invalid syntax",0b06044ae017eec7,stage4/results/tensorflow-thesis-all-coverage/execution_results/tensorflow.math.special.bessel_i0e.results.json,stage4/results/tensorflow-thesis-all-coverage/failure.csv,
tensorflow,tensorflow.math.special.bessel_i0e,stage4_coverage,uncovered_api,Stage 4 did not cover API; valid_programs=0 bugs=0,23f5d3a2158f0de5,stage4/results/tensorflow-thesis-all-coverage/coverage_report.json,stage4/results/tensorflow-thesis-all-coverage/coverage_report.json,
tensorflow,tensorflow.math.special.bessel_i0e,stage4_coverage,selected_function_line_coverage_percent=0 < 60,selected_function_line_coverage_percent=0 < 60,e12e83b6e300869d,,stage4/results/tensorflow-thesis-all-coverage/low_coverage.csv,
tensorflow,tensorflow.math.special.bessel_i1,stage4_runtime,WorkerCrash,"Traceback (most recent call last):
  File ""<frozen runpy>"", line 198, in _run_module_as_main
  File ""<frozen runpy>"", line 88, in _run_code
  File ""/Users/aryansg/Desktop/DeepFuzz/stage4/stage4_worker.py"", line 27, in <module>
    from json2init.deepfuzz_common import (  # noqa: E402
    ...<7 lines>...
    )
  File ""/Users/aryansg/Desktop/DeepFuzz/json2init/deepfuzz_common.py"", line 321
    elif lname in {""axis"", ""dim"", ""depth"", ""k"", ""num"", ""count"", ""window_length"", ""fft_length"", ""sequence_length"", ""sequence_stride"", ""num_bits"", ""block_size"", ""kth""}:
    ^^^^
SyntaxError: invalid syntax",331598f0c654424b,stage4/results/tensorflow-thesis-all-coverage/execution_results/tensorflow.math.special.bessel_i1.results.json,stage4/results/tensorflow-thesis-all-coverage/failure.csv,
tensorflow,tensorflow.math.special.bessel_i1,stage4_coverage,uncovered_api,Stage 4 did not cover API; valid_programs=0 bugs=0,7e33f509c29035a5,stage4/results/tensorflow-thesis-all-coverage/coverage_report.json,stage4/results/tensorflow-thesis-all-coverage/coverage_report.json,
tensorflow,tensorflow.math.special.bessel_i1,stage4_coverage,selected_function_line_coverage_percent=0 < 60,selected_function_line_coverage_percent=0 < 60,c69d9195893784e1,,stage4/results/tensorflow-thesis-all-coverage/low_coverage.csv,
tensorflow,tensorflow.math.special.bessel_i1e,stage4_coverage,selected_function_line_coverage_percent=0 < 60,selected_function_line_coverage_percent=0 < 60,e48bf6071a13d9ba,,stage4/results/tensorflow-thesis-all-coverage/low_coverage.csv,
tensorflow,tensorflow.math.special.bessel_i1e,stage4_coverage,uncovered_api,Stage 4 did not cover API; valid_programs=0 bugs=0,e6e93b972af93bbe,stage4/results/tensorflow-thesis-all-coverage/coverage_report.json,stage4/results/tensorflow-thesis-all-coverage/coverage_report.json,
tensorflow,tensorflow.math.special.bessel_i1e,stage4_runtime,WorkerCrash,"Traceback (most recent call last):
  File ""<frozen runpy>"", line 198, in _run_module_as_main
  File ""<frozen runpy>"", line 88, in _run_code
  File ""/Users/aryansg/Desktop/DeepFuzz/stage4/stage4_worker.py"", line 27, in <module>
    from json2init.deepfuzz_common import (  # noqa: E402
    ...<7 lines>...
    )
  File ""/Users/aryansg/Desktop/DeepFuzz/json2init/deepfuzz_common.py"", line 321
    elif lname in {""axis"", ""dim"", ""depth"", ""k"", ""num"", ""count"", ""window_length"", ""fft_length"", ""sequence_length"", ""sequence_stride"", ""num_bits"", ""block_size"", ""kth""}:
    ^^^^
SyntaxError: invalid syntax",efacd4a274d71887,stage4/results/tensorflow-thesis-all-coverage/execution_results/tensorflow.math.special.bessel_i1e.results.json,stage4/results/tensorflow-thesis-all-coverage/failure.csv,
tensorflow,tensorflow.math.special.bessel_j0,stage4_coverage,selected_function_line_coverage_percent=0 < 60,selected_function_line_coverage_percent=0 < 60,b701ef87955fa7c0,,stage4/results/tensorflow-thesis-all-coverage/low_coverage.csv,
tensorflow,tensorflow.math.special.bessel_j0,stage4_runtime,WorkerCrash,"Traceback (most recent call last):
  File ""<frozen runpy>"", line 198, in _run_module_as_main
  File ""<frozen runpy>"", line 88, in _run_code
  File ""/Users/aryansg/Desktop/DeepFuzz/stage4/stage4_worker.py"", line 27, in <module>
    from json2init.deepfuzz_common import (  # noqa: E402
    ...<7 lines>...
    )
  File ""/Users/aryansg/Desktop/DeepFuzz/json2init/deepfuzz_common.py"", line 321
    elif lname in {""axis"", ""dim"", ""depth"", ""k"", ""num"", ""count"", ""window_length"", ""fft_length"", ""sequence_length"", ""sequence_stride"", ""num_bits"", ""block_size"", ""kth""}:
    ^^^^
SyntaxError: invalid syntax",bc64da1bb83be919,stage4/results/tensorflow-thesis-all-coverage/execution_results/tensorflow.math.special.bessel_j0.results.json,stage4/results/tensorflow-thesis-all-coverage/failure.csv,
tensorflow,tensorflow.math.special.bessel_j0,stage4_coverage,uncovered_api,Stage 4 did not cover API; valid_programs=0 bugs=0,dc401e6c0df507e7,stage4/results/tensorflow-thesis-all-coverage/coverage_report.json,stage4/results/tensorflow-thesis-all-coverage/coverage_report.json,
tensorflow,tensorflow.math.special.bessel_j1,stage4_coverage,uncovered_api,Stage 4 did not cover API; valid_programs=0 bugs=0,6b460f1001dc74c5,stage4/results/tensorflow-thesis-all-coverage/coverage_report.json,stage4/results/tensorflow-thesis-all-coverage/coverage_report.json,
tensorflow,tensorflow.math.special.bessel_j1,stage4_runtime,WorkerCrash,"Traceback (most recent call last):
  File ""<frozen runpy>"", line 198, in _run_module_as_main
  File ""<frozen runpy>"", line 88, in _run_code
  File ""/Users/aryansg/Desktop/DeepFuzz/stage4/stage4_worker.py"", line 27, in <module>
    from json2init.deepfuzz_common import (  # noqa: E402
    ...<7 lines>...
    )
  File ""/Users/aryansg/Desktop/DeepFuzz/json2init/deepfuzz_common.py"", line 321
    elif lname in {""axis"", ""dim"", ""depth"", ""k"", ""num"", ""count"", ""window_length"", ""fft_length"", ""sequence_length"", ""sequence_stride"", ""num_bits"", ""block_size"", ""kth""}:
    ^^^^
SyntaxError: invalid syntax",b8b5d49d94cd1786,stage4/results/tensorflow-thesis-all-coverage/execution_results/tensorflow.math.special.bessel_j1.results.json,stage4/results/tensorflow-thesis-all-coverage/failure.csv,
tensorflow,tensorflow.math.special.bessel_j1,stage4_coverage,selected_function_line_coverage_percent=0 < 60,selected_function_line_coverage_percent=0 < 60,cb76f887c3fefa27,,stage4/results/tensorflow-thesis-all-coverage/low_coverage.csv,
tensorflow,tensorflow.math.special.bessel_k0,stage4_coverage,selected_function_line_coverage_percent=0 < 60,selected_function_line_coverage_percent=0 < 60,1bc9af62821b994a,,stage4/results/tensorflow-thesis-all-coverage/low_coverage.csv,
tensorflow,tensorflow.math.special.bessel_k0,stage4_coverage,uncovered_api,Stage 4 did not cover API; valid_programs=0 bugs=0,9d32567d05c787de,stage4/results/tensorflow-thesis-all-coverage/coverage_report.json,stage4/results/tensorflow-thesis-all-coverage/coverage_report.json,
tensorflow,tensorflow.math.special.bessel_k0,stage4_runtime,WorkerCrash,"Traceback (most recent call last):
  File ""<frozen runpy>"", line 198, in _run_module_as_main
  File ""<frozen runpy>"", line 88, in _run_code
  File ""/Users/aryansg/Desktop/DeepFuzz/stage4/stage4_worker.py"", line 27, in <module>
    from json2init.deepfuzz_common import (  # noqa: E402
    ...<7 lines>...
    )
  File ""/Users/aryansg/Desktop/DeepFuzz/json2init/deepfuzz_common.py"", line 321
    elif lname in {""axis"", ""dim"", ""depth"", ""k"", ""num"", ""count"", ""window_length"", ""fft_length"", ""sequence_length"", ""sequence_stride"", ""num_bits"", ""block_size"", ""kth""}:
    ^^^^
SyntaxError: invalid syntax",d998818a53105096,stage4/results/tensorflow-thesis-all-coverage/execution_results/tensorflow.math.special.bessel_k0.results.json,stage4/results/tensorflow-thesis-all-coverage/failure.csv,
tensorflow,tensorflow.math.special.bessel_k0e,stage4_coverage,selected_function_line_coverage_percent=0 < 60,selected_function_line_coverage_percent=0 < 60,820c9c5d47d91389,,stage4/results/tensorflow-thesis-all-coverage/low_coverage.csv,
tensorflow,tensorflow.math.special.bessel_k0e,stage4_runtime,WorkerCrash,"Traceback (most recent call last):
  File ""<frozen runpy>"", line 198, in _run_module_as_main
  File ""<frozen runpy>"", line 88, in _run_code
  File ""/Users/aryansg/Desktop/DeepFuzz/stage4/stage4_worker.py"", line 27, in <module>
    from json2init.deepfuzz_common import (  # noqa: E402
    ...<7 lines>...
    )
  File ""/Users/aryansg/Desktop/DeepFuzz/json2init/deepfuzz_common.py"", line 321
    elif lname in {""axis"", ""dim"", ""depth"", ""k"", ""num"", ""count"", ""window_length"", ""fft_length"", ""sequence_length"", ""sequence_stride"", ""num_bits"", ""block_size"", ""kth""}:
    ^^^^
SyntaxError: invalid syntax",c14bd81149b9ec30,stage4/results/tensorflow-thesis-all-coverage/execution_results/tensorflow.math.special.bessel_k0e.results.json,stage4/results/tensorflow-thesis-all-coverage/failure.csv,
tensorflow,tensorflow.math.special.bessel_k0e,stage4_coverage,uncovered_api,Stage 4 did not cover API; valid_programs=0 bugs=0,c6303ce9bbea0fc8,stage4/results/tensorflow-thesis-all-coverage/coverage_report.json,stage4/results/tensorflow-thesis-all-coverage/coverage_report.json,
tensorflow,tensorflow.math.special.bessel_k1,stage4_coverage,uncovered_api,Stage 4 did not cover API; valid_programs=0 bugs=0,10de789313219ad6,stage4/results/tensorflow-thesis-all-coverage/coverage_report.json,stage4/results/tensorflow-thesis-all-coverage/coverage_report.json,
tensorflow,tensorflow.math.special.bessel_k1,stage4_coverage,selected_function_line_coverage_percent=0 < 60,selected_function_line_coverage_percent=0 < 60,49513ba62c50b0da,,stage4/results/tensorflow-thesis-all-coverage/low_coverage.csv,
tensorflow,tensorflow.math.special.bessel_k1,stage4_runtime,WorkerCrash,"Traceback (most recent call last):
  File ""<frozen runpy>"", line 198, in _run_module_as_main
  File ""<frozen runpy>"", line 88, in _run_code
  File ""/Users/aryansg/Desktop/DeepFuzz/stage4/stage4_worker.py"", line 27, in <module>
    from json2init.deepfuzz_common import (  # noqa: E402
    ...<7 lines>...
    )
  File ""/Users/aryansg/Desktop/DeepFuzz/json2init/deepfuzz_common.py"", line 321
    elif lname in {""axis"", ""dim"", ""depth"", ""k"", ""num"", ""count"", ""window_length"", ""fft_length"", ""sequence_length"", ""sequence_stride"", ""num_bits"", ""block_size"", ""kth""}:
    ^^^^
SyntaxError: invalid syntax",e01e6cbeb0181f8f,stage4/results/tensorflow-thesis-all-coverage/execution_results/tensorflow.math.special.bessel_k1.results.json,stage4/results/tensorflow-thesis-all-coverage/failure.csv,
tensorflow,tensorflow.math.special.bessel_k1e,stage4_coverage,selected_function_line_coverage_percent=0 < 60,selected_function_line_coverage_percent=0 < 60,435ce6313392760e,,stage4/results/tensorflow-thesis-all-coverage/low_coverage.csv,
tensorflow,tensorflow.math.special.bessel_k1e,stage4_coverage,uncovered_api,Stage 4 did not cover API; valid_programs=0 bugs=0,594a5b3d9495b20b,stage4/results/tensorflow-thesis-all-coverage/coverage_report.json,stage4/results/tensorflow-thesis-all-coverage/coverage_report.json,
tensorflow,tensorflow.math.special.bessel_k1e,stage4_runtime,WorkerCrash,"Traceback (most recent call last):
  File ""<frozen runpy>"", line 198, in _run_module_as_main
  File ""<frozen runpy>"", line 88, in _run_code
  File ""/Users/aryansg/Desktop/DeepFuzz/stage4/stage4_worker.py"", line 27, in <module>
    from json2init.deepfuzz_common import (  # noqa: E402
    ...<7 lines>...
    )
  File ""/Users/aryansg/Desktop/DeepFuzz/json2init/deepfuzz_common.py"", line 321
    elif lname in {""axis"", ""dim"", ""depth"", ""k"", ""num"", ""count"", ""window_length"", ""fft_length"", ""sequence_length"", ""sequence_stride"", ""num_bits"", ""block_size"", ""kth""}:
    ^^^^
SyntaxError: invalid syntax",a5d12566d7d790e8,stage4/results/tensorflow-thesis-all-coverage/execution_results/tensorflow.math.special.bessel_k1e.results.json,stage4/results/tensorflow-thesis-all-coverage/failure.csv,
tensorflow,tensorflow.math.special.bessel_y0,stage4_coverage,selected_function_line_coverage_percent=0 < 60,selected_function_line_coverage_percent=0 < 60,30e2bda107ede263,,stage4/results/tensorflow-thesis-all-coverage/low_coverage.csv,
tensorflow,tensorflow.math.special.bessel_y0,stage4_coverage,uncovered_api,Stage 4 did not cover API; valid_programs=0 bugs=0,8e030a74d6ecb80a,stage4/results/tensorflow-thesis-all-coverage/coverage_report.json,stage4/results/tensorflow-thesis-all-coverage/coverage_report.json,
tensorflow,tensorflow.math.special.bessel_y0,stage4_runtime,WorkerCrash,"Traceback (most recent call last):
  File ""<frozen runpy>"", line 198, in _run_module_as_main
  File ""<frozen runpy>"", line 88, in _run_code
  File ""/Users/aryansg/Desktop/DeepFuzz/stage4/stage4_worker.py"", line 27, in <module>
    from json2init.deepfuzz_common import (  # noqa: E402
    ...<7 lines>...
    )
  File ""/Users/aryansg/Desktop/DeepFuzz/json2init/deepfuzz_common.py"", line 321
    elif lname in {""axis"", ""dim"", ""depth"", ""k"", ""num"", ""count"", ""window_length"", ""fft_length"", ""sequence_length"", ""sequence_stride"", ""num_bits"", ""block_size"", ""kth""}:
    ^^^^
SyntaxError: invalid syntax",e0ac6d64ba22e8cf,stage4/results/tensorflow-thesis-all-coverage/execution_results/tensorflow.math.special.bessel_y0.results.json,stage4/results/tensorflow-thesis-all-coverage/failure.csv,
tensorflow,tensorflow.math.special.bessel_y1,stage4_coverage,selected_function_line_coverage_percent=0 < 60,selected_function_line_coverage_percent=0 < 60,5011a5c01145caf4,,stage4/results/tensorflow-thesis-all-coverage/low_coverage.csv,
tensorflow,tensorflow.math.special.bessel_y1,stage4_coverage,uncovered_api,Stage 4 did not cover API; valid_programs=0 bugs=0,5de14674a775f0b5,stage4/results/tensorflow-thesis-all-coverage/coverage_report.json,stage4/results/tensorflow-thesis-all-coverage/coverage_report.json,
tensorflow,tensorflow.math.special.bessel_y1,stage4_runtime,WorkerCrash,"Traceback (most recent call last):
  File ""<frozen runpy>"", line 198, in _run_module_as_main
  File ""<frozen runpy>"", line 88, in _run_code
  File ""/Users/aryansg/Desktop/DeepFuzz/stage4/stage4_worker.py"", line 27, in <module>
    from json2init.deepfuzz_common import (  # noqa: E402
    ...<7 lines>...
    )
  File ""/Users/aryansg/Desktop/DeepFuzz/json2init/deepfuzz_common.py"", line 321
    elif lname in {""axis"", ""dim"", ""depth"", ""k"", ""num"", ""count"", ""window_length"", ""fft_length"", ""sequence_length"", ""sequence_stride"", ""num_bits"", ""block_size"", ""kth""}:
    ^^^^
SyntaxError: invalid syntax",da7e99808e45d960,stage4/results/tensorflow-thesis-all-coverage/execution_results/tensorflow.math.special.bessel_y1.results.json,stage4/results/tensorflow-thesis-all-coverage/failure.csv,
tensorflow,tensorflow.math.special.dawsn,stage4_coverage,uncovered_api,Stage 4 did not cover API; valid_programs=0 bugs=0,6622c25199a735db,stage4/results/tensorflow-thesis-all-coverage/coverage_report.json,stage4/results/tensorflow-thesis-all-coverage/coverage_report.json,
tensorflow,tensorflow.math.special.dawsn,stage4_coverage,selected_function_line_coverage_percent=0 < 60,selected_function_line_coverage_percent=0 < 60,967b86750330f3cb,,stage4/results/tensorflow-thesis-all-coverage/low_coverage.csv,
tensorflow,tensorflow.math.special.dawsn,stage4_runtime,WorkerCrash,"Traceback (most recent call last):
  File ""<frozen runpy>"", line 198, in _run_module_as_main
  File ""<frozen runpy>"", line 88, in _run_code
  File ""/Users/aryansg/Desktop/DeepFuzz/stage4/stage4_worker.py"", line 27, in <module>
    from json2init.deepfuzz_common import (  # noqa: E402
    ...<7 lines>...
    )
  File ""/Users/aryansg/Desktop/DeepFuzz/json2init/deepfuzz_common.py"", line 321
    elif lname in {""axis"", ""dim"", ""depth"", ""k"", ""num"", ""count"", ""window_length"", ""fft_length"", ""sequence_length"", ""sequence_stride"", ""num_bits"", ""block_size"", ""kth""}:
    ^^^^
SyntaxError: invalid syntax",99807a29ff90d961,stage4/results/tensorflow-thesis-all-coverage/execution_results/tensorflow.math.special.dawsn.results.json,stage4/results/tensorflow-thesis-all-coverage/failure.csv,
tensorflow,tensorflow.math.special.expint,stage4_runtime,WorkerCrash,"Traceback (most recent call last):
  File ""<frozen runpy>"", line 198, in _run_module_as_main
  File ""<frozen runpy>"", line 88, in _run_code
  File ""/Users/aryansg/Desktop/DeepFuzz/stage4/stage4_worker.py"", line 27, in <module>
    from json2init.deepfuzz_common import (  # noqa: E402
    ...<7 lines>...
    )
  File ""/Users/aryansg/Desktop/DeepFuzz/json2init/deepfuzz_common.py"", line 321
    elif lname in {""axis"", ""dim"", ""depth"", ""k"", ""num"", ""count"", ""window_length"", ""fft_length"", ""sequence_length"", ""sequence_stride"", ""num_bits"", ""block_size"", ""kth""}:
    ^^^^
SyntaxError: invalid syntax",03bdf03010b32b0b,stage4/results/tensorflow-thesis-all-coverage/execution_results/tensorflow.math.special.expint.results.json,stage4/results/tensorflow-thesis-all-coverage/failure.csv,
tensorflow,tensorflow.math.special.expint,stage4_coverage,uncovered_api,Stage 4 did not cover API; valid_programs=0 bugs=0,2d0faa62478a5bd9,stage4/results/tensorflow-thesis-all-coverage/coverage_report.json,stage4/results/tensorflow-thesis-all-coverage/coverage_report.json,
tensorflow,tensorflow.math.special.expint,stage4_coverage,selected_function_line_coverage_percent=0 < 60,selected_function_line_coverage_percent=0 < 60,c76397e88b0c3cfe,,stage4/results/tensorflow-thesis-all-coverage/low_coverage.csv,
tensorflow,tensorflow.math.special.fresnel_cos,stage4_coverage,uncovered_api,Stage 4 did not cover API; valid_programs=0 bugs=0,33fe55fd38795ec3,stage4/results/tensorflow-thesis-all-coverage/coverage_report.json,stage4/results/tensorflow-thesis-all-coverage/coverage_report.json,
tensorflow,tensorflow.math.special.fresnel_cos,stage4_coverage,selected_function_line_coverage_percent=0 < 60,selected_function_line_coverage_percent=0 < 60,4046e35211dcaf6b,,stage4/results/tensorflow-thesis-all-coverage/low_coverage.csv,
tensorflow,tensorflow.math.special.fresnel_cos,stage4_runtime,WorkerCrash,"Traceback (most recent call last):
  File ""<frozen runpy>"", line 198, in _run_module_as_main
  File ""<frozen runpy>"", line 88, in _run_code
  File ""/Users/aryansg/Desktop/DeepFuzz/stage4/stage4_worker.py"", line 27, in <module>
    from json2init.deepfuzz_common import (  # noqa: E402
    ...<7 lines>...
    )
  File ""/Users/aryansg/Desktop/DeepFuzz/json2init/deepfuzz_common.py"", line 321
    elif lname in {""axis"", ""dim"", ""depth"", ""k"", ""num"", ""count"", ""window_length"", ""fft_length"", ""sequence_length"", ""sequence_stride"", ""num_bits"", ""block_size"", ""kth""}:
    ^^^^
SyntaxError: invalid syntax",a78e36730c2ec392,stage4/results/tensorflow-thesis-all-coverage/execution_results/tensorflow.math.special.fresnel_cos.results.json,stage4/results/tensorflow-thesis-all-coverage/failure.csv,
tensorflow,tensorflow.math.special.fresnel_sin,stage4_coverage,uncovered_api,Stage 4 did not cover API; valid_programs=0 bugs=0,761332d56436fc34,stage4/results/tensorflow-thesis-all-coverage/coverage_report.json,stage4/results/tensorflow-thesis-all-coverage/coverage_report.json,
tensorflow,tensorflow.math.special.fresnel_sin,stage4_coverage,selected_function_line_coverage_percent=0 < 60,selected_function_line_coverage_percent=0 < 60,ea68c16f1ccc8a40,,stage4/results/tensorflow-thesis-all-coverage/low_coverage.csv,
tensorflow,tensorflow.math.special.fresnel_sin,stage4_runtime,WorkerCrash,"Traceback (most recent call last):
  File ""<frozen runpy>"", line 198, in _run_module_as_main
  File ""<frozen runpy>"", line 88, in _run_code
  File ""/Users/aryansg/Desktop/DeepFuzz/stage4/stage4_worker.py"", line 27, in <module>
    from json2init.deepfuzz_common import (  # noqa: E402
    ...<7 lines>...
    )
  File ""/Users/aryansg/Desktop/DeepFuzz/json2init/deepfuzz_common.py"", line 321
    elif lname in {""axis"", ""dim"", ""depth"", ""k"", ""num"", ""count"", ""window_length"", ""fft_length"", ""sequence_length"", ""sequence_stride"", ""num_bits"", ""block_size"", ""kth""}:
    ^^^^
SyntaxError: invalid syntax",f86793d8241b89cd,stage4/results/tensorflow-thesis-all-coverage/execution_results/tensorflow.math.special.fresnel_sin.results.json,stage4/results/tensorflow-thesis-all-coverage/failure.csv,
tensorflow,tensorflow.math.special.spence,stage4_coverage,uncovered_api,Stage 4 did not cover API; valid_programs=0 bugs=0,20eff887cb229e2d,stage4/results/tensorflow-thesis-all-coverage/coverage_report.json,stage4/results/tensorflow-thesis-all-coverage/coverage_report.json,
tensorflow,tensorflow.math.special.spence,stage4_runtime,WorkerCrash,"Traceback (most recent call last):
  File ""<frozen runpy>"", line 198, in _run_module_as_main
  File ""<frozen runpy>"", line 88, in _run_code
  File ""/Users/aryansg/Desktop/DeepFuzz/stage4/stage4_worker.py"", line 27, in <module>
    from json2init.deepfuzz_common import (  # noqa: E402
    ...<7 lines>...
    )
  File ""/Users/aryansg/Desktop/DeepFuzz/json2init/deepfuzz_common.py"", line 321
    elif lname in {""axis"", ""dim"", ""depth"", ""k"", ""num"", ""count"", ""window_length"", ""fft_length"", ""sequence_length"", ""sequence_stride"", ""num_bits"", ""block_size"", ""kth""}:
    ^^^^
SyntaxError: invalid syntax",467d131a6a482f4a,stage4/results/tensorflow-thesis-all-coverage/execution_results/tensorflow.math.special.spence.results.json,stage4/results/tensorflow-thesis-all-coverage/failure.csv,
tensorflow,tensorflow.math.special.spence,stage4_coverage,selected_function_line_coverage_percent=0 < 60,selected_function_line_coverage_percent=0 < 60,eebd5db2c30e6ec1,,stage4/results/tensorflow-thesis-all-coverage/low_coverage.csv,
tensorflow,tensorflow.math.squared_difference,stage4_runtime,WorkerCrash,"Traceback (most recent call last):
  File ""<frozen runpy>"", line 198, in _run_module_as_main
  File ""<frozen runpy>"", line 88, in _run_code
  File ""/Users/aryansg/Desktop/DeepFuzz/stage4/stage4_worker.py"", line 27, in <module>
    from json2init.deepfuzz_common import (  # noqa: E402
    ...<7 lines>...
    )
  File ""/Users/aryansg/Desktop/DeepFuzz/json2init/deepfuzz_common.py"", line 321
    elif lname in {""axis"", ""dim"", ""depth"", ""k"", ""num"", ""count"", ""window_length"", ""fft_length"", ""sequence_length"", ""sequence_stride"", ""num_bits"", ""block_size"", ""kth""}:
    ^^^^
SyntaxError: invalid syntax",41ada3af823c37c8,stage4/results/tensorflow-thesis-all-coverage/execution_results/tensorflow.math.squared_difference.results.json,stage4/results/tensorflow-thesis-all-coverage/failure.csv,
tensorflow,tensorflow.math.squared_difference,stage4_coverage,uncovered_api,Stage 4 did not cover API; valid_programs=0 bugs=0,491ffe779f59709c,stage4/results/tensorflow-thesis-all-coverage/coverage_report.json,stage4/results/tensorflow-thesis-all-coverage/coverage_report.json,
tensorflow,tensorflow.math.squared_difference,stage4_coverage,selected_function_line_coverage_percent=0 < 60,selected_function_line_coverage_percent=0 < 60,8bfa066bd0cf7753,,stage4/results/tensorflow-thesis-all-coverage/low_coverage.csv,
tensorflow,tensorflow.math.subtract,stage4_runtime,WorkerCrash,"Traceback (most recent call last):
  File ""<frozen runpy>"", line 198, in _run_module_as_main
  File ""<frozen runpy>"", line 88, in _run_code
  File ""/Users/aryansg/Desktop/DeepFuzz/stage4/stage4_worker.py"", line 27, in <module>
    from json2init.deepfuzz_common import (  # noqa: E402
    ...<7 lines>...
    )
  File ""/Users/aryansg/Desktop/DeepFuzz/json2init/deepfuzz_common.py"", line 321
    elif lname in {""axis"", ""dim"", ""depth"", ""k"", ""num"", ""count"", ""window_length"", ""fft_length"", ""sequence_length"", ""sequence_stride"", ""num_bits"", ""block_size"", ""kth""}:
    ^^^^
SyntaxError: invalid syntax",02bda20aeb7ab656,stage4/results/tensorflow-thesis-all-coverage/execution_results/tensorflow.math.subtract.results.json,stage4/results/tensorflow-thesis-all-coverage/failure.csv,
tensorflow,tensorflow.math.subtract,stage4_coverage,uncovered_api,Stage 4 did not cover API; valid_programs=0 bugs=0,26ad76700223b402,stage4/results/tensorflow-thesis-all-coverage/coverage_report.json,stage4/results/tensorflow-thesis-all-coverage/coverage_report.json,
tensorflow,tensorflow.math.subtract,stage4_coverage,selected_function_line_coverage_percent=0 < 60,selected_function_line_coverage_percent=0 < 60,7edf7d8697aacf6d,,stage4/results/tensorflow-thesis-all-coverage/low_coverage.csv,
tensorflow,tensorflow.math.top_k,stage4_coverage,uncovered_api,Stage 4 did not cover API; valid_programs=0 bugs=0,038e5d20af1633bd,stage4/results/tensorflow-thesis-all-coverage/coverage_report.json,stage4/results/tensorflow-thesis-all-coverage/coverage_report.json,
tensorflow,tensorflow.math.top_k,stage4_coverage,selected_function_line_coverage_percent=0 < 60,selected_function_line_coverage_percent=0 < 60,43fbcef23e2fd572,,stage4/results/tensorflow-thesis-all-coverage/low_coverage.csv,
tensorflow,tensorflow.math.top_k,stage4_runtime,WorkerCrash,"Traceback (most recent call last):
  File ""<frozen runpy>"", line 198, in _run_module_as_main
  File ""<frozen runpy>"", line 88, in _run_code
  File ""/Users/aryansg/Desktop/DeepFuzz/stage4/stage4_worker.py"", line 27, in <module>
    from json2init.deepfuzz_common import (  # noqa: E402
    ...<7 lines>...
    )
  File ""/Users/aryansg/Desktop/DeepFuzz/json2init/deepfuzz_common.py"", line 321
    elif lname in {""axis"", ""dim"", ""depth"", ""k"", ""num"", ""count"", ""window_length"", ""fft_length"", ""sequence_length"", ""sequence_stride"", ""num_bits"", ""block_size"", ""kth""}:
    ^^^^
SyntaxError: invalid syntax",a554d92977747a2f,stage4/results/tensorflow-thesis-all-coverage/execution_results/tensorflow.math.top_k.results.json,stage4/results/tensorflow-thesis-all-coverage/failure.csv,
tensorflow,tensorflow.math.xlogy,stage4_runtime,WorkerCrash,"Traceback (most recent call last):
  File ""<frozen runpy>"", line 198, in _run_module_as_main
  File ""<frozen runpy>"", line 88, in _run_code
  File ""/Users/aryansg/Desktop/DeepFuzz/stage4/stage4_worker.py"", line 27, in <module>
    from json2init.deepfuzz_common import (  # noqa: E402
    ...<7 lines>...
    )
  File ""/Users/aryansg/Desktop/DeepFuzz/json2init/deepfuzz_common.py"", line 321
    elif lname in {""axis"", ""dim"", ""depth"", ""k"", ""num"", ""count"", ""window_length"", ""fft_length"", ""sequence_length"", ""sequence_stride"", ""num_bits"", ""block_size"", ""kth""}:
    ^^^^
SyntaxError: invalid syntax",1f3f8ea9ca6d4571,stage4/results/tensorflow-thesis-all-coverage/execution_results/tensorflow.math.xlogy.results.json,stage4/results/tensorflow-thesis-all-coverage/failure.csv,
tensorflow,tensorflow.math.xlogy,stage4_coverage,uncovered_api,Stage 4 did not cover API; valid_programs=0 bugs=0,32b9e6012f6853f6,stage4/results/tensorflow-thesis-all-coverage/coverage_report.json,stage4/results/tensorflow-thesis-all-coverage/coverage_report.json,
tensorflow,tensorflow.math.xlogy,stage4_coverage,selected_function_line_coverage_percent=0 < 60,selected_function_line_coverage_percent=0 < 60,bec9d72e342aa349,,stage4/results/tensorflow-thesis-all-coverage/low_coverage.csv,
tensorflow,tensorflow.math.zero_fraction,stage4_coverage,selected_function_line_coverage_percent=0 < 60,selected_function_line_coverage_percent=0 < 60,9934e571ab650c86,,stage4/results/tensorflow-thesis-all-coverage/low_coverage.csv,
tensorflow,tensorflow.math.zero_fraction,stage4_coverage,uncovered_api,Stage 4 did not cover API; valid_programs=0 bugs=0,c02e51c1a74cd1bc,stage4/results/tensorflow-thesis-all-coverage/coverage_report.json,stage4/results/tensorflow-thesis-all-coverage/coverage_report.json,
tensorflow,tensorflow.math.zero_fraction,stage4_runtime,WorkerCrash,"Traceback (most recent call last):
  File ""<frozen runpy>"", line 198, in _run_module_as_main
  File ""<frozen runpy>"", line 88, in _run_code
  File ""/Users/aryansg/Desktop/DeepFuzz/stage4/stage4_worker.py"", line 27, in <module>
    from json2init.deepfuzz_common import (  # noqa: E402
    ...<7 lines>...
    )
  File ""/Users/aryansg/Desktop/DeepFuzz/json2init/deepfuzz_common.py"", line 321
    elif lname in {""axis"", ""dim"", ""depth"", ""k"", ""num"", ""count"", ""window_length"", ""fft_length"", ""sequence_length"", ""sequence_stride"", ""num_bits"", ""block_size"", ""kth""}:
    ^^^^
SyntaxError: invalid syntax",d4ebe5016ceda985,stage4/results/tensorflow-thesis-all-coverage/execution_results/tensorflow.math.zero_fraction.results.json,stage4/results/tensorflow-thesis-all-coverage/failure.csv,
tensorflow,tensorflow.math.zeta,stage4_coverage,selected_function_line_coverage_percent=0 < 60,selected_function_line_coverage_percent=0 < 60,333d68d5c46f99f5,,stage4/results/tensorflow-thesis-all-coverage/low_coverage.csv,
tensorflow,tensorflow.math.zeta,stage4_coverage,uncovered_api,Stage 4 did not cover API; valid_programs=0 bugs=0,557f700a25ba1060,stage4/results/tensorflow-thesis-all-coverage/coverage_report.json,stage4/results/tensorflow-thesis-all-coverage/coverage_report.json,
tensorflow,tensorflow.math.zeta,stage4_runtime,WorkerCrash,"Traceback (most recent call last):
  File ""<frozen runpy>"", line 198, in _run_module_as_main
  File ""<frozen runpy>"", line 88, in _run_code
  File ""/Users/aryansg/Desktop/DeepFuzz/stage4/stage4_worker.py"", line 27, in <module>
    from json2init.deepfuzz_common import (  # noqa: E402
    ...<7 lines>...
    )
  File ""/Users/aryansg/Desktop/DeepFuzz/json2init/deepfuzz_common.py"", line 321
    elif lname in {""axis"", ""dim"", ""depth"", ""k"", ""num"", ""count"", ""window_length"", ""fft_length"", ""sequence_length"", ""sequence_stride"", ""num_bits"", ""block_size"", ""kth""}:
    ^^^^
SyntaxError: invalid syntax",f9ddb51c6443368e,stage4/results/tensorflow-thesis-all-coverage/execution_results/tensorflow.math.zeta.results.json,stage4/results/tensorflow-thesis-all-coverage/failure.csv,
tensorflow,tensorflow.maximum,stage4_runtime,WorkerCrash,"Traceback (most recent call last):
  File ""<frozen runpy>"", line 198, in _run_module_as_main
  File ""<frozen runpy>"", line 88, in _run_code
  File ""/Users/aryansg/Desktop/DeepFuzz/stage4/stage4_worker.py"", line 27, in <module>
    from json2init.deepfuzz_common import (  # noqa: E402
    ...<7 lines>...
    )
  File ""/Users/aryansg/Desktop/DeepFuzz/json2init/deepfuzz_common.py"", line 321
    elif lname in {""axis"", ""dim"", ""depth"", ""k"", ""num"", ""count"", ""window_length"", ""fft_length"", ""sequence_length"", ""sequence_stride"", ""num_bits"", ""block_size"", ""kth""}:
    ^^^^
SyntaxError: invalid syntax",2343f670273558fa,stage4/results/tensorflow-thesis-all-coverage/execution_results/tensorflow.maximum.results.json,stage4/results/tensorflow-thesis-all-coverage/failure.csv,
tensorflow,tensorflow.maximum,stage4_coverage,uncovered_api,Stage 4 did not cover API; valid_programs=0 bugs=0,4d01c306efae3b84,stage4/results/tensorflow-thesis-all-coverage/coverage_report.json,stage4/results/tensorflow-thesis-all-coverage/coverage_report.json,
tensorflow,tensorflow.maximum,stage4_coverage,selected_function_line_coverage_percent=0 < 60,selected_function_line_coverage_percent=0 < 60,6b2acb8576399960,,stage4/results/tensorflow-thesis-all-coverage/low_coverage.csv,
tensorflow,tensorflow.metrics.KLD,stage4_coverage,selected_function_line_coverage_percent=0 < 60,selected_function_line_coverage_percent=0 < 60,735eb41e0fd770e1,,stage4/results/tensorflow-thesis-all-coverage/low_coverage.csv,
tensorflow,tensorflow.metrics.KLD,stage4_runtime,WorkerCrash,"Traceback (most recent call last):
  File ""<frozen runpy>"", line 198, in _run_module_as_main
  File ""<frozen runpy>"", line 88, in _run_code
  File ""/Users/aryansg/Desktop/DeepFuzz/stage4/stage4_worker.py"", line 27, in <module>
    from json2init.deepfuzz_common import (  # noqa: E402
    ...<7 lines>...
    )
  File ""/Users/aryansg/Desktop/DeepFuzz/json2init/deepfuzz_common.py"", line 321
    elif lname in {""axis"", ""dim"", ""depth"", ""k"", ""num"", ""count"", ""window_length"", ""fft_length"", ""sequence_length"", ""sequence_stride"", ""num_bits"", ""block_size"", ""kth""}:
    ^^^^
SyntaxError: invalid syntax",b59a011dd5914c07,stage4/results/tensorflow-thesis-all-coverage/execution_results/tensorflow.metrics.KLD.results.json,stage4/results/tensorflow-thesis-all-coverage/failure.csv,
tensorflow,tensorflow.metrics.KLD,stage4_coverage,uncovered_api,Stage 4 did not cover API; valid_programs=0 bugs=0,cdb99745771e1366,stage4/results/tensorflow-thesis-all-coverage/coverage_report.json,stage4/results/tensorflow-thesis-all-coverage/coverage_report.json,
tensorflow,tensorflow.metrics.MAE,stage4_coverage,selected_function_line_coverage_percent=0 < 60,selected_function_line_coverage_percent=0 < 60,46a80896a712cdfa,,stage4/results/tensorflow-thesis-all-coverage/low_coverage.csv,
tensorflow,tensorflow.metrics.MAE,stage4_runtime,WorkerCrash,"Traceback (most recent call last):
  File ""<frozen runpy>"", line 198, in _run_module_as_main
  File ""<frozen runpy>"", line 88, in _run_code
  File ""/Users/aryansg/Desktop/DeepFuzz/stage4/stage4_worker.py"", line 27, in <module>
    from json2init.deepfuzz_common import (  # noqa: E402
    ...<7 lines>...
    )
  File ""/Users/aryansg/Desktop/DeepFuzz/json2init/deepfuzz_common.py"", line 321
    elif lname in {""axis"", ""dim"", ""depth"", ""k"", ""num"", ""count"", ""window_length"", ""fft_length"", ""sequence_length"", ""sequence_stride"", ""num_bits"", ""block_size"", ""kth""}:
    ^^^^
SyntaxError: invalid syntax",86c8ee3eb749ec62,stage4/results/tensorflow-thesis-all-coverage/execution_results/tensorflow.metrics.MAE.results.json,stage4/results/tensorflow-thesis-all-coverage/failure.csv,
tensorflow,tensorflow.metrics.MAE,stage4_coverage,uncovered_api,Stage 4 did not cover API; valid_programs=0 bugs=0,9738979f97881004,stage4/results/tensorflow-thesis-all-coverage/coverage_report.json,stage4/results/tensorflow-thesis-all-coverage/coverage_report.json,
tensorflow,tensorflow.metrics.MSE,stage4_runtime,WorkerCrash,"Traceback (most recent call last):
  File ""<frozen runpy>"", line 198, in _run_module_as_main
  File ""<frozen runpy>"", line 88, in _run_code
  File ""/Users/aryansg/Desktop/DeepFuzz/stage4/stage4_worker.py"", line 27, in <module>
    from json2init.deepfuzz_common import (  # noqa: E402
    ...<7 lines>...
    )
  File ""/Users/aryansg/Desktop/DeepFuzz/json2init/deepfuzz_common.py"", line 321
    elif lname in {""axis"", ""dim"", ""depth"", ""k"", ""num"", ""count"", ""window_length"", ""fft_length"", ""sequence_length"", ""sequence_stride"", ""num_bits"", ""block_size"", ""kth""}:
    ^^^^
SyntaxError: invalid syntax",0935ef26e9b93f90,stage4/results/tensorflow-thesis-all-coverage/execution_results/tensorflow.metrics.MSE.results.json,stage4/results/tensorflow-thesis-all-coverage/failure.csv,
tensorflow,tensorflow.metrics.MSE,stage4_coverage,selected_function_line_coverage_percent=0 < 60,selected_function_line_coverage_percent=0 < 60,1924eec842436763,,stage4/results/tensorflow-thesis-all-coverage/low_coverage.csv,
tensorflow,tensorflow.metrics.MSE,stage4_coverage,uncovered_api,Stage 4 did not cover API; valid_programs=0 bugs=0,356a24d91f75bbae,stage4/results/tensorflow-thesis-all-coverage/coverage_report.json,stage4/results/tensorflow-thesis-all-coverage/coverage_report.json,
tensorflow,tensorflow.metrics.binary_crossentropy,stage4_coverage,selected_function_line_coverage_percent=0 < 60,selected_function_line_coverage_percent=0 < 60,8ca532a506b83f82,,stage4/results/tensorflow-thesis-all-coverage/low_coverage.csv,
tensorflow,tensorflow.metrics.binary_crossentropy,stage4_coverage,uncovered_api,Stage 4 did not cover API; valid_programs=0 bugs=0,92ac486a3707cb02,stage4/results/tensorflow-thesis-all-coverage/coverage_report.json,stage4/results/tensorflow-thesis-all-coverage/coverage_report.json,
tensorflow,tensorflow.metrics.binary_crossentropy,stage4_runtime,WorkerCrash,"Traceback (most recent call last):
  File ""<frozen runpy>"", line 198, in _run_module_as_main
  File ""<frozen runpy>"", line 88, in _run_code
  File ""/Users/aryansg/Desktop/DeepFuzz/stage4/stage4_worker.py"", line 27, in <module>
    from json2init.deepfuzz_common import (  # noqa: E402
    ...<7 lines>...
    )
  File ""/Users/aryansg/Desktop/DeepFuzz/json2init/deepfuzz_common.py"", line 321
    elif lname in {""axis"", ""dim"", ""depth"", ""k"", ""num"", ""count"", ""window_length"", ""fft_length"", ""sequence_length"", ""sequence_stride"", ""num_bits"", ""block_size"", ""kth""}:
    ^^^^
SyntaxError: invalid syntax",9e78ac2a4b63b36d,stage4/results/tensorflow-thesis-all-coverage/execution_results/tensorflow.metrics.binary_crossentropy.results.json,stage4/results/tensorflow-thesis-all-coverage/failure.csv,
tensorflow,tensorflow.metrics.binary_focal_crossentropy,stage4_runtime,WorkerCrash,"Traceback (most recent call last):
  File ""<frozen runpy>"", line 198, in _run_module_as_main
  File ""<frozen runpy>"", line 88, in _run_code
  File ""/Users/aryansg/Desktop/DeepFuzz/stage4/stage4_worker.py"", line 27, in <module>
    from json2init.deepfuzz_common import (  # noqa: E402
    ...<7 lines>...
    )
  File ""/Users/aryansg/Desktop/DeepFuzz/json2init/deepfuzz_common.py"", line 321
    elif lname in {""axis"", ""dim"", ""depth"", ""k"", ""num"", ""count"", ""window_length"", ""fft_length"", ""sequence_length"", ""sequence_stride"", ""num_bits"", ""block_size"", ""kth""}:
    ^^^^
SyntaxError: invalid syntax",839ad4260b3e397a,stage4/results/tensorflow-thesis-all-coverage/execution_results/tensorflow.metrics.binary_focal_crossentropy.results.json,stage4/results/tensorflow-thesis-all-coverage/failure.csv,
tensorflow,tensorflow.metrics.binary_focal_crossentropy,stage4_coverage,selected_function_line_coverage_percent=0 < 60,selected_function_line_coverage_percent=0 < 60,a3e0ee26db09dea0,,stage4/results/tensorflow-thesis-all-coverage/low_coverage.csv,
tensorflow,tensorflow.metrics.binary_focal_crossentropy,stage4_coverage,uncovered_api,Stage 4 did not cover API; valid_programs=0 bugs=0,aeeefca433eb1173,stage4/results/tensorflow-thesis-all-coverage/coverage_report.json,stage4/results/tensorflow-thesis-all-coverage/coverage_report.json,
tensorflow,tensorflow.metrics.categorical_crossentropy,stage4_runtime,WorkerCrash,"Traceback (most recent call last):
  File ""<frozen runpy>"", line 198, in _run_module_as_main
  File ""<frozen runpy>"", line 88, in _run_code
  File ""/Users/aryansg/Desktop/DeepFuzz/stage4/stage4_worker.py"", line 27, in <module>
    from json2init.deepfuzz_common import (  # noqa: E402
    ...<7 lines>...
    )
  File ""/Users/aryansg/Desktop/DeepFuzz/json2init/deepfuzz_common.py"", line 321
    elif lname in {""axis"", ""dim"", ""depth"", ""k"", ""num"", ""count"", ""window_length"", ""fft_length"", ""sequence_length"", ""sequence_stride"", ""num_bits"", ""block_size"", ""kth""}:
    ^^^^
SyntaxError: invalid syntax",3f10212e58f4bd14,stage4/results/tensorflow-thesis-all-coverage/execution_results/tensorflow.metrics.categorical_crossentropy.results.json,stage4/results/tensorflow-thesis-all-coverage/failure.csv,
tensorflow,tensorflow.metrics.categorical_crossentropy,stage4_coverage,uncovered_api,Stage 4 did not cover API; valid_programs=0 bugs=0,70c40179a0580b5b,stage4/results/tensorflow-thesis-all-coverage/coverage_report.json,stage4/results/tensorflow-thesis-all-coverage/coverage_report.json,
tensorflow,tensorflow.metrics.categorical_crossentropy,stage4_coverage,selected_function_line_coverage_percent=0 < 60,selected_function_line_coverage_percent=0 < 60,764b04622b1a1041,,stage4/results/tensorflow-thesis-all-coverage/low_coverage.csv,
tensorflow,tensorflow.metrics.categorical_focal_crossentropy,stage4_coverage,uncovered_api,Stage 4 did not cover API; valid_programs=0 bugs=0,03c6211a5b5c1521,stage4/results/tensorflow-thesis-all-coverage/coverage_report.json,stage4/results/tensorflow-thesis-all-coverage/coverage_report.json,
tensorflow,tensorflow.metrics.categorical_focal_crossentropy,stage4_runtime,WorkerCrash,"Traceback (most recent call last):
  File ""<frozen runpy>"", line 198, in _run_module_as_main
  File ""<frozen runpy>"", line 88, in _run_code
  File ""/Users/aryansg/Desktop/DeepFuzz/stage4/stage4_worker.py"", line 27, in <module>
    from json2init.deepfuzz_common import (  # noqa: E402
    ...<7 lines>...
    )
  File ""/Users/aryansg/Desktop/DeepFuzz/json2init/deepfuzz_common.py"", line 321
    elif lname in {""axis"", ""dim"", ""depth"", ""k"", ""num"", ""count"", ""window_length"", ""fft_length"", ""sequence_length"", ""sequence_stride"", ""num_bits"", ""block_size"", ""kth""}:
    ^^^^
SyntaxError: invalid syntax",2547cca77a90fff5,stage4/results/tensorflow-thesis-all-coverage/execution_results/tensorflow.metrics.categorical_focal_crossentropy.results.json,stage4/results/tensorflow-thesis-all-coverage/failure.csv,
tensorflow,tensorflow.metrics.categorical_focal_crossentropy,stage4_coverage,selected_function_line_coverage_percent=0 < 60,selected_function_line_coverage_percent=0 < 60,f23b5b2fb145e717,,stage4/results/tensorflow-thesis-all-coverage/low_coverage.csv,
tensorflow,tensorflow.metrics.categorical_hinge,stage4_runtime,WorkerCrash,"Traceback (most recent call last):
  File ""<frozen runpy>"", line 198, in _run_module_as_main
  File ""<frozen runpy>"", line 88, in _run_code
  File ""/Users/aryansg/Desktop/DeepFuzz/stage4/stage4_worker.py"", line 27, in <module>
    from json2init.deepfuzz_common import (  # noqa: E402
    ...<7 lines>...
    )
  File ""/Users/aryansg/Desktop/DeepFuzz/json2init/deepfuzz_common.py"", line 321
    elif lname in {""axis"", ""dim"", ""depth"", ""k"", ""num"", ""count"", ""window_length"", ""fft_length"", ""sequence_length"", ""sequence_stride"", ""num_bits"", ""block_size"", ""kth""}:
    ^^^^
SyntaxError: invalid syntax",a329c33b06325648,stage4/results/tensorflow-thesis-all-coverage/execution_results/tensorflow.metrics.categorical_hinge.results.json,stage4/results/tensorflow-thesis-all-coverage/failure.csv,
tensorflow,tensorflow.metrics.categorical_hinge,stage4_coverage,selected_function_line_coverage_percent=0 < 60,selected_function_line_coverage_percent=0 < 60,bd8700fff6019c70,,stage4/results/tensorflow-thesis-all-coverage/low_coverage.csv,
tensorflow,tensorflow.metrics.categorical_hinge,stage4_coverage,uncovered_api,Stage 4 did not cover API; valid_programs=0 bugs=0,d182f7c92cefc66c,stage4/results/tensorflow-thesis-all-coverage/coverage_report.json,stage4/results/tensorflow-thesis-all-coverage/coverage_report.json,
tensorflow,tensorflow.metrics.concordance_correlation,stage4_coverage,selected_function_line_coverage_percent=0 < 60,selected_function_line_coverage_percent=0 < 60,168e0731c5d90802,,stage4/results/tensorflow-thesis-all-coverage/low_coverage.csv,
tensorflow,tensorflow.metrics.concordance_correlation,stage4_runtime,WorkerCrash,"Traceback (most recent call last):
  File ""<frozen runpy>"", line 198, in _run_module_as_main
  File ""<frozen runpy>"", line 88, in _run_code
  File ""/Users/aryansg/Desktop/DeepFuzz/stage4/stage4_worker.py"", line 27, in <module>
    from json2init.deepfuzz_common import (  # noqa: E402
    ...<7 lines>...
    )
  File ""/Users/aryansg/Desktop/DeepFuzz/json2init/deepfuzz_common.py"", line 321
    elif lname in {""axis"", ""dim"", ""depth"", ""k"", ""num"", ""count"", ""window_length"", ""fft_length"", ""sequence_length"", ""sequence_stride"", ""num_bits"", ""block_size"", ""kth""}:
    ^^^^
SyntaxError: invalid syntax",30fc4f2949e60552,stage4/results/tensorflow-thesis-all-coverage/execution_results/tensorflow.metrics.concordance_correlation.results.json,stage4/results/tensorflow-thesis-all-coverage/failure.csv,
tensorflow,tensorflow.metrics.concordance_correlation,stage4_coverage,uncovered_api,Stage 4 did not cover API; valid_programs=0 bugs=0,bb02d20c3e690e93,stage4/results/tensorflow-thesis-all-coverage/coverage_report.json,stage4/results/tensorflow-thesis-all-coverage/coverage_report.json,
tensorflow,tensorflow.metrics.hinge,stage4_runtime,WorkerCrash,"Traceback (most recent call last):
  File ""<frozen runpy>"", line 198, in _run_module_as_main
  File ""<frozen runpy>"", line 88, in _run_code
  File ""/Users/aryansg/Desktop/DeepFuzz/stage4/stage4_worker.py"", line 27, in <module>
    from json2init.deepfuzz_common import (  # noqa: E402
    ...<7 lines>...
    )
  File ""/Users/aryansg/Desktop/DeepFuzz/json2init/deepfuzz_common.py"", line 321
    elif lname in {""axis"", ""dim"", ""depth"", ""k"", ""num"", ""count"", ""window_length"", ""fft_length"", ""sequence_length"", ""sequence_stride"", ""num_bits"", ""block_size"", ""kth""}:
    ^^^^
SyntaxError: invalid syntax",0cbae2d7440a3aec,stage4/results/tensorflow-thesis-all-coverage/execution_results/tensorflow.metrics.hinge.results.json,stage4/results/tensorflow-thesis-all-coverage/failure.csv,
tensorflow,tensorflow.metrics.hinge,stage4_coverage,selected_function_line_coverage_percent=0 < 60,selected_function_line_coverage_percent=0 < 60,82825f0987c4c5db,,stage4/results/tensorflow-thesis-all-coverage/low_coverage.csv,
tensorflow,tensorflow.metrics.hinge,stage4_coverage,uncovered_api,Stage 4 did not cover API; valid_programs=0 bugs=0,aa9e47cc096460ee,stage4/results/tensorflow-thesis-all-coverage/coverage_report.json,stage4/results/tensorflow-thesis-all-coverage/coverage_report.json,
tensorflow,tensorflow.metrics.huber,stage4_runtime,WorkerCrash,"Traceback (most recent call last):
  File ""<frozen runpy>"", line 198, in _run_module_as_main
  File ""<frozen runpy>"", line 88, in _run_code
  File ""/Users/aryansg/Desktop/DeepFuzz/stage4/stage4_worker.py"", line 27, in <module>
    from json2init.deepfuzz_common import (  # noqa: E402
    ...<7 lines>...
    )
  File ""/Users/aryansg/Desktop/DeepFuzz/json2init/deepfuzz_common.py"", line 321
    elif lname in {""axis"", ""dim"", ""depth"", ""k"", ""num"", ""count"", ""window_length"", ""fft_length"", ""sequence_length"", ""sequence_stride"", ""num_bits"", ""block_size"", ""kth""}:
    ^^^^
SyntaxError: invalid syntax",1148781d01b7cff8,stage4/results/tensorflow-thesis-all-coverage/execution_results/tensorflow.metrics.huber.results.json,stage4/results/tensorflow-thesis-all-coverage/failure.csv,
tensorflow,tensorflow.metrics.huber,stage4_coverage,uncovered_api,Stage 4 did not cover API; valid_programs=0 bugs=0,1d556a4ce2146674,stage4/results/tensorflow-thesis-all-coverage/coverage_report.json,stage4/results/tensorflow-thesis-all-coverage/coverage_report.json,
tensorflow,tensorflow.metrics.huber,stage4_coverage,selected_function_line_coverage_percent=0 < 60,selected_function_line_coverage_percent=0 < 60,a4d6377a848cc998,,stage4/results/tensorflow-thesis-all-coverage/low_coverage.csv,
tensorflow,tensorflow.metrics.kullback_leibler_divergence,stage4_runtime,WorkerCrash,"Traceback (most recent call last):
  File ""<frozen runpy>"", line 198, in _run_module_as_main
  File ""<frozen runpy>"", line 88, in _run_code
  File ""/Users/aryansg/Desktop/DeepFuzz/stage4/stage4_worker.py"", line 27, in <module>
    from json2init.deepfuzz_common import (  # noqa: E402
    ...<7 lines>...
    )
  File ""/Users/aryansg/Desktop/DeepFuzz/json2init/deepfuzz_common.py"", line 321
    elif lname in {""axis"", ""dim"", ""depth"", ""k"", ""num"", ""count"", ""window_length"", ""fft_length"", ""sequence_length"", ""sequence_stride"", ""num_bits"", ""block_size"", ""kth""}:
    ^^^^
SyntaxError: invalid syntax",34a6df687a6c51c2,stage4/results/tensorflow-thesis-all-coverage/execution_results/tensorflow.metrics.kullback_leibler_divergence.results.json,stage4/results/tensorflow-thesis-all-coverage/failure.csv,
tensorflow,tensorflow.metrics.kullback_leibler_divergence,stage4_coverage,uncovered_api,Stage 4 did not cover API; valid_programs=0 bugs=0,70a47e4e6cbbdf19,stage4/results/tensorflow-thesis-all-coverage/coverage_report.json,stage4/results/tensorflow-thesis-all-coverage/coverage_report.json,
tensorflow,tensorflow.metrics.kullback_leibler_divergence,stage4_coverage,selected_function_line_coverage_percent=0 < 60,selected_function_line_coverage_percent=0 < 60,c1ded91c85363a0e,,stage4/results/tensorflow-thesis-all-coverage/low_coverage.csv,
tensorflow,tensorflow.metrics.logcosh,stage4_runtime,WorkerCrash,"Traceback (most recent call last):
  File ""<frozen runpy>"", line 198, in _run_module_as_main
  File ""<frozen runpy>"", line 88, in _run_code
  File ""/Users/aryansg/Desktop/DeepFuzz/stage4/stage4_worker.py"", line 27, in <module>
    from json2init.deepfuzz_common import (  # noqa: E402
    ...<7 lines>...
    )
  File ""/Users/aryansg/Desktop/DeepFuzz/json2init/deepfuzz_common.py"", line 321
    elif lname in {""axis"", ""dim"", ""depth"", ""k"", ""num"", ""count"", ""window_length"", ""fft_length"", ""sequence_length"", ""sequence_stride"", ""num_bits"", ""block_size"", ""kth""}:
    ^^^^
SyntaxError: invalid syntax",0103c753a6422e30,stage4/results/tensorflow-thesis-all-coverage/execution_results/tensorflow.metrics.logcosh.results.json,stage4/results/tensorflow-thesis-all-coverage/failure.csv,
tensorflow,tensorflow.metrics.logcosh,stage4_coverage,selected_function_line_coverage_percent=0 < 60,selected_function_line_coverage_percent=0 < 60,cb9eead0298a811f,,stage4/results/tensorflow-thesis-all-coverage/low_coverage.csv,
tensorflow,tensorflow.metrics.logcosh,stage4_coverage,uncovered_api,Stage 4 did not cover API; valid_programs=0 bugs=0,d95752f146acfb12,stage4/results/tensorflow-thesis-all-coverage/coverage_report.json,stage4/results/tensorflow-thesis-all-coverage/coverage_report.json,
tensorflow,tensorflow.metrics.pearson_correlation,stage4_coverage,selected_function_line_coverage_percent=0 < 60,selected_function_line_coverage_percent=0 < 60,5ab46964e150aff4,,stage4/results/tensorflow-thesis-all-coverage/low_coverage.csv,
tensorflow,tensorflow.metrics.pearson_correlation,stage4_coverage,uncovered_api,Stage 4 did not cover API; valid_programs=0 bugs=0,63f3fc1144c23b4f,stage4/results/tensorflow-thesis-all-coverage/coverage_report.json,stage4/results/tensorflow-thesis-all-coverage/coverage_report.json,
tensorflow,tensorflow.metrics.pearson_correlation,stage4_runtime,WorkerCrash,"Traceback (most recent call last):
  File ""<frozen runpy>"", line 198, in _run_module_as_main
  File ""<frozen runpy>"", line 88, in _run_code
  File ""/Users/aryansg/Desktop/DeepFuzz/stage4/stage4_worker.py"", line 27, in <module>
    from json2init.deepfuzz_common import (  # noqa: E402
    ...<7 lines>...
    )
  File ""/Users/aryansg/Desktop/DeepFuzz/json2init/deepfuzz_common.py"", line 321
    elif lname in {""axis"", ""dim"", ""depth"", ""k"", ""num"", ""count"", ""window_length"", ""fft_length"", ""sequence_length"", ""sequence_stride"", ""num_bits"", ""block_size"", ""kth""}:
    ^^^^
SyntaxError: invalid syntax",b080cfbad60574f6,stage4/results/tensorflow-thesis-all-coverage/execution_results/tensorflow.metrics.pearson_correlation.results.json,stage4/results/tensorflow-thesis-all-coverage/failure.csv,
tensorflow,tensorflow.metrics.poisson,stage4_coverage,uncovered_api,Stage 4 did not cover API; valid_programs=0 bugs=0,72bdb289a0aeb752,stage4/results/tensorflow-thesis-all-coverage/coverage_report.json,stage4/results/tensorflow-thesis-all-coverage/coverage_report.json,
tensorflow,tensorflow.metrics.poisson,stage4_coverage,selected_function_line_coverage_percent=0 < 60,selected_function_line_coverage_percent=0 < 60,97b6172ee60867b7,,stage4/results/tensorflow-thesis-all-coverage/low_coverage.csv,
tensorflow,tensorflow.metrics.poisson,stage4_runtime,WorkerCrash,"Traceback (most recent call last):
  File ""<frozen runpy>"", line 198, in _run_module_as_main
  File ""<frozen runpy>"", line 88, in _run_code
  File ""/Users/aryansg/Desktop/DeepFuzz/stage4/stage4_worker.py"", line 27, in <module>
    from json2init.deepfuzz_common import (  # noqa: E402
    ...<7 lines>...
    )
  File ""/Users/aryansg/Desktop/DeepFuzz/json2init/deepfuzz_common.py"", line 321
    elif lname in {""axis"", ""dim"", ""depth"", ""k"", ""num"", ""count"", ""window_length"", ""fft_length"", ""sequence_length"", ""sequence_stride"", ""num_bits"", ""block_size"", ""kth""}:
    ^^^^
SyntaxError: invalid syntax",9c13e1b207a14ddd,stage4/results/tensorflow-thesis-all-coverage/execution_results/tensorflow.metrics.poisson.results.json,stage4/results/tensorflow-thesis-all-coverage/failure.csv,
tensorflow,tensorflow.metrics.squared_hinge,stage4_runtime,WorkerCrash,"Traceback (most recent call last):
  File ""<frozen runpy>"", line 198, in _run_module_as_main
  File ""<frozen runpy>"", line 88, in _run_code
  File ""/Users/aryansg/Desktop/DeepFuzz/stage4/stage4_worker.py"", line 27, in <module>
    from json2init.deepfuzz_common import (  # noqa: E402
    ...<7 lines>...
    )
  File ""/Users/aryansg/Desktop/DeepFuzz/json2init/deepfuzz_common.py"", line 321
    elif lname in {""axis"", ""dim"", ""depth"", ""k"", ""num"", ""count"", ""window_length"", ""fft_length"", ""sequence_length"", ""sequence_stride"", ""num_bits"", ""block_size"", ""kth""}:
    ^^^^
SyntaxError: invalid syntax",1df47d44d2c18291,stage4/results/tensorflow-thesis-all-coverage/execution_results/tensorflow.metrics.squared_hinge.results.json,stage4/results/tensorflow-thesis-all-coverage/failure.csv,
tensorflow,tensorflow.metrics.squared_hinge,stage4_coverage,selected_function_line_coverage_percent=0 < 60,selected_function_line_coverage_percent=0 < 60,6b9163ad1e9ba68b,,stage4/results/tensorflow-thesis-all-coverage/low_coverage.csv,
tensorflow,tensorflow.metrics.squared_hinge,stage4_coverage,uncovered_api,Stage 4 did not cover API; valid_programs=0 bugs=0,d71d73fb68ae8105,stage4/results/tensorflow-thesis-all-coverage/coverage_report.json,stage4/results/tensorflow-thesis-all-coverage/coverage_report.json,
tensorflow,tensorflow.minimum,stage4_coverage,selected_function_line_coverage_percent=0 < 60,selected_function_line_coverage_percent=0 < 60,b508d43f28062c4e,,stage4/results/tensorflow-thesis-all-coverage/low_coverage.csv,
tensorflow,tensorflow.minimum,stage4_coverage,uncovered_api,Stage 4 did not cover API; valid_programs=0 bugs=0,b81cd03133bde586,stage4/results/tensorflow-thesis-all-coverage/coverage_report.json,stage4/results/tensorflow-thesis-all-coverage/coverage_report.json,
tensorflow,tensorflow.minimum,stage4_runtime,WorkerCrash,"Traceback (most recent call last):
  File ""<frozen runpy>"", line 198, in _run_module_as_main
  File ""<frozen runpy>"", line 88, in _run_code
  File ""/Users/aryansg/Desktop/DeepFuzz/stage4/stage4_worker.py"", line 27, in <module>
    from json2init.deepfuzz_common import (  # noqa: E402
    ...<7 lines>...
    )
  File ""/Users/aryansg/Desktop/DeepFuzz/json2init/deepfuzz_common.py"", line 321
    elif lname in {""axis"", ""dim"", ""depth"", ""k"", ""num"", ""count"", ""window_length"", ""fft_length"", ""sequence_length"", ""sequence_stride"", ""num_bits"", ""block_size"", ""kth""}:
    ^^^^
SyntaxError: invalid syntax",b9b28b5898bbe71f,stage4/results/tensorflow-thesis-all-coverage/execution_results/tensorflow.minimum.results.json,stage4/results/tensorflow-thesis-all-coverage/failure.csv,
tensorflow,tensorflow.nn.avg_pool,stage4_coverage,uncovered_api,Stage 4 did not cover API; valid_programs=0 bugs=0,2111c277b7cc742b,stage4/results/tensorflow-thesis-all-coverage/coverage_report.json,stage4/results/tensorflow-thesis-all-coverage/coverage_report.json,
tensorflow,tensorflow.nn.avg_pool,stage4_runtime,WorkerCrash,"Traceback (most recent call last):
  File ""<frozen runpy>"", line 198, in _run_module_as_main
  File ""<frozen runpy>"", line 88, in _run_code
  File ""/Users/aryansg/Desktop/DeepFuzz/stage4/stage4_worker.py"", line 27, in <module>
    from json2init.deepfuzz_common import (  # noqa: E402
    ...<7 lines>...
    )
  File ""/Users/aryansg/Desktop/DeepFuzz/json2init/deepfuzz_common.py"", line 321
    elif lname in {""axis"", ""dim"", ""depth"", ""k"", ""num"", ""count"", ""window_length"", ""fft_length"", ""sequence_length"", ""sequence_stride"", ""num_bits"", ""block_size"", ""kth""}:
    ^^^^
SyntaxError: invalid syntax",42eedfad97b25580,stage4/results/tensorflow-thesis-all-coverage/execution_results/tensorflow.nn.avg_pool.results.json,stage4/results/tensorflow-thesis-all-coverage/failure.csv,
tensorflow,tensorflow.nn.avg_pool,stage4_coverage,selected_function_line_coverage_percent=0 < 60,selected_function_line_coverage_percent=0 < 60,a5bb722cda4fbf27,,stage4/results/tensorflow-thesis-all-coverage/low_coverage.csv,
tensorflow,tensorflow.nn.batch_normalization,stage4_runtime,WorkerCrash,"Traceback (most recent call last):
  File ""<frozen runpy>"", line 198, in _run_module_as_main
  File ""<frozen runpy>"", line 88, in _run_code
  File ""/Users/aryansg/Desktop/DeepFuzz/stage4/stage4_worker.py"", line 27, in <module>
    from json2init.deepfuzz_common import (  # noqa: E402
    ...<7 lines>...
    )
  File ""/Users/aryansg/Desktop/DeepFuzz/json2init/deepfuzz_common.py"", line 321
    elif lname in {""axis"", ""dim"", ""depth"", ""k"", ""num"", ""count"", ""window_length"", ""fft_length"", ""sequence_length"", ""sequence_stride"", ""num_bits"", ""block_size"", ""kth""}:
    ^^^^
SyntaxError: invalid syntax",975125398413ae7c,stage4/results/tensorflow-thesis-all-coverage/execution_results/tensorflow.nn.batch_normalization.results.json,stage4/results/tensorflow-thesis-all-coverage/failure.csv,
tensorflow,tensorflow.nn.batch_normalization,stage4_coverage,selected_function_line_coverage_percent=0 < 60,selected_function_line_coverage_percent=0 < 60,a3f1d2212ee17727,,stage4/results/tensorflow-thesis-all-coverage/low_coverage.csv,
tensorflow,tensorflow.nn.batch_normalization,stage4_coverage,uncovered_api,Stage 4 did not cover API; valid_programs=0 bugs=0,ff9569639f1f8487,stage4/results/tensorflow-thesis-all-coverage/coverage_report.json,stage4/results/tensorflow-thesis-all-coverage/coverage_report.json,
tensorflow,tensorflow.nn.elu,stage4_runtime,WorkerCrash,"Traceback (most recent call last):
  File ""<frozen runpy>"", line 198, in _run_module_as_main
  File ""<frozen runpy>"", line 88, in _run_code
  File ""/Users/aryansg/Desktop/DeepFuzz/stage4/stage4_worker.py"", line 27, in <module>
    from json2init.deepfuzz_common import (  # noqa: E402
    ...<7 lines>...
    )
  File ""/Users/aryansg/Desktop/DeepFuzz/json2init/deepfuzz_common.py"", line 321
    elif lname in {""axis"", ""dim"", ""depth"", ""k"", ""num"", ""count"", ""window_length"", ""fft_length"", ""sequence_length"", ""sequence_stride"", ""num_bits"", ""block_size"", ""kth""}:
    ^^^^
SyntaxError: invalid syntax",2022fdd5f3ea4d7d,stage4/results/tensorflow-thesis-all-coverage/execution_results/tensorflow.nn.elu.results.json,stage4/results/tensorflow-thesis-all-coverage/failure.csv,
tensorflow,tensorflow.nn.elu,stage4_coverage,uncovered_api,Stage 4 did not cover API; valid_programs=0 bugs=0,8ce374b7fea575a7,stage4/results/tensorflow-thesis-all-coverage/coverage_report.json,stage4/results/tensorflow-thesis-all-coverage/coverage_report.json,
tensorflow,tensorflow.nn.elu,stage4_coverage,selected_function_line_coverage_percent=0 < 60,selected_function_line_coverage_percent=0 < 60,b5ac88df5dcb8177,,stage4/results/tensorflow-thesis-all-coverage/low_coverage.csv,
tensorflow,tensorflow.nn.gelu,stage4_runtime,WorkerCrash,"Traceback (most recent call last):
  File ""<frozen runpy>"", line 198, in _run_module_as_main
  File ""<frozen runpy>"", line 88, in _run_code
  File ""/Users/aryansg/Desktop/DeepFuzz/stage4/stage4_worker.py"", line 27, in <module>
    from json2init.deepfuzz_common import (  # noqa: E402
    ...<7 lines>...
    )
  File ""/Users/aryansg/Desktop/DeepFuzz/json2init/deepfuzz_common.py"", line 321
    elif lname in {""axis"", ""dim"", ""depth"", ""k"", ""num"", ""count"", ""window_length"", ""fft_length"", ""sequence_length"", ""sequence_stride"", ""num_bits"", ""block_size"", ""kth""}:
    ^^^^
SyntaxError: invalid syntax",1876b0522961245f,stage4/results/tensorflow-thesis-all-coverage/execution_results/tensorflow.nn.gelu.results.json,stage4/results/tensorflow-thesis-all-coverage/failure.csv,
tensorflow,tensorflow.nn.gelu,stage4_coverage,selected_function_line_coverage_percent=0 < 60,selected_function_line_coverage_percent=0 < 60,2edb5061f9aaf2fe,,stage4/results/tensorflow-thesis-all-coverage/low_coverage.csv,
tensorflow,tensorflow.nn.gelu,stage4_coverage,uncovered_api,Stage 4 did not cover API; valid_programs=0 bugs=0,b7d92c6d876a7a8d,stage4/results/tensorflow-thesis-all-coverage/coverage_report.json,stage4/results/tensorflow-thesis-all-coverage/coverage_report.json,
tensorflow,tensorflow.nn.l2_loss,stage4_coverage,selected_function_line_coverage_percent=0 < 60,selected_function_line_coverage_percent=0 < 60,39641b7c4c88706a,,stage4/results/tensorflow-thesis-all-coverage/low_coverage.csv,
tensorflow,tensorflow.nn.l2_loss,stage4_coverage,uncovered_api,Stage 4 did not cover API; valid_programs=0 bugs=0,6dca5a4f6942f752,stage4/results/tensorflow-thesis-all-coverage/coverage_report.json,stage4/results/tensorflow-thesis-all-coverage/coverage_report.json,
tensorflow,tensorflow.nn.l2_loss,stage4_runtime,WorkerCrash,"Traceback (most recent call last):
  File ""<frozen runpy>"", line 198, in _run_module_as_main
  File ""<frozen runpy>"", line 88, in _run_code
  File ""/Users/aryansg/Desktop/DeepFuzz/stage4/stage4_worker.py"", line 27, in <module>
    from json2init.deepfuzz_common import (  # noqa: E402
    ...<7 lines>...
    )
  File ""/Users/aryansg/Desktop/DeepFuzz/json2init/deepfuzz_common.py"", line 321
    elif lname in {""axis"", ""dim"", ""depth"", ""k"", ""num"", ""count"", ""window_length"", ""fft_length"", ""sequence_length"", ""sequence_stride"", ""num_bits"", ""block_size"", ""kth""}:
    ^^^^
SyntaxError: invalid syntax",6e84445182c2e8f0,stage4/results/tensorflow-thesis-all-coverage/execution_results/tensorflow.nn.l2_loss.results.json,stage4/results/tensorflow-thesis-all-coverage/failure.csv,
tensorflow,tensorflow.nn.l2_normalize,stage4_coverage,selected_function_line_coverage_percent=0 < 60,selected_function_line_coverage_percent=0 < 60,6967751a8f28ffc8,,stage4/results/tensorflow-thesis-all-coverage/low_coverage.csv,
tensorflow,tensorflow.nn.l2_normalize,stage4_runtime,WorkerCrash,"Traceback (most recent call last):
  File ""<frozen runpy>"", line 198, in _run_module_as_main
  File ""<frozen runpy>"", line 88, in _run_code
  File ""/Users/aryansg/Desktop/DeepFuzz/stage4/stage4_worker.py"", line 27, in <module>
    from json2init.deepfuzz_common import (  # noqa: E402
    ...<7 lines>...
    )
  File ""/Users/aryansg/Desktop/DeepFuzz/json2init/deepfuzz_common.py"", line 321
    elif lname in {""axis"", ""dim"", ""depth"", ""k"", ""num"", ""count"", ""window_length"", ""fft_length"", ""sequence_length"", ""sequence_stride"", ""num_bits"", ""block_size"", ""kth""}:
    ^^^^
SyntaxError: invalid syntax",87662a494e6d4cf2,stage4/results/tensorflow-thesis-all-coverage/execution_results/tensorflow.nn.l2_normalize.results.json,stage4/results/tensorflow-thesis-all-coverage/failure.csv,
tensorflow,tensorflow.nn.l2_normalize,stage4_coverage,uncovered_api,Stage 4 did not cover API; valid_programs=0 bugs=0,aba56811c3df6995,stage4/results/tensorflow-thesis-all-coverage/coverage_report.json,stage4/results/tensorflow-thesis-all-coverage/coverage_report.json,
tensorflow,tensorflow.nn.leaky_relu,stage4_coverage,selected_function_line_coverage_percent=0 < 60,selected_function_line_coverage_percent=0 < 60,3578d35ddedb148b,,stage4/results/tensorflow-thesis-all-coverage/low_coverage.csv,
tensorflow,tensorflow.nn.leaky_relu,stage4_coverage,uncovered_api,Stage 4 did not cover API; valid_programs=0 bugs=0,4c2f665898cc6116,stage4/results/tensorflow-thesis-all-coverage/coverage_report.json,stage4/results/tensorflow-thesis-all-coverage/coverage_report.json,
tensorflow,tensorflow.nn.leaky_relu,stage4_runtime,WorkerCrash,"Traceback (most recent call last):
  File ""<frozen runpy>"", line 198, in _run_module_as_main
  File ""<frozen runpy>"", line 88, in _run_code
  File ""/Users/aryansg/Desktop/DeepFuzz/stage4/stage4_worker.py"", line 27, in <module>
    from json2init.deepfuzz_common import (  # noqa: E402
    ...<7 lines>...
    )
  File ""/Users/aryansg/Desktop/DeepFuzz/json2init/deepfuzz_common.py"", line 321
    elif lname in {""axis"", ""dim"", ""depth"", ""k"", ""num"", ""count"", ""window_length"", ""fft_length"", ""sequence_length"", ""sequence_stride"", ""num_bits"", ""block_size"", ""kth""}:
    ^^^^
SyntaxError: invalid syntax",f702e85b663e36f9,stage4/results/tensorflow-thesis-all-coverage/execution_results/tensorflow.nn.leaky_relu.results.json,stage4/results/tensorflow-thesis-all-coverage/failure.csv,
tensorflow,tensorflow.nn.max_pool,stage4_runtime,WorkerCrash,"Traceback (most recent call last):
  File ""<frozen runpy>"", line 198, in _run_module_as_main
  File ""<frozen runpy>"", line 88, in _run_code
  File ""/Users/aryansg/Desktop/DeepFuzz/stage4/stage4_worker.py"", line 27, in <module>
    from json2init.deepfuzz_common import (  # noqa: E402
    ...<7 lines>...
    )
  File ""/Users/aryansg/Desktop/DeepFuzz/json2init/deepfuzz_common.py"", line 321
    elif lname in {""axis"", ""dim"", ""depth"", ""k"", ""num"", ""count"", ""window_length"", ""fft_length"", ""sequence_length"", ""sequence_stride"", ""num_bits"", ""block_size"", ""kth""}:
    ^^^^
SyntaxError: invalid syntax",6323c10fffaa8539,stage4/results/tensorflow-thesis-all-coverage/execution_results/tensorflow.nn.max_pool.results.json,stage4/results/tensorflow-thesis-all-coverage/failure.csv,
tensorflow,tensorflow.nn.max_pool,stage4_coverage,selected_function_line_coverage_percent=0 < 60,selected_function_line_coverage_percent=0 < 60,8c5bae05162e9366,,stage4/results/tensorflow-thesis-all-coverage/low_coverage.csv,
tensorflow,tensorflow.nn.max_pool,stage4_coverage,uncovered_api,Stage 4 did not cover API; valid_programs=0 bugs=0,a1ddee645ff2662b,stage4/results/tensorflow-thesis-all-coverage/coverage_report.json,stage4/results/tensorflow-thesis-all-coverage/coverage_report.json,
tensorflow,tensorflow.nn.max_pool2d,stage4_runtime,WorkerCrash,"Traceback (most recent call last):
  File ""<frozen runpy>"", line 198, in _run_module_as_main
  File ""<frozen runpy>"", line 88, in _run_code
  File ""/Users/aryansg/Desktop/DeepFuzz/stage4/stage4_worker.py"", line 27, in <module>
    from json2init.deepfuzz_common import (  # noqa: E402
    ...<7 lines>...
    )
  File ""/Users/aryansg/Desktop/DeepFuzz/json2init/deepfuzz_common.py"", line 321
    elif lname in {""axis"", ""dim"", ""depth"", ""k"", ""num"", ""count"", ""window_length"", ""fft_length"", ""sequence_length"", ""sequence_stride"", ""num_bits"", ""block_size"", ""kth""}:
    ^^^^
SyntaxError: invalid syntax",1b93547265218027,stage4/results/tensorflow-thesis-all-coverage/execution_results/tensorflow.nn.max_pool2d.results.json,stage4/results/tensorflow-thesis-all-coverage/failure.csv,
tensorflow,tensorflow.nn.max_pool2d,stage4_coverage,selected_function_line_coverage_percent=0 < 60,selected_function_line_coverage_percent=0 < 60,22146a80d9ce5909,,stage4/results/tensorflow-thesis-all-coverage/low_coverage.csv,
tensorflow,tensorflow.nn.max_pool2d,stage4_coverage,uncovered_api,Stage 4 did not cover API; valid_programs=0 bugs=0,d14ad68bd1b29d77,stage4/results/tensorflow-thesis-all-coverage/coverage_report.json,stage4/results/tensorflow-thesis-all-coverage/coverage_report.json,
tensorflow,tensorflow.nn.moments,stage4_coverage,selected_function_line_coverage_percent=0 < 60,selected_function_line_coverage_percent=0 < 60,3a90d7a097e0e6c3,,stage4/results/tensorflow-thesis-all-coverage/low_coverage.csv,
tensorflow,tensorflow.nn.moments,stage4_coverage,uncovered_api,Stage 4 did not cover API; valid_programs=0 bugs=0,584f3d0c5defe74f,stage4/results/tensorflow-thesis-all-coverage/coverage_report.json,stage4/results/tensorflow-thesis-all-coverage/coverage_report.json,
tensorflow,tensorflow.nn.moments,stage4_runtime,WorkerCrash,"Traceback (most recent call last):
  File ""<frozen runpy>"", line 198, in _run_module_as_main
  File ""<frozen runpy>"", line 88, in _run_code
  File ""/Users/aryansg/Desktop/DeepFuzz/stage4/stage4_worker.py"", line 27, in <module>
    from json2init.deepfuzz_common import (  # noqa: E402
    ...<7 lines>...
    )
  File ""/Users/aryansg/Desktop/DeepFuzz/json2init/deepfuzz_common.py"", line 321
    elif lname in {""axis"", ""dim"", ""depth"", ""k"", ""num"", ""count"", ""window_length"", ""fft_length"", ""sequence_length"", ""sequence_stride"", ""num_bits"", ""block_size"", ""kth""}:
    ^^^^
SyntaxError: invalid syntax",f91d42ff2c66708c,stage4/results/tensorflow-thesis-all-coverage/execution_results/tensorflow.nn.moments.results.json,stage4/results/tensorflow-thesis-all-coverage/failure.csv,
tensorflow,tensorflow.nn.normalize_moments,stage4_runtime,WorkerCrash,"Traceback (most recent call last):
  File ""<frozen runpy>"", line 198, in _run_module_as_main
  File ""<frozen runpy>"", line 88, in _run_code
  File ""/Users/aryansg/Desktop/DeepFuzz/stage4/stage4_worker.py"", line 27, in <module>
    from json2init.deepfuzz_common import (  # noqa: E402
    ...<7 lines>...
    )
  File ""/Users/aryansg/Desktop/DeepFuzz/json2init/deepfuzz_common.py"", line 321
    elif lname in {""axis"", ""dim"", ""depth"", ""k"", ""num"", ""count"", ""window_length"", ""fft_length"", ""sequence_length"", ""sequence_stride"", ""num_bits"", ""block_size"", ""kth""}:
    ^^^^
SyntaxError: invalid syntax",1803e93f4e4eb311,stage4/results/tensorflow-thesis-all-coverage/execution_results/tensorflow.nn.normalize_moments.results.json,stage4/results/tensorflow-thesis-all-coverage/failure.csv,
tensorflow,tensorflow.nn.normalize_moments,stage4_coverage,uncovered_api,Stage 4 did not cover API; valid_programs=0 bugs=0,a95e1bce0fc63fcd,stage4/results/tensorflow-thesis-all-coverage/coverage_report.json,stage4/results/tensorflow-thesis-all-coverage/coverage_report.json,
tensorflow,tensorflow.nn.normalize_moments,stage4_coverage,selected_function_line_coverage_percent=0 < 60,selected_function_line_coverage_percent=0 < 60,fc9c87b886bfb6fc,,stage4/results/tensorflow-thesis-all-coverage/low_coverage.csv,
tensorflow,tensorflow.nn.relu,stage4_coverage,uncovered_api,Stage 4 did not cover API; valid_programs=0 bugs=0,692afedf5b5d69a3,stage4/results/tensorflow-thesis-all-coverage/coverage_report.json,stage4/results/tensorflow-thesis-all-coverage/coverage_report.json,
tensorflow,tensorflow.nn.relu,stage4_runtime,WorkerCrash,"Traceback (most recent call last):
  File ""<frozen runpy>"", line 198, in _run_module_as_main
  File ""<frozen runpy>"", line 88, in _run_code
  File ""/Users/aryansg/Desktop/DeepFuzz/stage4/stage4_worker.py"", line 27, in <module>
    from json2init.deepfuzz_common import (  # noqa: E402
    ...<7 lines>...
    )
  File ""/Users/aryansg/Desktop/DeepFuzz/json2init/deepfuzz_common.py"", line 321
    elif lname in {""axis"", ""dim"", ""depth"", ""k"", ""num"", ""count"", ""window_length"", ""fft_length"", ""sequence_length"", ""sequence_stride"", ""num_bits"", ""block_size"", ""kth""}:
    ^^^^
SyntaxError: invalid syntax",6dd0d97d52e720d4,stage4/results/tensorflow-thesis-all-coverage/execution_results/tensorflow.nn.relu.results.json,stage4/results/tensorflow-thesis-all-coverage/failure.csv,
tensorflow,tensorflow.nn.relu,stage4_coverage,selected_function_line_coverage_percent=0 < 60,selected_function_line_coverage_percent=0 < 60,8148379277b47436,,stage4/results/tensorflow-thesis-all-coverage/low_coverage.csv,
tensorflow,tensorflow.nn.selu,stage4_coverage,selected_function_line_coverage_percent=0 < 60,selected_function_line_coverage_percent=0 < 60,180510c43a6d32c3,,stage4/results/tensorflow-thesis-all-coverage/low_coverage.csv,
tensorflow,tensorflow.nn.selu,stage4_coverage,uncovered_api,Stage 4 did not cover API; valid_programs=0 bugs=0,53720fb82654e4f6,stage4/results/tensorflow-thesis-all-coverage/coverage_report.json,stage4/results/tensorflow-thesis-all-coverage/coverage_report.json,
tensorflow,tensorflow.nn.selu,stage4_runtime,WorkerCrash,"Traceback (most recent call last):
  File ""<frozen runpy>"", line 198, in _run_module_as_main
  File ""<frozen runpy>"", line 88, in _run_code
  File ""/Users/aryansg/Desktop/DeepFuzz/stage4/stage4_worker.py"", line 27, in <module>
    from json2init.deepfuzz_common import (  # noqa: E402
    ...<7 lines>...
    )
  File ""/Users/aryansg/Desktop/DeepFuzz/json2init/deepfuzz_common.py"", line 321
    elif lname in {""axis"", ""dim"", ""depth"", ""k"", ""num"", ""count"", ""window_length"", ""fft_length"", ""sequence_length"", ""sequence_stride"", ""num_bits"", ""block_size"", ""kth""}:
    ^^^^
SyntaxError: invalid syntax",b9a49327be8e8ac1,stage4/results/tensorflow-thesis-all-coverage/execution_results/tensorflow.nn.selu.results.json,stage4/results/tensorflow-thesis-all-coverage/failure.csv,
tensorflow,tensorflow.nn.sigmoid,stage4_runtime,WorkerCrash,"Traceback (most recent call last):
  File ""<frozen runpy>"", line 198, in _run_module_as_main
  File ""<frozen runpy>"", line 88, in _run_code
  File ""/Users/aryansg/Desktop/DeepFuzz/stage4/stage4_worker.py"", line 27, in <module>
    from json2init.deepfuzz_common import (  # noqa: E402
    ...<7 lines>...
    )
  File ""/Users/aryansg/Desktop/DeepFuzz/json2init/deepfuzz_common.py"", line 321
    elif lname in {""axis"", ""dim"", ""depth"", ""k"", ""num"", ""count"", ""window_length"", ""fft_length"", ""sequence_length"", ""sequence_stride"", ""num_bits"", ""block_size"", ""kth""}:
    ^^^^
SyntaxError: invalid syntax",09895828ae6030c6,stage4/results/tensorflow-thesis-all-coverage/execution_results/tensorflow.nn.sigmoid.results.json,stage4/results/tensorflow-thesis-all-coverage/failure.csv,
tensorflow,tensorflow.nn.sigmoid,stage4_coverage,selected_function_line_coverage_percent=0 < 60,selected_function_line_coverage_percent=0 < 60,372f0b6bfcd1bad1,,stage4/results/tensorflow-thesis-all-coverage/low_coverage.csv,
tensorflow,tensorflow.nn.sigmoid,stage4_coverage,uncovered_api,Stage 4 did not cover API; valid_programs=0 bugs=0,e5f30d6c415d8a9d,stage4/results/tensorflow-thesis-all-coverage/coverage_report.json,stage4/results/tensorflow-thesis-all-coverage/coverage_report.json,
tensorflow,tensorflow.nn.silu,stage4_coverage,uncovered_api,Stage 4 did not cover API; valid_programs=0 bugs=0,0e50b3ef986d0bf4,stage4/results/tensorflow-thesis-all-coverage/coverage_report.json,stage4/results/tensorflow-thesis-all-coverage/coverage_report.json,
tensorflow,tensorflow.nn.silu,stage4_runtime,WorkerCrash,"Traceback (most recent call last):
  File ""<frozen runpy>"", line 198, in _run_module_as_main
  File ""<frozen runpy>"", line 88, in _run_code
  File ""/Users/aryansg/Desktop/DeepFuzz/stage4/stage4_worker.py"", line 27, in <module>
    from json2init.deepfuzz_common import (  # noqa: E402
    ...<7 lines>...
    )
  File ""/Users/aryansg/Desktop/DeepFuzz/json2init/deepfuzz_common.py"", line 321
    elif lname in {""axis"", ""dim"", ""depth"", ""k"", ""num"", ""count"", ""window_length"", ""fft_length"", ""sequence_length"", ""sequence_stride"", ""num_bits"", ""block_size"", ""kth""}:
    ^^^^
SyntaxError: invalid syntax",2f1260806a02deb7,stage4/results/tensorflow-thesis-all-coverage/execution_results/tensorflow.nn.silu.results.json,stage4/results/tensorflow-thesis-all-coverage/failure.csv,
tensorflow,tensorflow.nn.silu,stage4_coverage,selected_function_line_coverage_percent=0 < 60,selected_function_line_coverage_percent=0 < 60,dbe8e2418fc46ef1,,stage4/results/tensorflow-thesis-all-coverage/low_coverage.csv,
tensorflow,tensorflow.nn.softsign,stage4_runtime,WorkerCrash,"Traceback (most recent call last):
  File ""<frozen runpy>"", line 198, in _run_module_as_main
  File ""<frozen runpy>"", line 88, in _run_code
  File ""/Users/aryansg/Desktop/DeepFuzz/stage4/stage4_worker.py"", line 27, in <module>
    from json2init.deepfuzz_common import (  # noqa: E402
    ...<7 lines>...
    )
  File ""/Users/aryansg/Desktop/DeepFuzz/json2init/deepfuzz_common.py"", line 321
    elif lname in {""axis"", ""dim"", ""depth"", ""k"", ""num"", ""count"", ""window_length"", ""fft_length"", ""sequence_length"", ""sequence_stride"", ""num_bits"", ""block_size"", ""kth""}:
    ^^^^
SyntaxError: invalid syntax",1dcf911167a825b8,stage4/results/tensorflow-thesis-all-coverage/execution_results/tensorflow.nn.softsign.results.json,stage4/results/tensorflow-thesis-all-coverage/failure.csv,
tensorflow,tensorflow.nn.softsign,stage4_coverage,selected_function_line_coverage_percent=0 < 60,selected_function_line_coverage_percent=0 < 60,5013d23975dc6b0b,,stage4/results/tensorflow-thesis-all-coverage/low_coverage.csv,
tensorflow,tensorflow.nn.softsign,stage4_coverage,uncovered_api,Stage 4 did not cover API; valid_programs=0 bugs=0,60dc045d5793bf4e,stage4/results/tensorflow-thesis-all-coverage/coverage_report.json,stage4/results/tensorflow-thesis-all-coverage/coverage_report.json,
tensorflow,tensorflow.nn.space_to_batch,stage4_coverage,selected_function_line_coverage_percent=0 < 60,selected_function_line_coverage_percent=0 < 60,10dee73e879afe1f,,stage4/results/tensorflow-thesis-all-coverage/low_coverage.csv,
tensorflow,tensorflow.nn.space_to_batch,stage4_runtime,WorkerCrash,"Traceback (most recent call last):
  File ""<frozen runpy>"", line 198, in _run_module_as_main
  File ""<frozen runpy>"", line 88, in _run_code
  File ""/Users/aryansg/Desktop/DeepFuzz/stage4/stage4_worker.py"", line 27, in <module>
    from json2init.deepfuzz_common import (  # noqa: E402
    ...<7 lines>...
    )
  File ""/Users/aryansg/Desktop/DeepFuzz/json2init/deepfuzz_common.py"", line 321
    elif lname in {""axis"", ""dim"", ""depth"", ""k"", ""num"", ""count"", ""window_length"", ""fft_length"", ""sequence_length"", ""sequence_stride"", ""num_bits"", ""block_size"", ""kth""}:
    ^^^^
SyntaxError: invalid syntax",ca38b89dd7b00d9f,stage4/results/tensorflow-thesis-all-coverage/execution_results/tensorflow.nn.space_to_batch.results.json,stage4/results/tensorflow-thesis-all-coverage/failure.csv,
tensorflow,tensorflow.nn.space_to_batch,stage4_coverage,uncovered_api,Stage 4 did not cover API; valid_programs=0 bugs=0,ed6672f66562e7c4,stage4/results/tensorflow-thesis-all-coverage/coverage_report.json,stage4/results/tensorflow-thesis-all-coverage/coverage_report.json,
tensorflow,tensorflow.nn.space_to_depth,stage4_runtime,WorkerCrash,"Traceback (most recent call last):
  File ""<frozen runpy>"", line 198, in _run_module_as_main
  File ""<frozen runpy>"", line 88, in _run_code
  File ""/Users/aryansg/Desktop/DeepFuzz/stage4/stage4_worker.py"", line 27, in <module>
    from json2init.deepfuzz_common import (  # noqa: E402
    ...<7 lines>...
    )
  File ""/Users/aryansg/Desktop/DeepFuzz/json2init/deepfuzz_common.py"", line 321
    elif lname in {""axis"", ""dim"", ""depth"", ""k"", ""num"", ""count"", ""window_length"", ""fft_length"", ""sequence_length"", ""sequence_stride"", ""num_bits"", ""block_size"", ""kth""}:
    ^^^^
SyntaxError: invalid syntax",24ee9c873c7c3e47,stage4/results/tensorflow-thesis-all-coverage/execution_results/tensorflow.nn.space_to_depth.results.json,stage4/results/tensorflow-thesis-all-coverage/failure.csv,
tensorflow,tensorflow.nn.space_to_depth,stage4_coverage,uncovered_api,Stage 4 did not cover API; valid_programs=0 bugs=0,7f99fcccba5cbc8f,stage4/results/tensorflow-thesis-all-coverage/coverage_report.json,stage4/results/tensorflow-thesis-all-coverage/coverage_report.json,
tensorflow,tensorflow.nn.space_to_depth,stage4_coverage,selected_function_line_coverage_percent=0 < 60,selected_function_line_coverage_percent=0 < 60,e7223027865a976a,,stage4/results/tensorflow-thesis-all-coverage/low_coverage.csv,
tensorflow,tensorflow.nn.swish,stage4_runtime,WorkerCrash,"Traceback (most recent call last):
  File ""<frozen runpy>"", line 198, in _run_module_as_main
  File ""<frozen runpy>"", line 88, in _run_code
  File ""/Users/aryansg/Desktop/DeepFuzz/stage4/stage4_worker.py"", line 27, in <module>
    from json2init.deepfuzz_common import (  # noqa: E402
    ...<7 lines>...
    )
  File ""/Users/aryansg/Desktop/DeepFuzz/json2init/deepfuzz_common.py"", line 321
    elif lname in {""axis"", ""dim"", ""depth"", ""k"", ""num"", ""count"", ""window_length"", ""fft_length"", ""sequence_length"", ""sequence_stride"", ""num_bits"", ""block_size"", ""kth""}:
    ^^^^
SyntaxError: invalid syntax",039d4c883d293ef0,stage4/results/tensorflow-thesis-all-coverage/execution_results/tensorflow.nn.swish.results.json,stage4/results/tensorflow-thesis-all-coverage/failure.csv,
tensorflow,tensorflow.nn.swish,stage4_coverage,selected_function_line_coverage_percent=0 < 60,selected_function_line_coverage_percent=0 < 60,0caabc50610dea83,,stage4/results/tensorflow-thesis-all-coverage/low_coverage.csv,
tensorflow,tensorflow.nn.swish,stage4_coverage,uncovered_api,Stage 4 did not cover API; valid_programs=0 bugs=0,5c2887084d684953,stage4/results/tensorflow-thesis-all-coverage/coverage_report.json,stage4/results/tensorflow-thesis-all-coverage/coverage_report.json,
tensorflow,tensorflow.nn.top_k,stage4_runtime,WorkerCrash,"Traceback (most recent call last):
  File ""<frozen runpy>"", line 198, in _run_module_as_main
  File ""<frozen runpy>"", line 88, in _run_code
  File ""/Users/aryansg/Desktop/DeepFuzz/stage4/stage4_worker.py"", line 27, in <module>
    from json2init.deepfuzz_common import (  # noqa: E402
    ...<7 lines>...
    )
  File ""/Users/aryansg/Desktop/DeepFuzz/json2init/deepfuzz_common.py"", line 321
    elif lname in {""axis"", ""dim"", ""depth"", ""k"", ""num"", ""count"", ""window_length"", ""fft_length"", ""sequence_length"", ""sequence_stride"", ""num_bits"", ""block_size"", ""kth""}:
    ^^^^
SyntaxError: invalid syntax",26552170bdd6c4de,stage4/results/tensorflow-thesis-all-coverage/execution_results/tensorflow.nn.top_k.results.json,stage4/results/tensorflow-thesis-all-coverage/failure.csv,
tensorflow,tensorflow.nn.top_k,stage4_coverage,uncovered_api,Stage 4 did not cover API; valid_programs=0 bugs=0,3de7aa7b6cc1ff08,stage4/results/tensorflow-thesis-all-coverage/coverage_report.json,stage4/results/tensorflow-thesis-all-coverage/coverage_report.json,
tensorflow,tensorflow.nn.top_k,stage4_coverage,selected_function_line_coverage_percent=0 < 60,selected_function_line_coverage_percent=0 < 60,74d9550277adb086,,stage4/results/tensorflow-thesis-all-coverage/low_coverage.csv,
tensorflow,tensorflow.nn.weighted_moments,stage4_coverage,uncovered_api,Stage 4 did not cover API; valid_programs=0 bugs=0,0c9b4b62e1eb377f,stage4/results/tensorflow-thesis-all-coverage/coverage_report.json,stage4/results/tensorflow-thesis-all-coverage/coverage_report.json,
tensorflow,tensorflow.nn.weighted_moments,stage4_runtime,WorkerCrash,"Traceback (most recent call last):
  File ""<frozen runpy>"", line 198, in _run_module_as_main
  File ""<frozen runpy>"", line 88, in _run_code
  File ""/Users/aryansg/Desktop/DeepFuzz/stage4/stage4_worker.py"", line 27, in <module>
    from json2init.deepfuzz_common import (  # noqa: E402
    ...<7 lines>...
    )
  File ""/Users/aryansg/Desktop/DeepFuzz/json2init/deepfuzz_common.py"", line 321
    elif lname in {""axis"", ""dim"", ""depth"", ""k"", ""num"", ""count"", ""window_length"", ""fft_length"", ""sequence_length"", ""sequence_stride"", ""num_bits"", ""block_size"", ""kth""}:
    ^^^^
SyntaxError: invalid syntax",744fcf7d48dc0a69,stage4/results/tensorflow-thesis-all-coverage/execution_results/tensorflow.nn.weighted_moments.results.json,stage4/results/tensorflow-thesis-all-coverage/failure.csv,
tensorflow,tensorflow.nn.weighted_moments,stage4_coverage,selected_function_line_coverage_percent=0 < 60,selected_function_line_coverage_percent=0 < 60,a82202475a6efca8,,stage4/results/tensorflow-thesis-all-coverage/low_coverage.csv,
tensorflow,tensorflow.nn.zero_fraction,stage4_coverage,selected_function_line_coverage_percent=0 < 60,selected_function_line_coverage_percent=0 < 60,7da33ce7c6d26f6b,,stage4/results/tensorflow-thesis-all-coverage/low_coverage.csv,
tensorflow,tensorflow.nn.zero_fraction,stage4_runtime,WorkerCrash,"Traceback (most recent call last):
  File ""<frozen runpy>"", line 198, in _run_module_as_main
  File ""<frozen runpy>"", line 88, in _run_code
  File ""/Users/aryansg/Desktop/DeepFuzz/stage4/stage4_worker.py"", line 27, in <module>
    from json2init.deepfuzz_common import (  # noqa: E402
    ...<7 lines>...
    )
  File ""/Users/aryansg/Desktop/DeepFuzz/json2init/deepfuzz_common.py"", line 321
    elif lname in {""axis"", ""dim"", ""depth"", ""k"", ""num"", ""count"", ""window_length"", ""fft_length"", ""sequence_length"", ""sequence_stride"", ""num_bits"", ""block_size"", ""kth""}:
    ^^^^
SyntaxError: invalid syntax",816a81f90853c112,stage4/results/tensorflow-thesis-all-coverage/execution_results/tensorflow.nn.zero_fraction.results.json,stage4/results/tensorflow-thesis-all-coverage/failure.csv,
tensorflow,tensorflow.nn.zero_fraction,stage4_coverage,uncovered_api,Stage 4 did not cover API; valid_programs=0 bugs=0,ce53439bd13e81d8,stage4/results/tensorflow-thesis-all-coverage/coverage_report.json,stage4/results/tensorflow-thesis-all-coverage/coverage_report.json,
tensorflow,tensorflow.not_equal,stage4_coverage,uncovered_api,Stage 4 did not cover API; valid_programs=0 bugs=0,a044bcad7e823138,stage4/results/tensorflow-thesis-all-coverage/coverage_report.json,stage4/results/tensorflow-thesis-all-coverage/coverage_report.json,
tensorflow,tensorflow.not_equal,stage4_runtime,WorkerCrash,"Traceback (most recent call last):
  File ""<frozen runpy>"", line 198, in _run_module_as_main
  File ""<frozen runpy>"", line 88, in _run_code
  File ""/Users/aryansg/Desktop/DeepFuzz/stage4/stage4_worker.py"", line 27, in <module>
    from json2init.deepfuzz_common import (  # noqa: E402
    ...<7 lines>...
    )
  File ""/Users/aryansg/Desktop/DeepFuzz/json2init/deepfuzz_common.py"", line 321
    elif lname in {""axis"", ""dim"", ""depth"", ""k"", ""num"", ""count"", ""window_length"", ""fft_length"", ""sequence_length"", ""sequence_stride"", ""num_bits"", ""block_size"", ""kth""}:
    ^^^^
SyntaxError: invalid syntax",f12f6dc640aceb98,stage4/results/tensorflow-thesis-all-coverage/execution_results/tensorflow.not_equal.results.json,stage4/results/tensorflow-thesis-all-coverage/failure.csv,
tensorflow,tensorflow.not_equal,stage4_coverage,selected_function_line_coverage_percent=0 < 60,selected_function_line_coverage_percent=0 < 60,f46910b4f733b15b,,stage4/results/tensorflow-thesis-all-coverage/low_coverage.csv,
tensorflow,tensorflow.one_hot,stage4_runtime,WorkerCrash,"Traceback (most recent call last):
  File ""<frozen runpy>"", line 198, in _run_module_as_main
  File ""<frozen runpy>"", line 88, in _run_code
  File ""/Users/aryansg/Desktop/DeepFuzz/stage4/stage4_worker.py"", line 27, in <module>
    from json2init.deepfuzz_common import (  # noqa: E402
    ...<7 lines>...
    )
  File ""/Users/aryansg/Desktop/DeepFuzz/json2init/deepfuzz_common.py"", line 321
    elif lname in {""axis"", ""dim"", ""depth"", ""k"", ""num"", ""count"", ""window_length"", ""fft_length"", ""sequence_length"", ""sequence_stride"", ""num_bits"", ""block_size"", ""kth""}:
    ^^^^
SyntaxError: invalid syntax",7088c525ff83e42e,stage4/results/tensorflow-thesis-all-coverage/execution_results/tensorflow.one_hot.results.json,stage4/results/tensorflow-thesis-all-coverage/failure.csv,
tensorflow,tensorflow.one_hot,stage4_coverage,selected_function_line_coverage_percent=0 < 60,selected_function_line_coverage_percent=0 < 60,ea64bd5db4eb21a6,,stage4/results/tensorflow-thesis-all-coverage/low_coverage.csv,
tensorflow,tensorflow.one_hot,stage4_coverage,uncovered_api,Stage 4 did not cover API; valid_programs=0 bugs=0,efc7d14de2ece81c,stage4/results/tensorflow-thesis-all-coverage/coverage_report.json,stage4/results/tensorflow-thesis-all-coverage/coverage_report.json,
tensorflow,tensorflow.ones,stage4_coverage,uncovered_api,Stage 4 did not cover API; valid_programs=0 bugs=0,019765f3287215b3,stage4/results/tensorflow-thesis-all-coverage/coverage_report.json,stage4/results/tensorflow-thesis-all-coverage/coverage_report.json,
tensorflow,tensorflow.ones,stage4_coverage,selected_function_line_coverage_percent=0 < 60,selected_function_line_coverage_percent=0 < 60,2f7731bb606569c6,,stage4/results/tensorflow-thesis-all-coverage/low_coverage.csv,
tensorflow,tensorflow.ones,stage4_runtime,WorkerCrash,"Traceback (most recent call last):
  File ""<frozen runpy>"", line 198, in _run_module_as_main
  File ""<frozen runpy>"", line 88, in _run_code
  File ""/Users/aryansg/Desktop/DeepFuzz/stage4/stage4_worker.py"", line 27, in <module>
    from json2init.deepfuzz_common import (  # noqa: E402
    ...<7 lines>...
    )
  File ""/Users/aryansg/Desktop/DeepFuzz/json2init/deepfuzz_common.py"", line 321
    elif lname in {""axis"", ""dim"", ""depth"", ""k"", ""num"", ""count"", ""window_length"", ""fft_length"", ""sequence_length"", ""sequence_stride"", ""num_bits"", ""block_size"", ""kth""}:
    ^^^^
SyntaxError: invalid syntax",8c0d91367434371b,stage4/results/tensorflow-thesis-all-coverage/execution_results/tensorflow.ones.results.json,stage4/results/tensorflow-thesis-all-coverage/failure.csv,
tensorflow,tensorflow.ones_like,stage4_coverage,uncovered_api,Stage 4 did not cover API; valid_programs=0 bugs=0,5d82dcd66aede5f2,stage4/results/tensorflow-thesis-all-coverage/coverage_report.json,stage4/results/tensorflow-thesis-all-coverage/coverage_report.json,
tensorflow,tensorflow.ones_like,stage4_coverage,selected_function_line_coverage_percent=0 < 60,selected_function_line_coverage_percent=0 < 60,cb76051d0de0e441,,stage4/results/tensorflow-thesis-all-coverage/low_coverage.csv,
tensorflow,tensorflow.ones_like,stage4_runtime,WorkerCrash,"Traceback (most recent call last):
  File ""<frozen runpy>"", line 198, in _run_module_as_main
  File ""<frozen runpy>"", line 88, in _run_code
  File ""/Users/aryansg/Desktop/DeepFuzz/stage4/stage4_worker.py"", line 27, in <module>
    from json2init.deepfuzz_common import (  # noqa: E402
    ...<7 lines>...
    )
  File ""/Users/aryansg/Desktop/DeepFuzz/json2init/deepfuzz_common.py"", line 321
    elif lname in {""axis"", ""dim"", ""depth"", ""k"", ""num"", ""count"", ""window_length"", ""fft_length"", ""sequence_length"", ""sequence_stride"", ""num_bits"", ""block_size"", ""kth""}:
    ^^^^
SyntaxError: invalid syntax",dd3860001daf1096,stage4/results/tensorflow-thesis-all-coverage/execution_results/tensorflow.ones_like.results.json,stage4/results/tensorflow-thesis-all-coverage/failure.csv,
tensorflow,tensorflow.pow,stage4_coverage,uncovered_api,Stage 4 did not cover API; valid_programs=0 bugs=0,040a7367a994eb9d,stage4/results/tensorflow-thesis-all-coverage/coverage_report.json,stage4/results/tensorflow-thesis-all-coverage/coverage_report.json,
tensorflow,tensorflow.pow,stage4_runtime,WorkerCrash,"Traceback (most recent call last):
  File ""<frozen runpy>"", line 198, in _run_module_as_main
  File ""<frozen runpy>"", line 88, in _run_code
  File ""/Users/aryansg/Desktop/DeepFuzz/stage4/stage4_worker.py"", line 27, in <module>
    from json2init.deepfuzz_common import (  # noqa: E402
    ...<7 lines>...
    )
  File ""/Users/aryansg/Desktop/DeepFuzz/json2init/deepfuzz_common.py"", line 321
    elif lname in {""axis"", ""dim"", ""depth"", ""k"", ""num"", ""count"", ""window_length"", ""fft_length"", ""sequence_length"", ""sequence_stride"", ""num_bits"", ""block_size"", ""kth""}:
    ^^^^
SyntaxError: invalid syntax",2f60b8336829120c,stage4/results/tensorflow-thesis-all-coverage/execution_results/tensorflow.pow.results.json,stage4/results/tensorflow-thesis-all-coverage/failure.csv,
tensorflow,tensorflow.pow,stage4_coverage,selected_function_line_coverage_percent=0 < 60,selected_function_line_coverage_percent=0 < 60,daa682bb07857522,,stage4/results/tensorflow-thesis-all-coverage/low_coverage.csv,
tensorflow,tensorflow.quantization.fake_quant_with_min_max_args,stage4_coverage,selected_function_line_coverage_percent=0 < 60,selected_function_line_coverage_percent=0 < 60,18ef74fe618591e5,,stage4/results/tensorflow-thesis-all-coverage/low_coverage.csv,
tensorflow,tensorflow.quantization.fake_quant_with_min_max_args,stage4_coverage,uncovered_api,Stage 4 did not cover API; valid_programs=0 bugs=0,6c72558647ccb753,stage4/results/tensorflow-thesis-all-coverage/coverage_report.json,stage4/results/tensorflow-thesis-all-coverage/coverage_report.json,
tensorflow,tensorflow.quantization.fake_quant_with_min_max_args,stage4_runtime,WorkerCrash,"Traceback (most recent call last):
  File ""<frozen runpy>"", line 198, in _run_module_as_main
  File ""<frozen runpy>"", line 88, in _run_code
  File ""/Users/aryansg/Desktop/DeepFuzz/stage4/stage4_worker.py"", line 27, in <module>
    from json2init.deepfuzz_common import (  # noqa: E402
    ...<7 lines>...
    )
  File ""/Users/aryansg/Desktop/DeepFuzz/json2init/deepfuzz_common.py"", line 321
    elif lname in {""axis"", ""dim"", ""depth"", ""k"", ""num"", ""count"", ""window_length"", ""fft_length"", ""sequence_length"", ""sequence_stride"", ""num_bits"", ""block_size"", ""kth""}:
    ^^^^
SyntaxError: invalid syntax",88327dd062307ed4,stage4/results/tensorflow-thesis-all-coverage/execution_results/tensorflow.quantization.fake_quant_with_min_max_args.results.json,stage4/results/tensorflow-thesis-all-coverage/failure.csv,
tensorflow,tensorflow.quantization.fake_quant_with_min_max_args_gradient,stage4_runtime,WorkerCrash,"Traceback (most recent call last):
  File ""<frozen runpy>"", line 198, in _run_module_as_main
  File ""<frozen runpy>"", line 88, in _run_code
  File ""/Users/aryansg/Desktop/DeepFuzz/stage4/stage4_worker.py"", line 27, in <module>
    from json2init.deepfuzz_common import (  # noqa: E402
    ...<7 lines>...
    )
  File ""/Users/aryansg/Desktop/DeepFuzz/json2init/deepfuzz_common.py"", line 321
    elif lname in {""axis"", ""dim"", ""depth"", ""k"", ""num"", ""count"", ""window_length"", ""fft_length"", ""sequence_length"", ""sequence_stride"", ""num_bits"", ""block_size"", ""kth""}:
    ^^^^
SyntaxError: invalid syntax",7075c6e27eab6e9e,stage4/results/tensorflow-thesis-all-coverage/execution_results/tensorflow.quantization.fake_quant_with_min_max_args_gradient.results.json,stage4/results/tensorflow-thesis-all-coverage/failure.csv,
tensorflow,tensorflow.quantization.fake_quant_with_min_max_args_gradient,stage4_coverage,selected_function_line_coverage_percent=0 < 60,selected_function_line_coverage_percent=0 < 60,dddf74fde6f05b2b,,stage4/results/tensorflow-thesis-all-coverage/low_coverage.csv,
tensorflow,tensorflow.quantization.fake_quant_with_min_max_args_gradient,stage4_coverage,uncovered_api,Stage 4 did not cover API; valid_programs=0 bugs=0,e388dde32cac1ce4,stage4/results/tensorflow-thesis-all-coverage/coverage_report.json,stage4/results/tensorflow-thesis-all-coverage/coverage_report.json,
tensorflow,tensorflow.quantization.fake_quant_with_min_max_vars_gradient,stage4_coverage,selected_function_line_coverage_percent=0 < 60,selected_function_line_coverage_percent=0 < 60,4d8d13fada7bb8ce,,stage4/results/tensorflow-thesis-all-coverage/low_coverage.csv,
tensorflow,tensorflow.quantization.fake_quant_with_min_max_vars_gradient,stage4_coverage,uncovered_api,Stage 4 did not cover API; valid_programs=0 bugs=0,dffb3644fe7a627a,stage4/results/tensorflow-thesis-all-coverage/coverage_report.json,stage4/results/tensorflow-thesis-all-coverage/coverage_report.json,
tensorflow,tensorflow.quantization.fake_quant_with_min_max_vars_gradient,stage4_runtime,WorkerCrash,"Traceback (most recent call last):
  File ""<frozen runpy>"", line 198, in _run_module_as_main
  File ""<frozen runpy>"", line 88, in _run_code
  File ""/Users/aryansg/Desktop/DeepFuzz/stage4/stage4_worker.py"", line 27, in <module>
    from json2init.deepfuzz_common import (  # noqa: E402
    ...<7 lines>...
    )
  File ""/Users/aryansg/Desktop/DeepFuzz/json2init/deepfuzz_common.py"", line 321
    elif lname in {""axis"", ""dim"", ""depth"", ""k"", ""num"", ""count"", ""window_length"", ""fft_length"", ""sequence_length"", ""sequence_stride"", ""num_bits"", ""block_size"", ""kth""}:
    ^^^^
SyntaxError: invalid syntax",faf430c9e45f3756,stage4/results/tensorflow-thesis-all-coverage/execution_results/tensorflow.quantization.fake_quant_with_min_max_vars_gradient.results.json,stage4/results/tensorflow-thesis-all-coverage/failure.csv,
tensorflow,tensorflow.quantization.fake_quant_with_min_max_vars_per_channel,stage4_coverage,uncovered_api,Stage 4 did not cover API; valid_programs=0 bugs=0,3e915ed1bbdf1fd2,stage4/results/tensorflow-thesis-all-coverage/coverage_report.json,stage4/results/tensorflow-thesis-all-coverage/coverage_report.json,
tensorflow,tensorflow.quantization.fake_quant_with_min_max_vars_per_channel,stage4_runtime,WorkerCrash,"Traceback (most recent call last):
  File ""<frozen runpy>"", line 198, in _run_module_as_main
  File ""<frozen runpy>"", line 88, in _run_code
  File ""/Users/aryansg/Desktop/DeepFuzz/stage4/stage4_worker.py"", line 27, in <module>
    from json2init.deepfuzz_common import (  # noqa: E402
    ...<7 lines>...
    )
  File ""/Users/aryansg/Desktop/DeepFuzz/json2init/deepfuzz_common.py"", line 321
    elif lname in {""axis"", ""dim"", ""depth"", ""k"", ""num"", ""count"", ""window_length"", ""fft_length"", ""sequence_length"", ""sequence_stride"", ""num_bits"", ""block_size"", ""kth""}:
    ^^^^
SyntaxError: invalid syntax",9439e1442318b688,stage4/results/tensorflow-thesis-all-coverage/execution_results/tensorflow.quantization.fake_quant_with_min_max_vars_per_channel.results.json,stage4/results/tensorflow-thesis-all-coverage/failure.csv,
tensorflow,tensorflow.quantization.fake_quant_with_min_max_vars_per_channel,stage4_coverage,selected_function_line_coverage_percent=0 < 60,selected_function_line_coverage_percent=0 < 60,9aa70b9ec80e5a01,,stage4/results/tensorflow-thesis-all-coverage/low_coverage.csv,
tensorflow,tensorflow.quantization.fake_quant_with_min_max_vars_per_channel_gradient,stage4_coverage,selected_function_line_coverage_percent=0 < 60,selected_function_line_coverage_percent=0 < 60,2b75deb7c1e62236,,stage4/results/tensorflow-thesis-all-coverage/low_coverage.csv,
tensorflow,tensorflow.quantization.fake_quant_with_min_max_vars_per_channel_gradient,stage4_runtime,WorkerCrash,"Traceback (most recent call last):
  File ""<frozen runpy>"", line 198, in _run_module_as_main
  File ""<frozen runpy>"", line 88, in _run_code
  File ""/Users/aryansg/Desktop/DeepFuzz/stage4/stage4_worker.py"", line 27, in <module>
    from json2init.deepfuzz_common import (  # noqa: E402
    ...<7 lines>...
    )
  File ""/Users/aryansg/Desktop/DeepFuzz/json2init/deepfuzz_common.py"", line 321
    elif lname in {""axis"", ""dim"", ""depth"", ""k"", ""num"", ""count"", ""window_length"", ""fft_length"", ""sequence_length"", ""sequence_stride"", ""num_bits"", ""block_size"", ""kth""}:
    ^^^^
SyntaxError: invalid syntax",432dffd527ee69ab,stage4/results/tensorflow-thesis-all-coverage/execution_results/tensorflow.quantization.fake_quant_with_min_max_vars_per_channel_gradient.results.json,stage4/results/tensorflow-thesis-all-coverage/failure.csv,
tensorflow,tensorflow.quantization.fake_quant_with_min_max_vars_per_channel_gradient,stage4_coverage,uncovered_api,Stage 4 did not cover API; valid_programs=0 bugs=0,d267570d28ec6e2d,stage4/results/tensorflow-thesis-all-coverage/coverage_report.json,stage4/results/tensorflow-thesis-all-coverage/coverage_report.json,
tensorflow,tensorflow.ragged.boolean_mask,stage4_coverage,uncovered_api,Stage 4 did not cover API; valid_programs=0 bugs=0,993383716fa1858a,stage4/results/tensorflow-thesis-all-coverage/coverage_report.json,stage4/results/tensorflow-thesis-all-coverage/coverage_report.json,
tensorflow,tensorflow.ragged.boolean_mask,stage4_coverage,selected_function_line_coverage_percent=0 < 60,selected_function_line_coverage_percent=0 < 60,f683353291da7000,,stage4/results/tensorflow-thesis-all-coverage/low_coverage.csv,
tensorflow,tensorflow.ragged.boolean_mask,stage4_runtime,WorkerCrash,"Traceback (most recent call last):
  File ""<frozen runpy>"", line 198, in _run_module_as_main
  File ""<frozen runpy>"", line 88, in _run_code
  File ""/Users/aryansg/Desktop/DeepFuzz/stage4/stage4_worker.py"", line 27, in <module>
    from json2init.deepfuzz_common import (  # noqa: E402
    ...<7 lines>...
    )
  File ""/Users/aryansg/Desktop/DeepFuzz/json2init/deepfuzz_common.py"", line 321
    elif lname in {""axis"", ""dim"", ""depth"", ""k"", ""num"", ""count"", ""window_length"", ""fft_length"", ""sequence_length"", ""sequence_stride"", ""num_bits"", ""block_size"", ""kth""}:
    ^^^^
SyntaxError: invalid syntax",fe6b29e0848cad20,stage4/results/tensorflow-thesis-all-coverage/execution_results/tensorflow.ragged.boolean_mask.results.json,stage4/results/tensorflow-thesis-all-coverage/failure.csv,
tensorflow,tensorflow.ragged.constant,stage4_coverage,selected_function_line_coverage_percent=0 < 60,selected_function_line_coverage_percent=0 < 60,39f99a37e5977a53,,stage4/results/tensorflow-thesis-all-coverage/low_coverage.csv,
tensorflow,tensorflow.ragged.constant,stage4_runtime,WorkerCrash,"Traceback (most recent call last):
  File ""<frozen runpy>"", line 198, in _run_module_as_main
  File ""<frozen runpy>"", line 88, in _run_code
  File ""/Users/aryansg/Desktop/DeepFuzz/stage4/stage4_worker.py"", line 27, in <module>
    from json2init.deepfuzz_common import (  # noqa: E402
    ...<7 lines>...
    )
  File ""/Users/aryansg/Desktop/DeepFuzz/json2init/deepfuzz_common.py"", line 321
    elif lname in {""axis"", ""dim"", ""depth"", ""k"", ""num"", ""count"", ""window_length"", ""fft_length"", ""sequence_length"", ""sequence_stride"", ""num_bits"", ""block_size"", ""kth""}:
    ^^^^
SyntaxError: invalid syntax",864b749fef463318,stage4/results/tensorflow-thesis-all-coverage/execution_results/tensorflow.ragged.constant.results.json,stage4/results/tensorflow-thesis-all-coverage/failure.csv,
tensorflow,tensorflow.ragged.constant,stage4_coverage,uncovered_api,Stage 4 did not cover API; valid_programs=0 bugs=0,e0008f619cef8002,stage4/results/tensorflow-thesis-all-coverage/coverage_report.json,stage4/results/tensorflow-thesis-all-coverage/coverage_report.json,
tensorflow,tensorflow.ragged.range,stage4_coverage,selected_function_line_coverage_percent=0 < 60,selected_function_line_coverage_percent=0 < 60,10d4d7b787498d70,,stage4/results/tensorflow-thesis-all-coverage/low_coverage.csv,
tensorflow,tensorflow.ragged.range,stage4_coverage,uncovered_api,Stage 4 did not cover API; valid_programs=0 bugs=0,2f6bdf254c279ed2,stage4/results/tensorflow-thesis-all-coverage/coverage_report.json,stage4/results/tensorflow-thesis-all-coverage/coverage_report.json,
tensorflow,tensorflow.ragged.range,stage4_runtime,WorkerCrash,"Traceback (most recent call last):
  File ""<frozen runpy>"", line 198, in _run_module_as_main
  File ""<frozen runpy>"", line 88, in _run_code
  File ""/Users/aryansg/Desktop/DeepFuzz/stage4/stage4_worker.py"", line 27, in <module>
    from json2init.deepfuzz_common import (  # noqa: E402
    ...<7 lines>...
    )
  File ""/Users/aryansg/Desktop/DeepFuzz/json2init/deepfuzz_common.py"", line 321
    elif lname in {""axis"", ""dim"", ""depth"", ""k"", ""num"", ""count"", ""window_length"", ""fft_length"", ""sequence_length"", ""sequence_stride"", ""num_bits"", ""block_size"", ""kth""}:
    ^^^^
SyntaxError: invalid syntax",b0dce2f2fe6153f4,stage4/results/tensorflow-thesis-all-coverage/execution_results/tensorflow.ragged.range.results.json,stage4/results/tensorflow-thesis-all-coverage/failure.csv,
tensorflow,tensorflow.ragged.segment_ids_to_row_splits,stage4_coverage,uncovered_api,Stage 4 did not cover API; valid_programs=0 bugs=0,985d7c66422e09f6,stage4/results/tensorflow-thesis-all-coverage/coverage_report.json,stage4/results/tensorflow-thesis-all-coverage/coverage_report.json,
tensorflow,tensorflow.ragged.segment_ids_to_row_splits,stage4_coverage,selected_function_line_coverage_percent=0 < 60,selected_function_line_coverage_percent=0 < 60,d1863f5e2dc6e2d3,,stage4/results/tensorflow-thesis-all-coverage/low_coverage.csv,
tensorflow,tensorflow.ragged.segment_ids_to_row_splits,stage4_runtime,WorkerCrash,"Traceback (most recent call last):
  File ""<frozen runpy>"", line 198, in _run_module_as_main
  File ""<frozen runpy>"", line 88, in _run_code
  File ""/Users/aryansg/Desktop/DeepFuzz/stage4/stage4_worker.py"", line 27, in <module>
    from json2init.deepfuzz_common import (  # noqa: E402
    ...<7 lines>...
    )
  File ""/Users/aryansg/Desktop/DeepFuzz/json2init/deepfuzz_common.py"", line 321
    elif lname in {""axis"", ""dim"", ""depth"", ""k"", ""num"", ""count"", ""window_length"", ""fft_length"", ""sequence_length"", ""sequence_stride"", ""num_bits"", ""block_size"", ""kth""}:
    ^^^^
SyntaxError: invalid syntax",d700383632834b6c,stage4/results/tensorflow-thesis-all-coverage/execution_results/tensorflow.ragged.segment_ids_to_row_splits.results.json,stage4/results/tensorflow-thesis-all-coverage/failure.csv,
tensorflow,tensorflow.random.gamma,stage4_runtime,WorkerCrash,"Traceback (most recent call last):
  File ""<frozen runpy>"", line 198, in _run_module_as_main
  File ""<frozen runpy>"", line 88, in _run_code
  File ""/Users/aryansg/Desktop/DeepFuzz/stage4/stage4_worker.py"", line 27, in <module>
    from json2init.deepfuzz_common import (  # noqa: E402
    ...<7 lines>...
    )
  File ""/Users/aryansg/Desktop/DeepFuzz/json2init/deepfuzz_common.py"", line 321
    elif lname in {""axis"", ""dim"", ""depth"", ""k"", ""num"", ""count"", ""window_length"", ""fft_length"", ""sequence_length"", ""sequence_stride"", ""num_bits"", ""block_size"", ""kth""}:
    ^^^^
SyntaxError: invalid syntax",50d5186a181d4841,stage4/results/tensorflow-thesis-all-coverage/execution_results/tensorflow.random.gamma.results.json,stage4/results/tensorflow-thesis-all-coverage/failure.csv,
tensorflow,tensorflow.random.gamma,stage4_coverage,uncovered_api,Stage 4 did not cover API; valid_programs=0 bugs=0,a06a8020e1f40114,stage4/results/tensorflow-thesis-all-coverage/coverage_report.json,stage4/results/tensorflow-thesis-all-coverage/coverage_report.json,
tensorflow,tensorflow.random.gamma,stage4_coverage,selected_function_line_coverage_percent=0 < 60,selected_function_line_coverage_percent=0 < 60,d389e1eca320c0ec,,stage4/results/tensorflow-thesis-all-coverage/low_coverage.csv,
tensorflow,tensorflow.random.normal,stage4_coverage,uncovered_api,Stage 4 did not cover API; valid_programs=0 bugs=0,406e86dd38f88af4,stage4/results/tensorflow-thesis-all-coverage/coverage_report.json,stage4/results/tensorflow-thesis-all-coverage/coverage_report.json,
tensorflow,tensorflow.random.normal,stage4_runtime,WorkerCrash,"Traceback (most recent call last):
  File ""<frozen runpy>"", line 198, in _run_module_as_main
  File ""<frozen runpy>"", line 88, in _run_code
  File ""/Users/aryansg/Desktop/DeepFuzz/stage4/stage4_worker.py"", line 27, in <module>
    from json2init.deepfuzz_common import (  # noqa: E402
    ...<7 lines>...
    )
  File ""/Users/aryansg/Desktop/DeepFuzz/json2init/deepfuzz_common.py"", line 321
    elif lname in {""axis"", ""dim"", ""depth"", ""k"", ""num"", ""count"", ""window_length"", ""fft_length"", ""sequence_length"", ""sequence_stride"", ""num_bits"", ""block_size"", ""kth""}:
    ^^^^
SyntaxError: invalid syntax",6fd1e5b46d4106f3,stage4/results/tensorflow-thesis-all-coverage/execution_results/tensorflow.random.normal.results.json,stage4/results/tensorflow-thesis-all-coverage/failure.csv,
tensorflow,tensorflow.random.normal,stage4_coverage,selected_function_line_coverage_percent=0 < 60,selected_function_line_coverage_percent=0 < 60,875d661ee0785cbf,,stage4/results/tensorflow-thesis-all-coverage/low_coverage.csv,
tensorflow,tensorflow.random.poisson,stage4_coverage,uncovered_api,Stage 4 did not cover API; valid_programs=0 bugs=0,307ca71a89328d2c,stage4/results/tensorflow-thesis-all-coverage/coverage_report.json,stage4/results/tensorflow-thesis-all-coverage/coverage_report.json,
tensorflow,tensorflow.random.poisson,stage4_coverage,selected_function_line_coverage_percent=0 < 60,selected_function_line_coverage_percent=0 < 60,78f4dc385fd8e1e3,,stage4/results/tensorflow-thesis-all-coverage/low_coverage.csv,
tensorflow,tensorflow.random.poisson,stage4_runtime,WorkerCrash,"Traceback (most recent call last):
  File ""<frozen runpy>"", line 198, in _run_module_as_main
  File ""<frozen runpy>"", line 88, in _run_code
  File ""/Users/aryansg/Desktop/DeepFuzz/stage4/stage4_worker.py"", line 27, in <module>
    from json2init.deepfuzz_common import (  # noqa: E402
    ...<7 lines>...
    )
  File ""/Users/aryansg/Desktop/DeepFuzz/json2init/deepfuzz_common.py"", line 321
    elif lname in {""axis"", ""dim"", ""depth"", ""k"", ""num"", ""count"", ""window_length"", ""fft_length"", ""sequence_length"", ""sequence_stride"", ""num_bits"", ""block_size"", ""kth""}:
    ^^^^
SyntaxError: invalid syntax",959b952b9cf09c6f,stage4/results/tensorflow-thesis-all-coverage/execution_results/tensorflow.random.poisson.results.json,stage4/results/tensorflow-thesis-all-coverage/failure.csv,
tensorflow,tensorflow.random.shuffle,stage4_coverage,selected_function_line_coverage_percent=0 < 60,selected_function_line_coverage_percent=0 < 60,c3ec290c3e99eb98,,stage4/results/tensorflow-thesis-all-coverage/low_coverage.csv,
tensorflow,tensorflow.random.shuffle,stage4_runtime,WorkerCrash,"Traceback (most recent call last):
  File ""<frozen runpy>"", line 198, in _run_module_as_main
  File ""<frozen runpy>"", line 88, in _run_code
  File ""/Users/aryansg/Desktop/DeepFuzz/stage4/stage4_worker.py"", line 27, in <module>
    from json2init.deepfuzz_common import (  # noqa: E402
    ...<7 lines>...
    )
  File ""/Users/aryansg/Desktop/DeepFuzz/json2init/deepfuzz_common.py"", line 321
    elif lname in {""axis"", ""dim"", ""depth"", ""k"", ""num"", ""count"", ""window_length"", ""fft_length"", ""sequence_length"", ""sequence_stride"", ""num_bits"", ""block_size"", ""kth""}:
    ^^^^
SyntaxError: invalid syntax",c6887a5a5a775aed,stage4/results/tensorflow-thesis-all-coverage/execution_results/tensorflow.random.shuffle.results.json,stage4/results/tensorflow-thesis-all-coverage/failure.csv,
tensorflow,tensorflow.random.shuffle,stage4_coverage,uncovered_api,Stage 4 did not cover API; valid_programs=0 bugs=0,ed7ad18cfbb190fe,stage4/results/tensorflow-thesis-all-coverage/coverage_report.json,stage4/results/tensorflow-thesis-all-coverage/coverage_report.json,
tensorflow,tensorflow.random.truncated_normal,stage4_coverage,selected_function_line_coverage_percent=0 < 60,selected_function_line_coverage_percent=0 < 60,8deee86fd7d067e8,,stage4/results/tensorflow-thesis-all-coverage/low_coverage.csv,
tensorflow,tensorflow.random.truncated_normal,stage4_coverage,uncovered_api,Stage 4 did not cover API; valid_programs=0 bugs=0,bfc5d5539e642bf0,stage4/results/tensorflow-thesis-all-coverage/coverage_report.json,stage4/results/tensorflow-thesis-all-coverage/coverage_report.json,
tensorflow,tensorflow.random.truncated_normal,stage4_runtime,WorkerCrash,"Traceback (most recent call last):
  File ""<frozen runpy>"", line 198, in _run_module_as_main
  File ""<frozen runpy>"", line 88, in _run_code
  File ""/Users/aryansg/Desktop/DeepFuzz/stage4/stage4_worker.py"", line 27, in <module>
    from json2init.deepfuzz_common import (  # noqa: E402
    ...<7 lines>...
    )
  File ""/Users/aryansg/Desktop/DeepFuzz/json2init/deepfuzz_common.py"", line 321
    elif lname in {""axis"", ""dim"", ""depth"", ""k"", ""num"", ""count"", ""window_length"", ""fft_length"", ""sequence_length"", ""sequence_stride"", ""num_bits"", ""block_size"", ""kth""}:
    ^^^^
SyntaxError: invalid syntax",c320dbef2bee2203,stage4/results/tensorflow-thesis-all-coverage/execution_results/tensorflow.random.truncated_normal.results.json,stage4/results/tensorflow-thesis-all-coverage/failure.csv,
tensorflow,tensorflow.random.uniform,stage4_coverage,selected_function_line_coverage_percent=0 < 60,selected_function_line_coverage_percent=0 < 60,2c44cee253771006,,stage4/results/tensorflow-thesis-all-coverage/low_coverage.csv,
tensorflow,tensorflow.random.uniform,stage4_runtime,WorkerCrash,"Traceback (most recent call last):
  File ""<frozen runpy>"", line 198, in _run_module_as_main
  File ""<frozen runpy>"", line 88, in _run_code
  File ""/Users/aryansg/Desktop/DeepFuzz/stage4/stage4_worker.py"", line 27, in <module>
    from json2init.deepfuzz_common import (  # noqa: E402
    ...<7 lines>...
    )
  File ""/Users/aryansg/Desktop/DeepFuzz/json2init/deepfuzz_common.py"", line 321
    elif lname in {""axis"", ""dim"", ""depth"", ""k"", ""num"", ""count"", ""window_length"", ""fft_length"", ""sequence_length"", ""sequence_stride"", ""num_bits"", ""block_size"", ""kth""}:
    ^^^^
SyntaxError: invalid syntax",605538be899bfad8,stage4/results/tensorflow-thesis-all-coverage/execution_results/tensorflow.random.uniform.results.json,stage4/results/tensorflow-thesis-all-coverage/failure.csv,
tensorflow,tensorflow.random.uniform,stage4_coverage,uncovered_api,Stage 4 did not cover API; valid_programs=0 bugs=0,805012762e4bf66b,stage4/results/tensorflow-thesis-all-coverage/coverage_report.json,stage4/results/tensorflow-thesis-all-coverage/coverage_report.json,
tensorflow,tensorflow.range,stage4_runtime,WorkerCrash,"Traceback (most recent call last):
  File ""<frozen runpy>"", line 198, in _run_module_as_main
  File ""<frozen runpy>"", line 88, in _run_code
  File ""/Users/aryansg/Desktop/DeepFuzz/stage4/stage4_worker.py"", line 27, in <module>
    from json2init.deepfuzz_common import (  # noqa: E402
    ...<7 lines>...
    )
  File ""/Users/aryansg/Desktop/DeepFuzz/json2init/deepfuzz_common.py"", line 321
    elif lname in {""axis"", ""dim"", ""depth"", ""k"", ""num"", ""count"", ""window_length"", ""fft_length"", ""sequence_length"", ""sequence_stride"", ""num_bits"", ""block_size"", ""kth""}:
    ^^^^
SyntaxError: invalid syntax",c41de941eabd2ee6,stage4/results/tensorflow-thesis-all-coverage/execution_results/tensorflow.range.results.json,stage4/results/tensorflow-thesis-all-coverage/failure.csv,
tensorflow,tensorflow.range,stage4_coverage,selected_function_line_coverage_percent=0 < 60,selected_function_line_coverage_percent=0 < 60,e17738ba5374114c,,stage4/results/tensorflow-thesis-all-coverage/low_coverage.csv,
tensorflow,tensorflow.range,stage4_coverage,uncovered_api,Stage 4 did not cover API; valid_programs=0 bugs=0,f688239d1350874b,stage4/results/tensorflow-thesis-all-coverage/coverage_report.json,stage4/results/tensorflow-thesis-all-coverage/coverage_report.json,
tensorflow,tensorflow.realdiv,stage4_runtime,WorkerCrash,"Traceback (most recent call last):
  File ""<frozen runpy>"", line 198, in _run_module_as_main
  File ""<frozen runpy>"", line 88, in _run_code
  File ""/Users/aryansg/Desktop/DeepFuzz/stage4/stage4_worker.py"", line 27, in <module>
    from json2init.deepfuzz_common import (  # noqa: E402
    ...<7 lines>...
    )
  File ""/Users/aryansg/Desktop/DeepFuzz/json2init/deepfuzz_common.py"", line 321
    elif lname in {""axis"", ""dim"", ""depth"", ""k"", ""num"", ""count"", ""window_length"", ""fft_length"", ""sequence_length"", ""sequence_stride"", ""num_bits"", ""block_size"", ""kth""}:
    ^^^^
SyntaxError: invalid syntax",1b0db27cf780157e,stage4/results/tensorflow-thesis-all-coverage/execution_results/tensorflow.realdiv.results.json,stage4/results/tensorflow-thesis-all-coverage/failure.csv,
tensorflow,tensorflow.realdiv,stage4_coverage,uncovered_api,Stage 4 did not cover API; valid_programs=0 bugs=0,20b0c5fe91457e48,stage4/results/tensorflow-thesis-all-coverage/coverage_report.json,stage4/results/tensorflow-thesis-all-coverage/coverage_report.json,
tensorflow,tensorflow.realdiv,stage4_coverage,selected_function_line_coverage_percent=0 < 60,selected_function_line_coverage_percent=0 < 60,6529b5ee5dbc00fb,,stage4/results/tensorflow-thesis-all-coverage/low_coverage.csv,
tensorflow,tensorflow.reduce_logsumexp,stage4_runtime,WorkerCrash,"Traceback (most recent call last):
  File ""<frozen runpy>"", line 198, in _run_module_as_main
  File ""<frozen runpy>"", line 88, in _run_code
  File ""/Users/aryansg/Desktop/DeepFuzz/stage4/stage4_worker.py"", line 27, in <module>
    from json2init.deepfuzz_common import (  # noqa: E402
    ...<7 lines>...
    )
  File ""/Users/aryansg/Desktop/DeepFuzz/json2init/deepfuzz_common.py"", line 321
    elif lname in {""axis"", ""dim"", ""depth"", ""k"", ""num"", ""count"", ""window_length"", ""fft_length"", ""sequence_length"", ""sequence_stride"", ""num_bits"", ""block_size"", ""kth""}:
    ^^^^
SyntaxError: invalid syntax",01ba27350e05ea07,stage4/results/tensorflow-thesis-all-coverage/execution_results/tensorflow.reduce_logsumexp.results.json,stage4/results/tensorflow-thesis-all-coverage/failure.csv,
tensorflow,tensorflow.reduce_logsumexp,stage4_coverage,selected_function_line_coverage_percent=0 < 60,selected_function_line_coverage_percent=0 < 60,30da946eea3fb007,,stage4/results/tensorflow-thesis-all-coverage/low_coverage.csv,
tensorflow,tensorflow.reduce_logsumexp,stage4_coverage,uncovered_api,Stage 4 did not cover API; valid_programs=0 bugs=0,b52c82ccd3005a8f,stage4/results/tensorflow-thesis-all-coverage/coverage_report.json,stage4/results/tensorflow-thesis-all-coverage/coverage_report.json,
tensorflow,tensorflow.reduce_max,stage4_coverage,selected_function_line_coverage_percent=0 < 60,selected_function_line_coverage_percent=0 < 60,529c08a1de03d33d,,stage4/results/tensorflow-thesis-all-coverage/low_coverage.csv,
tensorflow,tensorflow.reduce_max,stage4_runtime,WorkerCrash,"Traceback (most recent call last):
  File ""<frozen runpy>"", line 198, in _run_module_as_main
  File ""<frozen runpy>"", line 88, in _run_code
  File ""/Users/aryansg/Desktop/DeepFuzz/stage4/stage4_worker.py"", line 27, in <module>
    from json2init.deepfuzz_common import (  # noqa: E402
    ...<7 lines>...
    )
  File ""/Users/aryansg/Desktop/DeepFuzz/json2init/deepfuzz_common.py"", line 321
    elif lname in {""axis"", ""dim"", ""depth"", ""k"", ""num"", ""count"", ""window_length"", ""fft_length"", ""sequence_length"", ""sequence_stride"", ""num_bits"", ""block_size"", ""kth""}:
    ^^^^
SyntaxError: invalid syntax",71d88a41434f669a,stage4/results/tensorflow-thesis-all-coverage/execution_results/tensorflow.reduce_max.results.json,stage4/results/tensorflow-thesis-all-coverage/failure.csv,
tensorflow,tensorflow.reduce_max,stage4_coverage,uncovered_api,Stage 4 did not cover API; valid_programs=0 bugs=0,f3ff310f8a0c403f,stage4/results/tensorflow-thesis-all-coverage/coverage_report.json,stage4/results/tensorflow-thesis-all-coverage/coverage_report.json,
tensorflow,tensorflow.reduce_mean,stage4_runtime,WorkerCrash,"Traceback (most recent call last):
  File ""<frozen runpy>"", line 198, in _run_module_as_main
  File ""<frozen runpy>"", line 88, in _run_code
  File ""/Users/aryansg/Desktop/DeepFuzz/stage4/stage4_worker.py"", line 27, in <module>
    from json2init.deepfuzz_common import (  # noqa: E402
    ...<7 lines>...
    )
  File ""/Users/aryansg/Desktop/DeepFuzz/json2init/deepfuzz_common.py"", line 321
    elif lname in {""axis"", ""dim"", ""depth"", ""k"", ""num"", ""count"", ""window_length"", ""fft_length"", ""sequence_length"", ""sequence_stride"", ""num_bits"", ""block_size"", ""kth""}:
    ^^^^
SyntaxError: invalid syntax",0c733412a9a7b3a7,stage4/results/tensorflow-thesis-all-coverage/execution_results/tensorflow.reduce_mean.results.json,stage4/results/tensorflow-thesis-all-coverage/failure.csv,
tensorflow,tensorflow.reduce_mean,stage4_coverage,selected_function_line_coverage_percent=0 < 60,selected_function_line_coverage_percent=0 < 60,a7479e31011f0270,,stage4/results/tensorflow-thesis-all-coverage/low_coverage.csv,
tensorflow,tensorflow.reduce_mean,stage4_coverage,uncovered_api,Stage 4 did not cover API; valid_programs=0 bugs=0,b4b1ec6d6004e60b,stage4/results/tensorflow-thesis-all-coverage/coverage_report.json,stage4/results/tensorflow-thesis-all-coverage/coverage_report.json,
tensorflow,tensorflow.reduce_min,stage4_coverage,selected_function_line_coverage_percent=0 < 60,selected_function_line_coverage_percent=0 < 60,05922ef8cdd8feb8,,stage4/results/tensorflow-thesis-all-coverage/low_coverage.csv,
tensorflow,tensorflow.reduce_min,stage4_coverage,uncovered_api,Stage 4 did not cover API; valid_programs=0 bugs=0,ab190bbc1c82450f,stage4/results/tensorflow-thesis-all-coverage/coverage_report.json,stage4/results/tensorflow-thesis-all-coverage/coverage_report.json,
tensorflow,tensorflow.reduce_min,stage4_runtime,WorkerCrash,"Traceback (most recent call last):
  File ""<frozen runpy>"", line 198, in _run_module_as_main
  File ""<frozen runpy>"", line 88, in _run_code
  File ""/Users/aryansg/Desktop/DeepFuzz/stage4/stage4_worker.py"", line 27, in <module>
    from json2init.deepfuzz_common import (  # noqa: E402
    ...<7 lines>...
    )
  File ""/Users/aryansg/Desktop/DeepFuzz/json2init/deepfuzz_common.py"", line 321
    elif lname in {""axis"", ""dim"", ""depth"", ""k"", ""num"", ""count"", ""window_length"", ""fft_length"", ""sequence_length"", ""sequence_stride"", ""num_bits"", ""block_size"", ""kth""}:
    ^^^^
SyntaxError: invalid syntax",cadecbed491f4a91,stage4/results/tensorflow-thesis-all-coverage/execution_results/tensorflow.reduce_min.results.json,stage4/results/tensorflow-thesis-all-coverage/failure.csv,
tensorflow,tensorflow.reduce_prod,stage4_coverage,uncovered_api,Stage 4 did not cover API; valid_programs=0 bugs=0,abcc0ecb29ccf783,stage4/results/tensorflow-thesis-all-coverage/coverage_report.json,stage4/results/tensorflow-thesis-all-coverage/coverage_report.json,
tensorflow,tensorflow.reduce_prod,stage4_runtime,WorkerCrash,"Traceback (most recent call last):
  File ""<frozen runpy>"", line 198, in _run_module_as_main
  File ""<frozen runpy>"", line 88, in _run_code
  File ""/Users/aryansg/Desktop/DeepFuzz/stage4/stage4_worker.py"", line 27, in <module>
    from json2init.deepfuzz_common import (  # noqa: E402
    ...<7 lines>...
    )
  File ""/Users/aryansg/Desktop/DeepFuzz/json2init/deepfuzz_common.py"", line 321
    elif lname in {""axis"", ""dim"", ""depth"", ""k"", ""num"", ""count"", ""window_length"", ""fft_length"", ""sequence_length"", ""sequence_stride"", ""num_bits"", ""block_size"", ""kth""}:
    ^^^^
SyntaxError: invalid syntax",b98c268d41384552,stage4/results/tensorflow-thesis-all-coverage/execution_results/tensorflow.reduce_prod.results.json,stage4/results/tensorflow-thesis-all-coverage/failure.csv,
tensorflow,tensorflow.reduce_prod,stage4_coverage,selected_function_line_coverage_percent=0 < 60,selected_function_line_coverage_percent=0 < 60,e7b496c0c7b88e04,,stage4/results/tensorflow-thesis-all-coverage/low_coverage.csv,
tensorflow,tensorflow.reduce_sum,stage4_coverage,selected_function_line_coverage_percent=0 < 60,selected_function_line_coverage_percent=0 < 60,51b066535de3d106,,stage4/results/tensorflow-thesis-all-coverage/low_coverage.csv,
tensorflow,tensorflow.reduce_sum,stage4_coverage,uncovered_api,Stage 4 did not cover API; valid_programs=0 bugs=0,bfc35bd82c2b5770,stage4/results/tensorflow-thesis-all-coverage/coverage_report.json,stage4/results/tensorflow-thesis-all-coverage/coverage_report.json,
tensorflow,tensorflow.reduce_sum,stage4_runtime,WorkerCrash,"Traceback (most recent call last):
  File ""<frozen runpy>"", line 198, in _run_module_as_main
  File ""<frozen runpy>"", line 88, in _run_code
  File ""/Users/aryansg/Desktop/DeepFuzz/stage4/stage4_worker.py"", line 27, in <module>
    from json2init.deepfuzz_common import (  # noqa: E402
    ...<7 lines>...
    )
  File ""/Users/aryansg/Desktop/DeepFuzz/json2init/deepfuzz_common.py"", line 321
    elif lname in {""axis"", ""dim"", ""depth"", ""k"", ""num"", ""count"", ""window_length"", ""fft_length"", ""sequence_length"", ""sequence_stride"", ""num_bits"", ""block_size"", ""kth""}:
    ^^^^
SyntaxError: invalid syntax",c63a5ecd1bdf4b90,stage4/results/tensorflow-thesis-all-coverage/execution_results/tensorflow.reduce_sum.results.json,stage4/results/tensorflow-thesis-all-coverage/failure.csv,
tensorflow,tensorflow.required_space_to_batch_paddings,stage4_coverage,uncovered_api,Stage 4 did not cover API; valid_programs=0 bugs=0,30d7d9aafa49b1d0,stage4/results/tensorflow-thesis-all-coverage/coverage_report.json,stage4/results/tensorflow-thesis-all-coverage/coverage_report.json,
tensorflow,tensorflow.required_space_to_batch_paddings,stage4_runtime,WorkerCrash,"Traceback (most recent call last):
  File ""<frozen runpy>"", line 198, in _run_module_as_main
  File ""<frozen runpy>"", line 88, in _run_code
  File ""/Users/aryansg/Desktop/DeepFuzz/stage4/stage4_worker.py"", line 27, in <module>
    from json2init.deepfuzz_common import (  # noqa: E402
    ...<7 lines>...
    )
  File ""/Users/aryansg/Desktop/DeepFuzz/json2init/deepfuzz_common.py"", line 321
    elif lname in {""axis"", ""dim"", ""depth"", ""k"", ""num"", ""count"", ""window_length"", ""fft_length"", ""sequence_length"", ""sequence_stride"", ""num_bits"", ""block_size"", ""kth""}:
    ^^^^
SyntaxError: invalid syntax",406b6e9f94ec380b,stage4/results/tensorflow-thesis-all-coverage/execution_results/tensorflow.required_space_to_batch_paddings.results.json,stage4/results/tensorflow-thesis-all-coverage/failure.csv,
tensorflow,tensorflow.required_space_to_batch_paddings,stage4_coverage,selected_function_line_coverage_percent=0 < 60,selected_function_line_coverage_percent=0 < 60,f3e5569330160901,,stage4/results/tensorflow-thesis-all-coverage/low_coverage.csv,
tensorflow,tensorflow.round,stage4_runtime,WorkerCrash,"Traceback (most recent call last):
  File ""<frozen runpy>"", line 198, in _run_module_as_main
  File ""<frozen runpy>"", line 88, in _run_code
  File ""/Users/aryansg/Desktop/DeepFuzz/stage4/stage4_worker.py"", line 27, in <module>
    from json2init.deepfuzz_common import (  # noqa: E402
    ...<7 lines>...
    )
  File ""/Users/aryansg/Desktop/DeepFuzz/json2init/deepfuzz_common.py"", line 321
    elif lname in {""axis"", ""dim"", ""depth"", ""k"", ""num"", ""count"", ""window_length"", ""fft_length"", ""sequence_length"", ""sequence_stride"", ""num_bits"", ""block_size"", ""kth""}:
    ^^^^
SyntaxError: invalid syntax",1feb818ece710650,stage4/results/tensorflow-thesis-all-coverage/execution_results/tensorflow.round.results.json,stage4/results/tensorflow-thesis-all-coverage/failure.csv,
tensorflow,tensorflow.round,stage4_coverage,selected_function_line_coverage_percent=0 < 60,selected_function_line_coverage_percent=0 < 60,615179e44012ce45,,stage4/results/tensorflow-thesis-all-coverage/low_coverage.csv,
tensorflow,tensorflow.round,stage4_coverage,uncovered_api,Stage 4 did not cover API; valid_programs=0 bugs=0,87b278a6eab425a1,stage4/results/tensorflow-thesis-all-coverage/coverage_report.json,stage4/results/tensorflow-thesis-all-coverage/coverage_report.json,
tensorflow,tensorflow.saturate_cast,stage4_coverage,uncovered_api,Stage 4 did not cover API; valid_programs=0 bugs=0,1772bc34c7932abe,stage4/results/tensorflow-thesis-all-coverage/coverage_report.json,stage4/results/tensorflow-thesis-all-coverage/coverage_report.json,
tensorflow,tensorflow.saturate_cast,stage4_coverage,selected_function_line_coverage_percent=0 < 60,selected_function_line_coverage_percent=0 < 60,d7638be852299134,,stage4/results/tensorflow-thesis-all-coverage/low_coverage.csv,
tensorflow,tensorflow.saturate_cast,stage4_runtime,WorkerCrash,"Traceback (most recent call last):
  File ""<frozen runpy>"", line 198, in _run_module_as_main
  File ""<frozen runpy>"", line 88, in _run_code
  File ""/Users/aryansg/Desktop/DeepFuzz/stage4/stage4_worker.py"", line 27, in <module>
    from json2init.deepfuzz_common import (  # noqa: E402
    ...<7 lines>...
    )
  File ""/Users/aryansg/Desktop/DeepFuzz/json2init/deepfuzz_common.py"", line 321
    elif lname in {""axis"", ""dim"", ""depth"", ""k"", ""num"", ""count"", ""window_length"", ""fft_length"", ""sequence_length"", ""sequence_stride"", ""num_bits"", ""block_size"", ""kth""}:
    ^^^^
SyntaxError: invalid syntax",f226a05eb6477ea8,stage4/results/tensorflow-thesis-all-coverage/execution_results/tensorflow.saturate_cast.results.json,stage4/results/tensorflow-thesis-all-coverage/failure.csv,
tensorflow,tensorflow.scalar_mul,stage4_coverage,uncovered_api,Stage 4 did not cover API; valid_programs=0 bugs=0,3232789bd37d5c0f,stage4/results/tensorflow-thesis-all-coverage/coverage_report.json,stage4/results/tensorflow-thesis-all-coverage/coverage_report.json,
tensorflow,tensorflow.scalar_mul,stage4_coverage,selected_function_line_coverage_percent=0 < 60,selected_function_line_coverage_percent=0 < 60,3a1b6405aff1b25d,,stage4/results/tensorflow-thesis-all-coverage/low_coverage.csv,
tensorflow,tensorflow.scalar_mul,stage4_runtime,WorkerCrash,"Traceback (most recent call last):
  File ""<frozen runpy>"", line 198, in _run_module_as_main
  File ""<frozen runpy>"", line 88, in _run_code
  File ""/Users/aryansg/Desktop/DeepFuzz/stage4/stage4_worker.py"", line 27, in <module>
    from json2init.deepfuzz_common import (  # noqa: E402
    ...<7 lines>...
    )
  File ""/Users/aryansg/Desktop/DeepFuzz/json2init/deepfuzz_common.py"", line 321
    elif lname in {""axis"", ""dim"", ""depth"", ""k"", ""num"", ""count"", ""window_length"", ""fft_length"", ""sequence_length"", ""sequence_stride"", ""num_bits"", ""block_size"", ""kth""}:
    ^^^^
SyntaxError: invalid syntax",6195b5db48631407,stage4/results/tensorflow-thesis-all-coverage/execution_results/tensorflow.scalar_mul.results.json,stage4/results/tensorflow-thesis-all-coverage/failure.csv,
tensorflow,tensorflow.searchsorted,stage4_coverage,uncovered_api,Stage 4 did not cover API; valid_programs=0 bugs=0,4199bd90054e7cbc,stage4/results/tensorflow-thesis-all-coverage/coverage_report.json,stage4/results/tensorflow-thesis-all-coverage/coverage_report.json,
tensorflow,tensorflow.searchsorted,stage4_runtime,WorkerCrash,"Traceback (most recent call last):
  File ""<frozen runpy>"", line 198, in _run_module_as_main
  File ""<frozen runpy>"", line 88, in _run_code
  File ""/Users/aryansg/Desktop/DeepFuzz/stage4/stage4_worker.py"", line 27, in <module>
    from json2init.deepfuzz_common import (  # noqa: E402
    ...<7 lines>...
    )
  File ""/Users/aryansg/Desktop/DeepFuzz/json2init/deepfuzz_common.py"", line 321
    elif lname in {""axis"", ""dim"", ""depth"", ""k"", ""num"", ""count"", ""window_length"", ""fft_length"", ""sequence_length"", ""sequence_stride"", ""num_bits"", ""block_size"", ""kth""}:
    ^^^^
SyntaxError: invalid syntax",7b23978c2348de80,stage4/results/tensorflow-thesis-all-coverage/execution_results/tensorflow.searchsorted.results.json,stage4/results/tensorflow-thesis-all-coverage/failure.csv,
tensorflow,tensorflow.searchsorted,stage4_coverage,selected_function_line_coverage_percent=0 < 60,selected_function_line_coverage_percent=0 < 60,bab1ea92392bbfcb,,stage4/results/tensorflow-thesis-all-coverage/low_coverage.csv,
tensorflow,tensorflow.sequence_mask,stage4_runtime,WorkerCrash,"Traceback (most recent call last):
  File ""<frozen runpy>"", line 198, in _run_module_as_main
  File ""<frozen runpy>"", line 88, in _run_code
  File ""/Users/aryansg/Desktop/DeepFuzz/stage4/stage4_worker.py"", line 27, in <module>
    from json2init.deepfuzz_common import (  # noqa: E402
    ...<7 lines>...
    )
  File ""/Users/aryansg/Desktop/DeepFuzz/json2init/deepfuzz_common.py"", line 321
    elif lname in {""axis"", ""dim"", ""depth"", ""k"", ""num"", ""count"", ""window_length"", ""fft_length"", ""sequence_length"", ""sequence_stride"", ""num_bits"", ""block_size"", ""kth""}:
    ^^^^
SyntaxError: invalid syntax",327960436d4a3228,stage4/results/tensorflow-thesis-all-coverage/execution_results/tensorflow.sequence_mask.results.json,stage4/results/tensorflow-thesis-all-coverage/failure.csv,
tensorflow,tensorflow.sequence_mask,stage4_coverage,uncovered_api,Stage 4 did not cover API; valid_programs=0 bugs=0,35e64fc02d205923,stage4/results/tensorflow-thesis-all-coverage/coverage_report.json,stage4/results/tensorflow-thesis-all-coverage/coverage_report.json,
tensorflow,tensorflow.sequence_mask,stage4_coverage,selected_function_line_coverage_percent=0 < 60,selected_function_line_coverage_percent=0 < 60,e1490e178523569b,,stage4/results/tensorflow-thesis-all-coverage/low_coverage.csv,
tensorflow,tensorflow.sigmoid,stage4_coverage,uncovered_api,Stage 4 did not cover API; valid_programs=0 bugs=0,24e37caa7350c371,stage4/results/tensorflow-thesis-all-coverage/coverage_report.json,stage4/results/tensorflow-thesis-all-coverage/coverage_report.json,
tensorflow,tensorflow.sigmoid,stage4_coverage,selected_function_line_coverage_percent=0 < 60,selected_function_line_coverage_percent=0 < 60,974f5638cda71bb5,,stage4/results/tensorflow-thesis-all-coverage/low_coverage.csv,
tensorflow,tensorflow.sigmoid,stage4_runtime,WorkerCrash,"Traceback (most recent call last):
  File ""<frozen runpy>"", line 198, in _run_module_as_main
  File ""<frozen runpy>"", line 88, in _run_code
  File ""/Users/aryansg/Desktop/DeepFuzz/stage4/stage4_worker.py"", line 27, in <module>
    from json2init.deepfuzz_common import (  # noqa: E402
    ...<7 lines>...
    )
  File ""/Users/aryansg/Desktop/DeepFuzz/json2init/deepfuzz_common.py"", line 321
    elif lname in {""axis"", ""dim"", ""depth"", ""k"", ""num"", ""count"", ""window_length"", ""fft_length"", ""sequence_length"", ""sequence_stride"", ""num_bits"", ""block_size"", ""kth""}:
    ^^^^
SyntaxError: invalid syntax",e9b529fc6ac3f886,stage4/results/tensorflow-thesis-all-coverage/execution_results/tensorflow.sigmoid.results.json,stage4/results/tensorflow-thesis-all-coverage/failure.csv,
tensorflow,tensorflow.signal.fftshift,stage4_runtime,WorkerCrash,"Traceback (most recent call last):
  File ""<frozen runpy>"", line 198, in _run_module_as_main
  File ""<frozen runpy>"", line 88, in _run_code
  File ""/Users/aryansg/Desktop/DeepFuzz/stage4/stage4_worker.py"", line 27, in <module>
    from json2init.deepfuzz_common import (  # noqa: E402
    ...<7 lines>...
    )
  File ""/Users/aryansg/Desktop/DeepFuzz/json2init/deepfuzz_common.py"", line 321
    elif lname in {""axis"", ""dim"", ""depth"", ""k"", ""num"", ""count"", ""window_length"", ""fft_length"", ""sequence_length"", ""sequence_stride"", ""num_bits"", ""block_size"", ""kth""}:
    ^^^^
SyntaxError: invalid syntax",336fa3a00d07cbcf,stage4/results/tensorflow-thesis-all-coverage/execution_results/tensorflow.signal.fftshift.results.json,stage4/results/tensorflow-thesis-all-coverage/failure.csv,
tensorflow,tensorflow.signal.fftshift,stage4_coverage,uncovered_api,Stage 4 did not cover API; valid_programs=0 bugs=0,60b58f35c0da4b32,stage4/results/tensorflow-thesis-all-coverage/coverage_report.json,stage4/results/tensorflow-thesis-all-coverage/coverage_report.json,
tensorflow,tensorflow.signal.fftshift,stage4_coverage,selected_function_line_coverage_percent=0 < 60,selected_function_line_coverage_percent=0 < 60,efbb85c361d8e559,,stage4/results/tensorflow-thesis-all-coverage/low_coverage.csv,
tensorflow,tensorflow.signal.hamming_window,stage4_coverage,uncovered_api,Stage 4 did not cover API; valid_programs=0 bugs=0,3cb9a11b280928ef,stage4/results/tensorflow-thesis-all-coverage/coverage_report.json,stage4/results/tensorflow-thesis-all-coverage/coverage_report.json,
tensorflow,tensorflow.signal.hamming_window,stage4_runtime,WorkerCrash,"Traceback (most recent call last):
  File ""<frozen runpy>"", line 198, in _run_module_as_main
  File ""<frozen runpy>"", line 88, in _run_code
  File ""/Users/aryansg/Desktop/DeepFuzz/stage4/stage4_worker.py"", line 27, in <module>
    from json2init.deepfuzz_common import (  # noqa: E402
    ...<7 lines>...
    )
  File ""/Users/aryansg/Desktop/DeepFuzz/json2init/deepfuzz_common.py"", line 321
    elif lname in {""axis"", ""dim"", ""depth"", ""k"", ""num"", ""count"", ""window_length"", ""fft_length"", ""sequence_length"", ""sequence_stride"", ""num_bits"", ""block_size"", ""kth""}:
    ^^^^
SyntaxError: invalid syntax",64781b5fea986609,stage4/results/tensorflow-thesis-all-coverage/execution_results/tensorflow.signal.hamming_window.results.json,stage4/results/tensorflow-thesis-all-coverage/failure.csv,
tensorflow,tensorflow.signal.hamming_window,stage4_coverage,selected_function_line_coverage_percent=0 < 60,selected_function_line_coverage_percent=0 < 60,eae74f390874b425,,stage4/results/tensorflow-thesis-all-coverage/low_coverage.csv,
tensorflow,tensorflow.signal.hann_window,stage4_coverage,uncovered_api,Stage 4 did not cover API; valid_programs=0 bugs=0,028233d52d8e3195,stage4/results/tensorflow-thesis-all-coverage/coverage_report.json,stage4/results/tensorflow-thesis-all-coverage/coverage_report.json,
tensorflow,tensorflow.signal.hann_window,stage4_runtime,WorkerCrash,"Traceback (most recent call last):
  File ""<frozen runpy>"", line 198, in _run_module_as_main
  File ""<frozen runpy>"", line 88, in _run_code
  File ""/Users/aryansg/Desktop/DeepFuzz/stage4/stage4_worker.py"", line 27, in <module>
    from json2init.deepfuzz_common import (  # noqa: E402
    ...<7 lines>...
    )
  File ""/Users/aryansg/Desktop/DeepFuzz/json2init/deepfuzz_common.py"", line 321
    elif lname in {""axis"", ""dim"", ""depth"", ""k"", ""num"", ""count"", ""window_length"", ""fft_length"", ""sequence_length"", ""sequence_stride"", ""num_bits"", ""block_size"", ""kth""}:
    ^^^^
SyntaxError: invalid syntax",152eb014d028d058,stage4/results/tensorflow-thesis-all-coverage/execution_results/tensorflow.signal.hann_window.results.json,stage4/results/tensorflow-thesis-all-coverage/failure.csv,
tensorflow,tensorflow.signal.hann_window,stage4_coverage,selected_function_line_coverage_percent=0 < 60,selected_function_line_coverage_percent=0 < 60,7581dc3046959a01,,stage4/results/tensorflow-thesis-all-coverage/low_coverage.csv,
tensorflow,tensorflow.signal.ifftshift,stage4_coverage,uncovered_api,Stage 4 did not cover API; valid_programs=0 bugs=0,46e601cc608dfbed,stage4/results/tensorflow-thesis-all-coverage/coverage_report.json,stage4/results/tensorflow-thesis-all-coverage/coverage_report.json,
tensorflow,tensorflow.signal.ifftshift,stage4_coverage,selected_function_line_coverage_percent=0 < 60,selected_function_line_coverage_percent=0 < 60,649bc3c9bd4931d4,,stage4/results/tensorflow-thesis-all-coverage/low_coverage.csv,
tensorflow,tensorflow.signal.ifftshift,stage4_runtime,WorkerCrash,"Traceback (most recent call last):
  File ""<frozen runpy>"", line 198, in _run_module_as_main
  File ""<frozen runpy>"", line 88, in _run_code
  File ""/Users/aryansg/Desktop/DeepFuzz/stage4/stage4_worker.py"", line 27, in <module>
    from json2init.deepfuzz_common import (  # noqa: E402
    ...<7 lines>...
    )
  File ""/Users/aryansg/Desktop/DeepFuzz/json2init/deepfuzz_common.py"", line 321
    elif lname in {""axis"", ""dim"", ""depth"", ""k"", ""num"", ""count"", ""window_length"", ""fft_length"", ""sequence_length"", ""sequence_stride"", ""num_bits"", ""block_size"", ""kth""}:
    ^^^^
SyntaxError: invalid syntax",ea41b8f0203e4772,stage4/results/tensorflow-thesis-all-coverage/execution_results/tensorflow.signal.ifftshift.results.json,stage4/results/tensorflow-thesis-all-coverage/failure.csv,
tensorflow,tensorflow.signal.kaiser_bessel_derived_window,stage4_coverage,selected_function_line_coverage_percent=0 < 60,selected_function_line_coverage_percent=0 < 60,081de1eb5d13a0c6,,stage4/results/tensorflow-thesis-all-coverage/low_coverage.csv,
tensorflow,tensorflow.signal.kaiser_bessel_derived_window,stage4_runtime,WorkerCrash,"Traceback (most recent call last):
  File ""<frozen runpy>"", line 198, in _run_module_as_main
  File ""<frozen runpy>"", line 88, in _run_code
  File ""/Users/aryansg/Desktop/DeepFuzz/stage4/stage4_worker.py"", line 27, in <module>
    from json2init.deepfuzz_common import (  # noqa: E402
    ...<7 lines>...
    )
  File ""/Users/aryansg/Desktop/DeepFuzz/json2init/deepfuzz_common.py"", line 321
    elif lname in {""axis"", ""dim"", ""depth"", ""k"", ""num"", ""count"", ""window_length"", ""fft_length"", ""sequence_length"", ""sequence_stride"", ""num_bits"", ""block_size"", ""kth""}:
    ^^^^
SyntaxError: invalid syntax",60925d01d99077ab,stage4/results/tensorflow-thesis-all-coverage/execution_results/tensorflow.signal.kaiser_bessel_derived_window.results.json,stage4/results/tensorflow-thesis-all-coverage/failure.csv,
tensorflow,tensorflow.signal.kaiser_bessel_derived_window,stage4_coverage,uncovered_api,Stage 4 did not cover API; valid_programs=0 bugs=0,f1be50f8168f6d87,stage4/results/tensorflow-thesis-all-coverage/coverage_report.json,stage4/results/tensorflow-thesis-all-coverage/coverage_report.json,
tensorflow,tensorflow.signal.kaiser_window,stage4_coverage,selected_function_line_coverage_percent=0 < 60,selected_function_line_coverage_percent=0 < 60,100f715a1803fc2c,,stage4/results/tensorflow-thesis-all-coverage/low_coverage.csv,
tensorflow,tensorflow.signal.kaiser_window,stage4_coverage,uncovered_api,Stage 4 did not cover API; valid_programs=0 bugs=0,4e6c66b86a4fbc61,stage4/results/tensorflow-thesis-all-coverage/coverage_report.json,stage4/results/tensorflow-thesis-all-coverage/coverage_report.json,
tensorflow,tensorflow.signal.kaiser_window,stage4_runtime,WorkerCrash,"Traceback (most recent call last):
  File ""<frozen runpy>"", line 198, in _run_module_as_main
  File ""<frozen runpy>"", line 88, in _run_code
  File ""/Users/aryansg/Desktop/DeepFuzz/stage4/stage4_worker.py"", line 27, in <module>
    from json2init.deepfuzz_common import (  # noqa: E402
    ...<7 lines>...
    )
  File ""/Users/aryansg/Desktop/DeepFuzz/json2init/deepfuzz_common.py"", line 321
    elif lname in {""axis"", ""dim"", ""depth"", ""k"", ""num"", ""count"", ""window_length"", ""fft_length"", ""sequence_length"", ""sequence_stride"", ""num_bits"", ""block_size"", ""kth""}:
    ^^^^
SyntaxError: invalid syntax",b63810aabefac85b,stage4/results/tensorflow-thesis-all-coverage/execution_results/tensorflow.signal.kaiser_window.results.json,stage4/results/tensorflow-thesis-all-coverage/failure.csv,
tensorflow,tensorflow.signal.linear_to_mel_weight_matrix,stage4_coverage,selected_function_line_coverage_percent=0 < 60,selected_function_line_coverage_percent=0 < 60,265a02ae26d9e33c,,stage4/results/tensorflow-thesis-all-coverage/low_coverage.csv,
tensorflow,tensorflow.signal.linear_to_mel_weight_matrix,stage4_runtime,WorkerCrash,"Traceback (most recent call last):
  File ""<frozen runpy>"", line 198, in _run_module_as_main
  File ""<frozen runpy>"", line 88, in _run_code
  File ""/Users/aryansg/Desktop/DeepFuzz/stage4/stage4_worker.py"", line 27, in <module>
    from json2init.deepfuzz_common import (  # noqa: E402
    ...<7 lines>...
    )
  File ""/Users/aryansg/Desktop/DeepFuzz/json2init/deepfuzz_common.py"", line 321
    elif lname in {""axis"", ""dim"", ""depth"", ""k"", ""num"", ""count"", ""window_length"", ""fft_length"", ""sequence_length"", ""sequence_stride"", ""num_bits"", ""block_size"", ""kth""}:
    ^^^^
SyntaxError: invalid syntax",2e94cc963c4cfdc2,stage4/results/tensorflow-thesis-all-coverage/execution_results/tensorflow.signal.linear_to_mel_weight_matrix.results.json,stage4/results/tensorflow-thesis-all-coverage/failure.csv,
tensorflow,tensorflow.signal.linear_to_mel_weight_matrix,stage4_coverage,uncovered_api,Stage 4 did not cover API; valid_programs=0 bugs=0,9baec20385cf0f78,stage4/results/tensorflow-thesis-all-coverage/coverage_report.json,stage4/results/tensorflow-thesis-all-coverage/coverage_report.json,
tensorflow,tensorflow.signal.vorbis_window,stage4_coverage,uncovered_api,Stage 4 did not cover API; valid_programs=0 bugs=0,09e87cc132977ccd,stage4/results/tensorflow-thesis-all-coverage/coverage_report.json,stage4/results/tensorflow-thesis-all-coverage/coverage_report.json,
tensorflow,tensorflow.signal.vorbis_window,stage4_runtime,WorkerCrash,"Traceback (most recent call last):
  File ""<frozen runpy>"", line 198, in _run_module_as_main
  File ""<frozen runpy>"", line 88, in _run_code
  File ""/Users/aryansg/Desktop/DeepFuzz/stage4/stage4_worker.py"", line 27, in <module>
    from json2init.deepfuzz_common import (  # noqa: E402
    ...<7 lines>...
    )
  File ""/Users/aryansg/Desktop/DeepFuzz/json2init/deepfuzz_common.py"", line 321
    elif lname in {""axis"", ""dim"", ""depth"", ""k"", ""num"", ""count"", ""window_length"", ""fft_length"", ""sequence_length"", ""sequence_stride"", ""num_bits"", ""block_size"", ""kth""}:
    ^^^^
SyntaxError: invalid syntax",43c1956b7d309fbf,stage4/results/tensorflow-thesis-all-coverage/execution_results/tensorflow.signal.vorbis_window.results.json,stage4/results/tensorflow-thesis-all-coverage/failure.csv,
tensorflow,tensorflow.signal.vorbis_window,stage4_coverage,selected_function_line_coverage_percent=0 < 60,selected_function_line_coverage_percent=0 < 60,ae5f7cb8f9944094,,stage4/results/tensorflow-thesis-all-coverage/low_coverage.csv,
tensorflow,tensorflow.sinh,stage4_coverage,selected_function_line_coverage_percent=0 < 60,selected_function_line_coverage_percent=0 < 60,4ff7ff9e62b1eb20,,stage4/results/tensorflow-thesis-all-coverage/low_coverage.csv,
tensorflow,tensorflow.sinh,stage4_runtime,WorkerCrash,"Traceback (most recent call last):
  File ""<frozen runpy>"", line 198, in _run_module_as_main
  File ""<frozen runpy>"", line 88, in _run_code
  File ""/Users/aryansg/Desktop/DeepFuzz/stage4/stage4_worker.py"", line 27, in <module>
    from json2init.deepfuzz_common import (  # noqa: E402
    ...<7 lines>...
    )
  File ""/Users/aryansg/Desktop/DeepFuzz/json2init/deepfuzz_common.py"", line 321
    elif lname in {""axis"", ""dim"", ""depth"", ""k"", ""num"", ""count"", ""window_length"", ""fft_length"", ""sequence_length"", ""sequence_stride"", ""num_bits"", ""block_size"", ""kth""}:
    ^^^^
SyntaxError: invalid syntax",deec495d3666308e,stage4/results/tensorflow-thesis-all-coverage/execution_results/tensorflow.sinh.results.json,stage4/results/tensorflow-thesis-all-coverage/failure.csv,
tensorflow,tensorflow.sinh,stage4_coverage,uncovered_api,Stage 4 did not cover API; valid_programs=0 bugs=0,f7e5d8feb2f84306,stage4/results/tensorflow-thesis-all-coverage/coverage_report.json,stage4/results/tensorflow-thesis-all-coverage/coverage_report.json,
tensorflow,tensorflow.size,stage4_runtime,WorkerCrash,"Traceback (most recent call last):
  File ""<frozen runpy>"", line 198, in _run_module_as_main
  File ""<frozen runpy>"", line 88, in _run_code
  File ""/Users/aryansg/Desktop/DeepFuzz/stage4/stage4_worker.py"", line 27, in <module>
    from json2init.deepfuzz_common import (  # noqa: E402
    ...<7 lines>...
    )
  File ""/Users/aryansg/Desktop/DeepFuzz/json2init/deepfuzz_common.py"", line 321
    elif lname in {""axis"", ""dim"", ""depth"", ""k"", ""num"", ""count"", ""window_length"", ""fft_length"", ""sequence_length"", ""sequence_stride"", ""num_bits"", ""block_size"", ""kth""}:
    ^^^^
SyntaxError: invalid syntax",8b44f672d0aa2be6,stage4/results/tensorflow-thesis-all-coverage/execution_results/tensorflow.size.results.json,stage4/results/tensorflow-thesis-all-coverage/failure.csv,
tensorflow,tensorflow.size,stage4_coverage,uncovered_api,Stage 4 did not cover API; valid_programs=0 bugs=0,b0f489419240bfdd,stage4/results/tensorflow-thesis-all-coverage/coverage_report.json,stage4/results/tensorflow-thesis-all-coverage/coverage_report.json,
tensorflow,tensorflow.size,stage4_coverage,selected_function_line_coverage_percent=0 < 60,selected_function_line_coverage_percent=0 < 60,ce09d6c644f0dadf,,stage4/results/tensorflow-thesis-all-coverage/low_coverage.csv,
tensorflow,tensorflow.sort,stage4_runtime,WorkerCrash,"Traceback (most recent call last):
  File ""<frozen runpy>"", line 198, in _run_module_as_main
  File ""<frozen runpy>"", line 88, in _run_code
  File ""/Users/aryansg/Desktop/DeepFuzz/stage4/stage4_worker.py"", line 27, in <module>
    from json2init.deepfuzz_common import (  # noqa: E402
    ...<7 lines>...
    )
  File ""/Users/aryansg/Desktop/DeepFuzz/json2init/deepfuzz_common.py"", line 321
    elif lname in {""axis"", ""dim"", ""depth"", ""k"", ""num"", ""count"", ""window_length"", ""fft_length"", ""sequence_length"", ""sequence_stride"", ""num_bits"", ""block_size"", ""kth""}:
    ^^^^
SyntaxError: invalid syntax",295b11a6d8182529,stage4/results/tensorflow-thesis-all-coverage/execution_results/tensorflow.sort.results.json,stage4/results/tensorflow-thesis-all-coverage/failure.csv,
tensorflow,tensorflow.sort,stage4_coverage,uncovered_api,Stage 4 did not cover API; valid_programs=0 bugs=0,b59152c122462bd5,stage4/results/tensorflow-thesis-all-coverage/coverage_report.json,stage4/results/tensorflow-thesis-all-coverage/coverage_report.json,
tensorflow,tensorflow.sort,stage4_coverage,selected_function_line_coverage_percent=0 < 60,selected_function_line_coverage_percent=0 < 60,c4a0d099fbfac2c3,,stage4/results/tensorflow-thesis-all-coverage/low_coverage.csv,
tensorflow,tensorflow.space_to_batch,stage4_coverage,uncovered_api,Stage 4 did not cover API; valid_programs=0 bugs=0,8048f871bb1b69f7,stage4/results/tensorflow-thesis-all-coverage/coverage_report.json,stage4/results/tensorflow-thesis-all-coverage/coverage_report.json,
tensorflow,tensorflow.space_to_batch,stage4_coverage,selected_function_line_coverage_percent=0 < 60,selected_function_line_coverage_percent=0 < 60,bf03b33c08c253ad,,stage4/results/tensorflow-thesis-all-coverage/low_coverage.csv,
tensorflow,tensorflow.space_to_batch,stage4_runtime,WorkerCrash,"Traceback (most recent call last):
  File ""<frozen runpy>"", line 198, in _run_module_as_main
  File ""<frozen runpy>"", line 88, in _run_code
  File ""/Users/aryansg/Desktop/DeepFuzz/stage4/stage4_worker.py"", line 27, in <module>
    from json2init.deepfuzz_common import (  # noqa: E402
    ...<7 lines>...
    )
  File ""/Users/aryansg/Desktop/DeepFuzz/json2init/deepfuzz_common.py"", line 321
    elif lname in {""axis"", ""dim"", ""depth"", ""k"", ""num"", ""count"", ""window_length"", ""fft_length"", ""sequence_length"", ""sequence_stride"", ""num_bits"", ""block_size"", ""kth""}:
    ^^^^
SyntaxError: invalid syntax",f67b73baedecb675,stage4/results/tensorflow-thesis-all-coverage/execution_results/tensorflow.space_to_batch.results.json,stage4/results/tensorflow-thesis-all-coverage/failure.csv,
tensorflow,tensorflow.space_to_batch_nd,stage4_coverage,uncovered_api,Stage 4 did not cover API; valid_programs=0 bugs=0,12d2284287a5e4bd,stage4/results/tensorflow-thesis-all-coverage/coverage_report.json,stage4/results/tensorflow-thesis-all-coverage/coverage_report.json,
tensorflow,tensorflow.space_to_batch_nd,stage4_runtime,WorkerCrash,"Traceback (most recent call last):
  File ""<frozen runpy>"", line 198, in _run_module_as_main
  File ""<frozen runpy>"", line 88, in _run_code
  File ""/Users/aryansg/Desktop/DeepFuzz/stage4/stage4_worker.py"", line 27, in <module>
    from json2init.deepfuzz_common import (  # noqa: E402
    ...<7 lines>...
    )
  File ""/Users/aryansg/Desktop/DeepFuzz/json2init/deepfuzz_common.py"", line 321
    elif lname in {""axis"", ""dim"", ""depth"", ""k"", ""num"", ""count"", ""window_length"", ""fft_length"", ""sequence_length"", ""sequence_stride"", ""num_bits"", ""block_size"", ""kth""}:
    ^^^^
SyntaxError: invalid syntax",9d41744642c0aca6,stage4/results/tensorflow-thesis-all-coverage/execution_results/tensorflow.space_to_batch_nd.results.json,stage4/results/tensorflow-thesis-all-coverage/failure.csv,
tensorflow,tensorflow.space_to_batch_nd,stage4_coverage,selected_function_line_coverage_percent=0 < 60,selected_function_line_coverage_percent=0 < 60,e400c362698e110d,,stage4/results/tensorflow-thesis-all-coverage/low_coverage.csv,
tensorflow,tensorflow.sparse.eye,stage4_runtime,WorkerCrash,"Traceback (most recent call last):
  File ""<frozen runpy>"", line 198, in _run_module_as_main
  File ""<frozen runpy>"", line 88, in _run_code
  File ""/Users/aryansg/Desktop/DeepFuzz/stage4/stage4_worker.py"", line 27, in <module>
    from json2init.deepfuzz_common import (  # noqa: E402
    ...<7 lines>...
    )
  File ""/Users/aryansg/Desktop/DeepFuzz/json2init/deepfuzz_common.py"", line 321
    elif lname in {""axis"", ""dim"", ""depth"", ""k"", ""num"", ""count"", ""window_length"", ""fft_length"", ""sequence_length"", ""sequence_stride"", ""num_bits"", ""block_size"", ""kth""}:
    ^^^^
SyntaxError: invalid syntax",b1d6bd4048eb0db4,stage4/results/tensorflow-thesis-all-coverage/execution_results/tensorflow.sparse.eye.results.json,stage4/results/tensorflow-thesis-all-coverage/failure.csv,
tensorflow,tensorflow.sparse.eye,stage4_coverage,selected_function_line_coverage_percent=0 < 60,selected_function_line_coverage_percent=0 < 60,cddaae1f584d7b76,,stage4/results/tensorflow-thesis-all-coverage/low_coverage.csv,
tensorflow,tensorflow.sparse.eye,stage4_coverage,uncovered_api,Stage 4 did not cover API; valid_programs=0 bugs=0,f50d7df6d3034c37,stage4/results/tensorflow-thesis-all-coverage/coverage_report.json,stage4/results/tensorflow-thesis-all-coverage/coverage_report.json,
tensorflow,tensorflow.squeeze,stage4_coverage,selected_function_line_coverage_percent=0 < 60,selected_function_line_coverage_percent=0 < 60,11a6d778eeb9bfbc,,stage4/results/tensorflow-thesis-all-coverage/low_coverage.csv,
tensorflow,tensorflow.squeeze,stage4_coverage,uncovered_api,Stage 4 did not cover API; valid_programs=0 bugs=0,294d734c21902625,stage4/results/tensorflow-thesis-all-coverage/coverage_report.json,stage4/results/tensorflow-thesis-all-coverage/coverage_report.json,
tensorflow,tensorflow.squeeze,stage4_runtime,WorkerCrash,"Traceback (most recent call last):
  File ""<frozen runpy>"", line 198, in _run_module_as_main
  File ""<frozen runpy>"", line 88, in _run_code
  File ""/Users/aryansg/Desktop/DeepFuzz/stage4/stage4_worker.py"", line 27, in <module>
    from json2init.deepfuzz_common import (  # noqa: E402
    ...<7 lines>...
    )
  File ""/Users/aryansg/Desktop/DeepFuzz/json2init/deepfuzz_common.py"", line 321
    elif lname in {""axis"", ""dim"", ""depth"", ""k"", ""num"", ""count"", ""window_length"", ""fft_length"", ""sequence_length"", ""sequence_stride"", ""num_bits"", ""block_size"", ""kth""}:
    ^^^^
SyntaxError: invalid syntax",8b33655314e9ee37,stage4/results/tensorflow-thesis-all-coverage/execution_results/tensorflow.squeeze.results.json,stage4/results/tensorflow-thesis-all-coverage/failure.csv,
tensorflow,tensorflow.stack,stage4_runtime,WorkerCrash,"Traceback (most recent call last):
  File ""<frozen runpy>"", line 198, in _run_module_as_main
  File ""<frozen runpy>"", line 88, in _run_code
  File ""/Users/aryansg/Desktop/DeepFuzz/stage4/stage4_worker.py"", line 27, in <module>
    from json2init.deepfuzz_common import (  # noqa: E402
    ...<7 lines>...
    )
  File ""/Users/aryansg/Desktop/DeepFuzz/json2init/deepfuzz_common.py"", line 321
    elif lname in {""axis"", ""dim"", ""depth"", ""k"", ""num"", ""count"", ""window_length"", ""fft_length"", ""sequence_length"", ""sequence_stride"", ""num_bits"", ""block_size"", ""kth""}:
    ^^^^
SyntaxError: invalid syntax",447b719b540001c1,stage4/results/tensorflow-thesis-all-coverage/execution_results/tensorflow.stack.results.json,stage4/results/tensorflow-thesis-all-coverage/failure.csv,
tensorflow,tensorflow.stack,stage4_coverage,uncovered_api,Stage 4 did not cover API; valid_programs=0 bugs=0,bc7baa1afcfa0d78,stage4/results/tensorflow-thesis-all-coverage/coverage_report.json,stage4/results/tensorflow-thesis-all-coverage/coverage_report.json,
tensorflow,tensorflow.stack,stage4_coverage,selected_function_line_coverage_percent=0 < 60,selected_function_line_coverage_percent=0 < 60,f90fec30b43878b2,,stage4/results/tensorflow-thesis-all-coverage/low_coverage.csv,
tensorflow,tensorflow.strings.as_string,stage4_runtime,WorkerCrash,"Traceback (most recent call last):
  File ""<frozen runpy>"", line 198, in _run_module_as_main
  File ""<frozen runpy>"", line 88, in _run_code
  File ""/Users/aryansg/Desktop/DeepFuzz/stage4/stage4_worker.py"", line 27, in <module>
    from json2init.deepfuzz_common import (  # noqa: E402
    ...<7 lines>...
    )
  File ""/Users/aryansg/Desktop/DeepFuzz/json2init/deepfuzz_common.py"", line 321
    elif lname in {""axis"", ""dim"", ""depth"", ""k"", ""num"", ""count"", ""window_length"", ""fft_length"", ""sequence_length"", ""sequence_stride"", ""num_bits"", ""block_size"", ""kth""}:
    ^^^^
SyntaxError: invalid syntax",34fdbbf47332688a,stage4/results/tensorflow-thesis-all-coverage/execution_results/tensorflow.strings.as_string.results.json,stage4/results/tensorflow-thesis-all-coverage/failure.csv,
tensorflow,tensorflow.strings.as_string,stage4_coverage,uncovered_api,Stage 4 did not cover API; valid_programs=0 bugs=0,6bac243ae4488dfb,stage4/results/tensorflow-thesis-all-coverage/coverage_report.json,stage4/results/tensorflow-thesis-all-coverage/coverage_report.json,
tensorflow,tensorflow.strings.as_string,stage4_coverage,selected_function_line_coverage_percent=0 < 60,selected_function_line_coverage_percent=0 < 60,e915b5b37b3ef5eb,,stage4/results/tensorflow-thesis-all-coverage/low_coverage.csv,
tensorflow,tensorflow.strings.join,stage4_coverage,selected_function_line_coverage_percent=0 < 60,selected_function_line_coverage_percent=0 < 60,6496d1d2d6082a3c,,stage4/results/tensorflow-thesis-all-coverage/low_coverage.csv,
tensorflow,tensorflow.strings.join,stage4_coverage,uncovered_api,Stage 4 did not cover API; valid_programs=0 bugs=0,85186ab2805e414f,stage4/results/tensorflow-thesis-all-coverage/coverage_report.json,stage4/results/tensorflow-thesis-all-coverage/coverage_report.json,
tensorflow,tensorflow.strings.join,stage4_runtime,WorkerCrash,"Traceback (most recent call last):
  File ""<frozen runpy>"", line 198, in _run_module_as_main
  File ""<frozen runpy>"", line 88, in _run_code
  File ""/Users/aryansg/Desktop/DeepFuzz/stage4/stage4_worker.py"", line 27, in <module>
    from json2init.deepfuzz_common import (  # noqa: E402
    ...<7 lines>...
    )
  File ""/Users/aryansg/Desktop/DeepFuzz/json2init/deepfuzz_common.py"", line 321
    elif lname in {""axis"", ""dim"", ""depth"", ""k"", ""num"", ""count"", ""window_length"", ""fft_length"", ""sequence_length"", ""sequence_stride"", ""num_bits"", ""block_size"", ""kth""}:
    ^^^^
SyntaxError: invalid syntax",d9da5d93753e91c2,stage4/results/tensorflow-thesis-all-coverage/execution_results/tensorflow.strings.join.results.json,stage4/results/tensorflow-thesis-all-coverage/failure.csv,
tensorflow,tensorflow.strings.length,stage4_coverage,selected_function_line_coverage_percent=0 < 60,selected_function_line_coverage_percent=0 < 60,1985dbea058e69ab,,stage4/results/tensorflow-thesis-all-coverage/low_coverage.csv,
tensorflow,tensorflow.strings.length,stage4_coverage,uncovered_api,Stage 4 did not cover API; valid_programs=0 bugs=0,a8b67d63d7ec5894,stage4/results/tensorflow-thesis-all-coverage/coverage_report.json,stage4/results/tensorflow-thesis-all-coverage/coverage_report.json,
tensorflow,tensorflow.strings.length,stage4_runtime,WorkerCrash,"Traceback (most recent call last):
  File ""<frozen runpy>"", line 198, in _run_module_as_main
  File ""<frozen runpy>"", line 88, in _run_code
  File ""/Users/aryansg/Desktop/DeepFuzz/stage4/stage4_worker.py"", line 27, in <module>
    from json2init.deepfuzz_common import (  # noqa: E402
    ...<7 lines>...
    )
  File ""/Users/aryansg/Desktop/DeepFuzz/json2init/deepfuzz_common.py"", line 321
    elif lname in {""axis"", ""dim"", ""depth"", ""k"", ""num"", ""count"", ""window_length"", ""fft_length"", ""sequence_length"", ""sequence_stride"", ""num_bits"", ""block_size"", ""kth""}:
    ^^^^
SyntaxError: invalid syntax",b791ba71e0db6048,stage4/results/tensorflow-thesis-all-coverage/execution_results/tensorflow.strings.length.results.json,stage4/results/tensorflow-thesis-all-coverage/failure.csv,
tensorflow,tensorflow.strings.lower,stage4_coverage,selected_function_line_coverage_percent=0 < 60,selected_function_line_coverage_percent=0 < 60,019e95f095f3a6d5,,stage4/results/tensorflow-thesis-all-coverage/low_coverage.csv,
tensorflow,tensorflow.strings.lower,stage4_coverage,uncovered_api,Stage 4 did not cover API; valid_programs=0 bugs=0,4b4827646709d04f,stage4/results/tensorflow-thesis-all-coverage/coverage_report.json,stage4/results/tensorflow-thesis-all-coverage/coverage_report.json,
tensorflow,tensorflow.strings.lower,stage4_runtime,WorkerCrash,"Traceback (most recent call last):
  File ""<frozen runpy>"", line 198, in _run_module_as_main
  File ""<frozen runpy>"", line 88, in _run_code
  File ""/Users/aryansg/Desktop/DeepFuzz/stage4/stage4_worker.py"", line 27, in <module>
    from json2init.deepfuzz_common import (  # noqa: E402
    ...<7 lines>...
    )
  File ""/Users/aryansg/Desktop/DeepFuzz/json2init/deepfuzz_common.py"", line 321
    elif lname in {""axis"", ""dim"", ""depth"", ""k"", ""num"", ""count"", ""window_length"", ""fft_length"", ""sequence_length"", ""sequence_stride"", ""num_bits"", ""block_size"", ""kth""}:
    ^^^^
SyntaxError: invalid syntax",901eb2efcd1ad7a2,stage4/results/tensorflow-thesis-all-coverage/execution_results/tensorflow.strings.lower.results.json,stage4/results/tensorflow-thesis-all-coverage/failure.csv,
tensorflow,tensorflow.strings.reduce_join,stage4_coverage,selected_function_line_coverage_percent=0 < 60,selected_function_line_coverage_percent=0 < 60,5f2a8df80ad1a28b,,stage4/results/tensorflow-thesis-all-coverage/low_coverage.csv,
tensorflow,tensorflow.strings.reduce_join,stage4_coverage,uncovered_api,Stage 4 did not cover API; valid_programs=0 bugs=0,9b8c71a443b1c0aa,stage4/results/tensorflow-thesis-all-coverage/coverage_report.json,stage4/results/tensorflow-thesis-all-coverage/coverage_report.json,
tensorflow,tensorflow.strings.reduce_join,stage4_runtime,WorkerCrash,"Traceback (most recent call last):
  File ""<frozen runpy>"", line 198, in _run_module_as_main
  File ""<frozen runpy>"", line 88, in _run_code
  File ""/Users/aryansg/Desktop/DeepFuzz/stage4/stage4_worker.py"", line 27, in <module>
    from json2init.deepfuzz_common import (  # noqa: E402
    ...<7 lines>...
    )
  File ""/Users/aryansg/Desktop/DeepFuzz/json2init/deepfuzz_common.py"", line 321
    elif lname in {""axis"", ""dim"", ""depth"", ""k"", ""num"", ""count"", ""window_length"", ""fft_length"", ""sequence_length"", ""sequence_stride"", ""num_bits"", ""block_size"", ""kth""}:
    ^^^^
SyntaxError: invalid syntax",e5164c54d035fee9,stage4/results/tensorflow-thesis-all-coverage/execution_results/tensorflow.strings.reduce_join.results.json,stage4/results/tensorflow-thesis-all-coverage/failure.csv,
tensorflow,tensorflow.strings.regex_full_match,stage4_runtime,WorkerCrash,"Traceback (most recent call last):
  File ""<frozen runpy>"", line 198, in _run_module_as_main
  File ""<frozen runpy>"", line 88, in _run_code
  File ""/Users/aryansg/Desktop/DeepFuzz/stage4/stage4_worker.py"", line 27, in <module>
    from json2init.deepfuzz_common import (  # noqa: E402
    ...<7 lines>...
    )
  File ""/Users/aryansg/Desktop/DeepFuzz/json2init/deepfuzz_common.py"", line 321
    elif lname in {""axis"", ""dim"", ""depth"", ""k"", ""num"", ""count"", ""window_length"", ""fft_length"", ""sequence_length"", ""sequence_stride"", ""num_bits"", ""block_size"", ""kth""}:
    ^^^^
SyntaxError: invalid syntax",3ecade2afa5c2d35,stage4/results/tensorflow-thesis-all-coverage/execution_results/tensorflow.strings.regex_full_match.results.json,stage4/results/tensorflow-thesis-all-coverage/failure.csv,
tensorflow,tensorflow.strings.regex_full_match,stage4_coverage,uncovered_api,Stage 4 did not cover API; valid_programs=0 bugs=0,9d19fa8b7755a431,stage4/results/tensorflow-thesis-all-coverage/coverage_report.json,stage4/results/tensorflow-thesis-all-coverage/coverage_report.json,
tensorflow,tensorflow.strings.regex_full_match,stage4_coverage,selected_function_line_coverage_percent=0 < 60,selected_function_line_coverage_percent=0 < 60,fb6aeaedbd6714ce,,stage4/results/tensorflow-thesis-all-coverage/low_coverage.csv,
tensorflow,tensorflow.strings.regex_replace,stage4_runtime,WorkerCrash,"Traceback (most recent call last):
  File ""<frozen runpy>"", line 198, in _run_module_as_main
  File ""<frozen runpy>"", line 88, in _run_code
  File ""/Users/aryansg/Desktop/DeepFuzz/stage4/stage4_worker.py"", line 27, in <module>
    from json2init.deepfuzz_common import (  # noqa: E402
    ...<7 lines>...
    )
  File ""/Users/aryansg/Desktop/DeepFuzz/json2init/deepfuzz_common.py"", line 321
    elif lname in {""axis"", ""dim"", ""depth"", ""k"", ""num"", ""count"", ""window_length"", ""fft_length"", ""sequence_length"", ""sequence_stride"", ""num_bits"", ""block_size"", ""kth""}:
    ^^^^
SyntaxError: invalid syntax",889655f50463b371,stage4/results/tensorflow-thesis-all-coverage/execution_results/tensorflow.strings.regex_replace.results.json,stage4/results/tensorflow-thesis-all-coverage/failure.csv,
tensorflow,tensorflow.strings.regex_replace,stage4_coverage,selected_function_line_coverage_percent=0 < 60,selected_function_line_coverage_percent=0 < 60,8e1ff7037b2f5aec,,stage4/results/tensorflow-thesis-all-coverage/low_coverage.csv,
tensorflow,tensorflow.strings.regex_replace,stage4_coverage,uncovered_api,Stage 4 did not cover API; valid_programs=0 bugs=0,b79d6eaa498735db,stage4/results/tensorflow-thesis-all-coverage/coverage_report.json,stage4/results/tensorflow-thesis-all-coverage/coverage_report.json,
tensorflow,tensorflow.strings.to_hash_bucket,stage4_runtime,WorkerCrash,"Traceback (most recent call last):
  File ""<frozen runpy>"", line 198, in _run_module_as_main
  File ""<frozen runpy>"", line 88, in _run_code
  File ""/Users/aryansg/Desktop/DeepFuzz/stage4/stage4_worker.py"", line 27, in <module>
    from json2init.deepfuzz_common import (  # noqa: E402
    ...<7 lines>...
    )
  File ""/Users/aryansg/Desktop/DeepFuzz/json2init/deepfuzz_common.py"", line 321
    elif lname in {""axis"", ""dim"", ""depth"", ""k"", ""num"", ""count"", ""window_length"", ""fft_length"", ""sequence_length"", ""sequence_stride"", ""num_bits"", ""block_size"", ""kth""}:
    ^^^^
SyntaxError: invalid syntax",69c808438234a938,stage4/results/tensorflow-thesis-all-coverage/execution_results/tensorflow.strings.to_hash_bucket.results.json,stage4/results/tensorflow-thesis-all-coverage/failure.csv,
tensorflow,tensorflow.strings.to_hash_bucket,stage4_coverage,selected_function_line_coverage_percent=0 < 60,selected_function_line_coverage_percent=0 < 60,6a5df87d42e3a567,,stage4/results/tensorflow-thesis-all-coverage/low_coverage.csv,
tensorflow,tensorflow.strings.to_hash_bucket,stage4_coverage,uncovered_api,Stage 4 did not cover API; valid_programs=0 bugs=0,d2c88e3b80ab0cdf,stage4/results/tensorflow-thesis-all-coverage/coverage_report.json,stage4/results/tensorflow-thesis-all-coverage/coverage_report.json,
tensorflow,tensorflow.strings.to_hash_bucket_fast,stage4_coverage,uncovered_api,Stage 4 did not cover API; valid_programs=0 bugs=0,a75a0b57900a204a,stage4/results/tensorflow-thesis-all-coverage/coverage_report.json,stage4/results/tensorflow-thesis-all-coverage/coverage_report.json,
tensorflow,tensorflow.strings.to_hash_bucket_fast,stage4_runtime,WorkerCrash,"Traceback (most recent call last):
  File ""<frozen runpy>"", line 198, in _run_module_as_main
  File ""<frozen runpy>"", line 88, in _run_code
  File ""/Users/aryansg/Desktop/DeepFuzz/stage4/stage4_worker.py"", line 27, in <module>
    from json2init.deepfuzz_common import (  # noqa: E402
    ...<7 lines>...
    )
  File ""/Users/aryansg/Desktop/DeepFuzz/json2init/deepfuzz_common.py"", line 321
    elif lname in {""axis"", ""dim"", ""depth"", ""k"", ""num"", ""count"", ""window_length"", ""fft_length"", ""sequence_length"", ""sequence_stride"", ""num_bits"", ""block_size"", ""kth""}:
    ^^^^
SyntaxError: invalid syntax",d668df441625bc3f,stage4/results/tensorflow-thesis-all-coverage/execution_results/tensorflow.strings.to_hash_bucket_fast.results.json,stage4/results/tensorflow-thesis-all-coverage/failure.csv,
tensorflow,tensorflow.strings.to_hash_bucket_fast,stage4_coverage,selected_function_line_coverage_percent=0 < 60,selected_function_line_coverage_percent=0 < 60,f2f9fd915275ac81,,stage4/results/tensorflow-thesis-all-coverage/low_coverage.csv,
tensorflow,tensorflow.strings.to_number,stage4_runtime,WorkerCrash,"Traceback (most recent call last):
  File ""<frozen runpy>"", line 198, in _run_module_as_main
  File ""<frozen runpy>"", line 88, in _run_code
  File ""/Users/aryansg/Desktop/DeepFuzz/stage4/stage4_worker.py"", line 27, in <module>
    from json2init.deepfuzz_common import (  # noqa: E402
    ...<7 lines>...
    )
  File ""/Users/aryansg/Desktop/DeepFuzz/json2init/deepfuzz_common.py"", line 321
    elif lname in {""axis"", ""dim"", ""depth"", ""k"", ""num"", ""count"", ""window_length"", ""fft_length"", ""sequence_length"", ""sequence_stride"", ""num_bits"", ""block_size"", ""kth""}:
    ^^^^
SyntaxError: invalid syntax",0adabf6b20a9a54b,stage4/results/tensorflow-thesis-all-coverage/execution_results/tensorflow.strings.to_number.results.json,stage4/results/tensorflow-thesis-all-coverage/failure.csv,
tensorflow,tensorflow.strings.to_number,stage4_coverage,selected_function_line_coverage_percent=0 < 60,selected_function_line_coverage_percent=0 < 60,6242a1a587df4328,,stage4/results/tensorflow-thesis-all-coverage/low_coverage.csv,
tensorflow,tensorflow.strings.to_number,stage4_coverage,uncovered_api,Stage 4 did not cover API; valid_programs=0 bugs=0,e59d9c045a5a7fd2,stage4/results/tensorflow-thesis-all-coverage/coverage_report.json,stage4/results/tensorflow-thesis-all-coverage/coverage_report.json,
tensorflow,tensorflow.strings.upper,stage4_coverage,uncovered_api,Stage 4 did not cover API; valid_programs=0 bugs=0,4010305d702044a2,stage4/results/tensorflow-thesis-all-coverage/coverage_report.json,stage4/results/tensorflow-thesis-all-coverage/coverage_report.json,
tensorflow,tensorflow.strings.upper,stage4_runtime,WorkerCrash,"Traceback (most recent call last):
  File ""<frozen runpy>"", line 198, in _run_module_as_main
  File ""<frozen runpy>"", line 88, in _run_code
  File ""/Users/aryansg/Desktop/DeepFuzz/stage4/stage4_worker.py"", line 27, in <module>
    from json2init.deepfuzz_common import (  # noqa: E402
    ...<7 lines>...
    )
  File ""/Users/aryansg/Desktop/DeepFuzz/json2init/deepfuzz_common.py"", line 321
    elif lname in {""axis"", ""dim"", ""depth"", ""k"", ""num"", ""count"", ""window_length"", ""fft_length"", ""sequence_length"", ""sequence_stride"", ""num_bits"", ""block_size"", ""kth""}:
    ^^^^
SyntaxError: invalid syntax",50c01dce06e8d72e,stage4/results/tensorflow-thesis-all-coverage/execution_results/tensorflow.strings.upper.results.json,stage4/results/tensorflow-thesis-all-coverage/failure.csv,
tensorflow,tensorflow.strings.upper,stage4_coverage,selected_function_line_coverage_percent=0 < 60,selected_function_line_coverage_percent=0 < 60,f784390b1a63754e,,stage4/results/tensorflow-thesis-all-coverage/low_coverage.csv,
tensorflow,tensorflow.subtract,stage4_runtime,WorkerCrash,"Traceback (most recent call last):
  File ""<frozen runpy>"", line 198, in _run_module_as_main
  File ""<frozen runpy>"", line 88, in _run_code
  File ""/Users/aryansg/Desktop/DeepFuzz/stage4/stage4_worker.py"", line 27, in <module>
    from json2init.deepfuzz_common import (  # noqa: E402
    ...<7 lines>...
    )
  File ""/Users/aryansg/Desktop/DeepFuzz/json2init/deepfuzz_common.py"", line 321
    elif lname in {""axis"", ""dim"", ""depth"", ""k"", ""num"", ""count"", ""window_length"", ""fft_length"", ""sequence_length"", ""sequence_stride"", ""num_bits"", ""block_size"", ""kth""}:
    ^^^^
SyntaxError: invalid syntax",6c718ff17222bb63,stage4/results/tensorflow-thesis-all-coverage/execution_results/tensorflow.subtract.results.json,stage4/results/tensorflow-thesis-all-coverage/failure.csv,
tensorflow,tensorflow.subtract,stage4_coverage,uncovered_api,Stage 4 did not cover API; valid_programs=0 bugs=0,a878effe43a764f9,stage4/results/tensorflow-thesis-all-coverage/coverage_report.json,stage4/results/tensorflow-thesis-all-coverage/coverage_report.json,
tensorflow,tensorflow.subtract,stage4_coverage,selected_function_line_coverage_percent=0 < 60,selected_function_line_coverage_percent=0 < 60,e00ececd814c8956,,stage4/results/tensorflow-thesis-all-coverage/low_coverage.csv,
tensorflow,tensorflow.transpose,stage4_runtime,WorkerCrash,"Traceback (most recent call last):
  File ""<frozen runpy>"", line 198, in _run_module_as_main
  File ""<frozen runpy>"", line 88, in _run_code
  File ""/Users/aryansg/Desktop/DeepFuzz/stage4/stage4_worker.py"", line 27, in <module>
    from json2init.deepfuzz_common import (  # noqa: E402
    ...<7 lines>...
    )
  File ""/Users/aryansg/Desktop/DeepFuzz/json2init/deepfuzz_common.py"", line 321
    elif lname in {""axis"", ""dim"", ""depth"", ""k"", ""num"", ""count"", ""window_length"", ""fft_length"", ""sequence_length"", ""sequence_stride"", ""num_bits"", ""block_size"", ""kth""}:
    ^^^^
SyntaxError: invalid syntax",2ea730f9db1e769f,stage4/results/tensorflow-thesis-all-coverage/execution_results/tensorflow.transpose.results.json,stage4/results/tensorflow-thesis-all-coverage/failure.csv,
tensorflow,tensorflow.transpose,stage4_coverage,selected_function_line_coverage_percent=0 < 60,selected_function_line_coverage_percent=0 < 60,4305e544bafc802b,,stage4/results/tensorflow-thesis-all-coverage/low_coverage.csv,
tensorflow,tensorflow.transpose,stage4_coverage,uncovered_api,Stage 4 did not cover API; valid_programs=0 bugs=0,c346d896eca07527,stage4/results/tensorflow-thesis-all-coverage/coverage_report.json,stage4/results/tensorflow-thesis-all-coverage/coverage_report.json,
tensorflow,tensorflow.truncatediv,stage4_runtime,WorkerCrash,"Traceback (most recent call last):
  File ""<frozen runpy>"", line 198, in _run_module_as_main
  File ""<frozen runpy>"", line 88, in _run_code
  File ""/Users/aryansg/Desktop/DeepFuzz/stage4/stage4_worker.py"", line 27, in <module>
    from json2init.deepfuzz_common import (  # noqa: E402
    ...<7 lines>...
    )
  File ""/Users/aryansg/Desktop/DeepFuzz/json2init/deepfuzz_common.py"", line 321
    elif lname in {""axis"", ""dim"", ""depth"", ""k"", ""num"", ""count"", ""window_length"", ""fft_length"", ""sequence_length"", ""sequence_stride"", ""num_bits"", ""block_size"", ""kth""}:
    ^^^^
SyntaxError: invalid syntax",3e30fc4b729eeca0,stage4/results/tensorflow-thesis-all-coverage/execution_results/tensorflow.truncatediv.results.json,stage4/results/tensorflow-thesis-all-coverage/failure.csv,
tensorflow,tensorflow.truncatediv,stage4_coverage,uncovered_api,Stage 4 did not cover API; valid_programs=0 bugs=0,40b1e8ab3b875f86,stage4/results/tensorflow-thesis-all-coverage/coverage_report.json,stage4/results/tensorflow-thesis-all-coverage/coverage_report.json,
tensorflow,tensorflow.truncatediv,stage4_coverage,selected_function_line_coverage_percent=0 < 60,selected_function_line_coverage_percent=0 < 60,96ec71adc718cacf,,stage4/results/tensorflow-thesis-all-coverage/low_coverage.csv,
tensorflow,tensorflow.truncatemod,stage4_runtime,WorkerCrash,"Traceback (most recent call last):
  File ""<frozen runpy>"", line 198, in _run_module_as_main
  File ""<frozen runpy>"", line 88, in _run_code
  File ""/Users/aryansg/Desktop/DeepFuzz/stage4/stage4_worker.py"", line 27, in <module>
    from json2init.deepfuzz_common import (  # noqa: E402
    ...<7 lines>...
    )
  File ""/Users/aryansg/Desktop/DeepFuzz/json2init/deepfuzz_common.py"", line 321
    elif lname in {""axis"", ""dim"", ""depth"", ""k"", ""num"", ""count"", ""window_length"", ""fft_length"", ""sequence_length"", ""sequence_stride"", ""num_bits"", ""block_size"", ""kth""}:
    ^^^^
SyntaxError: invalid syntax",01df1343fb5f300c,stage4/results/tensorflow-thesis-all-coverage/execution_results/tensorflow.truncatemod.results.json,stage4/results/tensorflow-thesis-all-coverage/failure.csv,
tensorflow,tensorflow.truncatemod,stage4_coverage,selected_function_line_coverage_percent=0 < 60,selected_function_line_coverage_percent=0 < 60,5efaa0856b4d79e5,,stage4/results/tensorflow-thesis-all-coverage/low_coverage.csv,
tensorflow,tensorflow.truncatemod,stage4_coverage,uncovered_api,Stage 4 did not cover API; valid_programs=0 bugs=0,dde917df6acba91c,stage4/results/tensorflow-thesis-all-coverage/coverage_report.json,stage4/results/tensorflow-thesis-all-coverage/coverage_report.json,
tensorflow,tensorflow.tuple,stage4_coverage,uncovered_api,Stage 4 did not cover API; valid_programs=0 bugs=0,6fb8726eeed2b2e6,stage4/results/tensorflow-thesis-all-coverage/coverage_report.json,stage4/results/tensorflow-thesis-all-coverage/coverage_report.json,
tensorflow,tensorflow.tuple,stage4_coverage,selected_function_line_coverage_percent=0 < 60,selected_function_line_coverage_percent=0 < 60,a36f9871e61e4240,,stage4/results/tensorflow-thesis-all-coverage/low_coverage.csv,
tensorflow,tensorflow.tuple,stage4_runtime,WorkerCrash,"Traceback (most recent call last):
  File ""<frozen runpy>"", line 198, in _run_module_as_main
  File ""<frozen runpy>"", line 88, in _run_code
  File ""/Users/aryansg/Desktop/DeepFuzz/stage4/stage4_worker.py"", line 27, in <module>
    from json2init.deepfuzz_common import (  # noqa: E402
    ...<7 lines>...
    )
  File ""/Users/aryansg/Desktop/DeepFuzz/json2init/deepfuzz_common.py"", line 321
    elif lname in {""axis"", ""dim"", ""depth"", ""k"", ""num"", ""count"", ""window_length"", ""fft_length"", ""sequence_length"", ""sequence_stride"", ""num_bits"", ""block_size"", ""kth""}:
    ^^^^
SyntaxError: invalid syntax",d030e947c9ce4851,stage4/results/tensorflow-thesis-all-coverage/execution_results/tensorflow.tuple.results.json,stage4/results/tensorflow-thesis-all-coverage/failure.csv,
tensorflow,tensorflow.type_spec_from_value,stage4_runtime,WorkerCrash,"Traceback (most recent call last):
  File ""<frozen runpy>"", line 198, in _run_module_as_main
  File ""<frozen runpy>"", line 88, in _run_code
  File ""/Users/aryansg/Desktop/DeepFuzz/stage4/stage4_worker.py"", line 27, in <module>
    from json2init.deepfuzz_common import (  # noqa: E402
    ...<7 lines>...
    )
  File ""/Users/aryansg/Desktop/DeepFuzz/json2init/deepfuzz_common.py"", line 321
    elif lname in {""axis"", ""dim"", ""depth"", ""k"", ""num"", ""count"", ""window_length"", ""fft_length"", ""sequence_length"", ""sequence_stride"", ""num_bits"", ""block_size"", ""kth""}:
    ^^^^
SyntaxError: invalid syntax",2cd75c68126e2b78,stage4/results/tensorflow-thesis-all-coverage/execution_results/tensorflow.type_spec_from_value.results.json,stage4/results/tensorflow-thesis-all-coverage/failure.csv,
tensorflow,tensorflow.type_spec_from_value,stage4_coverage,selected_function_line_coverage_percent=0 < 60,selected_function_line_coverage_percent=0 < 60,2fc828038eb1acb8,,stage4/results/tensorflow-thesis-all-coverage/low_coverage.csv,
tensorflow,tensorflow.type_spec_from_value,stage4_coverage,uncovered_api,Stage 4 did not cover API; valid_programs=0 bugs=0,63b01747a586908d,stage4/results/tensorflow-thesis-all-coverage/coverage_report.json,stage4/results/tensorflow-thesis-all-coverage/coverage_report.json,
tensorflow,tensorflow.unique,stage4_runtime,WorkerCrash,"Traceback (most recent call last):
  File ""<frozen runpy>"", line 198, in _run_module_as_main
  File ""<frozen runpy>"", line 88, in _run_code
  File ""/Users/aryansg/Desktop/DeepFuzz/stage4/stage4_worker.py"", line 27, in <module>
    from json2init.deepfuzz_common import (  # noqa: E402
    ...<7 lines>...
    )
  File ""/Users/aryansg/Desktop/DeepFuzz/json2init/deepfuzz_common.py"", line 321
    elif lname in {""axis"", ""dim"", ""depth"", ""k"", ""num"", ""count"", ""window_length"", ""fft_length"", ""sequence_length"", ""sequence_stride"", ""num_bits"", ""block_size"", ""kth""}:
    ^^^^
SyntaxError: invalid syntax",2546b846f52bd6d2,stage4/results/tensorflow-thesis-all-coverage/execution_results/tensorflow.unique.results.json,stage4/results/tensorflow-thesis-all-coverage/failure.csv,
tensorflow,tensorflow.unique,stage4_coverage,uncovered_api,Stage 4 did not cover API; valid_programs=0 bugs=0,2af140acb20b62e0,stage4/results/tensorflow-thesis-all-coverage/coverage_report.json,stage4/results/tensorflow-thesis-all-coverage/coverage_report.json,
tensorflow,tensorflow.unique,stage4_coverage,selected_function_line_coverage_percent=0 < 60,selected_function_line_coverage_percent=0 < 60,da13fb9580366ccc,,stage4/results/tensorflow-thesis-all-coverage/low_coverage.csv,
tensorflow,tensorflow.unique_with_counts,stage4_coverage,uncovered_api,Stage 4 did not cover API; valid_programs=0 bugs=0,5ddf359333a97315,stage4/results/tensorflow-thesis-all-coverage/coverage_report.json,stage4/results/tensorflow-thesis-all-coverage/coverage_report.json,
tensorflow,tensorflow.unique_with_counts,stage4_runtime,WorkerCrash,"Traceback (most recent call last):
  File ""<frozen runpy>"", line 198, in _run_module_as_main
  File ""<frozen runpy>"", line 88, in _run_code
  File ""/Users/aryansg/Desktop/DeepFuzz/stage4/stage4_worker.py"", line 27, in <module>
    from json2init.deepfuzz_common import (  # noqa: E402
    ...<7 lines>...
    )
  File ""/Users/aryansg/Desktop/DeepFuzz/json2init/deepfuzz_common.py"", line 321
    elif lname in {""axis"", ""dim"", ""depth"", ""k"", ""num"", ""count"", ""window_length"", ""fft_length"", ""sequence_length"", ""sequence_stride"", ""num_bits"", ""block_size"", ""kth""}:
    ^^^^
SyntaxError: invalid syntax",6ca6f6b026b5523e,stage4/results/tensorflow-thesis-all-coverage/execution_results/tensorflow.unique_with_counts.results.json,stage4/results/tensorflow-thesis-all-coverage/failure.csv,
tensorflow,tensorflow.unique_with_counts,stage4_coverage,selected_function_line_coverage_percent=0 < 60,selected_function_line_coverage_percent=0 < 60,8b71b3669c613a13,,stage4/results/tensorflow-thesis-all-coverage/low_coverage.csv,
tensorflow,tensorflow.unravel_index,stage4_coverage,uncovered_api,Stage 4 did not cover API; valid_programs=0 bugs=0,0ffb74cdcd8f26e1,stage4/results/tensorflow-thesis-all-coverage/coverage_report.json,stage4/results/tensorflow-thesis-all-coverage/coverage_report.json,
tensorflow,tensorflow.unravel_index,stage4_coverage,selected_function_line_coverage_percent=0 < 60,selected_function_line_coverage_percent=0 < 60,5dd3f02dc8f4758e,,stage4/results/tensorflow-thesis-all-coverage/low_coverage.csv,
tensorflow,tensorflow.unravel_index,stage4_runtime,WorkerCrash,"Traceback (most recent call last):
  File ""<frozen runpy>"", line 198, in _run_module_as_main
  File ""<frozen runpy>"", line 88, in _run_code
  File ""/Users/aryansg/Desktop/DeepFuzz/stage4/stage4_worker.py"", line 27, in <module>
    from json2init.deepfuzz_common import (  # noqa: E402
    ...<7 lines>...
    )
  File ""/Users/aryansg/Desktop/DeepFuzz/json2init/deepfuzz_common.py"", line 321
    elif lname in {""axis"", ""dim"", ""depth"", ""k"", ""num"", ""count"", ""window_length"", ""fft_length"", ""sequence_length"", ""sequence_stride"", ""num_bits"", ""block_size"", ""kth""}:
    ^^^^
SyntaxError: invalid syntax",f8d2d058415ff03c,stage4/results/tensorflow-thesis-all-coverage/execution_results/tensorflow.unravel_index.results.json,stage4/results/tensorflow-thesis-all-coverage/failure.csv,
tensorflow,tensorflow.unstack,stage4_coverage,uncovered_api,Stage 4 did not cover API; valid_programs=0 bugs=0,89c10bf63812778e,stage4/results/tensorflow-thesis-all-coverage/coverage_report.json,stage4/results/tensorflow-thesis-all-coverage/coverage_report.json,
tensorflow,tensorflow.unstack,stage4_runtime,WorkerCrash,"Traceback (most recent call last):
  File ""<frozen runpy>"", line 198, in _run_module_as_main
  File ""<frozen runpy>"", line 88, in _run_code
  File ""/Users/aryansg/Desktop/DeepFuzz/stage4/stage4_worker.py"", line 27, in <module>
    from json2init.deepfuzz_common import (  # noqa: E402
    ...<7 lines>...
    )
  File ""/Users/aryansg/Desktop/DeepFuzz/json2init/deepfuzz_common.py"", line 321
    elif lname in {""axis"", ""dim"", ""depth"", ""k"", ""num"", ""count"", ""window_length"", ""fft_length"", ""sequence_length"", ""sequence_stride"", ""num_bits"", ""block_size"", ""kth""}:
    ^^^^
SyntaxError: invalid syntax",93dccfbba5a8c20a,stage4/results/tensorflow-thesis-all-coverage/execution_results/tensorflow.unstack.results.json,stage4/results/tensorflow-thesis-all-coverage/failure.csv,
tensorflow,tensorflow.unstack,stage4_coverage,selected_function_line_coverage_percent=0 < 60,selected_function_line_coverage_percent=0 < 60,b8e8a8c333225172,,stage4/results/tensorflow-thesis-all-coverage/low_coverage.csv,
tensorflow,tensorflow.zeros,stage4_coverage,selected_function_line_coverage_percent=0 < 60,selected_function_line_coverage_percent=0 < 60,38f04b439d71d0fc,,stage4/results/tensorflow-thesis-all-coverage/low_coverage.csv,
tensorflow,tensorflow.zeros,stage4_runtime,WorkerCrash,"Traceback (most recent call last):
  File ""<frozen runpy>"", line 198, in _run_module_as_main
  File ""<frozen runpy>"", line 88, in _run_code
  File ""/Users/aryansg/Desktop/DeepFuzz/stage4/stage4_worker.py"", line 27, in <module>
    from json2init.deepfuzz_common import (  # noqa: E402
    ...<7 lines>...
    )
  File ""/Users/aryansg/Desktop/DeepFuzz/json2init/deepfuzz_common.py"", line 321
    elif lname in {""axis"", ""dim"", ""depth"", ""k"", ""num"", ""count"", ""window_length"", ""fft_length"", ""sequence_length"", ""sequence_stride"", ""num_bits"", ""block_size"", ""kth""}:
    ^^^^
SyntaxError: invalid syntax",39e260121eb9c5b3,stage4/results/tensorflow-thesis-all-coverage/execution_results/tensorflow.zeros.results.json,stage4/results/tensorflow-thesis-all-coverage/failure.csv,
tensorflow,tensorflow.zeros,stage4_coverage,uncovered_api,Stage 4 did not cover API; valid_programs=0 bugs=0,8a6860d68446af65,stage4/results/tensorflow-thesis-all-coverage/coverage_report.json,stage4/results/tensorflow-thesis-all-coverage/coverage_report.json,
tensorflow,tensorflow.zeros_like,stage4_coverage,uncovered_api,Stage 4 did not cover API; valid_programs=0 bugs=0,272c896dbc45388f,stage4/results/tensorflow-thesis-all-coverage/coverage_report.json,stage4/results/tensorflow-thesis-all-coverage/coverage_report.json,
tensorflow,tensorflow.zeros_like,stage4_runtime,WorkerCrash,"Traceback (most recent call last):
  File ""<frozen runpy>"", line 198, in _run_module_as_main
  File ""<frozen runpy>"", line 88, in _run_code
  File ""/Users/aryansg/Desktop/DeepFuzz/stage4/stage4_worker.py"", line 27, in <module>
    from json2init.deepfuzz_common import (  # noqa: E402
    ...<7 lines>...
    )
  File ""/Users/aryansg/Desktop/DeepFuzz/json2init/deepfuzz_common.py"", line 321
    elif lname in {""axis"", ""dim"", ""depth"", ""k"", ""num"", ""count"", ""window_length"", ""fft_length"", ""sequence_length"", ""sequence_stride"", ""num_bits"", ""block_size"", ""kth""}:
    ^^^^
SyntaxError: invalid syntax",6ee0059220a2bb0b,stage4/results/tensorflow-thesis-all-coverage/execution_results/tensorflow.zeros_like.results.json,stage4/results/tensorflow-thesis-all-coverage/failure.csv,
tensorflow,tensorflow.zeros_like,stage4_coverage,selected_function_line_coverage_percent=0 < 60,selected_function_line_coverage_percent=0 < 60,c570ce80a28312f6,,stage4/results/tensorflow-thesis-all-coverage/low_coverage.csv,
