api_full_name,api_doc_text
tensorflow.DeviceSpec.from_string,"Construct a `DeviceSpec` from a string.

    Args:
      spec: a string of the form
       /job:<name>/replica:<id>/task:<id>/device:CPU:<id> or
       /job:<name>/replica:<id>/task:<id>/device:GPU:<id> as cpu and gpu are
         mutually exclusive. All entries are optional.

    Returns:
      A DeviceSpec.
    "
tensorflow.DeviceSpec.replace,"Convenience method for making a new DeviceSpec by overriding fields.

    For instance:
    ```
    my_spec = DeviceSpec=(job=""my_job"", device=""CPU"")
    my_updated_spec = my_spec.replace(device=""GPU"")
    my_other_spec = my_spec.replace(device=None)
    ```

    Args:
      **kwargs: This method takes the same args as the DeviceSpec constructor

    Returns:
      A DeviceSpec with the fields specified in kwargs overridden.
    "
tensorflow.Graph.container,"Returns a context manager that specifies the resource container to use.

    Stateful operations, such as variables and queues, can maintain their
    states on devices so that they can be shared by multiple processes.
    A resource container is a string name under which these stateful
    operations are tracked. These resources can be released or cleared
    with `tf.Session.reset()`.

    For example:

    ```python
    with g.container('experiment0'):
      # All stateful Operations constructed in this context will be placed
      # in resource container ""experiment0"".
      v1 = tf.Variable([1.0])
      v2 = tf.Variable([2.0])
      with g.container(""experiment1""):
        # All stateful Operations constructed in this context will be
        # placed in resource container ""experiment1"".
        v3 = tf.Variable([3.0])
        q1 = tf.queue.FIFOQueue(10, tf.float32)
      # All stateful Operations constructed in this context will be
      # be created in the ""experiment0"".
      v4 = tf.Variable([4.0])
      q1 = tf.queue.FIFOQueue(20, tf.float32)
      with g.container(""""):
        # All stateful Operations constructed in this context will be
        # be placed in the default resource container.
        v5 = tf.Variable([5.0])
        q3 = tf.queue.FIFOQueue(30, tf.float32)

    # Resets container ""experiment0"", after which the state of v1, v2, v4, q1
    # will become undefined (such as uninitialized).
    tf.Session.reset(target, [""experiment0""])
    ```

    Args:
      container_name: container name string.

    Returns:
      A context manager for defining resource containers for stateful ops,
        yields the container name.
    "
tensorflow.Graph.get_collection,"Returns a list of values in the collection with the given `name`.

    This is different from `get_collection_ref()` which always returns the
    actual collection list if it exists in that it returns a new list each time
    it is called.

    Args:
      name: The key for the collection. For example, the `GraphKeys` class
        contains many standard names for collections.
      scope: (Optional.) A string. If supplied, the resulting list is filtered
        to include only items whose `name` attribute matches `scope` using
        `re.match`. Items without a `name` attribute are never returned if a
        scope is supplied. The choice of `re.match` means that a `scope` without
        special tokens filters by prefix.

    Returns:
      The list of values in the collection with the given `name`, or
      an empty list if no value has been added to that collection. The
      list contains the values in the order under which they were
      collected.
    "
tensorflow.Graph.get_collection_ref,"Returns a list of values in the collection with the given `name`.

    If the collection exists, this returns the list itself, which can
    be modified in place to change the collection.  If the collection does
    not exist, it is created as an empty list and the list is returned.

    This is different from `get_collection()` which always returns a copy of
    the collection list if it exists and never creates an empty collection.

    Args:
      name: The key for the collection. For example, the `GraphKeys` class
        contains many standard names for collections.

    Returns:
      The list of values in the collection with the given `name`, or an empty
      list if no value has been added to that collection.
    "
tensorflow.IndexedSlicesSpec.placeholder_value,"Value used for tracing a function signature with this TraceType.

    WARNING: Do not override.

    Args:
      placeholder_context: A class container for context information when
        creating a placeholder value.

    Returns:
      A `CompositeTensor` placeholder whose components are recursively composed
        of placeholders themselves.
    "
tensorflow.OptionalSpec.placeholder_value,"Value used for tracing a function signature with this TraceType.

    WARNING: Do not override.

    Args:
      placeholder_context: A class container for context information when
        creating a placeholder value.

    Returns:
      A `CompositeTensor` placeholder whose components are recursively composed
        of placeholders themselves.
    "
tensorflow.RaggedTensor.nested_row_lengths,"Returns a tuple containing the row_lengths for all ragged dimensions.

    `rt.nested_row_lengths()` is a tuple containing the `row_lengths` tensors
    for all ragged dimensions in `rt`, ordered from outermost to innermost.

    Args:
      name: A name prefix for the returned tensors (optional).

    Returns:
      A `tuple` of 1-D integer `Tensors`.  The length of the tuple is equal to
      `self.ragged_rank`.
    "
tensorflow.RaggedTensor.row_limits,"Returns the limit indices for rows in this ragged tensor.

    These indices specify where the values for each row end in
    `self.values`.  `rt.row_limits(self)` is equal to `rt.row_splits[:-1]`.

    Args:
      name: A name prefix for the returned tensor (optional).

    Returns:
      A 1-D integer Tensor with shape `[nrows]`.
      The returned tensor is nonnegative, and is sorted in ascending order.

    #### Example:

    >>> rt = tf.ragged.constant([[3, 1, 4, 1], [], [5, 9, 2], [6], []])
    >>> print(rt.values)
    tf.Tensor([3 1 4 1 5 9 2 6], shape=(8,), dtype=int32)
    >>> print(rt.row_limits())  # indices of row limits in rt.values
    tf.Tensor([4 4 7 8 8], shape=(5,), dtype=int64)

    "
tensorflow.RaggedTensor.row_starts,"Returns the start indices for rows in this ragged tensor.

    These indices specify where the values for each row begin in
    `self.values`.  `rt.row_starts()` is equal to `rt.row_splits[:-1]`.

    Args:
      name: A name prefix for the returned tensor (optional).

    Returns:
      A 1-D integer Tensor with shape `[nrows]`.
      The returned tensor is nonnegative, and is sorted in ascending order.

    #### Example:

    >>> rt = tf.ragged.constant([[3, 1, 4, 1], [], [5, 9, 2], [6], []])
    >>> print(rt.values)
    tf.Tensor([3 1 4 1 5 9 2 6], shape=(8,), dtype=int32)
    >>> print(rt.row_starts())  # indices of row starts in rt.values
    tf.Tensor([0 4 4 7 8], shape=(5,), dtype=int64)

    "
tensorflow.RaggedTensor.value_rowids,"Returns the row indices for the `values` in this ragged tensor.

    `rt.value_rowids()` corresponds one-to-one with the outermost dimension of
    `rt.values`, and specifies the row containing each value.  In particular,
    the row `rt[row]` consists of the values `rt.values[j]` where
    `rt.value_rowids()[j] == row`.

    Args:
      name: A name prefix for the returned tensor (optional).

    Returns:
      A 1-D integer `Tensor` with shape `self.values.shape[:1]`.
      The returned tensor is nonnegative, and is sorted in ascending order.

    #### Example:

    >>> rt = tf.ragged.constant([[3, 1, 4, 1], [], [5, 9, 2], [6], []])
    >>> print(rt.values)
    tf.Tensor([3 1 4 1 5 9 2 6], shape=(8,), dtype=int32)
    >>> print(rt.value_rowids())  # corresponds 1:1 with rt.values
    tf.Tensor([0 0 0 0 2 2 2 3], shape=(8,), dtype=int64)

    "
tensorflow.RaggedTensor.with_flat_values,"Returns a copy of `self` with `flat_values` replaced by `new_value`.

    Preserves cached row-partitioning tensors such as `self.cached_nrows` and
    `self.cached_value_rowids` if they have values.

    Args:
      new_values: Potentially ragged tensor that should replace
        `self.flat_values`.  Must have `rank > 0`, and must have the same number
        of rows as `self.flat_values`.

    Returns:
      A `RaggedTensor`.
      `result.rank = self.ragged_rank + new_values.rank`.
      `result.ragged_rank = self.ragged_rank + new_values.ragged_rank`.
    "
tensorflow.RaggedTensor.with_row_splits_dtype,"Returns a copy of this RaggedTensor with the given `row_splits` dtype.

    For RaggedTensors with multiple ragged dimensions, the `row_splits` for all
    nested `RaggedTensor` objects are cast to the given dtype.

    Args:
      dtype: The dtype for `row_splits`.  One of `tf.int32` or `tf.int64`.

    Returns:
      A copy of this RaggedTensor, with the `row_splits` cast to the given
      type.
    "
tensorflow.RaggedTensor.with_values,"Returns a copy of `self` with `values` replaced by `new_value`.

    Preserves cached row-partitioning tensors such as `self.cached_nrows` and
    `self.cached_value_rowids` if they have values.

    Args:
      new_values: Potentially ragged tensor to use as the `values` for the
        returned `RaggedTensor`.  Must have `rank > 0`, and must have the same
        number of rows as `self.values`.

    Returns:
      A `RaggedTensor`.  `result.rank = 1 + new_values.rank`.
      `result.ragged_rank = 1 + new_values.ragged_rank`
    "
tensorflow.RaggedTensorSpec.placeholder_value,"Value used for tracing a function signature with this TraceType.

    WARNING: Do not override.

    Args:
      placeholder_context: A class container for context information when
        creating a placeholder value.

    Returns:
      A `CompositeTensor` placeholder whose components are recursively composed
        of placeholders themselves.
    "
tensorflow.SparseTensor.eval,"Evaluates this sparse tensor in a `Session`.

    Calling this method will execute all preceding operations that
    produce the inputs needed for the operation that produces this
    tensor.

    *N.B.* Before invoking `SparseTensor.eval()`, its graph must have been
    launched in a session, and either a default session must be
    available, or `session` must be specified explicitly.

    Args:
      feed_dict: A dictionary that maps `Tensor` objects to feed values. See
        `tf.Session.run` for a description of the valid feed values.
      session: (Optional.) The `Session` to be used to evaluate this sparse
        tensor. If none, the default session will be used.

    Returns:
      A `SparseTensorValue` object.
    "
tensorflow.SparseTensorSpec.placeholder_value,"Value used for tracing a function signature with this TraceType.

    WARNING: Do not override.

    Args:
      placeholder_context: A class container for context information when
        creating a placeholder value.

    Returns:
      A `CompositeTensor` placeholder whose components are recursively composed
        of placeholders themselves.
    "
tensorflow.TensorArray.gather,"Return selected values in the TensorArray as a packed `Tensor`.

    All of selected values must have been written and their shapes
    must all match.

    Args:
      indices: A `1-D` `Tensor` taking values in `[0, max_value)`.  If the
        `TensorArray` is not dynamic, `max_value=size()`.
      name: A name for the operation (optional).

    Returns:
      The tensors in the `TensorArray` selected by `indices`, packed into one
      tensor.
    "
tensorflow.TensorArray.scatter,"Scatter the values of a `Tensor` in specific indices of a `TensorArray`.

Args:
  indices: A `1-D` `Tensor` taking values in `[0, max_value)`.  If the
    `TensorArray` is not dynamic, `max_value=size()`.
  value: (N+1)-D.  Tensor of type `dtype`.  The Tensor to unpack.
  name: A name for the operation (optional).

Returns:
  A new TensorArray object with flow that ensures the scatter occurs.
  Use this object for all subsequent operations.

Raises:
  ValueError: if the shape inference fails.


Note: The output of this function should be used. If it is not, a warning will be logged or an error may be raised. To mark the output as used, call its .mark_used() method."
tensorflow.TensorArraySpec.placeholder_value,"Value used for tracing a function signature with this TraceType.

    WARNING: Do not override.

    Args:
      placeholder_context: A class container for context information when
        creating a placeholder value.

    Returns:
      A `CompositeTensor` placeholder whose components are recursively composed
        of placeholders themselves.
    "
tensorflow.TensorShape.concatenate,"Returns the concatenation of the dimension in `self` and `other`.

    *N.B.* If either `self` or `other` is completely unknown,
    concatenation will discard information about the other shape. In
    future, we might support concatenation that preserves this
    information for use with slicing.

    Args:
      other: Another `TensorShape`.

    Returns:
      A `TensorShape` whose dimensions are the concatenation of the
      dimensions in `self` and `other`.
    "
tensorflow.TensorShape.merge_with,"Returns a `TensorShape` combining the information in `self` and `other`.

    The dimensions in `self` and `other` are merged element-wise,
    according to the rules below:

    ```python
    Dimension(n).merge_with(Dimension(None)) == Dimension(n)
    Dimension(None).merge_with(Dimension(n)) == Dimension(n)
    Dimension(None).merge_with(Dimension(None)) == Dimension(None)
    # raises ValueError for n != m
    Dimension(n).merge_with(Dimension(m))
    ```
    >> ts = tf.TensorShape([1,2])
    >> ot1 = tf.TensorShape([1,2])
    >> ts.merge_with(ot).as_list()
    [1,2]

    >> ot2 = tf.TensorShape([1,None])
    >> ts.merge_with(ot2).as_list()
    [1,2]

    >> ot3 = tf.TensorShape([None, None])
    >> ot3.merge_with(ot2).as_list()
    [1, None]

    Args:
      other: Another `TensorShape`.

    Returns:
      A `TensorShape` containing the combined information of `self` and
      `other`.

    Raises:
      ValueError: If `self` and `other` are not compatible.
    "
tensorflow.TypeSpec.placeholder_value,"Value used for tracing a function signature with this TraceType.

    WARNING: Do not override.

    Args:
      placeholder_context: A class container for context information when
        creating a placeholder value.

    Returns:
      A `CompositeTensor` placeholder whose components are recursively composed
        of placeholders themselves.
    "
tensorflow.Variable.to_proto,"Converts a `Variable` to a `VariableDef` protocol buffer.

    Args:
      export_scope: Optional `string`. Name scope to remove.

    Returns:
      A `VariableDef` protocol buffer, or `None` if the `Variable` is not
      in the specified name scope.
    "
tensorflow._api.v2.compat.as_bytes,"Converts `bytearray`, `bytes`, or unicode python input types to `bytes`.

  Uses utf-8 encoding for text by default.

  Args:
    bytes_or_text: A `bytearray`, `bytes`, `str`, or `unicode` object.
    encoding: A string indicating the charset for encoding unicode.

  Returns:
    A `bytes` object.

  Raises:
    TypeError: If `bytes_or_text` is not a binary or unicode string.
  "
tensorflow._api.v2.compat.as_text,"Converts any string-like python input types to unicode.

  Returns the input as a unicode string. Uses utf-8 encoding for text
  by default.

  Args:
    bytes_or_text: A `bytes`, `str`, or `unicode` object.
    encoding: A string indicating the charset for decoding unicode.

  Returns:
    A `unicode` (Python 2) or `str` (Python 3) object.

  Raises:
    TypeError: If `bytes_or_text` is not a binary or unicode string.
  "
tensorflow._api.v2.compat.v1.ConditionalAccumulator.num_accumulated,"Number of gradients that have currently been aggregated in accumulator.

    Args:
      name: Optional name for the operation.

    Returns:
      Number of accumulated gradients currently in accumulator.
    "
tensorflow._api.v2.compat.v1.ConditionalAccumulator.take_grad,"Attempts to extract the average gradient from the accumulator.

    The operation blocks until sufficient number of gradients have been
    successfully applied to the accumulator.

    Once successful, the following actions are also triggered:

    - Counter of accumulated gradients is reset to 0.
    - Aggregated gradient is reset to 0 tensor.
    - Accumulator's internal time step is incremented by 1.

    Args:
      num_required: Number of gradients that needs to have been aggregated
      name: Optional name for the operation

    Returns:
      A tensor holding the value of the average gradient.

    Raises:
      InvalidArgumentError: If num_required < 1
    "
tensorflow._api.v2.compat.v1.ConditionalAccumulatorBase.num_accumulated,"Number of gradients that have currently been aggregated in accumulator.

    Args:
      name: Optional name for the operation.

    Returns:
      Number of accumulated gradients currently in accumulator.
    "
tensorflow._api.v2.compat.v1.DeviceSpec.from_string,"Construct a `DeviceSpec` from a string.

    Args:
      spec: a string of the form
       /job:<name>/replica:<id>/task:<id>/device:CPU:<id> or
       /job:<name>/replica:<id>/task:<id>/device:GPU:<id> as cpu and gpu are
         mutually exclusive. All entries are optional.

    Returns:
      A DeviceSpec.
    "
tensorflow._api.v2.compat.v1.DeviceSpec.replace,"Convenience method for making a new DeviceSpec by overriding fields.

    For instance:
    ```
    my_spec = DeviceSpec=(job=""my_job"", device=""CPU"")
    my_updated_spec = my_spec.replace(device=""GPU"")
    my_other_spec = my_spec.replace(device=None)
    ```

    Args:
      **kwargs: This method takes the same args as the DeviceSpec constructor

    Returns:
      A DeviceSpec with the fields specified in kwargs overridden.
    "
tensorflow._api.v2.compat.v1.FIFOQueue.dequeue,"Dequeues one element from this queue.

    If the queue is empty when this operation executes, it will block
    until there is an element to dequeue.

    At runtime, this operation may raise an error if the queue is
    `tf.QueueBase.close` before or during its execution. If the
    queue is closed, the queue is empty, and there are no pending
    enqueue operations that can fulfill this request,
    `tf.errors.OutOfRangeError` will be raised. If the session is
    `tf.Session.close`,
    `tf.errors.CancelledError` will be raised.

    >>> q = tf.queue.FIFOQueue(capacity=2, dtypes=tf.int32)
    >>> q.enqueue(1)
    >>> q.enqueue(2)
    >>> q.dequeue()
    <tf.Tensor: shape=(), dtype=int32, numpy=1>
    >>> q.dequeue()
    <tf.Tensor: shape=(), dtype=int32, numpy=2>

    Args:
      name: A name for the operation (optional).

    Returns:
      The tuple of tensors that was dequeued.
    "
tensorflow._api.v2.compat.v1.FIFOQueue.from_list,"Create a queue using the queue reference from `queues[index]`.

    Args:
      index: An integer scalar tensor that determines the input that gets
        selected.
      queues: A list of `QueueBase` objects.

    Returns:
      A `QueueBase` object.

    Raises:
      TypeError: When `queues` is not a list of `QueueBase` objects,
        or when the data types of `queues` are not all the same.
    "
tensorflow._api.v2.compat.v1.FIFOQueue.size,"Compute the number of elements in this queue.

    >>> q = tf.queue.FIFOQueue(capacity=10, dtypes=tf.int32)
    >>> q.enqueue_many(tf.constant([1, 2, 3, 4], dtype=tf.int32))
    >>> q.size()
    <tf.Tensor: shape=(), dtype=int32, numpy=4>

    Args:
      name: A name for the operation (optional).

    Returns:
      A scalar tensor containing the number of elements in this queue.
    "
tensorflow._api.v2.compat.v1.PaddingFIFOQueue.dequeue,"Dequeues one element from this queue.

    If the queue is empty when this operation executes, it will block
    until there is an element to dequeue.

    At runtime, this operation may raise an error if the queue is
    `tf.QueueBase.close` before or during its execution. If the
    queue is closed, the queue is empty, and there are no pending
    enqueue operations that can fulfill this request,
    `tf.errors.OutOfRangeError` will be raised. If the session is
    `tf.Session.close`,
    `tf.errors.CancelledError` will be raised.

    >>> q = tf.queue.FIFOQueue(capacity=2, dtypes=tf.int32)
    >>> q.enqueue(1)
    >>> q.enqueue(2)
    >>> q.dequeue()
    <tf.Tensor: shape=(), dtype=int32, numpy=1>
    >>> q.dequeue()
    <tf.Tensor: shape=(), dtype=int32, numpy=2>

    Args:
      name: A name for the operation (optional).

    Returns:
      The tuple of tensors that was dequeued.
    "
tensorflow._api.v2.compat.v1.PaddingFIFOQueue.from_list,"Create a queue using the queue reference from `queues[index]`.

    Args:
      index: An integer scalar tensor that determines the input that gets
        selected.
      queues: A list of `QueueBase` objects.

    Returns:
      A `QueueBase` object.

    Raises:
      TypeError: When `queues` is not a list of `QueueBase` objects,
        or when the data types of `queues` are not all the same.
    "
tensorflow._api.v2.compat.v1.PaddingFIFOQueue.size,"Compute the number of elements in this queue.

    >>> q = tf.queue.FIFOQueue(capacity=10, dtypes=tf.int32)
    >>> q.enqueue_many(tf.constant([1, 2, 3, 4], dtype=tf.int32))
    >>> q.size()
    <tf.Tensor: shape=(), dtype=int32, numpy=4>

    Args:
      name: A name for the operation (optional).

    Returns:
      A scalar tensor containing the number of elements in this queue.
    "
tensorflow._api.v2.compat.v1.PriorityQueue.dequeue,"Dequeues one element from this queue.

    If the queue is empty when this operation executes, it will block
    until there is an element to dequeue.

    At runtime, this operation may raise an error if the queue is
    `tf.QueueBase.close` before or during its execution. If the
    queue is closed, the queue is empty, and there are no pending
    enqueue operations that can fulfill this request,
    `tf.errors.OutOfRangeError` will be raised. If the session is
    `tf.Session.close`,
    `tf.errors.CancelledError` will be raised.

    >>> q = tf.queue.FIFOQueue(capacity=2, dtypes=tf.int32)
    >>> q.enqueue(1)
    >>> q.enqueue(2)
    >>> q.dequeue()
    <tf.Tensor: shape=(), dtype=int32, numpy=1>
    >>> q.dequeue()
    <tf.Tensor: shape=(), dtype=int32, numpy=2>

    Args:
      name: A name for the operation (optional).

    Returns:
      The tuple of tensors that was dequeued.
    "
tensorflow._api.v2.compat.v1.PriorityQueue.from_list,"Create a queue using the queue reference from `queues[index]`.

    Args:
      index: An integer scalar tensor that determines the input that gets
        selected.
      queues: A list of `QueueBase` objects.

    Returns:
      A `QueueBase` object.

    Raises:
      TypeError: When `queues` is not a list of `QueueBase` objects,
        or when the data types of `queues` are not all the same.
    "
tensorflow._api.v2.compat.v1.PriorityQueue.size,"Compute the number of elements in this queue.

    >>> q = tf.queue.FIFOQueue(capacity=10, dtypes=tf.int32)
    >>> q.enqueue_many(tf.constant([1, 2, 3, 4], dtype=tf.int32))
    >>> q.size()
    <tf.Tensor: shape=(), dtype=int32, numpy=4>

    Args:
      name: A name for the operation (optional).

    Returns:
      A scalar tensor containing the number of elements in this queue.
    "
tensorflow._api.v2.compat.v1.QueueBase.dequeue,"Dequeues one element from this queue.

    If the queue is empty when this operation executes, it will block
    until there is an element to dequeue.

    At runtime, this operation may raise an error if the queue is
    `tf.QueueBase.close` before or during its execution. If the
    queue is closed, the queue is empty, and there are no pending
    enqueue operations that can fulfill this request,
    `tf.errors.OutOfRangeError` will be raised. If the session is
    `tf.Session.close`,
    `tf.errors.CancelledError` will be raised.

    >>> q = tf.queue.FIFOQueue(capacity=2, dtypes=tf.int32)
    >>> q.enqueue(1)
    >>> q.enqueue(2)
    >>> q.dequeue()
    <tf.Tensor: shape=(), dtype=int32, numpy=1>
    >>> q.dequeue()
    <tf.Tensor: shape=(), dtype=int32, numpy=2>

    Args:
      name: A name for the operation (optional).

    Returns:
      The tuple of tensors that was dequeued.
    "
tensorflow._api.v2.compat.v1.QueueBase.from_list,"Create a queue using the queue reference from `queues[index]`.

    Args:
      index: An integer scalar tensor that determines the input that gets
        selected.
      queues: A list of `QueueBase` objects.

    Returns:
      A `QueueBase` object.

    Raises:
      TypeError: When `queues` is not a list of `QueueBase` objects,
        or when the data types of `queues` are not all the same.
    "
tensorflow._api.v2.compat.v1.QueueBase.size,"Compute the number of elements in this queue.

    >>> q = tf.queue.FIFOQueue(capacity=10, dtypes=tf.int32)
    >>> q.enqueue_many(tf.constant([1, 2, 3, 4], dtype=tf.int32))
    >>> q.size()
    <tf.Tensor: shape=(), dtype=int32, numpy=4>

    Args:
      name: A name for the operation (optional).

    Returns:
      A scalar tensor containing the number of elements in this queue.
    "
tensorflow._api.v2.compat.v1.RandomShuffleQueue.dequeue,"Dequeues one element from this queue.

    If the queue is empty when this operation executes, it will block
    until there is an element to dequeue.

    At runtime, this operation may raise an error if the queue is
    `tf.QueueBase.close` before or during its execution. If the
    queue is closed, the queue is empty, and there are no pending
    enqueue operations that can fulfill this request,
    `tf.errors.OutOfRangeError` will be raised. If the session is
    `tf.Session.close`,
    `tf.errors.CancelledError` will be raised.

    >>> q = tf.queue.FIFOQueue(capacity=2, dtypes=tf.int32)
    >>> q.enqueue(1)
    >>> q.enqueue(2)
    >>> q.dequeue()
    <tf.Tensor: shape=(), dtype=int32, numpy=1>
    >>> q.dequeue()
    <tf.Tensor: shape=(), dtype=int32, numpy=2>

    Args:
      name: A name for the operation (optional).

    Returns:
      The tuple of tensors that was dequeued.
    "
tensorflow._api.v2.compat.v1.RandomShuffleQueue.from_list,"Create a queue using the queue reference from `queues[index]`.

    Args:
      index: An integer scalar tensor that determines the input that gets
        selected.
      queues: A list of `QueueBase` objects.

    Returns:
      A `QueueBase` object.

    Raises:
      TypeError: When `queues` is not a list of `QueueBase` objects,
        or when the data types of `queues` are not all the same.
    "
tensorflow._api.v2.compat.v1.RandomShuffleQueue.size,"Compute the number of elements in this queue.

    >>> q = tf.queue.FIFOQueue(capacity=10, dtypes=tf.int32)
    >>> q.enqueue_many(tf.constant([1, 2, 3, 4], dtype=tf.int32))
    >>> q.size()
    <tf.Tensor: shape=(), dtype=int32, numpy=4>

    Args:
      name: A name for the operation (optional).

    Returns:
      A scalar tensor containing the number of elements in this queue.
    "
tensorflow._api.v2.compat.v1.SparseConditionalAccumulator.num_accumulated,"Number of gradients that have currently been aggregated in accumulator.

    Args:
      name: Optional name for the operation.

    Returns:
      Number of accumulated gradients currently in accumulator.
    "
tensorflow._api.v2.compat.v1.SparseConditionalAccumulator.take_grad,"Attempts to extract the average gradient from the accumulator.

    The operation blocks until sufficient number of gradients have been
    successfully applied to the accumulator.

    Once successful, the following actions are also triggered:
    - Counter of accumulated gradients is reset to 0.
    - Aggregated gradient is reset to 0 tensor.
    - Accumulator's internal time step is incremented by 1.

    Args:
      num_required: Number of gradients that needs to have been aggregated
      name: Optional name for the operation

    Returns:
      A tuple of indices, values, and shape representing the average gradient.

    Raises:
      InvalidArgumentError: If `num_required` < 1
    "
tensorflow._api.v2.compat.v1.SparseConditionalAccumulator.take_indexed_slices_grad,"Attempts to extract the average gradient from the accumulator.

    The operation blocks until sufficient number of gradients have been
    successfully applied to the accumulator.

    Once successful, the following actions are also triggered:
    - Counter of accumulated gradients is reset to 0.
    - Aggregated gradient is reset to 0 tensor.
    - Accumulator's internal time step is incremented by 1.

    Args:
      num_required: Number of gradients that needs to have been aggregated
      name: Optional name for the operation

    Returns:
      An `IndexedSlices` holding the value of the average gradient.

    Raises:
      InvalidArgumentError: If `num_required` < 1
    "
tensorflow._api.v2.compat.v1.Variable.to_proto,"Converts a `Variable` to a `VariableDef` protocol buffer.

    Args:
      export_scope: Optional `string`. Name scope to remove.

    Returns:
      A `VariableDef` protocol buffer, or `None` if the `Variable` is not
      in the specified name scope.
    "
tensorflow.python.platform.flags.DEFINE_alias,"Defines an alias flag for an existing one.

  Args:
    name: str, the flag name.
    original_name: str, the original flag name.
    flag_values: :class:`FlagValues`, the FlagValues instance with which the
      flag will be registered. This should almost never need to be overridden.
    module_name: A string, the name of the module that defines this flag.

  Returns:
    a handle to defined flag.

  Raises:
    flags.FlagError:
      UnrecognizedFlagError: if the referenced flag doesn't exist.
      DuplicateFlagError: if the alias name has been used by some existing flag.
  "
tensorflow.python.platform.flags.DEFINE_flag,"Registers a :class:`Flag` object with a :class:`FlagValues` object.

  By default, the global :const:`FLAGS` ``FlagValue`` object is used.

  Typical users will use one of the more specialized DEFINE_xxx
  functions, such as :func:`DEFINE_string` or :func:`DEFINE_integer`.  But
  developers who need to create :class:`Flag` objects themselves should use
  this function to register their flags.

  Args:
    flag: :class:`Flag`, a flag that is key to the module.
    flag_values: :class:`FlagValues`, the ``FlagValues`` instance with which the
      flag will be registered. This should almost never need to be overridden.
    module_name: str, the name of the Python module declaring this flag. If not
      provided, it will be computed using the stack trace of this call.
    required: bool, is this a required flag. This must be used as a keyword
      argument.

  Returns:
    a handle to defined flag.
  "
tensorflow.python.platform.flags.DuplicateFlagError.from_flag,"Creates a DuplicateFlagError by providing flag name and values.

    Args:
      flagname: str, the name of the flag being redefined.
      flag_values: :class:`FlagValues`, the FlagValues instance containing the
        first definition of flagname.
      other_flag_values: :class:`FlagValues`, if it is not None, it should be
        the FlagValues object where the second definition of flagname occurs.
        If it is None, we assume that we're being called when attempting to
        create the flag a second time, and we use the module calling this one
        as the source of the second definition.

    Returns:
      An instance of DuplicateFlagError.
    "
tensorflow.python.platform.flags.EnumClassParser.parse,"Determines validity of argument and returns the correct element of enum.

    Args:
      argument: str or Enum class member, the supplied flag value.

    Returns:
      The first matching Enum class member in Enum class.

    Raises:
      ValueError: Raised when argument didn't match anything in enum.
    "
tensorflow.python.platform.flags.EnumParser.parse,"Determines validity of argument and returns the correct element of enum.

    Args:
      argument: str, the supplied flag value.

    Returns:
      The first matching element from enum_values.

    Raises:
      ValueError: Raised when argument didn't match anything in enum.
    "
tensorflow.python.platform.flags.FlagValues.get_flags_for_module,"Returns the list of flags defined by a module.

    Args:
      module: module|str, the module to get flags from.

    Returns:
      [Flag], a new list of Flag instances.  Caller may update this list as
      desired: none of those changes will affect the internals of this
      FlagValue instance.
    "
tensorflow.python.platform.flags.FlagValues.get_key_flags_for_module,"Returns the list of key flags for a module.

    Args:
      module: module|str, the module to get key flags from.

    Returns:
      [Flag], a new list of Flag instances.  Caller may update this list as
      desired: none of those changes will affect the internals of this
      FlagValue instance.
    "
tensorflow.python.platform.flags.FlagValues.module_help,"Describes the key flags of a module.

    Args:
      module: module|str, the module to describe the key flags for.

    Returns:
      str, describing the key flags of a module.
    "
tensorflow.python.platform.flags.text_wrap,"Wraps a given text to a maximum line length and returns it.

  It turns lines that only contain whitespace into empty lines, keeps new lines,
  and expands tabs using 4 spaces.

  Args:
    text: str, text to wrap.
    length: int, maximum length of a line, includes indentation.
        If this is None then use get_help_width()
    indent: str, indent for all but first line.
    firstline_indent: str, indent for first line; if None, fall back to indent.

  Returns:
    str, the wrapped text.

  Raises:
    ValueError: Raised if indent or firstline_indent not shorter than length.
  "
tensorflow.python.util.tf_decorator.unwrap,"Unwraps an object into a list of TFDecorators and a final target.

  Args:
    maybe_tf_decorator: Any callable object.

  Returns:
    A tuple whose first element is an list of TFDecorator-derived objects that
    were applied to the final callable target, and whose second element is the
    final undecorated callable target. If the `maybe_tf_decorator` parameter is
    not decorated by any TFDecorators, the first tuple element will be an empty
    list. The `TFDecorator` list is ordered from outermost to innermost
    decorators.
  "
tensorflow._api.v2.compat.v1.compat.as_bytes,"Converts `bytearray`, `bytes`, or unicode python input types to `bytes`.

  Uses utf-8 encoding for text by default.

  Args:
    bytes_or_text: A `bytearray`, `bytes`, `str`, or `unicode` object.
    encoding: A string indicating the charset for encoding unicode.

  Returns:
    A `bytes` object.

  Raises:
    TypeError: If `bytes_or_text` is not a binary or unicode string.
  "
tensorflow._api.v2.compat.v1.compat.as_text,"Converts any string-like python input types to unicode.

  Returns the input as a unicode string. Uses utf-8 encoding for text
  by default.

  Args:
    bytes_or_text: A `bytes`, `str`, or `unicode` object.
    encoding: A string indicating the charset for decoding unicode.

  Returns:
    A `unicode` (Python 2) or `str` (Python 3) object.

  Raises:
    TypeError: If `bytes_or_text` is not a binary or unicode string.
  "
tensorflow._api.v2.compat.v1.data.Dataset.counter,"Creates a `Dataset` that counts from `start` in steps of size `step`.

    Unlike `tf.data.Dataset.range`, which stops at some ending number,
    `tf.data.Dataset.counter` produces elements indefinitely.

    >>> dataset = tf.data.experimental.Counter().take(5)
    >>> [a.item() for a in dataset.as_numpy_iterator()]
    [0, 1, 2, 3, 4]
    >>> dataset.element_spec
    TensorSpec(shape=(), dtype=tf.int64, name=None)
    >>> dataset = tf.data.experimental.Counter(dtype=tf.int32)
    >>> dataset.element_spec
    TensorSpec(shape=(), dtype=tf.int32, name=None)
    >>> dataset = tf.data.experimental.Counter(start=2).take(5)
    >>> [a.item() for a in dataset.as_numpy_iterator()]
    [2, 3, 4, 5, 6]
    >>> dataset = tf.data.experimental.Counter(start=2, step=5).take(5)
    >>> [a.item() for a in dataset.as_numpy_iterator()]
    [2, 7, 12, 17, 22]
    >>> dataset = tf.data.experimental.Counter(start=10, step=-1).take(5)
    >>> [a.item() for a in dataset.as_numpy_iterator()]
    [10, 9, 8, 7, 6]

    Args:
      start: (Optional.) The starting value for the counter. Defaults to 0.
      step: (Optional.) The step size for the counter. Defaults to 1.
      dtype: (Optional.) The data type for counter elements. Defaults to
        `tf.int64`.
      name: (Optional.) A name for the tf.data operation.

    Returns:
      A `Dataset` of scalar `dtype` elements.
    "
tensorflow._api.v2.compat.v1.data.Dataset.scan,"A transformation that scans a function across an input dataset.

    This transformation is a stateful relative of `tf.data.Dataset.map`.
    In addition to mapping `scan_func` across the elements of the input dataset,
    `scan()` accumulates one or more state tensors, whose initial values are
    `initial_state`.

    >>> dataset = tf.data.Dataset.range(10)
    >>> initial_state = tf.constant(0, dtype=tf.int64)
    >>> scan_func = lambda state, i: (state + i, state + i)
    >>> dataset = dataset.scan(initial_state=initial_state, scan_func=scan_func)
    >>> [a.item() for a in dataset.as_numpy_iterator()]
    [0, 1, 3, 6, 10, 15, 21, 28, 36, 45]

    Args:
      initial_state: A nested structure of tensors, representing the initial
        state of the accumulator.
      scan_func: A function that maps `(old_state, input_element)` to
        `(new_state, output_element)`. It must take two arguments and return a
        pair of nested structures of tensors. The `new_state` must match the
        structure of `initial_state`.
      name: (Optional.) A name for the tf.data operation.

    Returns:
      A new `Dataset` with the transformation applied as described above.
    "
tensorflow._api.v2.compat.v1.data.DatasetSpec.placeholder_value,"Value used for tracing a function signature with this TraceType.

    WARNING: Do not override.

    Args:
      placeholder_context: A class container for context information when
        creating a placeholder value.

    Returns:
      A `CompositeTensor` placeholder whose components are recursively composed
        of placeholders themselves.
    "
tensorflow._api.v2.compat.v1.data.FixedLengthRecordDataset.counter,"Creates a `Dataset` that counts from `start` in steps of size `step`.

    Unlike `tf.data.Dataset.range`, which stops at some ending number,
    `tf.data.Dataset.counter` produces elements indefinitely.

    >>> dataset = tf.data.experimental.Counter().take(5)
    >>> [a.item() for a in dataset.as_numpy_iterator()]
    [0, 1, 2, 3, 4]
    >>> dataset.element_spec
    TensorSpec(shape=(), dtype=tf.int64, name=None)
    >>> dataset = tf.data.experimental.Counter(dtype=tf.int32)
    >>> dataset.element_spec
    TensorSpec(shape=(), dtype=tf.int32, name=None)
    >>> dataset = tf.data.experimental.Counter(start=2).take(5)
    >>> [a.item() for a in dataset.as_numpy_iterator()]
    [2, 3, 4, 5, 6]
    >>> dataset = tf.data.experimental.Counter(start=2, step=5).take(5)
    >>> [a.item() for a in dataset.as_numpy_iterator()]
    [2, 7, 12, 17, 22]
    >>> dataset = tf.data.experimental.Counter(start=10, step=-1).take(5)
    >>> [a.item() for a in dataset.as_numpy_iterator()]
    [10, 9, 8, 7, 6]

    Args:
      start: (Optional.) The starting value for the counter. Defaults to 0.
      step: (Optional.) The step size for the counter. Defaults to 1.
      dtype: (Optional.) The data type for counter elements. Defaults to
        `tf.int64`.
      name: (Optional.) A name for the tf.data operation.

    Returns:
      A `Dataset` of scalar `dtype` elements.
    "
tensorflow._api.v2.compat.v1.data.FixedLengthRecordDataset.scan,"A transformation that scans a function across an input dataset.

    This transformation is a stateful relative of `tf.data.Dataset.map`.
    In addition to mapping `scan_func` across the elements of the input dataset,
    `scan()` accumulates one or more state tensors, whose initial values are
    `initial_state`.

    >>> dataset = tf.data.Dataset.range(10)
    >>> initial_state = tf.constant(0, dtype=tf.int64)
    >>> scan_func = lambda state, i: (state + i, state + i)
    >>> dataset = dataset.scan(initial_state=initial_state, scan_func=scan_func)
    >>> [a.item() for a in dataset.as_numpy_iterator()]
    [0, 1, 3, 6, 10, 15, 21, 28, 36, 45]

    Args:
      initial_state: A nested structure of tensors, representing the initial
        state of the accumulator.
      scan_func: A function that maps `(old_state, input_element)` to
        `(new_state, output_element)`. It must take two arguments and return a
        pair of nested structures of tensors. The `new_state` must match the
        structure of `initial_state`.
      name: (Optional.) A name for the tf.data operation.

    Returns:
      A new `Dataset` with the transformation applied as described above.
    "
tensorflow._api.v2.compat.v1.data.Iterator.string_handle,"Returns a string-valued `tf.Tensor` that represents this iterator.

    Args:
      name: (Optional.) A name for the created operation.

    Returns:
      A scalar `tf.Tensor` of type `tf.string`.
    "
tensorflow._api.v2.compat.v1.data.Options,"Represents options for `tf.data.Dataset`.

  A `tf.data.Options` object can be, for instance, used to control which static
  optimizations to apply to the input pipeline graph or whether to use
  performance modeling to dynamically tune the parallelism of operations such as
  `tf.data.Dataset.map` or `tf.data.Dataset.interleave`.

  The options are set for the entire dataset and are carried over to datasets
  created through tf.data transformations.

  The options can be set by constructing an `Options` object and using the
  `tf.data.Dataset.with_options(options)` transformation, which returns a
  dataset with the options set.

  >>> dataset = tf.data.Dataset.range(42)
  >>> options = tf.data.Options()
  >>> options.deterministic = False
  >>> dataset = dataset.with_options(options)
  >>> print(dataset.options().deterministic)
  False

  Note: A known limitation of the `tf.data.Options` implementation is that the
  options are not preserved across tf.function boundaries. In particular, to
  set options for a dataset that is iterated within a tf.function, the options
  need to be set within the same tf.function.
  "
tensorflow._api.v2.compat.v1.data.TFRecordDataset.counter,"Creates a `Dataset` that counts from `start` in steps of size `step`.

    Unlike `tf.data.Dataset.range`, which stops at some ending number,
    `tf.data.Dataset.counter` produces elements indefinitely.

    >>> dataset = tf.data.experimental.Counter().take(5)
    >>> [a.item() for a in dataset.as_numpy_iterator()]
    [0, 1, 2, 3, 4]
    >>> dataset.element_spec
    TensorSpec(shape=(), dtype=tf.int64, name=None)
    >>> dataset = tf.data.experimental.Counter(dtype=tf.int32)
    >>> dataset.element_spec
    TensorSpec(shape=(), dtype=tf.int32, name=None)
    >>> dataset = tf.data.experimental.Counter(start=2).take(5)
    >>> [a.item() for a in dataset.as_numpy_iterator()]
    [2, 3, 4, 5, 6]
    >>> dataset = tf.data.experimental.Counter(start=2, step=5).take(5)
    >>> [a.item() for a in dataset.as_numpy_iterator()]
    [2, 7, 12, 17, 22]
    >>> dataset = tf.data.experimental.Counter(start=10, step=-1).take(5)
    >>> [a.item() for a in dataset.as_numpy_iterator()]
    [10, 9, 8, 7, 6]

    Args:
      start: (Optional.) The starting value for the counter. Defaults to 0.
      step: (Optional.) The step size for the counter. Defaults to 1.
      dtype: (Optional.) The data type for counter elements. Defaults to
        `tf.int64`.
      name: (Optional.) A name for the tf.data operation.

    Returns:
      A `Dataset` of scalar `dtype` elements.
    "
tensorflow._api.v2.compat.v1.data.TFRecordDataset.scan,"A transformation that scans a function across an input dataset.

    This transformation is a stateful relative of `tf.data.Dataset.map`.
    In addition to mapping `scan_func` across the elements of the input dataset,
    `scan()` accumulates one or more state tensors, whose initial values are
    `initial_state`.

    >>> dataset = tf.data.Dataset.range(10)
    >>> initial_state = tf.constant(0, dtype=tf.int64)
    >>> scan_func = lambda state, i: (state + i, state + i)
    >>> dataset = dataset.scan(initial_state=initial_state, scan_func=scan_func)
    >>> [a.item() for a in dataset.as_numpy_iterator()]
    [0, 1, 3, 6, 10, 15, 21, 28, 36, 45]

    Args:
      initial_state: A nested structure of tensors, representing the initial
        state of the accumulator.
      scan_func: A function that maps `(old_state, input_element)` to
        `(new_state, output_element)`. It must take two arguments and return a
        pair of nested structures of tensors. The `new_state` must match the
        structure of `initial_state`.
      name: (Optional.) A name for the tf.data operation.

    Returns:
      A new `Dataset` with the transformation applied as described above.
    "
tensorflow._api.v2.compat.v1.data.TextLineDataset.counter,"Creates a `Dataset` that counts from `start` in steps of size `step`.

    Unlike `tf.data.Dataset.range`, which stops at some ending number,
    `tf.data.Dataset.counter` produces elements indefinitely.

    >>> dataset = tf.data.experimental.Counter().take(5)
    >>> [a.item() for a in dataset.as_numpy_iterator()]
    [0, 1, 2, 3, 4]
    >>> dataset.element_spec
    TensorSpec(shape=(), dtype=tf.int64, name=None)
    >>> dataset = tf.data.experimental.Counter(dtype=tf.int32)
    >>> dataset.element_spec
    TensorSpec(shape=(), dtype=tf.int32, name=None)
    >>> dataset = tf.data.experimental.Counter(start=2).take(5)
    >>> [a.item() for a in dataset.as_numpy_iterator()]
    [2, 3, 4, 5, 6]
    >>> dataset = tf.data.experimental.Counter(start=2, step=5).take(5)
    >>> [a.item() for a in dataset.as_numpy_iterator()]
    [2, 7, 12, 17, 22]
    >>> dataset = tf.data.experimental.Counter(start=10, step=-1).take(5)
    >>> [a.item() for a in dataset.as_numpy_iterator()]
    [10, 9, 8, 7, 6]

    Args:
      start: (Optional.) The starting value for the counter. Defaults to 0.
      step: (Optional.) The step size for the counter. Defaults to 1.
      dtype: (Optional.) The data type for counter elements. Defaults to
        `tf.int64`.
      name: (Optional.) A name for the tf.data operation.

    Returns:
      A `Dataset` of scalar `dtype` elements.
    "
tensorflow._api.v2.compat.v1.data.TextLineDataset.scan,"A transformation that scans a function across an input dataset.

    This transformation is a stateful relative of `tf.data.Dataset.map`.
    In addition to mapping `scan_func` across the elements of the input dataset,
    `scan()` accumulates one or more state tensors, whose initial values are
    `initial_state`.

    >>> dataset = tf.data.Dataset.range(10)
    >>> initial_state = tf.constant(0, dtype=tf.int64)
    >>> scan_func = lambda state, i: (state + i, state + i)
    >>> dataset = dataset.scan(initial_state=initial_state, scan_func=scan_func)
    >>> [a.item() for a in dataset.as_numpy_iterator()]
    [0, 1, 3, 6, 10, 15, 21, 28, 36, 45]

    Args:
      initial_state: A nested structure of tensors, representing the initial
        state of the accumulator.
      scan_func: A function that maps `(old_state, input_element)` to
        `(new_state, output_element)`. It must take two arguments and return a
        pair of nested structures of tensors. The `new_state` must match the
        structure of `initial_state`.
      name: (Optional.) A name for the tf.data operation.

    Returns:
      A new `Dataset` with the transformation applied as described above.
    "
tensorflow._api.v2.compat.v1.data.experimental.CsvDataset.counter,"Creates a `Dataset` that counts from `start` in steps of size `step`.

    Unlike `tf.data.Dataset.range`, which stops at some ending number,
    `tf.data.Dataset.counter` produces elements indefinitely.

    >>> dataset = tf.data.experimental.Counter().take(5)
    >>> [a.item() for a in dataset.as_numpy_iterator()]
    [0, 1, 2, 3, 4]
    >>> dataset.element_spec
    TensorSpec(shape=(), dtype=tf.int64, name=None)
    >>> dataset = tf.data.experimental.Counter(dtype=tf.int32)
    >>> dataset.element_spec
    TensorSpec(shape=(), dtype=tf.int32, name=None)
    >>> dataset = tf.data.experimental.Counter(start=2).take(5)
    >>> [a.item() for a in dataset.as_numpy_iterator()]
    [2, 3, 4, 5, 6]
    >>> dataset = tf.data.experimental.Counter(start=2, step=5).take(5)
    >>> [a.item() for a in dataset.as_numpy_iterator()]
    [2, 7, 12, 17, 22]
    >>> dataset = tf.data.experimental.Counter(start=10, step=-1).take(5)
    >>> [a.item() for a in dataset.as_numpy_iterator()]
    [10, 9, 8, 7, 6]

    Args:
      start: (Optional.) The starting value for the counter. Defaults to 0.
      step: (Optional.) The step size for the counter. Defaults to 1.
      dtype: (Optional.) The data type for counter elements. Defaults to
        `tf.int64`.
      name: (Optional.) A name for the tf.data operation.

    Returns:
      A `Dataset` of scalar `dtype` elements.
    "
tensorflow._api.v2.compat.v1.data.experimental.CsvDataset.scan,"A transformation that scans a function across an input dataset.

    This transformation is a stateful relative of `tf.data.Dataset.map`.
    In addition to mapping `scan_func` across the elements of the input dataset,
    `scan()` accumulates one or more state tensors, whose initial values are
    `initial_state`.

    >>> dataset = tf.data.Dataset.range(10)
    >>> initial_state = tf.constant(0, dtype=tf.int64)
    >>> scan_func = lambda state, i: (state + i, state + i)
    >>> dataset = dataset.scan(initial_state=initial_state, scan_func=scan_func)
    >>> [a.item() for a in dataset.as_numpy_iterator()]
    [0, 1, 3, 6, 10, 15, 21, 28, 36, 45]

    Args:
      initial_state: A nested structure of tensors, representing the initial
        state of the accumulator.
      scan_func: A function that maps `(old_state, input_element)` to
        `(new_state, output_element)`. It must take two arguments and return a
        pair of nested structures of tensors. The `new_state` must match the
        structure of `initial_state`.
      name: (Optional.) A name for the tf.data operation.

    Returns:
      A new `Dataset` with the transformation applied as described above.
    "
tensorflow._api.v2.compat.v1.data.experimental.Optional.get_value,"Returns the value wrapped by this optional.

    If this optional does not have a value (i.e. `self.has_value()` evaluates to
    `False`), this operation will raise `tf.errors.InvalidArgumentError` at
    runtime.

    >>> optional = tf.experimental.Optional.from_value(42)
    >>> print(optional.get_value())
    tf.Tensor(42, shape=(), dtype=int32)

    Args:
      name: (Optional.) A name for the created operation.

    Returns:
      The wrapped value.
    "
tensorflow._api.v2.compat.v1.data.experimental.RandomDataset.counter,"Creates a `Dataset` that counts from `start` in steps of size `step`.

    Unlike `tf.data.Dataset.range`, which stops at some ending number,
    `tf.data.Dataset.counter` produces elements indefinitely.

    >>> dataset = tf.data.experimental.Counter().take(5)
    >>> [a.item() for a in dataset.as_numpy_iterator()]
    [0, 1, 2, 3, 4]
    >>> dataset.element_spec
    TensorSpec(shape=(), dtype=tf.int64, name=None)
    >>> dataset = tf.data.experimental.Counter(dtype=tf.int32)
    >>> dataset.element_spec
    TensorSpec(shape=(), dtype=tf.int32, name=None)
    >>> dataset = tf.data.experimental.Counter(start=2).take(5)
    >>> [a.item() for a in dataset.as_numpy_iterator()]
    [2, 3, 4, 5, 6]
    >>> dataset = tf.data.experimental.Counter(start=2, step=5).take(5)
    >>> [a.item() for a in dataset.as_numpy_iterator()]
    [2, 7, 12, 17, 22]
    >>> dataset = tf.data.experimental.Counter(start=10, step=-1).take(5)
    >>> [a.item() for a in dataset.as_numpy_iterator()]
    [10, 9, 8, 7, 6]

    Args:
      start: (Optional.) The starting value for the counter. Defaults to 0.
      step: (Optional.) The step size for the counter. Defaults to 1.
      dtype: (Optional.) The data type for counter elements. Defaults to
        `tf.int64`.
      name: (Optional.) A name for the tf.data operation.

    Returns:
      A `Dataset` of scalar `dtype` elements.
    "
tensorflow._api.v2.compat.v1.data.experimental.RandomDataset.scan,"A transformation that scans a function across an input dataset.

    This transformation is a stateful relative of `tf.data.Dataset.map`.
    In addition to mapping `scan_func` across the elements of the input dataset,
    `scan()` accumulates one or more state tensors, whose initial values are
    `initial_state`.

    >>> dataset = tf.data.Dataset.range(10)
    >>> initial_state = tf.constant(0, dtype=tf.int64)
    >>> scan_func = lambda state, i: (state + i, state + i)
    >>> dataset = dataset.scan(initial_state=initial_state, scan_func=scan_func)
    >>> [a.item() for a in dataset.as_numpy_iterator()]
    [0, 1, 3, 6, 10, 15, 21, 28, 36, 45]

    Args:
      initial_state: A nested structure of tensors, representing the initial
        state of the accumulator.
      scan_func: A function that maps `(old_state, input_element)` to
        `(new_state, output_element)`. It must take two arguments and return a
        pair of nested structures of tensors. The `new_state` must match the
        structure of `initial_state`.
      name: (Optional.) A name for the tf.data operation.

    Returns:
      A new `Dataset` with the transformation applied as described above.
    "
tensorflow._api.v2.compat.v1.data.experimental.SqlDataset.counter,"Creates a `Dataset` that counts from `start` in steps of size `step`.

    Unlike `tf.data.Dataset.range`, which stops at some ending number,
    `tf.data.Dataset.counter` produces elements indefinitely.

    >>> dataset = tf.data.experimental.Counter().take(5)
    >>> [a.item() for a in dataset.as_numpy_iterator()]
    [0, 1, 2, 3, 4]
    >>> dataset.element_spec
    TensorSpec(shape=(), dtype=tf.int64, name=None)
    >>> dataset = tf.data.experimental.Counter(dtype=tf.int32)
    >>> dataset.element_spec
    TensorSpec(shape=(), dtype=tf.int32, name=None)
    >>> dataset = tf.data.experimental.Counter(start=2).take(5)
    >>> [a.item() for a in dataset.as_numpy_iterator()]
    [2, 3, 4, 5, 6]
    >>> dataset = tf.data.experimental.Counter(start=2, step=5).take(5)
    >>> [a.item() for a in dataset.as_numpy_iterator()]
    [2, 7, 12, 17, 22]
    >>> dataset = tf.data.experimental.Counter(start=10, step=-1).take(5)
    >>> [a.item() for a in dataset.as_numpy_iterator()]
    [10, 9, 8, 7, 6]

    Args:
      start: (Optional.) The starting value for the counter. Defaults to 0.
      step: (Optional.) The step size for the counter. Defaults to 1.
      dtype: (Optional.) The data type for counter elements. Defaults to
        `tf.int64`.
      name: (Optional.) A name for the tf.data operation.

    Returns:
      A `Dataset` of scalar `dtype` elements.
    "
tensorflow._api.v2.compat.v1.data.experimental.SqlDataset.scan,"A transformation that scans a function across an input dataset.

    This transformation is a stateful relative of `tf.data.Dataset.map`.
    In addition to mapping `scan_func` across the elements of the input dataset,
    `scan()` accumulates one or more state tensors, whose initial values are
    `initial_state`.

    >>> dataset = tf.data.Dataset.range(10)
    >>> initial_state = tf.constant(0, dtype=tf.int64)
    >>> scan_func = lambda state, i: (state + i, state + i)
    >>> dataset = dataset.scan(initial_state=initial_state, scan_func=scan_func)
    >>> [a.item() for a in dataset.as_numpy_iterator()]
    [0, 1, 3, 6, 10, 15, 21, 28, 36, 45]

    Args:
      initial_state: A nested structure of tensors, representing the initial
        state of the accumulator.
      scan_func: A function that maps `(old_state, input_element)` to
        `(new_state, output_element)`. It must take two arguments and return a
        pair of nested structures of tensors. The `new_state` must match the
        structure of `initial_state`.
      name: (Optional.) A name for the tf.data operation.

    Returns:
      A new `Dataset` with the transformation applied as described above.
    "
tensorflow._api.v2.compat.v1.data.experimental.to_variant,"Returns a variant representing the given dataset.

  Args:
    dataset: A `tf.data.Dataset`.

  Returns:
    A scalar `tf.variant` tensor representing the given dataset.
  "
tensorflow._api.v2.compat.v1.compat.v1.delete_session_tensor,"Delete the tensor for the given tensor handle.

  This is EXPERIMENTAL and subject to change.

  Delete the tensor of a given tensor handle. The tensor is produced
  in a previous run() and stored in the state of the session.

  Args:
    handle: The string representation of a persistent tensor handle.
    name: Optional name prefix for the return tensor.

  Returns:
    A pair of graph elements. The first is a placeholder for feeding a
    tensor handle and the second is a deletion operation.
  "
tensorflow._api.v2.compat.v1.distribute.CrossDeviceOps.broadcast,"Broadcast `tensor` to `destinations`.

    This can only be called in the cross-replica context.

    Args:
      tensor: a `tf.Tensor` like object. The value to broadcast.
      destinations: a `tf.distribute.DistributedValues`, a `tf.Variable`, a
        `tf.Tensor` alike object, or a device string. It specifies the devices
        to broadcast to. Note that if it's a `tf.Variable`, the value is
        broadcasted to the devices of that variable, this method doesn't update
        the variable.

    Returns:
      A `tf.Tensor` or `tf.distribute.DistributedValues`.
    "
tensorflow._api.v2.compat.v1.distribute.CrossDeviceOps.broadcast_implementation,"Implementation of `broadcast`.

    Args:
      tensor: a `tf.Tensor` like object. The value to broadcast.
      destinations: a `tf.distribute.DistributedValues`, a `tf.Variable`, a
        `tf.Tensor` alike object, or a device string. It specifies the devices
        to broadcast to.
        `destinations`. Note that if it's a `tf.Variable`, the value is
        broadcasted to the devices of that variable, this method doesn't update
        the variable.

    Returns:
      A `tf.Tensor` or `tf.distribute.DistributedValues`.
    "
tensorflow._api.v2.compat.v1.distribute.HierarchicalCopyAllReduce.broadcast,"Broadcast `tensor` to `destinations`.

    This can only be called in the cross-replica context.

    Args:
      tensor: a `tf.Tensor` like object. The value to broadcast.
      destinations: a `tf.distribute.DistributedValues`, a `tf.Variable`, a
        `tf.Tensor` alike object, or a device string. It specifies the devices
        to broadcast to. Note that if it's a `tf.Variable`, the value is
        broadcasted to the devices of that variable, this method doesn't update
        the variable.

    Returns:
      A `tf.Tensor` or `tf.distribute.DistributedValues`.
    "
tensorflow._api.v2.compat.v1.distribute.HierarchicalCopyAllReduce.broadcast_implementation,"Implementation of `broadcast`.

    Args:
      tensor: a `tf.Tensor` like object. The value to broadcast.
      destinations: a `tf.distribute.DistributedValues`, a `tf.Variable`, a
        `tf.Tensor` alike object, or a device string. It specifies the devices
        to broadcast to.
        `destinations`. Note that if it's a `tf.Variable`, the value is
        broadcasted to the devices of that variable, this method doesn't update
        the variable.

    Returns:
      A `tf.Tensor` or `tf.distribute.DistributedValues`.
    "
tensorflow._api.v2.compat.v1.distribute.MirroredStrategy.experimental_local_results,"Returns the list of all local per-replica values contained in `value`.

    Note: This only returns values on the worker initiated by this client.
    When using a `tf.distribute.Strategy` like
    `tf.distribute.experimental.MultiWorkerMirroredStrategy`, each worker
    will be its own client, and this function will only return values
    computed on that worker.

    Args:
      value: A value returned by `experimental_run()`, `run(), or a variable
      created in `scope`.

    Returns:
      A tuple of values contained in `value` where ith element corresponds to
      ith replica. If `value` represents a single value, this returns
      `(value,).`
    "
tensorflow._api.v2.compat.v1.distribute.NcclAllReduce.broadcast,"Broadcast `tensor` to `destinations`.

    This can only be called in the cross-replica context.

    Args:
      tensor: a `tf.Tensor` like object. The value to broadcast.
      destinations: a `tf.distribute.DistributedValues`, a `tf.Variable`, a
        `tf.Tensor` alike object, or a device string. It specifies the devices
        to broadcast to. Note that if it's a `tf.Variable`, the value is
        broadcasted to the devices of that variable, this method doesn't update
        the variable.

    Returns:
      A `tf.Tensor` or `tf.distribute.DistributedValues`.
    "
tensorflow._api.v2.compat.v1.distribute.NcclAllReduce.broadcast_implementation,"Implementation of `broadcast`.

    Args:
      tensor: a `tf.Tensor` like object. The value to broadcast.
      destinations: a `tf.distribute.DistributedValues`, a `tf.Variable`, a
        `tf.Tensor` alike object, or a device string. It specifies the devices
        to broadcast to.
        `destinations`. Note that if it's a `tf.Variable`, the value is
        broadcasted to the devices of that variable, this method doesn't update
        the variable.

    Returns:
      A `tf.Tensor` or `tf.distribute.DistributedValues`.
    "
tensorflow._api.v2.compat.v1.distribute.OneDeviceStrategy.experimental_local_results,"Returns the list of all local per-replica values contained in `value`.

    Note: This only returns values on the worker initiated by this client.
    When using a `tf.distribute.Strategy` like
    `tf.distribute.experimental.MultiWorkerMirroredStrategy`, each worker
    will be its own client, and this function will only return values
    computed on that worker.

    Args:
      value: A value returned by `experimental_run()`, `run(), or a variable
      created in `scope`.

    Returns:
      A tuple of values contained in `value` where ith element corresponds to
      ith replica. If `value` represents a single value, this returns
      `(value,).`
    "
tensorflow._api.v2.compat.v1.distribute.ReductionToOneDevice.broadcast,"Broadcast `tensor` to `destinations`.

    This can only be called in the cross-replica context.

    Args:
      tensor: a `tf.Tensor` like object. The value to broadcast.
      destinations: a `tf.distribute.DistributedValues`, a `tf.Variable`, a
        `tf.Tensor` alike object, or a device string. It specifies the devices
        to broadcast to. Note that if it's a `tf.Variable`, the value is
        broadcasted to the devices of that variable, this method doesn't update
        the variable.

    Returns:
      A `tf.Tensor` or `tf.distribute.DistributedValues`.
    "
tensorflow._api.v2.compat.v1.distribute.ReductionToOneDevice.broadcast_implementation,"Implementation of `broadcast`.

    Args:
      tensor: a `tf.Tensor` like object. The value to broadcast.
      destinations: a `tf.distribute.DistributedValues`, a `tf.Variable`, a
        `tf.Tensor` alike object, or a device string. It specifies the devices
        to broadcast to.
        `destinations`. Note that if it's a `tf.Variable`, the value is
        broadcasted to the devices of that variable, this method doesn't update
        the variable.

    Returns:
      A `tf.Tensor` or `tf.distribute.DistributedValues`.
    "
tensorflow._api.v2.compat.v1.distribute.Strategy.experimental_local_results,"Returns the list of all local per-replica values contained in `value`.

    Note: This only returns values on the worker initiated by this client.
    When using a `tf.distribute.Strategy` like
    `tf.distribute.experimental.MultiWorkerMirroredStrategy`, each worker
    will be its own client, and this function will only return values
    computed on that worker.

    Args:
      value: A value returned by `experimental_run()`, `run(), or a variable
      created in `scope`.

    Returns:
      A tuple of values contained in `value` where ith element corresponds to
      ith replica. If `value` represents a single value, this returns
      `(value,).`
    "
tensorflow._api.v2.compat.v1.distribute.StrategyExtended.broadcast_to,"Mirror a tensor on one device to all worker devices.

    Args:
      tensor: A Tensor value to broadcast.
      destinations: A mirrored variable or device string specifying the
        destination devices to copy `tensor` to.

    Returns:
      A value mirrored to `destinations` devices.
    "
tensorflow._api.v2.compat.v1.distribute.StrategyExtended.experimental_make_numpy_dataset,"Makes a dataset for input provided via a numpy array.

    This avoids adding `numpy_input` as a large constant in the graph,
    and copies the data to the machine or machines that will be processing
    the input.

    Args:
      numpy_input: A nest of NumPy input arrays that will be distributed evenly
        across all replicas. Note that lists of Numpy arrays are stacked, as
        that is normal `tf.data.Dataset` behavior.
      session: (TensorFlow v1.x graph execution only) A session used for
        initialization.

    Returns:
      A `tf.data.Dataset` representing `numpy_input`.
    "
tensorflow._api.v2.compat.v1.distribute.StrategyExtended.value_container,"Returns the container that this per-replica `value` belongs to.

    Args:
      value: A value returned by `run()` or a variable created in `scope()`.

    Returns:
      A container that `value` belongs to.
      If value does not belong to any container (including the case of
      container having been destroyed), returns the value itself.
      `value in experimental_local_results(value_container(value))` will
      always be true.
    "
tensorflow._api.v2.compat.v1.distribute.cluster_resolver.ClusterResolver.master,"Retrieves the name or URL of the session master.

    Note: this is only useful for TensorFlow 1.x.

    Args:
      task_type: (Optional) The type of the TensorFlow task of the master.
      task_id: (Optional) The index of the TensorFlow task of the master.
      rpc_layer: (Optional) The RPC protocol for the given cluster.

    Returns:
      The name or URL of the session master.

    Implementors of this function must take care in ensuring that the master
    returned is up-to-date at the time to calling this function. This usually
    means retrieving the master every time this function is invoked.
    "
tensorflow._api.v2.compat.v1.distribute.cluster_resolver.SlurmClusterResolver.master,"Returns the master string for connecting to a TensorFlow master.

    Args:
      task_type: (Optional) Overrides the default auto-selected task type.
      task_id: (Optional) Overrides the default auto-selected task index.
      rpc_layer: (Optional) Overrides the default RPC protocol TensorFlow uses
        to communicate across nodes.

    Returns:
      A connection string for connecting to a TensorFlow master.
    "
tensorflow._api.v2.compat.v1.distribute.cluster_resolver.TFConfigClusterResolver.master,"Returns the master address to use when creating a TensorFlow session.

    Note: this is only useful for TensorFlow 1.x.

    Args:
      task_type: (String, optional) Overrides and sets the task_type of the
        master.
      task_id: (Integer, optional) Overrides and sets the task id of the
        master.
      rpc_layer: (String, optional) Overrides and sets the protocol over which
        TensorFlow nodes communicate with each other.

    Returns:
      The address of the master.

    Raises:
      RuntimeError: If the task_type or task_id is not specified and the
        `TF_CONFIG` environment variable does not contain a task section.
    "
tensorflow._api.v2.compat.v1.distribute.cluster_resolver.TPUClusterResolver.get_tpu_system_metadata,"Returns the metadata of the TPU system.

    Users can call this method to get some facts of the TPU system, like
    total number of cores, number of TPU workers and the devices. E.g.
    ```python

    resolver = tf.distribute.cluster_resolver.TPUClusterResolver(tpu='')
    tpu_system_metadata = resolver.get_tpu_system_metadata()
    num_hosts = tpu_system_metadata.num_hosts
    ```

    Returns:
      A `tf.tpu.experimental.TPUSystemMetadata` object.
    "
tensorflow._api.v2.compat.v1.distribute.experimental.CentralStorageStrategy.experimental_local_results,"Returns the list of all local per-replica values contained in `value`.

    Note: This only returns values on the worker initiated by this client.
    When using a `tf.distribute.Strategy` like
    `tf.distribute.experimental.MultiWorkerMirroredStrategy`, each worker
    will be its own client, and this function will only return values
    computed on that worker.

    Args:
      value: A value returned by `experimental_run()`, `run(), or a variable
      created in `scope`.

    Returns:
      A tuple of values contained in `value` where ith element corresponds to
      ith replica. If `value` represents a single value, this returns
      `(value,).`
    "
tensorflow._api.v2.compat.v1.distribute.experimental.MultiWorkerMirroredStrategy.experimental_local_results,"Returns the list of all local per-replica values contained in `value`.

    Note: This only returns values on the worker initiated by this client.
    When using a `tf.distribute.Strategy` like
    `tf.distribute.experimental.MultiWorkerMirroredStrategy`, each worker
    will be its own client, and this function will only return values
    computed on that worker.

    Args:
      value: A value returned by `experimental_run()`, `run(), or a variable
      created in `scope`.

    Returns:
      A tuple of values contained in `value` where ith element corresponds to
      ith replica. If `value` represents a single value, this returns
      `(value,).`
    "
tensorflow._api.v2.compat.v1.distribute.experimental.ParameterServerStrategy.experimental_local_results,"Returns the list of all local per-replica values contained in `value`.

    Note: This only returns values on the worker initiated by this client.
    When using a `tf.distribute.Strategy` like
    `tf.distribute.experimental.MultiWorkerMirroredStrategy`, each worker
    will be its own client, and this function will only return values
    computed on that worker.

    Args:
      value: A value returned by `experimental_run()`, `run(), or a variable
      created in `scope`.

    Returns:
      A tuple of values contained in `value` where ith element corresponds to
      ith replica. If `value` represents a single value, this returns
      `(value,).`
    "
tensorflow._api.v2.compat.v1.distribute.experimental.TPUStrategy.experimental_local_results,"Returns the list of all local per-replica values contained in `value`.

    Note: This only returns values on the worker initiated by this client.
    When using a `tf.distribute.Strategy` like
    `tf.distribute.experimental.MultiWorkerMirroredStrategy`, each worker
    will be its own client, and this function will only return values
    computed on that worker.

    Args:
      value: A value returned by `experimental_run()`, `run(), or a variable
      created in `scope`.

    Returns:
      A tuple of values contained in `value` where ith element corresponds to
      ith replica. If `value` represents a single value, this returns
      `(value,).`
    "
tensorflow._api.v2.compat.v1.distributions.Bernoulli.batch_shape_tensor,"Shape of a single sample from a single event index as a 1-D `Tensor`.

    The batch dimensions are indexes into independent, non-identical
    parameterizations of this distribution.

    Args:
      name: name to give to the op

    Returns:
      batch_shape: `Tensor`.
    "
tensorflow._api.v2.compat.v1.distributions.Bernoulli.copy,"Creates a deep copy of the distribution.

    Note: the copy distribution may continue to depend on the original
    initialization arguments.

    Args:
      **override_parameters_kwargs: String/value dictionary of initialization
        arguments to override with new values.

    Returns:
      distribution: A new instance of `type(self)` initialized from the union
        of self.parameters and override_parameters_kwargs, i.e.,
        `dict(self.parameters, **override_parameters_kwargs)`.
    "
tensorflow._api.v2.compat.v1.distributions.Bernoulli.event_shape_tensor,"Shape of a single sample from a single batch as a 1-D int32 `Tensor`.

    Args:
      name: name to give to the op

    Returns:
      event_shape: `Tensor`.
    "
tensorflow._api.v2.compat.v1.distributions.Bernoulli.is_scalar_batch,"Indicates that `batch_shape == []`.

    Args:
      name: Python `str` prepended to names of ops created by this function.

    Returns:
      is_scalar_batch: `bool` scalar `Tensor`.
    "
tensorflow._api.v2.compat.v1.distributions.Bernoulli.is_scalar_event,"Indicates that `event_shape == []`.

    Args:
      name: Python `str` prepended to names of ops created by this function.

    Returns:
      is_scalar_event: `bool` scalar `Tensor`.
    "
tensorflow._api.v2.compat.v1.distributions.Bernoulli.param_shapes,"Shapes of parameters given the desired shape of a call to `sample()`.

    This is a class method that describes what key/value arguments are required
    to instantiate the given `Distribution` so that a particular shape is
    returned for that instance's call to `sample()`.

    Subclasses should override class method `_param_shapes`.

    Args:
      sample_shape: `Tensor` or python list/tuple. Desired shape of a call to
        `sample()`.
      name: name to prepend ops with.

    Returns:
      `dict` of parameter name to `Tensor` shapes.
    "
tensorflow._api.v2.compat.v1.distributions.Bernoulli.sample,"Generate samples of the specified shape.

    Note that a call to `sample()` without arguments will generate a single
    sample.

    Args:
      sample_shape: 0D or 1D `int32` `Tensor`. Shape of the generated samples.
      seed: Python integer seed for RNG
      name: name to give to the op.

    Returns:
      samples: a `Tensor` with prepended dimensions `sample_shape`.
    "
tensorflow._api.v2.compat.v1.distributions.Beta,"Beta distribution.

  The Beta distribution is defined over the `(0, 1)` interval using parameters
  `concentration1` (aka ""alpha"") and `concentration0` (aka ""beta"").

  #### Mathematical Details

  The probability density function (pdf) is,

  ```none
  pdf(x; alpha, beta) = x**(alpha - 1) (1 - x)**(beta - 1) / Z
  Z = Gamma(alpha) Gamma(beta) / Gamma(alpha + beta)
  ```

  where:

  * `concentration1 = alpha`,
  * `concentration0 = beta`,
  * `Z` is the normalization constant, and,
  * `Gamma` is the [gamma function](
    https://en.wikipedia.org/wiki/Gamma_function).

  The concentration parameters represent mean total counts of a `1` or a `0`,
  i.e.,

  ```none
  concentration1 = alpha = mean * total_concentration
  concentration0 = beta  = (1. - mean) * total_concentration
  ```

  where `mean` in `(0, 1)` and `total_concentration` is a positive real number
  representing a mean `total_count = concentration1 + concentration0`.

  Distribution parameters are automatically broadcast in all functions; see
  examples for details.

  Warning: The samples can be zero due to finite precision.
  This happens more often when some of the concentrations are very small.
  Make sure to round the samples to `np.finfo(dtype).tiny` before computing the
  density.

  Samples of this distribution are reparameterized (pathwise differentiable).
  The derivatives are computed using the approach described in
  (Figurnov et al., 2018).

  #### Examples

  ```python
  import tensorflow_probability as tfp
  tfd = tfp.distributions

  # Create a batch of three Beta distributions.
  alpha = [1, 2, 3]
  beta = [1, 2, 3]
  dist = tfd.Beta(alpha, beta)

  dist.sample([4, 5])  # Shape [4, 5, 3]

  # `x` has three batch entries, each with two samples.
  x = [[.1, .4, .5],
       [.2, .3, .5]]
  # Calculate the probability of each pair of samples under the corresponding
  # distribution in `dist`.
  dist.prob(x)         # Shape [2, 3]
  ```

  ```python
  # Create batch_shape=[2, 3] via parameter broadcast:
  alpha = [[1.], [2]]      # Shape [2, 1]
  beta = [3., 4, 5]        # Shape [3]
  dist = tfd.Beta(alpha, beta)

  # alpha broadcast as: [[1., 1, 1,],
  #                      [2, 2, 2]]
  # beta broadcast as:  [[3., 4, 5],
  #                      [3, 4, 5]]
  # batch_Shape [2, 3]
  dist.sample([4, 5])  # Shape [4, 5, 2, 3]

  x = [.2, .3, .5]
  # x will be broadcast as [[.2, .3, .5],
  #                         [.2, .3, .5]],
  # thus matching batch_shape [2, 3].
  dist.prob(x)         # Shape [2, 3]
  ```

  Compute the gradients of samples w.r.t. the parameters:

  ```python
  alpha = tf.constant(1.0)
  beta = tf.constant(2.0)
  dist = tfd.Beta(alpha, beta)
  samples = dist.sample(5)  # Shape [5]
  loss = tf.reduce_mean(tf.square(samples))  # Arbitrary loss function
  # Unbiased stochastic gradients of the loss function
  grads = tf.gradients(loss, [alpha, beta])
  ```

  References:
    Implicit Reparameterization Gradients:
      [Figurnov et al., 2018]
      (http://papers.nips.cc/paper/7326-implicit-reparameterization-gradients)
      ([pdf]
      (http://papers.nips.cc/paper/7326-implicit-reparameterization-gradients.pdf))
  "
tensorflow._api.v2.compat.v1.distributions.Beta.batch_shape_tensor,"Shape of a single sample from a single event index as a 1-D `Tensor`.

    The batch dimensions are indexes into independent, non-identical
    parameterizations of this distribution.

    Args:
      name: name to give to the op

    Returns:
      batch_shape: `Tensor`.
    "
tensorflow._api.v2.compat.v1.distributions.Beta.copy,"Creates a deep copy of the distribution.

    Note: the copy distribution may continue to depend on the original
    initialization arguments.

    Args:
      **override_parameters_kwargs: String/value dictionary of initialization
        arguments to override with new values.

    Returns:
      distribution: A new instance of `type(self)` initialized from the union
        of self.parameters and override_parameters_kwargs, i.e.,
        `dict(self.parameters, **override_parameters_kwargs)`.
    "
tensorflow._api.v2.compat.v1.distributions.Beta.event_shape_tensor,"Shape of a single sample from a single batch as a 1-D int32 `Tensor`.

    Args:
      name: name to give to the op

    Returns:
      event_shape: `Tensor`.
    "
tensorflow._api.v2.compat.v1.distributions.Beta.is_scalar_batch,"Indicates that `batch_shape == []`.

    Args:
      name: Python `str` prepended to names of ops created by this function.

    Returns:
      is_scalar_batch: `bool` scalar `Tensor`.
    "
tensorflow._api.v2.compat.v1.distributions.Beta.is_scalar_event,"Indicates that `event_shape == []`.

    Args:
      name: Python `str` prepended to names of ops created by this function.

    Returns:
      is_scalar_event: `bool` scalar `Tensor`.
    "
tensorflow._api.v2.compat.v1.distributions.Beta.log_prob,"Log probability density/mass function.


    Additional documentation from `Beta`:
    
    Note: `x` must have dtype `self.dtype` and be in
    `[0, 1].` It must have a shape compatible with `self.batch_shape()`.

    Args:
      value: `float` or `double` `Tensor`.
      name: Python `str` prepended to names of ops created by this function.

    Returns:
      log_prob: a `Tensor` of shape `sample_shape(x) + self.batch_shape` with
        values of type `self.dtype`.
    "
tensorflow._api.v2.compat.v1.distributions.Beta.param_shapes,"Shapes of parameters given the desired shape of a call to `sample()`.

    This is a class method that describes what key/value arguments are required
    to instantiate the given `Distribution` so that a particular shape is
    returned for that instance's call to `sample()`.

    Subclasses should override class method `_param_shapes`.

    Args:
      sample_shape: `Tensor` or python list/tuple. Desired shape of a call to
        `sample()`.
      name: name to prepend ops with.

    Returns:
      `dict` of parameter name to `Tensor` shapes.
    "
tensorflow._api.v2.compat.v1.distributions.Beta.prob,"Probability density/mass function.


    Additional documentation from `Beta`:
    
    Note: `x` must have dtype `self.dtype` and be in
    `[0, 1].` It must have a shape compatible with `self.batch_shape()`.

    Args:
      value: `float` or `double` `Tensor`.
      name: Python `str` prepended to names of ops created by this function.

    Returns:
      prob: a `Tensor` of shape `sample_shape(x) + self.batch_shape` with
        values of type `self.dtype`.
    "
tensorflow._api.v2.compat.v1.distributions.Beta.sample,"Generate samples of the specified shape.

    Note that a call to `sample()` without arguments will generate a single
    sample.

    Args:
      sample_shape: 0D or 1D `int32` `Tensor`. Shape of the generated samples.
      seed: Python integer seed for RNG
      name: name to give to the op.

    Returns:
      samples: a `Tensor` with prepended dimensions `sample_shape`.
    "
tensorflow._api.v2.compat.v1.distributions.Categorical.batch_shape_tensor,"Shape of a single sample from a single event index as a 1-D `Tensor`.

    The batch dimensions are indexes into independent, non-identical
    parameterizations of this distribution.

    Args:
      name: name to give to the op

    Returns:
      batch_shape: `Tensor`.
    "
tensorflow._api.v2.compat.v1.distributions.Categorical.copy,"Creates a deep copy of the distribution.

    Note: the copy distribution may continue to depend on the original
    initialization arguments.

    Args:
      **override_parameters_kwargs: String/value dictionary of initialization
        arguments to override with new values.

    Returns:
      distribution: A new instance of `type(self)` initialized from the union
        of self.parameters and override_parameters_kwargs, i.e.,
        `dict(self.parameters, **override_parameters_kwargs)`.
    "
tensorflow._api.v2.compat.v1.distributions.Categorical.event_shape_tensor,"Shape of a single sample from a single batch as a 1-D int32 `Tensor`.

    Args:
      name: name to give to the op

    Returns:
      event_shape: `Tensor`.
    "
tensorflow._api.v2.compat.v1.distributions.Categorical.is_scalar_batch,"Indicates that `batch_shape == []`.

    Args:
      name: Python `str` prepended to names of ops created by this function.

    Returns:
      is_scalar_batch: `bool` scalar `Tensor`.
    "
tensorflow._api.v2.compat.v1.distributions.Categorical.is_scalar_event,"Indicates that `event_shape == []`.

    Args:
      name: Python `str` prepended to names of ops created by this function.

    Returns:
      is_scalar_event: `bool` scalar `Tensor`.
    "
tensorflow._api.v2.compat.v1.distributions.Categorical.param_shapes,"Shapes of parameters given the desired shape of a call to `sample()`.

    This is a class method that describes what key/value arguments are required
    to instantiate the given `Distribution` so that a particular shape is
    returned for that instance's call to `sample()`.

    Subclasses should override class method `_param_shapes`.

    Args:
      sample_shape: `Tensor` or python list/tuple. Desired shape of a call to
        `sample()`.
      name: name to prepend ops with.

    Returns:
      `dict` of parameter name to `Tensor` shapes.
    "
tensorflow._api.v2.compat.v1.distributions.Categorical.sample,"Generate samples of the specified shape.

    Note that a call to `sample()` without arguments will generate a single
    sample.

    Args:
      sample_shape: 0D or 1D `int32` `Tensor`. Shape of the generated samples.
      seed: Python integer seed for RNG
      name: name to give to the op.

    Returns:
      samples: a `Tensor` with prepended dimensions `sample_shape`.
    "
tensorflow._api.v2.compat.v1.distributions.Dirichlet.batch_shape_tensor,"Shape of a single sample from a single event index as a 1-D `Tensor`.

    The batch dimensions are indexes into independent, non-identical
    parameterizations of this distribution.

    Args:
      name: name to give to the op

    Returns:
      batch_shape: `Tensor`.
    "
tensorflow._api.v2.compat.v1.distributions.Dirichlet.copy,"Creates a deep copy of the distribution.

    Note: the copy distribution may continue to depend on the original
    initialization arguments.

    Args:
      **override_parameters_kwargs: String/value dictionary of initialization
        arguments to override with new values.

    Returns:
      distribution: A new instance of `type(self)` initialized from the union
        of self.parameters and override_parameters_kwargs, i.e.,
        `dict(self.parameters, **override_parameters_kwargs)`.
    "
tensorflow._api.v2.compat.v1.distributions.Dirichlet.event_shape_tensor,"Shape of a single sample from a single batch as a 1-D int32 `Tensor`.

    Args:
      name: name to give to the op

    Returns:
      event_shape: `Tensor`.
    "
tensorflow._api.v2.compat.v1.distributions.Dirichlet.is_scalar_batch,"Indicates that `batch_shape == []`.

    Args:
      name: Python `str` prepended to names of ops created by this function.

    Returns:
      is_scalar_batch: `bool` scalar `Tensor`.
    "
tensorflow._api.v2.compat.v1.distributions.Dirichlet.is_scalar_event,"Indicates that `event_shape == []`.

    Args:
      name: Python `str` prepended to names of ops created by this function.

    Returns:
      is_scalar_event: `bool` scalar `Tensor`.
    "
tensorflow._api.v2.compat.v1.distributions.Dirichlet.log_prob,"Log probability density/mass function.


    Additional documentation from `Dirichlet`:
    
    Note: `value` must be a non-negative tensor with
    dtype `self.dtype` and be in the `(self.event_shape() - 1)`-simplex, i.e.,
    `tf.reduce_sum(value, -1) = 1`. It must have a shape compatible with
    `self.batch_shape() + self.event_shape()`.

    Args:
      value: `float` or `double` `Tensor`.
      name: Python `str` prepended to names of ops created by this function.

    Returns:
      log_prob: a `Tensor` of shape `sample_shape(x) + self.batch_shape` with
        values of type `self.dtype`.
    "
tensorflow._api.v2.compat.v1.distributions.Dirichlet.param_shapes,"Shapes of parameters given the desired shape of a call to `sample()`.

    This is a class method that describes what key/value arguments are required
    to instantiate the given `Distribution` so that a particular shape is
    returned for that instance's call to `sample()`.

    Subclasses should override class method `_param_shapes`.

    Args:
      sample_shape: `Tensor` or python list/tuple. Desired shape of a call to
        `sample()`.
      name: name to prepend ops with.

    Returns:
      `dict` of parameter name to `Tensor` shapes.
    "
tensorflow._api.v2.compat.v1.distributions.Dirichlet.prob,"Probability density/mass function.


    Additional documentation from `Dirichlet`:
    
    Note: `value` must be a non-negative tensor with
    dtype `self.dtype` and be in the `(self.event_shape() - 1)`-simplex, i.e.,
    `tf.reduce_sum(value, -1) = 1`. It must have a shape compatible with
    `self.batch_shape() + self.event_shape()`.

    Args:
      value: `float` or `double` `Tensor`.
      name: Python `str` prepended to names of ops created by this function.

    Returns:
      prob: a `Tensor` of shape `sample_shape(x) + self.batch_shape` with
        values of type `self.dtype`.
    "
tensorflow._api.v2.compat.v1.distributions.Dirichlet.sample,"Generate samples of the specified shape.

    Note that a call to `sample()` without arguments will generate a single
    sample.

    Args:
      sample_shape: 0D or 1D `int32` `Tensor`. Shape of the generated samples.
      seed: Python integer seed for RNG
      name: name to give to the op.

    Returns:
      samples: a `Tensor` with prepended dimensions `sample_shape`.
    "
tensorflow._api.v2.compat.v1.distributions.DirichletMultinomial.batch_shape_tensor,"Shape of a single sample from a single event index as a 1-D `Tensor`.

    The batch dimensions are indexes into independent, non-identical
    parameterizations of this distribution.

    Args:
      name: name to give to the op

    Returns:
      batch_shape: `Tensor`.
    "
tensorflow._api.v2.compat.v1.distributions.DirichletMultinomial.copy,"Creates a deep copy of the distribution.

    Note: the copy distribution may continue to depend on the original
    initialization arguments.

    Args:
      **override_parameters_kwargs: String/value dictionary of initialization
        arguments to override with new values.

    Returns:
      distribution: A new instance of `type(self)` initialized from the union
        of self.parameters and override_parameters_kwargs, i.e.,
        `dict(self.parameters, **override_parameters_kwargs)`.
    "
tensorflow._api.v2.compat.v1.distributions.DirichletMultinomial.event_shape_tensor,"Shape of a single sample from a single batch as a 1-D int32 `Tensor`.

    Args:
      name: name to give to the op

    Returns:
      event_shape: `Tensor`.
    "
tensorflow._api.v2.compat.v1.distributions.DirichletMultinomial.is_scalar_batch,"Indicates that `batch_shape == []`.

    Args:
      name: Python `str` prepended to names of ops created by this function.

    Returns:
      is_scalar_batch: `bool` scalar `Tensor`.
    "
tensorflow._api.v2.compat.v1.distributions.DirichletMultinomial.is_scalar_event,"Indicates that `event_shape == []`.

    Args:
      name: Python `str` prepended to names of ops created by this function.

    Returns:
      is_scalar_event: `bool` scalar `Tensor`.
    "
tensorflow._api.v2.compat.v1.distributions.DirichletMultinomial.param_shapes,"Shapes of parameters given the desired shape of a call to `sample()`.

    This is a class method that describes what key/value arguments are required
    to instantiate the given `Distribution` so that a particular shape is
    returned for that instance's call to `sample()`.

    Subclasses should override class method `_param_shapes`.

    Args:
      sample_shape: `Tensor` or python list/tuple. Desired shape of a call to
        `sample()`.
      name: name to prepend ops with.

    Returns:
      `dict` of parameter name to `Tensor` shapes.
    "
tensorflow._api.v2.compat.v1.distributions.DirichletMultinomial.sample,"Generate samples of the specified shape.

    Note that a call to `sample()` without arguments will generate a single
    sample.

    Args:
      sample_shape: 0D or 1D `int32` `Tensor`. Shape of the generated samples.
      seed: Python integer seed for RNG
      name: name to give to the op.

    Returns:
      samples: a `Tensor` with prepended dimensions `sample_shape`.
    "
tensorflow._api.v2.compat.v1.distributions.Distribution.batch_shape_tensor,"Shape of a single sample from a single event index as a 1-D `Tensor`.

    The batch dimensions are indexes into independent, non-identical
    parameterizations of this distribution.

    Args:
      name: name to give to the op

    Returns:
      batch_shape: `Tensor`.
    "
tensorflow._api.v2.compat.v1.distributions.Distribution.copy,"Creates a deep copy of the distribution.

    Note: the copy distribution may continue to depend on the original
    initialization arguments.

    Args:
      **override_parameters_kwargs: String/value dictionary of initialization
        arguments to override with new values.

    Returns:
      distribution: A new instance of `type(self)` initialized from the union
        of self.parameters and override_parameters_kwargs, i.e.,
        `dict(self.parameters, **override_parameters_kwargs)`.
    "
tensorflow._api.v2.compat.v1.distributions.Distribution.event_shape_tensor,"Shape of a single sample from a single batch as a 1-D int32 `Tensor`.

    Args:
      name: name to give to the op

    Returns:
      event_shape: `Tensor`.
    "
tensorflow._api.v2.compat.v1.distributions.Distribution.is_scalar_batch,"Indicates that `batch_shape == []`.

    Args:
      name: Python `str` prepended to names of ops created by this function.

    Returns:
      is_scalar_batch: `bool` scalar `Tensor`.
    "
tensorflow._api.v2.compat.v1.distributions.Distribution.is_scalar_event,"Indicates that `event_shape == []`.

    Args:
      name: Python `str` prepended to names of ops created by this function.

    Returns:
      is_scalar_event: `bool` scalar `Tensor`.
    "
tensorflow._api.v2.compat.v1.distributions.Distribution.param_shapes,"Shapes of parameters given the desired shape of a call to `sample()`.

    This is a class method that describes what key/value arguments are required
    to instantiate the given `Distribution` so that a particular shape is
    returned for that instance's call to `sample()`.

    Subclasses should override class method `_param_shapes`.

    Args:
      sample_shape: `Tensor` or python list/tuple. Desired shape of a call to
        `sample()`.
      name: name to prepend ops with.

    Returns:
      `dict` of parameter name to `Tensor` shapes.
    "
tensorflow._api.v2.compat.v1.distributions.Distribution.sample,"Generate samples of the specified shape.

    Note that a call to `sample()` without arguments will generate a single
    sample.

    Args:
      sample_shape: 0D or 1D `int32` `Tensor`. Shape of the generated samples.
      seed: Python integer seed for RNG
      name: name to give to the op.

    Returns:
      samples: a `Tensor` with prepended dimensions `sample_shape`.
    "
tensorflow._api.v2.compat.v1.distributions.Exponential,"Exponential distribution.

  The Exponential distribution is parameterized by an event `rate` parameter.

  #### Mathematical Details

  The probability density function (pdf) is,

  ```none
  pdf(x; lambda, x > 0) = exp(-lambda x) / Z
  Z = 1 / lambda
  ```

  where `rate = lambda` and `Z` is the normalizaing constant.

  The Exponential distribution is a special case of the Gamma distribution,
  i.e.,

  ```python
  Exponential(rate) = Gamma(concentration=1., rate)
  ```

  The Exponential distribution uses a `rate` parameter, or ""inverse scale"",
  which can be intuited as,

  ```none
  X ~ Exponential(rate=1)
  Y = X / rate
  ```

  "
tensorflow._api.v2.compat.v1.distributions.Exponential.batch_shape_tensor,"Shape of a single sample from a single event index as a 1-D `Tensor`.

    The batch dimensions are indexes into independent, non-identical
    parameterizations of this distribution.

    Args:
      name: name to give to the op

    Returns:
      batch_shape: `Tensor`.
    "
tensorflow._api.v2.compat.v1.distributions.Exponential.copy,"Creates a deep copy of the distribution.

    Note: the copy distribution may continue to depend on the original
    initialization arguments.

    Args:
      **override_parameters_kwargs: String/value dictionary of initialization
        arguments to override with new values.

    Returns:
      distribution: A new instance of `type(self)` initialized from the union
        of self.parameters and override_parameters_kwargs, i.e.,
        `dict(self.parameters, **override_parameters_kwargs)`.
    "
tensorflow._api.v2.compat.v1.distributions.Exponential.event_shape_tensor,"Shape of a single sample from a single batch as a 1-D int32 `Tensor`.

    Args:
      name: name to give to the op

    Returns:
      event_shape: `Tensor`.
    "
tensorflow._api.v2.compat.v1.distributions.Exponential.is_scalar_batch,"Indicates that `batch_shape == []`.

    Args:
      name: Python `str` prepended to names of ops created by this function.

    Returns:
      is_scalar_batch: `bool` scalar `Tensor`.
    "
tensorflow._api.v2.compat.v1.distributions.Exponential.is_scalar_event,"Indicates that `event_shape == []`.

    Args:
      name: Python `str` prepended to names of ops created by this function.

    Returns:
      is_scalar_event: `bool` scalar `Tensor`.
    "
tensorflow._api.v2.compat.v1.distributions.Exponential.param_shapes,"Shapes of parameters given the desired shape of a call to `sample()`.

    This is a class method that describes what key/value arguments are required
    to instantiate the given `Distribution` so that a particular shape is
    returned for that instance's call to `sample()`.

    Subclasses should override class method `_param_shapes`.

    Args:
      sample_shape: `Tensor` or python list/tuple. Desired shape of a call to
        `sample()`.
      name: name to prepend ops with.

    Returns:
      `dict` of parameter name to `Tensor` shapes.
    "
tensorflow._api.v2.compat.v1.distributions.Exponential.sample,"Generate samples of the specified shape.

    Note that a call to `sample()` without arguments will generate a single
    sample.

    Args:
      sample_shape: 0D or 1D `int32` `Tensor`. Shape of the generated samples.
      seed: Python integer seed for RNG
      name: name to give to the op.

    Returns:
      samples: a `Tensor` with prepended dimensions `sample_shape`.
    "
tensorflow._api.v2.compat.v1.distributions.Gamma,"Gamma distribution.

  The Gamma distribution is defined over positive real numbers using
  parameters `concentration` (aka ""alpha"") and `rate` (aka ""beta"").

  #### Mathematical Details

  The probability density function (pdf) is,

  ```none
  pdf(x; alpha, beta, x > 0) = x**(alpha - 1) exp(-x beta) / Z
  Z = Gamma(alpha) beta**(-alpha)
  ```

  where:

  * `concentration = alpha`, `alpha > 0`,
  * `rate = beta`, `beta > 0`,
  * `Z` is the normalizing constant, and,
  * `Gamma` is the [gamma function](
    https://en.wikipedia.org/wiki/Gamma_function).

  The cumulative density function (cdf) is,

  ```none
  cdf(x; alpha, beta, x > 0) = GammaInc(alpha, beta x) / Gamma(alpha)
  ```

  where `GammaInc` is the [lower incomplete Gamma function](
  https://en.wikipedia.org/wiki/Incomplete_gamma_function).

  The parameters can be intuited via their relationship to mean and stddev,

  ```none
  concentration = alpha = (mean / stddev)**2
  rate = beta = mean / stddev**2 = concentration / mean
  ```

  Distribution parameters are automatically broadcast in all functions; see
  examples for details.

  Warning: The samples of this distribution are always non-negative. However,
  the samples that are smaller than `np.finfo(dtype).tiny` are rounded
  to this value, so it appears more often than it should.
  This should only be noticeable when the `concentration` is very small, or the
  `rate` is very large. See note in `tf.random.gamma` docstring.

  Samples of this distribution are reparameterized (pathwise differentiable).
  The derivatives are computed using the approach described in
  (Figurnov et al., 2018).

  #### Examples

  ```python
  import tensorflow_probability as tfp
  tfd = tfp.distributions

  dist = tfd.Gamma(concentration=3.0, rate=2.0)
  dist2 = tfd.Gamma(concentration=[3.0, 4.0], rate=[2.0, 3.0])
  ```

  Compute the gradients of samples w.r.t. the parameters:

  ```python
  concentration = tf.constant(3.0)
  rate = tf.constant(2.0)
  dist = tfd.Gamma(concentration, rate)
  samples = dist.sample(5)  # Shape [5]
  loss = tf.reduce_mean(tf.square(samples))  # Arbitrary loss function
  # Unbiased stochastic gradients of the loss function
  grads = tf.gradients(loss, [concentration, rate])
  ```

  References:
    Implicit Reparameterization Gradients:
      [Figurnov et al., 2018]
      (http://papers.nips.cc/paper/7326-implicit-reparameterization-gradients)
      ([pdf](http://papers.nips.cc/paper/7326-implicit-reparameterization-gradients.pdf))
  "
tensorflow._api.v2.compat.v1.distributions.Gamma.batch_shape_tensor,"Shape of a single sample from a single event index as a 1-D `Tensor`.

    The batch dimensions are indexes into independent, non-identical
    parameterizations of this distribution.

    Args:
      name: name to give to the op

    Returns:
      batch_shape: `Tensor`.
    "
tensorflow._api.v2.compat.v1.distributions.Gamma.copy,"Creates a deep copy of the distribution.

    Note: the copy distribution may continue to depend on the original
    initialization arguments.

    Args:
      **override_parameters_kwargs: String/value dictionary of initialization
        arguments to override with new values.

    Returns:
      distribution: A new instance of `type(self)` initialized from the union
        of self.parameters and override_parameters_kwargs, i.e.,
        `dict(self.parameters, **override_parameters_kwargs)`.
    "
tensorflow._api.v2.compat.v1.distributions.Gamma.event_shape_tensor,"Shape of a single sample from a single batch as a 1-D int32 `Tensor`.

    Args:
      name: name to give to the op

    Returns:
      event_shape: `Tensor`.
    "
tensorflow._api.v2.compat.v1.distributions.Gamma.is_scalar_batch,"Indicates that `batch_shape == []`.

    Args:
      name: Python `str` prepended to names of ops created by this function.

    Returns:
      is_scalar_batch: `bool` scalar `Tensor`.
    "
tensorflow._api.v2.compat.v1.distributions.Gamma.is_scalar_event,"Indicates that `event_shape == []`.

    Args:
      name: Python `str` prepended to names of ops created by this function.

    Returns:
      is_scalar_event: `bool` scalar `Tensor`.
    "
tensorflow._api.v2.compat.v1.distributions.Gamma.param_shapes,"Shapes of parameters given the desired shape of a call to `sample()`.

    This is a class method that describes what key/value arguments are required
    to instantiate the given `Distribution` so that a particular shape is
    returned for that instance's call to `sample()`.

    Subclasses should override class method `_param_shapes`.

    Args:
      sample_shape: `Tensor` or python list/tuple. Desired shape of a call to
        `sample()`.
      name: name to prepend ops with.

    Returns:
      `dict` of parameter name to `Tensor` shapes.
    "
tensorflow._api.v2.compat.v1.distributions.Gamma.sample,"Generate samples of the specified shape.

    Note that a call to `sample()` without arguments will generate a single
    sample.

    Args:
      sample_shape: 0D or 1D `int32` `Tensor`. Shape of the generated samples.
      seed: Python integer seed for RNG
      name: name to give to the op.

    Returns:
      samples: a `Tensor` with prepended dimensions `sample_shape`.
    "
tensorflow._api.v2.compat.v1.distributions.Laplace,"The Laplace distribution with location `loc` and `scale` parameters.

  #### Mathematical details

  The probability density function (pdf) of this distribution is,

  ```none
  pdf(x; mu, sigma) = exp(-|x - mu| / sigma) / Z
  Z = 2 sigma
  ```

  where `loc = mu`, `scale = sigma`, and `Z` is the normalization constant.

  Note that the Laplace distribution can be thought of two exponential
  distributions spliced together ""back-to-back.""

  The Lpalce distribution is a member of the [location-scale family](
  https://en.wikipedia.org/wiki/Location-scale_family), i.e., it can be
  constructed as,

  ```none
  X ~ Laplace(loc=0, scale=1)
  Y = loc + scale * X
  ```

  "
tensorflow._api.v2.compat.v1.distributions.Laplace.batch_shape_tensor,"Shape of a single sample from a single event index as a 1-D `Tensor`.

    The batch dimensions are indexes into independent, non-identical
    parameterizations of this distribution.

    Args:
      name: name to give to the op

    Returns:
      batch_shape: `Tensor`.
    "
tensorflow._api.v2.compat.v1.distributions.Laplace.copy,"Creates a deep copy of the distribution.

    Note: the copy distribution may continue to depend on the original
    initialization arguments.

    Args:
      **override_parameters_kwargs: String/value dictionary of initialization
        arguments to override with new values.

    Returns:
      distribution: A new instance of `type(self)` initialized from the union
        of self.parameters and override_parameters_kwargs, i.e.,
        `dict(self.parameters, **override_parameters_kwargs)`.
    "
tensorflow._api.v2.compat.v1.distributions.Laplace.event_shape_tensor,"Shape of a single sample from a single batch as a 1-D int32 `Tensor`.

    Args:
      name: name to give to the op

    Returns:
      event_shape: `Tensor`.
    "
tensorflow._api.v2.compat.v1.distributions.Laplace.is_scalar_batch,"Indicates that `batch_shape == []`.

    Args:
      name: Python `str` prepended to names of ops created by this function.

    Returns:
      is_scalar_batch: `bool` scalar `Tensor`.
    "
tensorflow._api.v2.compat.v1.distributions.Laplace.is_scalar_event,"Indicates that `event_shape == []`.

    Args:
      name: Python `str` prepended to names of ops created by this function.

    Returns:
      is_scalar_event: `bool` scalar `Tensor`.
    "
tensorflow._api.v2.compat.v1.distributions.Laplace.param_shapes,"Shapes of parameters given the desired shape of a call to `sample()`.

    This is a class method that describes what key/value arguments are required
    to instantiate the given `Distribution` so that a particular shape is
    returned for that instance's call to `sample()`.

    Subclasses should override class method `_param_shapes`.

    Args:
      sample_shape: `Tensor` or python list/tuple. Desired shape of a call to
        `sample()`.
      name: name to prepend ops with.

    Returns:
      `dict` of parameter name to `Tensor` shapes.
    "
tensorflow._api.v2.compat.v1.distributions.Laplace.sample,"Generate samples of the specified shape.

    Note that a call to `sample()` without arguments will generate a single
    sample.

    Args:
      sample_shape: 0D or 1D `int32` `Tensor`. Shape of the generated samples.
      seed: Python integer seed for RNG
      name: name to give to the op.

    Returns:
      samples: a `Tensor` with prepended dimensions `sample_shape`.
    "
tensorflow._api.v2.compat.v1.distributions.Multinomial.batch_shape_tensor,"Shape of a single sample from a single event index as a 1-D `Tensor`.

    The batch dimensions are indexes into independent, non-identical
    parameterizations of this distribution.

    Args:
      name: name to give to the op

    Returns:
      batch_shape: `Tensor`.
    "
tensorflow._api.v2.compat.v1.distributions.Multinomial.copy,"Creates a deep copy of the distribution.

    Note: the copy distribution may continue to depend on the original
    initialization arguments.

    Args:
      **override_parameters_kwargs: String/value dictionary of initialization
        arguments to override with new values.

    Returns:
      distribution: A new instance of `type(self)` initialized from the union
        of self.parameters and override_parameters_kwargs, i.e.,
        `dict(self.parameters, **override_parameters_kwargs)`.
    "
tensorflow._api.v2.compat.v1.distributions.Multinomial.event_shape_tensor,"Shape of a single sample from a single batch as a 1-D int32 `Tensor`.

    Args:
      name: name to give to the op

    Returns:
      event_shape: `Tensor`.
    "
tensorflow._api.v2.compat.v1.distributions.Multinomial.is_scalar_batch,"Indicates that `batch_shape == []`.

    Args:
      name: Python `str` prepended to names of ops created by this function.

    Returns:
      is_scalar_batch: `bool` scalar `Tensor`.
    "
tensorflow._api.v2.compat.v1.distributions.Multinomial.is_scalar_event,"Indicates that `event_shape == []`.

    Args:
      name: Python `str` prepended to names of ops created by this function.

    Returns:
      is_scalar_event: `bool` scalar `Tensor`.
    "
tensorflow._api.v2.compat.v1.distributions.Multinomial.param_shapes,"Shapes of parameters given the desired shape of a call to `sample()`.

    This is a class method that describes what key/value arguments are required
    to instantiate the given `Distribution` so that a particular shape is
    returned for that instance's call to `sample()`.

    Subclasses should override class method `_param_shapes`.

    Args:
      sample_shape: `Tensor` or python list/tuple. Desired shape of a call to
        `sample()`.
      name: name to prepend ops with.

    Returns:
      `dict` of parameter name to `Tensor` shapes.
    "
tensorflow._api.v2.compat.v1.distributions.Multinomial.sample,"Generate samples of the specified shape.

    Note that a call to `sample()` without arguments will generate a single
    sample.

    Args:
      sample_shape: 0D or 1D `int32` `Tensor`. Shape of the generated samples.
      seed: Python integer seed for RNG
      name: name to give to the op.

    Returns:
      samples: a `Tensor` with prepended dimensions `sample_shape`.
    "
tensorflow._api.v2.compat.v1.distributions.Normal,"The Normal distribution with location `loc` and `scale` parameters.

  #### Mathematical details

  The probability density function (pdf) is,

  ```none
  pdf(x; mu, sigma) = exp(-0.5 (x - mu)**2 / sigma**2) / Z
  Z = (2 pi sigma**2)**0.5
  ```

  where `loc = mu` is the mean, `scale = sigma` is the std. deviation, and, `Z`
  is the normalization constant.

  The Normal distribution is a member of the [location-scale family](
  https://en.wikipedia.org/wiki/Location-scale_family), i.e., it can be
  constructed as,

  ```none
  X ~ Normal(loc=0, scale=1)
  Y = loc + scale * X
  ```

  #### Examples

  Examples of initialization of one or a batch of distributions.

  ```python
  import tensorflow_probability as tfp
  tfd = tfp.distributions

  # Define a single scalar Normal distribution.
  dist = tfd.Normal(loc=0., scale=3.)

  # Evaluate the cdf at 1, returning a scalar.
  dist.cdf(1.)

  # Define a batch of two scalar valued Normals.
  # The first has mean 1 and standard deviation 11, the second 2 and 22.
  dist = tfd.Normal(loc=[1, 2.], scale=[11, 22.])

  # Evaluate the pdf of the first distribution on 0, and the second on 1.5,
  # returning a length two tensor.
  dist.prob([0, 1.5])

  # Get 3 samples, returning a 3 x 2 tensor.
  dist.sample([3])
  ```

  Arguments are broadcast when possible.

  ```python
  # Define a batch of two scalar valued Normals.
  # Both have mean 1, but different standard deviations.
  dist = tfd.Normal(loc=1., scale=[11, 22.])

  # Evaluate the pdf of both distributions on the same point, 3.0,
  # returning a length 2 tensor.
  dist.prob(3.0)
  ```

  "
tensorflow._api.v2.compat.v1.distributions.Normal.batch_shape_tensor,"Shape of a single sample from a single event index as a 1-D `Tensor`.

    The batch dimensions are indexes into independent, non-identical
    parameterizations of this distribution.

    Args:
      name: name to give to the op

    Returns:
      batch_shape: `Tensor`.
    "
tensorflow._api.v2.compat.v1.distributions.Normal.copy,"Creates a deep copy of the distribution.

    Note: the copy distribution may continue to depend on the original
    initialization arguments.

    Args:
      **override_parameters_kwargs: String/value dictionary of initialization
        arguments to override with new values.

    Returns:
      distribution: A new instance of `type(self)` initialized from the union
        of self.parameters and override_parameters_kwargs, i.e.,
        `dict(self.parameters, **override_parameters_kwargs)`.
    "
tensorflow._api.v2.compat.v1.distributions.Normal.event_shape_tensor,"Shape of a single sample from a single batch as a 1-D int32 `Tensor`.

    Args:
      name: name to give to the op

    Returns:
      event_shape: `Tensor`.
    "
tensorflow._api.v2.compat.v1.distributions.Normal.is_scalar_batch,"Indicates that `batch_shape == []`.

    Args:
      name: Python `str` prepended to names of ops created by this function.

    Returns:
      is_scalar_batch: `bool` scalar `Tensor`.
    "
tensorflow._api.v2.compat.v1.distributions.Normal.is_scalar_event,"Indicates that `event_shape == []`.

    Args:
      name: Python `str` prepended to names of ops created by this function.

    Returns:
      is_scalar_event: `bool` scalar `Tensor`.
    "
tensorflow._api.v2.compat.v1.distributions.Normal.param_shapes,"Shapes of parameters given the desired shape of a call to `sample()`.

    This is a class method that describes what key/value arguments are required
    to instantiate the given `Distribution` so that a particular shape is
    returned for that instance's call to `sample()`.

    Subclasses should override class method `_param_shapes`.

    Args:
      sample_shape: `Tensor` or python list/tuple. Desired shape of a call to
        `sample()`.
      name: name to prepend ops with.

    Returns:
      `dict` of parameter name to `Tensor` shapes.
    "
tensorflow._api.v2.compat.v1.distributions.Normal.sample,"Generate samples of the specified shape.

    Note that a call to `sample()` without arguments will generate a single
    sample.

    Args:
      sample_shape: 0D or 1D `int32` `Tensor`. Shape of the generated samples.
      seed: Python integer seed for RNG
      name: name to give to the op.

    Returns:
      samples: a `Tensor` with prepended dimensions `sample_shape`.
    "
tensorflow._api.v2.compat.v1.distributions.StudentT.batch_shape_tensor,"Shape of a single sample from a single event index as a 1-D `Tensor`.

    The batch dimensions are indexes into independent, non-identical
    parameterizations of this distribution.

    Args:
      name: name to give to the op

    Returns:
      batch_shape: `Tensor`.
    "
tensorflow._api.v2.compat.v1.distributions.StudentT.copy,"Creates a deep copy of the distribution.

    Note: the copy distribution may continue to depend on the original
    initialization arguments.

    Args:
      **override_parameters_kwargs: String/value dictionary of initialization
        arguments to override with new values.

    Returns:
      distribution: A new instance of `type(self)` initialized from the union
        of self.parameters and override_parameters_kwargs, i.e.,
        `dict(self.parameters, **override_parameters_kwargs)`.
    "
tensorflow._api.v2.compat.v1.distributions.StudentT.event_shape_tensor,"Shape of a single sample from a single batch as a 1-D int32 `Tensor`.

    Args:
      name: name to give to the op

    Returns:
      event_shape: `Tensor`.
    "
tensorflow._api.v2.compat.v1.distributions.StudentT.is_scalar_batch,"Indicates that `batch_shape == []`.

    Args:
      name: Python `str` prepended to names of ops created by this function.

    Returns:
      is_scalar_batch: `bool` scalar `Tensor`.
    "
tensorflow._api.v2.compat.v1.distributions.StudentT.is_scalar_event,"Indicates that `event_shape == []`.

    Args:
      name: Python `str` prepended to names of ops created by this function.

    Returns:
      is_scalar_event: `bool` scalar `Tensor`.
    "
tensorflow._api.v2.compat.v1.distributions.StudentT.param_shapes,"Shapes of parameters given the desired shape of a call to `sample()`.

    This is a class method that describes what key/value arguments are required
    to instantiate the given `Distribution` so that a particular shape is
    returned for that instance's call to `sample()`.

    Subclasses should override class method `_param_shapes`.

    Args:
      sample_shape: `Tensor` or python list/tuple. Desired shape of a call to
        `sample()`.
      name: name to prepend ops with.

    Returns:
      `dict` of parameter name to `Tensor` shapes.
    "
tensorflow._api.v2.compat.v1.distributions.StudentT.sample,"Generate samples of the specified shape.

    Note that a call to `sample()` without arguments will generate a single
    sample.

    Args:
      sample_shape: 0D or 1D `int32` `Tensor`. Shape of the generated samples.
      seed: Python integer seed for RNG
      name: name to give to the op.

    Returns:
      samples: a `Tensor` with prepended dimensions `sample_shape`.
    "
tensorflow._api.v2.compat.v1.distributions.Uniform,"Uniform distribution with `low` and `high` parameters.

  #### Mathematical Details

  The probability density function (pdf) is,

  ```none
  pdf(x; a, b) = I[a <= x < b] / Z
  Z = b - a
  ```

  where

  - `low = a`,
  - `high = b`,
  - `Z` is the normalizing constant, and
  - `I[predicate]` is the [indicator function](
    https://en.wikipedia.org/wiki/Indicator_function) for `predicate`.

  The parameters `low` and `high` must be shaped in a way that supports
  broadcasting (e.g., `high - low` is a valid operation).

  #### Examples

  ```python
  # Without broadcasting:
  u1 = Uniform(low=3.0, high=4.0)  # a single uniform distribution [3, 4]
  u2 = Uniform(low=[1.0, 2.0],
               high=[3.0, 4.0])  # 2 distributions [1, 3], [2, 4]
  u3 = Uniform(low=[[1.0, 2.0],
                    [3.0, 4.0]],
               high=[[1.5, 2.5],
                     [3.5, 4.5]])  # 4 distributions
  ```

  ```python
  # With broadcasting:
  u1 = Uniform(low=3.0, high=[5.0, 6.0, 7.0])  # 3 distributions
  ```

  "
tensorflow._api.v2.compat.v1.distributions.Uniform.batch_shape_tensor,"Shape of a single sample from a single event index as a 1-D `Tensor`.

    The batch dimensions are indexes into independent, non-identical
    parameterizations of this distribution.

    Args:
      name: name to give to the op

    Returns:
      batch_shape: `Tensor`.
    "
tensorflow._api.v2.compat.v1.distributions.Uniform.copy,"Creates a deep copy of the distribution.

    Note: the copy distribution may continue to depend on the original
    initialization arguments.

    Args:
      **override_parameters_kwargs: String/value dictionary of initialization
        arguments to override with new values.

    Returns:
      distribution: A new instance of `type(self)` initialized from the union
        of self.parameters and override_parameters_kwargs, i.e.,
        `dict(self.parameters, **override_parameters_kwargs)`.
    "
tensorflow._api.v2.compat.v1.distributions.Uniform.event_shape_tensor,"Shape of a single sample from a single batch as a 1-D int32 `Tensor`.

    Args:
      name: name to give to the op

    Returns:
      event_shape: `Tensor`.
    "
tensorflow._api.v2.compat.v1.distributions.Uniform.is_scalar_batch,"Indicates that `batch_shape == []`.

    Args:
      name: Python `str` prepended to names of ops created by this function.

    Returns:
      is_scalar_batch: `bool` scalar `Tensor`.
    "
tensorflow._api.v2.compat.v1.distributions.Uniform.is_scalar_event,"Indicates that `event_shape == []`.

    Args:
      name: Python `str` prepended to names of ops created by this function.

    Returns:
      is_scalar_event: `bool` scalar `Tensor`.
    "
tensorflow._api.v2.compat.v1.distributions.Uniform.param_shapes,"Shapes of parameters given the desired shape of a call to `sample()`.

    This is a class method that describes what key/value arguments are required
    to instantiate the given `Distribution` so that a particular shape is
    returned for that instance's call to `sample()`.

    Subclasses should override class method `_param_shapes`.

    Args:
      sample_shape: `Tensor` or python list/tuple. Desired shape of a call to
        `sample()`.
      name: name to prepend ops with.

    Returns:
      `dict` of parameter name to `Tensor` shapes.
    "
tensorflow._api.v2.compat.v1.distributions.Uniform.sample,"Generate samples of the specified shape.

    Note that a call to `sample()` without arguments will generate a single
    sample.

    Args:
      sample_shape: 0D or 1D `int32` `Tensor`. Shape of the generated samples.
      seed: Python integer seed for RNG
      name: name to give to the op.

    Returns:
      samples: a `Tensor` with prepended dimensions `sample_shape`.
    "
tensorflow._api.v2.compat.v1.compat.v1.equal,"Returns the truth value of (x == y) element-wise.

  Performs a [broadcast](
  https://docs.scipy.org/doc/numpy/user/basics.broadcasting.html) with the
  arguments and then an element-wise equality comparison, returning a Tensor of
  boolean values.

  For example:

  >>> x = tf.constant([2, 4])
  >>> y = tf.constant(2)
  >>> tf.math.equal(x, y)
  <tf.Tensor: shape=(2,), dtype=bool, numpy=array([ True,  False])>

  >>> x = tf.constant([2, 4])
  >>> y = tf.constant([2, 4])
  >>> tf.math.equal(x, y)
  <tf.Tensor: shape=(2,), dtype=bool, numpy=array([ True,  True])>

  Args:
    x: A `tf.Tensor`.
    y: A `tf.Tensor`.
    name: A name for the operation (optional).

  Returns:
    A `tf.Tensor` of type bool with the same size as that of x or y.

  Raises:
    `tf.errors.InvalidArgumentError`: If shapes of arguments are incompatible
  "
tensorflow._api.v2.compat.v1.experimental.DynamicRaggedShape,"The shape of a ragged or dense tensor.

  Ragged shapes are encoded using two fields:

  * `inner_shape`: An integer vector giving the shape of a dense tensor.
  * `row_partitions`: A list of `RowPartition` objects, describing how
    that flat shape should be partitioned to add ragged axes.

  If a DynamicRaggedShape is the shape of a RaggedTensor rt, then:
  1. row_partitions = rt._nested_row_partitions
     (and thus len(row_partitions) > 0)
  2. inner_shape is the shape of rt.flat_values

  If a DynamicRaggedShape is the shape of a dense tensor t, then:
  1. row_partitions = []
  2. inner_shape is the shape of t.

  Examples:

  The following table gives a few examples (where `RP(lengths)` is short
  for `RowPartition.from_lengths(lengths)`):

  Row Partitions              | Inner Shape  | Example Tensor
  --------------------------- | ------------ | ----------------------------
  []                          | [2, 3]       | `[[1, 2, 3], [4, 5, 6]]`
  [RP([2, 0, 3])]             | [5]          | `[[1, 2], [], [3, 4, 5]]`
  [RP([2, 1])]                | [3, 2]       | `[[[1, 2], [3, 4]], [[5, 6]]]`
  [RP([2, 1]), RP([2, 1, 2])] | [5]          | `[[[1, 2], [3]], [[4, 5]]]`
  "
tensorflow._api.v2.compat.v1.experimental.DynamicRaggedShape.Spec.placeholder_value,"Value used for tracing a function signature with this TraceType.

    WARNING: Do not override.

    Args:
      placeholder_context: A class container for context information when
        creating a placeholder value.

    Returns:
      A `CompositeTensor` placeholder whose components are recursively composed
        of placeholders themselves.
    "
tensorflow._api.v2.compat.v1.experimental.DynamicRaggedShape.from_row_partitions,"Create a shape from row_partitions.

    Args:
      row_partitions: a nonempty list of RowPartition objects.
      dtype: the dtype to use, or None to use the row_partitions dtype.

    Returns:
      a DynamicRaggedShape with inner_rank==1.
    "
tensorflow._api.v2.compat.v1.experimental.ExtensionTypeBatchEncoder.batch,"Returns the TypeSpec representing a batch of values described by `spec`.

    The default definition returns a `TypeSpec` that is equal to `spec`, except
    that an outer axis with size `batch_size` is added to every nested
    `TypeSpec` and `TensorShape` field.  Subclasses may override this default
    definition, when necessary.

    Args:
      spec: The `TypeSpec` for an individual value.
      batch_size: An `int` indicating the number of values that are batched
        together, or `None` if the batch size is not known.

    Returns:
      A `TypeSpec` for a batch of values.
    "
tensorflow._api.v2.compat.v1.experimental.ExtensionTypeBatchEncoder.unbatch,"Returns the TypeSpec for a single unbatched element in `spec`.

    The default definition returns a `TypeSpec` that is equal to `spec`, except
    that the outermost axis is removed from every nested `TypeSpec`, and
    `TensorShape` field.  Subclasses may override this default definition, when
    necessary.

    Args:
      spec: The `TypeSpec` for a batch of values.

    Returns:
      A `TypeSpec` for an individual value.
    "
tensorflow._api.v2.compat.v1.experimental.ExtensionTypeSpec.placeholder_value,"Value used for tracing a function signature with this TraceType.

    WARNING: Do not override.

    Args:
      placeholder_context: A class container for context information when
        creating a placeholder value.

    Returns:
      A `CompositeTensor` placeholder whose components are recursively composed
        of placeholders themselves.
    "
tensorflow._api.v2.compat.v1.experimental.RowPartition.with_dtype,"Returns a copy of this RowPartition with the given encoding dtype.

    Args:
      dtype: The dtype for encoding tensors, such as `row_splits` and `nrows`.
      One of `tf.int32` or `tf.int64`.

    Returns:
      A copy of this RowPartition, with the encoding tensors cast to the given
      type.
    "
tensorflow._api.v2.compat.v1.experimental.StructuredTensor.Spec.placeholder_value,"Value used for tracing a function signature with this TraceType.

    WARNING: Do not override.

    Args:
      placeholder_context: A class container for context information when
        creating a placeholder value.

    Returns:
      A `CompositeTensor` placeholder whose components are recursively composed
        of placeholders themselves.
    "
tensorflow._api.v2.compat.v1.experimental.StructuredTensor.from_shape,"Creates a `StructuredTensor` with no fields and ragged_shape.

    Args:
      ragged_shape: the shape of the structured tensor.

    Returns:
      a StructuredTensor with no fields and ragged_shape.
    "
tensorflow._api.v2.compat.v1.compat.v1.get_seed,"Returns the local seeds an operation should use given an op-specific seed.

  Given operation-specific seed, `op_seed`, this helper function returns two
  seeds derived from graph-level and op-level seeds. Many random operations
  internally use the two seeds to allow user to change the seed globally for a
  graph, or for only specific operations.

  For details on how the graph-level seed interacts with op seeds, see
  `tf.compat.v1.random.set_random_seed`.

  Args:
    op_seed: integer.

  Returns:
    A tuple of two integers that should be used for the local seed of this
    operation.
  "
tensorflow._api.v2.compat.v1.compat.v1.get_session_tensor,"Get the tensor of type `dtype` by feeding a tensor handle.

  This is EXPERIMENTAL and subject to change.

  Get the value of the tensor from a tensor handle. The tensor
  is produced in a previous run() and stored in the state of the
  session.

  Args:
    handle: The string representation of a persistent tensor handle.
    dtype: The type of the output tensor.
    name: Optional name prefix for the return tensor.

  Returns:
    A pair of tensors. The first is a placeholder for feeding a
    tensor handle and the second is the tensor in the session state
    keyed by the tensor handle.

  Example:

  ```python
  c = tf.multiply(a, b)
  h = tf.compat.v1.get_session_handle(c)
  h = sess.run(h)

  p, a = tf.compat.v1.get_session_tensor(h.handle, tf.float32)
  b = tf.multiply(a, 10)
  c = sess.run(b, feed_dict={p: h.handle})
  ```

  "
tensorflow._api.v2.compat.v1.gfile.IsDirectory,"Returns whether the path is a directory or not.

  Args:
    dirname: string, path to a potential directory

  Returns:
    True, if the path is a directory; False otherwise
  "
tensorflow._api.v2.compat.v1.compat.v1.global_norm,"Computes the global norm of multiple tensors.

  Given a tuple or list of tensors `t_list`, this operation returns the
  global norm of the elements in all tensors in `t_list`. The global norm is
  computed as:

  `global_norm = sqrt(sum([l2norm(t)**2 for t in t_list]))`

  Any entries in `t_list` that are of type None are ignored.

  Args:
    t_list: A tuple or list of mixed `Tensors`, `IndexedSlices`, or None.
    name: A name for the operation (optional).

  Returns:
    A 0-D (scalar) `Tensor` of type `float`.

  Raises:
    TypeError: If `t_list` is not a sequence.
  "
tensorflow._api.v2.compat.v1.compat.v1.greater_equal,"Returns the truth value of (x >= y) element-wise.

  *NOTE*: `math.greater_equal` supports broadcasting. More about broadcasting
  [here](http://docs.scipy.org/doc/numpy/user/basics.broadcasting.html)

  Example:

  ```python
  x = tf.constant([5, 4, 6, 7])
  y = tf.constant([5, 2, 5, 10])
  tf.math.greater_equal(x, y) ==> [True, True, True, False]

  x = tf.constant([5, 4, 6, 7])
  y = tf.constant([5])
  tf.math.greater_equal(x, y) ==> [True, False, True, True]
  ```

  Args:
    x: A `Tensor`. Must be one of the following types: `float32`, `float64`, `int32`, `uint8`, `int16`, `int8`, `int64`, `bfloat16`, `uint16`, `half`, `uint32`, `uint64`.
    y: A `Tensor`. Must have the same type as `x`.
    name: A name for the operation (optional).

  Returns:
    A `Tensor` of type `bool`.
  "
tensorflow._api.v2.compat.v1.compat.v1.hessians,"Constructs the Hessian of sum of `ys` with respect to `x` in `xs`.

  `hessians()` adds ops to the graph to output the Hessian matrix of `ys`
  with respect to `xs`.  It returns a list of `Tensor` of length `len(xs)`
  where each tensor is the Hessian of `sum(ys)`.

  The Hessian is a matrix of second-order partial derivatives of a scalar
  tensor (see https://en.wikipedia.org/wiki/Hessian_matrix for more details).

  Args:
    ys: A `Tensor` or list of tensors to be differentiated.
    xs: A `Tensor` or list of tensors to be used for differentiation.
    name: Optional name to use for grouping all the gradient ops together.
      defaults to 'hessians'.
    colocate_gradients_with_ops: See `gradients()` documentation for details.
    gate_gradients: See `gradients()` documentation for details.
    aggregation_method: See `gradients()` documentation for details.

  Returns:
    A list of Hessian matrices of `sum(ys)` for each `x` in `xs`.

  Raises:
    LookupError: if one of the operations between `xs` and `ys` does not
      have a registered gradient function.
  "
tensorflow._api.v2.compat.v1.image.resize_image_with_pad,"Resizes and pads an image to a target width and height.

  Resizes an image to a target width and height by keeping
  the aspect ratio the same without distortion. If the target
  dimensions don't match the image dimensions, the image
  is resized and then padded with zeroes to match requested
  dimensions.

  Args:
    image: 4-D Tensor of shape `[batch, height, width, channels]` or 3-D Tensor
      of shape `[height, width, channels]`.
    target_height: Target height.
    target_width: Target width.
    method: Method to use for resizing image. See `resize_images()`
    align_corners: bool.  If True, the centers of the 4 corner pixels of the
      input and output tensors are aligned, preserving the values at the corner
      pixels. Defaults to `False`.

  Raises:
    ValueError: if `target_height` or `target_width` are zero or negative.

  Returns:
    Resized and padded image.
    If `images` was 4-D, a 4-D float Tensor of shape
    `[batch, new_height, new_width, channels]`.
    If `images` was 3-D, a 3-D float Tensor of shape
    `[new_height, new_width, channels]`.
  "
tensorflow._api.v2.compat.v1.image.rgb_to_yuv,"Converts one or more images from RGB to YUV.

  Outputs a tensor of the same shape as the `images` tensor, containing the YUV
  value of the pixels.
  The output is only well defined if the value in images are in [0, 1].
  There are two ways of representing an image: [0, 255] pixel values range or
  [0, 1] (as float) pixel values range. Users need to convert the input image
  into a float [0, 1] range.

  Args:
    images: 2-D or higher rank. Image data to convert. Last dimension must be
      size 3.

  Returns:
    images: tensor with the same shape as `images`.
  "
tensorflow._api.v2.compat.v1.image.yiq_to_rgb,"Converts one or more images from YIQ to RGB.

  Outputs a tensor of the same shape as the `images` tensor, containing the RGB
  value of the pixels.
  The output is only well defined if the Y value in images are in [0,1],
  I value are in [-0.5957,0.5957] and Q value are in [-0.5226,0.5226].

  Args:
    images: 2-D or higher rank. Image data to convert. Last dimension must be
      size 3.

  Returns:
    images: tensor with the same shape as `images`.
  "
tensorflow._api.v2.compat.v1.io.gfile.isdir,"Returns whether the path is a directory or not.

  Args:
    path: string, path to a potential directory

  Returns:
    True, if the path is a directory; False otherwise
  "
tensorflow._api.v2.compat.v1.compat.v1.is_variable_initialized,"Tests if a variable has been initialized.

Args:
  variable: A `Variable`.

Returns:
  Returns a scalar boolean Tensor, `True` if the variable has been
  initialized, `False` otherwise.


Note: The output of this function should be used. If it is not, a warning will be logged or an error may be raised. To mark the output as used, call its .mark_used() method."
tensorflow._api.v2.compat.v1.compat.v1.less_equal,"Returns the truth value of (x <= y) element-wise.

  *NOTE*: `math.less_equal` supports broadcasting. More about broadcasting
  [here](http://docs.scipy.org/doc/numpy/user/basics.broadcasting.html)

  Example:

  ```python
  x = tf.constant([5, 4, 6])
  y = tf.constant([5])
  tf.math.less_equal(x, y) ==> [True, True, False]

  x = tf.constant([5, 4, 6])
  y = tf.constant([5, 6, 6])
  tf.math.less_equal(x, y) ==> [True, True, True]
  ```

  Args:
    x: A `Tensor`. Must be one of the following types: `float32`, `float64`, `int32`, `uint8`, `int16`, `int8`, `int64`, `bfloat16`, `uint16`, `half`, `uint32`, `uint64`.
    y: A `Tensor`. Must have the same type as `x`.
    name: A name for the operation (optional).

  Returns:
    A `Tensor` of type `bool`.
  "
tensorflow._api.v2.compat.v1.linalg.LinearOperator.adjoint,"Returns the adjoint of the current `LinearOperator`.

    Given `A` representing this `LinearOperator`, return `A*`.
    Note that calling `self.adjoint()` and `self.H` are equivalent.

    Args:
      name:  A name for this `Op`.

    Returns:
      `LinearOperator` which represents the adjoint of this `LinearOperator`.
    "
tensorflow._api.v2.compat.v1.linalg.LinearOperator.assert_positive_definite,"Returns an `Op` that asserts this operator is positive definite.

    Here, positive definite means that the quadratic form `x^H A x` has positive
    real part for all nonzero `x`.  Note that we do not require the operator to
    be self-adjoint to be positive definite.

    Args:
      name:  A name to give this `Op`.

    Returns:
      An `Assert` `Op`, that, when run, will raise an `InvalidArgumentError` if
        the operator is not positive definite.
    "
tensorflow._api.v2.compat.v1.linalg.LinearOperator.assert_self_adjoint,"Returns an `Op` that asserts this operator is self-adjoint.

    Here we check that this operator is *exactly* equal to its hermitian
    transpose.

    Args:
      name:  A string name to prepend to created ops.

    Returns:
      An `Assert` `Op`, that, when run, will raise an `InvalidArgumentError` if
        the operator is not self-adjoint.
    "
tensorflow._api.v2.compat.v1.linalg.LinearOperator.cholesky,"Returns a Cholesky factor as a `LinearOperator`.

    Given `A` representing this `LinearOperator`, if `A` is positive definite
    self-adjoint, return `L`, where `A = L L^T`, i.e. the cholesky
    decomposition.

    Args:
      name:  A name for this `Op`.

    Returns:
      `LinearOperator` which represents the lower triangular matrix
      in the Cholesky decomposition.

    Raises:
      ValueError: When the `LinearOperator` is not hinted to be positive
        definite and self adjoint.
    "
tensorflow._api.v2.compat.v1.linalg.LinearOperator.determinant,"Determinant for every batch member.

    Args:
      name:  A name for this `Op`.

    Returns:
      `Tensor` with shape `self.batch_shape` and same `dtype` as `self`.

    Raises:
      NotImplementedError:  If `self.is_square` is `False`.
    "
tensorflow._api.v2.compat.v1.linalg.LinearOperator.inverse,"Returns the Inverse of this `LinearOperator`.

    Given `A` representing this `LinearOperator`, return a `LinearOperator`
    representing `A^-1`.

    Args:
      name: A name scope to use for ops added by this method.

    Returns:
      `LinearOperator` representing inverse of this matrix.

    Raises:
      ValueError: When the `LinearOperator` is not hinted to be `non_singular`.
    "
tensorflow._api.v2.compat.v1.linalg.LinearOperator.log_abs_determinant,"Log absolute value of determinant for every batch member.

    Args:
      name:  A name for this `Op`.

    Returns:
      `Tensor` with shape `self.batch_shape` and same `dtype` as `self`.

    Raises:
      NotImplementedError:  If `self.is_square` is `False`.
    "
tensorflow._api.v2.compat.v1.linalg.LinearOperatorAdjoint.adjoint,"Returns the adjoint of the current `LinearOperator`.

    Given `A` representing this `LinearOperator`, return `A*`.
    Note that calling `self.adjoint()` and `self.H` are equivalent.

    Args:
      name:  A name for this `Op`.

    Returns:
      `LinearOperator` which represents the adjoint of this `LinearOperator`.
    "
tensorflow._api.v2.compat.v1.linalg.LinearOperatorAdjoint.assert_positive_definite,"Returns an `Op` that asserts this operator is positive definite.

    Here, positive definite means that the quadratic form `x^H A x` has positive
    real part for all nonzero `x`.  Note that we do not require the operator to
    be self-adjoint to be positive definite.

    Args:
      name:  A name to give this `Op`.

    Returns:
      An `Assert` `Op`, that, when run, will raise an `InvalidArgumentError` if
        the operator is not positive definite.
    "
tensorflow._api.v2.compat.v1.linalg.LinearOperatorAdjoint.assert_self_adjoint,"Returns an `Op` that asserts this operator is self-adjoint.

    Here we check that this operator is *exactly* equal to its hermitian
    transpose.

    Args:
      name:  A string name to prepend to created ops.

    Returns:
      An `Assert` `Op`, that, when run, will raise an `InvalidArgumentError` if
        the operator is not self-adjoint.
    "
tensorflow._api.v2.compat.v1.linalg.LinearOperatorAdjoint.cholesky,"Returns a Cholesky factor as a `LinearOperator`.

    Given `A` representing this `LinearOperator`, if `A` is positive definite
    self-adjoint, return `L`, where `A = L L^T`, i.e. the cholesky
    decomposition.

    Args:
      name:  A name for this `Op`.

    Returns:
      `LinearOperator` which represents the lower triangular matrix
      in the Cholesky decomposition.

    Raises:
      ValueError: When the `LinearOperator` is not hinted to be positive
        definite and self adjoint.
    "
tensorflow._api.v2.compat.v1.linalg.LinearOperatorAdjoint.determinant,"Determinant for every batch member.

    Args:
      name:  A name for this `Op`.

    Returns:
      `Tensor` with shape `self.batch_shape` and same `dtype` as `self`.

    Raises:
      NotImplementedError:  If `self.is_square` is `False`.
    "
tensorflow._api.v2.compat.v1.linalg.LinearOperatorAdjoint.inverse,"Returns the Inverse of this `LinearOperator`.

    Given `A` representing this `LinearOperator`, return a `LinearOperator`
    representing `A^-1`.

    Args:
      name: A name scope to use for ops added by this method.

    Returns:
      `LinearOperator` representing inverse of this matrix.

    Raises:
      ValueError: When the `LinearOperator` is not hinted to be `non_singular`.
    "
tensorflow._api.v2.compat.v1.linalg.LinearOperatorAdjoint.log_abs_determinant,"Log absolute value of determinant for every batch member.

    Args:
      name:  A name for this `Op`.

    Returns:
      `Tensor` with shape `self.batch_shape` and same `dtype` as `self`.

    Raises:
      NotImplementedError:  If `self.is_square` is `False`.
    "
tensorflow._api.v2.compat.v1.linalg.LinearOperatorBlockDiag.adjoint,"Returns the adjoint of the current `LinearOperator`.

    Given `A` representing this `LinearOperator`, return `A*`.
    Note that calling `self.adjoint()` and `self.H` are equivalent.

    Args:
      name:  A name for this `Op`.

    Returns:
      `LinearOperator` which represents the adjoint of this `LinearOperator`.
    "
tensorflow._api.v2.compat.v1.linalg.LinearOperatorBlockDiag.assert_positive_definite,"Returns an `Op` that asserts this operator is positive definite.

    Here, positive definite means that the quadratic form `x^H A x` has positive
    real part for all nonzero `x`.  Note that we do not require the operator to
    be self-adjoint to be positive definite.

    Args:
      name:  A name to give this `Op`.

    Returns:
      An `Assert` `Op`, that, when run, will raise an `InvalidArgumentError` if
        the operator is not positive definite.
    "
tensorflow._api.v2.compat.v1.linalg.LinearOperatorBlockDiag.assert_self_adjoint,"Returns an `Op` that asserts this operator is self-adjoint.

    Here we check that this operator is *exactly* equal to its hermitian
    transpose.

    Args:
      name:  A string name to prepend to created ops.

    Returns:
      An `Assert` `Op`, that, when run, will raise an `InvalidArgumentError` if
        the operator is not self-adjoint.
    "
tensorflow._api.v2.compat.v1.linalg.LinearOperatorBlockDiag.cholesky,"Returns a Cholesky factor as a `LinearOperator`.

    Given `A` representing this `LinearOperator`, if `A` is positive definite
    self-adjoint, return `L`, where `A = L L^T`, i.e. the cholesky
    decomposition.

    Args:
      name:  A name for this `Op`.

    Returns:
      `LinearOperator` which represents the lower triangular matrix
      in the Cholesky decomposition.

    Raises:
      ValueError: When the `LinearOperator` is not hinted to be positive
        definite and self adjoint.
    "
tensorflow._api.v2.compat.v1.linalg.LinearOperatorBlockDiag.determinant,"Determinant for every batch member.

    Args:
      name:  A name for this `Op`.

    Returns:
      `Tensor` with shape `self.batch_shape` and same `dtype` as `self`.

    Raises:
      NotImplementedError:  If `self.is_square` is `False`.
    "
tensorflow._api.v2.compat.v1.linalg.LinearOperatorBlockDiag.inverse,"Returns the Inverse of this `LinearOperator`.

    Given `A` representing this `LinearOperator`, return a `LinearOperator`
    representing `A^-1`.

    Args:
      name: A name scope to use for ops added by this method.

    Returns:
      `LinearOperator` representing inverse of this matrix.

    Raises:
      ValueError: When the `LinearOperator` is not hinted to be `non_singular`.
    "
tensorflow._api.v2.compat.v1.linalg.LinearOperatorBlockDiag.log_abs_determinant,"Log absolute value of determinant for every batch member.

    Args:
      name:  A name for this `Op`.

    Returns:
      `Tensor` with shape `self.batch_shape` and same `dtype` as `self`.

    Raises:
      NotImplementedError:  If `self.is_square` is `False`.
    "
tensorflow._api.v2.compat.v1.linalg.LinearOperatorBlockLowerTriangular.adjoint,"Returns the adjoint of the current `LinearOperator`.

    Given `A` representing this `LinearOperator`, return `A*`.
    Note that calling `self.adjoint()` and `self.H` are equivalent.

    Args:
      name:  A name for this `Op`.

    Returns:
      `LinearOperator` which represents the adjoint of this `LinearOperator`.
    "
tensorflow._api.v2.compat.v1.linalg.LinearOperatorBlockLowerTriangular.assert_positive_definite,"Returns an `Op` that asserts this operator is positive definite.

    Here, positive definite means that the quadratic form `x^H A x` has positive
    real part for all nonzero `x`.  Note that we do not require the operator to
    be self-adjoint to be positive definite.

    Args:
      name:  A name to give this `Op`.

    Returns:
      An `Assert` `Op`, that, when run, will raise an `InvalidArgumentError` if
        the operator is not positive definite.
    "
tensorflow._api.v2.compat.v1.linalg.LinearOperatorBlockLowerTriangular.assert_self_adjoint,"Returns an `Op` that asserts this operator is self-adjoint.

    Here we check that this operator is *exactly* equal to its hermitian
    transpose.

    Args:
      name:  A string name to prepend to created ops.

    Returns:
      An `Assert` `Op`, that, when run, will raise an `InvalidArgumentError` if
        the operator is not self-adjoint.
    "
tensorflow._api.v2.compat.v1.linalg.LinearOperatorBlockLowerTriangular.cholesky,"Returns a Cholesky factor as a `LinearOperator`.

    Given `A` representing this `LinearOperator`, if `A` is positive definite
    self-adjoint, return `L`, where `A = L L^T`, i.e. the cholesky
    decomposition.

    Args:
      name:  A name for this `Op`.

    Returns:
      `LinearOperator` which represents the lower triangular matrix
      in the Cholesky decomposition.

    Raises:
      ValueError: When the `LinearOperator` is not hinted to be positive
        definite and self adjoint.
    "
tensorflow._api.v2.compat.v1.linalg.LinearOperatorBlockLowerTriangular.determinant,"Determinant for every batch member.

    Args:
      name:  A name for this `Op`.

    Returns:
      `Tensor` with shape `self.batch_shape` and same `dtype` as `self`.

    Raises:
      NotImplementedError:  If `self.is_square` is `False`.
    "
tensorflow._api.v2.compat.v1.linalg.LinearOperatorBlockLowerTriangular.inverse,"Returns the Inverse of this `LinearOperator`.

    Given `A` representing this `LinearOperator`, return a `LinearOperator`
    representing `A^-1`.

    Args:
      name: A name scope to use for ops added by this method.

    Returns:
      `LinearOperator` representing inverse of this matrix.

    Raises:
      ValueError: When the `LinearOperator` is not hinted to be `non_singular`.
    "
tensorflow._api.v2.compat.v1.linalg.LinearOperatorBlockLowerTriangular.log_abs_determinant,"Log absolute value of determinant for every batch member.

    Args:
      name:  A name for this `Op`.

    Returns:
      `Tensor` with shape `self.batch_shape` and same `dtype` as `self`.

    Raises:
      NotImplementedError:  If `self.is_square` is `False`.
    "
tensorflow._api.v2.compat.v1.linalg.LinearOperatorCirculant.adjoint,"Returns the adjoint of the current `LinearOperator`.

    Given `A` representing this `LinearOperator`, return `A*`.
    Note that calling `self.adjoint()` and `self.H` are equivalent.

    Args:
      name:  A name for this `Op`.

    Returns:
      `LinearOperator` which represents the adjoint of this `LinearOperator`.
    "
tensorflow._api.v2.compat.v1.linalg.LinearOperatorCirculant.assert_positive_definite,"Returns an `Op` that asserts this operator is positive definite.

    Here, positive definite means that the quadratic form `x^H A x` has positive
    real part for all nonzero `x`.  Note that we do not require the operator to
    be self-adjoint to be positive definite.

    Args:
      name:  A name to give this `Op`.

    Returns:
      An `Assert` `Op`, that, when run, will raise an `InvalidArgumentError` if
        the operator is not positive definite.
    "
tensorflow._api.v2.compat.v1.linalg.LinearOperatorCirculant.assert_self_adjoint,"Returns an `Op` that asserts this operator is self-adjoint.

    Here we check that this operator is *exactly* equal to its hermitian
    transpose.

    Args:
      name:  A string name to prepend to created ops.

    Returns:
      An `Assert` `Op`, that, when run, will raise an `InvalidArgumentError` if
        the operator is not self-adjoint.
    "
tensorflow._api.v2.compat.v1.linalg.LinearOperatorCirculant.cholesky,"Returns a Cholesky factor as a `LinearOperator`.

    Given `A` representing this `LinearOperator`, if `A` is positive definite
    self-adjoint, return `L`, where `A = L L^T`, i.e. the cholesky
    decomposition.

    Args:
      name:  A name for this `Op`.

    Returns:
      `LinearOperator` which represents the lower triangular matrix
      in the Cholesky decomposition.

    Raises:
      ValueError: When the `LinearOperator` is not hinted to be positive
        definite and self adjoint.
    "
tensorflow._api.v2.compat.v1.linalg.LinearOperatorCirculant.convolution_kernel,"Convolution kernel corresponding to `self.spectrum`.

    The `D` dimensional DFT of this kernel is the frequency domain spectrum of
    this operator.

    Args:
      name:  A name to give this `Op`.

    Returns:
      `Tensor` with `dtype` `self.dtype`.
    "
tensorflow._api.v2.compat.v1.linalg.LinearOperatorCirculant.determinant,"Determinant for every batch member.

    Args:
      name:  A name for this `Op`.

    Returns:
      `Tensor` with shape `self.batch_shape` and same `dtype` as `self`.

    Raises:
      NotImplementedError:  If `self.is_square` is `False`.
    "
tensorflow._api.v2.compat.v1.linalg.LinearOperatorCirculant.inverse,"Returns the Inverse of this `LinearOperator`.

    Given `A` representing this `LinearOperator`, return a `LinearOperator`
    representing `A^-1`.

    Args:
      name: A name scope to use for ops added by this method.

    Returns:
      `LinearOperator` representing inverse of this matrix.

    Raises:
      ValueError: When the `LinearOperator` is not hinted to be `non_singular`.
    "
tensorflow._api.v2.compat.v1.linalg.LinearOperatorCirculant.log_abs_determinant,"Log absolute value of determinant for every batch member.

    Args:
      name:  A name for this `Op`.

    Returns:
      `Tensor` with shape `self.batch_shape` and same `dtype` as `self`.

    Raises:
      NotImplementedError:  If `self.is_square` is `False`.
    "
tensorflow._api.v2.compat.v1.linalg.LinearOperatorCirculant2D.adjoint,"Returns the adjoint of the current `LinearOperator`.

    Given `A` representing this `LinearOperator`, return `A*`.
    Note that calling `self.adjoint()` and `self.H` are equivalent.

    Args:
      name:  A name for this `Op`.

    Returns:
      `LinearOperator` which represents the adjoint of this `LinearOperator`.
    "
tensorflow._api.v2.compat.v1.linalg.LinearOperatorCirculant2D.assert_positive_definite,"Returns an `Op` that asserts this operator is positive definite.

    Here, positive definite means that the quadratic form `x^H A x` has positive
    real part for all nonzero `x`.  Note that we do not require the operator to
    be self-adjoint to be positive definite.

    Args:
      name:  A name to give this `Op`.

    Returns:
      An `Assert` `Op`, that, when run, will raise an `InvalidArgumentError` if
        the operator is not positive definite.
    "
tensorflow._api.v2.compat.v1.linalg.LinearOperatorCirculant2D.assert_self_adjoint,"Returns an `Op` that asserts this operator is self-adjoint.

    Here we check that this operator is *exactly* equal to its hermitian
    transpose.

    Args:
      name:  A string name to prepend to created ops.

    Returns:
      An `Assert` `Op`, that, when run, will raise an `InvalidArgumentError` if
        the operator is not self-adjoint.
    "
tensorflow._api.v2.compat.v1.linalg.LinearOperatorCirculant2D.cholesky,"Returns a Cholesky factor as a `LinearOperator`.

    Given `A` representing this `LinearOperator`, if `A` is positive definite
    self-adjoint, return `L`, where `A = L L^T`, i.e. the cholesky
    decomposition.

    Args:
      name:  A name for this `Op`.

    Returns:
      `LinearOperator` which represents the lower triangular matrix
      in the Cholesky decomposition.

    Raises:
      ValueError: When the `LinearOperator` is not hinted to be positive
        definite and self adjoint.
    "
tensorflow._api.v2.compat.v1.linalg.LinearOperatorCirculant2D.convolution_kernel,"Convolution kernel corresponding to `self.spectrum`.

    The `D` dimensional DFT of this kernel is the frequency domain spectrum of
    this operator.

    Args:
      name:  A name to give this `Op`.

    Returns:
      `Tensor` with `dtype` `self.dtype`.
    "
tensorflow._api.v2.compat.v1.linalg.LinearOperatorCirculant2D.determinant,"Determinant for every batch member.

    Args:
      name:  A name for this `Op`.

    Returns:
      `Tensor` with shape `self.batch_shape` and same `dtype` as `self`.

    Raises:
      NotImplementedError:  If `self.is_square` is `False`.
    "
tensorflow._api.v2.compat.v1.linalg.LinearOperatorCirculant2D.inverse,"Returns the Inverse of this `LinearOperator`.

    Given `A` representing this `LinearOperator`, return a `LinearOperator`
    representing `A^-1`.

    Args:
      name: A name scope to use for ops added by this method.

    Returns:
      `LinearOperator` representing inverse of this matrix.

    Raises:
      ValueError: When the `LinearOperator` is not hinted to be `non_singular`.
    "
tensorflow._api.v2.compat.v1.linalg.LinearOperatorCirculant2D.log_abs_determinant,"Log absolute value of determinant for every batch member.

    Args:
      name:  A name for this `Op`.

    Returns:
      `Tensor` with shape `self.batch_shape` and same `dtype` as `self`.

    Raises:
      NotImplementedError:  If `self.is_square` is `False`.
    "
tensorflow._api.v2.compat.v1.linalg.LinearOperatorCirculant3D.adjoint,"Returns the adjoint of the current `LinearOperator`.

    Given `A` representing this `LinearOperator`, return `A*`.
    Note that calling `self.adjoint()` and `self.H` are equivalent.

    Args:
      name:  A name for this `Op`.

    Returns:
      `LinearOperator` which represents the adjoint of this `LinearOperator`.
    "
tensorflow._api.v2.compat.v1.linalg.LinearOperatorCirculant3D.assert_positive_definite,"Returns an `Op` that asserts this operator is positive definite.

    Here, positive definite means that the quadratic form `x^H A x` has positive
    real part for all nonzero `x`.  Note that we do not require the operator to
    be self-adjoint to be positive definite.

    Args:
      name:  A name to give this `Op`.

    Returns:
      An `Assert` `Op`, that, when run, will raise an `InvalidArgumentError` if
        the operator is not positive definite.
    "
tensorflow._api.v2.compat.v1.linalg.LinearOperatorCirculant3D.assert_self_adjoint,"Returns an `Op` that asserts this operator is self-adjoint.

    Here we check that this operator is *exactly* equal to its hermitian
    transpose.

    Args:
      name:  A string name to prepend to created ops.

    Returns:
      An `Assert` `Op`, that, when run, will raise an `InvalidArgumentError` if
        the operator is not self-adjoint.
    "
tensorflow._api.v2.compat.v1.linalg.LinearOperatorCirculant3D.cholesky,"Returns a Cholesky factor as a `LinearOperator`.

    Given `A` representing this `LinearOperator`, if `A` is positive definite
    self-adjoint, return `L`, where `A = L L^T`, i.e. the cholesky
    decomposition.

    Args:
      name:  A name for this `Op`.

    Returns:
      `LinearOperator` which represents the lower triangular matrix
      in the Cholesky decomposition.

    Raises:
      ValueError: When the `LinearOperator` is not hinted to be positive
        definite and self adjoint.
    "
tensorflow._api.v2.compat.v1.linalg.LinearOperatorCirculant3D.convolution_kernel,"Convolution kernel corresponding to `self.spectrum`.

    The `D` dimensional DFT of this kernel is the frequency domain spectrum of
    this operator.

    Args:
      name:  A name to give this `Op`.

    Returns:
      `Tensor` with `dtype` `self.dtype`.
    "
tensorflow._api.v2.compat.v1.linalg.LinearOperatorCirculant3D.determinant,"Determinant for every batch member.

    Args:
      name:  A name for this `Op`.

    Returns:
      `Tensor` with shape `self.batch_shape` and same `dtype` as `self`.

    Raises:
      NotImplementedError:  If `self.is_square` is `False`.
    "
tensorflow._api.v2.compat.v1.linalg.LinearOperatorCirculant3D.inverse,"Returns the Inverse of this `LinearOperator`.

    Given `A` representing this `LinearOperator`, return a `LinearOperator`
    representing `A^-1`.

    Args:
      name: A name scope to use for ops added by this method.

    Returns:
      `LinearOperator` representing inverse of this matrix.

    Raises:
      ValueError: When the `LinearOperator` is not hinted to be `non_singular`.
    "
tensorflow._api.v2.compat.v1.linalg.LinearOperatorCirculant3D.log_abs_determinant,"Log absolute value of determinant for every batch member.

    Args:
      name:  A name for this `Op`.

    Returns:
      `Tensor` with shape `self.batch_shape` and same `dtype` as `self`.

    Raises:
      NotImplementedError:  If `self.is_square` is `False`.
    "
tensorflow._api.v2.compat.v1.linalg.LinearOperatorComposition.adjoint,"Returns the adjoint of the current `LinearOperator`.

    Given `A` representing this `LinearOperator`, return `A*`.
    Note that calling `self.adjoint()` and `self.H` are equivalent.

    Args:
      name:  A name for this `Op`.

    Returns:
      `LinearOperator` which represents the adjoint of this `LinearOperator`.
    "
tensorflow._api.v2.compat.v1.linalg.LinearOperatorComposition.assert_positive_definite,"Returns an `Op` that asserts this operator is positive definite.

    Here, positive definite means that the quadratic form `x^H A x` has positive
    real part for all nonzero `x`.  Note that we do not require the operator to
    be self-adjoint to be positive definite.

    Args:
      name:  A name to give this `Op`.

    Returns:
      An `Assert` `Op`, that, when run, will raise an `InvalidArgumentError` if
        the operator is not positive definite.
    "
tensorflow._api.v2.compat.v1.linalg.LinearOperatorComposition.assert_self_adjoint,"Returns an `Op` that asserts this operator is self-adjoint.

    Here we check that this operator is *exactly* equal to its hermitian
    transpose.

    Args:
      name:  A string name to prepend to created ops.

    Returns:
      An `Assert` `Op`, that, when run, will raise an `InvalidArgumentError` if
        the operator is not self-adjoint.
    "
tensorflow._api.v2.compat.v1.linalg.LinearOperatorComposition.cholesky,"Returns a Cholesky factor as a `LinearOperator`.

    Given `A` representing this `LinearOperator`, if `A` is positive definite
    self-adjoint, return `L`, where `A = L L^T`, i.e. the cholesky
    decomposition.

    Args:
      name:  A name for this `Op`.

    Returns:
      `LinearOperator` which represents the lower triangular matrix
      in the Cholesky decomposition.

    Raises:
      ValueError: When the `LinearOperator` is not hinted to be positive
        definite and self adjoint.
    "
tensorflow._api.v2.compat.v1.linalg.LinearOperatorComposition.determinant,"Determinant for every batch member.

    Args:
      name:  A name for this `Op`.

    Returns:
      `Tensor` with shape `self.batch_shape` and same `dtype` as `self`.

    Raises:
      NotImplementedError:  If `self.is_square` is `False`.
    "
tensorflow._api.v2.compat.v1.linalg.LinearOperatorComposition.inverse,"Returns the Inverse of this `LinearOperator`.

    Given `A` representing this `LinearOperator`, return a `LinearOperator`
    representing `A^-1`.

    Args:
      name: A name scope to use for ops added by this method.

    Returns:
      `LinearOperator` representing inverse of this matrix.

    Raises:
      ValueError: When the `LinearOperator` is not hinted to be `non_singular`.
    "
tensorflow._api.v2.compat.v1.linalg.LinearOperatorComposition.log_abs_determinant,"Log absolute value of determinant for every batch member.

    Args:
      name:  A name for this `Op`.

    Returns:
      `Tensor` with shape `self.batch_shape` and same `dtype` as `self`.

    Raises:
      NotImplementedError:  If `self.is_square` is `False`.
    "
tensorflow._api.v2.compat.v1.linalg.LinearOperatorDiag.adjoint,"Returns the adjoint of the current `LinearOperator`.

    Given `A` representing this `LinearOperator`, return `A*`.
    Note that calling `self.adjoint()` and `self.H` are equivalent.

    Args:
      name:  A name for this `Op`.

    Returns:
      `LinearOperator` which represents the adjoint of this `LinearOperator`.
    "
tensorflow._api.v2.compat.v1.linalg.LinearOperatorDiag.assert_positive_definite,"Returns an `Op` that asserts this operator is positive definite.

    Here, positive definite means that the quadratic form `x^H A x` has positive
    real part for all nonzero `x`.  Note that we do not require the operator to
    be self-adjoint to be positive definite.

    Args:
      name:  A name to give this `Op`.

    Returns:
      An `Assert` `Op`, that, when run, will raise an `InvalidArgumentError` if
        the operator is not positive definite.
    "
tensorflow._api.v2.compat.v1.linalg.LinearOperatorDiag.assert_self_adjoint,"Returns an `Op` that asserts this operator is self-adjoint.

    Here we check that this operator is *exactly* equal to its hermitian
    transpose.

    Args:
      name:  A string name to prepend to created ops.

    Returns:
      An `Assert` `Op`, that, when run, will raise an `InvalidArgumentError` if
        the operator is not self-adjoint.
    "
tensorflow._api.v2.compat.v1.linalg.LinearOperatorDiag.cholesky,"Returns a Cholesky factor as a `LinearOperator`.

    Given `A` representing this `LinearOperator`, if `A` is positive definite
    self-adjoint, return `L`, where `A = L L^T`, i.e. the cholesky
    decomposition.

    Args:
      name:  A name for this `Op`.

    Returns:
      `LinearOperator` which represents the lower triangular matrix
      in the Cholesky decomposition.

    Raises:
      ValueError: When the `LinearOperator` is not hinted to be positive
        definite and self adjoint.
    "
tensorflow._api.v2.compat.v1.linalg.LinearOperatorDiag.determinant,"Determinant for every batch member.

    Args:
      name:  A name for this `Op`.

    Returns:
      `Tensor` with shape `self.batch_shape` and same `dtype` as `self`.

    Raises:
      NotImplementedError:  If `self.is_square` is `False`.
    "
tensorflow._api.v2.compat.v1.linalg.LinearOperatorDiag.inverse,"Returns the Inverse of this `LinearOperator`.

    Given `A` representing this `LinearOperator`, return a `LinearOperator`
    representing `A^-1`.

    Args:
      name: A name scope to use for ops added by this method.

    Returns:
      `LinearOperator` representing inverse of this matrix.

    Raises:
      ValueError: When the `LinearOperator` is not hinted to be `non_singular`.
    "
tensorflow._api.v2.compat.v1.linalg.LinearOperatorDiag.log_abs_determinant,"Log absolute value of determinant for every batch member.

    Args:
      name:  A name for this `Op`.

    Returns:
      `Tensor` with shape `self.batch_shape` and same `dtype` as `self`.

    Raises:
      NotImplementedError:  If `self.is_square` is `False`.
    "
tensorflow._api.v2.compat.v1.linalg.LinearOperatorFullMatrix.adjoint,"Returns the adjoint of the current `LinearOperator`.

    Given `A` representing this `LinearOperator`, return `A*`.
    Note that calling `self.adjoint()` and `self.H` are equivalent.

    Args:
      name:  A name for this `Op`.

    Returns:
      `LinearOperator` which represents the adjoint of this `LinearOperator`.
    "
tensorflow._api.v2.compat.v1.linalg.LinearOperatorFullMatrix.assert_positive_definite,"Returns an `Op` that asserts this operator is positive definite.

    Here, positive definite means that the quadratic form `x^H A x` has positive
    real part for all nonzero `x`.  Note that we do not require the operator to
    be self-adjoint to be positive definite.

    Args:
      name:  A name to give this `Op`.

    Returns:
      An `Assert` `Op`, that, when run, will raise an `InvalidArgumentError` if
        the operator is not positive definite.
    "
tensorflow._api.v2.compat.v1.linalg.LinearOperatorFullMatrix.assert_self_adjoint,"Returns an `Op` that asserts this operator is self-adjoint.

    Here we check that this operator is *exactly* equal to its hermitian
    transpose.

    Args:
      name:  A string name to prepend to created ops.

    Returns:
      An `Assert` `Op`, that, when run, will raise an `InvalidArgumentError` if
        the operator is not self-adjoint.
    "
tensorflow._api.v2.compat.v1.linalg.LinearOperatorFullMatrix.cholesky,"Returns a Cholesky factor as a `LinearOperator`.

    Given `A` representing this `LinearOperator`, if `A` is positive definite
    self-adjoint, return `L`, where `A = L L^T`, i.e. the cholesky
    decomposition.

    Args:
      name:  A name for this `Op`.

    Returns:
      `LinearOperator` which represents the lower triangular matrix
      in the Cholesky decomposition.

    Raises:
      ValueError: When the `LinearOperator` is not hinted to be positive
        definite and self adjoint.
    "
tensorflow._api.v2.compat.v1.linalg.LinearOperatorFullMatrix.determinant,"Determinant for every batch member.

    Args:
      name:  A name for this `Op`.

    Returns:
      `Tensor` with shape `self.batch_shape` and same `dtype` as `self`.

    Raises:
      NotImplementedError:  If `self.is_square` is `False`.
    "
tensorflow._api.v2.compat.v1.linalg.LinearOperatorFullMatrix.inverse,"Returns the Inverse of this `LinearOperator`.

    Given `A` representing this `LinearOperator`, return a `LinearOperator`
    representing `A^-1`.

    Args:
      name: A name scope to use for ops added by this method.

    Returns:
      `LinearOperator` representing inverse of this matrix.

    Raises:
      ValueError: When the `LinearOperator` is not hinted to be `non_singular`.
    "
tensorflow._api.v2.compat.v1.linalg.LinearOperatorFullMatrix.log_abs_determinant,"Log absolute value of determinant for every batch member.

    Args:
      name:  A name for this `Op`.

    Returns:
      `Tensor` with shape `self.batch_shape` and same `dtype` as `self`.

    Raises:
      NotImplementedError:  If `self.is_square` is `False`.
    "
tensorflow._api.v2.compat.v1.linalg.LinearOperatorHouseholder.adjoint,"Returns the adjoint of the current `LinearOperator`.

    Given `A` representing this `LinearOperator`, return `A*`.
    Note that calling `self.adjoint()` and `self.H` are equivalent.

    Args:
      name:  A name for this `Op`.

    Returns:
      `LinearOperator` which represents the adjoint of this `LinearOperator`.
    "
tensorflow._api.v2.compat.v1.linalg.LinearOperatorHouseholder.assert_positive_definite,"Returns an `Op` that asserts this operator is positive definite.

    Here, positive definite means that the quadratic form `x^H A x` has positive
    real part for all nonzero `x`.  Note that we do not require the operator to
    be self-adjoint to be positive definite.

    Args:
      name:  A name to give this `Op`.

    Returns:
      An `Assert` `Op`, that, when run, will raise an `InvalidArgumentError` if
        the operator is not positive definite.
    "
tensorflow._api.v2.compat.v1.linalg.LinearOperatorHouseholder.assert_self_adjoint,"Returns an `Op` that asserts this operator is self-adjoint.

    Here we check that this operator is *exactly* equal to its hermitian
    transpose.

    Args:
      name:  A string name to prepend to created ops.

    Returns:
      An `Assert` `Op`, that, when run, will raise an `InvalidArgumentError` if
        the operator is not self-adjoint.
    "
tensorflow._api.v2.compat.v1.linalg.LinearOperatorHouseholder.cholesky,"Returns a Cholesky factor as a `LinearOperator`.

    Given `A` representing this `LinearOperator`, if `A` is positive definite
    self-adjoint, return `L`, where `A = L L^T`, i.e. the cholesky
    decomposition.

    Args:
      name:  A name for this `Op`.

    Returns:
      `LinearOperator` which represents the lower triangular matrix
      in the Cholesky decomposition.

    Raises:
      ValueError: When the `LinearOperator` is not hinted to be positive
        definite and self adjoint.
    "
tensorflow._api.v2.compat.v1.linalg.LinearOperatorHouseholder.determinant,"Determinant for every batch member.

    Args:
      name:  A name for this `Op`.

    Returns:
      `Tensor` with shape `self.batch_shape` and same `dtype` as `self`.

    Raises:
      NotImplementedError:  If `self.is_square` is `False`.
    "
tensorflow._api.v2.compat.v1.linalg.LinearOperatorHouseholder.inverse,"Returns the Inverse of this `LinearOperator`.

    Given `A` representing this `LinearOperator`, return a `LinearOperator`
    representing `A^-1`.

    Args:
      name: A name scope to use for ops added by this method.

    Returns:
      `LinearOperator` representing inverse of this matrix.

    Raises:
      ValueError: When the `LinearOperator` is not hinted to be `non_singular`.
    "
tensorflow._api.v2.compat.v1.linalg.LinearOperatorHouseholder.log_abs_determinant,"Log absolute value of determinant for every batch member.

    Args:
      name:  A name for this `Op`.

    Returns:
      `Tensor` with shape `self.batch_shape` and same `dtype` as `self`.

    Raises:
      NotImplementedError:  If `self.is_square` is `False`.
    "
tensorflow._api.v2.compat.v1.linalg.LinearOperatorIdentity.add_to_tensor,"Add matrix represented by this operator to `mat`.  Equiv to `I + mat`.

    Args:
      mat:  `Tensor` with same `dtype` and shape broadcastable to `self`.
      name:  A name to give this `Op`.

    Returns:
      A `Tensor` with broadcast shape and same `dtype` as `self`.
    "
tensorflow._api.v2.compat.v1.linalg.LinearOperatorIdentity.adjoint,"Returns the adjoint of the current `LinearOperator`.

    Given `A` representing this `LinearOperator`, return `A*`.
    Note that calling `self.adjoint()` and `self.H` are equivalent.

    Args:
      name:  A name for this `Op`.

    Returns:
      `LinearOperator` which represents the adjoint of this `LinearOperator`.
    "
tensorflow._api.v2.compat.v1.linalg.LinearOperatorIdentity.assert_positive_definite,"Returns an `Op` that asserts this operator is positive definite.

    Here, positive definite means that the quadratic form `x^H A x` has positive
    real part for all nonzero `x`.  Note that we do not require the operator to
    be self-adjoint to be positive definite.

    Args:
      name:  A name to give this `Op`.

    Returns:
      An `Assert` `Op`, that, when run, will raise an `InvalidArgumentError` if
        the operator is not positive definite.
    "
tensorflow._api.v2.compat.v1.linalg.LinearOperatorIdentity.assert_self_adjoint,"Returns an `Op` that asserts this operator is self-adjoint.

    Here we check that this operator is *exactly* equal to its hermitian
    transpose.

    Args:
      name:  A string name to prepend to created ops.

    Returns:
      An `Assert` `Op`, that, when run, will raise an `InvalidArgumentError` if
        the operator is not self-adjoint.
    "
tensorflow._api.v2.compat.v1.linalg.LinearOperatorIdentity.cholesky,"Returns a Cholesky factor as a `LinearOperator`.

    Given `A` representing this `LinearOperator`, if `A` is positive definite
    self-adjoint, return `L`, where `A = L L^T`, i.e. the cholesky
    decomposition.

    Args:
      name:  A name for this `Op`.

    Returns:
      `LinearOperator` which represents the lower triangular matrix
      in the Cholesky decomposition.

    Raises:
      ValueError: When the `LinearOperator` is not hinted to be positive
        definite and self adjoint.
    "
tensorflow._api.v2.compat.v1.linalg.LinearOperatorIdentity.determinant,"Determinant for every batch member.

    Args:
      name:  A name for this `Op`.

    Returns:
      `Tensor` with shape `self.batch_shape` and same `dtype` as `self`.

    Raises:
      NotImplementedError:  If `self.is_square` is `False`.
    "
tensorflow._api.v2.compat.v1.linalg.LinearOperatorIdentity.inverse,"Returns the Inverse of this `LinearOperator`.

    Given `A` representing this `LinearOperator`, return a `LinearOperator`
    representing `A^-1`.

    Args:
      name: A name scope to use for ops added by this method.

    Returns:
      `LinearOperator` representing inverse of this matrix.

    Raises:
      ValueError: When the `LinearOperator` is not hinted to be `non_singular`.
    "
tensorflow._api.v2.compat.v1.linalg.LinearOperatorIdentity.log_abs_determinant,"Log absolute value of determinant for every batch member.

    Args:
      name:  A name for this `Op`.

    Returns:
      `Tensor` with shape `self.batch_shape` and same `dtype` as `self`.

    Raises:
      NotImplementedError:  If `self.is_square` is `False`.
    "
tensorflow._api.v2.compat.v1.linalg.LinearOperatorInversion.adjoint,"Returns the adjoint of the current `LinearOperator`.

    Given `A` representing this `LinearOperator`, return `A*`.
    Note that calling `self.adjoint()` and `self.H` are equivalent.

    Args:
      name:  A name for this `Op`.

    Returns:
      `LinearOperator` which represents the adjoint of this `LinearOperator`.
    "
tensorflow._api.v2.compat.v1.linalg.LinearOperatorInversion.assert_positive_definite,"Returns an `Op` that asserts this operator is positive definite.

    Here, positive definite means that the quadratic form `x^H A x` has positive
    real part for all nonzero `x`.  Note that we do not require the operator to
    be self-adjoint to be positive definite.

    Args:
      name:  A name to give this `Op`.

    Returns:
      An `Assert` `Op`, that, when run, will raise an `InvalidArgumentError` if
        the operator is not positive definite.
    "
tensorflow._api.v2.compat.v1.linalg.LinearOperatorInversion.assert_self_adjoint,"Returns an `Op` that asserts this operator is self-adjoint.

    Here we check that this operator is *exactly* equal to its hermitian
    transpose.

    Args:
      name:  A string name to prepend to created ops.

    Returns:
      An `Assert` `Op`, that, when run, will raise an `InvalidArgumentError` if
        the operator is not self-adjoint.
    "
tensorflow._api.v2.compat.v1.linalg.LinearOperatorInversion.cholesky,"Returns a Cholesky factor as a `LinearOperator`.

    Given `A` representing this `LinearOperator`, if `A` is positive definite
    self-adjoint, return `L`, where `A = L L^T`, i.e. the cholesky
    decomposition.

    Args:
      name:  A name for this `Op`.

    Returns:
      `LinearOperator` which represents the lower triangular matrix
      in the Cholesky decomposition.

    Raises:
      ValueError: When the `LinearOperator` is not hinted to be positive
        definite and self adjoint.
    "
tensorflow._api.v2.compat.v1.linalg.LinearOperatorInversion.determinant,"Determinant for every batch member.

    Args:
      name:  A name for this `Op`.

    Returns:
      `Tensor` with shape `self.batch_shape` and same `dtype` as `self`.

    Raises:
      NotImplementedError:  If `self.is_square` is `False`.
    "
tensorflow._api.v2.compat.v1.linalg.LinearOperatorInversion.inverse,"Returns the Inverse of this `LinearOperator`.

    Given `A` representing this `LinearOperator`, return a `LinearOperator`
    representing `A^-1`.

    Args:
      name: A name scope to use for ops added by this method.

    Returns:
      `LinearOperator` representing inverse of this matrix.

    Raises:
      ValueError: When the `LinearOperator` is not hinted to be `non_singular`.
    "
tensorflow._api.v2.compat.v1.linalg.LinearOperatorInversion.log_abs_determinant,"Log absolute value of determinant for every batch member.

    Args:
      name:  A name for this `Op`.

    Returns:
      `Tensor` with shape `self.batch_shape` and same `dtype` as `self`.

    Raises:
      NotImplementedError:  If `self.is_square` is `False`.
    "
tensorflow._api.v2.compat.v1.linalg.LinearOperatorKronecker.adjoint,"Returns the adjoint of the current `LinearOperator`.

    Given `A` representing this `LinearOperator`, return `A*`.
    Note that calling `self.adjoint()` and `self.H` are equivalent.

    Args:
      name:  A name for this `Op`.

    Returns:
      `LinearOperator` which represents the adjoint of this `LinearOperator`.
    "
tensorflow._api.v2.compat.v1.linalg.LinearOperatorKronecker.assert_positive_definite,"Returns an `Op` that asserts this operator is positive definite.

    Here, positive definite means that the quadratic form `x^H A x` has positive
    real part for all nonzero `x`.  Note that we do not require the operator to
    be self-adjoint to be positive definite.

    Args:
      name:  A name to give this `Op`.

    Returns:
      An `Assert` `Op`, that, when run, will raise an `InvalidArgumentError` if
        the operator is not positive definite.
    "
tensorflow._api.v2.compat.v1.linalg.LinearOperatorKronecker.assert_self_adjoint,"Returns an `Op` that asserts this operator is self-adjoint.

    Here we check that this operator is *exactly* equal to its hermitian
    transpose.

    Args:
      name:  A string name to prepend to created ops.

    Returns:
      An `Assert` `Op`, that, when run, will raise an `InvalidArgumentError` if
        the operator is not self-adjoint.
    "
tensorflow._api.v2.compat.v1.linalg.LinearOperatorKronecker.cholesky,"Returns a Cholesky factor as a `LinearOperator`.

    Given `A` representing this `LinearOperator`, if `A` is positive definite
    self-adjoint, return `L`, where `A = L L^T`, i.e. the cholesky
    decomposition.

    Args:
      name:  A name for this `Op`.

    Returns:
      `LinearOperator` which represents the lower triangular matrix
      in the Cholesky decomposition.

    Raises:
      ValueError: When the `LinearOperator` is not hinted to be positive
        definite and self adjoint.
    "
tensorflow._api.v2.compat.v1.linalg.LinearOperatorKronecker.determinant,"Determinant for every batch member.

    Args:
      name:  A name for this `Op`.

    Returns:
      `Tensor` with shape `self.batch_shape` and same `dtype` as `self`.

    Raises:
      NotImplementedError:  If `self.is_square` is `False`.
    "
tensorflow._api.v2.compat.v1.linalg.LinearOperatorKronecker.inverse,"Returns the Inverse of this `LinearOperator`.

    Given `A` representing this `LinearOperator`, return a `LinearOperator`
    representing `A^-1`.

    Args:
      name: A name scope to use for ops added by this method.

    Returns:
      `LinearOperator` representing inverse of this matrix.

    Raises:
      ValueError: When the `LinearOperator` is not hinted to be `non_singular`.
    "
tensorflow._api.v2.compat.v1.linalg.LinearOperatorKronecker.log_abs_determinant,"Log absolute value of determinant for every batch member.

    Args:
      name:  A name for this `Op`.

    Returns:
      `Tensor` with shape `self.batch_shape` and same `dtype` as `self`.

    Raises:
      NotImplementedError:  If `self.is_square` is `False`.
    "
tensorflow._api.v2.compat.v1.linalg.LinearOperatorLowRankUpdate.adjoint,"Returns the adjoint of the current `LinearOperator`.

    Given `A` representing this `LinearOperator`, return `A*`.
    Note that calling `self.adjoint()` and `self.H` are equivalent.

    Args:
      name:  A name for this `Op`.

    Returns:
      `LinearOperator` which represents the adjoint of this `LinearOperator`.
    "
tensorflow._api.v2.compat.v1.linalg.LinearOperatorLowRankUpdate.assert_positive_definite,"Returns an `Op` that asserts this operator is positive definite.

    Here, positive definite means that the quadratic form `x^H A x` has positive
    real part for all nonzero `x`.  Note that we do not require the operator to
    be self-adjoint to be positive definite.

    Args:
      name:  A name to give this `Op`.

    Returns:
      An `Assert` `Op`, that, when run, will raise an `InvalidArgumentError` if
        the operator is not positive definite.
    "
tensorflow._api.v2.compat.v1.linalg.LinearOperatorLowRankUpdate.assert_self_adjoint,"Returns an `Op` that asserts this operator is self-adjoint.

    Here we check that this operator is *exactly* equal to its hermitian
    transpose.

    Args:
      name:  A string name to prepend to created ops.

    Returns:
      An `Assert` `Op`, that, when run, will raise an `InvalidArgumentError` if
        the operator is not self-adjoint.
    "
tensorflow._api.v2.compat.v1.linalg.LinearOperatorLowRankUpdate.cholesky,"Returns a Cholesky factor as a `LinearOperator`.

    Given `A` representing this `LinearOperator`, if `A` is positive definite
    self-adjoint, return `L`, where `A = L L^T`, i.e. the cholesky
    decomposition.

    Args:
      name:  A name for this `Op`.

    Returns:
      `LinearOperator` which represents the lower triangular matrix
      in the Cholesky decomposition.

    Raises:
      ValueError: When the `LinearOperator` is not hinted to be positive
        definite and self adjoint.
    "
tensorflow._api.v2.compat.v1.linalg.LinearOperatorLowRankUpdate.determinant,"Determinant for every batch member.

    Args:
      name:  A name for this `Op`.

    Returns:
      `Tensor` with shape `self.batch_shape` and same `dtype` as `self`.

    Raises:
      NotImplementedError:  If `self.is_square` is `False`.
    "
tensorflow._api.v2.compat.v1.linalg.LinearOperatorLowRankUpdate.inverse,"Returns the Inverse of this `LinearOperator`.

    Given `A` representing this `LinearOperator`, return a `LinearOperator`
    representing `A^-1`.

    Args:
      name: A name scope to use for ops added by this method.

    Returns:
      `LinearOperator` representing inverse of this matrix.

    Raises:
      ValueError: When the `LinearOperator` is not hinted to be `non_singular`.
    "
tensorflow._api.v2.compat.v1.linalg.LinearOperatorLowRankUpdate.log_abs_determinant,"Log absolute value of determinant for every batch member.

    Args:
      name:  A name for this `Op`.

    Returns:
      `Tensor` with shape `self.batch_shape` and same `dtype` as `self`.

    Raises:
      NotImplementedError:  If `self.is_square` is `False`.
    "
tensorflow._api.v2.compat.v1.linalg.LinearOperatorLowerTriangular.adjoint,"Returns the adjoint of the current `LinearOperator`.

    Given `A` representing this `LinearOperator`, return `A*`.
    Note that calling `self.adjoint()` and `self.H` are equivalent.

    Args:
      name:  A name for this `Op`.

    Returns:
      `LinearOperator` which represents the adjoint of this `LinearOperator`.
    "
tensorflow._api.v2.compat.v1.linalg.LinearOperatorLowerTriangular.assert_positive_definite,"Returns an `Op` that asserts this operator is positive definite.

    Here, positive definite means that the quadratic form `x^H A x` has positive
    real part for all nonzero `x`.  Note that we do not require the operator to
    be self-adjoint to be positive definite.

    Args:
      name:  A name to give this `Op`.

    Returns:
      An `Assert` `Op`, that, when run, will raise an `InvalidArgumentError` if
        the operator is not positive definite.
    "
tensorflow._api.v2.compat.v1.linalg.LinearOperatorLowerTriangular.assert_self_adjoint,"Returns an `Op` that asserts this operator is self-adjoint.

    Here we check that this operator is *exactly* equal to its hermitian
    transpose.

    Args:
      name:  A string name to prepend to created ops.

    Returns:
      An `Assert` `Op`, that, when run, will raise an `InvalidArgumentError` if
        the operator is not self-adjoint.
    "
tensorflow._api.v2.compat.v1.linalg.LinearOperatorLowerTriangular.cholesky,"Returns a Cholesky factor as a `LinearOperator`.

    Given `A` representing this `LinearOperator`, if `A` is positive definite
    self-adjoint, return `L`, where `A = L L^T`, i.e. the cholesky
    decomposition.

    Args:
      name:  A name for this `Op`.

    Returns:
      `LinearOperator` which represents the lower triangular matrix
      in the Cholesky decomposition.

    Raises:
      ValueError: When the `LinearOperator` is not hinted to be positive
        definite and self adjoint.
    "
tensorflow._api.v2.compat.v1.linalg.LinearOperatorLowerTriangular.determinant,"Determinant for every batch member.

    Args:
      name:  A name for this `Op`.

    Returns:
      `Tensor` with shape `self.batch_shape` and same `dtype` as `self`.

    Raises:
      NotImplementedError:  If `self.is_square` is `False`.
    "
tensorflow._api.v2.compat.v1.linalg.LinearOperatorLowerTriangular.inverse,"Returns the Inverse of this `LinearOperator`.

    Given `A` representing this `LinearOperator`, return a `LinearOperator`
    representing `A^-1`.

    Args:
      name: A name scope to use for ops added by this method.

    Returns:
      `LinearOperator` representing inverse of this matrix.

    Raises:
      ValueError: When the `LinearOperator` is not hinted to be `non_singular`.
    "
tensorflow._api.v2.compat.v1.linalg.LinearOperatorLowerTriangular.log_abs_determinant,"Log absolute value of determinant for every batch member.

    Args:
      name:  A name for this `Op`.

    Returns:
      `Tensor` with shape `self.batch_shape` and same `dtype` as `self`.

    Raises:
      NotImplementedError:  If `self.is_square` is `False`.
    "
tensorflow._api.v2.compat.v1.linalg.LinearOperatorPermutation.adjoint,"Returns the adjoint of the current `LinearOperator`.

    Given `A` representing this `LinearOperator`, return `A*`.
    Note that calling `self.adjoint()` and `self.H` are equivalent.

    Args:
      name:  A name for this `Op`.

    Returns:
      `LinearOperator` which represents the adjoint of this `LinearOperator`.
    "
tensorflow._api.v2.compat.v1.linalg.LinearOperatorPermutation.assert_positive_definite,"Returns an `Op` that asserts this operator is positive definite.

    Here, positive definite means that the quadratic form `x^H A x` has positive
    real part for all nonzero `x`.  Note that we do not require the operator to
    be self-adjoint to be positive definite.

    Args:
      name:  A name to give this `Op`.

    Returns:
      An `Assert` `Op`, that, when run, will raise an `InvalidArgumentError` if
        the operator is not positive definite.
    "
tensorflow._api.v2.compat.v1.linalg.LinearOperatorPermutation.assert_self_adjoint,"Returns an `Op` that asserts this operator is self-adjoint.

    Here we check that this operator is *exactly* equal to its hermitian
    transpose.

    Args:
      name:  A string name to prepend to created ops.

    Returns:
      An `Assert` `Op`, that, when run, will raise an `InvalidArgumentError` if
        the operator is not self-adjoint.
    "
tensorflow._api.v2.compat.v1.linalg.LinearOperatorPermutation.cholesky,"Returns a Cholesky factor as a `LinearOperator`.

    Given `A` representing this `LinearOperator`, if `A` is positive definite
    self-adjoint, return `L`, where `A = L L^T`, i.e. the cholesky
    decomposition.

    Args:
      name:  A name for this `Op`.

    Returns:
      `LinearOperator` which represents the lower triangular matrix
      in the Cholesky decomposition.

    Raises:
      ValueError: When the `LinearOperator` is not hinted to be positive
        definite and self adjoint.
    "
tensorflow._api.v2.compat.v1.linalg.LinearOperatorPermutation.determinant,"Determinant for every batch member.

    Args:
      name:  A name for this `Op`.

    Returns:
      `Tensor` with shape `self.batch_shape` and same `dtype` as `self`.

    Raises:
      NotImplementedError:  If `self.is_square` is `False`.
    "
tensorflow._api.v2.compat.v1.linalg.LinearOperatorPermutation.inverse,"Returns the Inverse of this `LinearOperator`.

    Given `A` representing this `LinearOperator`, return a `LinearOperator`
    representing `A^-1`.

    Args:
      name: A name scope to use for ops added by this method.

    Returns:
      `LinearOperator` representing inverse of this matrix.

    Raises:
      ValueError: When the `LinearOperator` is not hinted to be `non_singular`.
    "
tensorflow._api.v2.compat.v1.linalg.LinearOperatorPermutation.log_abs_determinant,"Log absolute value of determinant for every batch member.

    Args:
      name:  A name for this `Op`.

    Returns:
      `Tensor` with shape `self.batch_shape` and same `dtype` as `self`.

    Raises:
      NotImplementedError:  If `self.is_square` is `False`.
    "
tensorflow._api.v2.compat.v1.linalg.LinearOperatorScaledIdentity.add_to_tensor,"Add matrix represented by this operator to `mat`.  Equiv to `I + mat`.

    Args:
      mat:  `Tensor` with same `dtype` and shape broadcastable to `self`.
      name:  A name to give this `Op`.

    Returns:
      A `Tensor` with broadcast shape and same `dtype` as `self`.
    "
tensorflow._api.v2.compat.v1.linalg.LinearOperatorScaledIdentity.adjoint,"Returns the adjoint of the current `LinearOperator`.

    Given `A` representing this `LinearOperator`, return `A*`.
    Note that calling `self.adjoint()` and `self.H` are equivalent.

    Args:
      name:  A name for this `Op`.

    Returns:
      `LinearOperator` which represents the adjoint of this `LinearOperator`.
    "
tensorflow._api.v2.compat.v1.linalg.LinearOperatorScaledIdentity.assert_positive_definite,"Returns an `Op` that asserts this operator is positive definite.

    Here, positive definite means that the quadratic form `x^H A x` has positive
    real part for all nonzero `x`.  Note that we do not require the operator to
    be self-adjoint to be positive definite.

    Args:
      name:  A name to give this `Op`.

    Returns:
      An `Assert` `Op`, that, when run, will raise an `InvalidArgumentError` if
        the operator is not positive definite.
    "
tensorflow._api.v2.compat.v1.linalg.LinearOperatorScaledIdentity.assert_self_adjoint,"Returns an `Op` that asserts this operator is self-adjoint.

    Here we check that this operator is *exactly* equal to its hermitian
    transpose.

    Args:
      name:  A string name to prepend to created ops.

    Returns:
      An `Assert` `Op`, that, when run, will raise an `InvalidArgumentError` if
        the operator is not self-adjoint.
    "
tensorflow._api.v2.compat.v1.linalg.LinearOperatorScaledIdentity.cholesky,"Returns a Cholesky factor as a `LinearOperator`.

    Given `A` representing this `LinearOperator`, if `A` is positive definite
    self-adjoint, return `L`, where `A = L L^T`, i.e. the cholesky
    decomposition.

    Args:
      name:  A name for this `Op`.

    Returns:
      `LinearOperator` which represents the lower triangular matrix
      in the Cholesky decomposition.

    Raises:
      ValueError: When the `LinearOperator` is not hinted to be positive
        definite and self adjoint.
    "
tensorflow._api.v2.compat.v1.linalg.LinearOperatorScaledIdentity.determinant,"Determinant for every batch member.

    Args:
      name:  A name for this `Op`.

    Returns:
      `Tensor` with shape `self.batch_shape` and same `dtype` as `self`.

    Raises:
      NotImplementedError:  If `self.is_square` is `False`.
    "
tensorflow._api.v2.compat.v1.linalg.LinearOperatorScaledIdentity.inverse,"Returns the Inverse of this `LinearOperator`.

    Given `A` representing this `LinearOperator`, return a `LinearOperator`
    representing `A^-1`.

    Args:
      name: A name scope to use for ops added by this method.

    Returns:
      `LinearOperator` representing inverse of this matrix.

    Raises:
      ValueError: When the `LinearOperator` is not hinted to be `non_singular`.
    "
tensorflow._api.v2.compat.v1.linalg.LinearOperatorScaledIdentity.log_abs_determinant,"Log absolute value of determinant for every batch member.

    Args:
      name:  A name for this `Op`.

    Returns:
      `Tensor` with shape `self.batch_shape` and same `dtype` as `self`.

    Raises:
      NotImplementedError:  If `self.is_square` is `False`.
    "
tensorflow._api.v2.compat.v1.linalg.LinearOperatorToeplitz.adjoint,"Returns the adjoint of the current `LinearOperator`.

    Given `A` representing this `LinearOperator`, return `A*`.
    Note that calling `self.adjoint()` and `self.H` are equivalent.

    Args:
      name:  A name for this `Op`.

    Returns:
      `LinearOperator` which represents the adjoint of this `LinearOperator`.
    "
tensorflow._api.v2.compat.v1.linalg.LinearOperatorToeplitz.assert_positive_definite,"Returns an `Op` that asserts this operator is positive definite.

    Here, positive definite means that the quadratic form `x^H A x` has positive
    real part for all nonzero `x`.  Note that we do not require the operator to
    be self-adjoint to be positive definite.

    Args:
      name:  A name to give this `Op`.

    Returns:
      An `Assert` `Op`, that, when run, will raise an `InvalidArgumentError` if
        the operator is not positive definite.
    "
tensorflow._api.v2.compat.v1.linalg.LinearOperatorToeplitz.assert_self_adjoint,"Returns an `Op` that asserts this operator is self-adjoint.

    Here we check that this operator is *exactly* equal to its hermitian
    transpose.

    Args:
      name:  A string name to prepend to created ops.

    Returns:
      An `Assert` `Op`, that, when run, will raise an `InvalidArgumentError` if
        the operator is not self-adjoint.
    "
tensorflow._api.v2.compat.v1.linalg.LinearOperatorToeplitz.cholesky,"Returns a Cholesky factor as a `LinearOperator`.

    Given `A` representing this `LinearOperator`, if `A` is positive definite
    self-adjoint, return `L`, where `A = L L^T`, i.e. the cholesky
    decomposition.

    Args:
      name:  A name for this `Op`.

    Returns:
      `LinearOperator` which represents the lower triangular matrix
      in the Cholesky decomposition.

    Raises:
      ValueError: When the `LinearOperator` is not hinted to be positive
        definite and self adjoint.
    "
tensorflow._api.v2.compat.v1.linalg.LinearOperatorToeplitz.determinant,"Determinant for every batch member.

    Args:
      name:  A name for this `Op`.

    Returns:
      `Tensor` with shape `self.batch_shape` and same `dtype` as `self`.

    Raises:
      NotImplementedError:  If `self.is_square` is `False`.
    "
tensorflow._api.v2.compat.v1.linalg.LinearOperatorToeplitz.inverse,"Returns the Inverse of this `LinearOperator`.

    Given `A` representing this `LinearOperator`, return a `LinearOperator`
    representing `A^-1`.

    Args:
      name: A name scope to use for ops added by this method.

    Returns:
      `LinearOperator` representing inverse of this matrix.

    Raises:
      ValueError: When the `LinearOperator` is not hinted to be `non_singular`.
    "
tensorflow._api.v2.compat.v1.linalg.LinearOperatorToeplitz.log_abs_determinant,"Log absolute value of determinant for every batch member.

    Args:
      name:  A name for this `Op`.

    Returns:
      `Tensor` with shape `self.batch_shape` and same `dtype` as `self`.

    Raises:
      NotImplementedError:  If `self.is_square` is `False`.
    "
tensorflow._api.v2.compat.v1.linalg.LinearOperatorTridiag.adjoint,"Returns the adjoint of the current `LinearOperator`.

    Given `A` representing this `LinearOperator`, return `A*`.
    Note that calling `self.adjoint()` and `self.H` are equivalent.

    Args:
      name:  A name for this `Op`.

    Returns:
      `LinearOperator` which represents the adjoint of this `LinearOperator`.
    "
tensorflow._api.v2.compat.v1.linalg.LinearOperatorTridiag.assert_positive_definite,"Returns an `Op` that asserts this operator is positive definite.

    Here, positive definite means that the quadratic form `x^H A x` has positive
    real part for all nonzero `x`.  Note that we do not require the operator to
    be self-adjoint to be positive definite.

    Args:
      name:  A name to give this `Op`.

    Returns:
      An `Assert` `Op`, that, when run, will raise an `InvalidArgumentError` if
        the operator is not positive definite.
    "
tensorflow._api.v2.compat.v1.linalg.LinearOperatorTridiag.assert_self_adjoint,"Returns an `Op` that asserts this operator is self-adjoint.

    Here we check that this operator is *exactly* equal to its hermitian
    transpose.

    Args:
      name:  A string name to prepend to created ops.

    Returns:
      An `Assert` `Op`, that, when run, will raise an `InvalidArgumentError` if
        the operator is not self-adjoint.
    "
tensorflow._api.v2.compat.v1.linalg.LinearOperatorTridiag.cholesky,"Returns a Cholesky factor as a `LinearOperator`.

    Given `A` representing this `LinearOperator`, if `A` is positive definite
    self-adjoint, return `L`, where `A = L L^T`, i.e. the cholesky
    decomposition.

    Args:
      name:  A name for this `Op`.

    Returns:
      `LinearOperator` which represents the lower triangular matrix
      in the Cholesky decomposition.

    Raises:
      ValueError: When the `LinearOperator` is not hinted to be positive
        definite and self adjoint.
    "
tensorflow._api.v2.compat.v1.linalg.LinearOperatorTridiag.determinant,"Determinant for every batch member.

    Args:
      name:  A name for this `Op`.

    Returns:
      `Tensor` with shape `self.batch_shape` and same `dtype` as `self`.

    Raises:
      NotImplementedError:  If `self.is_square` is `False`.
    "
tensorflow._api.v2.compat.v1.linalg.LinearOperatorTridiag.inverse,"Returns the Inverse of this `LinearOperator`.

    Given `A` representing this `LinearOperator`, return a `LinearOperator`
    representing `A^-1`.

    Args:
      name: A name scope to use for ops added by this method.

    Returns:
      `LinearOperator` representing inverse of this matrix.

    Raises:
      ValueError: When the `LinearOperator` is not hinted to be `non_singular`.
    "
tensorflow._api.v2.compat.v1.linalg.LinearOperatorTridiag.log_abs_determinant,"Log absolute value of determinant for every batch member.

    Args:
      name:  A name for this `Op`.

    Returns:
      `Tensor` with shape `self.batch_shape` and same `dtype` as `self`.

    Raises:
      NotImplementedError:  If `self.is_square` is `False`.
    "
tensorflow._api.v2.compat.v1.linalg.LinearOperatorZeros.add_to_tensor,"Add matrix represented by this operator to `mat`.  Equiv to `I + mat`.

    Args:
      mat:  `Tensor` with same `dtype` and shape broadcastable to `self`.
      name:  A name to give this `Op`.

    Returns:
      A `Tensor` with broadcast shape and same `dtype` as `self`.
    "
tensorflow._api.v2.compat.v1.linalg.LinearOperatorZeros.adjoint,"Returns the adjoint of the current `LinearOperator`.

    Given `A` representing this `LinearOperator`, return `A*`.
    Note that calling `self.adjoint()` and `self.H` are equivalent.

    Args:
      name:  A name for this `Op`.

    Returns:
      `LinearOperator` which represents the adjoint of this `LinearOperator`.
    "
tensorflow._api.v2.compat.v1.linalg.LinearOperatorZeros.assert_positive_definite,"Returns an `Op` that asserts this operator is positive definite.

    Here, positive definite means that the quadratic form `x^H A x` has positive
    real part for all nonzero `x`.  Note that we do not require the operator to
    be self-adjoint to be positive definite.

    Args:
      name:  A name to give this `Op`.

    Returns:
      An `Assert` `Op`, that, when run, will raise an `InvalidArgumentError` if
        the operator is not positive definite.
    "
tensorflow._api.v2.compat.v1.linalg.LinearOperatorZeros.assert_self_adjoint,"Returns an `Op` that asserts this operator is self-adjoint.

    Here we check that this operator is *exactly* equal to its hermitian
    transpose.

    Args:
      name:  A string name to prepend to created ops.

    Returns:
      An `Assert` `Op`, that, when run, will raise an `InvalidArgumentError` if
        the operator is not self-adjoint.
    "
tensorflow._api.v2.compat.v1.linalg.LinearOperatorZeros.cholesky,"Returns a Cholesky factor as a `LinearOperator`.

    Given `A` representing this `LinearOperator`, if `A` is positive definite
    self-adjoint, return `L`, where `A = L L^T`, i.e. the cholesky
    decomposition.

    Args:
      name:  A name for this `Op`.

    Returns:
      `LinearOperator` which represents the lower triangular matrix
      in the Cholesky decomposition.

    Raises:
      ValueError: When the `LinearOperator` is not hinted to be positive
        definite and self adjoint.
    "
tensorflow._api.v2.compat.v1.linalg.LinearOperatorZeros.determinant,"Determinant for every batch member.

    Args:
      name:  A name for this `Op`.

    Returns:
      `Tensor` with shape `self.batch_shape` and same `dtype` as `self`.

    Raises:
      NotImplementedError:  If `self.is_square` is `False`.
    "
tensorflow._api.v2.compat.v1.linalg.LinearOperatorZeros.inverse,"Returns the Inverse of this `LinearOperator`.

    Given `A` representing this `LinearOperator`, return a `LinearOperator`
    representing `A^-1`.

    Args:
      name: A name scope to use for ops added by this method.

    Returns:
      `LinearOperator` representing inverse of this matrix.

    Raises:
      ValueError: When the `LinearOperator` is not hinted to be `non_singular`.
    "
tensorflow._api.v2.compat.v1.linalg.LinearOperatorZeros.log_abs_determinant,"Log absolute value of determinant for every batch member.

    Args:
      name:  A name for this `Op`.

    Returns:
      `Tensor` with shape `self.batch_shape` and same `dtype` as `self`.

    Raises:
      NotImplementedError:  If `self.is_square` is `False`.
    "
tensorflow._api.v2.compat.v1.linalg.global_norm,"Computes the global norm of multiple tensors.

  Given a tuple or list of tensors `t_list`, this operation returns the
  global norm of the elements in all tensors in `t_list`. The global norm is
  computed as:

  `global_norm = sqrt(sum([l2norm(t)**2 for t in t_list]))`

  Any entries in `t_list` that are of type None are ignored.

  Args:
    t_list: A tuple or list of mixed `Tensors`, `IndexedSlices`, or None.
    name: A name for the operation (optional).

  Returns:
    A 0-D (scalar) `Tensor` of type `float`.

  Raises:
    TypeError: If `t_list` is not a sequence.
  "
tensorflow._api.v2.compat.v1.lite.Interpreter.get_tensor_details,"Gets tensor details for every tensor with valid tensor details from a subgraph.

    Tensors where required information about the tensor is not found are not
    added to the list. This includes temporary tensors without a name.

    Args:
      subgraph_index: Index of the subgraph to fetch the tensor.

    Returns:
      A list of dictionaries containing tensor information.
    "
tensorflow._api.v2.compat.v1.lite.OpHint.add_input,"Add a wrapped input argument to the hint.

    Args:
      *args: The input tensor.
      **kwargs:
        ""name"" label
        ""tag"" a tag to group multiple arguments that will be aggregated. I.e.
          a string like 'cool_input'. Basically multiple inputs can be added
          to the same hint for parallel operations that will eventually be
          combined. An example would be static_rnn which creates multiple copies
          of state or inputs.
        ""aggregate"" aggregation strategy that is valid only for tag non None.
          Acceptable values are OpHint.AGGREGATE_FIRST, OpHint.AGGREGATE_LAST,
          and OpHint.AGGREGATE_STACK.
        ""index_override"" The global index to use. This corresponds to the
          argument order in the final stub that will be generated.
    Returns:
      The wrapped input tensor.
    "
tensorflow._api.v2.compat.v1.lite.OpHint.add_output,"Add a wrapped output argument to the hint.

    Args:
      *args: The output tensor.
      **kwargs:
        ""name"" label
        ""tag"" a tag to group multiple arguments that will be aggregated. I.e.
          a string like 'cool_input'. Basically multiple inputs can be added
          to the same hint for parallel operations that will eventually be
          combined. An example would be static_rnn which creates multiple copies
          of state or inputs.
        ""aggregate"" aggregation strategy that is valid only for tag non None.
          Acceptable values are OpHint.AGGREGATE_FIRST, OpHint.AGGREGATE_LAST,
          and OpHint.AGGREGATE_STACK.
        ""index_override"" The global index to use. This corresponds to the
          argument order in the final stub that will be generated.
    Returns:
      The wrapped output tensor.
    "
tensorflow._api.v2.compat.v1.lite.experimental.authoring.compatible,"Wraps `tf.function` into a callable function with TFLite compatibility checking.

  Example:

  ```python
  @tf.lite.experimental.authoring.compatible
  @tf.function(input_signature=[
      tf.TensorSpec(shape=[None], dtype=tf.float32)
  ])
  def f(x):
      return tf.cosh(x)

  result = f(tf.constant([0.0]))
  # COMPATIBILITY WARNING: op 'tf.Cosh' require(s) ""Select TF Ops"" for model
  # conversion for TensorFlow Lite.
  # Op: tf.Cosh
  #   - tensorflow/python/framework/op_def_library.py:748
  #   - tensorflow/python/ops/gen_math_ops.py:2458
  #   - <stdin>:6
  ```

  WARNING: Experimental interface, subject to change.

  Args:
    target: A `tf.function` to decorate.
    converter_target_spec : target_spec of TFLite converter parameter.
    **kwargs: The keyword arguments of the decorator class _Compatible.

  Returns:
     A callable object of `tf.lite.experimental.authoring._Compatible`.
  "
tensorflow._api.v2.compat.v1.lookup.KeyValueTensorInitializer.initialize,"Initializes the given `table` with `keys` and `values` tensors.

    Args:
      table: The table to initialize.

    Returns:
      The operation that initializes the table.

    Raises:
      TypeError: when the keys and values data types do not match the table
      key and value data types.
    "
tensorflow._api.v2.compat.v1.lookup.StaticVocabularyTable.lookup,"Looks up `keys` in the table, outputs the corresponding values.

    It assigns out-of-vocabulary keys to buckets based in their hashes.

    Args:
      keys: Keys to look up. May be either a `SparseTensor` or dense `Tensor`.
      name: Optional name for the op.

    Returns:
      A `SparseTensor` if keys are sparse, a `RaggedTensor` if keys are ragged,
      otherwise a dense `Tensor`.

    Raises:
      TypeError: when `keys` doesn't match the table key data type.
    "
tensorflow._api.v2.compat.v1.losses.get_losses,"Gets the list of losses from the loss_collection.

  Args:
    scope: An optional scope name for filtering the losses to return.
    loss_collection: Optional losses collection.

  Returns:
    a list of loss tensors.
  "
tensorflow._api.v2.compat.v1.losses.get_regularization_loss,"Gets the total regularization loss.

  Args:
    scope: An optional scope name for filtering the losses to return.
    name: The name of the returned tensor.

  Returns:
    A scalar regularization loss.
  "
tensorflow._api.v2.compat.v1.losses.get_regularization_losses,"Gets the list of regularization losses.

  Args:
    scope: An optional scope name for filtering the losses to return.

  Returns:
    A list of regularization losses as Tensors.
  "
tensorflow._api.v2.compat.v1.losses.get_total_loss,"Returns a tensor whose value represents the total loss.

  In particular, this adds any losses you have added with `tf.add_loss()` to
  any regularization losses that have been added by regularization parameters
  on layers constructors e.g. `tf.layers`. Be very sure to use this if you
  are constructing a loss_op manually. Otherwise regularization arguments
  on `tf.layers` methods will not function.

  Args:
    add_regularization_losses: A boolean indicating whether or not to use the
      regularization losses in the sum.
    name: The name of the returned tensor.
    scope: An optional scope name for filtering the losses to return. Note that
      this filters the losses added with `tf.add_loss()` as well as the
      regularization losses to that scope.

  Returns:
    A `Tensor` whose value represents the total loss.

  Raises:
    ValueError: if `losses` is not iterable.
  "
tensorflow._api.v2.compat.v1.compat.v1.make_tensor_proto,"Create a TensorProto.

  In TensorFlow 2.0, representing tensors as protos should no longer be a
  common workflow. That said, this utility function is still useful for
  generating TF Serving request protos:

  ```python
    request = tensorflow_serving.apis.predict_pb2.PredictRequest()
    request.model_spec.name = ""my_model""
    request.model_spec.signature_name = ""serving_default""
    request.inputs[""images""].CopyFrom(tf.make_tensor_proto(X_new))
  ```

  `make_tensor_proto` accepts ""values"" of a python scalar, a python list, a
  numpy ndarray, or a numpy scalar.

  If ""values"" is a python scalar or a python list, make_tensor_proto
  first convert it to numpy ndarray. If dtype is None, the
  conversion tries its best to infer the right numpy data
  type. Otherwise, the resulting numpy array has a compatible data
  type with the given dtype.

  In either case above, the numpy ndarray (either the caller provided
  or the auto-converted) must have the compatible type with dtype.

  `make_tensor_proto` then converts the numpy array to a tensor proto.

  If ""shape"" is None, the resulting tensor proto represents the numpy
  array precisely.

  Otherwise, ""shape"" specifies the tensor's shape and the numpy array
  can not have more elements than what ""shape"" specifies.

  Args:
    values:         Values to put in the TensorProto.
    dtype:          Optional tensor_pb2 DataType value.
    shape:          List of integers representing the dimensions of tensor.
    verify_shape:   Boolean that enables verification of a shape of values.
    allow_broadcast:  Boolean that enables allowing scalars and 1 length vector
        broadcasting. Cannot be true when verify_shape is true.

  Returns:
    A `TensorProto`. Depending on the type, it may contain data in the
    ""tensor_content"" attribute, which is not directly useful to Python programs.
    To access the values you should convert the proto back to a numpy ndarray
    with `tf.make_ndarray(proto)`.

    If `values` is a `TensorProto`, it is immediately returned; `dtype` and
    `shape` are ignored.

  Raises:
    TypeError:  if unsupported types are provided.
    ValueError: if arguments have inappropriate values or if verify_shape is
     True and shape of values is not equals to a shape from the argument.

  "
tensorflow._api.v2.compat.v1.math.equal,"Returns the truth value of (x == y) element-wise.

  Performs a [broadcast](
  https://docs.scipy.org/doc/numpy/user/basics.broadcasting.html) with the
  arguments and then an element-wise equality comparison, returning a Tensor of
  boolean values.

  For example:

  >>> x = tf.constant([2, 4])
  >>> y = tf.constant(2)
  >>> tf.math.equal(x, y)
  <tf.Tensor: shape=(2,), dtype=bool, numpy=array([ True,  False])>

  >>> x = tf.constant([2, 4])
  >>> y = tf.constant([2, 4])
  >>> tf.math.equal(x, y)
  <tf.Tensor: shape=(2,), dtype=bool, numpy=array([ True,  True])>

  Args:
    x: A `tf.Tensor`.
    y: A `tf.Tensor`.
    name: A name for the operation (optional).

  Returns:
    A `tf.Tensor` of type bool with the same size as that of x or y.

  Raises:
    `tf.errors.InvalidArgumentError`: If shapes of arguments are incompatible
  "
tensorflow._api.v2.compat.v1.math.greater_equal,"Returns the truth value of (x >= y) element-wise.

  *NOTE*: `math.greater_equal` supports broadcasting. More about broadcasting
  [here](http://docs.scipy.org/doc/numpy/user/basics.broadcasting.html)

  Example:

  ```python
  x = tf.constant([5, 4, 6, 7])
  y = tf.constant([5, 2, 5, 10])
  tf.math.greater_equal(x, y) ==> [True, True, True, False]

  x = tf.constant([5, 4, 6, 7])
  y = tf.constant([5])
  tf.math.greater_equal(x, y) ==> [True, False, True, True]
  ```

  Args:
    x: A `Tensor`. Must be one of the following types: `float32`, `float64`, `int32`, `uint8`, `int16`, `int8`, `int64`, `bfloat16`, `uint16`, `half`, `uint32`, `uint64`.
    y: A `Tensor`. Must have the same type as `x`.
    name: A name for the operation (optional).

  Returns:
    A `Tensor` of type `bool`.
  "
tensorflow._api.v2.compat.v1.math.less_equal,"Returns the truth value of (x <= y) element-wise.

  *NOTE*: `math.less_equal` supports broadcasting. More about broadcasting
  [here](http://docs.scipy.org/doc/numpy/user/basics.broadcasting.html)

  Example:

  ```python
  x = tf.constant([5, 4, 6])
  y = tf.constant([5])
  tf.math.less_equal(x, y) ==> [True, True, False]

  x = tf.constant([5, 4, 6])
  y = tf.constant([5, 6, 6])
  tf.math.less_equal(x, y) ==> [True, True, True]
  ```

  Args:
    x: A `Tensor`. Must be one of the following types: `float32`, `float64`, `int32`, `uint8`, `int16`, `int8`, `int64`, `bfloat16`, `uint16`, `half`, `uint32`, `uint64`.
    y: A `Tensor`. Must have the same type as `x`.
    name: A name for the operation (optional).

  Returns:
    A `Tensor` of type `bool`.
  "
tensorflow._api.v2.compat.v1.math.not_equal,"Returns the truth value of (x != y) element-wise.

  Performs a [broadcast](
  https://docs.scipy.org/doc/numpy/user/basics.broadcasting.html) with the
  arguments and then an element-wise inequality comparison, returning a Tensor
  of boolean values.

  For example:

  >>> x = tf.constant([2, 4])
  >>> y = tf.constant(2)
  >>> tf.math.not_equal(x, y)
  <tf.Tensor: shape=(2,), dtype=bool, numpy=array([False,  True])>

  >>> x = tf.constant([2, 4])
  >>> y = tf.constant([2, 4])
  >>> tf.math.not_equal(x, y)
  <tf.Tensor: shape=(2,), dtype=bool, numpy=array([False,  False])>

  Args:
    x: A `tf.Tensor`.
    y: A `tf.Tensor`.
    name: A name for the operation (optional).

  Returns:
    A `tf.Tensor` of type bool with the same size as that of x or y.

  Raises:
    `tf.errors.InvalidArgumentError`: If shapes of arguments are incompatible
  "
tensorflow._api.v2.compat.v1.math.sobol_sample,"Generates points from the Sobol sequence.

  Creates a Sobol sequence with `num_results` samples. Each sample has dimension
  `dim`. Skips the first `skip` samples.

  Args:
    dim: Positive scalar `Tensor` representing each sample's dimension.
    num_results: Positive scalar `Tensor` of dtype int32. The number of Sobol
        points to return in the output.
    skip: (Optional) Positive scalar `Tensor` of dtype int32. The number of
        initial points of the Sobol sequence to skip. Default value is 0.
    dtype: (Optional) The `tf.Dtype` of the sample. One of: `tf.float32` or
        `tf.float64`. Defaults to `tf.float32`.
    name: (Optional) Python `str` name prefixed to ops created by this function.

  Returns:
    `Tensor` of samples from Sobol sequence with `shape` [num_results, dim].
  "
tensorflow._api.v2.compat.v1.compat.v1.model_variables,"Returns all variables in the MODEL_VARIABLES collection.

  Args:
    scope: (Optional.) A string. If supplied, the resulting list is filtered to
      include only items whose `name` attribute matches `scope` using
      `re.match`. Items without a `name` attribute are never returned if a scope
      is supplied. The choice of `re.match` means that a `scope` without special
      tokens filters by prefix.

  Returns:
    A list of local Variable objects.
  "
tensorflow._api.v2.compat.v1.compat.v1.moving_average_variables,"Returns all variables that maintain their moving averages.

  If an `ExponentialMovingAverage` object is created and the `apply()`
  method is called on a list of variables, these variables will
  be added to the `GraphKeys.MOVING_AVERAGE_VARIABLES` collection.
  This convenience function returns the contents of that collection.

  Args:
    scope: (Optional.) A string. If supplied, the resulting list is filtered to
      include only items whose `name` attribute matches `scope` using
      `re.match`. Items without a `name` attribute are never returned if a scope
      is supplied. The choice of `re.match` means that a `scope` without special
      tokens filters by prefix.

  Returns:
    A list of Variable objects.
  "
tensorflow._api.v2.compat.v1.nest.is_nested,"Returns true if its input is a nested structure.

  Refer to [tf.nest](https://www.tensorflow.org/api_docs/python/tf/nest)
  for the definition of a nested structure.

  Args:
    seq: the value to test.

  Returns:
    True if the input is a nested structure.
  "
tensorflow._api.v2.compat.v1.nn.avg_pool3d,"Performs the average pooling on the input.

  Each entry in `output` is the mean of the corresponding size `ksize`
  window in `value`.

  Args:
    input: A 5-D `Tensor` of shape `[batch, depth, height, width, channels]`
      and type `float32`, `float64`, `qint8`, `quint8`, or `qint32`.
    ksize: An int or list of `ints` that has length `1`, `3` or `5`. The size of
      the window for each dimension of the input tensor.
    strides: An int or list of `ints` that has length `1`, `3` or `5`. The
      stride of the sliding window for each dimension of the input tensor.
    padding: A string, either `'VALID'` or `'SAME'`. The padding algorithm. See
      [here](https://www.tensorflow.org/api_docs/python/tf/nn#notes_on_padding_2)
      for more information.
    data_format: A string. 'NDHWC' and 'NCDHW' are supported.
    name: Optional name for the operation.

  Returns:
    A `Tensor` with the same type as `value`.  The average pooled output tensor.
  "
tensorflow._api.v2.compat.v1.nn.avg_pool_v2,"Performs the avg pooling on the input.

  Each entry in `output` is the mean of the corresponding size `ksize`
  window in `value`.

  Args:
    input:  Tensor of rank N+2, of shape `[batch_size] + input_spatial_shape +
      [num_channels]` if `data_format` does not start with ""NC"" (default), or
      `[batch_size, num_channels] + input_spatial_shape` if data_format starts
      with ""NC"". Pooling happens over the spatial dimensions only.
    ksize: An int or list of `ints` that has length `1`, `N` or `N+2`. The size
      of the window for each dimension of the input tensor.
    strides: An int or list of `ints` that has length `1`, `N` or `N+2`. The
      stride of the sliding window for each dimension of the input tensor.
    padding: A string, either `'VALID'` or `'SAME'`. The padding algorithm. See
      [here](https://www.tensorflow.org/api_docs/python/tf/nn#notes_on_padding_2)
      for more information.
    data_format: A string. Specifies the channel dimension. For N=1 it can be
      either ""NWC"" (default) or ""NCW"", for N=2 it can be either ""NHWC"" (default)
      or ""NCHW"" and for N=3 either ""NDHWC"" (default) or ""NCDHW"".
    name: Optional name for the operation.

  Returns:
    A `Tensor` of format specified by `data_format`.
    The average pooled output tensor.
  "
tensorflow._api.v2.compat.v1.nn.collapse_repeated,"Merge repeated labels into single labels.

  Args:
    labels: Tensor of shape [batch, max value in seq_length]
    seq_length: Tensor of shape [batch], sequence length of each batch element.
    name: A name for this `Op`. Defaults to ""collapse_repeated_labels"".

  Returns:
    A tuple `(collapsed_labels, new_seq_length)` where

    collapsed_labels: Tensor of shape [batch, max_seq_length] with repeated
    labels collapsed and padded to max_seq_length, eg:
    `[[A, A, B, B, A], [A, B, C, D, E]] => [[A, B, A, 0, 0], [A, B, C, D, E]]`

    new_seq_length: int tensor of shape [batch] with new sequence lengths.
  "
tensorflow._api.v2.compat.v1.nn.compute_average_loss,"Scales per-example losses with sample_weights and computes their average.

  Usage with distribution strategy and custom training loop:

  ```python
  with strategy.scope():
    def compute_loss(labels, predictions, sample_weight=None):

      # If you are using a `Loss` class instead, set reduction to `NONE` so that
      # we can do the reduction afterwards and divide by global batch size.
      per_example_loss = tf.keras.losses.sparse_categorical_crossentropy(
          labels, predictions)

      # Compute loss that is scaled by sample_weight and by global batch size.
      return tf.nn.compute_average_loss(
          per_example_loss,
          sample_weight=sample_weight,
          global_batch_size=GLOBAL_BATCH_SIZE)
  ```

  Args:
    per_example_loss: Per-example loss.
    sample_weight: Optional weighting for each example.
    global_batch_size: Optional global batch size value. Defaults to (size of
      first dimension of `losses`) * (number of replicas).

  Returns:
    Scalar loss value, obtained by summing the `per_example_loss` and dividing
    by `global_batch_size`. If `global_batch_size` is zero, the result is zero.
  "
tensorflow._api.v2.compat.v1.nn.scale_regularization_loss,"Scales the sum of the given regularization losses by number of replicas.

  Usage with distribution strategy and custom training loop:

  ```python
  with strategy.scope():
    def compute_loss(self, label, predictions):
      per_example_loss = tf.keras.losses.sparse_categorical_crossentropy(
          labels, predictions)

      # Compute loss that is scaled by sample_weight and by global batch size.
      loss = tf.nn.compute_average_loss(
          per_example_loss,
          sample_weight=sample_weight,
          global_batch_size=GLOBAL_BATCH_SIZE)

      # Add scaled regularization losses.
      loss += tf.nn.scale_regularization_loss(tf.nn.l2_loss(weights))
      return loss
  ```

  Args:
    regularization_loss: Regularization loss.

  Returns:
    Scalar loss value.
  "
tensorflow._api.v2.compat.v1.compat.v1.not_equal,"Returns the truth value of (x != y) element-wise.

  Performs a [broadcast](
  https://docs.scipy.org/doc/numpy/user/basics.broadcasting.html) with the
  arguments and then an element-wise inequality comparison, returning a Tensor
  of boolean values.

  For example:

  >>> x = tf.constant([2, 4])
  >>> y = tf.constant(2)
  >>> tf.math.not_equal(x, y)
  <tf.Tensor: shape=(2,), dtype=bool, numpy=array([False,  True])>

  >>> x = tf.constant([2, 4])
  >>> y = tf.constant([2, 4])
  >>> tf.math.not_equal(x, y)
  <tf.Tensor: shape=(2,), dtype=bool, numpy=array([False,  False])>

  Args:
    x: A `tf.Tensor`.
    y: A `tf.Tensor`.
    name: A name for the operation (optional).

  Returns:
    A `tf.Tensor` of type bool with the same size as that of x or y.

  Raises:
    `tf.errors.InvalidArgumentError`: If shapes of arguments are incompatible
  "
tensorflow._api.v2.compat.v1.ragged.segment_ids_to_row_splits,"Generates the RaggedTensor `row_splits` corresponding to a segmentation.

  Returns an integer vector `splits`, where `splits[0] = 0` and
  `splits[i] = splits[i-1] + count(segment_ids==i)`.  Example:

  >>> print(tf.ragged.segment_ids_to_row_splits([0, 0, 0, 2, 2, 3, 4, 4, 4]))
  tf.Tensor([0 3 3 5 6 9], shape=(6,), dtype=int64)

  Args:
    segment_ids: A 1-D integer Tensor.
    num_segments: A scalar integer indicating the number of segments.  Defaults
      to `max(segment_ids) + 1` (or zero if `segment_ids` is empty).
    out_type: The dtype for the return value.  Defaults to `segment_ids.dtype`,
      or `tf.int64` if `segment_ids` does not have a dtype.
    name: A name prefix for the returned tensor (optional).

  Returns:
    A sorted 1-D integer Tensor, with `shape=[num_segments + 1]`.
  "
tensorflow._api.v2.compat.v1.random.Generator.from_key_counter,"Creates a generator from a key and a counter.

    This constructor only applies if the algorithm is a counter-based algorithm.
    See method `key` for the meaning of ""key"" and ""counter"".

    Args:
      key: the key for the RNG, a scalar of type STATE_TYPE.
      counter: a vector of dtype STATE_TYPE representing the initial counter for
        the RNG, whose length is algorithm-specific.,
      alg: the RNG algorithm. If None, it will be auto-selected. See
        `__init__` for its possible values.

    Returns:
      The new generator.
    "
tensorflow._api.v2.compat.v1.random.experimental.stateless_split,"Splits an RNG seed into `num` new seeds by adding a leading axis.

  Example:

  >>> seed = [1, 2]
  >>> new_seeds = tf.random.split(seed, num=3)
  >>> print(new_seeds)
  tf.Tensor(
  [[1105988140 1738052849]
   [-335576002  370444179]
   [  10670227 -246211131]], shape=(3, 2), dtype=int32)
  >>> tf.random.stateless_normal(shape=[3], seed=new_seeds[0, :])
  <tf.Tensor: shape=(3,), dtype=float32, numpy=array([-0.59835213, -0.9578608 ,
  0.9002807 ], dtype=float32)>

  Args:
    seed: an RNG seed (a tensor with shape [2] and dtype `int32` or `int64`).
      (When using XLA, only `int32` is allowed.)
    num: optional, a positive integer or scalar tensor indicating the number of
      seeds to produce (default 2).
    alg: The RNG algorithm used to generate the random numbers. See
      `tf.random.stateless_uniform` for a detailed explanation.

  Returns:
    A tensor with shape [num, 2] representing `num` new seeds. It will have the
    same dtype as `seed` (if `seed` doesn't have an explicit dtype, the dtype
    will be determined by `tf.convert_to_tensor`).
  "
tensorflow._api.v2.compat.v1.random.gamma,"Draws `shape` samples from each of the given Gamma distribution(s).

  `alpha` is the shape parameter describing the distribution(s), and `beta` is
  the inverse scale parameter(s).

  Note: Because internal calculations are done using `float64` and casting has
  `floor` semantics, we must manually map zero outcomes to the smallest
  possible positive floating-point value, i.e., `np.finfo(dtype).tiny`.  This
  means that `np.finfo(dtype).tiny` occurs more frequently than it otherwise
  should.  This bias can only happen for small values of `alpha`, i.e.,
  `alpha << 1` or large values of `beta`, i.e., `beta >> 1`.

  The samples are differentiable w.r.t. alpha and beta.
  The derivatives are computed using the approach described in
  (Figurnov et al., 2018).

  Example:

  ```python
  samples = tf.random.gamma([10], [0.5, 1.5])
  # samples has shape [10, 2], where each slice [:, 0] and [:, 1] represents
  # the samples drawn from each distribution

  samples = tf.random.gamma([7, 5], [0.5, 1.5])
  # samples has shape [7, 5, 2], where each slice [:, :, 0] and [:, :, 1]
  # represents the 7x5 samples drawn from each of the two distributions

  alpha = tf.constant([[1.],[3.],[5.]])
  beta = tf.constant([[3., 4.]])
  samples = tf.random.gamma([30], alpha=alpha, beta=beta)
  # samples has shape [30, 3, 2], with 30 samples each of 3x2 distributions.

  loss = tf.reduce_mean(tf.square(samples))
  dloss_dalpha, dloss_dbeta = tf.gradients(loss, [alpha, beta])
  # unbiased stochastic derivatives of the loss function
  alpha.shape == dloss_dalpha.shape  # True
  beta.shape == dloss_dbeta.shape  # True
  ```

  Args:
    shape: A 1-D integer Tensor or Python array. The shape of the output samples
      to be drawn per alpha/beta-parameterized distribution.
    alpha: A Tensor or Python value or N-D array of type `dtype`. `alpha`
      provides the shape parameter(s) describing the gamma distribution(s) to
      sample. Must be broadcastable with `beta`.
    beta: A Tensor or Python value or N-D array of type `dtype`. Defaults to 1.
      `beta` provides the inverse scale parameter(s) of the gamma
      distribution(s) to sample. Must be broadcastable with `alpha`.
    dtype: The type of alpha, beta, and the output: `float16`, `float32`, or
      `float64`.
    seed: A Python integer. Used to create a random seed for the distributions.
      See
      `tf.random.set_seed`
      for behavior.
    name: Optional name for the operation.

  Returns:
    samples: a `Tensor` of shape
      `tf.concat([shape, tf.shape(alpha + beta)], axis=0)` with values of type
      `dtype`.

  References:
    Implicit Reparameterization Gradients:
      [Figurnov et al., 2018]
      (http://papers.nips.cc/paper/7326-implicit-reparameterization-gradients)
      ([pdf]
      (http://papers.nips.cc/paper/7326-implicit-reparameterization-gradients.pdf))
  "
tensorflow._api.v2.compat.v1.random.get_seed,"Returns the local seeds an operation should use given an op-specific seed.

  Given operation-specific seed, `op_seed`, this helper function returns two
  seeds derived from graph-level and op-level seeds. Many random operations
  internally use the two seeds to allow user to change the seed globally for a
  graph, or for only specific operations.

  For details on how the graph-level seed interacts with op seeds, see
  `tf.compat.v1.random.set_random_seed`.

  Args:
    op_seed: integer.

  Returns:
    A tuple of two integers that should be used for the local seed of this
    operation.
  "
tensorflow._api.v2.compat.v1.random.split,"Splits an RNG seed into `num` new seeds by adding a leading axis.

  Example:

  >>> seed = [1, 2]
  >>> new_seeds = tf.random.split(seed, num=3)
  >>> print(new_seeds)
  tf.Tensor(
  [[1105988140 1738052849]
   [-335576002  370444179]
   [  10670227 -246211131]], shape=(3, 2), dtype=int32)
  >>> tf.random.stateless_normal(shape=[3], seed=new_seeds[0, :])
  <tf.Tensor: shape=(3,), dtype=float32, numpy=array([-0.59835213, -0.9578608 ,
  0.9002807 ], dtype=float32)>

  Args:
    seed: an RNG seed (a tensor with shape [2] and dtype `int32` or `int64`).
      (When using XLA, only `int32` is allowed.)
    num: optional, a positive integer or scalar tensor indicating the number of
      seeds to produce (default 2).
    alg: The RNG algorithm used to generate the random numbers. See
      `tf.random.stateless_uniform` for a detailed explanation.

  Returns:
    A tensor with shape [num, 2] representing `num` new seeds. It will have the
    same dtype as `seed` (if `seed` doesn't have an explicit dtype, the dtype
    will be determined by `tf.convert_to_tensor`).
  "
tensorflow._api.v2.compat.v1.compat.v1.random_gamma,"Draws `shape` samples from each of the given Gamma distribution(s).

  `alpha` is the shape parameter describing the distribution(s), and `beta` is
  the inverse scale parameter(s).

  Note: Because internal calculations are done using `float64` and casting has
  `floor` semantics, we must manually map zero outcomes to the smallest
  possible positive floating-point value, i.e., `np.finfo(dtype).tiny`.  This
  means that `np.finfo(dtype).tiny` occurs more frequently than it otherwise
  should.  This bias can only happen for small values of `alpha`, i.e.,
  `alpha << 1` or large values of `beta`, i.e., `beta >> 1`.

  The samples are differentiable w.r.t. alpha and beta.
  The derivatives are computed using the approach described in
  (Figurnov et al., 2018).

  Example:

  ```python
  samples = tf.random.gamma([10], [0.5, 1.5])
  # samples has shape [10, 2], where each slice [:, 0] and [:, 1] represents
  # the samples drawn from each distribution

  samples = tf.random.gamma([7, 5], [0.5, 1.5])
  # samples has shape [7, 5, 2], where each slice [:, :, 0] and [:, :, 1]
  # represents the 7x5 samples drawn from each of the two distributions

  alpha = tf.constant([[1.],[3.],[5.]])
  beta = tf.constant([[3., 4.]])
  samples = tf.random.gamma([30], alpha=alpha, beta=beta)
  # samples has shape [30, 3, 2], with 30 samples each of 3x2 distributions.

  loss = tf.reduce_mean(tf.square(samples))
  dloss_dalpha, dloss_dbeta = tf.gradients(loss, [alpha, beta])
  # unbiased stochastic derivatives of the loss function
  alpha.shape == dloss_dalpha.shape  # True
  beta.shape == dloss_dbeta.shape  # True
  ```

  Args:
    shape: A 1-D integer Tensor or Python array. The shape of the output samples
      to be drawn per alpha/beta-parameterized distribution.
    alpha: A Tensor or Python value or N-D array of type `dtype`. `alpha`
      provides the shape parameter(s) describing the gamma distribution(s) to
      sample. Must be broadcastable with `beta`.
    beta: A Tensor or Python value or N-D array of type `dtype`. Defaults to 1.
      `beta` provides the inverse scale parameter(s) of the gamma
      distribution(s) to sample. Must be broadcastable with `alpha`.
    dtype: The type of alpha, beta, and the output: `float16`, `float32`, or
      `float64`.
    seed: A Python integer. Used to create a random seed for the distributions.
      See
      `tf.random.set_seed`
      for behavior.
    name: Optional name for the operation.

  Returns:
    samples: a `Tensor` of shape
      `tf.concat([shape, tf.shape(alpha + beta)], axis=0)` with values of type
      `dtype`.

  References:
    Implicit Reparameterization Gradients:
      [Figurnov et al., 2018]
      (http://papers.nips.cc/paper/7326-implicit-reparameterization-gradients)
      ([pdf]
      (http://papers.nips.cc/paper/7326-implicit-reparameterization-gradients.pdf))
  "
tensorflow._api.v2.compat.v1.raw_ops.AllToAll,"An Op to exchange data across TPU replicas.

  On each replica, the input is split into `split_count` blocks along
  `split_dimension` and send to the other replicas given group_assignment. After
  receiving `split_count` - 1 blocks from other replicas, we concatenate the
  blocks along `concat_dimension` as the output.

  For example, suppose there are 2 TPU replicas:
  replica 0 receives input: `[[A, B]]`
  replica 1 receives input: `[[C, D]]`

  group_assignment=`[[0, 1]]`
  concat_dimension=0
  split_dimension=1
  split_count=2

  replica 0's output: `[[A], [C]]`
  replica 1's output: `[[B], [D]]`

  Args:
    input: A `Tensor`. Must be one of the following types: `float32`, `float64`, `int32`, `uint8`, `int16`, `int8`, `complex64`, `int64`, `qint8`, `quint8`, `qint32`, `bfloat16`, `qint16`, `quint16`, `uint16`, `complex128`, `half`, `uint32`, `uint64`, `bool`.
      The local input to the sum.
    group_assignment: A `Tensor` of type `int32`. An int32 tensor with shape
      [num_groups, num_replicas_per_group]. `group_assignment[i]` represents the
      replica ids in the ith subgroup.
    concat_dimension: An `int`. The dimension number to concatenate.
    split_dimension: An `int`. The dimension number to split.
    split_count: An `int`.
      The number of splits, this number must equal to the sub-group
      size(group_assignment.get_shape()[1])
    name: A name for the operation (optional).

  Returns:
    A `Tensor`. Has the same type as `input`.
  "
tensorflow._api.v2.compat.v1.raw_ops.ApplyAdadelta,"Update '*var' according to the adadelta scheme.

  accum = rho() * accum + (1 - rho()) * grad.square();
  update = (update_accum + epsilon).sqrt() * (accum + epsilon()).rsqrt() * grad;
  update_accum = rho() * update_accum + (1 - rho()) * update.square();
  var -= update;

  Args:
    var: A mutable `Tensor`. Must be one of the following types: `float32`, `float64`, `int32`, `uint8`, `int16`, `int8`, `complex64`, `int64`, `qint8`, `quint8`, `qint32`, `bfloat16`, `qint16`, `quint16`, `uint16`, `complex128`, `half`, `uint32`, `uint64`.
      Should be from a Variable().
    accum: A mutable `Tensor`. Must have the same type as `var`.
      Should be from a Variable().
    accum_update: A mutable `Tensor`. Must have the same type as `var`.
      Should be from a Variable().
    lr: A `Tensor`. Must have the same type as `var`.
      Scaling factor. Must be a scalar.
    rho: A `Tensor`. Must have the same type as `var`.
      Decay factor. Must be a scalar.
    epsilon: A `Tensor`. Must have the same type as `var`.
      Constant factor. Must be a scalar.
    grad: A `Tensor`. Must have the same type as `var`. The gradient.
    use_locking: An optional `bool`. Defaults to `False`.
      If True, updating of the var, accum and update_accum tensors will be protected by
      a lock; otherwise the behavior is undefined, but may exhibit less contention.
    name: A name for the operation (optional).

  Returns:
    A mutable `Tensor`. Has the same type as `var`.
  "
tensorflow._api.v2.compat.v1.raw_ops.ApplyAdagradDA,"Update '*var' according to the proximal adagrad scheme.

  Args:
    var: A mutable `Tensor`. Must be one of the following types: `float32`, `float64`, `int32`, `uint8`, `int16`, `int8`, `complex64`, `int64`, `qint8`, `quint8`, `qint32`, `bfloat16`, `qint16`, `quint16`, `uint16`, `complex128`, `half`, `uint32`, `uint64`.
      Should be from a Variable().
    gradient_accumulator: A mutable `Tensor`. Must have the same type as `var`.
      Should be from a Variable().
    gradient_squared_accumulator: A mutable `Tensor`. Must have the same type as `var`.
      Should be from a Variable().
    grad: A `Tensor`. Must have the same type as `var`. The gradient.
    lr: A `Tensor`. Must have the same type as `var`.
      Scaling factor. Must be a scalar.
    l1: A `Tensor`. Must have the same type as `var`.
      L1 regularization. Must be a scalar.
    l2: A `Tensor`. Must have the same type as `var`.
      L2 regularization. Must be a scalar.
    global_step: A `Tensor` of type `int64`.
      Training step number. Must be a scalar.
    use_locking: An optional `bool`. Defaults to `False`.
      If True, updating of the var and accum tensors will be protected by
      a lock; otherwise the behavior is undefined, but may exhibit less contention.
    name: A name for the operation (optional).

  Returns:
    A mutable `Tensor`. Has the same type as `var`.
  "
tensorflow._api.v2.compat.v1.raw_ops.ApplyGradientDescent,"Update '*var' by subtracting 'alpha' * 'delta' from it.

  Args:
    var: A mutable `Tensor`. Must be one of the following types: `float32`, `float64`, `int32`, `uint8`, `int16`, `int8`, `complex64`, `int64`, `qint8`, `quint8`, `qint32`, `bfloat16`, `qint16`, `quint16`, `uint16`, `complex128`, `half`, `uint32`, `uint64`.
      Should be from a Variable().
    alpha: A `Tensor`. Must have the same type as `var`.
      Scaling factor. Must be a scalar.
    delta: A `Tensor`. Must have the same type as `var`. The change.
    use_locking: An optional `bool`. Defaults to `False`.
      If `True`, the subtraction will be protected by a lock;
      otherwise the behavior is undefined, but may exhibit less contention.
    name: A name for the operation (optional).

  Returns:
    A mutable `Tensor`. Has the same type as `var`.
  "
tensorflow._api.v2.compat.v1.raw_ops.ArgMax,"Returns the index with the largest value across dimensions of a tensor.

  Note that in case of ties the identity of the return value is not guaranteed.

  Usage:
    ```python
    import tensorflow as tf
    a = [1, 10, 26.9, 2.8, 166.32, 62.3]
    b = tf.math.argmax(input = a)
    c = tf.keras.backend.eval(b)
    # c = 4
    # here a[4] = 166.32 which is the largest element of a across axis 0
    ```

  Args:
    input: A `Tensor`. Must be one of the following types: `float32`, `float64`, `int32`, `uint8`, `int16`, `int8`, `int64`, `bfloat16`, `uint16`, `half`, `uint32`, `uint64`, `qint8`, `quint8`, `qint32`, `qint16`, `quint16`, `bool`.
    dimension: A `Tensor`. Must be one of the following types: `int16`, `int32`, `int64`.
      int16, int32 or int64, must be in the range `[-rank(input), rank(input))`.
      Describes which dimension of the input Tensor to reduce across. For vectors,
      use dimension = 0.
    output_type: An optional `tf.DType` from: `tf.int16, tf.uint16, tf.int32, tf.int64`. Defaults to `tf.int64`.
    name: A name for the operation (optional).

  Returns:
    A `Tensor` of type `output_type`.
  "
tensorflow._api.v2.compat.v1.raw_ops.ArgMin,"Returns the index with the smallest value across dimensions of a tensor.

  Note that in case of ties the identity of the return value is not guaranteed.

  Usage:
    ```python
    import tensorflow as tf
    a = [1, 10, 26.9, 2.8, 166.32, 62.3]
    b = tf.math.argmin(input = a)
    c = tf.keras.backend.eval(b)
    # c = 0
    # here a[0] = 1 which is the smallest element of a across axis 0
    ```

  Args:
    input: A `Tensor`. Must be one of the following types: `float32`, `float64`, `int32`, `uint8`, `int16`, `int8`, `int64`, `bfloat16`, `uint16`, `half`, `uint32`, `uint64`, `qint8`, `quint8`, `qint32`, `qint16`, `quint16`, `bool`.
    dimension: A `Tensor`. Must be one of the following types: `int32`, `int64`.
      int32 or int64, must be in the range `[-rank(input), rank(input))`.
      Describes which dimension of the input Tensor to reduce across. For vectors,
      use dimension = 0.
    output_type: An optional `tf.DType` from: `tf.int32, tf.int64`. Defaults to `tf.int64`.
    name: A name for the operation (optional).

  Returns:
    A `Tensor` of type `output_type`.
  "
tensorflow._api.v2.compat.v1.raw_ops.Equal,"Returns the truth value of (x == y) element-wise.

  *NOTE*: `Equal` supports broadcasting. More about broadcasting
  [here](http://docs.scipy.org/doc/numpy/user/basics.broadcasting.html)

  ```python
  x = tf.constant([2, 4])
  y = tf.constant(2)
  tf.math.equal(x, y) ==> array([True, False])

  x = tf.constant([2, 4])
  y = tf.constant([2, 4])
  tf.math.equal(x, y) ==> array([True,  True])
  ```

  Args:
    x: A `Tensor`.
    y: A `Tensor`. Must have the same type as `x`.
    incompatible_shape_error: An optional `bool`. Defaults to `True`.
    name: A name for the operation (optional).

  Returns:
    A `Tensor` of type `bool`.
  "
tensorflow._api.v2.compat.v1.raw_ops.GreaterEqual,"Returns the truth value of (x >= y) element-wise.

  *NOTE*: `math.greater_equal` supports broadcasting. More about broadcasting
  [here](http://docs.scipy.org/doc/numpy/user/basics.broadcasting.html)

  Example:

  ```python
  x = tf.constant([5, 4, 6, 7])
  y = tf.constant([5, 2, 5, 10])
  tf.math.greater_equal(x, y) ==> [True, True, True, False]

  x = tf.constant([5, 4, 6, 7])
  y = tf.constant([5])
  tf.math.greater_equal(x, y) ==> [True, False, True, True]
  ```

  Args:
    x: A `Tensor`. Must be one of the following types: `float32`, `float64`, `int32`, `uint8`, `int16`, `int8`, `int64`, `bfloat16`, `uint16`, `half`, `uint32`, `uint64`.
    y: A `Tensor`. Must have the same type as `x`.
    name: A name for the operation (optional).

  Returns:
    A `Tensor` of type `bool`.
  "
tensorflow._api.v2.compat.v1.raw_ops.HistogramFixedWidth,"Return histogram of values.

  Given the tensor `values`, this operation returns a rank 1 histogram counting
  the number of entries in `values` that fall into every bin.  The bins are
  equal width and determined by the arguments `value_range` and `nbins`.

  ```python
  # Bins will be:  (-inf, 1), [1, 2), [2, 3), [3, 4), [4, inf)
  nbins = 5
  value_range = [0.0, 5.0]
  new_values = [-1.0, 0.0, 1.5, 2.0, 5.0, 15]

  with tf.get_default_session() as sess:
    hist = tf.histogram_fixed_width(new_values, value_range, nbins=5)
    variables.global_variables_initializer().run()
    sess.run(hist) => [2, 1, 1, 0, 2]
  ```

  Args:
    values: A `Tensor`. Must be one of the following types: `int32`, `int64`, `float32`, `float64`.
      Numeric `Tensor`.
    value_range: A `Tensor`. Must have the same type as `values`.
      Shape [2] `Tensor` of same `dtype` as `values`.
      values <= value_range[0] will be mapped to hist[0],
      values >= value_range[1] will be mapped to hist[-1].
    nbins: A `Tensor` of type `int32`.
      Scalar `int32 Tensor`.  Number of histogram bins.
    dtype: An optional `tf.DType` from: `tf.int32, tf.int64`. Defaults to `tf.int32`.
    name: A name for the operation (optional).

  Returns:
    A `Tensor` of type `dtype`.
  "
tensorflow._api.v2.compat.v1.raw_ops.LessEqual,"Returns the truth value of (x <= y) element-wise.

  *NOTE*: `math.less_equal` supports broadcasting. More about broadcasting
  [here](http://docs.scipy.org/doc/numpy/user/basics.broadcasting.html)

  Example:

  ```python
  x = tf.constant([5, 4, 6])
  y = tf.constant([5])
  tf.math.less_equal(x, y) ==> [True, True, False]

  x = tf.constant([5, 4, 6])
  y = tf.constant([5, 6, 6])
  tf.math.less_equal(x, y) ==> [True, True, True]
  ```

  Args:
    x: A `Tensor`. Must be one of the following types: `float32`, `float64`, `int32`, `uint8`, `int16`, `int8`, `int64`, `bfloat16`, `uint16`, `half`, `uint32`, `uint64`.
    y: A `Tensor`. Must have the same type as `x`.
    name: A name for the operation (optional).

  Returns:
    A `Tensor` of type `bool`.
  "
tensorflow._api.v2.compat.v1.raw_ops.MutexLock,"Locks a mutex resource.  The output is the lock.  So long as the lock tensor

  is alive, any other request to use `MutexLock` with this mutex will wait.

  This is particularly useful for creating a critical section when used in
  conjunction with `MutexLockIdentity`:

  ```python

  mutex = mutex_v2(
    shared_name=handle_name, container=container, name=name)

  def execute_in_critical_section(fn, *args, **kwargs):
    lock = gen_resource_variable_ops.mutex_lock(mutex)

    with ops.control_dependencies([lock]):
      r = fn(*args, **kwargs)

    with ops.control_dependencies(nest.flatten(r)):
      with ops.colocate_with(mutex):
        ensure_lock_exists = mutex_lock_identity(lock)

      # Make sure that if any element of r is accessed, all of
      # them are executed together.
      r = nest.map_structure(tf.identity, r)

    with ops.control_dependencies([ensure_lock_exists]):
      return nest.map_structure(tf.identity, r)
  ```

  While `fn` is running in the critical section, no other functions which wish to
  use this critical section may run.

  Often the use case is that two executions of the same graph, in parallel,
  wish to run `fn`; and we wish to ensure that only one of them executes
  at a time.  This is especially important if `fn` modifies one or more
  variables at a time.

  It is also useful if two separate functions must share a resource, but we
  wish to ensure the usage is exclusive.

  Args:
    mutex: A `Tensor` of type `resource`. The mutex resource to lock.
    name: A name for the operation (optional).

  Returns:
    A `Tensor` of type `variant`.
  "
tensorflow._api.v2.compat.v1.raw_ops.NotEqual,"Returns the truth value of (x != y) element-wise.

  *NOTE*: `NotEqual` supports broadcasting. More about broadcasting
  [here](http://docs.scipy.org/doc/numpy/user/basics.broadcasting.html)

  Args:
    x: A `Tensor`.
    y: A `Tensor`. Must have the same type as `x`.
    incompatible_shape_error: An optional `bool`. Defaults to `True`.
    name: A name for the operation (optional).

  Returns:
    A `Tensor` of type `bool`.
  "
tensorflow._api.v2.compat.v1.raw_ops.RangeDataset,"Creates a dataset with a range of values. Corresponds to python's xrange.

  Args:
    start: A `Tensor` of type `int64`.
      corresponds to start in python's xrange().
    stop: A `Tensor` of type `int64`.
      corresponds to stop in python's xrange().
    step: A `Tensor` of type `int64`.
      corresponds to step in python's xrange().
    output_types: A list of `tf.DTypes` that has length `>= 1`.
    output_shapes: A list of shapes (each a `tf.TensorShape` or list of `ints`) that has length `>= 1`.
    metadata: An optional `string`. Defaults to `""""`.
    replicate_on_split: An optional `bool`. Defaults to `False`.
    name: A name for the operation (optional).

  Returns:
    A `Tensor` of type `variant`.
  "
tensorflow._api.v2.compat.v1.raw_ops.ResourceApplyAdadelta,"Update '*var' according to the adadelta scheme.

  accum = rho() * accum + (1 - rho()) * grad.square();
  update = (update_accum + epsilon).sqrt() * (accum + epsilon()).rsqrt() * grad;
  update_accum = rho() * update_accum + (1 - rho()) * update.square();
  var -= update;

  Args:
    var: A `Tensor` of type `resource`. Should be from a Variable().
    accum: A `Tensor` of type `resource`. Should be from a Variable().
    accum_update: A `Tensor` of type `resource`. Should be from a Variable().
    lr: A `Tensor`. Must be one of the following types: `float32`, `float64`, `int32`, `uint8`, `int16`, `int8`, `complex64`, `int64`, `qint8`, `quint8`, `qint32`, `bfloat16`, `qint16`, `quint16`, `uint16`, `complex128`, `half`, `uint32`, `uint64`.
      Scaling factor. Must be a scalar.
    rho: A `Tensor`. Must have the same type as `lr`.
      Decay factor. Must be a scalar.
    epsilon: A `Tensor`. Must have the same type as `lr`.
      Constant factor. Must be a scalar.
    grad: A `Tensor`. Must have the same type as `lr`. The gradient.
    use_locking: An optional `bool`. Defaults to `False`.
      If True, updating of the var, accum and update_accum tensors will be protected by
      a lock; otherwise the behavior is undefined, but may exhibit less contention.
    name: A name for the operation (optional).

  Returns:
    The created Operation.
  "
tensorflow._api.v2.compat.v1.raw_ops.ResourceApplyAdagradDA,"Update '*var' according to the proximal adagrad scheme.

  Args:
    var: A `Tensor` of type `resource`. Should be from a Variable().
    gradient_accumulator: A `Tensor` of type `resource`.
      Should be from a Variable().
    gradient_squared_accumulator: A `Tensor` of type `resource`.
      Should be from a Variable().
    grad: A `Tensor`. Must be one of the following types: `float32`, `float64`, `int32`, `uint8`, `int16`, `int8`, `complex64`, `int64`, `qint8`, `quint8`, `qint32`, `bfloat16`, `qint16`, `quint16`, `uint16`, `complex128`, `half`, `uint32`, `uint64`.
      The gradient.
    lr: A `Tensor`. Must have the same type as `grad`.
      Scaling factor. Must be a scalar.
    l1: A `Tensor`. Must have the same type as `grad`.
      L1 regularization. Must be a scalar.
    l2: A `Tensor`. Must have the same type as `grad`.
      L2 regularization. Must be a scalar.
    global_step: A `Tensor` of type `int64`.
      Training step number. Must be a scalar.
    use_locking: An optional `bool`. Defaults to `False`.
      If True, updating of the var and accum tensors will be protected by
      a lock; otherwise the behavior is undefined, but may exhibit less contention.
    name: A name for the operation (optional).

  Returns:
    The created Operation.
  "
tensorflow._api.v2.compat.v1.raw_ops.ResourceApplyAdamWithAmsgrad,"Update '*var' according to the Adam algorithm.

  $$\text{lr}_t := \mathrm{learning_rate} * \sqrt{1 - \beta_2^t} / (1 - \beta_1^t)$$
  $$m_t := \beta_1 * m_{t-1} + (1 - \beta_1) * g$$
  $$v_t := \beta_2 * v_{t-1} + (1 - \beta_2) * g * g$$
  $$\hat{v}_t := max{\hat{v}_{t-1}, v_t}$$
  $$\text{variable} := \text{variable} - \text{lr}_t * m_t / (\sqrt{\hat{v}_t} + \epsilon)$$

  Args:
    var: A `Tensor` of type `resource`. Should be from a Variable().
    m: A `Tensor` of type `resource`. Should be from a Variable().
    v: A `Tensor` of type `resource`. Should be from a Variable().
    vhat: A `Tensor` of type `resource`. Should be from a Variable().
    beta1_power: A `Tensor`. Must be one of the following types: `float32`, `float64`, `int32`, `uint8`, `int16`, `int8`, `complex64`, `int64`, `qint8`, `quint8`, `qint32`, `bfloat16`, `qint16`, `quint16`, `uint16`, `complex128`, `half`, `uint32`, `uint64`.
      Must be a scalar.
    beta2_power: A `Tensor`. Must have the same type as `beta1_power`.
      Must be a scalar.
    lr: A `Tensor`. Must have the same type as `beta1_power`.
      Scaling factor. Must be a scalar.
    beta1: A `Tensor`. Must have the same type as `beta1_power`.
      Momentum factor. Must be a scalar.
    beta2: A `Tensor`. Must have the same type as `beta1_power`.
      Momentum factor. Must be a scalar.
    epsilon: A `Tensor`. Must have the same type as `beta1_power`.
      Ridge term. Must be a scalar.
    grad: A `Tensor`. Must have the same type as `beta1_power`. The gradient.
    use_locking: An optional `bool`. Defaults to `False`.
      If `True`, updating of the var, m, and v tensors will be protected
      by a lock; otherwise the behavior is undefined, but may exhibit less
      contention.
    name: A name for the operation (optional).

  Returns:
    The created Operation.
  "
tensorflow._api.v2.compat.v1.raw_ops.ResourceApplyGradientDescent,"Update '*var' by subtracting 'alpha' * 'delta' from it.

  Args:
    var: A `Tensor` of type `resource`. Should be from a Variable().
    alpha: A `Tensor`. Must be one of the following types: `float32`, `float64`, `int32`, `uint8`, `int16`, `int8`, `complex64`, `int64`, `qint8`, `quint8`, `qint32`, `bfloat16`, `qint16`, `quint16`, `uint16`, `complex128`, `half`, `uint32`, `uint64`.
      Scaling factor. Must be a scalar.
    delta: A `Tensor`. Must have the same type as `alpha`. The change.
    use_locking: An optional `bool`. Defaults to `False`.
      If `True`, the subtraction will be protected by a lock;
      otherwise the behavior is undefined, but may exhibit less contention.
    name: A name for the operation (optional).

  Returns:
    The created Operation.
  "
tensorflow._api.v2.compat.v1.raw_ops.ResourceSparseApplyAdadelta,"var: Should be from a Variable().

  Args:
    var: A `Tensor` of type `resource`.
    accum: A `Tensor` of type `resource`. Should be from a Variable().
    accum_update: A `Tensor` of type `resource`.
      : Should be from a Variable().
    lr: A `Tensor`. Must be one of the following types: `float32`, `float64`, `int32`, `uint8`, `int16`, `int8`, `complex64`, `int64`, `qint8`, `quint8`, `qint32`, `bfloat16`, `qint16`, `quint16`, `uint16`, `complex128`, `half`, `uint32`, `uint64`.
      Learning rate. Must be a scalar.
    rho: A `Tensor`. Must have the same type as `lr`.
      Decay factor. Must be a scalar.
    epsilon: A `Tensor`. Must have the same type as `lr`.
      Constant factor. Must be a scalar.
    grad: A `Tensor`. Must have the same type as `lr`. The gradient.
    indices: A `Tensor`. Must be one of the following types: `int32`, `int64`.
      A vector of indices into the first dimension of var and accum.
    use_locking: An optional `bool`. Defaults to `False`.
      If True, updating of the var and accum tensors will be protected by
      a lock; otherwise the behavior is undefined, but may exhibit less contention.
    name: A name for the operation (optional).

  Returns:
    The created Operation.
  "
tensorflow._api.v2.compat.v1.raw_ops.ResourceSparseApplyAdagradDA,"Update entries in '*var' and '*accum' according to the proximal adagrad scheme.

  Args:
    var: A `Tensor` of type `resource`. Should be from a Variable().
    gradient_accumulator: A `Tensor` of type `resource`.
      Should be from a Variable().
    gradient_squared_accumulator: A `Tensor` of type `resource`.
      Should be from a Variable().
    grad: A `Tensor`. Must be one of the following types: `float32`, `float64`, `int32`, `uint8`, `int16`, `int8`, `complex64`, `int64`, `qint8`, `quint8`, `qint32`, `bfloat16`, `qint16`, `quint16`, `uint16`, `complex128`, `half`, `uint32`, `uint64`.
      The gradient.
    indices: A `Tensor`. Must be one of the following types: `int32`, `int64`.
      A vector of indices into the first dimension of var and accum.
    lr: A `Tensor`. Must have the same type as `grad`.
      Learning rate. Must be a scalar.
    l1: A `Tensor`. Must have the same type as `grad`.
      L1 regularization. Must be a scalar.
    l2: A `Tensor`. Must have the same type as `grad`.
      L2 regularization. Must be a scalar.
    global_step: A `Tensor` of type `int64`.
      Training step number. Must be a scalar.
    use_locking: An optional `bool`. Defaults to `False`.
      If True, updating of the var and accum tensors will be protected by
      a lock; otherwise the behavior is undefined, but may exhibit less contention.
    name: A name for the operation (optional).

  Returns:
    The created Operation.
  "
tensorflow._api.v2.compat.v1.raw_ops.SparseApplyAdadelta,"var: Should be from a Variable().

  Args:
    var: A mutable `Tensor`. Must be one of the following types: `float32`, `float64`, `int32`, `uint8`, `int16`, `int8`, `complex64`, `int64`, `qint8`, `quint8`, `qint32`, `bfloat16`, `qint16`, `quint16`, `uint16`, `complex128`, `half`, `uint32`, `uint64`.
    accum: A mutable `Tensor`. Must have the same type as `var`.
      Should be from a Variable().
    accum_update: A mutable `Tensor`. Must have the same type as `var`.
      : Should be from a Variable().
    lr: A `Tensor`. Must have the same type as `var`.
      Learning rate. Must be a scalar.
    rho: A `Tensor`. Must have the same type as `var`.
      Decay factor. Must be a scalar.
    epsilon: A `Tensor`. Must have the same type as `var`.
      Constant factor. Must be a scalar.
    grad: A `Tensor`. Must have the same type as `var`. The gradient.
    indices: A `Tensor`. Must be one of the following types: `int32`, `int64`.
      A vector of indices into the first dimension of var and accum.
    use_locking: An optional `bool`. Defaults to `False`.
      If True, updating of the var and accum tensors will be protected by
      a lock; otherwise the behavior is undefined, but may exhibit less contention.
    name: A name for the operation (optional).

  Returns:
    A mutable `Tensor`. Has the same type as `var`.
  "
tensorflow._api.v2.compat.v1.raw_ops.SparseApplyAdagradDA,"Update entries in '*var' and '*accum' according to the proximal adagrad scheme.

  Args:
    var: A mutable `Tensor`. Must be one of the following types: `float32`, `float64`, `int32`, `uint8`, `int16`, `int8`, `complex64`, `int64`, `qint8`, `quint8`, `qint32`, `bfloat16`, `qint16`, `quint16`, `uint16`, `complex128`, `half`, `uint32`, `uint64`.
      Should be from a Variable().
    gradient_accumulator: A mutable `Tensor`. Must have the same type as `var`.
      Should be from a Variable().
    gradient_squared_accumulator: A mutable `Tensor`. Must have the same type as `var`.
      Should be from a Variable().
    grad: A `Tensor`. Must have the same type as `var`. The gradient.
    indices: A `Tensor`. Must be one of the following types: `int32`, `int64`.
      A vector of indices into the first dimension of var and accum.
    lr: A `Tensor`. Must have the same type as `var`.
      Learning rate. Must be a scalar.
    l1: A `Tensor`. Must have the same type as `var`.
      L1 regularization. Must be a scalar.
    l2: A `Tensor`. Must have the same type as `var`.
      L2 regularization. Must be a scalar.
    global_step: A `Tensor` of type `int64`.
      Training step number. Must be a scalar.
    use_locking: An optional `bool`. Defaults to `False`.
      If True, updating of the var and accum tensors will be protected by
      a lock; otherwise the behavior is undefined, but may exhibit less contention.
    name: A name for the operation (optional).

  Returns:
    A mutable `Tensor`. Has the same type as `var`.
  "
tensorflow._api.v2.compat.v1.raw_ops.SparseReduceMax,"Computes the max of elements across dimensions of a SparseTensor.

  This Op takes a SparseTensor and is the sparse counterpart to
  `tf.reduce_max()`.  In particular, this Op also returns a dense `Tensor`
  instead of a sparse one.

  Reduces `sp_input` along the dimensions given in `reduction_axes`.  Unless
  `keep_dims` is true, the rank of the tensor is reduced by 1 for each entry in
  `reduction_axes`. If `keep_dims` is true, the reduced dimensions are retained
  with length 1.

  If `reduction_axes` has no entries, all dimensions are reduced, and a tensor
  with a single element is returned.  Additionally, the axes can be negative,
  which are interpreted according to the indexing rules in Python.

  Args:
    input_indices: A `Tensor` of type `int64`.
      2-D.  `N x R` matrix with the indices of non-empty values in a
      SparseTensor, possibly not in canonical ordering.
    input_values: A `Tensor`. Must be one of the following types: `float32`, `float64`, `int32`, `uint8`, `int16`, `int8`, `int64`, `bfloat16`, `uint16`, `half`, `uint32`, `uint64`.
      1-D.  `N` non-empty values corresponding to `input_indices`.
    input_shape: A `Tensor` of type `int64`.
      1-D.  Shape of the input SparseTensor.
    reduction_axes: A `Tensor` of type `int32`.
      1-D.  Length-`K` vector containing the reduction axes.
    keep_dims: An optional `bool`. Defaults to `False`.
      If true, retain reduced dimensions with length 1.
    name: A name for the operation (optional).

  Returns:
    A `Tensor`. Has the same type as `input_values`.
  "
tensorflow._api.v2.compat.v1.raw_ops.SparseReduceMaxSparse,"Computes the max of elements across dimensions of a SparseTensor.

  This Op takes a SparseTensor and is the sparse counterpart to
  `tf.reduce_max()`.  In contrast to SparseReduceMax, this Op returns a
  SparseTensor.

  Reduces `sp_input` along the dimensions given in `reduction_axes`.  Unless
  `keep_dims` is true, the rank of the tensor is reduced by 1 for each entry in
  `reduction_axes`. If `keep_dims` is true, the reduced dimensions are retained
  with length 1.

  If `reduction_axes` has no entries, all dimensions are reduced, and a tensor
  with a single element is returned.  Additionally, the axes can be negative,
  which are interpreted according to the indexing rules in Python.

  Args:
    input_indices: A `Tensor` of type `int64`.
      2-D.  `N x R` matrix with the indices of non-empty values in a
      SparseTensor, possibly not in canonical ordering.
    input_values: A `Tensor`. Must be one of the following types: `float32`, `float64`, `int32`, `uint8`, `int16`, `int8`, `int64`, `bfloat16`, `uint16`, `half`, `uint32`, `uint64`.
      1-D.  `N` non-empty values corresponding to `input_indices`.
    input_shape: A `Tensor` of type `int64`.
      1-D.  Shape of the input SparseTensor.
    reduction_axes: A `Tensor` of type `int32`.
      1-D.  Length-`K` vector containing the reduction axes.
    keep_dims: An optional `bool`. Defaults to `False`.
      If true, retain reduced dimensions with length 1.
    name: A name for the operation (optional).

  Returns:
    A tuple of `Tensor` objects (output_indices, output_values, output_shape).

    output_indices: A `Tensor` of type `int64`.
    output_values: A `Tensor`. Has the same type as `input_values`.
    output_shape: A `Tensor` of type `int64`.
  "
tensorflow._api.v2.compat.v1.raw_ops.SparseReduceSum,"Computes the sum of elements across dimensions of a SparseTensor.

  This Op takes a SparseTensor and is the sparse counterpart to
  `tf.reduce_sum()`.  In particular, this Op also returns a dense `Tensor`
  instead of a sparse one.

  Reduces `sp_input` along the dimensions given in `reduction_axes`.  Unless
  `keep_dims` is true, the rank of the tensor is reduced by 1 for each entry in
  `reduction_axes`. If `keep_dims` is true, the reduced dimensions are retained
  with length 1.

  If `reduction_axes` has no entries, all dimensions are reduced, and a tensor
  with a single element is returned.  Additionally, the axes can be negative,
  which are interpreted according to the indexing rules in Python.

  Args:
    input_indices: A `Tensor` of type `int64`.
      2-D.  `N x R` matrix with the indices of non-empty values in a
      SparseTensor, possibly not in canonical ordering.
    input_values: A `Tensor`. Must be one of the following types: `float32`, `float64`, `int32`, `uint8`, `int16`, `int8`, `complex64`, `int64`, `qint8`, `quint8`, `qint32`, `bfloat16`, `qint16`, `quint16`, `uint16`, `complex128`, `half`, `uint32`, `uint64`.
      1-D.  `N` non-empty values corresponding to `input_indices`.
    input_shape: A `Tensor` of type `int64`.
      1-D.  Shape of the input SparseTensor.
    reduction_axes: A `Tensor` of type `int32`.
      1-D.  Length-`K` vector containing the reduction axes.
    keep_dims: An optional `bool`. Defaults to `False`.
      If true, retain reduced dimensions with length 1.
    name: A name for the operation (optional).

  Returns:
    A `Tensor`. Has the same type as `input_values`.
  "
tensorflow._api.v2.compat.v1.raw_ops.SparseReduceSumSparse,"Computes the sum of elements across dimensions of a SparseTensor.

  This Op takes a SparseTensor and is the sparse counterpart to
  `tf.reduce_sum()`.  In contrast to SparseReduceSum, this Op returns a
  SparseTensor.

  Reduces `sp_input` along the dimensions given in `reduction_axes`.  Unless
  `keep_dims` is true, the rank of the tensor is reduced by 1 for each entry in
  `reduction_axes`. If `keep_dims` is true, the reduced dimensions are retained
  with length 1.

  If `reduction_axes` has no entries, all dimensions are reduced, and a tensor
  with a single element is returned.  Additionally, the axes can be negative,
  which are interpreted according to the indexing rules in Python.

  Args:
    input_indices: A `Tensor` of type `int64`.
      2-D.  `N x R` matrix with the indices of non-empty values in a
      SparseTensor, possibly not in canonical ordering.
    input_values: A `Tensor`. Must be one of the following types: `float32`, `float64`, `int32`, `uint8`, `int16`, `int8`, `complex64`, `int64`, `qint8`, `quint8`, `qint32`, `bfloat16`, `qint16`, `quint16`, `uint16`, `complex128`, `half`, `uint32`, `uint64`.
      1-D.  `N` non-empty values corresponding to `input_indices`.
    input_shape: A `Tensor` of type `int64`.
      1-D.  Shape of the input SparseTensor.
    reduction_axes: A `Tensor` of type `int32`.
      1-D.  Length-`K` vector containing the reduction axes.
    keep_dims: An optional `bool`. Defaults to `False`.
      If true, retain reduced dimensions with length 1.
    name: A name for the operation (optional).

  Returns:
    A tuple of `Tensor` objects (output_indices, output_values, output_shape).

    output_indices: A `Tensor` of type `int64`.
    output_values: A `Tensor`. Has the same type as `input_values`.
    output_shape: A `Tensor` of type `int64`.
  "
tensorflow._api.v2.compat.v1.raw_ops.TPUReplicatedInput,"Connects N inputs to an N-way replicated TPU computation.

  This operation holds a replicated input to a `tpu.replicate()` computation subgraph.
  Each replicated input has the same shape and type alongside the output.

  For example:
  ```
  %a = ""tf.opA""()
  %b = ""tf.opB""()
  %replicated_input = ""tf.TPUReplicatedInput""(%a, %b)
  %computation = ""tf.Computation""(%replicated_input)
  ```
  The above computation has a replicated input of two replicas.

  Args:
    inputs: A list of at least 1 `Tensor` objects with the same type.
    is_mirrored_variable: An optional `bool`. Defaults to `False`.
    index: An optional `int`. Defaults to `-1`.
    is_packed: An optional `bool`. Defaults to `False`.
    name: A name for the operation (optional).

  Returns:
    A `Tensor`. Has the same type as `inputs`.
  "
tensorflow._api.v2.compat.v1.raw_ops.TPUReplicatedOutput,"Connects N outputs from an N-way replicated TPU computation.

  This operation holds a replicated output from a `tpu.replicate()` computation subgraph.
  Each replicated output has the same shape and type alongside the input.

  For example:
  ```
  %computation = ""tf.Computation""()
  %replicated_output:2 = ""tf.TPUReplicatedOutput""(%computation)
  ```
  The above computation has a replicated output of two replicas.

  Args:
    input: A `Tensor`.
    num_replicas: An `int` that is `>= 1`.
    name: A name for the operation (optional).

  Returns:
    A list of `num_replicas` `Tensor` objects with the same type as `input`.
  "
tensorflow._api.v2.compat.v1.raw_ops.UniformQuantizedDot,"Perform quantized dot of quantized Tensor `lhs` and quantized Tensor `rhs` to make quantized `output`.

  Given quantized `lhs` and quantized `rhs`, performs quantized dot on `lhs` and `rhs` to make quantized `output`.
  `lhs` and `rhs` must be 2D Tensors and the lhs.dim_size(1) must match rhs.dim_size(0).
  `lhs` and `rhs` must be quantized Tensor, where data value is quantized using the formula:
  quantized_data = clip(original_data / scale + zero_point, quantization_min_val, quantization_max_val).
  `output` is also quantized, using the same formula.
  If `rhs` is per-tensor quantized, `output` must be also per-tensor quantized.

  Args:
    lhs: A `Tensor`. Must be one of the following types: `qint8`.
      Must be a 2D Tensor of Tin.
    rhs: A `Tensor`. Must have the same type as `lhs`.
      Must be a 2D Tensor of Tin.
    lhs_scales: A `Tensor` of type `float32`.
      The float value(s) used as scale when quantizing original data that lhs represents.
      Must be a scalar Tensor (lhs supports only per-tensor quantization).
    lhs_zero_points: A `Tensor` of type `int32`.
      The int32 value(s) used as zero_point when quantizing original data that lhs represents.
      Same shape condition as lhs_scales.
    rhs_scales: A `Tensor` of type `float32`.
      The float value(s) used as scale when quantizing original data that rhs represents.
      Must be a scalar Tensor (per-tensor quantization) or 1D Tensor of size (rhs.dim_size(1),) (per-channel quantization).
    rhs_zero_points: A `Tensor` of type `int32`.
      The int32 value(s) used as zero_point when quantizing original data that rhs represents.
      Same shape condition as rhs_scales.
    output_scales: A `Tensor` of type `float32`.
      The float value(s) to use as scales when quantizing original data that output represents.
      Must be a scalar Tensor (per-tensor quantization) or 1D Tensor of size (output.dim_size(1),) (per-channel quantization).
      If rhs is per-tensor quantized, output must be also per-tensor quantized.
      This means that if rhs_scales and rhs_zero_points are scalar Tensors, output_scales and output_zero_points must be scalar Tensors as well.
    output_zero_points: A `Tensor` of type `int32`.
      The int32 value(s) used as zero_point when quantizing original data that output represents.
      Same shape condition as rhs_scales.
    Tout: A `tf.DType` from: `tf.qint32`. The type of output Tensor.
    lhs_quantization_min_val: An `int`.
      The min value of the quantized data stored in lhs.
      For example, if Tin is qint8, this must be set to -127 if narrow range quantized or -128 if not.
    lhs_quantization_max_val: An `int`.
      The max value of the quantized data stored in rhs.
      For example, if Tin is qint8, this must be set to 127.
    rhs_quantization_min_val: An `int`.
      The min value of the quantized data stored in rhs.
      For example, if Trhs is qint8, this must be set to -127 if narrow range quantized or -128 if not.
    rhs_quantization_max_val: An `int`.
      The max value of the quantized data stored in rhs.
      For example, if Trhs is qint8, this must be set to 127.
    output_quantization_min_val: An `int`.
      The min value of the quantized data stored in output.
      For example, if Tout is qint8, this must be set to -127 if narrow range quantized or -128 if not.
    output_quantization_max_val: An `int`.
      The max value of the quantized data stored in output.
      For example, if Tout is qint8, this must be set to 127.
    lhs_quantization_axis: An optional `int`. Defaults to `-1`.
      Indicates the dimension index of the tensor where per-axis quantization is applied for the slices along that dimension.
      If set to -1 (default), this indicates per-tensor quantization.
      For dot op lhs, only per-tensor quantization is supported.
      Thus, this attribute must be set to -1. Other values are rejected.
    rhs_quantization_axis: An optional `int`. Defaults to `-1`.
      Indicates the dimension index of the tensor where per-axis quantization is applied for the slices along that dimension.
      If set to -1 (default), this indicates per-tensor quantization.
      For dot op rhs, only per-tensor quantization or per-channel quantization along dimension 1 is supported.
      Thus, this attribute must be set to -1 or 1. Other values are rejected.
    output_quantization_axis: An optional `int`. Defaults to `-1`.
      Indicates the dimension index of the tensor where per-axis quantization is applied for the slices along that dimension.
      If set to -1 (default), this indicates per-tensor quantization.
      For dot op output, only per-tensor quantization or per-channel quantization along dimension 1 is supported.
      Thus, this attribute must be set to -1 or 1. Other values are rejected.
    name: A name for the operation (optional).

  Returns:
    A `Tensor` of type `Tout`.
  "
tensorflow._api.v2.compat.v1.compat.v1.report_uninitialized_variables,"Adds ops to list the names of uninitialized variables.

When run, it returns a 1-D tensor containing the names of uninitialized
variables if there are any, or an empty array if there are none.

Args:
  var_list: List of `Variable` objects to check. Defaults to the value of
    `global_variables() + local_variables()`
  name: Optional name of the `Operation`.

Returns:
  A 1-D tensor containing names of the uninitialized variables, or an empty
  1-D tensor if there are no variables or no uninitialized variables.


Note: The output of this function should be used. If it is not, a warning will be logged or an error may be raised. To mark the output as used, call its .mark_used() method."
tensorflow._api.v2.compat.v1.compat.v1.required_space_to_batch_paddings,"Calculate padding required to make block_shape divide input_shape.

  This function can be used to calculate a suitable paddings argument for use
  with space_to_batch_nd and batch_to_space_nd.

  Args:
    input_shape: int32 Tensor of shape [N].
    block_shape: int32 Tensor of shape [N].
    base_paddings: Optional int32 Tensor of shape [N, 2].  Specifies the minimum
      amount of padding to use.  All elements must be >= 0.  If not specified,
      defaults to 0.
    name: string.  Optional name prefix.

  Returns:
    (paddings, crops), where:

    `paddings` and `crops` are int32 Tensors of rank 2 and shape [N, 2]
    satisfying:

        paddings[i, 0] = base_paddings[i, 0].
        0 <= paddings[i, 1] - base_paddings[i, 1] < block_shape[i]
        (input_shape[i] + paddings[i, 0] + paddings[i, 1]) % block_shape[i] == 0

        crops[i, 0] = 0
        crops[i, 1] = paddings[i, 1] - base_paddings[i, 1]

  Raises: ValueError if called with incompatible shapes.
  "
tensorflow._api.v2.compat.v1.signal.hamming_window,"Generate a [Hamming][hamming] window.

  Args:
    window_length: A scalar `Tensor` indicating the window length to generate.
    periodic: A bool `Tensor` indicating whether to generate a periodic or
      symmetric window. Periodic windows are typically used for spectral
      analysis while symmetric windows are typically used for digital
      filter design.
    dtype: The data type to produce. Must be a floating point type.
    name: An optional name for the operation.

  Returns:
    A `Tensor` of shape `[window_length]` of type `dtype`.

  Raises:
    ValueError: If `dtype` is not a floating point type.

  [hamming]:
    https://en.wikipedia.org/wiki/Window_function#Hann_and_Hamming_windows
  "
tensorflow._api.v2.compat.v1.signal.hann_window,"Generate a [Hann window][hann].

  Args:
    window_length: A scalar `Tensor` indicating the window length to generate.
    periodic: A bool `Tensor` indicating whether to generate a periodic or
      symmetric window. Periodic windows are typically used for spectral
      analysis while symmetric windows are typically used for digital
      filter design.
    dtype: The data type to produce. Must be a floating point type.
    name: An optional name for the operation.

  Returns:
    A `Tensor` of shape `[window_length]` of type `dtype`.

  Raises:
    ValueError: If `dtype` is not a floating point type.

  [hann]: https://en.wikipedia.org/wiki/Window_function#Hann_and_Hamming_windows
  "
tensorflow._api.v2.compat.v1.signal.kaiser_window,"Generate a [Kaiser window][kaiser].

  Args:
    window_length: A scalar `Tensor` indicating the window length to generate.
    beta: Beta parameter for Kaiser window, see reference below.
    dtype: The data type to produce. Must be a floating point type.
    name: An optional name for the operation.

  Returns:
    A `Tensor` of shape `[window_length]` of type `dtype`.

  [kaiser]:
    https://docs.scipy.org/doc/numpy/reference/generated/numpy.kaiser.html
  "
tensorflow._api.v2.compat.v1.signal.vorbis_window,"Generate a [Vorbis power complementary window][vorbis].

  Args:
    window_length: A scalar `Tensor` indicating the window length to generate.
    dtype: The data type to produce. Must be a floating point type.
    name: An optional name for the operation.

  Returns:
    A `Tensor` of shape `[window_length]` of type `dtype`.

  [vorbis]:
    https://en.wikipedia.org/wiki/Modified_discrete_cosine_transform#Window_functions
  "
tensorflow._api.v2.compat.v1.sparse.eye,"Creates a two-dimensional sparse tensor with ones along the diagonal.

  Args:
    num_rows: Non-negative integer or `int32` scalar `tensor` giving the number
      of rows in the resulting matrix.
    num_columns: Optional non-negative integer or `int32` scalar `tensor` giving
      the number of columns in the resulting matrix. Defaults to `num_rows`.
    dtype: The type of element in the resulting `Tensor`.
    name: A name for this `Op`. Defaults to ""eye"".

  Returns:
    A `SparseTensor` of shape [num_rows, num_columns] with ones along the
    diagonal.
  "
tensorflow._api.v2.compat.v1.sparse.retain,"Retains specified non-empty values within a `SparseTensor`.

  For example, if `sp_input` has shape `[4, 5]` and 4 non-empty string values:

      [0, 1]: a
      [0, 3]: b
      [2, 0]: c
      [3, 1]: d

  and `to_retain = [True, False, False, True]`, then the output will
  be a `SparseTensor` of shape `[4, 5]` with 2 non-empty values:

      [0, 1]: a
      [3, 1]: d

  Args:
    sp_input: The input `SparseTensor` with `N` non-empty elements.
    to_retain: A bool vector of length `N` with `M` true values.

  Returns:
    A `SparseTensor` with the same shape as the input and `M` non-empty
    elements corresponding to the true positions in `to_retain`.

  Raises:
    TypeError: If `sp_input` is not a `SparseTensor`.
  "
tensorflow._api.v2.compat.v1.compat.v1.sparse_retain,"Retains specified non-empty values within a `SparseTensor`.

  For example, if `sp_input` has shape `[4, 5]` and 4 non-empty string values:

      [0, 1]: a
      [0, 3]: b
      [2, 0]: c
      [3, 1]: d

  and `to_retain = [True, False, False, True]`, then the output will
  be a `SparseTensor` of shape `[4, 5]` with 2 non-empty values:

      [0, 1]: a
      [3, 1]: d

  Args:
    sp_input: The input `SparseTensor` with `N` non-empty elements.
    to_retain: A bool vector of length `N` with `M` true values.

  Returns:
    A `SparseTensor` with the same shape as the input and `M` non-empty
    elements corresponding to the true positions in `to_retain`.

  Raises:
    TypeError: If `sp_input` is not a `SparseTensor`.
  "
tensorflow._api.v2.compat.v1.test.Benchmark.evaluate,"Evaluates tensors and returns numpy values.

    Args:
      tensors: A Tensor or a nested list/tuple of Tensors.

    Returns:
      tensors numpy values.
    "
tensorflow._api.v2.compat.v1.test.TestCase.evaluate,"Evaluates tensors and returns numpy values.

    Args:
      tensors: A Tensor or a nested list/tuple of Tensors.

    Returns:
      tensors numpy values.
    "
tensorflow._api.v2.compat.v1.tpu.CrossShardOptimizer.compute_gradients,"Compute gradients of ""loss"" for the variables in ""var_list"".

    This simply wraps `compute_gradients()` from the real optimizer. The
    gradients will be aggregated in `apply_gradients()` so that user can
    modify the gradients like clipping with per replica global norm if needed.
    The global norm with aggregated gradients can be bad as one replica's huge
    gradients can hurt the gradients from other replicas.

    When the CrossShardOptimizer is constructed with
    `reduction == losses.Reduction.MEAN` (default), this function scales the
    loss by `1.0 / num_shards` before computing the gradients. Assuming the
    optimizer uses the default implementation of `compute_gradients()`, the
    gradients of the scaled loss are scaled by `1.0 / num_shards` compared to
    the gradients of the original loss. This scaling factor is important because
    `apply_gradients()` sums gradients across shards, rather than averaging
    them. However, the scaling factor must be taken into account when clipping
    the norm of the gradients or performing other postprocessing.

    Args:
      loss: A Tensor containing the value to minimize.
      var_list: Optional list or tuple of `tf.Variable` to update to minimize
        `loss`.  Defaults to the list of variables collected in the graph
        under the key `GraphKey.TRAINABLE_VARIABLES`.
      **kwargs: Keyword arguments for compute_gradients().

    Returns:
      A list of (gradient, variable) pairs.

    Raises:
      ValueError: If not within a tpu_shard_context or group_assignment is
        invalid.
    "
tensorflow._api.v2.compat.v1.tpu.CrossShardOptimizer.get_slot_names,"Return a list of the names of slots created by the `Optimizer`.

    This simply wraps the get_slot_names() from the actual optimizer.

    Args:
      *args: Arguments for get_slot().
      **kwargs: Keyword arguments for get_slot().

    Returns:
      A list of strings.
    "
tensorflow._api.v2.compat.v1.tpu.cross_replica_sum,"Sum the input tensor across replicas according to group_assignment.

  Args:
    x: The local tensor to the sum.
    group_assignment: Optional 2d int32 lists with shape [num_groups,
      num_replicas_per_group]. `group_assignment[i]` represents the replica ids
      in the ith subgroup.
    name: Optional op name.

  Returns:
    A `Tensor` which is summed across replicas.
  "
tensorflow._api.v2.compat.v1.tpu.experimental.DeviceAssignment.lookup_replicas,"Lookup replica ids by task number and logical core.

    Args:
      task_id: TensorFlow task number.
      logical_core: An integer, identifying a logical core.
    Returns:
      A sorted list of the replicas that are attached to that task and
      logical_core.
    Raises:
      ValueError: If no replica exists in the task which contains the logical
      core.
    "
tensorflow._api.v2.compat.v1.tpu.experimental.Topology.task_ordinal_at_coordinates,"Returns the TensorFlow task number attached to `device_coordinates`.

    Args:
      device_coordinates: An integer sequence describing a device's physical
        coordinates in the TPU fabric.

    Returns:
      Returns the TensorFlow task number that contains the TPU device with those
      physical coordinates.
    "
tensorflow._api.v2.compat.v1.tpu.experimental.Topology.tpu_device_ordinal_at_coordinates,"Returns the TensorFlow device number at `device_coordinates`.

    Args:
      device_coordinates: An integer sequence describing a device's physical
        coordinates in the TPU fabric.

    Returns:
      Returns the TensorFlow device number within the task corresponding to
      attached to the device with those physical coordinates.
    "
tensorflow._api.v2.compat.v1.train.AdadeltaOptimizer,"Optimizer that implements the Adadelta algorithm.

  References:
    ADADELTA - An Adaptive Learning Rate Method:
      [Zeiler, 2012](http://arxiv.org/abs/1212.5701)
      ([pdf](http://arxiv.org/pdf/1212.5701v1.pdf))

  @compatibility(TF2)
  tf.compat.v1.train.AdadeltaOptimizer is compatible with eager mode and
  `tf.function`.
  When eager execution is enabled, `learning_rate`, `rho`,
  and `epsilon` can each be a callable that
  takes no arguments and returns the actual value to use. This can be useful
  for changing these values across different invocations of optimizer
  functions.

  To switch to native TF2 style, use [`tf.keras.optimizers.Adadelta`]
  (https://www.tensorflow.org/api_docs/python/tf/keras/optimizers/Adadelta)
  instead. Please notice that due to the implementation differences,
  `tf.keras.optimizers.Adadelta` and
  `tf.compat.v1.train.AdadeltaOptimizer` may have slight differences in
  floating point numerics even though the formula used for the variable
  updates still matches.

  #### Structural mapping to native TF2

  Before:

  ```python
  optimizer = tf.compat.v1.train.AdadeltaOptimizer(
    learning_rate=learning_rate,
    rho=rho,
    epsilon=epsilon)
  ```

  After:

  ```python
  optimizer = tf.keras.optimizers.Adadelta(
    learning_rate=learning_rate,
    rho=rho,
    epsilon=epsilon)
  ```

  #### How to map arguments
  | TF1 Arg Name       | TF2 Arg Name   | Note                             |
  | ------------------ | -------------  | -------------------------------  |
  | `learning_rate`    | `learning_rate`| Be careful of setting           |
  : : : learning_rate tensor value computed from the global step.          :
  : : : In TF1 this was usually meant to imply a dynamic learning rate and :
  : : : would recompute in each step. In TF2 (eager + function) it will    :
  : : : treat it as a scalar value that only gets computed once instead of :
  : : : a symbolic placeholder to be computed each time.                   :
  | `rho`              | `rho`          | -                                |
  | `epsilon`          | `epsilon`      | Default value is 1e-08 in TF1,   |
  :                    :                : but 1e-07 in TF2.                :
  | `use_locking`      | -              | Not applicable in TF2.           |

  #### Before & after usage example
  Before:

  ```python
  x = tf.Variable([1,2,3], dtype=tf.float32)
  grad = tf.constant([0.1, 0.2, 0.3])
  optimizer = tf.compat.v1.train.AdadeltaOptimizer(learning_rate=0.001)
  optimizer.apply_gradients(zip([grad], [x]))
  ```

  After:

  ```python
  x = tf.Variable([1,2,3], dtype=tf.float32)
  grad = tf.constant([0.1, 0.2, 0.3])
  optimizer = tf.keras.optimizers.Adadelta(learning_rate=0.001)
  optimizer.apply_gradients(zip([grad], [x]))
  ```

  @end_compatibility
  "
tensorflow._api.v2.compat.v1.train.AdagradOptimizer,"Optimizer that implements the Adagrad algorithm.

  References:
    Adaptive Subgradient Methods for Online Learning and Stochastic Optimization
      :[Duchi et al., 2011](http://jmlr.org/papers/v12/duchi11a.html)
      ([pdf](http://www.jmlr.org/papers/volume12/duchi11a/duchi11a.pdf))

  @compatibility(TF2)
  tf.compat.v1.train.AdagradOptimizer is compatible with eager mode and
  `tf.function`.
  When eager execution is enabled, `learning_rate`,
  `initial_accumulator_value`, and `epsilon` can each be a callable that
  takes no arguments and returns the actual value to use. This can be useful
  for changing these values across different invocations of optimizer
  functions.

  To switch to native TF2 style, use [`tf.keras.optimizers.Adagrad`]
  (https://www.tensorflow.org/api_docs/python/tf/keras/optimizers/Adagrad)
  instead. Please notice that due to the implementation differences,
  `tf.keras.optimizers.Adagrad` and
  `tf.compat.v1.train.AdagradOptimizer` may have slight differences in
  floating point numerics even though the formula used for the variable
  updates still matches.

  #### Structural mapping to native TF2

  Before:

  ```python
  optimizer = tf.compat.v1.train.AdagradOptimizer(
    learning_rate=learning_rate,
    initial_accumulator_value=initial_accumulator_value)
  ```

  After:

  ```python
  optimizer = tf.keras.optimizers.Adagrad(
    learning_rate=learning_rate,
    initial_accumulator_value=initial_accumulator_value,
    epsilon=1e-07)
  ```

  #### How to map arguments
  | TF1 Arg Name       | TF2 Arg Name   | Note                             |
  | ------------------ | -------------  | -------------------------------  |
  | `learning_rate`    | `learning_rate` | Be careful of setting           |
  : : : learning_rate tensor value computed from the global step.          :
  : : : In TF1 this was usually meant to imply a dynamic learning rate and :
  : : : would recompute in each step. In TF2 (eager + function) it will    :
  : : : treat it as a scalar value that only gets computed once instead of :
  : : : a symbolic placeholder to be computed each time.                   :
  | `initial_accumulator_value` | `initial_accumulator_value` | The        |
  : : : argument can be value of zero in TF2, which is not accepted in TF1.|
  | - | `epsilon`      | `epsilon` is become configurable in TF2. The      |
  : : : defualt value is changed from 1e-8 to 1e-7                         :
  | `use_locking`      | -             | Not applicable in TF2.            |

  #### Before & after usage example
  Before:

  ```python
  x = tf.Variable([1,2,3], dtype=tf.float32)
  grad = tf.constant([0.1, 0.2, 0.3])
  optimizer = tf.compat.v1.train.AdagradOptimizer(learning_rate=0.001)
  optimizer.apply_gradients(zip([grad], [x]))
  ```

  After:

  ```python
  x = tf.Variable([1,2,3], dtype=tf.float32)
  grad = tf.constant([0.1, 0.2, 0.3])
  optimizer = tf.keras.optimizers.Adagrad(learning_rate=0.001)
  optimizer.apply_gradients(zip([grad], [x]))
  ```

  @end_compatibility
  "
tensorflow._api.v2.compat.v1.train.AdamOptimizer,"Optimizer that implements the Adam algorithm.

  References:
    Adam - A Method for Stochastic Optimization:
      [Kingma et al., 2015](https://arxiv.org/abs/1412.6980)
      ([pdf](https://arxiv.org/pdf/1412.6980.pdf))

  @compatibility(TF2)
  tf.compat.v1.train.AdamOptimizer is compatible with eager mode and
  `tf.function`.
  When eager execution is enabled, `learning_rate`, `beta1`, `beta2`, and
  `epsilon` can each be a callable that takes no arguments and returns the
  actual value to use. This can be useful for changing these values across
  different invocations of optimizer functions.

  To switch to native TF2 style, use [`tf.keras.optimizers.Adam`]
  (https://www.tensorflow.org/api_docs/python/tf/keras/optimizers/Adam)
  instead. Please notice that due to the implementation differences,
  `tf.keras.optimizers.Adam` and
  `tf.compat.v1.train.AdamOptimizer` may have slight differences in
  floating point numerics even though the formula used for the variable
  updates still matches.

  #### Structural Mapping to Native TF2

  Before:

  ```python
  optimizer = tf.compat.v1.train.AdamOptimizer(learning_rate=0.001)
  ```

  After:

  ```python
  optimizer = tf.keras.optimizers.Adam(learning_rate=0.001)
  ```

  #### How to Map Arguments
  |TF1 Arg Name          |TF2 Arg Name |Note                  |
  |----------------------|-------------|----------------------|
  |learning_rate         |learning_rate|Be careful of setting learning_rate as a
  :                      :             : tensor value computed from the global
  :                      :             : step. In TF1 this was usually meant to
  :                      :             : imply a dynamic learning rate and would
  :                      :             : recompute in each step. In TF2 (eager +
  :                      :             : function) it will treat it as a scalar
  :                      :             : value that only gets computed once
  :                      :             : instead of a symbolic placeholder to be
  :                      :             : computed each time.                   :
  |beta1                 |beta_1        |                      |
  |beta2                 |beta_2        |                      |
  |epsilon               |epsilon      | Default value is 1e-08 in TF1, but
  :                      :             : 1e-07 in TF2.                     :
  |use_locking           |N/A          |Not applicable in TF2. |

  #### Before & After Usage Example
  Before:

  ```python
  x = tf.Variable([1,2,3], dtype=tf.float32)
  grad = tf.constant([0.1, 0.2, 0.3])
  optimizer = tf.compat.v1.train.AdamOptimizer(learning_rate=0.001)
  optimizer.apply_gradients(zip([grad], [x]))
  ```

  After:

  ```python
  x = tf.Variable([1,2,3], dtype=tf.float32)
  grad = tf.constant([0.1, 0.2, 0.3])
  optimizer = tf.keras.optimizers.Adam(learning_rate=0.001)
  optimizer.apply_gradients(zip([grad], [x]))
  ```

  @end_compatibility
  "
tensorflow._api.v2.compat.v1.train.Coordinator.wait_for_stop,"Wait till the Coordinator is told to stop.

    Args:
      timeout: Float.  Sleep for up to that many seconds waiting for
        should_stop() to become True.

    Returns:
      True if the Coordinator is told stop, False if the timeout expired.
    "
tensorflow._api.v2.compat.v1.train.ExponentialMovingAverage.average,"Returns the `Variable` holding the average of `var`.

    Args:
      var: A `Variable` object.

    Returns:
      A `Variable` object or `None` if the moving average of `var`
      is not maintained.
    "
tensorflow._api.v2.compat.v1.train.MonitoredSession.run_step_fn,"Run ops using a step function.

    Args:
      step_fn: A function or a method with a single argument of type
        `StepContext`.  The function may use methods of the argument to perform
        computations with access to a raw session.  The returned value of the
        `step_fn` will be returned from `run_step_fn`, unless a stop is
        requested.  In that case, the next `should_stop` call will return True.
        Example usage:
            ```python
            with tf.Graph().as_default():
              c = tf.compat.v1.placeholder(dtypes.float32)
              v = tf.add(c, 4.0)
              w = tf.add(c, 0.5)
              def step_fn(step_context):
                a = step_context.session.run(fetches=v, feed_dict={c: 0.5})
                if a <= 4.5:
                  step_context.request_stop()
                  return step_context.run_with_hooks(fetches=w,
                                                     feed_dict={c: 0.1})

              with tf.MonitoredSession() as session:
                while not session.should_stop():
                  a = session.run_step_fn(step_fn)
            ```
            Hooks interact with the `run_with_hooks()` call inside the
                 `step_fn` as they do with a `MonitoredSession.run` call.

    Returns:
      Returns the returned value of `step_fn`.

    Raises:
      StopIteration: if `step_fn` has called `request_stop()`.  It may be
        caught by `with tf.MonitoredSession()` to close the session.
      ValueError: if `step_fn` doesn't have a single argument called
        `step_context`. It may also optionally have `self` for cases when it
        belongs to an object.
    "
tensorflow._api.v2.compat.v1.train.QueueRunner.to_proto,"Converts this `QueueRunner` to a `QueueRunnerDef` protocol buffer.

    Args:
      export_scope: Optional `string`. Name scope to remove.

    Returns:
      A `QueueRunnerDef` protocol buffer, or `None` if the `Variable` is not in
      the specified name scope.
    "
tensorflow._api.v2.compat.v1.train.SingularMonitoredSession.run_step_fn,"Run ops using a step function.

    Args:
      step_fn: A function or a method with a single argument of type
        `StepContext`.  The function may use methods of the argument to perform
        computations with access to a raw session.  The returned value of the
        `step_fn` will be returned from `run_step_fn`, unless a stop is
        requested.  In that case, the next `should_stop` call will return True.
        Example usage:
            ```python
            with tf.Graph().as_default():
              c = tf.compat.v1.placeholder(dtypes.float32)
              v = tf.add(c, 4.0)
              w = tf.add(c, 0.5)
              def step_fn(step_context):
                a = step_context.session.run(fetches=v, feed_dict={c: 0.5})
                if a <= 4.5:
                  step_context.request_stop()
                  return step_context.run_with_hooks(fetches=w,
                                                     feed_dict={c: 0.1})

              with tf.MonitoredSession() as session:
                while not session.should_stop():
                  a = session.run_step_fn(step_fn)
            ```
            Hooks interact with the `run_with_hooks()` call inside the
                 `step_fn` as they do with a `MonitoredSession.run` call.

    Returns:
      Returns the returned value of `step_fn`.

    Raises:
      StopIteration: if `step_fn` has called `request_stop()`.  It may be
        caught by `with tf.MonitoredSession()` to close the session.
      ValueError: if `step_fn` doesn't have a single argument called
        `step_context`. It may also optionally have `self` for cases when it
        belongs to an object.
    "
tensorflow._api.v2.compat.v1.train.SyncReplicasOptimizer.compute_gradients,"Compute gradients of ""loss"" for the variables in ""var_list"".

    This simply wraps the compute_gradients() from the real optimizer. The
    gradients will be aggregated in the apply_gradients() so that user can
    modify the gradients like clipping with per replica global norm if needed.
    The global norm with aggregated gradients can be bad as one replica's huge
    gradients can hurt the gradients from other replicas.

    Args:
      *args: Arguments for compute_gradients().
      **kwargs: Keyword arguments for compute_gradients().

    Returns:
      A list of (gradient, variable) pairs.
    "
tensorflow._api.v2.compat.v1.train.SyncReplicasOptimizer.get_slot_names,"Return a list of the names of slots created by the `Optimizer`.

    This simply wraps the get_slot_names() from the actual optimizer.

    Args:
      *args: Arguments for get_slot().
      **kwargs: Keyword arguments for get_slot().

    Returns:
      A list of strings.
    "
tensorflow._api.v2.compat.v2.compat.as_bytes,"Converts `bytearray`, `bytes`, or unicode python input types to `bytes`.

  Uses utf-8 encoding for text by default.

  Args:
    bytes_or_text: A `bytearray`, `bytes`, `str`, or `unicode` object.
    encoding: A string indicating the charset for encoding unicode.

  Returns:
    A `bytes` object.

  Raises:
    TypeError: If `bytes_or_text` is not a binary or unicode string.
  "
tensorflow._api.v2.compat.v2.compat.as_text,"Converts any string-like python input types to unicode.

  Returns the input as a unicode string. Uses utf-8 encoding for text
  by default.

  Args:
    bytes_or_text: A `bytes`, `str`, or `unicode` object.
    encoding: A string indicating the charset for decoding unicode.

  Returns:
    A `unicode` (Python 2) or `str` (Python 3) object.

  Raises:
    TypeError: If `bytes_or_text` is not a binary or unicode string.
  "
tensorflow._api.v2.compat.v2.compat.v1.delete_session_tensor,"Delete the tensor for the given tensor handle.

  This is EXPERIMENTAL and subject to change.

  Delete the tensor of a given tensor handle. The tensor is produced
  in a previous run() and stored in the state of the session.

  Args:
    handle: The string representation of a persistent tensor handle.
    name: Optional name prefix for the return tensor.

  Returns:
    A pair of graph elements. The first is a placeholder for feeding a
    tensor handle and the second is a deletion operation.
  "
tensorflow._api.v2.compat.v2.compat.v1.equal,"Returns the truth value of (x == y) element-wise.

  Performs a [broadcast](
  https://docs.scipy.org/doc/numpy/user/basics.broadcasting.html) with the
  arguments and then an element-wise equality comparison, returning a Tensor of
  boolean values.

  For example:

  >>> x = tf.constant([2, 4])
  >>> y = tf.constant(2)
  >>> tf.math.equal(x, y)
  <tf.Tensor: shape=(2,), dtype=bool, numpy=array([ True,  False])>

  >>> x = tf.constant([2, 4])
  >>> y = tf.constant([2, 4])
  >>> tf.math.equal(x, y)
  <tf.Tensor: shape=(2,), dtype=bool, numpy=array([ True,  True])>

  Args:
    x: A `tf.Tensor`.
    y: A `tf.Tensor`.
    name: A name for the operation (optional).

  Returns:
    A `tf.Tensor` of type bool with the same size as that of x or y.

  Raises:
    `tf.errors.InvalidArgumentError`: If shapes of arguments are incompatible
  "
tensorflow._api.v2.compat.v2.compat.v1.get_seed,"Returns the local seeds an operation should use given an op-specific seed.

  Given operation-specific seed, `op_seed`, this helper function returns two
  seeds derived from graph-level and op-level seeds. Many random operations
  internally use the two seeds to allow user to change the seed globally for a
  graph, or for only specific operations.

  For details on how the graph-level seed interacts with op seeds, see
  `tf.compat.v1.random.set_random_seed`.

  Args:
    op_seed: integer.

  Returns:
    A tuple of two integers that should be used for the local seed of this
    operation.
  "
tensorflow._api.v2.compat.v2.compat.v1.get_session_tensor,"Get the tensor of type `dtype` by feeding a tensor handle.

  This is EXPERIMENTAL and subject to change.

  Get the value of the tensor from a tensor handle. The tensor
  is produced in a previous run() and stored in the state of the
  session.

  Args:
    handle: The string representation of a persistent tensor handle.
    dtype: The type of the output tensor.
    name: Optional name prefix for the return tensor.

  Returns:
    A pair of tensors. The first is a placeholder for feeding a
    tensor handle and the second is the tensor in the session state
    keyed by the tensor handle.

  Example:

  ```python
  c = tf.multiply(a, b)
  h = tf.compat.v1.get_session_handle(c)
  h = sess.run(h)

  p, a = tf.compat.v1.get_session_tensor(h.handle, tf.float32)
  b = tf.multiply(a, 10)
  c = sess.run(b, feed_dict={p: h.handle})
  ```

  "
tensorflow._api.v2.compat.v2.compat.v1.global_norm,"Computes the global norm of multiple tensors.

  Given a tuple or list of tensors `t_list`, this operation returns the
  global norm of the elements in all tensors in `t_list`. The global norm is
  computed as:

  `global_norm = sqrt(sum([l2norm(t)**2 for t in t_list]))`

  Any entries in `t_list` that are of type None are ignored.

  Args:
    t_list: A tuple or list of mixed `Tensors`, `IndexedSlices`, or None.
    name: A name for the operation (optional).

  Returns:
    A 0-D (scalar) `Tensor` of type `float`.

  Raises:
    TypeError: If `t_list` is not a sequence.
  "
tensorflow._api.v2.compat.v2.compat.v1.greater_equal,"Returns the truth value of (x >= y) element-wise.

  *NOTE*: `math.greater_equal` supports broadcasting. More about broadcasting
  [here](http://docs.scipy.org/doc/numpy/user/basics.broadcasting.html)

  Example:

  ```python
  x = tf.constant([5, 4, 6, 7])
  y = tf.constant([5, 2, 5, 10])
  tf.math.greater_equal(x, y) ==> [True, True, True, False]

  x = tf.constant([5, 4, 6, 7])
  y = tf.constant([5])
  tf.math.greater_equal(x, y) ==> [True, False, True, True]
  ```

  Args:
    x: A `Tensor`. Must be one of the following types: `float32`, `float64`, `int32`, `uint8`, `int16`, `int8`, `int64`, `bfloat16`, `uint16`, `half`, `uint32`, `uint64`.
    y: A `Tensor`. Must have the same type as `x`.
    name: A name for the operation (optional).

  Returns:
    A `Tensor` of type `bool`.
  "
tensorflow._api.v2.compat.v2.compat.v1.hessians,"Constructs the Hessian of sum of `ys` with respect to `x` in `xs`.

  `hessians()` adds ops to the graph to output the Hessian matrix of `ys`
  with respect to `xs`.  It returns a list of `Tensor` of length `len(xs)`
  where each tensor is the Hessian of `sum(ys)`.

  The Hessian is a matrix of second-order partial derivatives of a scalar
  tensor (see https://en.wikipedia.org/wiki/Hessian_matrix for more details).

  Args:
    ys: A `Tensor` or list of tensors to be differentiated.
    xs: A `Tensor` or list of tensors to be used for differentiation.
    name: Optional name to use for grouping all the gradient ops together.
      defaults to 'hessians'.
    colocate_gradients_with_ops: See `gradients()` documentation for details.
    gate_gradients: See `gradients()` documentation for details.
    aggregation_method: See `gradients()` documentation for details.

  Returns:
    A list of Hessian matrices of `sum(ys)` for each `x` in `xs`.

  Raises:
    LookupError: if one of the operations between `xs` and `ys` does not
      have a registered gradient function.
  "
tensorflow._api.v2.compat.v2.compat.v1.is_variable_initialized,"Tests if a variable has been initialized.

Args:
  variable: A `Variable`.

Returns:
  Returns a scalar boolean Tensor, `True` if the variable has been
  initialized, `False` otherwise.


Note: The output of this function should be used. If it is not, a warning will be logged or an error may be raised. To mark the output as used, call its .mark_used() method."
tensorflow._api.v2.compat.v2.compat.v1.less_equal,"Returns the truth value of (x <= y) element-wise.

  *NOTE*: `math.less_equal` supports broadcasting. More about broadcasting
  [here](http://docs.scipy.org/doc/numpy/user/basics.broadcasting.html)

  Example:

  ```python
  x = tf.constant([5, 4, 6])
  y = tf.constant([5])
  tf.math.less_equal(x, y) ==> [True, True, False]

  x = tf.constant([5, 4, 6])
  y = tf.constant([5, 6, 6])
  tf.math.less_equal(x, y) ==> [True, True, True]
  ```

  Args:
    x: A `Tensor`. Must be one of the following types: `float32`, `float64`, `int32`, `uint8`, `int16`, `int8`, `int64`, `bfloat16`, `uint16`, `half`, `uint32`, `uint64`.
    y: A `Tensor`. Must have the same type as `x`.
    name: A name for the operation (optional).

  Returns:
    A `Tensor` of type `bool`.
  "
tensorflow._api.v2.compat.v2.compat.v1.make_tensor_proto,"Create a TensorProto.

  In TensorFlow 2.0, representing tensors as protos should no longer be a
  common workflow. That said, this utility function is still useful for
  generating TF Serving request protos:

  ```python
    request = tensorflow_serving.apis.predict_pb2.PredictRequest()
    request.model_spec.name = ""my_model""
    request.model_spec.signature_name = ""serving_default""
    request.inputs[""images""].CopyFrom(tf.make_tensor_proto(X_new))
  ```

  `make_tensor_proto` accepts ""values"" of a python scalar, a python list, a
  numpy ndarray, or a numpy scalar.

  If ""values"" is a python scalar or a python list, make_tensor_proto
  first convert it to numpy ndarray. If dtype is None, the
  conversion tries its best to infer the right numpy data
  type. Otherwise, the resulting numpy array has a compatible data
  type with the given dtype.

  In either case above, the numpy ndarray (either the caller provided
  or the auto-converted) must have the compatible type with dtype.

  `make_tensor_proto` then converts the numpy array to a tensor proto.

  If ""shape"" is None, the resulting tensor proto represents the numpy
  array precisely.

  Otherwise, ""shape"" specifies the tensor's shape and the numpy array
  can not have more elements than what ""shape"" specifies.

  Args:
    values:         Values to put in the TensorProto.
    dtype:          Optional tensor_pb2 DataType value.
    shape:          List of integers representing the dimensions of tensor.
    verify_shape:   Boolean that enables verification of a shape of values.
    allow_broadcast:  Boolean that enables allowing scalars and 1 length vector
        broadcasting. Cannot be true when verify_shape is true.

  Returns:
    A `TensorProto`. Depending on the type, it may contain data in the
    ""tensor_content"" attribute, which is not directly useful to Python programs.
    To access the values you should convert the proto back to a numpy ndarray
    with `tf.make_ndarray(proto)`.

    If `values` is a `TensorProto`, it is immediately returned; `dtype` and
    `shape` are ignored.

  Raises:
    TypeError:  if unsupported types are provided.
    ValueError: if arguments have inappropriate values or if verify_shape is
     True and shape of values is not equals to a shape from the argument.

  "
tensorflow._api.v2.compat.v2.compat.v1.model_variables,"Returns all variables in the MODEL_VARIABLES collection.

  Args:
    scope: (Optional.) A string. If supplied, the resulting list is filtered to
      include only items whose `name` attribute matches `scope` using
      `re.match`. Items without a `name` attribute are never returned if a scope
      is supplied. The choice of `re.match` means that a `scope` without special
      tokens filters by prefix.

  Returns:
    A list of local Variable objects.
  "
tensorflow._api.v2.compat.v2.compat.v1.moving_average_variables,"Returns all variables that maintain their moving averages.

  If an `ExponentialMovingAverage` object is created and the `apply()`
  method is called on a list of variables, these variables will
  be added to the `GraphKeys.MOVING_AVERAGE_VARIABLES` collection.
  This convenience function returns the contents of that collection.

  Args:
    scope: (Optional.) A string. If supplied, the resulting list is filtered to
      include only items whose `name` attribute matches `scope` using
      `re.match`. Items without a `name` attribute are never returned if a scope
      is supplied. The choice of `re.match` means that a `scope` without special
      tokens filters by prefix.

  Returns:
    A list of Variable objects.
  "
tensorflow._api.v2.compat.v2.compat.v1.not_equal,"Returns the truth value of (x != y) element-wise.

  Performs a [broadcast](
  https://docs.scipy.org/doc/numpy/user/basics.broadcasting.html) with the
  arguments and then an element-wise inequality comparison, returning a Tensor
  of boolean values.

  For example:

  >>> x = tf.constant([2, 4])
  >>> y = tf.constant(2)
  >>> tf.math.not_equal(x, y)
  <tf.Tensor: shape=(2,), dtype=bool, numpy=array([False,  True])>

  >>> x = tf.constant([2, 4])
  >>> y = tf.constant([2, 4])
  >>> tf.math.not_equal(x, y)
  <tf.Tensor: shape=(2,), dtype=bool, numpy=array([False,  False])>

  Args:
    x: A `tf.Tensor`.
    y: A `tf.Tensor`.
    name: A name for the operation (optional).

  Returns:
    A `tf.Tensor` of type bool with the same size as that of x or y.

  Raises:
    `tf.errors.InvalidArgumentError`: If shapes of arguments are incompatible
  "
tensorflow._api.v2.compat.v2.compat.v1.random_gamma,"Draws `shape` samples from each of the given Gamma distribution(s).

  `alpha` is the shape parameter describing the distribution(s), and `beta` is
  the inverse scale parameter(s).

  Note: Because internal calculations are done using `float64` and casting has
  `floor` semantics, we must manually map zero outcomes to the smallest
  possible positive floating-point value, i.e., `np.finfo(dtype).tiny`.  This
  means that `np.finfo(dtype).tiny` occurs more frequently than it otherwise
  should.  This bias can only happen for small values of `alpha`, i.e.,
  `alpha << 1` or large values of `beta`, i.e., `beta >> 1`.

  The samples are differentiable w.r.t. alpha and beta.
  The derivatives are computed using the approach described in
  (Figurnov et al., 2018).

  Example:

  ```python
  samples = tf.random.gamma([10], [0.5, 1.5])
  # samples has shape [10, 2], where each slice [:, 0] and [:, 1] represents
  # the samples drawn from each distribution

  samples = tf.random.gamma([7, 5], [0.5, 1.5])
  # samples has shape [7, 5, 2], where each slice [:, :, 0] and [:, :, 1]
  # represents the 7x5 samples drawn from each of the two distributions

  alpha = tf.constant([[1.],[3.],[5.]])
  beta = tf.constant([[3., 4.]])
  samples = tf.random.gamma([30], alpha=alpha, beta=beta)
  # samples has shape [30, 3, 2], with 30 samples each of 3x2 distributions.

  loss = tf.reduce_mean(tf.square(samples))
  dloss_dalpha, dloss_dbeta = tf.gradients(loss, [alpha, beta])
  # unbiased stochastic derivatives of the loss function
  alpha.shape == dloss_dalpha.shape  # True
  beta.shape == dloss_dbeta.shape  # True
  ```

  Args:
    shape: A 1-D integer Tensor or Python array. The shape of the output samples
      to be drawn per alpha/beta-parameterized distribution.
    alpha: A Tensor or Python value or N-D array of type `dtype`. `alpha`
      provides the shape parameter(s) describing the gamma distribution(s) to
      sample. Must be broadcastable with `beta`.
    beta: A Tensor or Python value or N-D array of type `dtype`. Defaults to 1.
      `beta` provides the inverse scale parameter(s) of the gamma
      distribution(s) to sample. Must be broadcastable with `alpha`.
    dtype: The type of alpha, beta, and the output: `float16`, `float32`, or
      `float64`.
    seed: A Python integer. Used to create a random seed for the distributions.
      See
      `tf.random.set_seed`
      for behavior.
    name: Optional name for the operation.

  Returns:
    samples: a `Tensor` of shape
      `tf.concat([shape, tf.shape(alpha + beta)], axis=0)` with values of type
      `dtype`.

  References:
    Implicit Reparameterization Gradients:
      [Figurnov et al., 2018]
      (http://papers.nips.cc/paper/7326-implicit-reparameterization-gradients)
      ([pdf]
      (http://papers.nips.cc/paper/7326-implicit-reparameterization-gradients.pdf))
  "
tensorflow._api.v2.compat.v2.compat.v1.report_uninitialized_variables,"Adds ops to list the names of uninitialized variables.

When run, it returns a 1-D tensor containing the names of uninitialized
variables if there are any, or an empty array if there are none.

Args:
  var_list: List of `Variable` objects to check. Defaults to the value of
    `global_variables() + local_variables()`
  name: Optional name of the `Operation`.

Returns:
  A 1-D tensor containing names of the uninitialized variables, or an empty
  1-D tensor if there are no variables or no uninitialized variables.


Note: The output of this function should be used. If it is not, a warning will be logged or an error may be raised. To mark the output as used, call its .mark_used() method."
tensorflow._api.v2.compat.v2.compat.v1.required_space_to_batch_paddings,"Calculate padding required to make block_shape divide input_shape.

  This function can be used to calculate a suitable paddings argument for use
  with space_to_batch_nd and batch_to_space_nd.

  Args:
    input_shape: int32 Tensor of shape [N].
    block_shape: int32 Tensor of shape [N].
    base_paddings: Optional int32 Tensor of shape [N, 2].  Specifies the minimum
      amount of padding to use.  All elements must be >= 0.  If not specified,
      defaults to 0.
    name: string.  Optional name prefix.

  Returns:
    (paddings, crops), where:

    `paddings` and `crops` are int32 Tensors of rank 2 and shape [N, 2]
    satisfying:

        paddings[i, 0] = base_paddings[i, 0].
        0 <= paddings[i, 1] - base_paddings[i, 1] < block_shape[i]
        (input_shape[i] + paddings[i, 0] + paddings[i, 1]) % block_shape[i] == 0

        crops[i, 0] = 0
        crops[i, 1] = paddings[i, 1] - base_paddings[i, 1]

  Raises: ValueError if called with incompatible shapes.
  "
tensorflow._api.v2.compat.v2.compat.v1.sparse_retain,"Retains specified non-empty values within a `SparseTensor`.

  For example, if `sp_input` has shape `[4, 5]` and 4 non-empty string values:

      [0, 1]: a
      [0, 3]: b
      [2, 0]: c
      [3, 1]: d

  and `to_retain = [True, False, False, True]`, then the output will
  be a `SparseTensor` of shape `[4, 5]` with 2 non-empty values:

      [0, 1]: a
      [3, 1]: d

  Args:
    sp_input: The input `SparseTensor` with `N` non-empty elements.
    to_retain: A bool vector of length `N` with `M` true values.

  Returns:
    A `SparseTensor` with the same shape as the input and `M` non-empty
    elements corresponding to the true positions in `to_retain`.

  Raises:
    TypeError: If `sp_input` is not a `SparseTensor`.
  "
tensorflow._api.v2.compat.v2.data.Dataset.counter,"Creates a `Dataset` that counts from `start` in steps of size `step`.

    Unlike `tf.data.Dataset.range`, which stops at some ending number,
    `tf.data.Dataset.counter` produces elements indefinitely.

    >>> dataset = tf.data.experimental.Counter().take(5)
    >>> [a.item() for a in dataset.as_numpy_iterator()]
    [0, 1, 2, 3, 4]
    >>> dataset.element_spec
    TensorSpec(shape=(), dtype=tf.int64, name=None)
    >>> dataset = tf.data.experimental.Counter(dtype=tf.int32)
    >>> dataset.element_spec
    TensorSpec(shape=(), dtype=tf.int32, name=None)
    >>> dataset = tf.data.experimental.Counter(start=2).take(5)
    >>> [a.item() for a in dataset.as_numpy_iterator()]
    [2, 3, 4, 5, 6]
    >>> dataset = tf.data.experimental.Counter(start=2, step=5).take(5)
    >>> [a.item() for a in dataset.as_numpy_iterator()]
    [2, 7, 12, 17, 22]
    >>> dataset = tf.data.experimental.Counter(start=10, step=-1).take(5)
    >>> [a.item() for a in dataset.as_numpy_iterator()]
    [10, 9, 8, 7, 6]

    Args:
      start: (Optional.) The starting value for the counter. Defaults to 0.
      step: (Optional.) The step size for the counter. Defaults to 1.
      dtype: (Optional.) The data type for counter elements. Defaults to
        `tf.int64`.
      name: (Optional.) A name for the tf.data operation.

    Returns:
      A `Dataset` of scalar `dtype` elements.
    "
tensorflow._api.v2.compat.v2.data.Dataset.scan,"A transformation that scans a function across an input dataset.

    This transformation is a stateful relative of `tf.data.Dataset.map`.
    In addition to mapping `scan_func` across the elements of the input dataset,
    `scan()` accumulates one or more state tensors, whose initial values are
    `initial_state`.

    >>> dataset = tf.data.Dataset.range(10)
    >>> initial_state = tf.constant(0, dtype=tf.int64)
    >>> scan_func = lambda state, i: (state + i, state + i)
    >>> dataset = dataset.scan(initial_state=initial_state, scan_func=scan_func)
    >>> [a.item() for a in dataset.as_numpy_iterator()]
    [0, 1, 3, 6, 10, 15, 21, 28, 36, 45]

    Args:
      initial_state: A nested structure of tensors, representing the initial
        state of the accumulator.
      scan_func: A function that maps `(old_state, input_element)` to
        `(new_state, output_element)`. It must take two arguments and return a
        pair of nested structures of tensors. The `new_state` must match the
        structure of `initial_state`.
      name: (Optional.) A name for the tf.data operation.

    Returns:
      A new `Dataset` with the transformation applied as described above.
    "
tensorflow._api.v2.compat.v2.data.FixedLengthRecordDataset.counter,"Creates a `Dataset` that counts from `start` in steps of size `step`.

    Unlike `tf.data.Dataset.range`, which stops at some ending number,
    `tf.data.Dataset.counter` produces elements indefinitely.

    >>> dataset = tf.data.experimental.Counter().take(5)
    >>> [a.item() for a in dataset.as_numpy_iterator()]
    [0, 1, 2, 3, 4]
    >>> dataset.element_spec
    TensorSpec(shape=(), dtype=tf.int64, name=None)
    >>> dataset = tf.data.experimental.Counter(dtype=tf.int32)
    >>> dataset.element_spec
    TensorSpec(shape=(), dtype=tf.int32, name=None)
    >>> dataset = tf.data.experimental.Counter(start=2).take(5)
    >>> [a.item() for a in dataset.as_numpy_iterator()]
    [2, 3, 4, 5, 6]
    >>> dataset = tf.data.experimental.Counter(start=2, step=5).take(5)
    >>> [a.item() for a in dataset.as_numpy_iterator()]
    [2, 7, 12, 17, 22]
    >>> dataset = tf.data.experimental.Counter(start=10, step=-1).take(5)
    >>> [a.item() for a in dataset.as_numpy_iterator()]
    [10, 9, 8, 7, 6]

    Args:
      start: (Optional.) The starting value for the counter. Defaults to 0.
      step: (Optional.) The step size for the counter. Defaults to 1.
      dtype: (Optional.) The data type for counter elements. Defaults to
        `tf.int64`.
      name: (Optional.) A name for the tf.data operation.

    Returns:
      A `Dataset` of scalar `dtype` elements.
    "
tensorflow._api.v2.compat.v2.data.FixedLengthRecordDataset.scan,"A transformation that scans a function across an input dataset.

    This transformation is a stateful relative of `tf.data.Dataset.map`.
    In addition to mapping `scan_func` across the elements of the input dataset,
    `scan()` accumulates one or more state tensors, whose initial values are
    `initial_state`.

    >>> dataset = tf.data.Dataset.range(10)
    >>> initial_state = tf.constant(0, dtype=tf.int64)
    >>> scan_func = lambda state, i: (state + i, state + i)
    >>> dataset = dataset.scan(initial_state=initial_state, scan_func=scan_func)
    >>> [a.item() for a in dataset.as_numpy_iterator()]
    [0, 1, 3, 6, 10, 15, 21, 28, 36, 45]

    Args:
      initial_state: A nested structure of tensors, representing the initial
        state of the accumulator.
      scan_func: A function that maps `(old_state, input_element)` to
        `(new_state, output_element)`. It must take two arguments and return a
        pair of nested structures of tensors. The `new_state` must match the
        structure of `initial_state`.
      name: (Optional.) A name for the tf.data operation.

    Returns:
      A new `Dataset` with the transformation applied as described above.
    "
tensorflow._api.v2.compat.v2.data.IteratorSpec.placeholder_value,"Value used for tracing a function signature with this TraceType.

    WARNING: Do not override.

    Args:
      placeholder_context: A class container for context information when
        creating a placeholder value.

    Returns:
      A `CompositeTensor` placeholder whose components are recursively composed
        of placeholders themselves.
    "
tensorflow._api.v2.compat.v2.data.Options,"Represents options for `tf.data.Dataset`.

  A `tf.data.Options` object can be, for instance, used to control which static
  optimizations to apply to the input pipeline graph or whether to use
  performance modeling to dynamically tune the parallelism of operations such as
  `tf.data.Dataset.map` or `tf.data.Dataset.interleave`.

  The options are set for the entire dataset and are carried over to datasets
  created through tf.data transformations.

  The options can be set by constructing an `Options` object and using the
  `tf.data.Dataset.with_options(options)` transformation, which returns a
  dataset with the options set.

  >>> dataset = tf.data.Dataset.range(42)
  >>> options = tf.data.Options()
  >>> options.deterministic = False
  >>> dataset = dataset.with_options(options)
  >>> print(dataset.options().deterministic)
  False

  Note: A known limitation of the `tf.data.Options` implementation is that the
  options are not preserved across tf.function boundaries. In particular, to
  set options for a dataset that is iterated within a tf.function, the options
  need to be set within the same tf.function.
  "
tensorflow._api.v2.compat.v2.data.TFRecordDataset.counter,"Creates a `Dataset` that counts from `start` in steps of size `step`.

    Unlike `tf.data.Dataset.range`, which stops at some ending number,
    `tf.data.Dataset.counter` produces elements indefinitely.

    >>> dataset = tf.data.experimental.Counter().take(5)
    >>> [a.item() for a in dataset.as_numpy_iterator()]
    [0, 1, 2, 3, 4]
    >>> dataset.element_spec
    TensorSpec(shape=(), dtype=tf.int64, name=None)
    >>> dataset = tf.data.experimental.Counter(dtype=tf.int32)
    >>> dataset.element_spec
    TensorSpec(shape=(), dtype=tf.int32, name=None)
    >>> dataset = tf.data.experimental.Counter(start=2).take(5)
    >>> [a.item() for a in dataset.as_numpy_iterator()]
    [2, 3, 4, 5, 6]
    >>> dataset = tf.data.experimental.Counter(start=2, step=5).take(5)
    >>> [a.item() for a in dataset.as_numpy_iterator()]
    [2, 7, 12, 17, 22]
    >>> dataset = tf.data.experimental.Counter(start=10, step=-1).take(5)
    >>> [a.item() for a in dataset.as_numpy_iterator()]
    [10, 9, 8, 7, 6]

    Args:
      start: (Optional.) The starting value for the counter. Defaults to 0.
      step: (Optional.) The step size for the counter. Defaults to 1.
      dtype: (Optional.) The data type for counter elements. Defaults to
        `tf.int64`.
      name: (Optional.) A name for the tf.data operation.

    Returns:
      A `Dataset` of scalar `dtype` elements.
    "
tensorflow._api.v2.compat.v2.data.TFRecordDataset.scan,"A transformation that scans a function across an input dataset.

    This transformation is a stateful relative of `tf.data.Dataset.map`.
    In addition to mapping `scan_func` across the elements of the input dataset,
    `scan()` accumulates one or more state tensors, whose initial values are
    `initial_state`.

    >>> dataset = tf.data.Dataset.range(10)
    >>> initial_state = tf.constant(0, dtype=tf.int64)
    >>> scan_func = lambda state, i: (state + i, state + i)
    >>> dataset = dataset.scan(initial_state=initial_state, scan_func=scan_func)
    >>> [a.item() for a in dataset.as_numpy_iterator()]
    [0, 1, 3, 6, 10, 15, 21, 28, 36, 45]

    Args:
      initial_state: A nested structure of tensors, representing the initial
        state of the accumulator.
      scan_func: A function that maps `(old_state, input_element)` to
        `(new_state, output_element)`. It must take two arguments and return a
        pair of nested structures of tensors. The `new_state` must match the
        structure of `initial_state`.
      name: (Optional.) A name for the tf.data operation.

    Returns:
      A new `Dataset` with the transformation applied as described above.
    "
tensorflow._api.v2.compat.v2.data.TextLineDataset.counter,"Creates a `Dataset` that counts from `start` in steps of size `step`.

    Unlike `tf.data.Dataset.range`, which stops at some ending number,
    `tf.data.Dataset.counter` produces elements indefinitely.

    >>> dataset = tf.data.experimental.Counter().take(5)
    >>> [a.item() for a in dataset.as_numpy_iterator()]
    [0, 1, 2, 3, 4]
    >>> dataset.element_spec
    TensorSpec(shape=(), dtype=tf.int64, name=None)
    >>> dataset = tf.data.experimental.Counter(dtype=tf.int32)
    >>> dataset.element_spec
    TensorSpec(shape=(), dtype=tf.int32, name=None)
    >>> dataset = tf.data.experimental.Counter(start=2).take(5)
    >>> [a.item() for a in dataset.as_numpy_iterator()]
    [2, 3, 4, 5, 6]
    >>> dataset = tf.data.experimental.Counter(start=2, step=5).take(5)
    >>> [a.item() for a in dataset.as_numpy_iterator()]
    [2, 7, 12, 17, 22]
    >>> dataset = tf.data.experimental.Counter(start=10, step=-1).take(5)
    >>> [a.item() for a in dataset.as_numpy_iterator()]
    [10, 9, 8, 7, 6]

    Args:
      start: (Optional.) The starting value for the counter. Defaults to 0.
      step: (Optional.) The step size for the counter. Defaults to 1.
      dtype: (Optional.) The data type for counter elements. Defaults to
        `tf.int64`.
      name: (Optional.) A name for the tf.data operation.

    Returns:
      A `Dataset` of scalar `dtype` elements.
    "
tensorflow._api.v2.compat.v2.data.TextLineDataset.scan,"A transformation that scans a function across an input dataset.

    This transformation is a stateful relative of `tf.data.Dataset.map`.
    In addition to mapping `scan_func` across the elements of the input dataset,
    `scan()` accumulates one or more state tensors, whose initial values are
    `initial_state`.

    >>> dataset = tf.data.Dataset.range(10)
    >>> initial_state = tf.constant(0, dtype=tf.int64)
    >>> scan_func = lambda state, i: (state + i, state + i)
    >>> dataset = dataset.scan(initial_state=initial_state, scan_func=scan_func)
    >>> [a.item() for a in dataset.as_numpy_iterator()]
    [0, 1, 3, 6, 10, 15, 21, 28, 36, 45]

    Args:
      initial_state: A nested structure of tensors, representing the initial
        state of the accumulator.
      scan_func: A function that maps `(old_state, input_element)` to
        `(new_state, output_element)`. It must take two arguments and return a
        pair of nested structures of tensors. The `new_state` must match the
        structure of `initial_state`.
      name: (Optional.) A name for the tf.data operation.

    Returns:
      A new `Dataset` with the transformation applied as described above.
    "
tensorflow._api.v2.compat.v2.data.experimental.CsvDataset.counter,"Creates a `Dataset` that counts from `start` in steps of size `step`.

    Unlike `tf.data.Dataset.range`, which stops at some ending number,
    `tf.data.Dataset.counter` produces elements indefinitely.

    >>> dataset = tf.data.experimental.Counter().take(5)
    >>> [a.item() for a in dataset.as_numpy_iterator()]
    [0, 1, 2, 3, 4]
    >>> dataset.element_spec
    TensorSpec(shape=(), dtype=tf.int64, name=None)
    >>> dataset = tf.data.experimental.Counter(dtype=tf.int32)
    >>> dataset.element_spec
    TensorSpec(shape=(), dtype=tf.int32, name=None)
    >>> dataset = tf.data.experimental.Counter(start=2).take(5)
    >>> [a.item() for a in dataset.as_numpy_iterator()]
    [2, 3, 4, 5, 6]
    >>> dataset = tf.data.experimental.Counter(start=2, step=5).take(5)
    >>> [a.item() for a in dataset.as_numpy_iterator()]
    [2, 7, 12, 17, 22]
    >>> dataset = tf.data.experimental.Counter(start=10, step=-1).take(5)
    >>> [a.item() for a in dataset.as_numpy_iterator()]
    [10, 9, 8, 7, 6]

    Args:
      start: (Optional.) The starting value for the counter. Defaults to 0.
      step: (Optional.) The step size for the counter. Defaults to 1.
      dtype: (Optional.) The data type for counter elements. Defaults to
        `tf.int64`.
      name: (Optional.) A name for the tf.data operation.

    Returns:
      A `Dataset` of scalar `dtype` elements.
    "
tensorflow._api.v2.compat.v2.data.experimental.CsvDataset.scan,"A transformation that scans a function across an input dataset.

    This transformation is a stateful relative of `tf.data.Dataset.map`.
    In addition to mapping `scan_func` across the elements of the input dataset,
    `scan()` accumulates one or more state tensors, whose initial values are
    `initial_state`.

    >>> dataset = tf.data.Dataset.range(10)
    >>> initial_state = tf.constant(0, dtype=tf.int64)
    >>> scan_func = lambda state, i: (state + i, state + i)
    >>> dataset = dataset.scan(initial_state=initial_state, scan_func=scan_func)
    >>> [a.item() for a in dataset.as_numpy_iterator()]
    [0, 1, 3, 6, 10, 15, 21, 28, 36, 45]

    Args:
      initial_state: A nested structure of tensors, representing the initial
        state of the accumulator.
      scan_func: A function that maps `(old_state, input_element)` to
        `(new_state, output_element)`. It must take two arguments and return a
        pair of nested structures of tensors. The `new_state` must match the
        structure of `initial_state`.
      name: (Optional.) A name for the tf.data operation.

    Returns:
      A new `Dataset` with the transformation applied as described above.
    "
tensorflow._api.v2.compat.v2.data.experimental.RandomDataset.counter,"Creates a `Dataset` that counts from `start` in steps of size `step`.

    Unlike `tf.data.Dataset.range`, which stops at some ending number,
    `tf.data.Dataset.counter` produces elements indefinitely.

    >>> dataset = tf.data.experimental.Counter().take(5)
    >>> [a.item() for a in dataset.as_numpy_iterator()]
    [0, 1, 2, 3, 4]
    >>> dataset.element_spec
    TensorSpec(shape=(), dtype=tf.int64, name=None)
    >>> dataset = tf.data.experimental.Counter(dtype=tf.int32)
    >>> dataset.element_spec
    TensorSpec(shape=(), dtype=tf.int32, name=None)
    >>> dataset = tf.data.experimental.Counter(start=2).take(5)
    >>> [a.item() for a in dataset.as_numpy_iterator()]
    [2, 3, 4, 5, 6]
    >>> dataset = tf.data.experimental.Counter(start=2, step=5).take(5)
    >>> [a.item() for a in dataset.as_numpy_iterator()]
    [2, 7, 12, 17, 22]
    >>> dataset = tf.data.experimental.Counter(start=10, step=-1).take(5)
    >>> [a.item() for a in dataset.as_numpy_iterator()]
    [10, 9, 8, 7, 6]

    Args:
      start: (Optional.) The starting value for the counter. Defaults to 0.
      step: (Optional.) The step size for the counter. Defaults to 1.
      dtype: (Optional.) The data type for counter elements. Defaults to
        `tf.int64`.
      name: (Optional.) A name for the tf.data operation.

    Returns:
      A `Dataset` of scalar `dtype` elements.
    "
tensorflow._api.v2.compat.v2.data.experimental.RandomDataset.scan,"A transformation that scans a function across an input dataset.

    This transformation is a stateful relative of `tf.data.Dataset.map`.
    In addition to mapping `scan_func` across the elements of the input dataset,
    `scan()` accumulates one or more state tensors, whose initial values are
    `initial_state`.

    >>> dataset = tf.data.Dataset.range(10)
    >>> initial_state = tf.constant(0, dtype=tf.int64)
    >>> scan_func = lambda state, i: (state + i, state + i)
    >>> dataset = dataset.scan(initial_state=initial_state, scan_func=scan_func)
    >>> [a.item() for a in dataset.as_numpy_iterator()]
    [0, 1, 3, 6, 10, 15, 21, 28, 36, 45]

    Args:
      initial_state: A nested structure of tensors, representing the initial
        state of the accumulator.
      scan_func: A function that maps `(old_state, input_element)` to
        `(new_state, output_element)`. It must take two arguments and return a
        pair of nested structures of tensors. The `new_state` must match the
        structure of `initial_state`.
      name: (Optional.) A name for the tf.data operation.

    Returns:
      A new `Dataset` with the transformation applied as described above.
    "
tensorflow._api.v2.compat.v2.data.experimental.SqlDataset.counter,"Creates a `Dataset` that counts from `start` in steps of size `step`.

    Unlike `tf.data.Dataset.range`, which stops at some ending number,
    `tf.data.Dataset.counter` produces elements indefinitely.

    >>> dataset = tf.data.experimental.Counter().take(5)
    >>> [a.item() for a in dataset.as_numpy_iterator()]
    [0, 1, 2, 3, 4]
    >>> dataset.element_spec
    TensorSpec(shape=(), dtype=tf.int64, name=None)
    >>> dataset = tf.data.experimental.Counter(dtype=tf.int32)
    >>> dataset.element_spec
    TensorSpec(shape=(), dtype=tf.int32, name=None)
    >>> dataset = tf.data.experimental.Counter(start=2).take(5)
    >>> [a.item() for a in dataset.as_numpy_iterator()]
    [2, 3, 4, 5, 6]
    >>> dataset = tf.data.experimental.Counter(start=2, step=5).take(5)
    >>> [a.item() for a in dataset.as_numpy_iterator()]
    [2, 7, 12, 17, 22]
    >>> dataset = tf.data.experimental.Counter(start=10, step=-1).take(5)
    >>> [a.item() for a in dataset.as_numpy_iterator()]
    [10, 9, 8, 7, 6]

    Args:
      start: (Optional.) The starting value for the counter. Defaults to 0.
      step: (Optional.) The step size for the counter. Defaults to 1.
      dtype: (Optional.) The data type for counter elements. Defaults to
        `tf.int64`.
      name: (Optional.) A name for the tf.data operation.

    Returns:
      A `Dataset` of scalar `dtype` elements.
    "
tensorflow._api.v2.compat.v2.data.experimental.SqlDataset.scan,"A transformation that scans a function across an input dataset.

    This transformation is a stateful relative of `tf.data.Dataset.map`.
    In addition to mapping `scan_func` across the elements of the input dataset,
    `scan()` accumulates one or more state tensors, whose initial values are
    `initial_state`.

    >>> dataset = tf.data.Dataset.range(10)
    >>> initial_state = tf.constant(0, dtype=tf.int64)
    >>> scan_func = lambda state, i: (state + i, state + i)
    >>> dataset = dataset.scan(initial_state=initial_state, scan_func=scan_func)
    >>> [a.item() for a in dataset.as_numpy_iterator()]
    [0, 1, 3, 6, 10, 15, 21, 28, 36, 45]

    Args:
      initial_state: A nested structure of tensors, representing the initial
        state of the accumulator.
      scan_func: A function that maps `(old_state, input_element)` to
        `(new_state, output_element)`. It must take two arguments and return a
        pair of nested structures of tensors. The `new_state` must match the
        structure of `initial_state`.
      name: (Optional.) A name for the tf.data operation.

    Returns:
      A new `Dataset` with the transformation applied as described above.
    "
tensorflow._api.v2.compat.v2.data.experimental.to_variant,"Returns a variant representing the given dataset.

  Args:
    dataset: A `tf.data.Dataset`.

  Returns:
    A scalar `tf.variant` tensor representing the given dataset.
  "
tensorflow._api.v2.compat.v2.distribute.MirroredStrategy.experimental_local_results,"Returns the list of all local per-replica values contained in `value`.

    Note: This only returns values on the worker initiated by this client.
    When using a `tf.distribute.Strategy` like
    `tf.distribute.experimental.MultiWorkerMirroredStrategy`, each worker
    will be its own client, and this function will only return values
    computed on that worker.

    Args:
      value: A value returned by `experimental_run()`, `run(), or a variable
      created in `scope`.

    Returns:
      A tuple of values contained in `value` where ith element corresponds to
      ith replica. If `value` represents a single value, this returns
      `(value,).`
    "
tensorflow._api.v2.compat.v2.distribute.MultiWorkerMirroredStrategy.experimental_local_results,"Returns the list of all local per-replica values contained in `value`.

    Note: This only returns values on the worker initiated by this client.
    When using a `tf.distribute.Strategy` like
    `tf.distribute.experimental.MultiWorkerMirroredStrategy`, each worker
    will be its own client, and this function will only return values
    computed on that worker.

    Args:
      value: A value returned by `experimental_run()`, `run(), or a variable
      created in `scope`.

    Returns:
      A tuple of values contained in `value` where ith element corresponds to
      ith replica. If `value` represents a single value, this returns
      `(value,).`
    "
tensorflow._api.v2.compat.v2.distribute.OneDeviceStrategy.experimental_local_results,"Returns the list of all local per-replica values contained in `value`.

    In `OneDeviceStrategy`, the `value` is always expected to be a single
    value, so the result is just the value in a tuple.

    Args:
      value: A value returned by `experimental_run()`, `run()`,
        `extended.call_for_each_replica()`, or a variable created in `scope`.

    Returns:
      A tuple of values contained in `value`. If `value` represents a single
      value, this returns `(value,).`
    "
tensorflow._api.v2.compat.v2.distribute.OneDeviceStrategy.run,"Run `fn` on each replica, with the given arguments.

    In `OneDeviceStrategy`, `fn` is simply called within a device scope for the
    given device, with the provided arguments.

    Args:
      fn: The function to run. The output must be a `tf.nest` of `Tensor`s.
      args: (Optional) Positional arguments to `fn`.
      kwargs: (Optional) Keyword arguments to `fn`.
      options: (Optional) An instance of `tf.distribute.RunOptions` specifying
        the options to run `fn`.

    Returns:
      Return value from running `fn`.
    "
tensorflow._api.v2.compat.v2.distribute.ParameterServerStrategy.experimental_local_results,"Returns the list of all local per-replica values contained in `value`.

    Note: This only returns values on the worker initiated by this client.
    When using a `tf.distribute.Strategy` like
    `tf.distribute.experimental.MultiWorkerMirroredStrategy`, each worker
    will be its own client, and this function will only return values
    computed on that worker.

    Args:
      value: A value returned by `experimental_run()`, `run(), or a variable
      created in `scope`.

    Returns:
      A tuple of values contained in `value` where ith element corresponds to
      ith replica. If `value` represents a single value, this returns
      `(value,).`
    "
tensorflow._api.v2.compat.v2.distribute.Strategy.experimental_local_results,"Returns the list of all local per-replica values contained in `value`.

    Note: This only returns values on the worker initiated by this client.
    When using a `tf.distribute.Strategy` like
    `tf.distribute.experimental.MultiWorkerMirroredStrategy`, each worker
    will be its own client, and this function will only return values
    computed on that worker.

    Args:
      value: A value returned by `experimental_run()`, `run(), or a variable
      created in `scope`.

    Returns:
      A tuple of values contained in `value` where ith element corresponds to
      ith replica. If `value` represents a single value, this returns
      `(value,).`
    "
tensorflow._api.v2.compat.v2.distribute.StrategyExtended.value_container,"Returns the container that this per-replica `value` belongs to.

    Args:
      value: A value returned by `run()` or a variable created in `scope()`.

    Returns:
      A container that `value` belongs to.
      If value does not belong to any container (including the case of
      container having been destroyed), returns the value itself.
      `value in experimental_local_results(value_container(value))` will
      always be true.
    "
tensorflow._api.v2.compat.v2.distribute.TPUStrategy.experimental_assign_to_logical_device,"Adds annotation that `tensor` will be assigned to a logical device.

    This adds an annotation to `tensor` specifying that operations on
    `tensor` will be invoked on logical core device id `logical_device_id`.
    When model parallelism is used, the default behavior is that all ops
    are placed on zero-th logical device.

    ```python

    # Initializing TPU system with 2 logical devices and 4 replicas.
    resolver = tf.distribute.cluster_resolver.TPUClusterResolver(tpu='')
    tf.config.experimental_connect_to_cluster(resolver)
    topology = tf.tpu.experimental.initialize_tpu_system(resolver)
    device_assignment = tf.tpu.experimental.DeviceAssignment.build(
        topology,
        computation_shape=[1, 1, 1, 2],
        num_replicas=4)
    strategy = tf.distribute.TPUStrategy(
        resolver, experimental_device_assignment=device_assignment)
    iterator = iter(inputs)

    @tf.function()
    def step_fn(inputs):
      output = tf.add(inputs, inputs)

      # Add operation will be executed on logical device 0.
      output = strategy.experimental_assign_to_logical_device(output, 0)
      return output

    strategy.run(step_fn, args=(next(iterator),))
    ```

    Args:
      tensor: Input tensor to annotate.
      logical_device_id: Id of the logical core to which the tensor will be
        assigned.

    Raises:
      ValueError: The logical device id presented is not consistent with total
      number of partitions specified by the device assignment or the TPUStrategy
      is constructed with `experimental_spmd_xla_partitioning=True`.

    Returns:
      Annotated tensor with identical value as `tensor`.
    "
tensorflow._api.v2.compat.v2.distribute.TPUStrategy.experimental_local_results,"Returns the list of all local per-replica values contained in `value`.

    Note: This only returns values on the worker initiated by this client.
    When using a `tf.distribute.Strategy` like
    `tf.distribute.experimental.MultiWorkerMirroredStrategy`, each worker
    will be its own client, and this function will only return values
    computed on that worker.

    Args:
      value: A value returned by `experimental_run()`, `run(), or a variable
      created in `scope`.

    Returns:
      A tuple of values contained in `value` where ith element corresponds to
      ith replica. If `value` represents a single value, this returns
      `(value,).`
    "
tensorflow._api.v2.compat.v2.distribute.TPUStrategy.experimental_replicate_to_logical_devices,"Adds annotation that `tensor` will be replicated to all logical devices.

    This adds an annotation to tensor `tensor` specifying that operations on
    `tensor` will be invoked on all logical devices.

    ```python
    # Initializing TPU system with 2 logical devices and 4 replicas.
    resolver = tf.distribute.cluster_resolver.TPUClusterResolver(tpu='')
    tf.config.experimental_connect_to_cluster(resolver)
    topology = tf.tpu.experimental.initialize_tpu_system(resolver)
    device_assignment = tf.tpu.experimental.DeviceAssignment.build(
        topology,
        computation_shape=[1, 1, 1, 2],
        num_replicas=4)
    strategy = tf.distribute.TPUStrategy(
        resolver, experimental_device_assignment=device_assignment)

    iterator = iter(inputs)

    @tf.function()
    def step_fn(inputs):
      images, labels = inputs
      images = strategy.experimental_split_to_logical_devices(
        inputs, [1, 2, 4, 1])

      # model() function will be executed on 8 logical devices with `inputs`
      # split 2 * 4  ways.
      output = model(inputs)

      # For loss calculation, all logical devices share the same logits
      # and labels.
      labels = strategy.experimental_replicate_to_logical_devices(labels)
      output = strategy.experimental_replicate_to_logical_devices(output)
      loss = loss_fn(labels, output)

      return loss

    strategy.run(step_fn, args=(next(iterator),))
    ```
    Args:
      tensor: Input tensor to annotate.

    Returns:
      Annotated tensor with identical value as `tensor`.
    "
tensorflow._api.v2.compat.v2.distribute.experimental.CentralStorageStrategy.experimental_local_results,"Returns the list of all local per-replica values contained in `value`.

    In `CentralStorageStrategy` there is a single worker so the value returned
    will be all the values on that worker.

    Args:
      value: A value returned by `run()`, `extended.call_for_each_replica()`,
      or a variable created in `scope`.

    Returns:
      A tuple of values contained in `value`. If `value` represents a single
      value, this returns `(value,).`
    "
tensorflow._api.v2.compat.v2.distribute.experimental.CentralStorageStrategy.run,"Run `fn` on each replica, with the given arguments.

    In `CentralStorageStrategy`, `fn` is  called on each of the compute
    replicas, with the provided ""per replica"" arguments specific to that device.

    Args:
      fn: The function to run. The output must be a `tf.nest` of `Tensor`s.
      args: (Optional) Positional arguments to `fn`.
      kwargs: (Optional) Keyword arguments to `fn`.
      options: (Optional) An instance of `tf.distribute.RunOptions` specifying
        the options to run `fn`.

    Returns:
      Return value from running `fn`.
    "
tensorflow._api.v2.compat.v2.distribute.experimental.MultiWorkerMirroredStrategy.experimental_local_results,"Returns the list of all local per-replica values contained in `value`.

    Note: This only returns values on the worker initiated by this client.
    When using a `tf.distribute.Strategy` like
    `tf.distribute.experimental.MultiWorkerMirroredStrategy`, each worker
    will be its own client, and this function will only return values
    computed on that worker.

    Args:
      value: A value returned by `experimental_run()`, `run(), or a variable
      created in `scope`.

    Returns:
      A tuple of values contained in `value` where ith element corresponds to
      ith replica. If `value` represents a single value, this returns
      `(value,).`
    "
tensorflow._api.v2.compat.v2.distribute.experimental.TPUStrategy.experimental_local_results,"Returns the list of all local per-replica values contained in `value`.

    Note: This only returns values on the worker initiated by this client.
    When using a `tf.distribute.Strategy` like
    `tf.distribute.experimental.MultiWorkerMirroredStrategy`, each worker
    will be its own client, and this function will only return values
    computed on that worker.

    Args:
      value: A value returned by `experimental_run()`, `run(), or a variable
      created in `scope`.

    Returns:
      A tuple of values contained in `value` where ith element corresponds to
      ith replica. If `value` represents a single value, this returns
      `(value,).`
    "
tensorflow._api.v2.compat.v2.compat.v2.equal,"Returns the truth value of (x == y) element-wise.

  Performs a [broadcast](
  https://docs.scipy.org/doc/numpy/user/basics.broadcasting.html) with the
  arguments and then an element-wise equality comparison, returning a Tensor of
  boolean values.

  For example:

  >>> x = tf.constant([2, 4])
  >>> y = tf.constant(2)
  >>> tf.math.equal(x, y)
  <tf.Tensor: shape=(2,), dtype=bool, numpy=array([ True,  False])>

  >>> x = tf.constant([2, 4])
  >>> y = tf.constant([2, 4])
  >>> tf.math.equal(x, y)
  <tf.Tensor: shape=(2,), dtype=bool, numpy=array([ True,  True])>

  Args:
    x: A `tf.Tensor`.
    y: A `tf.Tensor`.
    name: A name for the operation (optional).

  Returns:
    A `tf.Tensor` of type bool with the same size as that of x or y.

  Raises:
    `tf.errors.InvalidArgumentError`: If shapes of arguments are incompatible
  "
tensorflow._api.v2.compat.v2.experimental.DynamicRaggedShape,"The shape of a ragged or dense tensor.

  Ragged shapes are encoded using two fields:

  * `inner_shape`: An integer vector giving the shape of a dense tensor.
  * `row_partitions`: A list of `RowPartition` objects, describing how
    that flat shape should be partitioned to add ragged axes.

  If a DynamicRaggedShape is the shape of a RaggedTensor rt, then:
  1. row_partitions = rt._nested_row_partitions
     (and thus len(row_partitions) > 0)
  2. inner_shape is the shape of rt.flat_values

  If a DynamicRaggedShape is the shape of a dense tensor t, then:
  1. row_partitions = []
  2. inner_shape is the shape of t.

  Examples:

  The following table gives a few examples (where `RP(lengths)` is short
  for `RowPartition.from_lengths(lengths)`):

  Row Partitions              | Inner Shape  | Example Tensor
  --------------------------- | ------------ | ----------------------------
  []                          | [2, 3]       | `[[1, 2, 3], [4, 5, 6]]`
  [RP([2, 0, 3])]             | [5]          | `[[1, 2], [], [3, 4, 5]]`
  [RP([2, 1])]                | [3, 2]       | `[[[1, 2], [3, 4]], [[5, 6]]]`
  [RP([2, 1]), RP([2, 1, 2])] | [5]          | `[[[1, 2], [3]], [[4, 5]]]`
  "
tensorflow._api.v2.compat.v2.experimental.dtensor.DTensorDataset.counter,"Creates a `Dataset` that counts from `start` in steps of size `step`.

    Unlike `tf.data.Dataset.range`, which stops at some ending number,
    `tf.data.Dataset.counter` produces elements indefinitely.

    >>> dataset = tf.data.experimental.Counter().take(5)
    >>> [a.item() for a in dataset.as_numpy_iterator()]
    [0, 1, 2, 3, 4]
    >>> dataset.element_spec
    TensorSpec(shape=(), dtype=tf.int64, name=None)
    >>> dataset = tf.data.experimental.Counter(dtype=tf.int32)
    >>> dataset.element_spec
    TensorSpec(shape=(), dtype=tf.int32, name=None)
    >>> dataset = tf.data.experimental.Counter(start=2).take(5)
    >>> [a.item() for a in dataset.as_numpy_iterator()]
    [2, 3, 4, 5, 6]
    >>> dataset = tf.data.experimental.Counter(start=2, step=5).take(5)
    >>> [a.item() for a in dataset.as_numpy_iterator()]
    [2, 7, 12, 17, 22]
    >>> dataset = tf.data.experimental.Counter(start=10, step=-1).take(5)
    >>> [a.item() for a in dataset.as_numpy_iterator()]
    [10, 9, 8, 7, 6]

    Args:
      start: (Optional.) The starting value for the counter. Defaults to 0.
      step: (Optional.) The step size for the counter. Defaults to 1.
      dtype: (Optional.) The data type for counter elements. Defaults to
        `tf.int64`.
      name: (Optional.) A name for the tf.data operation.

    Returns:
      A `Dataset` of scalar `dtype` elements.
    "
tensorflow._api.v2.compat.v2.experimental.dtensor.DTensorDataset.scan,"A transformation that scans a function across an input dataset.

    This transformation is a stateful relative of `tf.data.Dataset.map`.
    In addition to mapping `scan_func` across the elements of the input dataset,
    `scan()` accumulates one or more state tensors, whose initial values are
    `initial_state`.

    >>> dataset = tf.data.Dataset.range(10)
    >>> initial_state = tf.constant(0, dtype=tf.int64)
    >>> scan_func = lambda state, i: (state + i, state + i)
    >>> dataset = dataset.scan(initial_state=initial_state, scan_func=scan_func)
    >>> [a.item() for a in dataset.as_numpy_iterator()]
    [0, 1, 3, 6, 10, 15, 21, 28, 36, 45]

    Args:
      initial_state: A nested structure of tensors, representing the initial
        state of the accumulator.
      scan_func: A function that maps `(old_state, input_element)` to
        `(new_state, output_element)`. It must take two arguments and return a
        pair of nested structures of tensors. The `new_state` must match the
        structure of `initial_state`.
      name: (Optional.) A name for the tf.data operation.

    Returns:
      A new `Dataset` with the transformation applied as described above.
    "
tensorflow._api.v2.compat.v2.experimental.dtensor.DVariable.to_proto,"Converts a `ResourceVariable` to a `VariableDef` protocol buffer.

    Args:
      export_scope: Optional `string`. Name scope to remove.

    Raises:
      RuntimeError: If run in EAGER mode.

    Returns:
      A `VariableDef` protocol buffer, or `None` if the `Variable` is not
      in the specified name scope.
    "
tensorflow._api.v2.compat.v2.experimental.dtensor.Layout.is_fully_replicated,"is_fully_replicated(self: tensorflow.python._pywrap_dtensor_device.Layout) -> bool

Returns True if all tensor axes are replicated.
"
tensorflow._api.v2.compat.v2.experimental.dtensor.Mesh.global_devices,"global_devices(self: tensorflow.python._pywrap_dtensor_device.Mesh) -> list[str]

Returns a list of global device specs represented as strings.
"
tensorflow._api.v2.compat.v2.experimental.dtensor.Mesh.local_device_ids,"local_device_ids(self: tensorflow.python._pywrap_dtensor_device.Mesh) -> Span[int]

Returns a list of local device IDs.
"
tensorflow._api.v2.compat.v2.experimental.dtensor.Mesh.local_devices,"local_devices(self: tensorflow.python._pywrap_dtensor_device.Mesh) -> Span[str]

Returns a list of local device specs represented as strings.
"
tensorflow._api.v2.compat.v2.experimental.dtensor.Mesh.num_local_devices,"num_local_devices(self: tensorflow.python._pywrap_dtensor_device.Mesh) -> int

Returns the number of local devices.
"
tensorflow._api.v2.compat.v2.experimental.dtensor.fetch_layout,"Fetches the layout of a DTensor.

  Args:
    tensor: The DTensor whose layout is to be fetched.

  Returns:
    The `Layout` of this DTensor.

  Raises:
    RuntimeError: When not called eagerly.
  "
tensorflow._api.v2.compat.v2.experimental.dtensor.initialize_accelerator_system,"Initializes accelerators and communication fabrics for DTensor.

  DTensor configures TensorFlow to run in the local mode or multi-client mode.
  - In local mode, a mesh can only use devices attached to the current process.
  - In multi-client mode, a mesh can span across devices from multiple clients.

  If `DTENSOR_JOBS` is non-empty, DTensor configures TensorFlow to run in the
  multi-client mode using the distributed runtime. In multi-client mode devices
  on different clients can communicate with each other.

  The following environment variables controls the behavior of this function.

  - `DTENSOR_JOBS`: string, a comma separated list. Each item in the list is
      of format `{hostname}:{port}`. If empty, DTensor runs in the local mode.
      Examples of valid `DTENSOR_JOBS` values:
      - 4 clients on localhost:
        `localhost:10000,localhost:10001,localhost:10002,localhost:10003`
      - 2 clients on host1, 2 clients on host2
        `host1:10000,host1:10001,host2:10000,host2:10003`
      If the hostnames are BNS addresses, the items must be sorted in
      alphabetical order.
  - `DTENSOR_CLIENT_ID`: integer, between `0` to `num_clients - 1`, to identify
      the client id of the current process. The default value is `0`.
  - `DTENSOR_JOB_NAME`: string, a string for the name of the TensorFlow job.
      The job name controls the job name section of the TensorFlow DeviceSpecs,
      e.g., `job:worker` in `/job:worker/replica:0/task:0/device:TPU:0` when
      the job name is `worker`.
      The default value is `localhost` in local mode, and
      `worker` when in the multi-client mode. All DTensor clients within the
      same multi-client cluster share the same job name.
  - `DTENSOR_USE_PARALLEL_EXECUTOR`: string, with its value being `pw` to
      specify that the backend is Pathways, and TensorFlow otherwise.

  Args:
    device_type: Type of accelerator to use, can be CPU, GPU, or TPU. If None,
      uses `tf.experimental.dtensor.preferred_device_type()`.
    enable_coordination_service: If true, enable distributed coordination
      service to make sure that workers know the devices on each other, when
      there is more than 1 client.
    num_logical_cpu_devices: the number of logical CPU devices per DTensor
      client. Default to the current number of logical CPU
      (`dtensor.num_local_devices(""CPU"")`),when `device_type` is CPU, otherwise
      set automatially to match the number of local GPU/TPU devices.
    experimental_reset_context: Reset the tensorflow context. Behaviors of
      existing TensorFlow objects (e.g. Tensors) are undefined. Set this to True
      as an escape hatch, if there is no clear way to refactor your code to call
      initialize_accelerator_system() before calling TensorFlow APIs that
      initialize the context.
    experimental_enable_megcore: Optionally enable megcore in backend.

  Returns:
    device_type: the type of accelerator that was initialized.
  "
tensorflow._api.v2.compat.v2.experimental.dtensor.initialize_multi_client,"Initializes accelerators and communication fabrics for DTensor.

  DTensor configures TensorFlow to run in the local mode or multi-client mode.
  - In local mode, a mesh can only use devices attached to the current process.
  - In multi-client mode, a mesh can span across devices from multiple clients.

  If `DTENSOR_JOBS` is non-empty, DTensor configures TensorFlow to run in the
  multi-client mode using the distributed runtime. In multi-client mode devices
  on different clients can communicate with each other.

  The following environment variables controls the behavior of this function.

  - `DTENSOR_JOBS`: string, a comma separated list. Each item in the list is
      of format `{hostname}:{port}`. If empty, DTensor runs in the local mode.
      Examples of valid `DTENSOR_JOBS` values:
      - 4 clients on localhost:
        `localhost:10000,localhost:10001,localhost:10002,localhost:10003`
      - 2 clients on host1, 2 clients on host2
        `host1:10000,host1:10001,host2:10000,host2:10003`
      If the hostnames are BNS addresses, the items must be sorted in
      alphabetical order.
  - `DTENSOR_CLIENT_ID`: integer, between `0` to `num_clients - 1`, to identify
      the client id of the current process. The default value is `0`.
  - `DTENSOR_JOB_NAME`: string, a string for the name of the TensorFlow job.
      The job name controls the job name section of the TensorFlow DeviceSpecs,
      e.g., `job:worker` in `/job:worker/replica:0/task:0/device:TPU:0` when
      the job name is `worker`.
      The default value is `localhost` in local mode, and
      `worker` when in the multi-client mode. All DTensor clients within the
      same multi-client cluster share the same job name.
  - `DTENSOR_USE_PARALLEL_EXECUTOR`: string, with its value being `pw` to
      specify that the backend is Pathways, and TensorFlow otherwise.

  Args:
    device_type: Type of accelerator to use, can be CPU, GPU, or TPU. If None,
      uses `tf.experimental.dtensor.preferred_device_type()`.
    enable_coordination_service: If true, enable distributed coordination
      service to make sure that workers know the devices on each other, when
      there is more than 1 client.
    num_logical_cpu_devices: the number of logical CPU devices per DTensor
      client. Default to the current number of logical CPU
      (`dtensor.num_local_devices(""CPU"")`),when `device_type` is CPU, otherwise
      set automatially to match the number of local GPU/TPU devices.
    experimental_reset_context: Reset the tensorflow context. Behaviors of
      existing TensorFlow objects (e.g. Tensors) are undefined. Set this to True
      as an escape hatch, if there is no clear way to refactor your code to call
      initialize_accelerator_system() before calling TensorFlow APIs that
      initialize the context.
    experimental_enable_megcore: Optionally enable megcore in backend.

  Returns:
    device_type: the type of accelerator that was initialized.
  "
tensorflow._api.v2.compat.v2.experimental.dtensor.initialize_tpu_system,"Initializes accelerators and communication fabrics for DTensor.

  DTensor configures TensorFlow to run in the local mode or multi-client mode.
  - In local mode, a mesh can only use devices attached to the current process.
  - In multi-client mode, a mesh can span across devices from multiple clients.

  If `DTENSOR_JOBS` is non-empty, DTensor configures TensorFlow to run in the
  multi-client mode using the distributed runtime. In multi-client mode devices
  on different clients can communicate with each other.

  The following environment variables controls the behavior of this function.

  - `DTENSOR_JOBS`: string, a comma separated list. Each item in the list is
      of format `{hostname}:{port}`. If empty, DTensor runs in the local mode.
      Examples of valid `DTENSOR_JOBS` values:
      - 4 clients on localhost:
        `localhost:10000,localhost:10001,localhost:10002,localhost:10003`
      - 2 clients on host1, 2 clients on host2
        `host1:10000,host1:10001,host2:10000,host2:10003`
      If the hostnames are BNS addresses, the items must be sorted in
      alphabetical order.
  - `DTENSOR_CLIENT_ID`: integer, between `0` to `num_clients - 1`, to identify
      the client id of the current process. The default value is `0`.
  - `DTENSOR_JOB_NAME`: string, a string for the name of the TensorFlow job.
      The job name controls the job name section of the TensorFlow DeviceSpecs,
      e.g., `job:worker` in `/job:worker/replica:0/task:0/device:TPU:0` when
      the job name is `worker`.
      The default value is `localhost` in local mode, and
      `worker` when in the multi-client mode. All DTensor clients within the
      same multi-client cluster share the same job name.
  - `DTENSOR_USE_PARALLEL_EXECUTOR`: string, with its value being `pw` to
      specify that the backend is Pathways, and TensorFlow otherwise.

  Args:
    device_type: Type of accelerator to use, can be CPU, GPU, or TPU. If None,
      uses `tf.experimental.dtensor.preferred_device_type()`.
    enable_coordination_service: If true, enable distributed coordination
      service to make sure that workers know the devices on each other, when
      there is more than 1 client.
    num_logical_cpu_devices: the number of logical CPU devices per DTensor
      client. Default to the current number of logical CPU
      (`dtensor.num_local_devices(""CPU"")`),when `device_type` is CPU, otherwise
      set automatially to match the number of local GPU/TPU devices.
    experimental_reset_context: Reset the tensorflow context. Behaviors of
      existing TensorFlow objects (e.g. Tensors) are undefined. Set this to True
      as an escape hatch, if there is no clear way to refactor your code to call
      initialize_accelerator_system() before calling TensorFlow APIs that
      initialize the context.
    experimental_enable_megcore: Optionally enable megcore in backend.

  Returns:
    device_type: the type of accelerator that was initialized.
  "
tensorflow._api.v2.compat.v2.experimental.dtensor.is_dtensor,"Check whether the input tensor is a DTensor.

  In Python, a DTensor has the same type as a `tf.Tensor`. This method will
  let you check and handle the tensor differently if a tf.Tensor is a DTensor.

  Args:
    tensor: an object to be checked.

  Returns:
    bool, True if the given tensor is a DTensor.
  "
tensorflow._api.v2.compat.v2.experimental.dtensor.relayout,"Changes the layout of `tensor`.

  Changes the layout of `tensor` to `layout`. This is used to fine-tune the
  behavior of ops following/connected to `tensor`, such as choosing one SPMD
  expansion pattern over another. This works by forward propagating `layout`
  to connected TensorFlow computation graphs during layout propagation.

  Currently, only converting layouts from replicated to sharded or sharded to
  replicated per mesh dimension is supported. That is, ""x, y"" -> ""unsharded, y""
  is supported, while ""x, y"" -> ""z, y"" is not supported.

  We also support a special ""match"" sharding spec, which instructs the relayout
  to act as an identity operation with respect to any sharding on these
  mesh dimensions.

  Relayout is internally lowered to a set of Split and/or AllToAll ops. When
  tensor layouts are converted from replicated to sharded, the cost is
  comparatively low because we only insert Split ops and no cross-device
  communication is needed. However, when tensor layouts are converted from
  sharded to replicated, cross-device communication may occur, causing potential
  performance impact.

  Args:
    tensor: A DTensor to specify a new layout for.
    layout: A Layout object specifying a new sharding spec.
    name: name of the Op.

  Returns:
    A DTensor output from the Relayout op.
  "
tensorflow._api.v2.compat.v2.experimental.numpy.random.randn,"TensorFlow variant of NumPy's `random.randn`.

Returns samples from a normal distribution.

  Uses `tf.random_normal`.

  Args:
    *args: The shape of the output array.

  Returns:
    An ndarray with shape `args` and dtype `float64`.
  

See the NumPy documentation for [`numpy.random.randn`](https://numpy.org/doc/stable/reference/generated/numpy.random.randn.html)."
tensorflow._api.v2.compat.v2.compat.v2.greater_equal,"Returns the truth value of (x >= y) element-wise.

  *NOTE*: `math.greater_equal` supports broadcasting. More about broadcasting
  [here](http://docs.scipy.org/doc/numpy/user/basics.broadcasting.html)

  Example:

  ```python
  x = tf.constant([5, 4, 6, 7])
  y = tf.constant([5, 2, 5, 10])
  tf.math.greater_equal(x, y) ==> [True, True, True, False]

  x = tf.constant([5, 4, 6, 7])
  y = tf.constant([5])
  tf.math.greater_equal(x, y) ==> [True, False, True, True]
  ```

  Args:
    x: A `Tensor`. Must be one of the following types: `float32`, `float64`, `int32`, `uint8`, `int16`, `int8`, `int64`, `bfloat16`, `uint16`, `half`, `uint32`, `uint64`.
    y: A `Tensor`. Must have the same type as `x`.
    name: A name for the operation (optional).

  Returns:
    A `Tensor` of type `bool`.
  "
tensorflow._api.v2.compat.v2.compat.v2.hessians,"Constructs the Hessian of sum of `ys` with respect to `x` in `xs`.

  `hessians()` adds ops to the graph to output the Hessian matrix of `ys`
  with respect to `xs`.  It returns a list of `Tensor` of length `len(xs)`
  where each tensor is the Hessian of `sum(ys)`.

  The Hessian is a matrix of second-order partial derivatives of a scalar
  tensor (see https://en.wikipedia.org/wiki/Hessian_matrix for more details).

  Args:
    ys: A `Tensor` or list of tensors to be differentiated.
    xs: A `Tensor` or list of tensors to be used for differentiation.
    gate_gradients: See `gradients()` documentation for details.
    aggregation_method: See `gradients()` documentation for details.
    name: Optional name to use for grouping all the gradient ops together.
      defaults to 'hessians'.

  Returns:
    A list of Hessian matrices of `sum(ys)` for each `x` in `xs`.

  Raises:
    LookupError: if one of the operations between `xs` and `ys` does not
      have a registered gradient function.
  "
tensorflow._api.v2.compat.v2.image.rgb_to_yuv,"Converts one or more images from RGB to YUV.

  Outputs a tensor of the same shape as the `images` tensor, containing the YUV
  value of the pixels.
  The output is only well defined if the value in images are in [0, 1].
  There are two ways of representing an image: [0, 255] pixel values range or
  [0, 1] (as float) pixel values range. Users need to convert the input image
  into a float [0, 1] range.

  Args:
    images: 2-D or higher rank. Image data to convert. Last dimension must be
      size 3.

  Returns:
    images: tensor with the same shape as `images`.
  "
tensorflow._api.v2.compat.v2.image.yiq_to_rgb,"Converts one or more images from YIQ to RGB.

  Outputs a tensor of the same shape as the `images` tensor, containing the RGB
  value of the pixels.
  The output is only well defined if the Y value in images are in [0,1],
  I value are in [-0.5957,0.5957] and Q value are in [-0.5226,0.5226].

  Args:
    images: 2-D or higher rank. Image data to convert. Last dimension must be
      size 3.

  Returns:
    images: tensor with the same shape as `images`.
  "
tensorflow._api.v2.compat.v2.io.gfile.isdir,"Returns whether the path is a directory or not.

  Args:
    path: string, path to a potential directory

  Returns:
    True, if the path is a directory; False otherwise
  "
tensorflow._api.v2.compat.v2.compat.v2.less_equal,"Returns the truth value of (x <= y) element-wise.

  *NOTE*: `math.less_equal` supports broadcasting. More about broadcasting
  [here](http://docs.scipy.org/doc/numpy/user/basics.broadcasting.html)

  Example:

  ```python
  x = tf.constant([5, 4, 6])
  y = tf.constant([5])
  tf.math.less_equal(x, y) ==> [True, True, False]

  x = tf.constant([5, 4, 6])
  y = tf.constant([5, 6, 6])
  tf.math.less_equal(x, y) ==> [True, True, True]
  ```

  Args:
    x: A `Tensor`. Must be one of the following types: `float32`, `float64`, `int32`, `uint8`, `int16`, `int8`, `int64`, `bfloat16`, `uint16`, `half`, `uint32`, `uint64`.
    y: A `Tensor`. Must have the same type as `x`.
    name: A name for the operation (optional).

  Returns:
    A `Tensor` of type `bool`.
  "
tensorflow._api.v2.compat.v2.linalg.global_norm,"Computes the global norm of multiple tensors.

  Given a tuple or list of tensors `t_list`, this operation returns the
  global norm of the elements in all tensors in `t_list`. The global norm is
  computed as:

  `global_norm = sqrt(sum([l2norm(t)**2 for t in t_list]))`

  Any entries in `t_list` that are of type None are ignored.

  Args:
    t_list: A tuple or list of mixed `Tensors`, `IndexedSlices`, or None.
    name: A name for the operation (optional).

  Returns:
    A 0-D (scalar) `Tensor` of type `float`.

  Raises:
    TypeError: If `t_list` is not a sequence.
  "
tensorflow._api.v2.compat.v2.lite.experimental.authoring.compatible,"Wraps `tf.function` into a callable function with TFLite compatibility checking.

  Example:

  ```python
  @tf.lite.experimental.authoring.compatible
  @tf.function(input_signature=[
      tf.TensorSpec(shape=[None], dtype=tf.float32)
  ])
  def f(x):
      return tf.cosh(x)

  result = f(tf.constant([0.0]))
  # COMPATIBILITY WARNING: op 'tf.Cosh' require(s) ""Select TF Ops"" for model
  # conversion for TensorFlow Lite.
  # Op: tf.Cosh
  #   - tensorflow/python/framework/op_def_library.py:748
  #   - tensorflow/python/ops/gen_math_ops.py:2458
  #   - <stdin>:6
  ```

  WARNING: Experimental interface, subject to change.

  Args:
    target: A `tf.function` to decorate.
    converter_target_spec : target_spec of TFLite converter parameter.
    **kwargs: The keyword arguments of the decorator class _Compatible.

  Returns:
     A callable object of `tf.lite.experimental.authoring._Compatible`.
  "
tensorflow._api.v2.compat.v2.lookup.StaticVocabularyTable.lookup,"Looks up `keys` in the table, outputs the corresponding values.

    It assigns out-of-vocabulary keys to buckets based in their hashes.

    Args:
      keys: Keys to look up. May be either a `SparseTensor` or dense `Tensor`.
      name: Optional name for the op.

    Returns:
      A `SparseTensor` if keys are sparse, a `RaggedTensor` if keys are ragged,
      otherwise a dense `Tensor`.

    Raises:
      TypeError: when `keys` doesn't match the table key data type.
    "
tensorflow._api.v2.compat.v2.compat.v2.make_tensor_proto,"Create a TensorProto.

  In TensorFlow 2.0, representing tensors as protos should no longer be a
  common workflow. That said, this utility function is still useful for
  generating TF Serving request protos:

  ```python
    request = tensorflow_serving.apis.predict_pb2.PredictRequest()
    request.model_spec.name = ""my_model""
    request.model_spec.signature_name = ""serving_default""
    request.inputs[""images""].CopyFrom(tf.make_tensor_proto(X_new))
  ```

  `make_tensor_proto` accepts ""values"" of a python scalar, a python list, a
  numpy ndarray, or a numpy scalar.

  If ""values"" is a python scalar or a python list, make_tensor_proto
  first convert it to numpy ndarray. If dtype is None, the
  conversion tries its best to infer the right numpy data
  type. Otherwise, the resulting numpy array has a compatible data
  type with the given dtype.

  In either case above, the numpy ndarray (either the caller provided
  or the auto-converted) must have the compatible type with dtype.

  `make_tensor_proto` then converts the numpy array to a tensor proto.

  If ""shape"" is None, the resulting tensor proto represents the numpy
  array precisely.

  Otherwise, ""shape"" specifies the tensor's shape and the numpy array
  can not have more elements than what ""shape"" specifies.

  Args:
    values:         Values to put in the TensorProto.
    dtype:          Optional tensor_pb2 DataType value.
    shape:          List of integers representing the dimensions of tensor.
    verify_shape:   Boolean that enables verification of a shape of values.
    allow_broadcast:  Boolean that enables allowing scalars and 1 length vector
        broadcasting. Cannot be true when verify_shape is true.

  Returns:
    A `TensorProto`. Depending on the type, it may contain data in the
    ""tensor_content"" attribute, which is not directly useful to Python programs.
    To access the values you should convert the proto back to a numpy ndarray
    with `tf.make_ndarray(proto)`.

    If `values` is a `TensorProto`, it is immediately returned; `dtype` and
    `shape` are ignored.

  Raises:
    TypeError:  if unsupported types are provided.
    ValueError: if arguments have inappropriate values or if verify_shape is
     True and shape of values is not equals to a shape from the argument.

  "
tensorflow._api.v2.compat.v2.math.equal,"Returns the truth value of (x == y) element-wise.

  Performs a [broadcast](
  https://docs.scipy.org/doc/numpy/user/basics.broadcasting.html) with the
  arguments and then an element-wise equality comparison, returning a Tensor of
  boolean values.

  For example:

  >>> x = tf.constant([2, 4])
  >>> y = tf.constant(2)
  >>> tf.math.equal(x, y)
  <tf.Tensor: shape=(2,), dtype=bool, numpy=array([ True,  False])>

  >>> x = tf.constant([2, 4])
  >>> y = tf.constant([2, 4])
  >>> tf.math.equal(x, y)
  <tf.Tensor: shape=(2,), dtype=bool, numpy=array([ True,  True])>

  Args:
    x: A `tf.Tensor`.
    y: A `tf.Tensor`.
    name: A name for the operation (optional).

  Returns:
    A `tf.Tensor` of type bool with the same size as that of x or y.

  Raises:
    `tf.errors.InvalidArgumentError`: If shapes of arguments are incompatible
  "
tensorflow._api.v2.compat.v2.math.greater_equal,"Returns the truth value of (x >= y) element-wise.

  *NOTE*: `math.greater_equal` supports broadcasting. More about broadcasting
  [here](http://docs.scipy.org/doc/numpy/user/basics.broadcasting.html)

  Example:

  ```python
  x = tf.constant([5, 4, 6, 7])
  y = tf.constant([5, 2, 5, 10])
  tf.math.greater_equal(x, y) ==> [True, True, True, False]

  x = tf.constant([5, 4, 6, 7])
  y = tf.constant([5])
  tf.math.greater_equal(x, y) ==> [True, False, True, True]
  ```

  Args:
    x: A `Tensor`. Must be one of the following types: `float32`, `float64`, `int32`, `uint8`, `int16`, `int8`, `int64`, `bfloat16`, `uint16`, `half`, `uint32`, `uint64`.
    y: A `Tensor`. Must have the same type as `x`.
    name: A name for the operation (optional).

  Returns:
    A `Tensor` of type `bool`.
  "
tensorflow._api.v2.compat.v2.math.less_equal,"Returns the truth value of (x <= y) element-wise.

  *NOTE*: `math.less_equal` supports broadcasting. More about broadcasting
  [here](http://docs.scipy.org/doc/numpy/user/basics.broadcasting.html)

  Example:

  ```python
  x = tf.constant([5, 4, 6])
  y = tf.constant([5])
  tf.math.less_equal(x, y) ==> [True, True, False]

  x = tf.constant([5, 4, 6])
  y = tf.constant([5, 6, 6])
  tf.math.less_equal(x, y) ==> [True, True, True]
  ```

  Args:
    x: A `Tensor`. Must be one of the following types: `float32`, `float64`, `int32`, `uint8`, `int16`, `int8`, `int64`, `bfloat16`, `uint16`, `half`, `uint32`, `uint64`.
    y: A `Tensor`. Must have the same type as `x`.
    name: A name for the operation (optional).

  Returns:
    A `Tensor` of type `bool`.
  "
tensorflow._api.v2.compat.v2.math.not_equal,"Returns the truth value of (x != y) element-wise.

  Performs a [broadcast](
  https://docs.scipy.org/doc/numpy/user/basics.broadcasting.html) with the
  arguments and then an element-wise inequality comparison, returning a Tensor
  of boolean values.

  For example:

  >>> x = tf.constant([2, 4])
  >>> y = tf.constant(2)
  >>> tf.math.not_equal(x, y)
  <tf.Tensor: shape=(2,), dtype=bool, numpy=array([False,  True])>

  >>> x = tf.constant([2, 4])
  >>> y = tf.constant([2, 4])
  >>> tf.math.not_equal(x, y)
  <tf.Tensor: shape=(2,), dtype=bool, numpy=array([False,  False])>

  Args:
    x: A `tf.Tensor`.
    y: A `tf.Tensor`.
    name: A name for the operation (optional).

  Returns:
    A `tf.Tensor` of type bool with the same size as that of x or y.

  Raises:
    `tf.errors.InvalidArgumentError`: If shapes of arguments are incompatible
  "
tensorflow._api.v2.compat.v2.math.sobol_sample,"Generates points from the Sobol sequence.

  Creates a Sobol sequence with `num_results` samples. Each sample has dimension
  `dim`. Skips the first `skip` samples.

  Args:
    dim: Positive scalar `Tensor` representing each sample's dimension.
    num_results: Positive scalar `Tensor` of dtype int32. The number of Sobol
        points to return in the output.
    skip: (Optional) Positive scalar `Tensor` of dtype int32. The number of
        initial points of the Sobol sequence to skip. Default value is 0.
    dtype: (Optional) The `tf.Dtype` of the sample. One of: `tf.float32` or
        `tf.float64`. Defaults to `tf.float32`.
    name: (Optional) Python `str` name prefixed to ops created by this function.

  Returns:
    `Tensor` of samples from Sobol sequence with `shape` [num_results, dim].
  "
tensorflow._api.v2.compat.v2.nest.is_nested,"Returns true if its input is a nested structure.

  Refer to [tf.nest](https://www.tensorflow.org/api_docs/python/tf/nest)
  for the definition of a nested structure.

  Args:
    seq: the value to test.

  Returns:
    True if the input is a nested structure.
  "
tensorflow._api.v2.compat.v2.nn.avg_pool,"Performs the avg pooling on the input.

  Each entry in `output` is the mean of the corresponding size `ksize`
  window in `value`.

  Args:
    input:  Tensor of rank N+2, of shape `[batch_size] + input_spatial_shape +
      [num_channels]` if `data_format` does not start with ""NC"" (default), or
      `[batch_size, num_channels] + input_spatial_shape` if data_format starts
      with ""NC"". Pooling happens over the spatial dimensions only.
    ksize: An int or list of `ints` that has length `1`, `N` or `N+2`. The size
      of the window for each dimension of the input tensor.
    strides: An int or list of `ints` that has length `1`, `N` or `N+2`. The
      stride of the sliding window for each dimension of the input tensor.
    padding: A string, either `'VALID'` or `'SAME'`. The padding algorithm. See
      [here](https://www.tensorflow.org/api_docs/python/tf/nn#notes_on_padding_2)
      for more information.
    data_format: A string. Specifies the channel dimension. For N=1 it can be
      either ""NWC"" (default) or ""NCW"", for N=2 it can be either ""NHWC"" (default)
      or ""NCHW"" and for N=3 either ""NDHWC"" (default) or ""NCDHW"".
    name: Optional name for the operation.

  Returns:
    A `Tensor` of format specified by `data_format`.
    The average pooled output tensor.
  "
tensorflow._api.v2.compat.v2.nn.avg_pool2d,"Performs the average pooling on the input.

  Each entry in `output` is the mean of the corresponding size `ksize`
  window in `value`.

  Args:
    input: A 4-D `Tensor` of shape `[batch, height, width, channels]` and type
      `float32`, `float64`, `qint8`, `quint8`, or `qint32`.
    ksize: An int or list of `ints` that has length `1`, `2` or `4`. The size of
      the window for each dimension of the input tensor.
    strides: An int or list of `ints` that has length `1`, `2` or `4`. The
      stride of the sliding window for each dimension of the input tensor.
    padding: A string, either `'VALID'` or `'SAME'`. The padding algorithm. See
      [here](https://www.tensorflow.org/api_docs/python/tf/nn#notes_on_padding_2)
      for more information.
    data_format: A string. 'NHWC' and 'NCHW' are supported.
    name: Optional name for the operation.

  Returns:
    A `Tensor` with the same type as `value`.  The average pooled output tensor.
  "
tensorflow._api.v2.compat.v2.nn.avg_pool3d,"Performs the average pooling on the input.

  Each entry in `output` is the mean of the corresponding size `ksize`
  window in `value`.

  Args:
    input: A 5-D `Tensor` of shape `[batch, depth, height, width, channels]`
      and type `float32`, `float64`, `qint8`, `quint8`, or `qint32`.
    ksize: An int or list of `ints` that has length `1`, `3` or `5`. The size of
      the window for each dimension of the input tensor.
    strides: An int or list of `ints` that has length `1`, `3` or `5`. The
      stride of the sliding window for each dimension of the input tensor.
    padding: A string, either `'VALID'` or `'SAME'`. The padding algorithm. See
      [here](https://www.tensorflow.org/api_docs/python/tf/nn#notes_on_padding_2)
      for more information.
    data_format: A string. 'NDHWC' and 'NCDHW' are supported.
    name: Optional name for the operation.

  Returns:
    A `Tensor` with the same type as `value`.  The average pooled output tensor.
  "
tensorflow._api.v2.compat.v2.nn.collapse_repeated,"Merge repeated labels into single labels.

  Args:
    labels: Tensor of shape [batch, max value in seq_length]
    seq_length: Tensor of shape [batch], sequence length of each batch element.
    name: A name for this `Op`. Defaults to ""collapse_repeated_labels"".

  Returns:
    A tuple `(collapsed_labels, new_seq_length)` where

    collapsed_labels: Tensor of shape [batch, max_seq_length] with repeated
    labels collapsed and padded to max_seq_length, eg:
    `[[A, A, B, B, A], [A, B, C, D, E]] => [[A, B, A, 0, 0], [A, B, C, D, E]]`

    new_seq_length: int tensor of shape [batch] with new sequence lengths.
  "
tensorflow._api.v2.compat.v2.nn.compute_average_loss,"Scales per-example losses with sample_weights and computes their average.

  Usage with distribution strategy and custom training loop:

  ```python
  with strategy.scope():
    def compute_loss(labels, predictions, sample_weight=None):

      # If you are using a `Loss` class instead, set reduction to `NONE` so that
      # we can do the reduction afterwards and divide by global batch size.
      per_example_loss = tf.keras.losses.sparse_categorical_crossentropy(
          labels, predictions)

      # Compute loss that is scaled by sample_weight and by global batch size.
      return tf.nn.compute_average_loss(
          per_example_loss,
          sample_weight=sample_weight,
          global_batch_size=GLOBAL_BATCH_SIZE)
  ```

  Args:
    per_example_loss: Per-example loss.
    sample_weight: Optional weighting for each example.
    global_batch_size: Optional global batch size value. Defaults to (size of
      first dimension of `losses`) * (number of replicas).

  Returns:
    Scalar loss value, obtained by summing the `per_example_loss` and dividing
    by `global_batch_size`. If `global_batch_size` is zero, the result is zero.
  "
tensorflow._api.v2.compat.v2.nn.scale_regularization_loss,"Scales the sum of the given regularization losses by number of replicas.

  Usage with distribution strategy and custom training loop:

  ```python
  with strategy.scope():
    def compute_loss(self, label, predictions):
      per_example_loss = tf.keras.losses.sparse_categorical_crossentropy(
          labels, predictions)

      # Compute loss that is scaled by sample_weight and by global batch size.
      loss = tf.nn.compute_average_loss(
          per_example_loss,
          sample_weight=sample_weight,
          global_batch_size=GLOBAL_BATCH_SIZE)

      # Add scaled regularization losses.
      loss += tf.nn.scale_regularization_loss(tf.nn.l2_loss(weights))
      return loss
  ```

  Args:
    regularization_loss: Regularization loss.

  Returns:
    Scalar loss value.
  "
tensorflow._api.v2.compat.v2.nn.weighted_moments,"Returns the frequency-weighted mean and variance of `x`.

  Args:
    x: A tensor.
    axes: 1-d tensor of int32 values; these are the axes along which
      to compute mean and variance.
    frequency_weights: A tensor of positive weights which can be
      broadcast with x.
    keepdims: Produce moments with the same dimensionality as the input.
    name: Name used to scope the operation.

  Returns:
    Two tensors: `weighted_mean` and `weighted_variance`.
  "
tensorflow._api.v2.compat.v2.compat.v2.not_equal,"Returns the truth value of (x != y) element-wise.

  Performs a [broadcast](
  https://docs.scipy.org/doc/numpy/user/basics.broadcasting.html) with the
  arguments and then an element-wise inequality comparison, returning a Tensor
  of boolean values.

  For example:

  >>> x = tf.constant([2, 4])
  >>> y = tf.constant(2)
  >>> tf.math.not_equal(x, y)
  <tf.Tensor: shape=(2,), dtype=bool, numpy=array([False,  True])>

  >>> x = tf.constant([2, 4])
  >>> y = tf.constant([2, 4])
  >>> tf.math.not_equal(x, y)
  <tf.Tensor: shape=(2,), dtype=bool, numpy=array([False,  False])>

  Args:
    x: A `tf.Tensor`.
    y: A `tf.Tensor`.
    name: A name for the operation (optional).

  Returns:
    A `tf.Tensor` of type bool with the same size as that of x or y.

  Raises:
    `tf.errors.InvalidArgumentError`: If shapes of arguments are incompatible
  "
tensorflow._api.v2.compat.v2.ragged.segment_ids_to_row_splits,"Generates the RaggedTensor `row_splits` corresponding to a segmentation.

  Returns an integer vector `splits`, where `splits[0] = 0` and
  `splits[i] = splits[i-1] + count(segment_ids==i)`.  Example:

  >>> print(tf.ragged.segment_ids_to_row_splits([0, 0, 0, 2, 2, 3, 4, 4, 4]))
  tf.Tensor([0 3 3 5 6 9], shape=(6,), dtype=int64)

  Args:
    segment_ids: A 1-D integer Tensor.
    num_segments: A scalar integer indicating the number of segments.  Defaults
      to `max(segment_ids) + 1` (or zero if `segment_ids` is empty).
    out_type: The dtype for the return value.  Defaults to `segment_ids.dtype`,
      or `tf.int64` if `segment_ids` does not have a dtype.
    name: A name prefix for the returned tensor (optional).

  Returns:
    A sorted 1-D integer Tensor, with `shape=[num_segments + 1]`.
  "
tensorflow._api.v2.compat.v2.random.experimental.stateless_split,"Splits an RNG seed into `num` new seeds by adding a leading axis.

  Example:

  >>> seed = [1, 2]
  >>> new_seeds = tf.random.split(seed, num=3)
  >>> print(new_seeds)
  tf.Tensor(
  [[1105988140 1738052849]
   [-335576002  370444179]
   [  10670227 -246211131]], shape=(3, 2), dtype=int32)
  >>> tf.random.stateless_normal(shape=[3], seed=new_seeds[0, :])
  <tf.Tensor: shape=(3,), dtype=float32, numpy=array([-0.59835213, -0.9578608 ,
  0.9002807 ], dtype=float32)>

  Args:
    seed: an RNG seed (a tensor with shape [2] and dtype `int32` or `int64`).
      (When using XLA, only `int32` is allowed.)
    num: optional, a positive integer or scalar tensor indicating the number of
      seeds to produce (default 2).
    alg: The RNG algorithm used to generate the random numbers. See
      `tf.random.stateless_uniform` for a detailed explanation.

  Returns:
    A tensor with shape [num, 2] representing `num` new seeds. It will have the
    same dtype as `seed` (if `seed` doesn't have an explicit dtype, the dtype
    will be determined by `tf.convert_to_tensor`).
  "
tensorflow._api.v2.compat.v2.random.gamma,"Draws `shape` samples from each of the given Gamma distribution(s).

  `alpha` is the shape parameter describing the distribution(s), and `beta` is
  the inverse scale parameter(s).

  Note: Because internal calculations are done using `float64` and casting has
  `floor` semantics, we must manually map zero outcomes to the smallest
  possible positive floating-point value, i.e., `np.finfo(dtype).tiny`.  This
  means that `np.finfo(dtype).tiny` occurs more frequently than it otherwise
  should.  This bias can only happen for small values of `alpha`, i.e.,
  `alpha << 1` or large values of `beta`, i.e., `beta >> 1`.

  The samples are differentiable w.r.t. alpha and beta.
  The derivatives are computed using the approach described in
  (Figurnov et al., 2018).

  Example:

  ```python
  samples = tf.random.gamma([10], [0.5, 1.5])
  # samples has shape [10, 2], where each slice [:, 0] and [:, 1] represents
  # the samples drawn from each distribution

  samples = tf.random.gamma([7, 5], [0.5, 1.5])
  # samples has shape [7, 5, 2], where each slice [:, :, 0] and [:, :, 1]
  # represents the 7x5 samples drawn from each of the two distributions

  alpha = tf.constant([[1.],[3.],[5.]])
  beta = tf.constant([[3., 4.]])
  samples = tf.random.gamma([30], alpha=alpha, beta=beta)
  # samples has shape [30, 3, 2], with 30 samples each of 3x2 distributions.

  loss = tf.reduce_mean(tf.square(samples))
  dloss_dalpha, dloss_dbeta = tf.gradients(loss, [alpha, beta])
  # unbiased stochastic derivatives of the loss function
  alpha.shape == dloss_dalpha.shape  # True
  beta.shape == dloss_dbeta.shape  # True
  ```

  Args:
    shape: A 1-D integer Tensor or Python array. The shape of the output samples
      to be drawn per alpha/beta-parameterized distribution.
    alpha: A Tensor or Python value or N-D array of type `dtype`. `alpha`
      provides the shape parameter(s) describing the gamma distribution(s) to
      sample. Must be broadcastable with `beta`.
    beta: A Tensor or Python value or N-D array of type `dtype`. Defaults to 1.
      `beta` provides the inverse scale parameter(s) of the gamma
      distribution(s) to sample. Must be broadcastable with `alpha`.
    dtype: The type of alpha, beta, and the output: `float16`, `float32`, or
      `float64`.
    seed: A Python integer. Used to create a random seed for the distributions.
      See
      `tf.random.set_seed`
      for behavior.
    name: Optional name for the operation.

  Returns:
    samples: a `Tensor` of shape
      `tf.concat([shape, tf.shape(alpha + beta)], axis=0)` with values of type
      `dtype`.

  References:
    Implicit Reparameterization Gradients:
      [Figurnov et al., 2018]
      (http://papers.nips.cc/paper/7326-implicit-reparameterization-gradients)
      ([pdf]
      (http://papers.nips.cc/paper/7326-implicit-reparameterization-gradients.pdf))
  "
tensorflow._api.v2.compat.v2.random.split,"Splits an RNG seed into `num` new seeds by adding a leading axis.

  Example:

  >>> seed = [1, 2]
  >>> new_seeds = tf.random.split(seed, num=3)
  >>> print(new_seeds)
  tf.Tensor(
  [[1105988140 1738052849]
   [-335576002  370444179]
   [  10670227 -246211131]], shape=(3, 2), dtype=int32)
  >>> tf.random.stateless_normal(shape=[3], seed=new_seeds[0, :])
  <tf.Tensor: shape=(3,), dtype=float32, numpy=array([-0.59835213, -0.9578608 ,
  0.9002807 ], dtype=float32)>

  Args:
    seed: an RNG seed (a tensor with shape [2] and dtype `int32` or `int64`).
      (When using XLA, only `int32` is allowed.)
    num: optional, a positive integer or scalar tensor indicating the number of
      seeds to produce (default 2).
    alg: The RNG algorithm used to generate the random numbers. See
      `tf.random.stateless_uniform` for a detailed explanation.

  Returns:
    A tensor with shape [num, 2] representing `num` new seeds. It will have the
    same dtype as `seed` (if `seed` doesn't have an explicit dtype, the dtype
    will be determined by `tf.convert_to_tensor`).
  "
tensorflow._api.v2.compat.v2.raw_ops.AllToAll,"An Op to exchange data across TPU replicas.

  On each replica, the input is split into `split_count` blocks along
  `split_dimension` and send to the other replicas given group_assignment. After
  receiving `split_count` - 1 blocks from other replicas, we concatenate the
  blocks along `concat_dimension` as the output.

  For example, suppose there are 2 TPU replicas:
  replica 0 receives input: `[[A, B]]`
  replica 1 receives input: `[[C, D]]`

  group_assignment=`[[0, 1]]`
  concat_dimension=0
  split_dimension=1
  split_count=2

  replica 0's output: `[[A], [C]]`
  replica 1's output: `[[B], [D]]`

  Args:
    input: A `Tensor`. Must be one of the following types: `float32`, `float64`, `int32`, `uint8`, `int16`, `int8`, `complex64`, `int64`, `qint8`, `quint8`, `qint32`, `bfloat16`, `qint16`, `quint16`, `uint16`, `complex128`, `half`, `uint32`, `uint64`, `bool`.
      The local input to the sum.
    group_assignment: A `Tensor` of type `int32`. An int32 tensor with shape
      [num_groups, num_replicas_per_group]. `group_assignment[i]` represents the
      replica ids in the ith subgroup.
    concat_dimension: An `int`. The dimension number to concatenate.
    split_dimension: An `int`. The dimension number to split.
    split_count: An `int`.
      The number of splits, this number must equal to the sub-group
      size(group_assignment.get_shape()[1])
    name: A name for the operation (optional).

  Returns:
    A `Tensor`. Has the same type as `input`.
  "
tensorflow._api.v2.compat.v2.raw_ops.ApplyAdadelta,"Update '*var' according to the adadelta scheme.

  accum = rho() * accum + (1 - rho()) * grad.square();
  update = (update_accum + epsilon).sqrt() * (accum + epsilon()).rsqrt() * grad;
  update_accum = rho() * update_accum + (1 - rho()) * update.square();
  var -= update;

  Args:
    var: A mutable `Tensor`. Must be one of the following types: `float32`, `float64`, `int32`, `uint8`, `int16`, `int8`, `complex64`, `int64`, `qint8`, `quint8`, `qint32`, `bfloat16`, `qint16`, `quint16`, `uint16`, `complex128`, `half`, `uint32`, `uint64`.
      Should be from a Variable().
    accum: A mutable `Tensor`. Must have the same type as `var`.
      Should be from a Variable().
    accum_update: A mutable `Tensor`. Must have the same type as `var`.
      Should be from a Variable().
    lr: A `Tensor`. Must have the same type as `var`.
      Scaling factor. Must be a scalar.
    rho: A `Tensor`. Must have the same type as `var`.
      Decay factor. Must be a scalar.
    epsilon: A `Tensor`. Must have the same type as `var`.
      Constant factor. Must be a scalar.
    grad: A `Tensor`. Must have the same type as `var`. The gradient.
    use_locking: An optional `bool`. Defaults to `False`.
      If True, updating of the var, accum and update_accum tensors will be protected by
      a lock; otherwise the behavior is undefined, but may exhibit less contention.
    name: A name for the operation (optional).

  Returns:
    A mutable `Tensor`. Has the same type as `var`.
  "
tensorflow._api.v2.compat.v2.raw_ops.ApplyAdagradDA,"Update '*var' according to the proximal adagrad scheme.

  Args:
    var: A mutable `Tensor`. Must be one of the following types: `float32`, `float64`, `int32`, `uint8`, `int16`, `int8`, `complex64`, `int64`, `qint8`, `quint8`, `qint32`, `bfloat16`, `qint16`, `quint16`, `uint16`, `complex128`, `half`, `uint32`, `uint64`.
      Should be from a Variable().
    gradient_accumulator: A mutable `Tensor`. Must have the same type as `var`.
      Should be from a Variable().
    gradient_squared_accumulator: A mutable `Tensor`. Must have the same type as `var`.
      Should be from a Variable().
    grad: A `Tensor`. Must have the same type as `var`. The gradient.
    lr: A `Tensor`. Must have the same type as `var`.
      Scaling factor. Must be a scalar.
    l1: A `Tensor`. Must have the same type as `var`.
      L1 regularization. Must be a scalar.
    l2: A `Tensor`. Must have the same type as `var`.
      L2 regularization. Must be a scalar.
    global_step: A `Tensor` of type `int64`.
      Training step number. Must be a scalar.
    use_locking: An optional `bool`. Defaults to `False`.
      If True, updating of the var and accum tensors will be protected by
      a lock; otherwise the behavior is undefined, but may exhibit less contention.
    name: A name for the operation (optional).

  Returns:
    A mutable `Tensor`. Has the same type as `var`.
  "
tensorflow._api.v2.compat.v2.raw_ops.ApplyGradientDescent,"Update '*var' by subtracting 'alpha' * 'delta' from it.

  Args:
    var: A mutable `Tensor`. Must be one of the following types: `float32`, `float64`, `int32`, `uint8`, `int16`, `int8`, `complex64`, `int64`, `qint8`, `quint8`, `qint32`, `bfloat16`, `qint16`, `quint16`, `uint16`, `complex128`, `half`, `uint32`, `uint64`.
      Should be from a Variable().
    alpha: A `Tensor`. Must have the same type as `var`.
      Scaling factor. Must be a scalar.
    delta: A `Tensor`. Must have the same type as `var`. The change.
    use_locking: An optional `bool`. Defaults to `False`.
      If `True`, the subtraction will be protected by a lock;
      otherwise the behavior is undefined, but may exhibit less contention.
    name: A name for the operation (optional).

  Returns:
    A mutable `Tensor`. Has the same type as `var`.
  "
tensorflow._api.v2.compat.v2.raw_ops.ArgMax,"Returns the index with the largest value across dimensions of a tensor.

  Note that in case of ties the identity of the return value is not guaranteed.

  Usage:
    ```python
    import tensorflow as tf
    a = [1, 10, 26.9, 2.8, 166.32, 62.3]
    b = tf.math.argmax(input = a)
    c = tf.keras.backend.eval(b)
    # c = 4
    # here a[4] = 166.32 which is the largest element of a across axis 0
    ```

  Args:
    input: A `Tensor`. Must be one of the following types: `float32`, `float64`, `int32`, `uint8`, `int16`, `int8`, `int64`, `bfloat16`, `uint16`, `half`, `uint32`, `uint64`, `qint8`, `quint8`, `qint32`, `qint16`, `quint16`, `bool`.
    dimension: A `Tensor`. Must be one of the following types: `int16`, `int32`, `int64`.
      int16, int32 or int64, must be in the range `[-rank(input), rank(input))`.
      Describes which dimension of the input Tensor to reduce across. For vectors,
      use dimension = 0.
    output_type: An optional `tf.DType` from: `tf.int16, tf.uint16, tf.int32, tf.int64`. Defaults to `tf.int64`.
    name: A name for the operation (optional).

  Returns:
    A `Tensor` of type `output_type`.
  "
tensorflow._api.v2.compat.v2.raw_ops.ArgMin,"Returns the index with the smallest value across dimensions of a tensor.

  Note that in case of ties the identity of the return value is not guaranteed.

  Usage:
    ```python
    import tensorflow as tf
    a = [1, 10, 26.9, 2.8, 166.32, 62.3]
    b = tf.math.argmin(input = a)
    c = tf.keras.backend.eval(b)
    # c = 0
    # here a[0] = 1 which is the smallest element of a across axis 0
    ```

  Args:
    input: A `Tensor`. Must be one of the following types: `float32`, `float64`, `int32`, `uint8`, `int16`, `int8`, `int64`, `bfloat16`, `uint16`, `half`, `uint32`, `uint64`, `qint8`, `quint8`, `qint32`, `qint16`, `quint16`, `bool`.
    dimension: A `Tensor`. Must be one of the following types: `int32`, `int64`.
      int32 or int64, must be in the range `[-rank(input), rank(input))`.
      Describes which dimension of the input Tensor to reduce across. For vectors,
      use dimension = 0.
    output_type: An optional `tf.DType` from: `tf.int32, tf.int64`. Defaults to `tf.int64`.
    name: A name for the operation (optional).

  Returns:
    A `Tensor` of type `output_type`.
  "
tensorflow._api.v2.compat.v2.raw_ops.Equal,"Returns the truth value of (x == y) element-wise.

  *NOTE*: `Equal` supports broadcasting. More about broadcasting
  [here](http://docs.scipy.org/doc/numpy/user/basics.broadcasting.html)

  ```python
  x = tf.constant([2, 4])
  y = tf.constant(2)
  tf.math.equal(x, y) ==> array([True, False])

  x = tf.constant([2, 4])
  y = tf.constant([2, 4])
  tf.math.equal(x, y) ==> array([True,  True])
  ```

  Args:
    x: A `Tensor`.
    y: A `Tensor`. Must have the same type as `x`.
    incompatible_shape_error: An optional `bool`. Defaults to `True`.
    name: A name for the operation (optional).

  Returns:
    A `Tensor` of type `bool`.
  "
tensorflow._api.v2.compat.v2.raw_ops.GreaterEqual,"Returns the truth value of (x >= y) element-wise.

  *NOTE*: `math.greater_equal` supports broadcasting. More about broadcasting
  [here](http://docs.scipy.org/doc/numpy/user/basics.broadcasting.html)

  Example:

  ```python
  x = tf.constant([5, 4, 6, 7])
  y = tf.constant([5, 2, 5, 10])
  tf.math.greater_equal(x, y) ==> [True, True, True, False]

  x = tf.constant([5, 4, 6, 7])
  y = tf.constant([5])
  tf.math.greater_equal(x, y) ==> [True, False, True, True]
  ```

  Args:
    x: A `Tensor`. Must be one of the following types: `float32`, `float64`, `int32`, `uint8`, `int16`, `int8`, `int64`, `bfloat16`, `uint16`, `half`, `uint32`, `uint64`.
    y: A `Tensor`. Must have the same type as `x`.
    name: A name for the operation (optional).

  Returns:
    A `Tensor` of type `bool`.
  "
tensorflow._api.v2.compat.v2.raw_ops.HistogramFixedWidth,"Return histogram of values.

  Given the tensor `values`, this operation returns a rank 1 histogram counting
  the number of entries in `values` that fall into every bin.  The bins are
  equal width and determined by the arguments `value_range` and `nbins`.

  ```python
  # Bins will be:  (-inf, 1), [1, 2), [2, 3), [3, 4), [4, inf)
  nbins = 5
  value_range = [0.0, 5.0]
  new_values = [-1.0, 0.0, 1.5, 2.0, 5.0, 15]

  with tf.get_default_session() as sess:
    hist = tf.histogram_fixed_width(new_values, value_range, nbins=5)
    variables.global_variables_initializer().run()
    sess.run(hist) => [2, 1, 1, 0, 2]
  ```

  Args:
    values: A `Tensor`. Must be one of the following types: `int32`, `int64`, `float32`, `float64`.
      Numeric `Tensor`.
    value_range: A `Tensor`. Must have the same type as `values`.
      Shape [2] `Tensor` of same `dtype` as `values`.
      values <= value_range[0] will be mapped to hist[0],
      values >= value_range[1] will be mapped to hist[-1].
    nbins: A `Tensor` of type `int32`.
      Scalar `int32 Tensor`.  Number of histogram bins.
    dtype: An optional `tf.DType` from: `tf.int32, tf.int64`. Defaults to `tf.int32`.
    name: A name for the operation (optional).

  Returns:
    A `Tensor` of type `dtype`.
  "
tensorflow._api.v2.compat.v2.raw_ops.LessEqual,"Returns the truth value of (x <= y) element-wise.

  *NOTE*: `math.less_equal` supports broadcasting. More about broadcasting
  [here](http://docs.scipy.org/doc/numpy/user/basics.broadcasting.html)

  Example:

  ```python
  x = tf.constant([5, 4, 6])
  y = tf.constant([5])
  tf.math.less_equal(x, y) ==> [True, True, False]

  x = tf.constant([5, 4, 6])
  y = tf.constant([5, 6, 6])
  tf.math.less_equal(x, y) ==> [True, True, True]
  ```

  Args:
    x: A `Tensor`. Must be one of the following types: `float32`, `float64`, `int32`, `uint8`, `int16`, `int8`, `int64`, `bfloat16`, `uint16`, `half`, `uint32`, `uint64`.
    y: A `Tensor`. Must have the same type as `x`.
    name: A name for the operation (optional).

  Returns:
    A `Tensor` of type `bool`.
  "
tensorflow._api.v2.compat.v2.raw_ops.MutexLock,"Locks a mutex resource.  The output is the lock.  So long as the lock tensor

  is alive, any other request to use `MutexLock` with this mutex will wait.

  This is particularly useful for creating a critical section when used in
  conjunction with `MutexLockIdentity`:

  ```python

  mutex = mutex_v2(
    shared_name=handle_name, container=container, name=name)

  def execute_in_critical_section(fn, *args, **kwargs):
    lock = gen_resource_variable_ops.mutex_lock(mutex)

    with ops.control_dependencies([lock]):
      r = fn(*args, **kwargs)

    with ops.control_dependencies(nest.flatten(r)):
      with ops.colocate_with(mutex):
        ensure_lock_exists = mutex_lock_identity(lock)

      # Make sure that if any element of r is accessed, all of
      # them are executed together.
      r = nest.map_structure(tf.identity, r)

    with ops.control_dependencies([ensure_lock_exists]):
      return nest.map_structure(tf.identity, r)
  ```

  While `fn` is running in the critical section, no other functions which wish to
  use this critical section may run.

  Often the use case is that two executions of the same graph, in parallel,
  wish to run `fn`; and we wish to ensure that only one of them executes
  at a time.  This is especially important if `fn` modifies one or more
  variables at a time.

  It is also useful if two separate functions must share a resource, but we
  wish to ensure the usage is exclusive.

  Args:
    mutex: A `Tensor` of type `resource`. The mutex resource to lock.
    name: A name for the operation (optional).

  Returns:
    A `Tensor` of type `variant`.
  "
tensorflow._api.v2.compat.v2.raw_ops.NotEqual,"Returns the truth value of (x != y) element-wise.

  *NOTE*: `NotEqual` supports broadcasting. More about broadcasting
  [here](http://docs.scipy.org/doc/numpy/user/basics.broadcasting.html)

  Args:
    x: A `Tensor`.
    y: A `Tensor`. Must have the same type as `x`.
    incompatible_shape_error: An optional `bool`. Defaults to `True`.
    name: A name for the operation (optional).

  Returns:
    A `Tensor` of type `bool`.
  "
tensorflow._api.v2.compat.v2.raw_ops.RangeDataset,"Creates a dataset with a range of values. Corresponds to python's xrange.

  Args:
    start: A `Tensor` of type `int64`.
      corresponds to start in python's xrange().
    stop: A `Tensor` of type `int64`.
      corresponds to stop in python's xrange().
    step: A `Tensor` of type `int64`.
      corresponds to step in python's xrange().
    output_types: A list of `tf.DTypes` that has length `>= 1`.
    output_shapes: A list of shapes (each a `tf.TensorShape` or list of `ints`) that has length `>= 1`.
    metadata: An optional `string`. Defaults to `""""`.
    replicate_on_split: An optional `bool`. Defaults to `False`.
    name: A name for the operation (optional).

  Returns:
    A `Tensor` of type `variant`.
  "
tensorflow._api.v2.compat.v2.raw_ops.ResourceApplyAdadelta,"Update '*var' according to the adadelta scheme.

  accum = rho() * accum + (1 - rho()) * grad.square();
  update = (update_accum + epsilon).sqrt() * (accum + epsilon()).rsqrt() * grad;
  update_accum = rho() * update_accum + (1 - rho()) * update.square();
  var -= update;

  Args:
    var: A `Tensor` of type `resource`. Should be from a Variable().
    accum: A `Tensor` of type `resource`. Should be from a Variable().
    accum_update: A `Tensor` of type `resource`. Should be from a Variable().
    lr: A `Tensor`. Must be one of the following types: `float32`, `float64`, `int32`, `uint8`, `int16`, `int8`, `complex64`, `int64`, `qint8`, `quint8`, `qint32`, `bfloat16`, `qint16`, `quint16`, `uint16`, `complex128`, `half`, `uint32`, `uint64`.
      Scaling factor. Must be a scalar.
    rho: A `Tensor`. Must have the same type as `lr`.
      Decay factor. Must be a scalar.
    epsilon: A `Tensor`. Must have the same type as `lr`.
      Constant factor. Must be a scalar.
    grad: A `Tensor`. Must have the same type as `lr`. The gradient.
    use_locking: An optional `bool`. Defaults to `False`.
      If True, updating of the var, accum and update_accum tensors will be protected by
      a lock; otherwise the behavior is undefined, but may exhibit less contention.
    name: A name for the operation (optional).

  Returns:
    The created Operation.
  "
tensorflow._api.v2.compat.v2.raw_ops.ResourceApplyAdagradDA,"Update '*var' according to the proximal adagrad scheme.

  Args:
    var: A `Tensor` of type `resource`. Should be from a Variable().
    gradient_accumulator: A `Tensor` of type `resource`.
      Should be from a Variable().
    gradient_squared_accumulator: A `Tensor` of type `resource`.
      Should be from a Variable().
    grad: A `Tensor`. Must be one of the following types: `float32`, `float64`, `int32`, `uint8`, `int16`, `int8`, `complex64`, `int64`, `qint8`, `quint8`, `qint32`, `bfloat16`, `qint16`, `quint16`, `uint16`, `complex128`, `half`, `uint32`, `uint64`.
      The gradient.
    lr: A `Tensor`. Must have the same type as `grad`.
      Scaling factor. Must be a scalar.
    l1: A `Tensor`. Must have the same type as `grad`.
      L1 regularization. Must be a scalar.
    l2: A `Tensor`. Must have the same type as `grad`.
      L2 regularization. Must be a scalar.
    global_step: A `Tensor` of type `int64`.
      Training step number. Must be a scalar.
    use_locking: An optional `bool`. Defaults to `False`.
      If True, updating of the var and accum tensors will be protected by
      a lock; otherwise the behavior is undefined, but may exhibit less contention.
    name: A name for the operation (optional).

  Returns:
    The created Operation.
  "
tensorflow._api.v2.compat.v2.raw_ops.ResourceApplyAdamWithAmsgrad,"Update '*var' according to the Adam algorithm.

  $$\text{lr}_t := \mathrm{learning_rate} * \sqrt{1 - \beta_2^t} / (1 - \beta_1^t)$$
  $$m_t := \beta_1 * m_{t-1} + (1 - \beta_1) * g$$
  $$v_t := \beta_2 * v_{t-1} + (1 - \beta_2) * g * g$$
  $$\hat{v}_t := max{\hat{v}_{t-1}, v_t}$$
  $$\text{variable} := \text{variable} - \text{lr}_t * m_t / (\sqrt{\hat{v}_t} + \epsilon)$$

  Args:
    var: A `Tensor` of type `resource`. Should be from a Variable().
    m: A `Tensor` of type `resource`. Should be from a Variable().
    v: A `Tensor` of type `resource`. Should be from a Variable().
    vhat: A `Tensor` of type `resource`. Should be from a Variable().
    beta1_power: A `Tensor`. Must be one of the following types: `float32`, `float64`, `int32`, `uint8`, `int16`, `int8`, `complex64`, `int64`, `qint8`, `quint8`, `qint32`, `bfloat16`, `qint16`, `quint16`, `uint16`, `complex128`, `half`, `uint32`, `uint64`.
      Must be a scalar.
    beta2_power: A `Tensor`. Must have the same type as `beta1_power`.
      Must be a scalar.
    lr: A `Tensor`. Must have the same type as `beta1_power`.
      Scaling factor. Must be a scalar.
    beta1: A `Tensor`. Must have the same type as `beta1_power`.
      Momentum factor. Must be a scalar.
    beta2: A `Tensor`. Must have the same type as `beta1_power`.
      Momentum factor. Must be a scalar.
    epsilon: A `Tensor`. Must have the same type as `beta1_power`.
      Ridge term. Must be a scalar.
    grad: A `Tensor`. Must have the same type as `beta1_power`. The gradient.
    use_locking: An optional `bool`. Defaults to `False`.
      If `True`, updating of the var, m, and v tensors will be protected
      by a lock; otherwise the behavior is undefined, but may exhibit less
      contention.
    name: A name for the operation (optional).

  Returns:
    The created Operation.
  "
tensorflow._api.v2.compat.v2.raw_ops.ResourceApplyGradientDescent,"Update '*var' by subtracting 'alpha' * 'delta' from it.

  Args:
    var: A `Tensor` of type `resource`. Should be from a Variable().
    alpha: A `Tensor`. Must be one of the following types: `float32`, `float64`, `int32`, `uint8`, `int16`, `int8`, `complex64`, `int64`, `qint8`, `quint8`, `qint32`, `bfloat16`, `qint16`, `quint16`, `uint16`, `complex128`, `half`, `uint32`, `uint64`.
      Scaling factor. Must be a scalar.
    delta: A `Tensor`. Must have the same type as `alpha`. The change.
    use_locking: An optional `bool`. Defaults to `False`.
      If `True`, the subtraction will be protected by a lock;
      otherwise the behavior is undefined, but may exhibit less contention.
    name: A name for the operation (optional).

  Returns:
    The created Operation.
  "
tensorflow._api.v2.compat.v2.raw_ops.ResourceSparseApplyAdadelta,"var: Should be from a Variable().

  Args:
    var: A `Tensor` of type `resource`.
    accum: A `Tensor` of type `resource`. Should be from a Variable().
    accum_update: A `Tensor` of type `resource`.
      : Should be from a Variable().
    lr: A `Tensor`. Must be one of the following types: `float32`, `float64`, `int32`, `uint8`, `int16`, `int8`, `complex64`, `int64`, `qint8`, `quint8`, `qint32`, `bfloat16`, `qint16`, `quint16`, `uint16`, `complex128`, `half`, `uint32`, `uint64`.
      Learning rate. Must be a scalar.
    rho: A `Tensor`. Must have the same type as `lr`.
      Decay factor. Must be a scalar.
    epsilon: A `Tensor`. Must have the same type as `lr`.
      Constant factor. Must be a scalar.
    grad: A `Tensor`. Must have the same type as `lr`. The gradient.
    indices: A `Tensor`. Must be one of the following types: `int32`, `int64`.
      A vector of indices into the first dimension of var and accum.
    use_locking: An optional `bool`. Defaults to `False`.
      If True, updating of the var and accum tensors will be protected by
      a lock; otherwise the behavior is undefined, but may exhibit less contention.
    name: A name for the operation (optional).

  Returns:
    The created Operation.
  "
tensorflow._api.v2.compat.v2.raw_ops.ResourceSparseApplyAdagradDA,"Update entries in '*var' and '*accum' according to the proximal adagrad scheme.

  Args:
    var: A `Tensor` of type `resource`. Should be from a Variable().
    gradient_accumulator: A `Tensor` of type `resource`.
      Should be from a Variable().
    gradient_squared_accumulator: A `Tensor` of type `resource`.
      Should be from a Variable().
    grad: A `Tensor`. Must be one of the following types: `float32`, `float64`, `int32`, `uint8`, `int16`, `int8`, `complex64`, `int64`, `qint8`, `quint8`, `qint32`, `bfloat16`, `qint16`, `quint16`, `uint16`, `complex128`, `half`, `uint32`, `uint64`.
      The gradient.
    indices: A `Tensor`. Must be one of the following types: `int32`, `int64`.
      A vector of indices into the first dimension of var and accum.
    lr: A `Tensor`. Must have the same type as `grad`.
      Learning rate. Must be a scalar.
    l1: A `Tensor`. Must have the same type as `grad`.
      L1 regularization. Must be a scalar.
    l2: A `Tensor`. Must have the same type as `grad`.
      L2 regularization. Must be a scalar.
    global_step: A `Tensor` of type `int64`.
      Training step number. Must be a scalar.
    use_locking: An optional `bool`. Defaults to `False`.
      If True, updating of the var and accum tensors will be protected by
      a lock; otherwise the behavior is undefined, but may exhibit less contention.
    name: A name for the operation (optional).

  Returns:
    The created Operation.
  "
tensorflow._api.v2.compat.v2.raw_ops.SparseApplyAdadelta,"var: Should be from a Variable().

  Args:
    var: A mutable `Tensor`. Must be one of the following types: `float32`, `float64`, `int32`, `uint8`, `int16`, `int8`, `complex64`, `int64`, `qint8`, `quint8`, `qint32`, `bfloat16`, `qint16`, `quint16`, `uint16`, `complex128`, `half`, `uint32`, `uint64`.
    accum: A mutable `Tensor`. Must have the same type as `var`.
      Should be from a Variable().
    accum_update: A mutable `Tensor`. Must have the same type as `var`.
      : Should be from a Variable().
    lr: A `Tensor`. Must have the same type as `var`.
      Learning rate. Must be a scalar.
    rho: A `Tensor`. Must have the same type as `var`.
      Decay factor. Must be a scalar.
    epsilon: A `Tensor`. Must have the same type as `var`.
      Constant factor. Must be a scalar.
    grad: A `Tensor`. Must have the same type as `var`. The gradient.
    indices: A `Tensor`. Must be one of the following types: `int32`, `int64`.
      A vector of indices into the first dimension of var and accum.
    use_locking: An optional `bool`. Defaults to `False`.
      If True, updating of the var and accum tensors will be protected by
      a lock; otherwise the behavior is undefined, but may exhibit less contention.
    name: A name for the operation (optional).

  Returns:
    A mutable `Tensor`. Has the same type as `var`.
  "
tensorflow._api.v2.compat.v2.raw_ops.SparseApplyAdagradDA,"Update entries in '*var' and '*accum' according to the proximal adagrad scheme.

  Args:
    var: A mutable `Tensor`. Must be one of the following types: `float32`, `float64`, `int32`, `uint8`, `int16`, `int8`, `complex64`, `int64`, `qint8`, `quint8`, `qint32`, `bfloat16`, `qint16`, `quint16`, `uint16`, `complex128`, `half`, `uint32`, `uint64`.
      Should be from a Variable().
    gradient_accumulator: A mutable `Tensor`. Must have the same type as `var`.
      Should be from a Variable().
    gradient_squared_accumulator: A mutable `Tensor`. Must have the same type as `var`.
      Should be from a Variable().
    grad: A `Tensor`. Must have the same type as `var`. The gradient.
    indices: A `Tensor`. Must be one of the following types: `int32`, `int64`.
      A vector of indices into the first dimension of var and accum.
    lr: A `Tensor`. Must have the same type as `var`.
      Learning rate. Must be a scalar.
    l1: A `Tensor`. Must have the same type as `var`.
      L1 regularization. Must be a scalar.
    l2: A `Tensor`. Must have the same type as `var`.
      L2 regularization. Must be a scalar.
    global_step: A `Tensor` of type `int64`.
      Training step number. Must be a scalar.
    use_locking: An optional `bool`. Defaults to `False`.
      If True, updating of the var and accum tensors will be protected by
      a lock; otherwise the behavior is undefined, but may exhibit less contention.
    name: A name for the operation (optional).

  Returns:
    A mutable `Tensor`. Has the same type as `var`.
  "
tensorflow._api.v2.compat.v2.raw_ops.SparseReduceMax,"Computes the max of elements across dimensions of a SparseTensor.

  This Op takes a SparseTensor and is the sparse counterpart to
  `tf.reduce_max()`.  In particular, this Op also returns a dense `Tensor`
  instead of a sparse one.

  Reduces `sp_input` along the dimensions given in `reduction_axes`.  Unless
  `keep_dims` is true, the rank of the tensor is reduced by 1 for each entry in
  `reduction_axes`. If `keep_dims` is true, the reduced dimensions are retained
  with length 1.

  If `reduction_axes` has no entries, all dimensions are reduced, and a tensor
  with a single element is returned.  Additionally, the axes can be negative,
  which are interpreted according to the indexing rules in Python.

  Args:
    input_indices: A `Tensor` of type `int64`.
      2-D.  `N x R` matrix with the indices of non-empty values in a
      SparseTensor, possibly not in canonical ordering.
    input_values: A `Tensor`. Must be one of the following types: `float32`, `float64`, `int32`, `uint8`, `int16`, `int8`, `int64`, `bfloat16`, `uint16`, `half`, `uint32`, `uint64`.
      1-D.  `N` non-empty values corresponding to `input_indices`.
    input_shape: A `Tensor` of type `int64`.
      1-D.  Shape of the input SparseTensor.
    reduction_axes: A `Tensor` of type `int32`.
      1-D.  Length-`K` vector containing the reduction axes.
    keep_dims: An optional `bool`. Defaults to `False`.
      If true, retain reduced dimensions with length 1.
    name: A name for the operation (optional).

  Returns:
    A `Tensor`. Has the same type as `input_values`.
  "
tensorflow._api.v2.compat.v2.raw_ops.SparseReduceMaxSparse,"Computes the max of elements across dimensions of a SparseTensor.

  This Op takes a SparseTensor and is the sparse counterpart to
  `tf.reduce_max()`.  In contrast to SparseReduceMax, this Op returns a
  SparseTensor.

  Reduces `sp_input` along the dimensions given in `reduction_axes`.  Unless
  `keep_dims` is true, the rank of the tensor is reduced by 1 for each entry in
  `reduction_axes`. If `keep_dims` is true, the reduced dimensions are retained
  with length 1.

  If `reduction_axes` has no entries, all dimensions are reduced, and a tensor
  with a single element is returned.  Additionally, the axes can be negative,
  which are interpreted according to the indexing rules in Python.

  Args:
    input_indices: A `Tensor` of type `int64`.
      2-D.  `N x R` matrix with the indices of non-empty values in a
      SparseTensor, possibly not in canonical ordering.
    input_values: A `Tensor`. Must be one of the following types: `float32`, `float64`, `int32`, `uint8`, `int16`, `int8`, `int64`, `bfloat16`, `uint16`, `half`, `uint32`, `uint64`.
      1-D.  `N` non-empty values corresponding to `input_indices`.
    input_shape: A `Tensor` of type `int64`.
      1-D.  Shape of the input SparseTensor.
    reduction_axes: A `Tensor` of type `int32`.
      1-D.  Length-`K` vector containing the reduction axes.
    keep_dims: An optional `bool`. Defaults to `False`.
      If true, retain reduced dimensions with length 1.
    name: A name for the operation (optional).

  Returns:
    A tuple of `Tensor` objects (output_indices, output_values, output_shape).

    output_indices: A `Tensor` of type `int64`.
    output_values: A `Tensor`. Has the same type as `input_values`.
    output_shape: A `Tensor` of type `int64`.
  "
tensorflow._api.v2.compat.v2.raw_ops.SparseReduceSum,"Computes the sum of elements across dimensions of a SparseTensor.

  This Op takes a SparseTensor and is the sparse counterpart to
  `tf.reduce_sum()`.  In particular, this Op also returns a dense `Tensor`
  instead of a sparse one.

  Reduces `sp_input` along the dimensions given in `reduction_axes`.  Unless
  `keep_dims` is true, the rank of the tensor is reduced by 1 for each entry in
  `reduction_axes`. If `keep_dims` is true, the reduced dimensions are retained
  with length 1.

  If `reduction_axes` has no entries, all dimensions are reduced, and a tensor
  with a single element is returned.  Additionally, the axes can be negative,
  which are interpreted according to the indexing rules in Python.

  Args:
    input_indices: A `Tensor` of type `int64`.
      2-D.  `N x R` matrix with the indices of non-empty values in a
      SparseTensor, possibly not in canonical ordering.
    input_values: A `Tensor`. Must be one of the following types: `float32`, `float64`, `int32`, `uint8`, `int16`, `int8`, `complex64`, `int64`, `qint8`, `quint8`, `qint32`, `bfloat16`, `qint16`, `quint16`, `uint16`, `complex128`, `half`, `uint32`, `uint64`.
      1-D.  `N` non-empty values corresponding to `input_indices`.
    input_shape: A `Tensor` of type `int64`.
      1-D.  Shape of the input SparseTensor.
    reduction_axes: A `Tensor` of type `int32`.
      1-D.  Length-`K` vector containing the reduction axes.
    keep_dims: An optional `bool`. Defaults to `False`.
      If true, retain reduced dimensions with length 1.
    name: A name for the operation (optional).

  Returns:
    A `Tensor`. Has the same type as `input_values`.
  "
tensorflow._api.v2.compat.v2.raw_ops.SparseReduceSumSparse,"Computes the sum of elements across dimensions of a SparseTensor.

  This Op takes a SparseTensor and is the sparse counterpart to
  `tf.reduce_sum()`.  In contrast to SparseReduceSum, this Op returns a
  SparseTensor.

  Reduces `sp_input` along the dimensions given in `reduction_axes`.  Unless
  `keep_dims` is true, the rank of the tensor is reduced by 1 for each entry in
  `reduction_axes`. If `keep_dims` is true, the reduced dimensions are retained
  with length 1.

  If `reduction_axes` has no entries, all dimensions are reduced, and a tensor
  with a single element is returned.  Additionally, the axes can be negative,
  which are interpreted according to the indexing rules in Python.

  Args:
    input_indices: A `Tensor` of type `int64`.
      2-D.  `N x R` matrix with the indices of non-empty values in a
      SparseTensor, possibly not in canonical ordering.
    input_values: A `Tensor`. Must be one of the following types: `float32`, `float64`, `int32`, `uint8`, `int16`, `int8`, `complex64`, `int64`, `qint8`, `quint8`, `qint32`, `bfloat16`, `qint16`, `quint16`, `uint16`, `complex128`, `half`, `uint32`, `uint64`.
      1-D.  `N` non-empty values corresponding to `input_indices`.
    input_shape: A `Tensor` of type `int64`.
      1-D.  Shape of the input SparseTensor.
    reduction_axes: A `Tensor` of type `int32`.
      1-D.  Length-`K` vector containing the reduction axes.
    keep_dims: An optional `bool`. Defaults to `False`.
      If true, retain reduced dimensions with length 1.
    name: A name for the operation (optional).

  Returns:
    A tuple of `Tensor` objects (output_indices, output_values, output_shape).

    output_indices: A `Tensor` of type `int64`.
    output_values: A `Tensor`. Has the same type as `input_values`.
    output_shape: A `Tensor` of type `int64`.
  "
tensorflow._api.v2.compat.v2.raw_ops.TPUReplicatedInput,"Connects N inputs to an N-way replicated TPU computation.

  This operation holds a replicated input to a `tpu.replicate()` computation subgraph.
  Each replicated input has the same shape and type alongside the output.

  For example:
  ```
  %a = ""tf.opA""()
  %b = ""tf.opB""()
  %replicated_input = ""tf.TPUReplicatedInput""(%a, %b)
  %computation = ""tf.Computation""(%replicated_input)
  ```
  The above computation has a replicated input of two replicas.

  Args:
    inputs: A list of at least 1 `Tensor` objects with the same type.
    is_mirrored_variable: An optional `bool`. Defaults to `False`.
    index: An optional `int`. Defaults to `-1`.
    is_packed: An optional `bool`. Defaults to `False`.
    name: A name for the operation (optional).

  Returns:
    A `Tensor`. Has the same type as `inputs`.
  "
tensorflow._api.v2.compat.v2.raw_ops.TPUReplicatedOutput,"Connects N outputs from an N-way replicated TPU computation.

  This operation holds a replicated output from a `tpu.replicate()` computation subgraph.
  Each replicated output has the same shape and type alongside the input.

  For example:
  ```
  %computation = ""tf.Computation""()
  %replicated_output:2 = ""tf.TPUReplicatedOutput""(%computation)
  ```
  The above computation has a replicated output of two replicas.

  Args:
    input: A `Tensor`.
    num_replicas: An `int` that is `>= 1`.
    name: A name for the operation (optional).

  Returns:
    A list of `num_replicas` `Tensor` objects with the same type as `input`.
  "
tensorflow._api.v2.compat.v2.raw_ops.UniformQuantizedDot,"Perform quantized dot of quantized Tensor `lhs` and quantized Tensor `rhs` to make quantized `output`.

  Given quantized `lhs` and quantized `rhs`, performs quantized dot on `lhs` and `rhs` to make quantized `output`.
  `lhs` and `rhs` must be 2D Tensors and the lhs.dim_size(1) must match rhs.dim_size(0).
  `lhs` and `rhs` must be quantized Tensor, where data value is quantized using the formula:
  quantized_data = clip(original_data / scale + zero_point, quantization_min_val, quantization_max_val).
  `output` is also quantized, using the same formula.
  If `rhs` is per-tensor quantized, `output` must be also per-tensor quantized.

  Args:
    lhs: A `Tensor`. Must be one of the following types: `qint8`.
      Must be a 2D Tensor of Tin.
    rhs: A `Tensor`. Must have the same type as `lhs`.
      Must be a 2D Tensor of Tin.
    lhs_scales: A `Tensor` of type `float32`.
      The float value(s) used as scale when quantizing original data that lhs represents.
      Must be a scalar Tensor (lhs supports only per-tensor quantization).
    lhs_zero_points: A `Tensor` of type `int32`.
      The int32 value(s) used as zero_point when quantizing original data that lhs represents.
      Same shape condition as lhs_scales.
    rhs_scales: A `Tensor` of type `float32`.
      The float value(s) used as scale when quantizing original data that rhs represents.
      Must be a scalar Tensor (per-tensor quantization) or 1D Tensor of size (rhs.dim_size(1),) (per-channel quantization).
    rhs_zero_points: A `Tensor` of type `int32`.
      The int32 value(s) used as zero_point when quantizing original data that rhs represents.
      Same shape condition as rhs_scales.
    output_scales: A `Tensor` of type `float32`.
      The float value(s) to use as scales when quantizing original data that output represents.
      Must be a scalar Tensor (per-tensor quantization) or 1D Tensor of size (output.dim_size(1),) (per-channel quantization).
      If rhs is per-tensor quantized, output must be also per-tensor quantized.
      This means that if rhs_scales and rhs_zero_points are scalar Tensors, output_scales and output_zero_points must be scalar Tensors as well.
    output_zero_points: A `Tensor` of type `int32`.
      The int32 value(s) used as zero_point when quantizing original data that output represents.
      Same shape condition as rhs_scales.
    Tout: A `tf.DType` from: `tf.qint32`. The type of output Tensor.
    lhs_quantization_min_val: An `int`.
      The min value of the quantized data stored in lhs.
      For example, if Tin is qint8, this must be set to -127 if narrow range quantized or -128 if not.
    lhs_quantization_max_val: An `int`.
      The max value of the quantized data stored in rhs.
      For example, if Tin is qint8, this must be set to 127.
    rhs_quantization_min_val: An `int`.
      The min value of the quantized data stored in rhs.
      For example, if Trhs is qint8, this must be set to -127 if narrow range quantized or -128 if not.
    rhs_quantization_max_val: An `int`.
      The max value of the quantized data stored in rhs.
      For example, if Trhs is qint8, this must be set to 127.
    output_quantization_min_val: An `int`.
      The min value of the quantized data stored in output.
      For example, if Tout is qint8, this must be set to -127 if narrow range quantized or -128 if not.
    output_quantization_max_val: An `int`.
      The max value of the quantized data stored in output.
      For example, if Tout is qint8, this must be set to 127.
    lhs_quantization_axis: An optional `int`. Defaults to `-1`.
      Indicates the dimension index of the tensor where per-axis quantization is applied for the slices along that dimension.
      If set to -1 (default), this indicates per-tensor quantization.
      For dot op lhs, only per-tensor quantization is supported.
      Thus, this attribute must be set to -1. Other values are rejected.
    rhs_quantization_axis: An optional `int`. Defaults to `-1`.
      Indicates the dimension index of the tensor where per-axis quantization is applied for the slices along that dimension.
      If set to -1 (default), this indicates per-tensor quantization.
      For dot op rhs, only per-tensor quantization or per-channel quantization along dimension 1 is supported.
      Thus, this attribute must be set to -1 or 1. Other values are rejected.
    output_quantization_axis: An optional `int`. Defaults to `-1`.
      Indicates the dimension index of the tensor where per-axis quantization is applied for the slices along that dimension.
      If set to -1 (default), this indicates per-tensor quantization.
      For dot op output, only per-tensor quantization or per-channel quantization along dimension 1 is supported.
      Thus, this attribute must be set to -1 or 1. Other values are rejected.
    name: A name for the operation (optional).

  Returns:
    A `Tensor` of type `Tout`.
  "
tensorflow._api.v2.compat.v2.compat.v2.required_space_to_batch_paddings,"Calculate padding required to make block_shape divide input_shape.

  This function can be used to calculate a suitable paddings argument for use
  with space_to_batch_nd and batch_to_space_nd.

  Args:
    input_shape: int32 Tensor of shape [N].
    block_shape: int32 Tensor of shape [N].
    base_paddings: Optional int32 Tensor of shape [N, 2].  Specifies the minimum
      amount of padding to use.  All elements must be >= 0.  If not specified,
      defaults to 0.
    name: string.  Optional name prefix.

  Returns:
    (paddings, crops), where:

    `paddings` and `crops` are int32 Tensors of rank 2 and shape [N, 2]
    satisfying:

        paddings[i, 0] = base_paddings[i, 0].
        0 <= paddings[i, 1] - base_paddings[i, 1] < block_shape[i]
        (input_shape[i] + paddings[i, 0] + paddings[i, 1]) % block_shape[i] == 0

        crops[i, 0] = 0
        crops[i, 1] = paddings[i, 1] - base_paddings[i, 1]

  Raises: ValueError if called with incompatible shapes.
  "
tensorflow._api.v2.compat.v2.signal.hamming_window,"Generate a [Hamming][hamming] window.

  Args:
    window_length: A scalar `Tensor` indicating the window length to generate.
    periodic: A bool `Tensor` indicating whether to generate a periodic or
      symmetric window. Periodic windows are typically used for spectral
      analysis while symmetric windows are typically used for digital
      filter design.
    dtype: The data type to produce. Must be a floating point type.
    name: An optional name for the operation.

  Returns:
    A `Tensor` of shape `[window_length]` of type `dtype`.

  Raises:
    ValueError: If `dtype` is not a floating point type.

  [hamming]:
    https://en.wikipedia.org/wiki/Window_function#Hann_and_Hamming_windows
  "
tensorflow._api.v2.compat.v2.signal.hann_window,"Generate a [Hann window][hann].

  Args:
    window_length: A scalar `Tensor` indicating the window length to generate.
    periodic: A bool `Tensor` indicating whether to generate a periodic or
      symmetric window. Periodic windows are typically used for spectral
      analysis while symmetric windows are typically used for digital
      filter design.
    dtype: The data type to produce. Must be a floating point type.
    name: An optional name for the operation.

  Returns:
    A `Tensor` of shape `[window_length]` of type `dtype`.

  Raises:
    ValueError: If `dtype` is not a floating point type.

  [hann]: https://en.wikipedia.org/wiki/Window_function#Hann_and_Hamming_windows
  "
tensorflow._api.v2.compat.v2.signal.kaiser_window,"Generate a [Kaiser window][kaiser].

  Args:
    window_length: A scalar `Tensor` indicating the window length to generate.
    beta: Beta parameter for Kaiser window, see reference below.
    dtype: The data type to produce. Must be a floating point type.
    name: An optional name for the operation.

  Returns:
    A `Tensor` of shape `[window_length]` of type `dtype`.

  [kaiser]:
    https://docs.scipy.org/doc/numpy/reference/generated/numpy.kaiser.html
  "
tensorflow._api.v2.compat.v2.signal.vorbis_window,"Generate a [Vorbis power complementary window][vorbis].

  Args:
    window_length: A scalar `Tensor` indicating the window length to generate.
    dtype: The data type to produce. Must be a floating point type.
    name: An optional name for the operation.

  Returns:
    A `Tensor` of shape `[window_length]` of type `dtype`.

  [vorbis]:
    https://en.wikipedia.org/wiki/Modified_discrete_cosine_transform#Window_functions
  "
tensorflow._api.v2.compat.v2.sparse.eye,"Creates a two-dimensional sparse tensor with ones along the diagonal.

  Args:
    num_rows: Non-negative integer or `int32` scalar `tensor` giving the number
      of rows in the resulting matrix.
    num_columns: Optional non-negative integer or `int32` scalar `tensor` giving
      the number of columns in the resulting matrix. Defaults to `num_rows`.
    dtype: The type of element in the resulting `Tensor`.
    name: A name for this `Op`. Defaults to ""eye"".

  Returns:
    A `SparseTensor` of shape [num_rows, num_columns] with ones along the
    diagonal.
  "
tensorflow._api.v2.compat.v2.sparse.retain,"Retains specified non-empty values within a `SparseTensor`.

  For example, if `sp_input` has shape `[4, 5]` and 4 non-empty string values:

      [0, 1]: a
      [0, 3]: b
      [2, 0]: c
      [3, 1]: d

  and `to_retain = [True, False, False, True]`, then the output will
  be a `SparseTensor` of shape `[4, 5]` with 2 non-empty values:

      [0, 1]: a
      [3, 1]: d

  Args:
    sp_input: The input `SparseTensor` with `N` non-empty elements.
    to_retain: A bool vector of length `N` with `M` true values.

  Returns:
    A `SparseTensor` with the same shape as the input and `M` non-empty
    elements corresponding to the true positions in `to_retain`.

  Raises:
    TypeError: If `sp_input` is not a `SparseTensor`.
  "
tensorflow._api.v2.compat.v2.types.experimental.TraceType,"Represents the type of object(s) for tf.function tracing purposes.

  `TraceType` is an abstract class that other classes might inherit from to
  provide information regarding associated class(es) for the purposes of
  tf.function tracing. The typing logic provided through this mechanism will be
  used to make decisions regarding usage of cached concrete functions and
  retracing.

  For example, if we have the following tf.function and classes:
  ```python
  @tf.function
  def get_mixed_flavor(fruit_a, fruit_b):
    return fruit_a.flavor + fruit_b.flavor

  class Fruit:
    flavor = tf.constant([0, 0])

  class Apple(Fruit):
    flavor = tf.constant([1, 2])

  class Mango(Fruit):
    flavor = tf.constant([3, 4])
  ```

  tf.function does not know when to re-use an existing concrete function in
  regards to the `Fruit` class so naively it retraces for every new instance.
  ```python
  get_mixed_flavor(Apple(), Mango()) # Traces a new concrete function
  get_mixed_flavor(Apple(), Mango()) # Traces a new concrete function again
  ```

  However, we, as the designers of the `Fruit` class, know that each subclass
  has a fixed flavor and we can reuse an existing traced concrete function if
  it was the same subclass. Avoiding such unnecessary tracing of concrete
  functions can have significant performance benefits.

  ```python
  class FruitTraceType(tf.types.experimental.TraceType):
    def __init__(self, fruit):
      self.fruit_type = type(fruit)
      self.fruit_value = fruit

    def is_subtype_of(self, other):
       return (type(other) is FruitTraceType and
               self.fruit_type is other.fruit_type)

    def most_specific_common_supertype(self, others):
       return self if all(self == other for other in others) else None

    def placeholder_value(self, placeholder_context=None):
      return self.fruit_value

  class Fruit:

   def __tf_tracing_type__(self, context):
     return FruitTraceType(self)
  ```

  Now if we try calling it again:
  ```python
  get_mixed_flavor(Apple(), Mango()) # Traces a new concrete function
  get_mixed_flavor(Apple(), Mango()) # Re-uses the traced concrete function
  ```
  "
tensorflow._api.v2.compat.v2.types.experimental.TraceType.from_tensors,"Generates a value of this type from Tensors.

    Must use the same fixed amount of tensors as `to_tensors`.

    Args:
      tensors: An iterator from which the tensors can be pulled.

    Returns:
      A value of this type.
    "
tensorflow._api.v2.compat.v2.types.experimental.TraceType.to_tensors,"Breaks down a value of this type into Tensors.

    For a TraceType instance, the number of tensors generated for corresponding
    value should be constant.

    Args:
      value: A value belonging to this TraceType

    Returns:
      List of Tensors.
    "
tensorflow._api.v2.compat.v1.compat.v2.equal,"Returns the truth value of (x == y) element-wise.

  Performs a [broadcast](
  https://docs.scipy.org/doc/numpy/user/basics.broadcasting.html) with the
  arguments and then an element-wise equality comparison, returning a Tensor of
  boolean values.

  For example:

  >>> x = tf.constant([2, 4])
  >>> y = tf.constant(2)
  >>> tf.math.equal(x, y)
  <tf.Tensor: shape=(2,), dtype=bool, numpy=array([ True,  False])>

  >>> x = tf.constant([2, 4])
  >>> y = tf.constant([2, 4])
  >>> tf.math.equal(x, y)
  <tf.Tensor: shape=(2,), dtype=bool, numpy=array([ True,  True])>

  Args:
    x: A `tf.Tensor`.
    y: A `tf.Tensor`.
    name: A name for the operation (optional).

  Returns:
    A `tf.Tensor` of type bool with the same size as that of x or y.

  Raises:
    `tf.errors.InvalidArgumentError`: If shapes of arguments are incompatible
  "
tensorflow._api.v2.compat.v1.compat.v2.greater_equal,"Returns the truth value of (x >= y) element-wise.

  *NOTE*: `math.greater_equal` supports broadcasting. More about broadcasting
  [here](http://docs.scipy.org/doc/numpy/user/basics.broadcasting.html)

  Example:

  ```python
  x = tf.constant([5, 4, 6, 7])
  y = tf.constant([5, 2, 5, 10])
  tf.math.greater_equal(x, y) ==> [True, True, True, False]

  x = tf.constant([5, 4, 6, 7])
  y = tf.constant([5])
  tf.math.greater_equal(x, y) ==> [True, False, True, True]
  ```

  Args:
    x: A `Tensor`. Must be one of the following types: `float32`, `float64`, `int32`, `uint8`, `int16`, `int8`, `int64`, `bfloat16`, `uint16`, `half`, `uint32`, `uint64`.
    y: A `Tensor`. Must have the same type as `x`.
    name: A name for the operation (optional).

  Returns:
    A `Tensor` of type `bool`.
  "
tensorflow._api.v2.compat.v1.compat.v2.hessians,"Constructs the Hessian of sum of `ys` with respect to `x` in `xs`.

  `hessians()` adds ops to the graph to output the Hessian matrix of `ys`
  with respect to `xs`.  It returns a list of `Tensor` of length `len(xs)`
  where each tensor is the Hessian of `sum(ys)`.

  The Hessian is a matrix of second-order partial derivatives of a scalar
  tensor (see https://en.wikipedia.org/wiki/Hessian_matrix for more details).

  Args:
    ys: A `Tensor` or list of tensors to be differentiated.
    xs: A `Tensor` or list of tensors to be used for differentiation.
    gate_gradients: See `gradients()` documentation for details.
    aggregation_method: See `gradients()` documentation for details.
    name: Optional name to use for grouping all the gradient ops together.
      defaults to 'hessians'.

  Returns:
    A list of Hessian matrices of `sum(ys)` for each `x` in `xs`.

  Raises:
    LookupError: if one of the operations between `xs` and `ys` does not
      have a registered gradient function.
  "
tensorflow._api.v2.compat.v1.compat.v2.less_equal,"Returns the truth value of (x <= y) element-wise.

  *NOTE*: `math.less_equal` supports broadcasting. More about broadcasting
  [here](http://docs.scipy.org/doc/numpy/user/basics.broadcasting.html)

  Example:

  ```python
  x = tf.constant([5, 4, 6])
  y = tf.constant([5])
  tf.math.less_equal(x, y) ==> [True, True, False]

  x = tf.constant([5, 4, 6])
  y = tf.constant([5, 6, 6])
  tf.math.less_equal(x, y) ==> [True, True, True]
  ```

  Args:
    x: A `Tensor`. Must be one of the following types: `float32`, `float64`, `int32`, `uint8`, `int16`, `int8`, `int64`, `bfloat16`, `uint16`, `half`, `uint32`, `uint64`.
    y: A `Tensor`. Must have the same type as `x`.
    name: A name for the operation (optional).

  Returns:
    A `Tensor` of type `bool`.
  "
tensorflow._api.v2.compat.v1.compat.v2.make_tensor_proto,"Create a TensorProto.

  In TensorFlow 2.0, representing tensors as protos should no longer be a
  common workflow. That said, this utility function is still useful for
  generating TF Serving request protos:

  ```python
    request = tensorflow_serving.apis.predict_pb2.PredictRequest()
    request.model_spec.name = ""my_model""
    request.model_spec.signature_name = ""serving_default""
    request.inputs[""images""].CopyFrom(tf.make_tensor_proto(X_new))
  ```

  `make_tensor_proto` accepts ""values"" of a python scalar, a python list, a
  numpy ndarray, or a numpy scalar.

  If ""values"" is a python scalar or a python list, make_tensor_proto
  first convert it to numpy ndarray. If dtype is None, the
  conversion tries its best to infer the right numpy data
  type. Otherwise, the resulting numpy array has a compatible data
  type with the given dtype.

  In either case above, the numpy ndarray (either the caller provided
  or the auto-converted) must have the compatible type with dtype.

  `make_tensor_proto` then converts the numpy array to a tensor proto.

  If ""shape"" is None, the resulting tensor proto represents the numpy
  array precisely.

  Otherwise, ""shape"" specifies the tensor's shape and the numpy array
  can not have more elements than what ""shape"" specifies.

  Args:
    values:         Values to put in the TensorProto.
    dtype:          Optional tensor_pb2 DataType value.
    shape:          List of integers representing the dimensions of tensor.
    verify_shape:   Boolean that enables verification of a shape of values.
    allow_broadcast:  Boolean that enables allowing scalars and 1 length vector
        broadcasting. Cannot be true when verify_shape is true.

  Returns:
    A `TensorProto`. Depending on the type, it may contain data in the
    ""tensor_content"" attribute, which is not directly useful to Python programs.
    To access the values you should convert the proto back to a numpy ndarray
    with `tf.make_ndarray(proto)`.

    If `values` is a `TensorProto`, it is immediately returned; `dtype` and
    `shape` are ignored.

  Raises:
    TypeError:  if unsupported types are provided.
    ValueError: if arguments have inappropriate values or if verify_shape is
     True and shape of values is not equals to a shape from the argument.

  "
tensorflow._api.v2.compat.v1.compat.v2.not_equal,"Returns the truth value of (x != y) element-wise.

  Performs a [broadcast](
  https://docs.scipy.org/doc/numpy/user/basics.broadcasting.html) with the
  arguments and then an element-wise inequality comparison, returning a Tensor
  of boolean values.

  For example:

  >>> x = tf.constant([2, 4])
  >>> y = tf.constant(2)
  >>> tf.math.not_equal(x, y)
  <tf.Tensor: shape=(2,), dtype=bool, numpy=array([False,  True])>

  >>> x = tf.constant([2, 4])
  >>> y = tf.constant([2, 4])
  >>> tf.math.not_equal(x, y)
  <tf.Tensor: shape=(2,), dtype=bool, numpy=array([False,  False])>

  Args:
    x: A `tf.Tensor`.
    y: A `tf.Tensor`.
    name: A name for the operation (optional).

  Returns:
    A `tf.Tensor` of type bool with the same size as that of x or y.

  Raises:
    `tf.errors.InvalidArgumentError`: If shapes of arguments are incompatible
  "
tensorflow._api.v2.compat.v1.compat.v2.required_space_to_batch_paddings,"Calculate padding required to make block_shape divide input_shape.

  This function can be used to calculate a suitable paddings argument for use
  with space_to_batch_nd and batch_to_space_nd.

  Args:
    input_shape: int32 Tensor of shape [N].
    block_shape: int32 Tensor of shape [N].
    base_paddings: Optional int32 Tensor of shape [N, 2].  Specifies the minimum
      amount of padding to use.  All elements must be >= 0.  If not specified,
      defaults to 0.
    name: string.  Optional name prefix.

  Returns:
    (paddings, crops), where:

    `paddings` and `crops` are int32 Tensors of rank 2 and shape [N, 2]
    satisfying:

        paddings[i, 0] = base_paddings[i, 0].
        0 <= paddings[i, 1] - base_paddings[i, 1] < block_shape[i]
        (input_shape[i] + paddings[i, 0] + paddings[i, 1]) % block_shape[i] == 0

        crops[i, 0] = 0
        crops[i, 1] = paddings[i, 1] - base_paddings[i, 1]

  Raises: ValueError if called with incompatible shapes.
  "
tensorflow._api.v2.compat.v1.delete_session_tensor,"Delete the tensor for the given tensor handle.

  This is EXPERIMENTAL and subject to change.

  Delete the tensor of a given tensor handle. The tensor is produced
  in a previous run() and stored in the state of the session.

  Args:
    handle: The string representation of a persistent tensor handle.
    name: Optional name prefix for the return tensor.

  Returns:
    A pair of graph elements. The first is a placeholder for feeding a
    tensor handle and the second is a deletion operation.
  "
tensorflow._api.v2.compat.v1.equal,"Returns the truth value of (x == y) element-wise.

  Performs a [broadcast](
  https://docs.scipy.org/doc/numpy/user/basics.broadcasting.html) with the
  arguments and then an element-wise equality comparison, returning a Tensor of
  boolean values.

  For example:

  >>> x = tf.constant([2, 4])
  >>> y = tf.constant(2)
  >>> tf.math.equal(x, y)
  <tf.Tensor: shape=(2,), dtype=bool, numpy=array([ True,  False])>

  >>> x = tf.constant([2, 4])
  >>> y = tf.constant([2, 4])
  >>> tf.math.equal(x, y)
  <tf.Tensor: shape=(2,), dtype=bool, numpy=array([ True,  True])>

  Args:
    x: A `tf.Tensor`.
    y: A `tf.Tensor`.
    name: A name for the operation (optional).

  Returns:
    A `tf.Tensor` of type bool with the same size as that of x or y.

  Raises:
    `tf.errors.InvalidArgumentError`: If shapes of arguments are incompatible
  "
tensorflow._api.v2.compat.v1.get_seed,"Returns the local seeds an operation should use given an op-specific seed.

  Given operation-specific seed, `op_seed`, this helper function returns two
  seeds derived from graph-level and op-level seeds. Many random operations
  internally use the two seeds to allow user to change the seed globally for a
  graph, or for only specific operations.

  For details on how the graph-level seed interacts with op seeds, see
  `tf.compat.v1.random.set_random_seed`.

  Args:
    op_seed: integer.

  Returns:
    A tuple of two integers that should be used for the local seed of this
    operation.
  "
tensorflow._api.v2.compat.v1.get_session_tensor,"Get the tensor of type `dtype` by feeding a tensor handle.

  This is EXPERIMENTAL and subject to change.

  Get the value of the tensor from a tensor handle. The tensor
  is produced in a previous run() and stored in the state of the
  session.

  Args:
    handle: The string representation of a persistent tensor handle.
    dtype: The type of the output tensor.
    name: Optional name prefix for the return tensor.

  Returns:
    A pair of tensors. The first is a placeholder for feeding a
    tensor handle and the second is the tensor in the session state
    keyed by the tensor handle.

  Example:

  ```python
  c = tf.multiply(a, b)
  h = tf.compat.v1.get_session_handle(c)
  h = sess.run(h)

  p, a = tf.compat.v1.get_session_tensor(h.handle, tf.float32)
  b = tf.multiply(a, 10)
  c = sess.run(b, feed_dict={p: h.handle})
  ```

  "
tensorflow._api.v2.compat.v1.global_norm,"Computes the global norm of multiple tensors.

  Given a tuple or list of tensors `t_list`, this operation returns the
  global norm of the elements in all tensors in `t_list`. The global norm is
  computed as:

  `global_norm = sqrt(sum([l2norm(t)**2 for t in t_list]))`

  Any entries in `t_list` that are of type None are ignored.

  Args:
    t_list: A tuple or list of mixed `Tensors`, `IndexedSlices`, or None.
    name: A name for the operation (optional).

  Returns:
    A 0-D (scalar) `Tensor` of type `float`.

  Raises:
    TypeError: If `t_list` is not a sequence.
  "
tensorflow._api.v2.compat.v1.greater_equal,"Returns the truth value of (x >= y) element-wise.

  *NOTE*: `math.greater_equal` supports broadcasting. More about broadcasting
  [here](http://docs.scipy.org/doc/numpy/user/basics.broadcasting.html)

  Example:

  ```python
  x = tf.constant([5, 4, 6, 7])
  y = tf.constant([5, 2, 5, 10])
  tf.math.greater_equal(x, y) ==> [True, True, True, False]

  x = tf.constant([5, 4, 6, 7])
  y = tf.constant([5])
  tf.math.greater_equal(x, y) ==> [True, False, True, True]
  ```

  Args:
    x: A `Tensor`. Must be one of the following types: `float32`, `float64`, `int32`, `uint8`, `int16`, `int8`, `int64`, `bfloat16`, `uint16`, `half`, `uint32`, `uint64`.
    y: A `Tensor`. Must have the same type as `x`.
    name: A name for the operation (optional).

  Returns:
    A `Tensor` of type `bool`.
  "
tensorflow._api.v2.compat.v1.hessians,"Constructs the Hessian of sum of `ys` with respect to `x` in `xs`.

  `hessians()` adds ops to the graph to output the Hessian matrix of `ys`
  with respect to `xs`.  It returns a list of `Tensor` of length `len(xs)`
  where each tensor is the Hessian of `sum(ys)`.

  The Hessian is a matrix of second-order partial derivatives of a scalar
  tensor (see https://en.wikipedia.org/wiki/Hessian_matrix for more details).

  Args:
    ys: A `Tensor` or list of tensors to be differentiated.
    xs: A `Tensor` or list of tensors to be used for differentiation.
    name: Optional name to use for grouping all the gradient ops together.
      defaults to 'hessians'.
    colocate_gradients_with_ops: See `gradients()` documentation for details.
    gate_gradients: See `gradients()` documentation for details.
    aggregation_method: See `gradients()` documentation for details.

  Returns:
    A list of Hessian matrices of `sum(ys)` for each `x` in `xs`.

  Raises:
    LookupError: if one of the operations between `xs` and `ys` does not
      have a registered gradient function.
  "
tensorflow._api.v2.compat.v1.is_variable_initialized,"Tests if a variable has been initialized.

Args:
  variable: A `Variable`.

Returns:
  Returns a scalar boolean Tensor, `True` if the variable has been
  initialized, `False` otherwise.


Note: The output of this function should be used. If it is not, a warning will be logged or an error may be raised. To mark the output as used, call its .mark_used() method."
tensorflow._api.v2.compat.v1.less_equal,"Returns the truth value of (x <= y) element-wise.

  *NOTE*: `math.less_equal` supports broadcasting. More about broadcasting
  [here](http://docs.scipy.org/doc/numpy/user/basics.broadcasting.html)

  Example:

  ```python
  x = tf.constant([5, 4, 6])
  y = tf.constant([5])
  tf.math.less_equal(x, y) ==> [True, True, False]

  x = tf.constant([5, 4, 6])
  y = tf.constant([5, 6, 6])
  tf.math.less_equal(x, y) ==> [True, True, True]
  ```

  Args:
    x: A `Tensor`. Must be one of the following types: `float32`, `float64`, `int32`, `uint8`, `int16`, `int8`, `int64`, `bfloat16`, `uint16`, `half`, `uint32`, `uint64`.
    y: A `Tensor`. Must have the same type as `x`.
    name: A name for the operation (optional).

  Returns:
    A `Tensor` of type `bool`.
  "
tensorflow._api.v2.compat.v1.make_tensor_proto,"Create a TensorProto.

  In TensorFlow 2.0, representing tensors as protos should no longer be a
  common workflow. That said, this utility function is still useful for
  generating TF Serving request protos:

  ```python
    request = tensorflow_serving.apis.predict_pb2.PredictRequest()
    request.model_spec.name = ""my_model""
    request.model_spec.signature_name = ""serving_default""
    request.inputs[""images""].CopyFrom(tf.make_tensor_proto(X_new))
  ```

  `make_tensor_proto` accepts ""values"" of a python scalar, a python list, a
  numpy ndarray, or a numpy scalar.

  If ""values"" is a python scalar or a python list, make_tensor_proto
  first convert it to numpy ndarray. If dtype is None, the
  conversion tries its best to infer the right numpy data
  type. Otherwise, the resulting numpy array has a compatible data
  type with the given dtype.

  In either case above, the numpy ndarray (either the caller provided
  or the auto-converted) must have the compatible type with dtype.

  `make_tensor_proto` then converts the numpy array to a tensor proto.

  If ""shape"" is None, the resulting tensor proto represents the numpy
  array precisely.

  Otherwise, ""shape"" specifies the tensor's shape and the numpy array
  can not have more elements than what ""shape"" specifies.

  Args:
    values:         Values to put in the TensorProto.
    dtype:          Optional tensor_pb2 DataType value.
    shape:          List of integers representing the dimensions of tensor.
    verify_shape:   Boolean that enables verification of a shape of values.
    allow_broadcast:  Boolean that enables allowing scalars and 1 length vector
        broadcasting. Cannot be true when verify_shape is true.

  Returns:
    A `TensorProto`. Depending on the type, it may contain data in the
    ""tensor_content"" attribute, which is not directly useful to Python programs.
    To access the values you should convert the proto back to a numpy ndarray
    with `tf.make_ndarray(proto)`.

    If `values` is a `TensorProto`, it is immediately returned; `dtype` and
    `shape` are ignored.

  Raises:
    TypeError:  if unsupported types are provided.
    ValueError: if arguments have inappropriate values or if verify_shape is
     True and shape of values is not equals to a shape from the argument.

  "
tensorflow._api.v2.compat.v1.model_variables,"Returns all variables in the MODEL_VARIABLES collection.

  Args:
    scope: (Optional.) A string. If supplied, the resulting list is filtered to
      include only items whose `name` attribute matches `scope` using
      `re.match`. Items without a `name` attribute are never returned if a scope
      is supplied. The choice of `re.match` means that a `scope` without special
      tokens filters by prefix.

  Returns:
    A list of local Variable objects.
  "
tensorflow._api.v2.compat.v1.moving_average_variables,"Returns all variables that maintain their moving averages.

  If an `ExponentialMovingAverage` object is created and the `apply()`
  method is called on a list of variables, these variables will
  be added to the `GraphKeys.MOVING_AVERAGE_VARIABLES` collection.
  This convenience function returns the contents of that collection.

  Args:
    scope: (Optional.) A string. If supplied, the resulting list is filtered to
      include only items whose `name` attribute matches `scope` using
      `re.match`. Items without a `name` attribute are never returned if a scope
      is supplied. The choice of `re.match` means that a `scope` without special
      tokens filters by prefix.

  Returns:
    A list of Variable objects.
  "
tensorflow._api.v2.compat.v1.not_equal,"Returns the truth value of (x != y) element-wise.

  Performs a [broadcast](
  https://docs.scipy.org/doc/numpy/user/basics.broadcasting.html) with the
  arguments and then an element-wise inequality comparison, returning a Tensor
  of boolean values.

  For example:

  >>> x = tf.constant([2, 4])
  >>> y = tf.constant(2)
  >>> tf.math.not_equal(x, y)
  <tf.Tensor: shape=(2,), dtype=bool, numpy=array([False,  True])>

  >>> x = tf.constant([2, 4])
  >>> y = tf.constant([2, 4])
  >>> tf.math.not_equal(x, y)
  <tf.Tensor: shape=(2,), dtype=bool, numpy=array([False,  False])>

  Args:
    x: A `tf.Tensor`.
    y: A `tf.Tensor`.
    name: A name for the operation (optional).

  Returns:
    A `tf.Tensor` of type bool with the same size as that of x or y.

  Raises:
    `tf.errors.InvalidArgumentError`: If shapes of arguments are incompatible
  "
tensorflow._api.v2.compat.v1.random_gamma,"Draws `shape` samples from each of the given Gamma distribution(s).

  `alpha` is the shape parameter describing the distribution(s), and `beta` is
  the inverse scale parameter(s).

  Note: Because internal calculations are done using `float64` and casting has
  `floor` semantics, we must manually map zero outcomes to the smallest
  possible positive floating-point value, i.e., `np.finfo(dtype).tiny`.  This
  means that `np.finfo(dtype).tiny` occurs more frequently than it otherwise
  should.  This bias can only happen for small values of `alpha`, i.e.,
  `alpha << 1` or large values of `beta`, i.e., `beta >> 1`.

  The samples are differentiable w.r.t. alpha and beta.
  The derivatives are computed using the approach described in
  (Figurnov et al., 2018).

  Example:

  ```python
  samples = tf.random.gamma([10], [0.5, 1.5])
  # samples has shape [10, 2], where each slice [:, 0] and [:, 1] represents
  # the samples drawn from each distribution

  samples = tf.random.gamma([7, 5], [0.5, 1.5])
  # samples has shape [7, 5, 2], where each slice [:, :, 0] and [:, :, 1]
  # represents the 7x5 samples drawn from each of the two distributions

  alpha = tf.constant([[1.],[3.],[5.]])
  beta = tf.constant([[3., 4.]])
  samples = tf.random.gamma([30], alpha=alpha, beta=beta)
  # samples has shape [30, 3, 2], with 30 samples each of 3x2 distributions.

  loss = tf.reduce_mean(tf.square(samples))
  dloss_dalpha, dloss_dbeta = tf.gradients(loss, [alpha, beta])
  # unbiased stochastic derivatives of the loss function
  alpha.shape == dloss_dalpha.shape  # True
  beta.shape == dloss_dbeta.shape  # True
  ```

  Args:
    shape: A 1-D integer Tensor or Python array. The shape of the output samples
      to be drawn per alpha/beta-parameterized distribution.
    alpha: A Tensor or Python value or N-D array of type `dtype`. `alpha`
      provides the shape parameter(s) describing the gamma distribution(s) to
      sample. Must be broadcastable with `beta`.
    beta: A Tensor or Python value or N-D array of type `dtype`. Defaults to 1.
      `beta` provides the inverse scale parameter(s) of the gamma
      distribution(s) to sample. Must be broadcastable with `alpha`.
    dtype: The type of alpha, beta, and the output: `float16`, `float32`, or
      `float64`.
    seed: A Python integer. Used to create a random seed for the distributions.
      See
      `tf.random.set_seed`
      for behavior.
    name: Optional name for the operation.

  Returns:
    samples: a `Tensor` of shape
      `tf.concat([shape, tf.shape(alpha + beta)], axis=0)` with values of type
      `dtype`.

  References:
    Implicit Reparameterization Gradients:
      [Figurnov et al., 2018]
      (http://papers.nips.cc/paper/7326-implicit-reparameterization-gradients)
      ([pdf]
      (http://papers.nips.cc/paper/7326-implicit-reparameterization-gradients.pdf))
  "
tensorflow._api.v2.compat.v1.report_uninitialized_variables,"Adds ops to list the names of uninitialized variables.

When run, it returns a 1-D tensor containing the names of uninitialized
variables if there are any, or an empty array if there are none.

Args:
  var_list: List of `Variable` objects to check. Defaults to the value of
    `global_variables() + local_variables()`
  name: Optional name of the `Operation`.

Returns:
  A 1-D tensor containing names of the uninitialized variables, or an empty
  1-D tensor if there are no variables or no uninitialized variables.


Note: The output of this function should be used. If it is not, a warning will be logged or an error may be raised. To mark the output as used, call its .mark_used() method."
tensorflow._api.v2.compat.v1.required_space_to_batch_paddings,"Calculate padding required to make block_shape divide input_shape.

  This function can be used to calculate a suitable paddings argument for use
  with space_to_batch_nd and batch_to_space_nd.

  Args:
    input_shape: int32 Tensor of shape [N].
    block_shape: int32 Tensor of shape [N].
    base_paddings: Optional int32 Tensor of shape [N, 2].  Specifies the minimum
      amount of padding to use.  All elements must be >= 0.  If not specified,
      defaults to 0.
    name: string.  Optional name prefix.

  Returns:
    (paddings, crops), where:

    `paddings` and `crops` are int32 Tensors of rank 2 and shape [N, 2]
    satisfying:

        paddings[i, 0] = base_paddings[i, 0].
        0 <= paddings[i, 1] - base_paddings[i, 1] < block_shape[i]
        (input_shape[i] + paddings[i, 0] + paddings[i, 1]) % block_shape[i] == 0

        crops[i, 0] = 0
        crops[i, 1] = paddings[i, 1] - base_paddings[i, 1]

  Raises: ValueError if called with incompatible shapes.
  "
tensorflow._api.v2.compat.v1.sparse_retain,"Retains specified non-empty values within a `SparseTensor`.

  For example, if `sp_input` has shape `[4, 5]` and 4 non-empty string values:

      [0, 1]: a
      [0, 3]: b
      [2, 0]: c
      [3, 1]: d

  and `to_retain = [True, False, False, True]`, then the output will
  be a `SparseTensor` of shape `[4, 5]` with 2 non-empty values:

      [0, 1]: a
      [3, 1]: d

  Args:
    sp_input: The input `SparseTensor` with `N` non-empty elements.
    to_retain: A bool vector of length `N` with `M` true values.

  Returns:
    A `SparseTensor` with the same shape as the input and `M` non-empty
    elements corresponding to the true positions in `to_retain`.

  Raises:
    TypeError: If `sp_input` is not a `SparseTensor`.
  "
tensorflow._api.v2.compat.v2.equal,"Returns the truth value of (x == y) element-wise.

  Performs a [broadcast](
  https://docs.scipy.org/doc/numpy/user/basics.broadcasting.html) with the
  arguments and then an element-wise equality comparison, returning a Tensor of
  boolean values.

  For example:

  >>> x = tf.constant([2, 4])
  >>> y = tf.constant(2)
  >>> tf.math.equal(x, y)
  <tf.Tensor: shape=(2,), dtype=bool, numpy=array([ True,  False])>

  >>> x = tf.constant([2, 4])
  >>> y = tf.constant([2, 4])
  >>> tf.math.equal(x, y)
  <tf.Tensor: shape=(2,), dtype=bool, numpy=array([ True,  True])>

  Args:
    x: A `tf.Tensor`.
    y: A `tf.Tensor`.
    name: A name for the operation (optional).

  Returns:
    A `tf.Tensor` of type bool with the same size as that of x or y.

  Raises:
    `tf.errors.InvalidArgumentError`: If shapes of arguments are incompatible
  "
tensorflow._api.v2.compat.v2.greater_equal,"Returns the truth value of (x >= y) element-wise.

  *NOTE*: `math.greater_equal` supports broadcasting. More about broadcasting
  [here](http://docs.scipy.org/doc/numpy/user/basics.broadcasting.html)

  Example:

  ```python
  x = tf.constant([5, 4, 6, 7])
  y = tf.constant([5, 2, 5, 10])
  tf.math.greater_equal(x, y) ==> [True, True, True, False]

  x = tf.constant([5, 4, 6, 7])
  y = tf.constant([5])
  tf.math.greater_equal(x, y) ==> [True, False, True, True]
  ```

  Args:
    x: A `Tensor`. Must be one of the following types: `float32`, `float64`, `int32`, `uint8`, `int16`, `int8`, `int64`, `bfloat16`, `uint16`, `half`, `uint32`, `uint64`.
    y: A `Tensor`. Must have the same type as `x`.
    name: A name for the operation (optional).

  Returns:
    A `Tensor` of type `bool`.
  "
tensorflow._api.v2.compat.v2.hessians,"Constructs the Hessian of sum of `ys` with respect to `x` in `xs`.

  `hessians()` adds ops to the graph to output the Hessian matrix of `ys`
  with respect to `xs`.  It returns a list of `Tensor` of length `len(xs)`
  where each tensor is the Hessian of `sum(ys)`.

  The Hessian is a matrix of second-order partial derivatives of a scalar
  tensor (see https://en.wikipedia.org/wiki/Hessian_matrix for more details).

  Args:
    ys: A `Tensor` or list of tensors to be differentiated.
    xs: A `Tensor` or list of tensors to be used for differentiation.
    gate_gradients: See `gradients()` documentation for details.
    aggregation_method: See `gradients()` documentation for details.
    name: Optional name to use for grouping all the gradient ops together.
      defaults to 'hessians'.

  Returns:
    A list of Hessian matrices of `sum(ys)` for each `x` in `xs`.

  Raises:
    LookupError: if one of the operations between `xs` and `ys` does not
      have a registered gradient function.
  "
tensorflow._api.v2.compat.v2.less_equal,"Returns the truth value of (x <= y) element-wise.

  *NOTE*: `math.less_equal` supports broadcasting. More about broadcasting
  [here](http://docs.scipy.org/doc/numpy/user/basics.broadcasting.html)

  Example:

  ```python
  x = tf.constant([5, 4, 6])
  y = tf.constant([5])
  tf.math.less_equal(x, y) ==> [True, True, False]

  x = tf.constant([5, 4, 6])
  y = tf.constant([5, 6, 6])
  tf.math.less_equal(x, y) ==> [True, True, True]
  ```

  Args:
    x: A `Tensor`. Must be one of the following types: `float32`, `float64`, `int32`, `uint8`, `int16`, `int8`, `int64`, `bfloat16`, `uint16`, `half`, `uint32`, `uint64`.
    y: A `Tensor`. Must have the same type as `x`.
    name: A name for the operation (optional).

  Returns:
    A `Tensor` of type `bool`.
  "
tensorflow._api.v2.compat.v2.make_tensor_proto,"Create a TensorProto.

  In TensorFlow 2.0, representing tensors as protos should no longer be a
  common workflow. That said, this utility function is still useful for
  generating TF Serving request protos:

  ```python
    request = tensorflow_serving.apis.predict_pb2.PredictRequest()
    request.model_spec.name = ""my_model""
    request.model_spec.signature_name = ""serving_default""
    request.inputs[""images""].CopyFrom(tf.make_tensor_proto(X_new))
  ```

  `make_tensor_proto` accepts ""values"" of a python scalar, a python list, a
  numpy ndarray, or a numpy scalar.

  If ""values"" is a python scalar or a python list, make_tensor_proto
  first convert it to numpy ndarray. If dtype is None, the
  conversion tries its best to infer the right numpy data
  type. Otherwise, the resulting numpy array has a compatible data
  type with the given dtype.

  In either case above, the numpy ndarray (either the caller provided
  or the auto-converted) must have the compatible type with dtype.

  `make_tensor_proto` then converts the numpy array to a tensor proto.

  If ""shape"" is None, the resulting tensor proto represents the numpy
  array precisely.

  Otherwise, ""shape"" specifies the tensor's shape and the numpy array
  can not have more elements than what ""shape"" specifies.

  Args:
    values:         Values to put in the TensorProto.
    dtype:          Optional tensor_pb2 DataType value.
    shape:          List of integers representing the dimensions of tensor.
    verify_shape:   Boolean that enables verification of a shape of values.
    allow_broadcast:  Boolean that enables allowing scalars and 1 length vector
        broadcasting. Cannot be true when verify_shape is true.

  Returns:
    A `TensorProto`. Depending on the type, it may contain data in the
    ""tensor_content"" attribute, which is not directly useful to Python programs.
    To access the values you should convert the proto back to a numpy ndarray
    with `tf.make_ndarray(proto)`.

    If `values` is a `TensorProto`, it is immediately returned; `dtype` and
    `shape` are ignored.

  Raises:
    TypeError:  if unsupported types are provided.
    ValueError: if arguments have inappropriate values or if verify_shape is
     True and shape of values is not equals to a shape from the argument.

  "
tensorflow._api.v2.compat.v2.not_equal,"Returns the truth value of (x != y) element-wise.

  Performs a [broadcast](
  https://docs.scipy.org/doc/numpy/user/basics.broadcasting.html) with the
  arguments and then an element-wise inequality comparison, returning a Tensor
  of boolean values.

  For example:

  >>> x = tf.constant([2, 4])
  >>> y = tf.constant(2)
  >>> tf.math.not_equal(x, y)
  <tf.Tensor: shape=(2,), dtype=bool, numpy=array([False,  True])>

  >>> x = tf.constant([2, 4])
  >>> y = tf.constant([2, 4])
  >>> tf.math.not_equal(x, y)
  <tf.Tensor: shape=(2,), dtype=bool, numpy=array([False,  False])>

  Args:
    x: A `tf.Tensor`.
    y: A `tf.Tensor`.
    name: A name for the operation (optional).

  Returns:
    A `tf.Tensor` of type bool with the same size as that of x or y.

  Raises:
    `tf.errors.InvalidArgumentError`: If shapes of arguments are incompatible
  "
tensorflow._api.v2.compat.v2.required_space_to_batch_paddings,"Calculate padding required to make block_shape divide input_shape.

  This function can be used to calculate a suitable paddings argument for use
  with space_to_batch_nd and batch_to_space_nd.

  Args:
    input_shape: int32 Tensor of shape [N].
    block_shape: int32 Tensor of shape [N].
    base_paddings: Optional int32 Tensor of shape [N, 2].  Specifies the minimum
      amount of padding to use.  All elements must be >= 0.  If not specified,
      defaults to 0.
    name: string.  Optional name prefix.

  Returns:
    (paddings, crops), where:

    `paddings` and `crops` are int32 Tensors of rank 2 and shape [N, 2]
    satisfying:

        paddings[i, 0] = base_paddings[i, 0].
        0 <= paddings[i, 1] - base_paddings[i, 1] < block_shape[i]
        (input_shape[i] + paddings[i, 0] + paddings[i, 1]) % block_shape[i] == 0

        crops[i, 0] = 0
        crops[i, 1] = paddings[i, 1] - base_paddings[i, 1]

  Raises: ValueError if called with incompatible shapes.
  "
tensorflow._api.v2.data.Options,"Represents options for `tf.data.Dataset`.

  A `tf.data.Options` object can be, for instance, used to control which static
  optimizations to apply to the input pipeline graph or whether to use
  performance modeling to dynamically tune the parallelism of operations such as
  `tf.data.Dataset.map` or `tf.data.Dataset.interleave`.

  The options are set for the entire dataset and are carried over to datasets
  created through tf.data transformations.

  The options can be set by constructing an `Options` object and using the
  `tf.data.Dataset.with_options(options)` transformation, which returns a
  dataset with the options set.

  >>> dataset = tf.data.Dataset.range(42)
  >>> options = tf.data.Options()
  >>> options.deterministic = False
  >>> dataset = dataset.with_options(options)
  >>> print(dataset.options().deterministic)
  False

  Note: A known limitation of the `tf.data.Options` implementation is that the
  options are not preserved across tf.function boundaries. In particular, to
  set options for a dataset that is iterated within a tf.function, the options
  need to be set within the same tf.function.
  "
tensorflow._api.v2.data.experimental.to_variant,"Returns a variant representing the given dataset.

  Args:
    dataset: A `tf.data.Dataset`.

  Returns:
    A scalar `tf.variant` tensor representing the given dataset.
  "
tensorflow.python.eager.context.Context.check_alive,"Checks whether a remote worker is alive or not.

    Args:
      worker_name: a string representing the remote worker. It must be a fully
        specified name like ""/job:worker/replica:0/task:0"".

    Returns:
      a boolean indicating whether the remote worker is alive or not.

    Raises:
      ValueError: if context is not initialized.
    "
tensorflow.python.eager.context.Context.device,"Context-manager to force placement of operations and Tensors on a device.

    Args:
      name: Name of the device or None to get default placement.

    Returns:
      Context manager that forces device placement.

    Raises:
      ValueError: If name is not a string or is an invalid device name.
      RuntimeError: If device scopes are not properly nested.
    "
tensorflow.python.eager.context.Context.get_device_details,"Returns details about a physical devices.

    Args:
      device: A `tf.config.PhysicalDevice` returned by
        `tf.config.list_physical_devices` or `tf.config.get_visible_devices`.

    Returns:
      A dict with string keys.
    "
tensorflow.python.eager.context.Context.get_task_states,"Get task states from the Coordination Service.

    Args:
      job_configs: A list of tuples of job name and task number.

    Returns:
      A list of TF_Status.
    "
tensorflow.python.eager.context.Context.list_physical_devices,"List local devices visible to the system.

    This API allows a client to query the devices before they have been
    initialized by the eager runtime. Additionally a user can filter by device
    type, to get only CPUs or GPUs.

    Args:
      device_type: Optional device type to limit results to

    Returns:
      List of PhysicalDevice objects.
    "
tensorflow.python.eager.context.Context.pack_eager_tensors,"Pack multiple `EagerTensor`s of the same dtype and shape.

    Args:
      tensors: a list of EagerTensors to pack.

    Returns:
      A packed EagerTensor.
    "
tensorflow.python.util.tf_stack.StackSummary.get_user_frames,"get_user_frames(self: tensorflow.python.util._tf_stack.StackTrace) -> tensorflow.python.util._tf_stack.StackTrace

Returns the non-framework frames as a new trace object.
"
tensorflow.python.util.compat.as_bytes,"Converts `bytearray`, `bytes`, or unicode python input types to `bytes`.

  Uses utf-8 encoding for text by default.

  Args:
    bytes_or_text: A `bytearray`, `bytes`, `str`, or `unicode` object.
    encoding: A string indicating the charset for encoding unicode.

  Returns:
    A `bytes` object.

  Raises:
    TypeError: If `bytes_or_text` is not a binary or unicode string.
  "
tensorflow.python.util.compat.as_text,"Converts any string-like python input types to unicode.

  Returns the input as a unicode string. Uses utf-8 encoding for text
  by default.

  Args:
    bytes_or_text: A `bytes`, `str`, or `unicode` object.
    encoding: A string indicating the charset for decoding unicode.

  Returns:
    A `unicode` (Python 2) or `str` (Python 3) object.

  Raises:
    TypeError: If `bytes_or_text` is not a binary or unicode string.
  "
tensorflow.python.framework.c_api_util.tf_output,"Returns a wrapped TF_Output with specified operation and index.

  Args:
    c_op: wrapped TF_Operation
    index: integer

  Returns:
    Wrapped TF_Output
  "
tensorflow.python.util.tf_inspect.getdoc,"TFDecorator-aware replacement for inspect.getdoc.

  Args:
    object: An object, possibly decorated.

  Returns:
    The docstring associated with the object.

  The outermost-decorated object is intended to have the most complete
  documentation, so the decorated parameter is not unwrapped.
  "
tensorflow.python.util.tf_inspect.isanytargetmethod,"Checks if `object` or a TF Decorator wrapped target contains self or cls.

  This function could be used along with `tf_inspect.getfullargspec` to
  determine if the first argument of `object` argspec is self or cls. If the
  first argument is self or cls, it needs to be excluded from argspec when we
  compare the argspec to the input arguments and, if provided, the tf.function
  input_signature.

  Like `tf_inspect.getfullargspec` and python `inspect.getfullargspec`, it
  does not unwrap python decorators.

  Args:
    obj: An method, function, or functool.partial, possibly decorated by
    TFDecorator.

  Returns:
    A bool indicates if `object` or any target along the chain of TF decorators
    is a method.
  "
tensorflow.python.types.trace.TraceType,"Represents the type of object(s) for tf.function tracing purposes.

  `TraceType` is an abstract class that other classes might inherit from to
  provide information regarding associated class(es) for the purposes of
  tf.function tracing. The typing logic provided through this mechanism will be
  used to make decisions regarding usage of cached concrete functions and
  retracing.

  For example, if we have the following tf.function and classes:
  ```python
  @tf.function
  def get_mixed_flavor(fruit_a, fruit_b):
    return fruit_a.flavor + fruit_b.flavor

  class Fruit:
    flavor = tf.constant([0, 0])

  class Apple(Fruit):
    flavor = tf.constant([1, 2])

  class Mango(Fruit):
    flavor = tf.constant([3, 4])
  ```

  tf.function does not know when to re-use an existing concrete function in
  regards to the `Fruit` class so naively it retraces for every new instance.
  ```python
  get_mixed_flavor(Apple(), Mango()) # Traces a new concrete function
  get_mixed_flavor(Apple(), Mango()) # Traces a new concrete function again
  ```

  However, we, as the designers of the `Fruit` class, know that each subclass
  has a fixed flavor and we can reuse an existing traced concrete function if
  it was the same subclass. Avoiding such unnecessary tracing of concrete
  functions can have significant performance benefits.

  ```python
  class FruitTraceType(tf.types.experimental.TraceType):
    def __init__(self, fruit):
      self.fruit_type = type(fruit)
      self.fruit_value = fruit

    def is_subtype_of(self, other):
       return (type(other) is FruitTraceType and
               self.fruit_type is other.fruit_type)

    def most_specific_common_supertype(self, others):
       return self if all(self == other for other in others) else None

    def placeholder_value(self, placeholder_context=None):
      return self.fruit_value

  class Fruit:

   def __tf_tracing_type__(self, context):
     return FruitTraceType(self)
  ```

  Now if we try calling it again:
  ```python
  get_mixed_flavor(Apple(), Mango()) # Traces a new concrete function
  get_mixed_flavor(Apple(), Mango()) # Re-uses the traced concrete function
  ```
  "
tensorflow.core.function.trace_type.Weakref.from_tensors,"Generates a value of this type from Tensors.

    Must use the same fixed amount of tensors as `to_tensors`.

    Args:
      tensors: An iterator from which the tensors can be pulled.

    Returns:
      A value of this type.
    "
tensorflow.core.function.trace_type.Weakref.to_tensors,"Breaks down a value of this type into Tensors.

    For a TraceType instance, the number of tensors generated for corresponding
    value should be constant.

    Args:
      value: A value belonging to this TraceType

    Returns:
      List of Tensors.
    "
tensorflow.core.function.trace_type.default_types.Literal.from_tensors,"Generates a value of this type from Tensors.

    Must use the same fixed amount of tensors as `to_tensors`.

    Args:
      tensors: An iterator from which the tensors can be pulled.

    Returns:
      A value of this type.
    "
tensorflow.core.function.trace_type.default_types.Literal.to_tensors,"Breaks down a value of this type into Tensors.

    For a TraceType instance, the number of tensors generated for corresponding
    value should be constant.

    Args:
      value: A value belonging to this TraceType

    Returns:
      List of Tensors.
    "
tensorflow.python.eager.execute.record_gradient,"Explicitly record the gradient for a given op.

  Args:
    op_name: The op name as listed in the `OpDef` for the op.
    inputs: A list of tensor inputs to the op.
    attrs: The op attributes as a flattened list of alternating attribute names
      and attribute values.
    outputs: A list of tensor outputs from the op.
  "
tensorflow.python.framework.tensor_conversion_registry.get,"Get conversion function for objects of `cls`.

  Args:
    query: The type to query for.

  Returns:
    A list of conversion functions in increasing order of priority.
  "
tensorflow.python.framework.tensor_shape.as_dimension,"Converts the given value to a Dimension.

  A Dimension input will be returned unmodified.
  An input of `None` will be converted to an unknown Dimension.
  An integer input will be converted to a Dimension with that value.

  Args:
    value: The value to be converted.

  Returns:
    A Dimension corresponding to the given value.
  "
tensorflow.python.saved_model.nested_structure_coder.can_encode,"Determines whether a nested structure can be encoded into a proto.

  Args:
    nested_structure: Structure to encode.

  Returns:
    True if the nested structured can be encoded.
  "
tensorflow.python.saved_model.nested_structure_coder.decode_proto,"Decodes proto representing a nested structure.

  Args:
    proto: Proto to decode.

  Returns:
    Decoded structure.

  Raises:
    NotEncodableError: For values for which there are no encoders.
  "
tensorflow.python.saved_model.nested_structure_coder.encode_structure,"Encodes nested structures composed of encodable types into a proto.

  Args:
    nested_structure: Structure to encode.

  Returns:
    Encoded proto.

  Raises:
    NotEncodableError: For values for which there are no encoders.
  "
tensorflow.python.util.nest.flatten_with_tuple_paths,"Returns a list of `(tuple_path, atom)` tuples.

  The order of pairs produced matches that of `nest.flatten`. This allows you
  to flatten a nested structure while keeping information about where in the
  structure each atom was located. See `nest.yield_flat_paths`
  for more information about tuple paths.

  Args:
    structure: the nested structure to flatten.
    expand_composites: If true, then composite tensors such as
      `tf.sparse.SparseTensor` and `tf.RaggedTensor` are expanded into their
      component tensors.

  Returns:
    A list of `(tuple_path, atom)` tuples. Each `tuple_path` is a tuple
    of indices and/or dictionary keys that uniquely specify the path to
    `atom` within `structure`.
  "
tensorflow.python.util.nest.is_namedtuple,"Returns True iff `instance` is a `namedtuple`.

  Args:
    instance: An instance of a Python object.
    strict: If True, `instance` is considered to be a `namedtuple` only if it is
      a ""plain"" namedtuple. For instance, a class inheriting from a `namedtuple`
      will be considered to be a `namedtuple` iff `strict=False`.

  Returns:
    True if `instance` is a `namedtuple`.
  "
tensorflow.python.util.nest.is_nested,"Returns true if its input is a nested structure.

  Refer to [tf.nest](https://www.tensorflow.org/api_docs/python/tf/nest)
  for the definition of a nested structure.

  Args:
    seq: the value to test.

  Returns:
    True if the input is a nested structure.
  "
tensorflow.python.util.nest.is_nested_or_composite,"Returns true if its input is a nested structure or a composite.

  Refer to [tf.nest](https://www.tensorflow.org/api_docs/python/tf/nest)
  for the definition of a nested structure.

  Args:
    seq: the value to test.

  Returns:
    True if the input is a nested structure or a composite.
  "
tensorflow.python.util.nest_util.is_namedtuple,"Returns True iff `instance` is a `namedtuple`.

  Args:
    instance: An instance of a Python object.
    strict: If True, `instance` is considered to be a `namedtuple` only if it is
      a ""plain"" namedtuple. For instance, a class inheriting from a `namedtuple`
      will be considered to be a `namedtuple` iff `strict=False`.

  Returns:
    True if `instance` is a `namedtuple`.
  "
tensorflow.python.util.nest_util.is_nested,"Returns true if its input is a nested structure.

  For Modality.CORE refer to
  [tf.nest](https://www.tensorflow.org/api_docs/python/tf/nest)
  for the definition of a nested structure.

  Args:
    modality: enum value of supported modality [Modality.CORE or Modality.DATA]
    structure: the value to test.

  Returns:
    True if the input is a nested structure.
  "
tensorflow.python.util.nest_util.sequence_like,"Converts the sequence `args` to the same type as `instance`.

  Args:
    instance: an instance of `tuple`, `list`, `namedtuple`, `dict`,
      `collections.OrderedDict`, or `composite_tensor.Composite_Tensor` or
      `type_spec.TypeSpec`.
    args: items to be converted to the `instance` type.

  Returns:
    `args` with the type of `instance`.
  "
tensorflow.python.framework.tensor_shape.unknown_shape,"Returns an unknown TensorShape, optionally with a known rank.

  Args:
    rank: (Optional) If specified, the number of dimensions in the shape.
    **kwargs: For backwards compatibility.

  Returns:
    An unknown TensorShape.

  Raises:
    TypeError: In case of invalid arguments.
  "
tensorflow.python.eager.context.is_custom_device,"Calls TFE_IsCustomDevice.

  Enables using C extensions specifying a custom device from Python. See the
  experimental eager C API in tensorflow/c/eager/c_api_experimental.h for
  details.

  Args:
    device_name: A string indicating the name to check whether it is a
      registered custom device.

  Returns:
    A boolean.
  "
tensorflow.dtensor.python.accelerator_util.initialize_accelerator_system,"Initializes accelerators and communication fabrics for DTensor.

  DTensor configures TensorFlow to run in the local mode or multi-client mode.
  - In local mode, a mesh can only use devices attached to the current process.
  - In multi-client mode, a mesh can span across devices from multiple clients.

  If `DTENSOR_JOBS` is non-empty, DTensor configures TensorFlow to run in the
  multi-client mode using the distributed runtime. In multi-client mode devices
  on different clients can communicate with each other.

  The following environment variables controls the behavior of this function.

  - `DTENSOR_JOBS`: string, a comma separated list. Each item in the list is
      of format `{hostname}:{port}`. If empty, DTensor runs in the local mode.
      Examples of valid `DTENSOR_JOBS` values:
      - 4 clients on localhost:
        `localhost:10000,localhost:10001,localhost:10002,localhost:10003`
      - 2 clients on host1, 2 clients on host2
        `host1:10000,host1:10001,host2:10000,host2:10003`
      If the hostnames are BNS addresses, the items must be sorted in
      alphabetical order.
  - `DTENSOR_CLIENT_ID`: integer, between `0` to `num_clients - 1`, to identify
      the client id of the current process. The default value is `0`.
  - `DTENSOR_JOB_NAME`: string, a string for the name of the TensorFlow job.
      The job name controls the job name section of the TensorFlow DeviceSpecs,
      e.g., `job:worker` in `/job:worker/replica:0/task:0/device:TPU:0` when
      the job name is `worker`.
      The default value is `localhost` in local mode, and
      `worker` when in the multi-client mode. All DTensor clients within the
      same multi-client cluster share the same job name.
  - `DTENSOR_USE_PARALLEL_EXECUTOR`: string, with its value being `pw` to
      specify that the backend is Pathways, and TensorFlow otherwise.

  Args:
    device_type: Type of accelerator to use, can be CPU, GPU, or TPU. If None,
      uses `tf.experimental.dtensor.preferred_device_type()`.
    enable_coordination_service: If true, enable distributed coordination
      service to make sure that workers know the devices on each other, when
      there is more than 1 client.
    num_logical_cpu_devices: the number of logical CPU devices per DTensor
      client. Default to the current number of logical CPU
      (`dtensor.num_local_devices(""CPU"")`),when `device_type` is CPU, otherwise
      set automatially to match the number of local GPU/TPU devices.
    experimental_reset_context: Reset the tensorflow context. Behaviors of
      existing TensorFlow objects (e.g. Tensors) are undefined. Set this to True
      as an escape hatch, if there is no clear way to refactor your code to call
      initialize_accelerator_system() before calling TensorFlow APIs that
      initialize the context.
    experimental_enable_megcore: Optionally enable megcore in backend.

  Returns:
    device_type: the type of accelerator that was initialized.
  "
tensorflow.python.util.dispatch.get_compatible_func,"Returns a compatible function.

  Args:
    op: a callable with whose signature the returned function is compatible.
    func: a callable which is called by the returned function.

  Returns:
    a compatible function, which conducts the actions of `func` but can
    be called like `op`, given that:
      - the list of required arguments in `func` and `op` are the same.
      - there is no override of the default arguments of `op` that are not
        supported by `func`.
  "
tensorflow.python.framework.ops.convert_n_to_tensor,"Converts `values` to a list of `Tensor` objects.

  Args:
    values: A list of objects that can be consumed by `tf.convert_to_tensor()`.
    dtype: (Optional.) The required `DType` of the returned `Tensor` objects.
    name: (Optional.) A name prefix to used when a new `Tensor` is created, in
      which case element `i` will be given the name `name + '_' + i`.
    preferred_dtype: Optional element type for the returned tensors, used when
      dtype is None. In some cases, a caller may not have a dtype in mind when
      converting to a tensor, so preferred_dtype can be used as a soft
      preference.  If the conversion to `preferred_dtype` is not possible, this
      argument has no effect.

  Returns:
    A list of `Tensor` and/or `IndexedSlices` objects.

  Raises:
    TypeError: If no conversion function is registered for an element in
      `values`.
    RuntimeError: If a registered conversion function returns an invalid
      value.
  "
tensorflow.python.framework.ops.convert_n_to_tensor_or_composite,"Converts `values` to a list of `Output` or `CompositeTensor` objects.

  Any `CompositeTensor` objects in `values` are returned unmodified.

  Args:
    values: A list of `None`, `CompositeTensor``, or objects that can be
      consumed by `convert_to_tensor()`.
    dtype: (Optional.) The required `DType` of the returned `Tensor`s or
      `CompositeTensor`s.
    name: (Optional.) A name prefix to used when a new `Tensor` is created, in
      which case element `i` will be given the name `name + '_' + i`.

  Returns:
    A list of `Tensor` and/or `CompositeTensor` objects.

  Raises:
    TypeError: If no conversion function is registered for an element in
      `values`.
    RuntimeError: If a registered conversion function returns an invalid
      value.
  "
tensorflow.python.framework.ops.get_stats_for_node_def,"Looks up the node's statistics function in the registry and calls it.

  This function takes a Graph object and a NodeDef from a GraphDef, and if
  there's an associated statistics method, calls it and returns a result. If no
  function has been registered for the particular node type, it returns an empty
  statistics object.

  Args:
    graph: A Graph object that's been set up with the node's graph.
    node: A NodeDef describing the operator.
    statistic_type: A string identifying the statistic we're interested in.

  Returns:
    An OpStats object containing information about resource usage.
  "
tensorflow.python.framework.ops.internal_convert_n_to_tensor,"Converts `values` to a list of `Tensor` objects.

  Args:
    values: A list of objects that can be consumed by `tf.convert_to_tensor()`.
    dtype: (Optional.) The required `DType` of the returned `Tensor` objects.
    name: (Optional.) A name prefix to used when a new `Tensor` is created, in
      which case element `i` will be given the name `name + '_' + i`.
    as_ref: True if the caller wants the results as ref tensors.
    preferred_dtype: Optional element type for the returned tensors, used when
      dtype is None. In some cases, a caller may not have a dtype in mind when
      converting to a tensor, so preferred_dtype can be used as a soft
      preference.  If the conversion to `preferred_dtype` is not possible, this
      argument has no effect.
    ctx: Unused. Present for API backwards compatibility.

  Returns:
    A list of `Tensor` and/or `IndexedSlices` objects.

  Raises:
    TypeError: If no conversion function is registered for an element in
      `values`.
    RuntimeError: If a registered conversion function returns an invalid
      value.
  "
tensorflow.python.framework.ops.internal_convert_n_to_tensor_or_composite,"Converts `values` to a list of `Tensor` or `CompositeTensor` objects.

  Any `CompositeTensor` objects in `values` are returned unmodified.

  Args:
    values: A list of `None`, `CompositeTensor`, or objects that can be consumed
      by `convert_to_tensor()`.
    dtype: (Optional.) The required `DType` of the returned `Tensor`s or
      `CompositeTensor`s.
    name: (Optional.) A name prefix to used when a new `Tensor` is created, in
      which case element `i` will be given the name `name + '_' + i`.
    as_ref: True if the caller wants the results as ref tensors.

  Returns:
    A list of `Tensor`, `CompositeTensor`, and/or `None` objects.

  Raises:
    TypeError: If no conversion function is registered for an element in
      `values`.
    RuntimeError: If a registered conversion function returns an invalid
      value.
  "
tensorflow.python.framework.ops.pack_eager_tensors,"Pack multiple `EagerTensor`s of the same dtype and shape.

  Args:
    tensors: a list of EagerTensors to pack.
    ctx: context.context().

  Returns:
    A packed EagerTensor.
  "
tensorflow.python.framework.ops.prepend_name_scope,"Prepends name scope to a name.

  Args:
    name: A `string` name.
    import_scope: Optional `string`. Name scope to add.

  Returns:
    Name with name scope added, or the original name if import_scope
    is None.
  "
tensorflow.python.eager.record.should_record_backprop,"Returns true if any tape in the stack watches any of these tensors.

  Only takes GradientTapes into account, not forward accumulators.

  Args:
    tensors: Tensors to check, typically inputs to an operation.

  Returns:
    Boolean, whether any tape watches any of `tensors`.
  "
tensorflow.python.framework.registry.Registry.lookup,"Looks up ""name"".

    Args:
      name: a string specifying the registry key for the candidate.
    Returns:
      Registered object if found
    Raises:
      LookupError: if ""name"" has not been registered.
    "
tensorflow.python.framework.ops.strip_name_scope,"Removes name scope from a name.

  Args:
    name: A `string` name.
    export_scope: Optional `string`. Name scope to remove.

  Returns:
    Name with name scope removed, or the original name if export_scope
    is None.
  "
tensorflow.python.framework.tensor.DenseSpec.placeholder_value,"Value used for tracing a function signature with this TraceType.

    WARNING: Do not override.

    Args:
      placeholder_context: A class container for context information when
        creating a placeholder value.

    Returns:
      A `CompositeTensor` placeholder whose components are recursively composed
        of placeholders themselves.
    "
tensorflow.python.framework.common_shapes.broadcast_shape,"Returns the broadcasted shape between `shape_x` and `shape_y`.

  Args:
    shape_x: A `TensorShape`
    shape_y: A `TensorShape`

  Returns:
    A `TensorShape` representing the broadcasted shape.

  Raises:
    ValueError: If the two shapes can not be broadcasted.
  "
tensorflow.python.framework.common_shapes.is_broadcast_compatible,"Returns True if `shape_x` and `shape_y` are broadcast compatible.

  Args:
    shape_x: A `TensorShape`
    shape_y: A `TensorShape`

  Returns:
    True if a shape exists that both `shape_x` and `shape_y` can be broadcasted
    to.  False otherwise.
  "
tensorflow.python.framework.tensor.get_op_name,"Extract the Op name from a Tensor name.

  The Op name is everything before a colon, if present,
  not including any ^ prefix denoting a control dependency.

  Args:
    tensor_name: the full name of a Tensor in the graph.
  Returns:
    The name of the Op of which the given Tensor is an output.
  Raises:
    ValueError: if tensor_name is None or empty.
  "
tensorflow.python.framework.tensor.sanitize_spec_name,"Sanitizes Spec names. Matches Graph Node and Python naming conventions.

  Without sanitization, names that are not legal Python parameter names can be
  set which makes it challenging to represent callables supporting the named
  calling capability.

  Args:
    name: The name to sanitize.

  Returns:
    A string that meets Python parameter conventions.
  "
tensorflow.python.framework.tensor_util.ShapeEquals,"Returns True if ""tensor_proto"" has the given ""shape"".

  Args:
    tensor_proto: A TensorProto.
    shape: A tensor shape, expressed as a TensorShape, list, or tuple.

  Returns:
    True if ""tensor_proto"" has the given ""shape"", otherwise False.

  Raises:
    TypeError: If ""tensor_proto"" is not a TensorProto, or shape is not a
      TensorShape, list, or tuple.
  "
tensorflow.python.framework.tensor_util.TensorShapeProtoToList,"Convert a TensorShape to a list.

  Args:
    shape: A TensorShapeProto.

  Returns:
    List of integers representing the dimensions of the tensor.
  "
tensorflow.python.framework.tensor_util.make_tensor_proto,"Create a TensorProto.

  In TensorFlow 2.0, representing tensors as protos should no longer be a
  common workflow. That said, this utility function is still useful for
  generating TF Serving request protos:

  ```python
    request = tensorflow_serving.apis.predict_pb2.PredictRequest()
    request.model_spec.name = ""my_model""
    request.model_spec.signature_name = ""serving_default""
    request.inputs[""images""].CopyFrom(tf.make_tensor_proto(X_new))
  ```

  `make_tensor_proto` accepts ""values"" of a python scalar, a python list, a
  numpy ndarray, or a numpy scalar.

  If ""values"" is a python scalar or a python list, make_tensor_proto
  first convert it to numpy ndarray. If dtype is None, the
  conversion tries its best to infer the right numpy data
  type. Otherwise, the resulting numpy array has a compatible data
  type with the given dtype.

  In either case above, the numpy ndarray (either the caller provided
  or the auto-converted) must have the compatible type with dtype.

  `make_tensor_proto` then converts the numpy array to a tensor proto.

  If ""shape"" is None, the resulting tensor proto represents the numpy
  array precisely.

  Otherwise, ""shape"" specifies the tensor's shape and the numpy array
  can not have more elements than what ""shape"" specifies.

  Args:
    values:         Values to put in the TensorProto.
    dtype:          Optional tensor_pb2 DataType value.
    shape:          List of integers representing the dimensions of tensor.
    verify_shape:   Boolean that enables verification of a shape of values.
    allow_broadcast:  Boolean that enables allowing scalars and 1 length vector
        broadcasting. Cannot be true when verify_shape is true.

  Returns:
    A `TensorProto`. Depending on the type, it may contain data in the
    ""tensor_content"" attribute, which is not directly useful to Python programs.
    To access the values you should convert the proto back to a numpy ndarray
    with `tf.make_ndarray(proto)`.

    If `values` is a `TensorProto`, it is immediately returned; `dtype` and
    `shape` are ignored.

  Raises:
    TypeError:  if unsupported types are provided.
    ValueError: if arguments have inappropriate values or if verify_shape is
     True and shape of values is not equals to a shape from the argument.

  "
tensorflow.python.framework.tensor_util.try_evaluate_constant,"Evaluates a symbolic tensor as a constant.

  Args:
    tensor: a symbolic Tensor.

  Returns:
    ndarray if the evaluation succeeds, or None if it fails.
  "
tensorflow.python.framework.type_spec.BatchableTypeSpec.placeholder_value,"Value used for tracing a function signature with this TraceType.

    WARNING: Do not override.

    Args:
      placeholder_context: A class container for context information when
        creating a placeholder value.

    Returns:
      A `CompositeTensor` placeholder whose components are recursively composed
        of placeholders themselves.
    "
tensorflow.python.framework.type_spec.TypeSpecBatchEncoder.batch,"Returns the TypeSpec representing a batch of values described by `spec`.

    Args:
      spec: The `TypeSpec` for an individual value.
      batch_size: An `int` indicating the number of values that are batched
        together, or `None` if the batch size is not known.

    Returns:
      A `TypeSpec` for a batch of values.
    "
tensorflow.python.framework.ops.value_text,"Either the NumPy value or a custom TensorFlow formatting of `tensor`.

  Custom formatting is used for custom device tensors, e.g. parallel tensors
  with multiple components on different devices.

  Args:
    tensor: The tensor to format.
    is_repr: Controls the style/verbosity of formatting.

  Returns:
    The formatted tensor.
  "
tensorflow.python.util.dispatch.register_binary_elementwise_assert_api,"Decorator that registers a TensorFlow op as a binary elementwise assert API.

  Different from `dispatch_for_binary_elementwise_apis`, this decorator is used
  for assert apis, such as assert_equal, assert_none_equal, etc, which return
  None in eager mode and an op in graph mode.

  Args:
    func: The function that implements the binary elementwise assert API.

  Returns:
    `func`
  "
tensorflow.python.util.tf_export.get_v1_constants,"Get a list of TF 1.* constants in this module.

  Args:
    module: TensorFlow module.

  Returns:
    List of all API constants under the given module.
  "
tensorflow.python.util.tf_export.get_v1_names,"Get a list of TF 1.* names for this symbol.

  Args:
    symbol: symbol to get API names for.

  Returns:
    List of all API names for this symbol.
  "
tensorflow.python.util.tf_export.get_v2_constants,"Get a list of TF 2.0 constants in this module.

  Args:
    module: TensorFlow module.

  Returns:
    List of all API constants under the given module.
  "
tensorflow.python.util.tf_export.get_v2_names,"Get a list of TF 2.0 names for this symbol.

  Args:
    symbol: symbol to get API names for.

  Returns:
    List of all API names for this symbol.
  "
tensorflow.python.framework.constant_op.convert_to_eager_tensor,"Converts the given `value` to an `EagerTensor`.

  Note that this function could return cached copies of created constants for
  performance reasons.

  Args:
    value: value to convert to EagerTensor.
    ctx: value of context.context().
    dtype: optional desired dtype of the converted EagerTensor.

  Returns:
    EagerTensor created from value.

  Raises:
    TypeError: if `dtype` is not compatible with the type of t.
  "
tensorflow.dtensor.python.dtensor_device.DTensorDevice.fetch_layout,"Fetches the layout of the DTensor.

    Args:
      dtensor: The DTensor whose layout is to be fetched.

    Returns:
      The `Layout` of this DTensor.

    Raises:
      RuntimeError: When not called eagerly.
    "
tensorflow.dtensor.python.dtensor_device.DTensorDevice.is_dtensor,"Check whether the input tensor is a DTensor.

    In Python, a DTensor has the same type as a `tf.Tensor`. This method will
    let you check and handle the tensor differently if a tf.Tensor is a DTensor.

    Args:
      tensor: an object to be checked.

    Returns:
      bool, True if the given tensor is a DTensor.

    Raises:
      RuntimeError: When not called eagerly.
    "
tensorflow.dtensor.python.dtensor_device.DTensorDevice.tpu_core_ids_to_locations,"Translates TPU core IDs to TPU core locations.

    Args:
      tpu_core_ids: A list of TPU core IDs. Each one is an unsigned integer.

    Returns:
      A list of corresponding TPU core locations.
    "
tensorflow.dtensor.python.dtensor_device.DTensorDevice.tpu_core_locations_to_ids,"Translates TPU core locations to TPU core IDs.

    Args:
      tpu_core_locations: A list of TPU core locations. Each one is a list of
        four unsigned integers, [x, y, z, core].

    Returns:
      A list of corresponding TPU core IDs.
    "
tensorflow.python.ops.gen_math_ops.ArgMax,"Returns the index with the largest value across dimensions of a tensor.

  Note that in case of ties the identity of the return value is not guaranteed.

  Usage:
    ```python
    import tensorflow as tf
    a = [1, 10, 26.9, 2.8, 166.32, 62.3]
    b = tf.math.argmax(input = a)
    c = tf.keras.backend.eval(b)
    # c = 4
    # here a[4] = 166.32 which is the largest element of a across axis 0
    ```

  Args:
    input: A `Tensor`. Must be one of the following types: `float32`, `float64`, `int32`, `uint8`, `int16`, `int8`, `int64`, `bfloat16`, `uint16`, `half`, `uint32`, `uint64`, `qint8`, `quint8`, `qint32`, `qint16`, `quint16`, `bool`.
    dimension: A `Tensor`. Must be one of the following types: `int16`, `int32`, `int64`.
      int16, int32 or int64, must be in the range `[-rank(input), rank(input))`.
      Describes which dimension of the input Tensor to reduce across. For vectors,
      use dimension = 0.
    output_type: An optional `tf.DType` from: `tf.int16, tf.uint16, tf.int32, tf.int64`. Defaults to `tf.int64`.
    name: A name for the operation (optional).

  Returns:
    A `Tensor` of type `output_type`.
  "
tensorflow.python.ops.gen_math_ops.ArgMin,"Returns the index with the smallest value across dimensions of a tensor.

  Note that in case of ties the identity of the return value is not guaranteed.

  Usage:
    ```python
    import tensorflow as tf
    a = [1, 10, 26.9, 2.8, 166.32, 62.3]
    b = tf.math.argmin(input = a)
    c = tf.keras.backend.eval(b)
    # c = 0
    # here a[0] = 1 which is the smallest element of a across axis 0
    ```

  Args:
    input: A `Tensor`. Must be one of the following types: `float32`, `float64`, `int32`, `uint8`, `int16`, `int8`, `int64`, `bfloat16`, `uint16`, `half`, `uint32`, `uint64`, `qint8`, `quint8`, `qint32`, `qint16`, `quint16`, `bool`.
    dimension: A `Tensor`. Must be one of the following types: `int32`, `int64`.
      int32 or int64, must be in the range `[-rank(input), rank(input))`.
      Describes which dimension of the input Tensor to reduce across. For vectors,
      use dimension = 0.
    output_type: An optional `tf.DType` from: `tf.int32, tf.int64`. Defaults to `tf.int64`.
    name: A name for the operation (optional).

  Returns:
    A `Tensor` of type `output_type`.
  "
tensorflow.python.ops.gen_math_ops.Equal,"Returns the truth value of (x == y) element-wise.

  *NOTE*: `Equal` supports broadcasting. More about broadcasting
  [here](http://docs.scipy.org/doc/numpy/user/basics.broadcasting.html)

  ```python
  x = tf.constant([2, 4])
  y = tf.constant(2)
  tf.math.equal(x, y) ==> array([True, False])

  x = tf.constant([2, 4])
  y = tf.constant([2, 4])
  tf.math.equal(x, y) ==> array([True,  True])
  ```

  Args:
    x: A `Tensor`.
    y: A `Tensor`. Must have the same type as `x`.
    incompatible_shape_error: An optional `bool`. Defaults to `True`.
    name: A name for the operation (optional).

  Returns:
    A `Tensor` of type `bool`.
  "
tensorflow.python.ops.gen_math_ops.GreaterEqual,"Returns the truth value of (x >= y) element-wise.

  *NOTE*: `math.greater_equal` supports broadcasting. More about broadcasting
  [here](http://docs.scipy.org/doc/numpy/user/basics.broadcasting.html)

  Example:

  ```python
  x = tf.constant([5, 4, 6, 7])
  y = tf.constant([5, 2, 5, 10])
  tf.math.greater_equal(x, y) ==> [True, True, True, False]

  x = tf.constant([5, 4, 6, 7])
  y = tf.constant([5])
  tf.math.greater_equal(x, y) ==> [True, False, True, True]
  ```

  Args:
    x: A `Tensor`. Must be one of the following types: `float32`, `float64`, `int32`, `uint8`, `int16`, `int8`, `int64`, `bfloat16`, `uint16`, `half`, `uint32`, `uint64`.
    y: A `Tensor`. Must have the same type as `x`.
    name: A name for the operation (optional).

  Returns:
    A `Tensor` of type `bool`.
  "
tensorflow.python.ops.gen_math_ops.HistogramFixedWidth,"Return histogram of values.

  Given the tensor `values`, this operation returns a rank 1 histogram counting
  the number of entries in `values` that fall into every bin.  The bins are
  equal width and determined by the arguments `value_range` and `nbins`.

  ```python
  # Bins will be:  (-inf, 1), [1, 2), [2, 3), [3, 4), [4, inf)
  nbins = 5
  value_range = [0.0, 5.0]
  new_values = [-1.0, 0.0, 1.5, 2.0, 5.0, 15]

  with tf.get_default_session() as sess:
    hist = tf.histogram_fixed_width(new_values, value_range, nbins=5)
    variables.global_variables_initializer().run()
    sess.run(hist) => [2, 1, 1, 0, 2]
  ```

  Args:
    values: A `Tensor`. Must be one of the following types: `int32`, `int64`, `float32`, `float64`.
      Numeric `Tensor`.
    value_range: A `Tensor`. Must have the same type as `values`.
      Shape [2] `Tensor` of same `dtype` as `values`.
      values <= value_range[0] will be mapped to hist[0],
      values >= value_range[1] will be mapped to hist[-1].
    nbins: A `Tensor` of type `int32`.
      Scalar `int32 Tensor`.  Number of histogram bins.
    dtype: An optional `tf.DType` from: `tf.int32, tf.int64`. Defaults to `tf.int32`.
    name: A name for the operation (optional).

  Returns:
    A `Tensor` of type `dtype`.
  "
tensorflow.python.ops.gen_math_ops.LessEqual,"Returns the truth value of (x <= y) element-wise.

  *NOTE*: `math.less_equal` supports broadcasting. More about broadcasting
  [here](http://docs.scipy.org/doc/numpy/user/basics.broadcasting.html)

  Example:

  ```python
  x = tf.constant([5, 4, 6])
  y = tf.constant([5])
  tf.math.less_equal(x, y) ==> [True, True, False]

  x = tf.constant([5, 4, 6])
  y = tf.constant([5, 6, 6])
  tf.math.less_equal(x, y) ==> [True, True, True]
  ```

  Args:
    x: A `Tensor`. Must be one of the following types: `float32`, `float64`, `int32`, `uint8`, `int16`, `int8`, `int64`, `bfloat16`, `uint16`, `half`, `uint32`, `uint64`.
    y: A `Tensor`. Must have the same type as `x`.
    name: A name for the operation (optional).

  Returns:
    A `Tensor` of type `bool`.
  "
tensorflow.python.ops.gen_math_ops.NotEqual,"Returns the truth value of (x != y) element-wise.

  *NOTE*: `NotEqual` supports broadcasting. More about broadcasting
  [here](http://docs.scipy.org/doc/numpy/user/basics.broadcasting.html)

  Args:
    x: A `Tensor`.
    y: A `Tensor`. Must have the same type as `x`.
    incompatible_shape_error: An optional `bool`. Defaults to `True`.
    name: A name for the operation (optional).

  Returns:
    A `Tensor` of type `bool`.
  "
tensorflow.python.ops.gen_math_ops.arg_max,"Returns the index with the largest value across dimensions of a tensor.

  Note that in case of ties the identity of the return value is not guaranteed.

  Usage:
    ```python
    import tensorflow as tf
    a = [1, 10, 26.9, 2.8, 166.32, 62.3]
    b = tf.math.argmax(input = a)
    c = tf.keras.backend.eval(b)
    # c = 4
    # here a[4] = 166.32 which is the largest element of a across axis 0
    ```

  Args:
    input: A `Tensor`. Must be one of the following types: `float32`, `float64`, `int32`, `uint8`, `int16`, `int8`, `int64`, `bfloat16`, `uint16`, `half`, `uint32`, `uint64`, `qint8`, `quint8`, `qint32`, `qint16`, `quint16`, `bool`.
    dimension: A `Tensor`. Must be one of the following types: `int16`, `int32`, `int64`.
      int16, int32 or int64, must be in the range `[-rank(input), rank(input))`.
      Describes which dimension of the input Tensor to reduce across. For vectors,
      use dimension = 0.
    output_type: An optional `tf.DType` from: `tf.int16, tf.uint16, tf.int32, tf.int64`. Defaults to `tf.int64`.
    name: A name for the operation (optional).

  Returns:
    A `Tensor` of type `output_type`.
  "
tensorflow.python.ops.gen_math_ops.arg_min,"Returns the index with the smallest value across dimensions of a tensor.

  Note that in case of ties the identity of the return value is not guaranteed.

  Usage:
    ```python
    import tensorflow as tf
    a = [1, 10, 26.9, 2.8, 166.32, 62.3]
    b = tf.math.argmin(input = a)
    c = tf.keras.backend.eval(b)
    # c = 0
    # here a[0] = 1 which is the smallest element of a across axis 0
    ```

  Args:
    input: A `Tensor`. Must be one of the following types: `float32`, `float64`, `int32`, `uint8`, `int16`, `int8`, `int64`, `bfloat16`, `uint16`, `half`, `uint32`, `uint64`, `qint8`, `quint8`, `qint32`, `qint16`, `quint16`, `bool`.
    dimension: A `Tensor`. Must be one of the following types: `int32`, `int64`.
      int32 or int64, must be in the range `[-rank(input), rank(input))`.
      Describes which dimension of the input Tensor to reduce across. For vectors,
      use dimension = 0.
    output_type: An optional `tf.DType` from: `tf.int32, tf.int64`. Defaults to `tf.int64`.
    name: A name for the operation (optional).

  Returns:
    A `Tensor` of type `output_type`.
  "
tensorflow.python.ops.gen_math_ops.equal,"Returns the truth value of (x == y) element-wise.

  *NOTE*: `Equal` supports broadcasting. More about broadcasting
  [here](http://docs.scipy.org/doc/numpy/user/basics.broadcasting.html)

  ```python
  x = tf.constant([2, 4])
  y = tf.constant(2)
  tf.math.equal(x, y) ==> array([True, False])

  x = tf.constant([2, 4])
  y = tf.constant([2, 4])
  tf.math.equal(x, y) ==> array([True,  True])
  ```

  Args:
    x: A `Tensor`.
    y: A `Tensor`. Must have the same type as `x`.
    incompatible_shape_error: An optional `bool`. Defaults to `True`.
    name: A name for the operation (optional).

  Returns:
    A `Tensor` of type `bool`.
  "
tensorflow.python.ops.gen_math_ops.greater_equal,"Returns the truth value of (x >= y) element-wise.

  *NOTE*: `math.greater_equal` supports broadcasting. More about broadcasting
  [here](http://docs.scipy.org/doc/numpy/user/basics.broadcasting.html)

  Example:

  ```python
  x = tf.constant([5, 4, 6, 7])
  y = tf.constant([5, 2, 5, 10])
  tf.math.greater_equal(x, y) ==> [True, True, True, False]

  x = tf.constant([5, 4, 6, 7])
  y = tf.constant([5])
  tf.math.greater_equal(x, y) ==> [True, False, True, True]
  ```

  Args:
    x: A `Tensor`. Must be one of the following types: `float32`, `float64`, `int32`, `uint8`, `int16`, `int8`, `int64`, `bfloat16`, `uint16`, `half`, `uint32`, `uint64`.
    y: A `Tensor`. Must have the same type as `x`.
    name: A name for the operation (optional).

  Returns:
    A `Tensor` of type `bool`.
  "
tensorflow.python.ops.gen_math_ops.less_equal,"Returns the truth value of (x <= y) element-wise.

  *NOTE*: `math.less_equal` supports broadcasting. More about broadcasting
  [here](http://docs.scipy.org/doc/numpy/user/basics.broadcasting.html)

  Example:

  ```python
  x = tf.constant([5, 4, 6])
  y = tf.constant([5])
  tf.math.less_equal(x, y) ==> [True, True, False]

  x = tf.constant([5, 4, 6])
  y = tf.constant([5, 6, 6])
  tf.math.less_equal(x, y) ==> [True, True, True]
  ```

  Args:
    x: A `Tensor`. Must be one of the following types: `float32`, `float64`, `int32`, `uint8`, `int16`, `int8`, `int64`, `bfloat16`, `uint16`, `half`, `uint32`, `uint64`.
    y: A `Tensor`. Must have the same type as `x`.
    name: A name for the operation (optional).

  Returns:
    A `Tensor` of type `bool`.
  "
tensorflow.python.ops.gen_math_ops.not_equal,"Returns the truth value of (x != y) element-wise.

  *NOTE*: `NotEqual` supports broadcasting. More about broadcasting
  [here](http://docs.scipy.org/doc/numpy/user/basics.broadcasting.html)

  Args:
    x: A `Tensor`.
    y: A `Tensor`. Must have the same type as `x`.
    incompatible_shape_error: An optional `bool`. Defaults to `True`.
    name: A name for the operation (optional).

  Returns:
    A `Tensor` of type `bool`.
  "
tensorflow.python.ops.gen_sparse_ops.SparseReduceMax,"Computes the max of elements across dimensions of a SparseTensor.

  This Op takes a SparseTensor and is the sparse counterpart to
  `tf.reduce_max()`.  In particular, this Op also returns a dense `Tensor`
  instead of a sparse one.

  Reduces `sp_input` along the dimensions given in `reduction_axes`.  Unless
  `keep_dims` is true, the rank of the tensor is reduced by 1 for each entry in
  `reduction_axes`. If `keep_dims` is true, the reduced dimensions are retained
  with length 1.

  If `reduction_axes` has no entries, all dimensions are reduced, and a tensor
  with a single element is returned.  Additionally, the axes can be negative,
  which are interpreted according to the indexing rules in Python.

  Args:
    input_indices: A `Tensor` of type `int64`.
      2-D.  `N x R` matrix with the indices of non-empty values in a
      SparseTensor, possibly not in canonical ordering.
    input_values: A `Tensor`. Must be one of the following types: `float32`, `float64`, `int32`, `uint8`, `int16`, `int8`, `int64`, `bfloat16`, `uint16`, `half`, `uint32`, `uint64`.
      1-D.  `N` non-empty values corresponding to `input_indices`.
    input_shape: A `Tensor` of type `int64`.
      1-D.  Shape of the input SparseTensor.
    reduction_axes: A `Tensor` of type `int32`.
      1-D.  Length-`K` vector containing the reduction axes.
    keep_dims: An optional `bool`. Defaults to `False`.
      If true, retain reduced dimensions with length 1.
    name: A name for the operation (optional).

  Returns:
    A `Tensor`. Has the same type as `input_values`.
  "
tensorflow.python.ops.gen_sparse_ops.SparseReduceMaxSparse,"Computes the max of elements across dimensions of a SparseTensor.

  This Op takes a SparseTensor and is the sparse counterpart to
  `tf.reduce_max()`.  In contrast to SparseReduceMax, this Op returns a
  SparseTensor.

  Reduces `sp_input` along the dimensions given in `reduction_axes`.  Unless
  `keep_dims` is true, the rank of the tensor is reduced by 1 for each entry in
  `reduction_axes`. If `keep_dims` is true, the reduced dimensions are retained
  with length 1.

  If `reduction_axes` has no entries, all dimensions are reduced, and a tensor
  with a single element is returned.  Additionally, the axes can be negative,
  which are interpreted according to the indexing rules in Python.

  Args:
    input_indices: A `Tensor` of type `int64`.
      2-D.  `N x R` matrix with the indices of non-empty values in a
      SparseTensor, possibly not in canonical ordering.
    input_values: A `Tensor`. Must be one of the following types: `float32`, `float64`, `int32`, `uint8`, `int16`, `int8`, `int64`, `bfloat16`, `uint16`, `half`, `uint32`, `uint64`.
      1-D.  `N` non-empty values corresponding to `input_indices`.
    input_shape: A `Tensor` of type `int64`.
      1-D.  Shape of the input SparseTensor.
    reduction_axes: A `Tensor` of type `int32`.
      1-D.  Length-`K` vector containing the reduction axes.
    keep_dims: An optional `bool`. Defaults to `False`.
      If true, retain reduced dimensions with length 1.
    name: A name for the operation (optional).

  Returns:
    A tuple of `Tensor` objects (output_indices, output_values, output_shape).

    output_indices: A `Tensor` of type `int64`.
    output_values: A `Tensor`. Has the same type as `input_values`.
    output_shape: A `Tensor` of type `int64`.
  "
tensorflow.python.ops.gen_sparse_ops.SparseReduceSum,"Computes the sum of elements across dimensions of a SparseTensor.

  This Op takes a SparseTensor and is the sparse counterpart to
  `tf.reduce_sum()`.  In particular, this Op also returns a dense `Tensor`
  instead of a sparse one.

  Reduces `sp_input` along the dimensions given in `reduction_axes`.  Unless
  `keep_dims` is true, the rank of the tensor is reduced by 1 for each entry in
  `reduction_axes`. If `keep_dims` is true, the reduced dimensions are retained
  with length 1.

  If `reduction_axes` has no entries, all dimensions are reduced, and a tensor
  with a single element is returned.  Additionally, the axes can be negative,
  which are interpreted according to the indexing rules in Python.

  Args:
    input_indices: A `Tensor` of type `int64`.
      2-D.  `N x R` matrix with the indices of non-empty values in a
      SparseTensor, possibly not in canonical ordering.
    input_values: A `Tensor`. Must be one of the following types: `float32`, `float64`, `int32`, `uint8`, `int16`, `int8`, `complex64`, `int64`, `qint8`, `quint8`, `qint32`, `bfloat16`, `qint16`, `quint16`, `uint16`, `complex128`, `half`, `uint32`, `uint64`.
      1-D.  `N` non-empty values corresponding to `input_indices`.
    input_shape: A `Tensor` of type `int64`.
      1-D.  Shape of the input SparseTensor.
    reduction_axes: A `Tensor` of type `int32`.
      1-D.  Length-`K` vector containing the reduction axes.
    keep_dims: An optional `bool`. Defaults to `False`.
      If true, retain reduced dimensions with length 1.
    name: A name for the operation (optional).

  Returns:
    A `Tensor`. Has the same type as `input_values`.
  "
tensorflow.python.ops.gen_sparse_ops.SparseReduceSumSparse,"Computes the sum of elements across dimensions of a SparseTensor.

  This Op takes a SparseTensor and is the sparse counterpart to
  `tf.reduce_sum()`.  In contrast to SparseReduceSum, this Op returns a
  SparseTensor.

  Reduces `sp_input` along the dimensions given in `reduction_axes`.  Unless
  `keep_dims` is true, the rank of the tensor is reduced by 1 for each entry in
  `reduction_axes`. If `keep_dims` is true, the reduced dimensions are retained
  with length 1.

  If `reduction_axes` has no entries, all dimensions are reduced, and a tensor
  with a single element is returned.  Additionally, the axes can be negative,
  which are interpreted according to the indexing rules in Python.

  Args:
    input_indices: A `Tensor` of type `int64`.
      2-D.  `N x R` matrix with the indices of non-empty values in a
      SparseTensor, possibly not in canonical ordering.
    input_values: A `Tensor`. Must be one of the following types: `float32`, `float64`, `int32`, `uint8`, `int16`, `int8`, `complex64`, `int64`, `qint8`, `quint8`, `qint32`, `bfloat16`, `qint16`, `quint16`, `uint16`, `complex128`, `half`, `uint32`, `uint64`.
      1-D.  `N` non-empty values corresponding to `input_indices`.
    input_shape: A `Tensor` of type `int64`.
      1-D.  Shape of the input SparseTensor.
    reduction_axes: A `Tensor` of type `int32`.
      1-D.  Length-`K` vector containing the reduction axes.
    keep_dims: An optional `bool`. Defaults to `False`.
      If true, retain reduced dimensions with length 1.
    name: A name for the operation (optional).

  Returns:
    A tuple of `Tensor` objects (output_indices, output_values, output_shape).

    output_indices: A `Tensor` of type `int64`.
    output_values: A `Tensor`. Has the same type as `input_values`.
    output_shape: A `Tensor` of type `int64`.
  "
tensorflow.python.ops.gen_sparse_ops.sparse_reduce_max,"Computes the max of elements across dimensions of a SparseTensor.

  This Op takes a SparseTensor and is the sparse counterpart to
  `tf.reduce_max()`.  In particular, this Op also returns a dense `Tensor`
  instead of a sparse one.

  Reduces `sp_input` along the dimensions given in `reduction_axes`.  Unless
  `keep_dims` is true, the rank of the tensor is reduced by 1 for each entry in
  `reduction_axes`. If `keep_dims` is true, the reduced dimensions are retained
  with length 1.

  If `reduction_axes` has no entries, all dimensions are reduced, and a tensor
  with a single element is returned.  Additionally, the axes can be negative,
  which are interpreted according to the indexing rules in Python.

  Args:
    input_indices: A `Tensor` of type `int64`.
      2-D.  `N x R` matrix with the indices of non-empty values in a
      SparseTensor, possibly not in canonical ordering.
    input_values: A `Tensor`. Must be one of the following types: `float32`, `float64`, `int32`, `uint8`, `int16`, `int8`, `int64`, `bfloat16`, `uint16`, `half`, `uint32`, `uint64`.
      1-D.  `N` non-empty values corresponding to `input_indices`.
    input_shape: A `Tensor` of type `int64`.
      1-D.  Shape of the input SparseTensor.
    reduction_axes: A `Tensor` of type `int32`.
      1-D.  Length-`K` vector containing the reduction axes.
    keep_dims: An optional `bool`. Defaults to `False`.
      If true, retain reduced dimensions with length 1.
    name: A name for the operation (optional).

  Returns:
    A `Tensor`. Has the same type as `input_values`.
  "
tensorflow.python.ops.gen_sparse_ops.sparse_reduce_max_sparse,"Computes the max of elements across dimensions of a SparseTensor.

  This Op takes a SparseTensor and is the sparse counterpart to
  `tf.reduce_max()`.  In contrast to SparseReduceMax, this Op returns a
  SparseTensor.

  Reduces `sp_input` along the dimensions given in `reduction_axes`.  Unless
  `keep_dims` is true, the rank of the tensor is reduced by 1 for each entry in
  `reduction_axes`. If `keep_dims` is true, the reduced dimensions are retained
  with length 1.

  If `reduction_axes` has no entries, all dimensions are reduced, and a tensor
  with a single element is returned.  Additionally, the axes can be negative,
  which are interpreted according to the indexing rules in Python.

  Args:
    input_indices: A `Tensor` of type `int64`.
      2-D.  `N x R` matrix with the indices of non-empty values in a
      SparseTensor, possibly not in canonical ordering.
    input_values: A `Tensor`. Must be one of the following types: `float32`, `float64`, `int32`, `uint8`, `int16`, `int8`, `int64`, `bfloat16`, `uint16`, `half`, `uint32`, `uint64`.
      1-D.  `N` non-empty values corresponding to `input_indices`.
    input_shape: A `Tensor` of type `int64`.
      1-D.  Shape of the input SparseTensor.
    reduction_axes: A `Tensor` of type `int32`.
      1-D.  Length-`K` vector containing the reduction axes.
    keep_dims: An optional `bool`. Defaults to `False`.
      If true, retain reduced dimensions with length 1.
    name: A name for the operation (optional).

  Returns:
    A tuple of `Tensor` objects (output_indices, output_values, output_shape).

    output_indices: A `Tensor` of type `int64`.
    output_values: A `Tensor`. Has the same type as `input_values`.
    output_shape: A `Tensor` of type `int64`.
  "
tensorflow.python.ops.gen_sparse_ops.sparse_reduce_sum,"Computes the sum of elements across dimensions of a SparseTensor.

  This Op takes a SparseTensor and is the sparse counterpart to
  `tf.reduce_sum()`.  In particular, this Op also returns a dense `Tensor`
  instead of a sparse one.

  Reduces `sp_input` along the dimensions given in `reduction_axes`.  Unless
  `keep_dims` is true, the rank of the tensor is reduced by 1 for each entry in
  `reduction_axes`. If `keep_dims` is true, the reduced dimensions are retained
  with length 1.

  If `reduction_axes` has no entries, all dimensions are reduced, and a tensor
  with a single element is returned.  Additionally, the axes can be negative,
  which are interpreted according to the indexing rules in Python.

  Args:
    input_indices: A `Tensor` of type `int64`.
      2-D.  `N x R` matrix with the indices of non-empty values in a
      SparseTensor, possibly not in canonical ordering.
    input_values: A `Tensor`. Must be one of the following types: `float32`, `float64`, `int32`, `uint8`, `int16`, `int8`, `complex64`, `int64`, `qint8`, `quint8`, `qint32`, `bfloat16`, `qint16`, `quint16`, `uint16`, `complex128`, `half`, `uint32`, `uint64`.
      1-D.  `N` non-empty values corresponding to `input_indices`.
    input_shape: A `Tensor` of type `int64`.
      1-D.  Shape of the input SparseTensor.
    reduction_axes: A `Tensor` of type `int32`.
      1-D.  Length-`K` vector containing the reduction axes.
    keep_dims: An optional `bool`. Defaults to `False`.
      If true, retain reduced dimensions with length 1.
    name: A name for the operation (optional).

  Returns:
    A `Tensor`. Has the same type as `input_values`.
  "
tensorflow.python.ops.gen_sparse_ops.sparse_reduce_sum_sparse,"Computes the sum of elements across dimensions of a SparseTensor.

  This Op takes a SparseTensor and is the sparse counterpart to
  `tf.reduce_sum()`.  In contrast to SparseReduceSum, this Op returns a
  SparseTensor.

  Reduces `sp_input` along the dimensions given in `reduction_axes`.  Unless
  `keep_dims` is true, the rank of the tensor is reduced by 1 for each entry in
  `reduction_axes`. If `keep_dims` is true, the reduced dimensions are retained
  with length 1.

  If `reduction_axes` has no entries, all dimensions are reduced, and a tensor
  with a single element is returned.  Additionally, the axes can be negative,
  which are interpreted according to the indexing rules in Python.

  Args:
    input_indices: A `Tensor` of type `int64`.
      2-D.  `N x R` matrix with the indices of non-empty values in a
      SparseTensor, possibly not in canonical ordering.
    input_values: A `Tensor`. Must be one of the following types: `float32`, `float64`, `int32`, `uint8`, `int16`, `int8`, `complex64`, `int64`, `qint8`, `quint8`, `qint32`, `bfloat16`, `qint16`, `quint16`, `uint16`, `complex128`, `half`, `uint32`, `uint64`.
      1-D.  `N` non-empty values corresponding to `input_indices`.
    input_shape: A `Tensor` of type `int64`.
      1-D.  Shape of the input SparseTensor.
    reduction_axes: A `Tensor` of type `int32`.
      1-D.  Length-`K` vector containing the reduction axes.
    keep_dims: An optional `bool`. Defaults to `False`.
      If true, retain reduced dimensions with length 1.
    name: A name for the operation (optional).

  Returns:
    A tuple of `Tensor` objects (output_indices, output_values, output_shape).

    output_indices: A `Tensor` of type `int64`.
    output_values: A `Tensor`. Has the same type as `input_values`.
    output_shape: A `Tensor` of type `int64`.
  "
tensorflow.python.framework.sparse_tensor.is_sparse,"Check whether `x` is sparse.

  Check whether an object is a `tf.sparse.SparseTensor` or
  `tf.compat.v1.SparseTensorValue`.

  Args:
    x: A python object to check.

  Returns:
    `True` iff `x` is a `tf.sparse.SparseTensor` or
    `tf.compat.v1.SparseTensorValue`.
  "
tensorflow.dtensor.python.api.fetch_layout,"Fetches the layout of a DTensor.

  Args:
    tensor: The DTensor whose layout is to be fetched.

  Returns:
    The `Layout` of this DTensor.

  Raises:
    RuntimeError: When not called eagerly.
  "
tensorflow.dtensor.python.api.is_dtensor,"Check whether the input tensor is a DTensor.

  In Python, a DTensor has the same type as a `tf.Tensor`. This method will
  let you check and handle the tensor differently if a tf.Tensor is a DTensor.

  Args:
    tensor: an object to be checked.

  Returns:
    bool, True if the given tensor is a DTensor.
  "
tensorflow.dtensor.python.api.relayout,"Changes the layout of `tensor`.

  Changes the layout of `tensor` to `layout`. This is used to fine-tune the
  behavior of ops following/connected to `tensor`, such as choosing one SPMD
  expansion pattern over another. This works by forward propagating `layout`
  to connected TensorFlow computation graphs during layout propagation.

  Currently, only converting layouts from replicated to sharded or sharded to
  replicated per mesh dimension is supported. That is, ""x, y"" -> ""unsharded, y""
  is supported, while ""x, y"" -> ""z, y"" is not supported.

  We also support a special ""match"" sharding spec, which instructs the relayout
  to act as an identity operation with respect to any sharding on these
  mesh dimensions.

  Relayout is internally lowered to a set of Split and/or AllToAll ops. When
  tensor layouts are converted from replicated to sharded, the cost is
  comparatively low because we only insert Split ops and no cross-device
  communication is needed. However, when tensor layouts are converted from
  sharded to replicated, cross-device communication may occur, causing potential
  performance impact.

  Args:
    tensor: A DTensor to specify a new layout for.
    layout: A Layout object specifying a new sharding spec.
    name: name of the Op.

  Returns:
    A DTensor output from the Relayout op.
  "
tensorflow.python.framework.composite_tensor_gradient.CompositeTensorGradient.get_gradient_components,"Returns the components of `value` that should be included in gradients.

    This method may not call TensorFlow ops, since any new ops added to the
    graph would not be propertly tracked by the gradient mechanisms.

    Args:
      value: A `CompositeTensor` value.

    Returns:
      A nested structure of `Tensor` or `IndexedSlices`.
    "
tensorflow.python.framework.composite_tensor_gradient.CompositeTensorGradient.replace_gradient_components,"Replaces the gradient components in `value` with `component_grads`.

    Args:
      value: A value with its gradient components compatible with
        `component_grads`.
      component_grads: A nested structure of `Tensor` or `IndexedSlices` or
        `None` (for unconnected gradients).

    Returns:
      A copy of `value`, where the components that should be included in
      gradients have been replaced by `component_grads`; or `None` (if
      `component_grads` includes `None`).
    "
tensorflow.python.framework.composite_tensor_gradient.replace_flat_tensors_for_gradients,"Replaces Tensors that should be differentiated in `xs` with `flat_grads`.

  Args:
    xs: A list of `Tensor`s or `CompositeTensor`s.
    flat_grads: A list of `Tensor`.

  Returns:
    A list of `Tensor` or `CompositeTensor`.
  "
tensorflow.python.framework.indexed_slices.convert_n_to_tensor_or_indexed_slices,"Converts `values` to a list of `Output` or `IndexedSlices` objects.

  Any `IndexedSlices` or `SparseTensor` objects in `values` are returned
  unmodified.

  Args:
    values: A list of `None`, `IndexedSlices`, `SparseTensor`, or objects that
      can be consumed by `convert_to_tensor()`.
    dtype: (Optional.) The required `DType` of the returned `Tensor`
      `IndexedSlices`.
    name: (Optional.) A name prefix to used when a new `Tensor` is created, in
      which case element `i` will be given the name `name + '_' + i`.

  Returns:
    A list of `Tensor`, `IndexedSlices`, and/or `SparseTensor` objects.

  Raises:
    TypeError: If no conversion function is registered for an element in
      `values`.
    RuntimeError: If a registered conversion function returns an invalid
      value.
  "
tensorflow.python.framework.indexed_slices.internal_convert_n_to_tensor_or_indexed_slices,"Converts `values` to a list of `Tensor` or `IndexedSlices` objects.

  Any `IndexedSlices` or `SparseTensor` objects in `values` are returned
  unmodified.

  Args:
    values: An iterable of `None`, `IndexedSlices`, `SparseTensor`, or objects
      that can be consumed by `convert_to_tensor()`.
    dtype: (Optional.) The required `DType` of the returned `Tensor` or
      `IndexedSlices`.
    name: (Optional.) A name prefix to used when a new `Tensor` is created, in
      which case element `i` will be given the name `name + '_' + i`.
    as_ref: True if the caller wants the results as ref tensors.

  Returns:
    A list of `Tensor`, `IndexedSlices`, `SparseTensor` and/or `None` objects.

  Raises:
    TypeError: If no conversion function is registered for an element in
      `values`.
    RuntimeError: If a registered conversion function returns an invalid
      value.
  "
tensorflow.python.ops.array_ops.required_space_to_batch_paddings,"Calculate padding required to make block_shape divide input_shape.

  This function can be used to calculate a suitable paddings argument for use
  with space_to_batch_nd and batch_to_space_nd.

  Args:
    input_shape: int32 Tensor of shape [N].
    block_shape: int32 Tensor of shape [N].
    base_paddings: Optional int32 Tensor of shape [N, 2].  Specifies the minimum
      amount of padding to use.  All elements must be >= 0.  If not specified,
      defaults to 0.
    name: string.  Optional name prefix.

  Returns:
    (paddings, crops), where:

    `paddings` and `crops` are int32 Tensors of rank 2 and shape [N, 2]
    satisfying:

        paddings[i, 0] = base_paddings[i, 0].
        0 <= paddings[i, 1] - base_paddings[i, 1] < block_shape[i]
        (input_shape[i] + paddings[i, 0] + paddings[i, 1]) % block_shape[i] == 0

        crops[i, 0] = 0
        crops[i, 1] = paddings[i, 1] - base_paddings[i, 1]

  Raises: ValueError if called with incompatible shapes.
  "
tensorflow.python.ops.math_ops.ArgMax,"Returns the index with the largest value across dimensions of a tensor.

  Note that in case of ties the identity of the return value is not guaranteed.

  Usage:
    ```python
    import tensorflow as tf
    a = [1, 10, 26.9, 2.8, 166.32, 62.3]
    b = tf.math.argmax(input = a)
    c = tf.keras.backend.eval(b)
    # c = 4
    # here a[4] = 166.32 which is the largest element of a across axis 0
    ```

  Args:
    input: A `Tensor`. Must be one of the following types: `float32`, `float64`, `int32`, `uint8`, `int16`, `int8`, `int64`, `bfloat16`, `uint16`, `half`, `uint32`, `uint64`, `qint8`, `quint8`, `qint32`, `qint16`, `quint16`, `bool`.
    dimension: A `Tensor`. Must be one of the following types: `int16`, `int32`, `int64`.
      int16, int32 or int64, must be in the range `[-rank(input), rank(input))`.
      Describes which dimension of the input Tensor to reduce across. For vectors,
      use dimension = 0.
    output_type: An optional `tf.DType` from: `tf.int16, tf.uint16, tf.int32, tf.int64`. Defaults to `tf.int64`.
    name: A name for the operation (optional).

  Returns:
    A `Tensor` of type `output_type`.
  "
tensorflow.python.ops.math_ops.ArgMin,"Returns the index with the smallest value across dimensions of a tensor.

  Note that in case of ties the identity of the return value is not guaranteed.

  Usage:
    ```python
    import tensorflow as tf
    a = [1, 10, 26.9, 2.8, 166.32, 62.3]
    b = tf.math.argmin(input = a)
    c = tf.keras.backend.eval(b)
    # c = 0
    # here a[0] = 1 which is the smallest element of a across axis 0
    ```

  Args:
    input: A `Tensor`. Must be one of the following types: `float32`, `float64`, `int32`, `uint8`, `int16`, `int8`, `int64`, `bfloat16`, `uint16`, `half`, `uint32`, `uint64`, `qint8`, `quint8`, `qint32`, `qint16`, `quint16`, `bool`.
    dimension: A `Tensor`. Must be one of the following types: `int32`, `int64`.
      int32 or int64, must be in the range `[-rank(input), rank(input))`.
      Describes which dimension of the input Tensor to reduce across. For vectors,
      use dimension = 0.
    output_type: An optional `tf.DType` from: `tf.int32, tf.int64`. Defaults to `tf.int64`.
    name: A name for the operation (optional).

  Returns:
    A `Tensor` of type `output_type`.
  "
tensorflow.python.ops.math_ops.Equal,"Returns the truth value of (x == y) element-wise.

  *NOTE*: `Equal` supports broadcasting. More about broadcasting
  [here](http://docs.scipy.org/doc/numpy/user/basics.broadcasting.html)

  ```python
  x = tf.constant([2, 4])
  y = tf.constant(2)
  tf.math.equal(x, y) ==> array([True, False])

  x = tf.constant([2, 4])
  y = tf.constant([2, 4])
  tf.math.equal(x, y) ==> array([True,  True])
  ```

  Args:
    x: A `Tensor`.
    y: A `Tensor`. Must have the same type as `x`.
    incompatible_shape_error: An optional `bool`. Defaults to `True`.
    name: A name for the operation (optional).

  Returns:
    A `Tensor` of type `bool`.
  "
tensorflow.python.ops.math_ops.GreaterEqual,"Returns the truth value of (x >= y) element-wise.

  *NOTE*: `math.greater_equal` supports broadcasting. More about broadcasting
  [here](http://docs.scipy.org/doc/numpy/user/basics.broadcasting.html)

  Example:

  ```python
  x = tf.constant([5, 4, 6, 7])
  y = tf.constant([5, 2, 5, 10])
  tf.math.greater_equal(x, y) ==> [True, True, True, False]

  x = tf.constant([5, 4, 6, 7])
  y = tf.constant([5])
  tf.math.greater_equal(x, y) ==> [True, False, True, True]
  ```

  Args:
    x: A `Tensor`. Must be one of the following types: `float32`, `float64`, `int32`, `uint8`, `int16`, `int8`, `int64`, `bfloat16`, `uint16`, `half`, `uint32`, `uint64`.
    y: A `Tensor`. Must have the same type as `x`.
    name: A name for the operation (optional).

  Returns:
    A `Tensor` of type `bool`.
  "
tensorflow.python.ops.math_ops.HistogramFixedWidth,"Return histogram of values.

  Given the tensor `values`, this operation returns a rank 1 histogram counting
  the number of entries in `values` that fall into every bin.  The bins are
  equal width and determined by the arguments `value_range` and `nbins`.

  ```python
  # Bins will be:  (-inf, 1), [1, 2), [2, 3), [3, 4), [4, inf)
  nbins = 5
  value_range = [0.0, 5.0]
  new_values = [-1.0, 0.0, 1.5, 2.0, 5.0, 15]

  with tf.get_default_session() as sess:
    hist = tf.histogram_fixed_width(new_values, value_range, nbins=5)
    variables.global_variables_initializer().run()
    sess.run(hist) => [2, 1, 1, 0, 2]
  ```

  Args:
    values: A `Tensor`. Must be one of the following types: `int32`, `int64`, `float32`, `float64`.
      Numeric `Tensor`.
    value_range: A `Tensor`. Must have the same type as `values`.
      Shape [2] `Tensor` of same `dtype` as `values`.
      values <= value_range[0] will be mapped to hist[0],
      values >= value_range[1] will be mapped to hist[-1].
    nbins: A `Tensor` of type `int32`.
      Scalar `int32 Tensor`.  Number of histogram bins.
    dtype: An optional `tf.DType` from: `tf.int32, tf.int64`. Defaults to `tf.int32`.
    name: A name for the operation (optional).

  Returns:
    A `Tensor` of type `dtype`.
  "
tensorflow.python.ops.math_ops.LessEqual,"Returns the truth value of (x <= y) element-wise.

  *NOTE*: `math.less_equal` supports broadcasting. More about broadcasting
  [here](http://docs.scipy.org/doc/numpy/user/basics.broadcasting.html)

  Example:

  ```python
  x = tf.constant([5, 4, 6])
  y = tf.constant([5])
  tf.math.less_equal(x, y) ==> [True, True, False]

  x = tf.constant([5, 4, 6])
  y = tf.constant([5, 6, 6])
  tf.math.less_equal(x, y) ==> [True, True, True]
  ```

  Args:
    x: A `Tensor`. Must be one of the following types: `float32`, `float64`, `int32`, `uint8`, `int16`, `int8`, `int64`, `bfloat16`, `uint16`, `half`, `uint32`, `uint64`.
    y: A `Tensor`. Must have the same type as `x`.
    name: A name for the operation (optional).

  Returns:
    A `Tensor` of type `bool`.
  "
tensorflow.python.ops.math_ops.NotEqual,"Returns the truth value of (x != y) element-wise.

  *NOTE*: `NotEqual` supports broadcasting. More about broadcasting
  [here](http://docs.scipy.org/doc/numpy/user/basics.broadcasting.html)

  Args:
    x: A `Tensor`.
    y: A `Tensor`. Must have the same type as `x`.
    incompatible_shape_error: An optional `bool`. Defaults to `True`.
    name: A name for the operation (optional).

  Returns:
    A `Tensor` of type `bool`.
  "
tensorflow.python.ops.math_ops.equal,"Returns the truth value of (x == y) element-wise.

  Performs a [broadcast](
  https://docs.scipy.org/doc/numpy/user/basics.broadcasting.html) with the
  arguments and then an element-wise equality comparison, returning a Tensor of
  boolean values.

  For example:

  >>> x = tf.constant([2, 4])
  >>> y = tf.constant(2)
  >>> tf.math.equal(x, y)
  <tf.Tensor: shape=(2,), dtype=bool, numpy=array([ True,  False])>

  >>> x = tf.constant([2, 4])
  >>> y = tf.constant([2, 4])
  >>> tf.math.equal(x, y)
  <tf.Tensor: shape=(2,), dtype=bool, numpy=array([ True,  True])>

  Args:
    x: A `tf.Tensor`.
    y: A `tf.Tensor`.
    name: A name for the operation (optional).

  Returns:
    A `tf.Tensor` of type bool with the same size as that of x or y.

  Raises:
    `tf.errors.InvalidArgumentError`: If shapes of arguments are incompatible
  "
tensorflow.python.ops.math_ops.greater_equal,"Returns the truth value of (x >= y) element-wise.

  *NOTE*: `math.greater_equal` supports broadcasting. More about broadcasting
  [here](http://docs.scipy.org/doc/numpy/user/basics.broadcasting.html)

  Example:

  ```python
  x = tf.constant([5, 4, 6, 7])
  y = tf.constant([5, 2, 5, 10])
  tf.math.greater_equal(x, y) ==> [True, True, True, False]

  x = tf.constant([5, 4, 6, 7])
  y = tf.constant([5])
  tf.math.greater_equal(x, y) ==> [True, False, True, True]
  ```

  Args:
    x: A `Tensor`. Must be one of the following types: `float32`, `float64`, `int32`, `uint8`, `int16`, `int8`, `int64`, `bfloat16`, `uint16`, `half`, `uint32`, `uint64`.
    y: A `Tensor`. Must have the same type as `x`.
    name: A name for the operation (optional).

  Returns:
    A `Tensor` of type `bool`.
  "
tensorflow.python.ops.math_ops.less_equal,"Returns the truth value of (x <= y) element-wise.

  *NOTE*: `math.less_equal` supports broadcasting. More about broadcasting
  [here](http://docs.scipy.org/doc/numpy/user/basics.broadcasting.html)

  Example:

  ```python
  x = tf.constant([5, 4, 6])
  y = tf.constant([5])
  tf.math.less_equal(x, y) ==> [True, True, False]

  x = tf.constant([5, 4, 6])
  y = tf.constant([5, 6, 6])
  tf.math.less_equal(x, y) ==> [True, True, True]
  ```

  Args:
    x: A `Tensor`. Must be one of the following types: `float32`, `float64`, `int32`, `uint8`, `int16`, `int8`, `int64`, `bfloat16`, `uint16`, `half`, `uint32`, `uint64`.
    y: A `Tensor`. Must have the same type as `x`.
    name: A name for the operation (optional).

  Returns:
    A `Tensor` of type `bool`.
  "
tensorflow.python.ops.math_ops.not_equal,"Returns the truth value of (x != y) element-wise.

  Performs a [broadcast](
  https://docs.scipy.org/doc/numpy/user/basics.broadcasting.html) with the
  arguments and then an element-wise inequality comparison, returning a Tensor
  of boolean values.

  For example:

  >>> x = tf.constant([2, 4])
  >>> y = tf.constant(2)
  >>> tf.math.not_equal(x, y)
  <tf.Tensor: shape=(2,), dtype=bool, numpy=array([False,  True])>

  >>> x = tf.constant([2, 4])
  >>> y = tf.constant([2, 4])
  >>> tf.math.not_equal(x, y)
  <tf.Tensor: shape=(2,), dtype=bool, numpy=array([False,  False])>

  Args:
    x: A `tf.Tensor`.
    y: A `tf.Tensor`.
    name: A name for the operation (optional).

  Returns:
    A `tf.Tensor` of type bool with the same size as that of x or y.

  Raises:
    `tf.errors.InvalidArgumentError`: If shapes of arguments are incompatible
  "
tensorflow.python.ops.math_ops.reduced_shape,"Helper function for reduction ops.

  Args:
    input_shape: 1-D Tensor, the shape of the Tensor being reduced.
    axes: 1-D Tensor, the reduction axes.

  Returns:
    A 1-D Tensor, the output shape as if keepdims were set to True.
  "
tensorflow.python.ops.math_ops.sobol_sample,"Generates points from the Sobol sequence.

  Creates a Sobol sequence with `num_results` samples. Each sample has dimension
  `dim`. Skips the first `skip` samples.

  Args:
    dim: Positive scalar `Tensor` representing each sample's dimension.
    num_results: Positive scalar `Tensor` of dtype int32. The number of Sobol
        points to return in the output.
    skip: (Optional) Positive scalar `Tensor` of dtype int32. The number of
        initial points of the Sobol sequence to skip. Default value is 0.
    dtype: (Optional) The `tf.Dtype` of the sample. One of: `tf.float32` or
        `tf.float64`. Defaults to `tf.float32`.
    name: (Optional) Python `str` name prefixed to ops created by this function.

  Returns:
    `Tensor` of samples from Sobol sequence with `shape` [num_results, dim].
  "
tensorflow.python.ops.math_ops.tensor_equals,"The operation invoked by the `Tensor.__eq__` operator.

  Compares two tensors element-wise for equality if they are
  broadcast-compatible; or returns False if they are not broadcast-compatible.
  (Note that this behavior differs from `tf.math.equal`, which raises an
  exception if the two tensors are not broadcast-compatible.)

  Purpose in the API:

    This method is exposed in TensorFlow's API so that library developers
    can register dispatching for `Tensor.__eq__` to allow it to handle
    custom composite tensors & other custom objects.

    The API symbol is not intended to be called by users directly and does
    appear in TensorFlow's generated documentation.

  Args:
    self: The left-hand side of the `==` operator.
    other: The right-hand side of the `==` operator.

  Returns:
    The result of the elementwise `==` operation, or `False` if the arguments
    are not broadcast-compatible.
  "
tensorflow.python.ops.math_ops.tensor_not_equals,"The operation invoked by the `Tensor.__ne__` operator.

  Compares two tensors element-wise for inequality if they are
  broadcast-compatible; or returns True if they are not broadcast-compatible.
  (Note that this behavior differs from `tf.math.not_equal`, which raises an
  exception if the two tensors are not broadcast-compatible.)

  Purpose in the API:

    This method is exposed in TensorFlow's API so that library developers
    can register dispatching for `Tensor.__ne__` to allow it to handle
    custom composite tensors & other custom objects.

    The API symbol is not intended to be called by users directly and does
    appear in TensorFlow's generated documentation.

  Args:
    self: The left-hand side of the `!=` operator.
    other: The right-hand side of the `!=` operator.

  Returns:
    The result of the elementwise `!=` operation, or `True` if the arguments
    are not broadcast-compatible.
  "
tensorflow.python.ops.control_flow_ops.CondContext.to_proto,"Converts a `CondContext` to a `CondContextDef` protocol buffer.

    Args:
      export_scope: Optional `string`. Name scope to remove.

    Returns:
      A `CondContextDef` protocol buffer.
    "
tensorflow.python.ops.control_flow_ops.WhileContext.AddBackpropLoopCounter,"Add the backprop loop that controls the iterations.

    This is added to the backprop loop. It is used to control the loop
    termination of the backprop loop. Called in the outer context of
    this grad context.

    The pseudocode is:
      `n = count; while (n >= 1) { n--; }`

    Note that a control dependency is added to `final_zero` to ensure the
    correct execution order of stack pop ops.

    Args:
      count: The number of iterations for backprop.
      outer_grad_state: The outer grad state. None if not nested.

    Returns:
      The loop index.
    "
tensorflow.python.ops.control_flow_ops.WhileContext.from_proto,"Returns a `WhileContext` object created from `context_def`.

    Args:
      context_def: A `WhileContextDef` protocol buffer.
      import_scope: Optional `string`. Name scope to add.

    Returns:
      A `WhileContext` Python object.
    "
tensorflow.python.ops.control_flow_ops.WhileContext.to_proto,"Converts a `WhileContext` to a `WhileContextDef` protocol buffer.

    Args:
      export_scope: Optional `string`. Name scope to remove.

    Returns:
      A `WhileContextDef` protocol buffer.
    "
tensorflow.python.ops.tensor_array_ops.TensorArrayTraceType.to_tensors,"Breaks down a value of this type into Tensors.

    For a TraceType instance, the number of tensors generated for corresponding
    value should be constant.

    Args:
      value: A value belonging to this TraceType

    Returns:
      List of Tensors.
    "
tensorflow.python.util.variable_utils.convert_variables_to_tensors,"Converts `ResourceVariable`s in `values` to `Tensor`s.

  If an object is a `CompositeTensor` and overrides its
  `_convert_variables_to_tensors` method, its `ResourceVariable` components
  will also be converted to `Tensor`s. Objects other than `ResourceVariable`s
  in `values` will be returned unchanged.

  Args:
    values: A nested structure of `ResourceVariable`s, or any other objects.

  Returns:
    A new structure with `ResourceVariable`s in `values` converted to `Tensor`s.
  "
tensorflow.python.ops.variables.model_variables,"Returns all variables in the MODEL_VARIABLES collection.

  Args:
    scope: (Optional.) A string. If supplied, the resulting list is filtered to
      include only items whose `name` attribute matches `scope` using
      `re.match`. Items without a `name` attribute are never returned if a scope
      is supplied. The choice of `re.match` means that a `scope` without special
      tokens filters by prefix.

  Returns:
    A list of local Variable objects.
  "
tensorflow.python.ops.variables.moving_average_variables,"Returns all variables that maintain their moving averages.

  If an `ExponentialMovingAverage` object is created and the `apply()`
  method is called on a list of variables, these variables will
  be added to the `GraphKeys.MOVING_AVERAGE_VARIABLES` collection.
  This convenience function returns the contents of that collection.

  Args:
    scope: (Optional.) A string. If supplied, the resulting list is filtered to
      include only items whose `name` attribute matches `scope` using
      `re.match`. Items without a `name` attribute are never returned if a scope
      is supplied. The choice of `re.match` means that a `scope` without special
      tokens filters by prefix.

  Returns:
    A list of Variable objects.
  "
tensorflow.python.ops.variables.report_uninitialized_variables,"Adds ops to list the names of uninitialized variables.

When run, it returns a 1-D tensor containing the names of uninitialized
variables if there are any, or an empty array if there are none.

Args:
  var_list: List of `Variable` objects to check. Defaults to the value of
    `global_variables() + local_variables()`
  name: Optional name of the `Operation`.

Returns:
  A 1-D tensor containing names of the uninitialized variables, or an empty
  1-D tensor if there are no variables or no uninitialized variables.


Note: The output of this function should be used. If it is not, a warning will be logged or an error may be raised. To mark the output as used, call its .mark_used() method."
tensorflow.python.ops.gen_resource_variable_ops.MutexLock,"Locks a mutex resource.  The output is the lock.  So long as the lock tensor

  is alive, any other request to use `MutexLock` with this mutex will wait.

  This is particularly useful for creating a critical section when used in
  conjunction with `MutexLockIdentity`:

  ```python

  mutex = mutex_v2(
    shared_name=handle_name, container=container, name=name)

  def execute_in_critical_section(fn, *args, **kwargs):
    lock = gen_resource_variable_ops.mutex_lock(mutex)

    with ops.control_dependencies([lock]):
      r = fn(*args, **kwargs)

    with ops.control_dependencies(nest.flatten(r)):
      with ops.colocate_with(mutex):
        ensure_lock_exists = mutex_lock_identity(lock)

      # Make sure that if any element of r is accessed, all of
      # them are executed together.
      r = nest.map_structure(tf.identity, r)

    with ops.control_dependencies([ensure_lock_exists]):
      return nest.map_structure(tf.identity, r)
  ```

  While `fn` is running in the critical section, no other functions which wish to
  use this critical section may run.

  Often the use case is that two executions of the same graph, in parallel,
  wish to run `fn`; and we wish to ensure that only one of them executes
  at a time.  This is especially important if `fn` modifies one or more
  variables at a time.

  It is also useful if two separate functions must share a resource, but we
  wish to ensure the usage is exclusive.

  Args:
    mutex: A `Tensor` of type `resource`. The mutex resource to lock.
    name: A name for the operation (optional).

  Returns:
    A `Tensor` of type `variant`.
  "
tensorflow.python.ops.gen_resource_variable_ops.mutex_lock,"Locks a mutex resource.  The output is the lock.  So long as the lock tensor

  is alive, any other request to use `MutexLock` with this mutex will wait.

  This is particularly useful for creating a critical section when used in
  conjunction with `MutexLockIdentity`:

  ```python

  mutex = mutex_v2(
    shared_name=handle_name, container=container, name=name)

  def execute_in_critical_section(fn, *args, **kwargs):
    lock = gen_resource_variable_ops.mutex_lock(mutex)

    with ops.control_dependencies([lock]):
      r = fn(*args, **kwargs)

    with ops.control_dependencies(nest.flatten(r)):
      with ops.colocate_with(mutex):
        ensure_lock_exists = mutex_lock_identity(lock)

      # Make sure that if any element of r is accessed, all of
      # them are executed together.
      r = nest.map_structure(tf.identity, r)

    with ops.control_dependencies([ensure_lock_exists]):
      return nest.map_structure(tf.identity, r)
  ```

  While `fn` is running in the critical section, no other functions which wish to
  use this critical section may run.

  Often the use case is that two executions of the same graph, in parallel,
  wish to run `fn`; and we wish to ensure that only one of them executes
  at a time.  This is especially important if `fn` modifies one or more
  variables at a time.

  It is also useful if two separate functions must share a resource, but we
  wish to ensure the usage is exclusive.

  Args:
    mutex: A `Tensor` of type `resource`. The mutex resource to lock.
    name: A name for the operation (optional).

  Returns:
    A `Tensor` of type `variant`.
  "
tensorflow.python.ops.state_ops.init_variable,"Initializes variable with ""init"".

  This op does the following:
  if init is a Tensor, v = init
  if callable(init): v = init(VariableShape(v), v.dtype)

  Args:
    v: Variable to initialize
    init: Tensor to assign to v,
      Or an object convertible to Tensor e.g. nparray,
      Or an Initializer that generates a tensor given the shape and type of v.
      An ""Initializer"" is a callable that returns a tensor that ""v"" should be
      set to. It will be called as init(shape, dtype).
    name: Optional name for the op.

  Returns:
    The operation that initializes v.
  "
tensorflow.python.ops.resource_variable_ops.BaseResourceVariable.to_proto,"Converts a `ResourceVariable` to a `VariableDef` protocol buffer.

    Args:
      export_scope: Optional `string`. Name scope to remove.

    Raises:
      RuntimeError: If run in EAGER mode.

    Returns:
      A `VariableDef` protocol buffer, or `None` if the `Variable` is not
      in the specified name scope.
    "
tensorflow.python.ops.resource_variable_ops.MutexLock,"Locks a mutex resource.  The output is the lock.  So long as the lock tensor

  is alive, any other request to use `MutexLock` with this mutex will wait.

  This is particularly useful for creating a critical section when used in
  conjunction with `MutexLockIdentity`:

  ```python

  mutex = mutex_v2(
    shared_name=handle_name, container=container, name=name)

  def execute_in_critical_section(fn, *args, **kwargs):
    lock = gen_resource_variable_ops.mutex_lock(mutex)

    with ops.control_dependencies([lock]):
      r = fn(*args, **kwargs)

    with ops.control_dependencies(nest.flatten(r)):
      with ops.colocate_with(mutex):
        ensure_lock_exists = mutex_lock_identity(lock)

      # Make sure that if any element of r is accessed, all of
      # them are executed together.
      r = nest.map_structure(tf.identity, r)

    with ops.control_dependencies([ensure_lock_exists]):
      return nest.map_structure(tf.identity, r)
  ```

  While `fn` is running in the critical section, no other functions which wish to
  use this critical section may run.

  Often the use case is that two executions of the same graph, in parallel,
  wish to run `fn`; and we wish to ensure that only one of them executes
  at a time.  This is especially important if `fn` modifies one or more
  variables at a time.

  It is also useful if two separate functions must share a resource, but we
  wish to ensure the usage is exclusive.

  Args:
    mutex: A `Tensor` of type `resource`. The mutex resource to lock.
    name: A name for the operation (optional).

  Returns:
    A `Tensor` of type `variant`.
  "
tensorflow.python.ops.resource_variable_ops.ResourceVariable.to_proto,"Converts a `ResourceVariable` to a `VariableDef` protocol buffer.

    Args:
      export_scope: Optional `string`. Name scope to remove.

    Raises:
      RuntimeError: If run in EAGER mode.

    Returns:
      A `VariableDef` protocol buffer, or `None` if the `Variable` is not
      in the specified name scope.
    "
tensorflow.python.ops.resource_variable_ops.ResourceVariableGradient.get_gradient_components,"Returns the components of `value` that should be included in gradients.

    For a ResourceVariable, its gradient component is its handle tensor.
    For now, we return the ResourceVariable because the gradient infrastructure
    has special logic to handle ResourceVariables. We should remove the special
    logic and return the handle tensor.

    Args:
      value: A `ResourceVariable`.

    Returns:
      `value` itself.
    "
tensorflow.python.ops.resource_variable_ops.ResourceVariableGradient.replace_gradient_components,"Replaces the gradient components in `value` with `component_grads`.

    The gradient of a ResourceVariable is either None or a Tensor. So we don't
    need `value`'s TypeSpec or non-gradient components in this method.

    Args:
      value: A `ResourceVariable` with its gradient components compatible with
        `component_grads`.
      component_grads: A `Tensor` or None as the gradient result.

    Returns:
      The `component_grads`, which is either a `Tensor` or None.
    "
tensorflow.python.ops.resource_variable_ops.UninitializedVariable.to_proto,"Converts a `ResourceVariable` to a `VariableDef` protocol buffer.

    Args:
      export_scope: Optional `string`. Name scope to remove.

    Raises:
      RuntimeError: If run in EAGER mode.

    Returns:
      A `VariableDef` protocol buffer, or `None` if the `Variable` is not
      in the specified name scope.
    "
tensorflow.python.ops.resource_variable_ops.mutex_lock,"Locks a mutex resource.  The output is the lock.  So long as the lock tensor

  is alive, any other request to use `MutexLock` with this mutex will wait.

  This is particularly useful for creating a critical section when used in
  conjunction with `MutexLockIdentity`:

  ```python

  mutex = mutex_v2(
    shared_name=handle_name, container=container, name=name)

  def execute_in_critical_section(fn, *args, **kwargs):
    lock = gen_resource_variable_ops.mutex_lock(mutex)

    with ops.control_dependencies([lock]):
      r = fn(*args, **kwargs)

    with ops.control_dependencies(nest.flatten(r)):
      with ops.colocate_with(mutex):
        ensure_lock_exists = mutex_lock_identity(lock)

      # Make sure that if any element of r is accessed, all of
      # them are executed together.
      r = nest.map_structure(tf.identity, r)

    with ops.control_dependencies([ensure_lock_exists]):
      return nest.map_structure(tf.identity, r)
  ```

  While `fn` is running in the critical section, no other functions which wish to
  use this critical section may run.

  Often the use case is that two executions of the same graph, in parallel,
  wish to run `fn`; and we wish to ensure that only one of them executes
  at a time.  This is especially important if `fn` modifies one or more
  variables at a time.

  It is also useful if two separate functions must share a resource, but we
  wish to ensure the usage is exclusive.

  Args:
    mutex: A `Tensor` of type `resource`. The mutex resource to lock.
    name: A name for the operation (optional).

  Returns:
    A `Tensor` of type `variant`.
  "
tensorflow.python.ops.resource_variable_ops.variable_shape,"Returns the shape of the variable from the handle.

  If the output shape dtype is not specified, it will be set to int64 if
  tf_shape_default_int64 is enabled, otherwise it will be set to int32.

  Args:
    handle: The handle of the variable.
    out_type: The dtype of the output shape.

  Returns:
    The shape of the variable.
  "
tensorflow.python.ops.ref_variable.RefVariable.scatter_add,"Adds `tf.IndexedSlices` to this variable.

    Args:
      sparse_delta: `tf.IndexedSlices` to be added to this variable.
      use_locking: If `True`, use locking during the operation.
      name: the name of the operation.

    Returns:
      A `Tensor` that will hold the new value of this variable after
      the scattered addition has completed.

    Raises:
      TypeError: if `sparse_delta` is not an `IndexedSlices`.
    "
tensorflow.python.ops.ref_variable.RefVariable.scatter_div,"Divide this variable by `tf.IndexedSlices`.

    Args:
      sparse_delta: `tf.IndexedSlices` to divide this variable by.
      use_locking: If `True`, use locking during the operation.
      name: the name of the operation.

    Returns:
      A `Tensor` that will hold the new value of this variable after
      the scattered division has completed.

    Raises:
      TypeError: if `sparse_delta` is not an `IndexedSlices`.
    "
tensorflow.python.ops.ref_variable.RefVariable.scatter_max,"Updates this variable with the max of `tf.IndexedSlices` and itself.

    Args:
      sparse_delta: `tf.IndexedSlices` to use as an argument of max with this
        variable.
      use_locking: If `True`, use locking during the operation.
      name: the name of the operation.

    Returns:
      A `Tensor` that will hold the new value of this variable after
      the scattered maximization has completed.

    Raises:
      TypeError: if `sparse_delta` is not an `IndexedSlices`.
    "
tensorflow.python.ops.ref_variable.RefVariable.scatter_min,"Updates this variable with the min of `tf.IndexedSlices` and itself.

    Args:
      sparse_delta: `tf.IndexedSlices` to use as an argument of min with this
        variable.
      use_locking: If `True`, use locking during the operation.
      name: the name of the operation.

    Returns:
      A `Tensor` that will hold the new value of this variable after
      the scattered minimization has completed.

    Raises:
      TypeError: if `sparse_delta` is not an `IndexedSlices`.
    "
tensorflow.python.ops.ref_variable.RefVariable.scatter_mul,"Multiply this variable by `tf.IndexedSlices`.

    Args:
      sparse_delta: `tf.IndexedSlices` to multiply this variable by.
      use_locking: If `True`, use locking during the operation.
      name: the name of the operation.

    Returns:
      A `Tensor` that will hold the new value of this variable after
      the scattered multiplication has completed.

    Raises:
      TypeError: if `sparse_delta` is not an `IndexedSlices`.
    "
tensorflow.python.ops.ref_variable.RefVariable.scatter_sub,"Subtracts `tf.IndexedSlices` from this variable.

    Args:
      sparse_delta: `tf.IndexedSlices` to be subtracted from this variable.
      use_locking: If `True`, use locking during the operation.
      name: the name of the operation.

    Returns:
      A `Tensor` that will hold the new value of this variable after
      the scattered subtraction has completed.

    Raises:
      TypeError: if `sparse_delta` is not an `IndexedSlices`.
    "
tensorflow.python.ops.ref_variable.RefVariable.scatter_update,"Assigns `tf.IndexedSlices` to this variable.

    Args:
      sparse_delta: `tf.IndexedSlices` to be assigned to this variable.
      use_locking: If `True`, use locking during the operation.
      name: the name of the operation.

    Returns:
      A `Tensor` that will hold the new value of this variable after
      the scattered assignment has completed.

    Raises:
      TypeError: if `sparse_delta` is not an `IndexedSlices`.
    "
tensorflow.python.ops.ref_variable.RefVariable.to_proto,"Converts a `Variable` to a `VariableDef` protocol buffer.

    Args:
      export_scope: Optional `string`. Name scope to remove.

    Returns:
      A `VariableDef` protocol buffer, or `None` if the `Variable` is not
      in the specified name scope.
    "
tensorflow.python.ops.random_ops.random_gamma,"Draws `shape` samples from each of the given Gamma distribution(s).

  `alpha` is the shape parameter describing the distribution(s), and `beta` is
  the inverse scale parameter(s).

  Note: Because internal calculations are done using `float64` and casting has
  `floor` semantics, we must manually map zero outcomes to the smallest
  possible positive floating-point value, i.e., `np.finfo(dtype).tiny`.  This
  means that `np.finfo(dtype).tiny` occurs more frequently than it otherwise
  should.  This bias can only happen for small values of `alpha`, i.e.,
  `alpha << 1` or large values of `beta`, i.e., `beta >> 1`.

  The samples are differentiable w.r.t. alpha and beta.
  The derivatives are computed using the approach described in
  (Figurnov et al., 2018).

  Example:

  ```python
  samples = tf.random.gamma([10], [0.5, 1.5])
  # samples has shape [10, 2], where each slice [:, 0] and [:, 1] represents
  # the samples drawn from each distribution

  samples = tf.random.gamma([7, 5], [0.5, 1.5])
  # samples has shape [7, 5, 2], where each slice [:, :, 0] and [:, :, 1]
  # represents the 7x5 samples drawn from each of the two distributions

  alpha = tf.constant([[1.],[3.],[5.]])
  beta = tf.constant([[3., 4.]])
  samples = tf.random.gamma([30], alpha=alpha, beta=beta)
  # samples has shape [30, 3, 2], with 30 samples each of 3x2 distributions.

  loss = tf.reduce_mean(tf.square(samples))
  dloss_dalpha, dloss_dbeta = tf.gradients(loss, [alpha, beta])
  # unbiased stochastic derivatives of the loss function
  alpha.shape == dloss_dalpha.shape  # True
  beta.shape == dloss_dbeta.shape  # True
  ```

  Args:
    shape: A 1-D integer Tensor or Python array. The shape of the output samples
      to be drawn per alpha/beta-parameterized distribution.
    alpha: A Tensor or Python value or N-D array of type `dtype`. `alpha`
      provides the shape parameter(s) describing the gamma distribution(s) to
      sample. Must be broadcastable with `beta`.
    beta: A Tensor or Python value or N-D array of type `dtype`. Defaults to 1.
      `beta` provides the inverse scale parameter(s) of the gamma
      distribution(s) to sample. Must be broadcastable with `alpha`.
    dtype: The type of alpha, beta, and the output: `float16`, `float32`, or
      `float64`.
    seed: A Python integer. Used to create a random seed for the distributions.
      See
      `tf.random.set_seed`
      for behavior.
    name: Optional name for the operation.

  Returns:
    samples: a `Tensor` of shape
      `tf.concat([shape, tf.shape(alpha + beta)], axis=0)` with values of type
      `dtype`.

  References:
    Implicit Reparameterization Gradients:
      [Figurnov et al., 2018]
      (http://papers.nips.cc/paper/7326-implicit-reparameterization-gradients)
      ([pdf]
      (http://papers.nips.cc/paper/7326-implicit-reparameterization-gradients.pdf))
  "
tensorflow.python.framework.random_seed.get_seed,"Returns the local seeds an operation should use given an op-specific seed.

  Given operation-specific seed, `op_seed`, this helper function returns two
  seeds derived from graph-level and op-level seeds. Many random operations
  internally use the two seeds to allow user to change the seed globally for a
  graph, or for only specific operations.

  For details on how the graph-level seed interacts with op seeds, see
  `tf.compat.v1.random.set_random_seed`.

  Args:
    op_seed: integer.

  Returns:
    A tuple of two integers that should be used for the local seed of this
    operation.
  "
tensorflow.python.framework.error_interpolation.interpolate_graph,"Interpolates an error message.

  The error message can contain tags of form `{{node_type node_name}}`
  which will be parsed to identify the tf.Graph and op. If the op contains
  traceback, the traceback will be attached to the error message.

  Args:
    message: A string to interpolate.
    graph: ops.Graph object containing all nodes referenced in the error
        message.

  Returns:
    The error message string with node definition traceback.
  "
tensorflow.python.ops.session_ops.delete_session_tensor,"Delete the tensor for the given tensor handle.

  This is EXPERIMENTAL and subject to change.

  Delete the tensor of a given tensor handle. The tensor is produced
  in a previous run() and stored in the state of the session.

  Args:
    handle: The string representation of a persistent tensor handle.
    name: Optional name prefix for the return tensor.

  Returns:
    A pair of graph elements. The first is a placeholder for feeding a
    tensor handle and the second is a deletion operation.
  "
tensorflow.python.ops.session_ops.get_session_tensor,"Get the tensor of type `dtype` by feeding a tensor handle.

  This is EXPERIMENTAL and subject to change.

  Get the value of the tensor from a tensor handle. The tensor
  is produced in a previous run() and stored in the state of the
  session.

  Args:
    handle: The string representation of a persistent tensor handle.
    dtype: The type of the output tensor.
    name: Optional name prefix for the return tensor.

  Returns:
    A pair of tensors. The first is a placeholder for feeding a
    tensor handle and the second is the tensor in the session state
    keyed by the tensor handle.

  Example:

  ```python
  c = tf.multiply(a, b)
  h = tf.compat.v1.get_session_handle(c)
  h = sess.run(h)

  p, a = tf.compat.v1.get_session_tensor(h.handle, tf.float32)
  b = tf.multiply(a, 10)
  c = sess.run(b, feed_dict={p: h.handle})
  ```

  "
tensorflow.python.ops.variable_v1.is_variable_initialized,"Tests if a variable has been initialized.

Args:
  variable: A `Variable`.

Returns:
  Returns a scalar boolean Tensor, `True` if the variable has been
  initialized, `False` otherwise.


Note: The output of this function should be used. If it is not, a warning will be logged or an error may be raised. To mark the output as used, call its .mark_used() method."
tensorflow.python.checkpoint.checkpoint_adapter.AbstractCheckpointAdapter.is_applicable,"Returns whether the adapter is applicable to trackable for resharding.

    Args:
      trackable: A Trackable object that is being restored.

    Returns:
      A Boolean indicating if the checkpoint value for this Trackable should be
      resharded.
    "
tensorflow.python.checkpoint.checkpoint_adapter.ReshardCallback.update_restore_inputs,"Updates the specs to restore op.

    Override this method if the arguments to restore op need to be updated as
    per the resharding required.
    Args:
      checkpoint_key: The cehckpopoint key as requested by the caller
      shape_and_slice_spec: The shape and slice spec as requested by caller

    Returns:
    Tuple of list of checkpoint_keys and specs that the restore op should fetch
    as per the resharding requirement. The length of checkpoint keys returned by
    this method will match the length of checkpoint_values that are input to
    `reshard`.
    "
tensorflow.python.distribute.device_util.canonicalize,"Canonicalize device string.

  If d has missing components, the rest would be deduced from the `default`
  argument or from '/replica:0/task:0/device:CPU:0'. For example:
    If d = '/cpu:0', default='/job:worker/task:1', it returns
      '/job:worker/replica:0/task:1/device:CPU:0'.
    If d = '/cpu:0', default='/job:worker', it returns
      '/job:worker/replica:0/task:0/device:CPU:0'.
    If d = '/gpu:0', default=None, it returns
      '/replica:0/task:0/device:GPU:0'.

  Note: This uses ""job:localhost"" as the default if executing eagerly.

  Args:
    d: a device string or tf.config.LogicalDevice
    default: a string for default device if d doesn't have all components.

  Returns:
    a canonicalized device string.
  "
tensorflow.python.distribute.device_util.canonicalize_without_job_and_task,"Partially canonicalize device string.

  This returns device string from `d` without including job and task.
  This is most useful for parameter server strategy where the device strings are
  generated on the chief, but executed on workers.

   For example:
    If d = '/cpu:0', default='/job:worker/task:1', it returns
      '/replica:0/device:CPU:0'.
    If d = '/cpu:0', default='/job:worker', it returns
      '/replica:0/device:CPU:0'.
    If d = '/gpu:0', default=None, it returns
      '/replica:0/device:GPU:0'.

  Note: This uses ""job:localhost"" as the default if executing eagerly.

  Args:
    d: a device string or tf.config.LogicalDevice

  Returns:
    a partially canonicalized device string.
  "
tensorflow.python.lib.io.file_io.is_directory,"Returns whether the path is a directory or not.

  Args:
    dirname: string, path to a potential directory

  Returns:
    True, if the path is a directory; False otherwise
  "
tensorflow.python.lib.io.file_io.is_directory_v2,"Returns whether the path is a directory or not.

  Args:
    path: string, path to a potential directory

  Returns:
    True, if the path is a directory; False otherwise
  "
tensorflow.python.framework.auto_control_deps.collective_manager_ids_from_op,"Returns CollectiveManager ID from the op if one exists, else None.

  CollectiveManager adds collective and no_op operations tagged with an ID,
  unique to the manager object. This function extracts that ID, or None, if the
  node was not generated by a CollectiveManager.

  Args:
    op: `Operation` to get the collective manager ID from.

  Returns:
    List of CollectiveManager IDs used by the op.
  "
tensorflow.python.ops.default_gradient.supports_default_grad,"Whether tensor `t` supports creating a default gradient.

  This function assumes that `t` is of a trainable type.

  Args:
    t: Tensor

  Returns:
    Bool
  "
tensorflow.python.framework.func_graph.FuncGraph.container,"Returns a context manager that specifies the resource container to use.

    Stateful operations, such as variables and queues, can maintain their
    states on devices so that they can be shared by multiple processes.
    A resource container is a string name under which these stateful
    operations are tracked. These resources can be released or cleared
    with `tf.Session.reset()`.

    For example:

    ```python
    with g.container('experiment0'):
      # All stateful Operations constructed in this context will be placed
      # in resource container ""experiment0"".
      v1 = tf.Variable([1.0])
      v2 = tf.Variable([2.0])
      with g.container(""experiment1""):
        # All stateful Operations constructed in this context will be
        # placed in resource container ""experiment1"".
        v3 = tf.Variable([3.0])
        q1 = tf.queue.FIFOQueue(10, tf.float32)
      # All stateful Operations constructed in this context will be
      # be created in the ""experiment0"".
      v4 = tf.Variable([4.0])
      q1 = tf.queue.FIFOQueue(20, tf.float32)
      with g.container(""""):
        # All stateful Operations constructed in this context will be
        # be placed in the default resource container.
        v5 = tf.Variable([5.0])
        q3 = tf.queue.FIFOQueue(30, tf.float32)

    # Resets container ""experiment0"", after which the state of v1, v2, v4, q1
    # will become undefined (such as uninitialized).
    tf.Session.reset(target, [""experiment0""])
    ```

    Args:
      container_name: container name string.

    Returns:
      A context manager for defining resource containers for stateful ops,
        yields the container name.
    "
tensorflow.python.framework.func_graph.FuncGraph.get_collection,"Returns a list of values in the collection with the given `name`.

    This is different from `get_collection_ref()` which always returns the
    actual collection list if it exists in that it returns a new list each time
    it is called.

    Args:
      name: The key for the collection. For example, the `GraphKeys` class
        contains many standard names for collections.
      scope: (Optional.) A string. If supplied, the resulting list is filtered
        to include only items whose `name` attribute matches `scope` using
        `re.match`. Items without a `name` attribute are never returned if a
        scope is supplied. The choice of `re.match` means that a `scope` without
        special tokens filters by prefix.

    Returns:
      The list of values in the collection with the given `name`, or
      an empty list if no value has been added to that collection. The
      list contains the values in the order under which they were
      collected.
    "
tensorflow.python.framework.func_graph.FuncGraph.get_collection_ref,"Returns a list of values in the collection with the given `name`.

    If the collection exists, this returns the list itself, which can
    be modified in place to change the collection.  If the collection does
    not exist, it is created as an empty list and the list is returned.

    This is different from `get_collection()` which always returns a copy of
    the collection list if it exists and never creates an empty collection.

    Args:
      name: The key for the collection. For example, the `GraphKeys` class
        contains many standard names for collections.

    Returns:
      The list of values in the collection with the given `name`, or an empty
      list if no value has been added to that collection.
    "
tensorflow.python.framework.func_graph.convert_structure_to_signature,"Convert a potentially nested structure to a signature.

  Args:
    structure: Structure to convert, where top level collection is a list or a
      tuple.
    arg_names: Optional list of arguments that has equal number of elements as
      `structure` and is used for naming corresponding TensorSpecs.
    signature_context: TraceType InternalTracingContext to generate alias_ids
      for mutable objects, like ResourceVariables.

  Returns:
    Identical structure that has TensorSpec objects instead of Tensors and
    UnknownArgument instead of any unsupported types.
  "
tensorflow.python.framework.func_graph.flatten,"Like nest.flatten w/ expand_composites, but returns flow for TensorArrays.

  Args:
    sequence: A nested structure of Tensors, CompositeTensors, and TensorArrays.

  Returns:
    A list of tensors.
  "
tensorflow.python.framework.func_graph.pack_sequence_as,"Like `nest.pack_sequence_as` but also builds TensorArrays from flows.

  Args:
    structure: The structure to pack into. May contain Tensors,
      CompositeTensors, or TensorArrays.
    flat_sequence: An iterable containing tensors.

  Returns:
    A nested structure.

  Raises:
    AssertionError if `structure` and `flat_sequence` are not compatible.
  "
tensorflow.python.ops.control_flow_v2_func_graphs.CondBranchFuncGraph.container,"Returns a context manager that specifies the resource container to use.

    Stateful operations, such as variables and queues, can maintain their
    states on devices so that they can be shared by multiple processes.
    A resource container is a string name under which these stateful
    operations are tracked. These resources can be released or cleared
    with `tf.Session.reset()`.

    For example:

    ```python
    with g.container('experiment0'):
      # All stateful Operations constructed in this context will be placed
      # in resource container ""experiment0"".
      v1 = tf.Variable([1.0])
      v2 = tf.Variable([2.0])
      with g.container(""experiment1""):
        # All stateful Operations constructed in this context will be
        # placed in resource container ""experiment1"".
        v3 = tf.Variable([3.0])
        q1 = tf.queue.FIFOQueue(10, tf.float32)
      # All stateful Operations constructed in this context will be
      # be created in the ""experiment0"".
      v4 = tf.Variable([4.0])
      q1 = tf.queue.FIFOQueue(20, tf.float32)
      with g.container(""""):
        # All stateful Operations constructed in this context will be
        # be placed in the default resource container.
        v5 = tf.Variable([5.0])
        q3 = tf.queue.FIFOQueue(30, tf.float32)

    # Resets container ""experiment0"", after which the state of v1, v2, v4, q1
    # will become undefined (such as uninitialized).
    tf.Session.reset(target, [""experiment0""])
    ```

    Args:
      container_name: container name string.

    Returns:
      A context manager for defining resource containers for stateful ops,
        yields the container name.
    "
tensorflow.python.ops.control_flow_v2_func_graphs.CondBranchFuncGraph.get_collection,"Returns a list of values in the collection with the given `name`.

    This is different from `get_collection_ref()` which always returns the
    actual collection list if it exists in that it returns a new list each time
    it is called.

    Args:
      name: The key for the collection. For example, the `GraphKeys` class
        contains many standard names for collections.
      scope: (Optional.) A string. If supplied, the resulting list is filtered
        to include only items whose `name` attribute matches `scope` using
        `re.match`. Items without a `name` attribute are never returned if a
        scope is supplied. The choice of `re.match` means that a `scope` without
        special tokens filters by prefix.

    Returns:
      The list of values in the collection with the given `name`, or
      an empty list if no value has been added to that collection. The
      list contains the values in the order under which they were
      collected.
    "
tensorflow.python.ops.control_flow_v2_func_graphs.CondBranchFuncGraph.get_collection_ref,"Returns a list of values in the collection with the given `name`.

    If the collection exists, this returns the list itself, which can
    be modified in place to change the collection.  If the collection does
    not exist, it is created as an empty list and the list is returned.

    This is different from `get_collection()` which always returns a copy of
    the collection list if it exists and never creates an empty collection.

    Args:
      name: The key for the collection. For example, the `GraphKeys` class
        contains many standard names for collections.

    Returns:
      The list of values in the collection with the given `name`, or an empty
      list if no value has been added to that collection.
    "
tensorflow.python.ops.control_flow_v2_func_graphs.ControlFlowFuncGraph.container,"Returns a context manager that specifies the resource container to use.

    Stateful operations, such as variables and queues, can maintain their
    states on devices so that they can be shared by multiple processes.
    A resource container is a string name under which these stateful
    operations are tracked. These resources can be released or cleared
    with `tf.Session.reset()`.

    For example:

    ```python
    with g.container('experiment0'):
      # All stateful Operations constructed in this context will be placed
      # in resource container ""experiment0"".
      v1 = tf.Variable([1.0])
      v2 = tf.Variable([2.0])
      with g.container(""experiment1""):
        # All stateful Operations constructed in this context will be
        # placed in resource container ""experiment1"".
        v3 = tf.Variable([3.0])
        q1 = tf.queue.FIFOQueue(10, tf.float32)
      # All stateful Operations constructed in this context will be
      # be created in the ""experiment0"".
      v4 = tf.Variable([4.0])
      q1 = tf.queue.FIFOQueue(20, tf.float32)
      with g.container(""""):
        # All stateful Operations constructed in this context will be
        # be placed in the default resource container.
        v5 = tf.Variable([5.0])
        q3 = tf.queue.FIFOQueue(30, tf.float32)

    # Resets container ""experiment0"", after which the state of v1, v2, v4, q1
    # will become undefined (such as uninitialized).
    tf.Session.reset(target, [""experiment0""])
    ```

    Args:
      container_name: container name string.

    Returns:
      A context manager for defining resource containers for stateful ops,
        yields the container name.
    "
tensorflow.python.ops.control_flow_v2_func_graphs.ControlFlowFuncGraph.get_collection,"Returns a list of values in the collection with the given `name`.

    This is different from `get_collection_ref()` which always returns the
    actual collection list if it exists in that it returns a new list each time
    it is called.

    Args:
      name: The key for the collection. For example, the `GraphKeys` class
        contains many standard names for collections.
      scope: (Optional.) A string. If supplied, the resulting list is filtered
        to include only items whose `name` attribute matches `scope` using
        `re.match`. Items without a `name` attribute are never returned if a
        scope is supplied. The choice of `re.match` means that a `scope` without
        special tokens filters by prefix.

    Returns:
      The list of values in the collection with the given `name`, or
      an empty list if no value has been added to that collection. The
      list contains the values in the order under which they were
      collected.
    "
tensorflow.python.ops.control_flow_v2_func_graphs.ControlFlowFuncGraph.get_collection_ref,"Returns a list of values in the collection with the given `name`.

    If the collection exists, this returns the list itself, which can
    be modified in place to change the collection.  If the collection does
    not exist, it is created as an empty list and the list is returned.

    This is different from `get_collection()` which always returns a copy of
    the collection list if it exists and never creates an empty collection.

    Args:
      name: The key for the collection. For example, the `GraphKeys` class
        contains many standard names for collections.

    Returns:
      The list of values in the collection with the given `name`, or an empty
      list if no value has been added to that collection.
    "
tensorflow.python.ops.control_flow_v2_func_graphs.WhileBodyFuncGraph.container,"Returns a context manager that specifies the resource container to use.

    Stateful operations, such as variables and queues, can maintain their
    states on devices so that they can be shared by multiple processes.
    A resource container is a string name under which these stateful
    operations are tracked. These resources can be released or cleared
    with `tf.Session.reset()`.

    For example:

    ```python
    with g.container('experiment0'):
      # All stateful Operations constructed in this context will be placed
      # in resource container ""experiment0"".
      v1 = tf.Variable([1.0])
      v2 = tf.Variable([2.0])
      with g.container(""experiment1""):
        # All stateful Operations constructed in this context will be
        # placed in resource container ""experiment1"".
        v3 = tf.Variable([3.0])
        q1 = tf.queue.FIFOQueue(10, tf.float32)
      # All stateful Operations constructed in this context will be
      # be created in the ""experiment0"".
      v4 = tf.Variable([4.0])
      q1 = tf.queue.FIFOQueue(20, tf.float32)
      with g.container(""""):
        # All stateful Operations constructed in this context will be
        # be placed in the default resource container.
        v5 = tf.Variable([5.0])
        q3 = tf.queue.FIFOQueue(30, tf.float32)

    # Resets container ""experiment0"", after which the state of v1, v2, v4, q1
    # will become undefined (such as uninitialized).
    tf.Session.reset(target, [""experiment0""])
    ```

    Args:
      container_name: container name string.

    Returns:
      A context manager for defining resource containers for stateful ops,
        yields the container name.
    "
tensorflow.python.ops.control_flow_v2_func_graphs.WhileBodyFuncGraph.get_collection,"Returns a list of values in the collection with the given `name`.

    This is different from `get_collection_ref()` which always returns the
    actual collection list if it exists in that it returns a new list each time
    it is called.

    Args:
      name: The key for the collection. For example, the `GraphKeys` class
        contains many standard names for collections.
      scope: (Optional.) A string. If supplied, the resulting list is filtered
        to include only items whose `name` attribute matches `scope` using
        `re.match`. Items without a `name` attribute are never returned if a
        scope is supplied. The choice of `re.match` means that a `scope` without
        special tokens filters by prefix.

    Returns:
      The list of values in the collection with the given `name`, or
      an empty list if no value has been added to that collection. The
      list contains the values in the order under which they were
      collected.
    "
tensorflow.python.ops.control_flow_v2_func_graphs.WhileBodyFuncGraph.get_collection_ref,"Returns a list of values in the collection with the given `name`.

    If the collection exists, this returns the list itself, which can
    be modified in place to change the collection.  If the collection does
    not exist, it is created as an empty list and the list is returned.

    This is different from `get_collection()` which always returns a copy of
    the collection list if it exists and never creates an empty collection.

    Args:
      name: The key for the collection. For example, the `GraphKeys` class
        contains many standard names for collections.

    Returns:
      The list of values in the collection with the given `name`, or an empty
      list if no value has been added to that collection.
    "
tensorflow.python.ops.control_flow_v2_func_graphs.WhileCondFuncGraph.container,"Returns a context manager that specifies the resource container to use.

    Stateful operations, such as variables and queues, can maintain their
    states on devices so that they can be shared by multiple processes.
    A resource container is a string name under which these stateful
    operations are tracked. These resources can be released or cleared
    with `tf.Session.reset()`.

    For example:

    ```python
    with g.container('experiment0'):
      # All stateful Operations constructed in this context will be placed
      # in resource container ""experiment0"".
      v1 = tf.Variable([1.0])
      v2 = tf.Variable([2.0])
      with g.container(""experiment1""):
        # All stateful Operations constructed in this context will be
        # placed in resource container ""experiment1"".
        v3 = tf.Variable([3.0])
        q1 = tf.queue.FIFOQueue(10, tf.float32)
      # All stateful Operations constructed in this context will be
      # be created in the ""experiment0"".
      v4 = tf.Variable([4.0])
      q1 = tf.queue.FIFOQueue(20, tf.float32)
      with g.container(""""):
        # All stateful Operations constructed in this context will be
        # be placed in the default resource container.
        v5 = tf.Variable([5.0])
        q3 = tf.queue.FIFOQueue(30, tf.float32)

    # Resets container ""experiment0"", after which the state of v1, v2, v4, q1
    # will become undefined (such as uninitialized).
    tf.Session.reset(target, [""experiment0""])
    ```

    Args:
      container_name: container name string.

    Returns:
      A context manager for defining resource containers for stateful ops,
        yields the container name.
    "
tensorflow.python.ops.control_flow_v2_func_graphs.WhileCondFuncGraph.get_collection,"Returns a list of values in the collection with the given `name`.

    This is different from `get_collection_ref()` which always returns the
    actual collection list if it exists in that it returns a new list each time
    it is called.

    Args:
      name: The key for the collection. For example, the `GraphKeys` class
        contains many standard names for collections.
      scope: (Optional.) A string. If supplied, the resulting list is filtered
        to include only items whose `name` attribute matches `scope` using
        `re.match`. Items without a `name` attribute are never returned if a
        scope is supplied. The choice of `re.match` means that a `scope` without
        special tokens filters by prefix.

    Returns:
      The list of values in the collection with the given `name`, or
      an empty list if no value has been added to that collection. The
      list contains the values in the order under which they were
      collected.
    "
tensorflow.python.ops.control_flow_v2_func_graphs.WhileCondFuncGraph.get_collection_ref,"Returns a list of values in the collection with the given `name`.

    If the collection exists, this returns the list itself, which can
    be modified in place to change the collection.  If the collection does
    not exist, it is created as an empty list and the list is returned.

    This is different from `get_collection()` which always returns a copy of
    the collection list if it exists and never creates an empty collection.

    Args:
      name: The key for the collection. For example, the `GraphKeys` class
        contains many standard names for collections.

    Returns:
      The list of values in the collection with the given `name`, or an empty
      list if no value has been added to that collection.
    "
tensorflow.python.framework.none_tensor.NoneTensorSpec.placeholder_value,"Value used for tracing a function signature with this TraceType.

    WARNING: Do not override.

    Args:
      placeholder_context: A class container for context information when
        creating a placeholder value.

    Returns:
      A `CompositeTensor` placeholder whose components are recursively composed
        of placeholders themselves.
    "
tensorflow.python.eager.polymorphic_function.attributes.parse_func_attrs,"Convert the keyword arguments into function_def attributes.

  Currently only support primitive types: bool, int, float and string.

  Args:
    attributes: the dictionary of attributes.
    allowlist: set of attribute names allowed.
  Returns:
    A dict of attributes where the key is the name of attribute and the value
      is the AttrValue proto.
  Raises:
    ValueError: If the kwargs contains unallowlisted name or unsupported value
      types.
  "
tensorflow.python.framework.function.from_library,"Creates _DefinedFunctions initialized from a FunctionDefLibrary proto.

  This method handles assigning the correct gradient functions to each
  function.

  Args:
    lib: a FunctionDefLibrary

  Returns:
    A list of _DefinedFunctions

  Raises:
    ValueError: `lib` is invalid
  "
tensorflow.python.framework.graph_to_function_def.graph_to_function_def,"Returns `graph` as a `FunctionDef` protocol buffer.

  This method creates a [`FunctionDef`](
  https://www.tensorflow.org/code/tensorflow/core/framework/function.proto)
  protocol buffer that contains all the ops in `operations`.  The
  operations become the body of the function.

  The arguments `inputs` and `outputs` will be listed as the inputs
  and outputs tensors of the function.  They must be lists of
  tensors present in the graph.  The lists can optionally be empty.

  Args:
    graph: Graph.
    operations: the operations to put in the function. Must be a subset of
     the operations in the graph.
    inputs: List of tensors. Inputs to the function.
    outputs: List of tensors. Outputs of the function.
    out_names: Optional list of string names for the outputs.

  Returns:
    A FunctionDef protocol buffer.

  Raises:
    ValueError: if out_names is specified and the wrong length.
  "
tensorflow.core.function.polymorphism.function_type.sanitize_arg_name,"Sanitizes function argument names.

  Matches Python symbol naming rules.

  Without sanitization, names that are not legal Python parameter names can be
  set which makes it challenging to represent callables supporting the named
  calling capability.

  Args:
    name: The name to sanitize.

  Returns:
    A string that meets Python parameter conventions.
  "
tensorflow.python.eager.polymorphic_function.function_type_utils.FunctionSpec.signature_summary,"Returns a string summarizing this function's signature.

    Args:
      default_values: If true, then include default values in the signature.

    Returns:
      A `string`.
    "
tensorflow.python.platform.gfile.IsDirectory,"Returns whether the path is a directory or not.

  Args:
    dirname: string, path to a potential directory

  Returns:
    True, if the path is a directory; False otherwise
  "
tensorflow.python.framework.meta_graph.copy_scoped_meta_graph,"Copies a sub-meta_graph from one scope to another.

  Args:
    from_scope: `String` name scope containing the subgraph to be copied.
    to_scope: `String` name scope under which the copied subgraph will reside.
    from_graph: Optional `Graph` from which to copy the subgraph. If `None`, the
      default graph is use.
    to_graph: Optional `Graph` to which to copy the subgraph. If `None`, the
      default graph is used.

  Returns:
    A dictionary of `Variables` that has been copied into `to_scope`.

  Raises:
    ValueError: If `from_scope` and `to_scope` are the same while
      `from_graph` and `to_graph` are also the same.
  "
tensorflow.python.framework.meta_graph.ops_used_by_graph_def,"Collect the list of ops used by a graph.

  Does not validate that the ops are all registered.

  Args:
    graph_def: A `GraphDef` proto, as from `graph.as_graph_def()`.

  Returns:
    A list of strings, each naming an op used by the graph.
  "
tensorflow.python.framework.meta_graph.strip_graph_default_valued_attrs,"Strips default valued attributes for node defs in given MetaGraphDef.

  This method also sets `meta_info_def.stripped_default_attrs` in the given
  `MetaGraphDef` proto to True.

  Args:
    meta_graph_def: `MetaGraphDef` protocol buffer

  Returns:
    None.
  "
tensorflow.python.framework.meta_graph.stripped_op_list_for_graph,"Collect the stripped OpDefs for ops used by a graph.

  This function computes the `stripped_op_list` field of `MetaGraphDef` and
  similar protos.  The result can be communicated from the producer to the
  consumer, which can then use the C++ function
  `RemoveNewDefaultAttrsFromGraphDef` to improve forwards compatibility.

  Args:
    graph_def: A `GraphDef` proto, as from `graph.as_graph_def()`.

  Returns:
    An `OpList` of ops used by the graph.
  "
tensorflow.python.training.saver.object_graph_key_mapping,"Return name to key mappings from the checkpoint.

  Args:
    checkpoint_path: string, path to object-based checkpoint

  Returns:
    Dictionary mapping tensor names to checkpoint keys.
  "
tensorflow.python.data.util.structure.are_compatible,"Indicates whether two type specifications are compatible.

  Two type specifications are compatible if they have the same nested structure
  and the their individual components are pair-wise compatible.

  Args:
    spec1: A `tf.TypeSpec` object to compare.
    spec2: A `tf.TypeSpec` object to compare.

  Returns:
    `True` if the two type specifications are compatible and `False` otherwise.
  "
tensorflow.python.data.util.structure.from_compatible_tensor_list,"Returns an element constructed from the given spec and tensor list.

  Args:
    element_spec: A nested structure of `tf.TypeSpec` objects representing to
      element type specification.
    tensor_list: A list of tensors to use for constructing the value.

  Returns:
    An element constructed from the given spec and tensor list.

  Raises:
    ValueError: If the number of tensors needed to construct an element for
      the given spec does not match the given number of tensors.
  "
tensorflow.python.data.util.structure.from_tensor_list,"Returns an element constructed from the given spec and tensor list.

  Args:
    element_spec: A nested structure of `tf.TypeSpec` objects representing to
      element type specification.
    tensor_list: A list of tensors to use for constructing the value.

  Returns:
    An element constructed from the given spec and tensor list.

  Raises:
    ValueError: If the number of tensors needed to construct an element for
      the given spec does not match the given number of tensors or the given
      spec is not compatible with the tensor list.
  "
tensorflow.python.data.util.structure.get_flat_tensor_shapes,"Returns a list `tf.TensorShapes`s for the element tensor representation.

  Args:
    element_spec: A nested structure of `tf.TypeSpec` objects representing to
      element type specification.

  Returns:
    A list `tf.TensorShapes`s for the element tensor representation.
  "
tensorflow.python.data.util.structure.get_flat_tensor_specs,"Returns a list `tf.TypeSpec`s for the element tensor representation.

  Args:
    element_spec: A nested structure of `tf.TypeSpec` objects representing to
      element type specification.

  Returns:
    A list `tf.TypeSpec`s for the element tensor representation.
  "
tensorflow.python.data.util.structure.get_flat_tensor_types,"Returns a list `tf.DType`s for the element tensor representation.

  Args:
    element_spec: A nested structure of `tf.TypeSpec` objects representing to
      element type specification.

  Returns:
    A list `tf.DType`s for the element tensor representation.
  "
tensorflow.python.data.util.nest.pack_sequence_as,"Returns a given flattened sequence packed into a nest.

  If `structure` is a scalar, `flat_sequence` must be a single-element list;
  in this case the return value is `flat_sequence[0]`.

  Args:
    structure: tuple or list constructed of scalars and/or other tuples/lists,
      or a scalar.  Note: numpy arrays are considered scalars.
    flat_sequence: flat sequence to pack.

  Returns:
    packed: `flat_sequence` converted to have the same recursive structure as
      `structure`.

  Raises:
    ValueError: If nest and structure have different element counts.
  "
tensorflow.python.ops.ragged.ragged_array_ops.broadcast_dynamic_shape,"Returns the shape formed by broadcasting two shapes to be compatible.

  1. If shape_x and shape_y both have row_partitions, then fail if their dtypes
     don't match.
  2. If neither has row_partitions and they have different dtypes,
     go with int64.
  3. If one has row_partitions, go with that dtype.

  Args:
    shape_x: A `DynamicRaggedShape`
    shape_y: A `DynamicRaggedShape`

  Returns:
    A `DynamicRaggedShape`.
  Raises:
    ValueError: If `shape_x` and `shape_y` are not broadcast-compatible.
  "
tensorflow.python.ops.ragged.ragged_array_ops.broadcast_to,"Broadcasts a potentially ragged tensor to a ragged shape.

  Tiles `input` as necessary to match the given shape.

  Behavior is undefined if `input` is not broadcast-compatible with `shape`.

  Args:
    input: The potentially ragged tensor to broadcast.
    shape: A `DynamicRaggedShape`

  Returns:
    A potentially ragged tensor whose values are taken from
    `input`, and whose shape matches `shape`.
  "
tensorflow.python.ops.data_flow_ops.Barrier.insert_many,"For each key, assigns the respective value to the specified component.

    This operation updates each element at component_index.

    Args:
      component_index: The component of the value that is being assigned.
      keys: A vector of keys, with length n.
      values: An any-dimensional tensor of values, which are associated with the
        respective keys. The first dimension must have length n.
      name: Optional name for the op.

    Returns:
      The operation that performs the insertion.
    Raises:
      InvalidArgumentsError: If inserting keys and values without elements.
    "
tensorflow.python.ops.data_flow_ops.GPUCompatibleFIFOQueue.dequeue,"Dequeues one element from this queue.

    If the queue is empty when this operation executes, it will block
    until there is an element to dequeue.

    At runtime, this operation may raise an error if the queue is
    `tf.QueueBase.close` before or during its execution. If the
    queue is closed, the queue is empty, and there are no pending
    enqueue operations that can fulfill this request,
    `tf.errors.OutOfRangeError` will be raised. If the session is
    `tf.Session.close`,
    `tf.errors.CancelledError` will be raised.

    >>> q = tf.queue.FIFOQueue(capacity=2, dtypes=tf.int32)
    >>> q.enqueue(1)
    >>> q.enqueue(2)
    >>> q.dequeue()
    <tf.Tensor: shape=(), dtype=int32, numpy=1>
    >>> q.dequeue()
    <tf.Tensor: shape=(), dtype=int32, numpy=2>

    Args:
      name: A name for the operation (optional).

    Returns:
      The tuple of tensors that was dequeued.
    "
tensorflow.python.ops.data_flow_ops.GPUCompatibleFIFOQueue.from_list,"Create a queue using the queue reference from `queues[index]`.

    Args:
      index: An integer scalar tensor that determines the input that gets
        selected.
      queues: A list of `QueueBase` objects.

    Returns:
      A `QueueBase` object.

    Raises:
      TypeError: When `queues` is not a list of `QueueBase` objects,
        or when the data types of `queues` are not all the same.
    "
tensorflow.python.ops.data_flow_ops.GPUCompatibleFIFOQueue.size,"Compute the number of elements in this queue.

    >>> q = tf.queue.FIFOQueue(capacity=10, dtypes=tf.int32)
    >>> q.enqueue_many(tf.constant([1, 2, 3, 4], dtype=tf.int32))
    >>> q.size()
    <tf.Tensor: shape=(), dtype=int32, numpy=4>

    Args:
      name: A name for the operation (optional).

    Returns:
      A scalar tensor containing the number of elements in this queue.
    "
tensorflow.python.ops.ragged.dynamic_ragged_shape.DynamicRaggedShape,"The shape of a ragged or dense tensor.

  Ragged shapes are encoded using two fields:

  * `inner_shape`: An integer vector giving the shape of a dense tensor.
  * `row_partitions`: A list of `RowPartition` objects, describing how
    that flat shape should be partitioned to add ragged axes.

  If a DynamicRaggedShape is the shape of a RaggedTensor rt, then:
  1. row_partitions = rt._nested_row_partitions
     (and thus len(row_partitions) > 0)
  2. inner_shape is the shape of rt.flat_values

  If a DynamicRaggedShape is the shape of a dense tensor t, then:
  1. row_partitions = []
  2. inner_shape is the shape of t.

  Examples:

  The following table gives a few examples (where `RP(lengths)` is short
  for `RowPartition.from_lengths(lengths)`):

  Row Partitions              | Inner Shape  | Example Tensor
  --------------------------- | ------------ | ----------------------------
  []                          | [2, 3]       | `[[1, 2, 3], [4, 5, 6]]`
  [RP([2, 0, 3])]             | [5]          | `[[1, 2], [], [3, 4, 5]]`
  [RP([2, 1])]                | [3, 2]       | `[[[1, 2], [3, 4]], [[5, 6]]]`
  [RP([2, 1]), RP([2, 1, 2])] | [5]          | `[[[1, 2], [3]], [[4, 5]]]`
  "
tensorflow.python.ops.ragged.dynamic_ragged_shape.RowPartitionSpec.placeholder_value,"Value used for tracing a function signature with this TraceType.

    WARNING: Do not override.

    Args:
      placeholder_context: A class container for context information when
        creating a placeholder value.

    Returns:
      A `CompositeTensor` placeholder whose components are recursively composed
        of placeholders themselves.
    "
tensorflow.python.ops.ragged.dynamic_ragged_shape.broadcast_dynamic_shape,"Returns the shape formed by broadcasting two shapes to be compatible.

  1. If shape_x and shape_y both have row_partitions, then fail if their dtypes
     don't match.
  2. If neither has row_partitions and they have different dtypes,
     go with int64.
  3. If one has row_partitions, go with that dtype.

  Args:
    shape_x: A `DynamicRaggedShape`
    shape_y: A `DynamicRaggedShape`

  Returns:
    A `DynamicRaggedShape`.
  Raises:
    ValueError: If `shape_x` and `shape_y` are not broadcast-compatible.
  "
tensorflow.python.ops.ragged.dynamic_ragged_shape.broadcast_to,"Broadcasts a potentially ragged tensor to a ragged shape.

  Tiles `rt_input` as necessary to match the given shape.

  Behavior is undefined if `rt_input` is not broadcast-compatible with `shape`.

  Args:
    rt_input: The potentially ragged tensor to broadcast.
    shape: A `DynamicRaggedShape`

  Returns:
    A potentially ragged tensor whose values are taken from
    `rt_input`, and whose shape matches `shape`.
  "
tensorflow.python.framework.extension_type.AnonymousExtensionTypeSpec.placeholder_value,"Value used for tracing a function signature with this TraceType.

    WARNING: Do not override.

    Args:
      placeholder_context: A class container for context information when
        creating a placeholder value.

    Returns:
      A `CompositeTensor` placeholder whose components are recursively composed
        of placeholders themselves.
    "
tensorflow.python.framework.extension_type.BatchableExtensionTypeSpec.placeholder_value,"Value used for tracing a function signature with this TraceType.

    WARNING: Do not override.

    Args:
      placeholder_context: A class container for context information when
        creating a placeholder value.

    Returns:
      A `CompositeTensor` placeholder whose components are recursively composed
        of placeholders themselves.
    "
tensorflow.python.ops.composite_tensor_ops.composite_tensor_from_variant,"Returns the `ExtensionType` value encoded by a variant scalar tensor.

  Args:
    encoded: A Tensor returned by `composite_tensor_to_variants`.
    type_spec: The `TypeSpec` of the original value.  This is used to determine
      the number and types of the component tensors that comprise the decoded
      value.  Must be compatible with the `TypeSpec` serilized in `encoded`.
    name: Optional name for the operation.

  Returns:
    An `ExtensionType` value that is compatible with `TypeSpec`.

  Raises:
    TypeError: If `encoded` is not a Tensor with dtype=variant.
    InvalidArgumentError: If `encoded` is not compatible with `type_spec`.
  "
tensorflow.python.ops.composite_tensor_ops.composite_tensor_to_variants,"Encodes `value` as a scalar variant tensor.

  Args:
    value: The `ExtensionType` value to encode.
    type_spec: Information about the value's type that should be included in the
      encoding.
    name: Optional name for the operation.

  Returns:
    A Tensor with shape=`()` and dtype=`tf.variant`.

  Raises:
    ValueError: If `type_spec` is not compatible with `value`.
  "
tensorflow.python.autograph.pyct.inspect_utils.getfutureimports,"Detects what future imports are necessary to safely execute entity source.

  Args:
    entity: Any object

  Returns:
    A tuple of future strings
  "
tensorflow.python.autograph.pyct.inspect_utils.getmethodclass,"Resolves a function's owner, e.g.

  a method's class.

  Note that this returns the object that the function was retrieved from, not
  necessarily the class where it was defined.

  This function relies on Python stack frame support in the interpreter, and
  has the same limitations that inspect.currentframe.

  Limitations. This function will only work correctly if the owned class is
  visible in the caller's global or local variables.

  Args:
    m: A user defined function

  Returns:
    The class that this function was retrieved from, or None if the function
    is not an object or class method, or the class that owns the object or
    method is not visible to m.

  Raises:
    ValueError: if the class could not be resolved for any unexpected reason.
  "
tensorflow.python.autograph.pyct.inspect_utils.getqualifiedname,"Returns the name by which a value can be referred to in a given namespace.

  If the object defines a parent module, the function attempts to use it to
  locate the object.

  This function will recurse inside modules, but it will not search objects for
  attributes. The recursion depth is controlled by max_depth.

  Args:
    namespace: Dict[str, Any], the namespace to search into.
    object_: Any, the value to search.
    max_depth: Optional[int], a limit to the recursion depth when searching
      inside modules.
    visited: Optional[Set[int]], ID of modules to avoid visiting.
  Returns: Union[str, None], the fully-qualified name that resolves to the value
    o, or None if it couldn't be found.
  "
tensorflow.python.autograph.pyct.parser.parse,"Returns the AST of given piece of code.

  Args:
    src: Text
    preamble_len: Int, indicates leading nodes in the parsed AST which should be
      dropped.
    single_node: Bool, whether `src` is assumed to be represented by exactly one
      AST node.

  Returns:
    ast.AST
  "
tensorflow.python.autograph.impl.conversion.is_allowlisted,"Checks whether an entity is allowed for use in graph mode.

  Examples of allowed entities include all members of the tensorflow
  package.

  Args:
    o: A Python entity.
    check_call_override: Reserved for internal use. When set to `False`, it
      disables the rule according to which classes are allowed if their
      __call__ method is allowed.
    allow_namedtuple_subclass: Reserved for internal use. When `True`,
      namedtuple subclasses are not allowed.

  Returns:
    Boolean
  "
tensorflow.python.autograph.impl.api.convert,"Decorator that compiles a function to use TensorFlow ops.

  The decorator is dynamic - it recompiles the target whenever the decorated
  function is called. This means the parameter values are known at conversion.
  It also means that repeated calls with different types of parameters will be
  correctly processed.

  Args:
    recursive: bool, whether to recursively convert any functions or classes
      that the converted function may use.
    optional_features: converted.Feature, allows toggling optional or
      experimental features. When set to None, only the core features are
      enabled.
    user_requested: bool, whether this is a function that the user explicitly
      asked to be converted. See ConversionOptions.user_requested.
    conversion_ctx: Optional ag_ctx.ControlStatusCtx, the Autograph context in
      which `f` is used.

  Returns:
    Callable, a decorator that converts the given function into an equivalent
    function that uses TensorFlow ops.
  "
tensorflow.python.types.distribute.Iterable.reduce,"Reduces this iterable object to a single element.

    The transformation calls `reduce_func` successively on each element.
    The `initial_state` argument is used for the initial state and the final
    state is returned as the result.

    Args:
      initial_state: An element representing the initial state of the
        reduction.
      reduce_func: A function that maps `(old_state, input_element)` to
        `new_state`. The structure of `new_state` must match the structure of
        `old_state`. For the first element, `old_state` is `initial_state`.

    Returns:
      The final state of the transformation.
    "
tensorflow.python.autograph.operators.py_builtins.super_in_original_context,"Executes the super function in the context of a specified function.

  See https://docs.python.org/3/library/functions.html#super for the exact
  details

  Args:
    f: Callable, typically the super builtin
    args: List[Any], the original call arguments
    caller_fn_scope: Optional[function_wrappers.FunctionScope], the function
      scope of the converted function in which this call was originally made

  Returns:
    The result of calling `f` as if it was called in the frame indicated by
      `caller_fn_scope`.
  "
tensorflow.python.autograph.utils.type_registry.TypeRegistry.lookup,"Looks up 'obj'.

    Args:
      obj: The object to lookup within the registry.

    Returns:
      Value for 'obj' in the registry if found.
    Raises:
      LookupError: if 'obj' has not been registered.
    "
tensorflow.python.autograph.operators.data_structures.list_stack,"The list stack function.

  This does not have a direct correspondent in Python. The closest idiom to
  this is tf.append or np.stack. It's different from those in the sense that it
  accepts a Tensor list, rather than a list of tensors. It can also accept
  TensorArray. When the target is anything else, the dispatcher will rely on
  ctx.original_call for fallback.

  Args:
    list_: An entity that supports append semantics.
    opts: A ListStackOpts object.

  Returns:
    The output of the stack operation, typically a Tensor.
  "
tensorflow.python.autograph.operators.data_structures.new_list,"The list constructor.

  Args:
    iterable: Optional elements to fill the list with.

  Returns:
    A list-like object. The exact return value depends on the initial elements.
  "
tensorflow.python.autograph.operators.list_stack,"The list stack function.

  This does not have a direct correspondent in Python. The closest idiom to
  this is tf.append or np.stack. It's different from those in the sense that it
  accepts a Tensor list, rather than a list of tensors. It can also accept
  TensorArray. When the target is anything else, the dispatcher will rely on
  ctx.original_call for fallback.

  Args:
    list_: An entity that supports append semantics.
    opts: A ListStackOpts object.

  Returns:
    The output of the stack operation, typically a Tensor.
  "
tensorflow.python.autograph.operators.new_list,"The list constructor.

  Args:
    iterable: Optional elements to fill the list with.

  Returns:
    A list-like object. The exact return value depends on the initial elements.
  "
tensorflow.python.ops.nn_ops.avg_pool2d,"Performs the average pooling on the input.

  Each entry in `output` is the mean of the corresponding size `ksize`
  window in `value`.

  Args:
    input: A 4-D `Tensor` of shape `[batch, height, width, channels]` and type
      `float32`, `float64`, `qint8`, `quint8`, or `qint32`.
    ksize: An int or list of `ints` that has length `1`, `2` or `4`. The size of
      the window for each dimension of the input tensor.
    strides: An int or list of `ints` that has length `1`, `2` or `4`. The
      stride of the sliding window for each dimension of the input tensor.
    padding: A string, either `'VALID'` or `'SAME'`. The padding algorithm. See
      [here](https://www.tensorflow.org/api_docs/python/tf/nn#notes_on_padding_2)
      for more information.
    data_format: A string. 'NHWC' and 'NCHW' are supported.
    name: Optional name for the operation.

  Returns:
    A `Tensor` with the same type as `value`.  The average pooled output tensor.
  "
tensorflow.python.ops.nn_ops.avg_pool3d,"Performs the average pooling on the input.

  Each entry in `output` is the mean of the corresponding size `ksize`
  window in `value`.

  Args:
    input: A 5-D `Tensor` of shape `[batch, depth, height, width, channels]`
      and type `float32`, `float64`, `qint8`, `quint8`, or `qint32`.
    ksize: An int or list of `ints` that has length `1`, `3` or `5`. The size of
      the window for each dimension of the input tensor.
    strides: An int or list of `ints` that has length `1`, `3` or `5`. The
      stride of the sliding window for each dimension of the input tensor.
    padding: A string, either `'VALID'` or `'SAME'`. The padding algorithm. See
      [here](https://www.tensorflow.org/api_docs/python/tf/nn#notes_on_padding_2)
      for more information.
    data_format: A string. 'NDHWC' and 'NCDHW' are supported.
    name: Optional name for the operation.

  Returns:
    A `Tensor` with the same type as `value`.  The average pooled output tensor.
  "
tensorflow.python.ops.nn_ops.avg_pool_v2,"Performs the avg pooling on the input.

  Each entry in `output` is the mean of the corresponding size `ksize`
  window in `value`.

  Args:
    input:  Tensor of rank N+2, of shape `[batch_size] + input_spatial_shape +
      [num_channels]` if `data_format` does not start with ""NC"" (default), or
      `[batch_size, num_channels] + input_spatial_shape` if data_format starts
      with ""NC"". Pooling happens over the spatial dimensions only.
    ksize: An int or list of `ints` that has length `1`, `N` or `N+2`. The size
      of the window for each dimension of the input tensor.
    strides: An int or list of `ints` that has length `1`, `N` or `N+2`. The
      stride of the sliding window for each dimension of the input tensor.
    padding: A string, either `'VALID'` or `'SAME'`. The padding algorithm. See
      [here](https://www.tensorflow.org/api_docs/python/tf/nn#notes_on_padding_2)
      for more information.
    data_format: A string. Specifies the channel dimension. For N=1 it can be
      either ""NWC"" (default) or ""NCW"", for N=2 it can be either ""NHWC"" (default)
      or ""NCHW"" and for N=3 either ""NDHWC"" (default) or ""NCDHW"".
    name: Optional name for the operation.

  Returns:
    A `Tensor` of format specified by `data_format`.
    The average pooled output tensor.
  "
tensorflow.python.framework.graph_util.graph_defs_equal,"Returns True iff the graph def arguments are structurally equivalent.

  The notion of equivalence encoded here checks that the set of NodeDefs in
  the GraphDef's function library and main graph body are identical.
  Additionally, it checks that the functions in the function library are equal
  as sets.

  Example usage:

  ```
  with tf.Graph().as_default() as g1:
    tf.constant(1)

  with tf.Graph().as_default() as g2:
    tf.constant(2)

  with tf.Graph().as_default() as g3:
    tf.constant(1)

  assert tf.__internal__.graph_util.graph_defs_equal(g1.as_graph_def(),
                                                     g3.as_graph_def())

  assert not tf.__internal__.graph_util.graph_defs_equal(g1.as_graph_def(),
                                                         g2.as_graph_def())
  ```

  Args:
    graph_def_1: Instance of `graph_pb2.GraphDef` to compare.
    graph_def_2: Instance of `graph_pb2.GraphDef` to compare.
    treat_nan_as_equal: Boolean indicating whether or not to treat nan
      floating-point values as equal. This is crucial for any equivalence
      relation defined over GraphDefs, to ensure symmetry.

  Returns:
    Boolean indicating structural equivalence as described above.

  Raises:
    TypeError: If either of the GraphDefs are not instances of
      `graph_pb2.GraphDef`.
  "
tensorflow.python.ops.random_ops_util.convert_alg_to_int,"Converts algorithm to an integer.

  Args:
    alg: can be one of these types: integer, Algorithm, Tensor, string. Allowed
      strings are ""philox"" and ""threefry"".

  Returns:
    An integer, unless the input is a Tensor in which case a Tensor is returned.
  "
tensorflow.python.ops.stateless_random_ops.split,"Splits an RNG seed into `num` new seeds by adding a leading axis.

  Example:

  >>> seed = [1, 2]
  >>> new_seeds = tf.random.split(seed, num=3)
  >>> print(new_seeds)
  tf.Tensor(
  [[1105988140 1738052849]
   [-335576002  370444179]
   [  10670227 -246211131]], shape=(3, 2), dtype=int32)
  >>> tf.random.stateless_normal(shape=[3], seed=new_seeds[0, :])
  <tf.Tensor: shape=(3,), dtype=float32, numpy=array([-0.59835213, -0.9578608 ,
  0.9002807 ], dtype=float32)>

  Args:
    seed: an RNG seed (a tensor with shape [2] and dtype `int32` or `int64`).
      (When using XLA, only `int32` is allowed.)
    num: optional, a positive integer or scalar tensor indicating the number of
      seeds to produce (default 2).
    alg: The RNG algorithm used to generate the random numbers. See
      `tf.random.stateless_uniform` for a detailed explanation.

  Returns:
    A tensor with shape [num, 2] representing `num` new seeds. It will have the
    same dtype as `seed` (if `seed` doesn't have an explicit dtype, the dtype
    will be determined by `tf.convert_to_tensor`).
  "
tensorflow.python.ops.ragged.ragged_util.assert_splits_match,"Checks that the given splits lists are identical.

  Performs static tests to ensure that the given splits lists are identical,
  and returns a list of control dependency op tensors that check that they are
  fully identical.

  Args:
    nested_splits_lists: A list of nested_splits_lists, where each split_list is
      a list of `splits` tensors from a `RaggedTensor`, ordered from outermost
      ragged dimension to innermost ragged dimension.

  Returns:
    A list of control dependency op tensors.
  Raises:
    ValueError: If the splits are not identical.
  "
tensorflow.python.ops.ragged.segment_id_ops.segment_ids_to_row_splits,"Generates the RaggedTensor `row_splits` corresponding to a segmentation.

  Returns an integer vector `splits`, where `splits[0] = 0` and
  `splits[i] = splits[i-1] + count(segment_ids==i)`.  Example:

  >>> print(tf.ragged.segment_ids_to_row_splits([0, 0, 0, 2, 2, 3, 4, 4, 4]))
  tf.Tensor([0 3 3 5 6 9], shape=(6,), dtype=int64)

  Args:
    segment_ids: A 1-D integer Tensor.
    num_segments: A scalar integer indicating the number of segments.  Defaults
      to `max(segment_ids) + 1` (or zero if `segment_ids` is empty).
    out_type: The dtype for the return value.  Defaults to `segment_ids.dtype`,
      or `tf.int64` if `segment_ids` does not have a dtype.
    name: A name prefix for the returned tensor (optional).

  Returns:
    A sorted 1-D integer Tensor, with `shape=[num_segments + 1]`.
  "
tensorflow.python.ops.ragged.ragged_tensor_shape.RaggedTensorDynamicShape.from_dim_sizes,"Constructs a ragged shape from a list of dimension sizes.

    This list contains a single tensor for each dimension, where the tensor
    is a scalar if the dimension is uniform, or a vector if the dimension is
    ragged.

    Args:
      dim_sizes: List of int32 or int64 scalars or vectors.

    Returns:
      A RaggedTensorDynamicShape.
    "
tensorflow.python.ops.ragged.ragged_tensor_shape.broadcast_dynamic_shape,"Returns the shape formed by broadcasting two shapes to be compatible.

  Args:
    shape_x: A `RaggedTensorDynamicShape`
    shape_y: A `RaggedTensorDynamicShape`

  Returns:
    A `RaggedTensorDynamicShape`.
  Raises:
    ValueError: If `shape_x` and `shape_y` are not broadcast-compatible.
  "
tensorflow.python.ops.ragged.ragged_tensor_shape.broadcast_to,"Broadcasts a potentially ragged tensor to a ragged shape.

  Tiles `rt_input` as necessary to match the given shape.

  Behavior is undefined if `rt_input` is not broadcast-compatible with `shape`.

  Args:
    rt_input: The potentially ragged tensor to broadcast.
    shape: A `RaggedTensorDynamicShape`
    broadcast_inner_dimensions: If false, then inner dimensions will not be
      tiled.

  Returns:
    A potentially ragged tensor whose values are taken from
    `rt_input`, and whose shape matches `shape`.
  "
tensorflow.python.ops.sparse_ops.SparseReduceMax,"Computes the max of elements across dimensions of a SparseTensor.

  This Op takes a SparseTensor and is the sparse counterpart to
  `tf.reduce_max()`.  In particular, this Op also returns a dense `Tensor`
  instead of a sparse one.

  Reduces `sp_input` along the dimensions given in `reduction_axes`.  Unless
  `keep_dims` is true, the rank of the tensor is reduced by 1 for each entry in
  `reduction_axes`. If `keep_dims` is true, the reduced dimensions are retained
  with length 1.

  If `reduction_axes` has no entries, all dimensions are reduced, and a tensor
  with a single element is returned.  Additionally, the axes can be negative,
  which are interpreted according to the indexing rules in Python.

  Args:
    input_indices: A `Tensor` of type `int64`.
      2-D.  `N x R` matrix with the indices of non-empty values in a
      SparseTensor, possibly not in canonical ordering.
    input_values: A `Tensor`. Must be one of the following types: `float32`, `float64`, `int32`, `uint8`, `int16`, `int8`, `int64`, `bfloat16`, `uint16`, `half`, `uint32`, `uint64`.
      1-D.  `N` non-empty values corresponding to `input_indices`.
    input_shape: A `Tensor` of type `int64`.
      1-D.  Shape of the input SparseTensor.
    reduction_axes: A `Tensor` of type `int32`.
      1-D.  Length-`K` vector containing the reduction axes.
    keep_dims: An optional `bool`. Defaults to `False`.
      If true, retain reduced dimensions with length 1.
    name: A name for the operation (optional).

  Returns:
    A `Tensor`. Has the same type as `input_values`.
  "
tensorflow.python.ops.sparse_ops.SparseReduceMaxSparse,"Computes the max of elements across dimensions of a SparseTensor.

  This Op takes a SparseTensor and is the sparse counterpart to
  `tf.reduce_max()`.  In contrast to SparseReduceMax, this Op returns a
  SparseTensor.

  Reduces `sp_input` along the dimensions given in `reduction_axes`.  Unless
  `keep_dims` is true, the rank of the tensor is reduced by 1 for each entry in
  `reduction_axes`. If `keep_dims` is true, the reduced dimensions are retained
  with length 1.

  If `reduction_axes` has no entries, all dimensions are reduced, and a tensor
  with a single element is returned.  Additionally, the axes can be negative,
  which are interpreted according to the indexing rules in Python.

  Args:
    input_indices: A `Tensor` of type `int64`.
      2-D.  `N x R` matrix with the indices of non-empty values in a
      SparseTensor, possibly not in canonical ordering.
    input_values: A `Tensor`. Must be one of the following types: `float32`, `float64`, `int32`, `uint8`, `int16`, `int8`, `int64`, `bfloat16`, `uint16`, `half`, `uint32`, `uint64`.
      1-D.  `N` non-empty values corresponding to `input_indices`.
    input_shape: A `Tensor` of type `int64`.
      1-D.  Shape of the input SparseTensor.
    reduction_axes: A `Tensor` of type `int32`.
      1-D.  Length-`K` vector containing the reduction axes.
    keep_dims: An optional `bool`. Defaults to `False`.
      If true, retain reduced dimensions with length 1.
    name: A name for the operation (optional).

  Returns:
    A tuple of `Tensor` objects (output_indices, output_values, output_shape).

    output_indices: A `Tensor` of type `int64`.
    output_values: A `Tensor`. Has the same type as `input_values`.
    output_shape: A `Tensor` of type `int64`.
  "
tensorflow.python.ops.sparse_ops.SparseReduceSum,"Computes the sum of elements across dimensions of a SparseTensor.

  This Op takes a SparseTensor and is the sparse counterpart to
  `tf.reduce_sum()`.  In particular, this Op also returns a dense `Tensor`
  instead of a sparse one.

  Reduces `sp_input` along the dimensions given in `reduction_axes`.  Unless
  `keep_dims` is true, the rank of the tensor is reduced by 1 for each entry in
  `reduction_axes`. If `keep_dims` is true, the reduced dimensions are retained
  with length 1.

  If `reduction_axes` has no entries, all dimensions are reduced, and a tensor
  with a single element is returned.  Additionally, the axes can be negative,
  which are interpreted according to the indexing rules in Python.

  Args:
    input_indices: A `Tensor` of type `int64`.
      2-D.  `N x R` matrix with the indices of non-empty values in a
      SparseTensor, possibly not in canonical ordering.
    input_values: A `Tensor`. Must be one of the following types: `float32`, `float64`, `int32`, `uint8`, `int16`, `int8`, `complex64`, `int64`, `qint8`, `quint8`, `qint32`, `bfloat16`, `qint16`, `quint16`, `uint16`, `complex128`, `half`, `uint32`, `uint64`.
      1-D.  `N` non-empty values corresponding to `input_indices`.
    input_shape: A `Tensor` of type `int64`.
      1-D.  Shape of the input SparseTensor.
    reduction_axes: A `Tensor` of type `int32`.
      1-D.  Length-`K` vector containing the reduction axes.
    keep_dims: An optional `bool`. Defaults to `False`.
      If true, retain reduced dimensions with length 1.
    name: A name for the operation (optional).

  Returns:
    A `Tensor`. Has the same type as `input_values`.
  "
tensorflow.python.ops.sparse_ops.SparseReduceSumSparse,"Computes the sum of elements across dimensions of a SparseTensor.

  This Op takes a SparseTensor and is the sparse counterpart to
  `tf.reduce_sum()`.  In contrast to SparseReduceSum, this Op returns a
  SparseTensor.

  Reduces `sp_input` along the dimensions given in `reduction_axes`.  Unless
  `keep_dims` is true, the rank of the tensor is reduced by 1 for each entry in
  `reduction_axes`. If `keep_dims` is true, the reduced dimensions are retained
  with length 1.

  If `reduction_axes` has no entries, all dimensions are reduced, and a tensor
  with a single element is returned.  Additionally, the axes can be negative,
  which are interpreted according to the indexing rules in Python.

  Args:
    input_indices: A `Tensor` of type `int64`.
      2-D.  `N x R` matrix with the indices of non-empty values in a
      SparseTensor, possibly not in canonical ordering.
    input_values: A `Tensor`. Must be one of the following types: `float32`, `float64`, `int32`, `uint8`, `int16`, `int8`, `complex64`, `int64`, `qint8`, `quint8`, `qint32`, `bfloat16`, `qint16`, `quint16`, `uint16`, `complex128`, `half`, `uint32`, `uint64`.
      1-D.  `N` non-empty values corresponding to `input_indices`.
    input_shape: A `Tensor` of type `int64`.
      1-D.  Shape of the input SparseTensor.
    reduction_axes: A `Tensor` of type `int32`.
      1-D.  Length-`K` vector containing the reduction axes.
    keep_dims: An optional `bool`. Defaults to `False`.
      If true, retain reduced dimensions with length 1.
    name: A name for the operation (optional).

  Returns:
    A tuple of `Tensor` objects (output_indices, output_values, output_shape).

    output_indices: A `Tensor` of type `int64`.
    output_values: A `Tensor`. Has the same type as `input_values`.
    output_shape: A `Tensor` of type `int64`.
  "
tensorflow.python.ops.sparse_ops.sparse_dense_cwise_add,"Adds up a SparseTensor and a dense Tensor, using these special rules:

  (1) Broadcasts the dense side to have the same shape as the sparse side, if
      eligible;
  (2) Then, only the dense values pointed to by the indices of the SparseTensor
      participate in the cwise addition.

  By the rules, the result is a logical SparseTensor with exactly the same
  indices and shape, but possibly with different non-zero values.  The output of
  this Op is the resultant non-zero values.

  Args:
    sp_t: the SparseTensor operand.
    dense_t: the dense Tensor operand; must have the same dtype and a
      broadcast-compatible shape as `sp_t`.

  Returns:
    output: the SparseTensor output.
  "
tensorflow.python.ops.sparse_ops.sparse_eye,"Creates a two-dimensional sparse tensor with ones along the diagonal.

  Args:
    num_rows: Non-negative integer or `int32` scalar `tensor` giving the number
      of rows in the resulting matrix.
    num_columns: Optional non-negative integer or `int32` scalar `tensor` giving
      the number of columns in the resulting matrix. Defaults to `num_rows`.
    dtype: The type of element in the resulting `Tensor`.
    name: A name for this `Op`. Defaults to ""eye"".

  Returns:
    A `SparseTensor` of shape [num_rows, num_columns] with ones along the
    diagonal.
  "
tensorflow.python.ops.sparse_ops.sparse_retain,"Retains specified non-empty values within a `SparseTensor`.

  For example, if `sp_input` has shape `[4, 5]` and 4 non-empty string values:

      [0, 1]: a
      [0, 3]: b
      [2, 0]: c
      [3, 1]: d

  and `to_retain = [True, False, False, True]`, then the output will
  be a `SparseTensor` of shape `[4, 5]` with 2 non-empty values:

      [0, 1]: a
      [3, 1]: d

  Args:
    sp_input: The input `SparseTensor` with `N` non-empty elements.
    to_retain: A bool vector of length `N` with `M` true values.

  Returns:
    A `SparseTensor` with the same shape as the input and `M` non-empty
    elements corresponding to the true positions in `to_retain`.

  Raises:
    TypeError: If `sp_input` is not a `SparseTensor`.
  "
tensorflow.python.ops.clip_ops.global_norm,"Computes the global norm of multiple tensors.

  Given a tuple or list of tensors `t_list`, this operation returns the
  global norm of the elements in all tensors in `t_list`. The global norm is
  computed as:

  `global_norm = sqrt(sum([l2norm(t)**2 for t in t_list]))`

  Any entries in `t_list` that are of type None are ignored.

  Args:
    t_list: A tuple or list of mixed `Tensors`, `IndexedSlices`, or None.
    name: A name for the operation (optional).

  Returns:
    A 0-D (scalar) `Tensor` of type `float`.

  Raises:
    TypeError: If `t_list` is not a sequence.
  "
tensorflow.python.ops.image_ops.flat_transforms_to_matrices,"Converts `tf.contrib.image` projective transforms to affine matrices.

  Note that the output matrices map output coordinates to input coordinates. For
  the forward transformation matrix, call `tf.linalg.inv` on the result.

  Args:
    transforms: Vector of length 8, or batches of transforms with shape `(N,
      8)`.

  Returns:
    3D tensor of matrices with shape `(N, 3, 3)`. The output matrices map the
      *output coordinates* (in homogeneous coordinates) of each transform to the
      corresponding *input coordinates*.

  Raises:
    ValueError: If `transforms` have an invalid shape.
  "
tensorflow.python.ops.ctc_ops.collapse_repeated,"Merge repeated labels into single labels.

  Args:
    labels: Tensor of shape [batch, max value in seq_length]
    seq_length: Tensor of shape [batch], sequence length of each batch element.
    name: A name for this `Op`. Defaults to ""collapse_repeated_labels"".

  Returns:
    A tuple `(collapsed_labels, new_seq_length)` where

    collapsed_labels: Tensor of shape [batch, max_seq_length] with repeated
    labels collapsed and padded to max_seq_length, eg:
    `[[A, A, B, B, A], [A, B, C, D, E]] => [[A, B, A, 0, 0], [A, B, C, D, E]]`

    new_seq_length: int tensor of shape [batch] with new sequence lengths.
  "
tensorflow.python.ops.gradients_impl.HessiansV2,"Constructs the Hessian of sum of `ys` with respect to `x` in `xs`.

  `hessians()` adds ops to the graph to output the Hessian matrix of `ys`
  with respect to `xs`.  It returns a list of `Tensor` of length `len(xs)`
  where each tensor is the Hessian of `sum(ys)`.

  The Hessian is a matrix of second-order partial derivatives of a scalar
  tensor (see https://en.wikipedia.org/wiki/Hessian_matrix for more details).

  Args:
    ys: A `Tensor` or list of tensors to be differentiated.
    xs: A `Tensor` or list of tensors to be used for differentiation.
    gate_gradients: See `gradients()` documentation for details.
    aggregation_method: See `gradients()` documentation for details.
    name: Optional name to use for grouping all the gradient ops together.
      defaults to 'hessians'.

  Returns:
    A list of Hessian matrices of `sum(ys)` for each `x` in `xs`.

  Raises:
    LookupError: if one of the operations between `xs` and `ys` does not
      have a registered gradient function.
  "
tensorflow.python.ops.gradients_impl.hessians,"Constructs the Hessian of sum of `ys` with respect to `x` in `xs`.

  `hessians()` adds ops to the graph to output the Hessian matrix of `ys`
  with respect to `xs`.  It returns a list of `Tensor` of length `len(xs)`
  where each tensor is the Hessian of `sum(ys)`.

  The Hessian is a matrix of second-order partial derivatives of a scalar
  tensor (see https://en.wikipedia.org/wiki/Hessian_matrix for more details).

  Args:
    ys: A `Tensor` or list of tensors to be differentiated.
    xs: A `Tensor` or list of tensors to be used for differentiation.
    name: Optional name to use for grouping all the gradient ops together.
      defaults to 'hessians'.
    colocate_gradients_with_ops: See `gradients()` documentation for details.
    gate_gradients: See `gradients()` documentation for details.
    aggregation_method: See `gradients()` documentation for details.

  Returns:
    A list of Hessian matrices of `sum(ys)` for each `x` in `xs`.

  Raises:
    LookupError: if one of the operations between `xs` and `ys` does not
      have a registered gradient function.
  "
tensorflow.python.ops.nccl_ops.all_max,"Returns a list of tensors with the all-reduce max across `tensors`.

  The computation is done with an all-reduce operation, so if only some of the
  returned tensors are evaluated then the computation will hang.

  Args:
    tensors: The input tensors across which to reduce; must be assigned
      to GPU devices.

  Returns:
    List of tensors, each with the maximum of the input tensors, where tensor i
    has the same device as `tensors[i]`.
  "
tensorflow.python.ops.nccl_ops.all_min,"Returns a list of tensors with the all-reduce min across `tensors`.

  The computation is done with an all-reduce operation, so if only some of the
  returned tensors are evaluated then the computation will hang.

  Args:
    tensors: The input tensors across which to reduce; must be assigned
      to GPU devices.

  Returns:
    List of tensors, each with the minimum of the input tensors, where tensor i
    has the same device as `tensors[i]`.
  "
tensorflow.python.ops.nccl_ops.all_prod,"Returns a list of tensors with the all-reduce product across `tensors`.

  The computation is done with an all-reduce operation, so if only some of the
  returned tensors are evaluated then the computation will hang.

  Args:
    tensors: The input tensors across which to multiply; must be assigned
      to GPU devices.

  Returns:
    List of tensors, each with the product of the input tensors, where tensor i
    has the same device as `tensors[i]`.
  "
tensorflow.python.ops.nccl_ops.all_sum,"Returns a list of tensors with the all-reduce sum across `tensors`.

  The computation is done with an all-reduce operation, so if only some of the
  returned tensors are evaluated then the computation will hang.

  Args:
    tensors: The input tensors across which to sum; must be assigned
      to GPU devices.

  Returns:
    List of tensors, each with the sum of the input tensors, where tensor i has
    the same device as `tensors[i]`.
  "
tensorflow.python.ops.nccl_ops.broadcast,"Returns a tensor that can be efficiently transferred to other devices.

  Args:
    tensor: The tensor to send; must be assigned to a GPU device.

  Returns:
    A tensor with the value of `src_tensor`, which can be used as input to
    ops on other GPU devices.
  "
tensorflow.python.ops.nccl_ops.reduce_sum,"Returns a tensor with the reduce sum across `tensors`.

  The computation is done with a reduce operation, so only one tensor is
  returned.

  Args:
    tensors: The input tensors across which to sum; must be assigned
      to GPU devices.

  Returns:
    A tensor containing the sum of the input tensors.

  Raises:
    LookupError: If context is not currently using a GPU device.
  "
tensorflow.python.ops.linalg.sparse.sparse_csr_matrix_ops.dense_shape_and_type,"Get dense shape and dtype of the tf.Tensor containing the matrix.

  Args:
    matrix: A `tf.Tensor` of type `tf.variant` storing a sparse matrix.

  Returns:
    An instance of `ShapeAndType` with properties `shape` (a `tf.TensorShape`)
    and `dtype` (a `tf.DType`).

  Raises:
    TypeError: if `matrix` is not a tensor or its dtype is not variant.
    ValueError: if `matrix` lacks static handle data containing the dense
      shape and dtype.
  "
tensorflow.python.eager.imperative_grad.imperative_grad,"Computes gradients from the imperatively defined tape on top of the stack.

  Works by filtering the tape, computing how many downstream usages are of each
  tensor and entry, and repeatedly applying backward functions until we have
  gradients for all sources.

  Args:
   tape: the gradient tape which stores the trace.
   target: either a Tensor or list of Tensors to be differentiated.
   sources: list of Tensors for which we want gradients
   output_gradients: if not None, a list of gradient provided for each Target,
    or None if we are to use the target's computed downstream gradient.
   sources_raw: if not None, a list of the source python objects from which the
    sources were generated. Should have the same length as sources. Only needs
    to be populated if unconnected_gradients is 'zero'.
   unconnected_gradients: determines the value returned if the target and
    sources are unconnected. When 'none' the value returned is None wheras when
    'zero' a zero tensor in the same shape as the sources is returned.

  Returns:
   the gradient wrt each of the sources.

  Raises:
    ValueError: if the arguments are invalid.
    RuntimeError: if something goes wrong.
  "
tensorflow.python.ops.parallel_for.control_flow_ops.PFor.convert,"Returns the converted value corresponding to y.

    Args:
      y: A Tensor or a ops.Operation object. If latter, y should not have
        any outputs.

    Returns:
      If y does not need to be converted, it returns y as is. Else it returns
      the ""converted value"" corresponding to y.
    "
tensorflow.python.ops.parallel_for.control_flow_ops.PForConfig.reduce_mean,"Performs a mean reduction on `x` across pfor iterations.

    Note that this currently may not work inside a control flow construct.
    Args:
      x: an unvectorized Tensor.

    Returns:
      A Tensor that has same rank as `x`. The value is the mean of the values
      of `x` across the pfor iterations.
    "
tensorflow.python.ops.parallel_for.control_flow_ops.PForConfig.reduce_sum,"Performs a sum reduction on `x` across pfor iterations.

    Note that this currently may not work inside a control flow construct.
    Args:
      x: an unvectorized Tensor.

    Returns:
      A Tensor that has same rank as `x`. The value is the sum of the values
      of `x` across the pfor iterations.
    "
tensorflow.python.ops.parallel_for.control_flow_ops.for_loop,"Runs `loop_fn` `iters` times and stacks the outputs.


  Runs `loop_fn` `iters` times, with input values from 0 to `iters - 1`, and
  stacks corresponding outputs of the different runs.

  Args:
    loop_fn: A function that takes an int32 scalar tf.Tensor object representing
      the iteration number, and returns a possibly nested structure of tensor
      objects. The shape of these outputs should not depend on the input.
    loop_fn_dtypes: dtypes for the outputs of `loop_fn`.
    iters: Number of iterations for which to run `loop_fn`.
    parallel_iterations: The number of iterations that can be dispatched in
      parallel. This knob can be used to control the total memory usage.

  Returns:
    Returns a nested structure of stacked output tensor objects with the same
    nested structure as the output of `loop_fn`.
  "
tensorflow.python.eager.backprop.record_gradient,"Explicitly record the gradient for a given op.

  Args:
    op_name: The op name as listed in the `OpDef` for the op.
    inputs: A list of tensor inputs to the op.
    attrs: The op attributes as a flattened list of alternating attribute names
      and attribute values.
    outputs: A list of tensor outputs from the op.
  "
tensorflow.python.ops.op_selector.get_backward_walk_ops,"Do a backward graph walk and return all the visited ops.

  Args:
    seed_ops: an iterable of operations from which the backward graph
      walk starts. If a list of tensors is given instead, the seed_ops are set
      to be the generators of those tensors.
    inclusive: if True the given seed_ops are also part of the resulting set.
    within_ops: an iterable of `tf.Operation` within which the search is
      restricted. If `within_ops` is `None`, the search is performed within
      the whole graph.
    within_ops_fn: if provided, a function on ops that should return True iff
      the op is within the graph traversal. This can be used along within_ops,
      in which case an op is within if it is also in within_ops.
    stop_at_ts: an iterable of tensors at which the graph walk stops.
    control_inputs: if True, control inputs will be used while moving backward.
    only_differentiable: if True, only traverse ops which are differentiable.
      This includes natively differentiable ops, or ops with custom gradients.
  Returns:
    A Python set of all the `tf.Operation` behind `seed_ops`.
  Raises:
    TypeError: if `seed_ops` or `within_ops` cannot be converted to a list of
      `tf.Operation`.
  "
tensorflow.python.ops.op_selector.get_consuming_ops,"Return all the consuming ops of the tensors in ts.

  Args:
    ts: a list of `tf.Tensor`
  Returns:
    A list of all the consuming `tf.Operation` of the tensors in `ts`.
  Raises:
    TypeError: if ts cannot be converted to a list of `tf.Tensor`.
  "
tensorflow.python.ops.op_selector.get_generating_ops,"Return all the generating ops of the tensors in `ts`.

  Args:
    ts: a list of `tf.Tensor`
  Returns:
    A list of all the generating `tf.Operation` of the tensors in `ts`.
  Raises:
    TypeError: if `ts` cannot be converted to a list of `tf.Tensor`.
  "
tensorflow.python.ops.op_selector.get_tensors,"get all the tensors which are input or output of an op in the graph.

  Args:
    graph: a `tf.Graph`.
  Returns:
    A list of `tf.Tensor`.
  Raises:
    TypeError: if graph is not a `tf.Graph`.
  "
tensorflow.python.ops.op_selector.make_list_of_op,"Convert ops to a list of `tf.Operation`.

  Args:
    tops: can be an iterable of `tf.Operation`, a `tf.Graph` or a single
      operation.
    check_graph: if `True` check if all the operations belong to the same graph.
    allow_graph: if `False` a `tf.Graph` cannot be converted.
    ignore_ts: if True, silently ignore `tf.Tensor`.
  Returns:
    A newly created list of `tf.Operation`.
  Raises:
    TypeError: if tops cannot be converted to a list of `tf.Operation` or,
     if `check_graph` is `True`, if all the ops do not belong to the
     same graph.
  "
tensorflow.python.ops.op_selector.make_list_of_t,"Convert ts to a list of `tf.Tensor`.

  Args:
    ts: can be an iterable of `tf.Tensor`, a `tf.Graph` or a single tensor.
    check_graph: if `True` check if all the tensors belong to the same graph.
    allow_graph: if `False` a `tf.Graph` cannot be converted.
    ignore_ops: if `True`, silently ignore `tf.Operation`.
  Returns:
    A newly created list of `tf.Tensor`.
  Raises:
    TypeError: if `ts` cannot be converted to a list of `tf.Tensor` or,
     if `check_graph` is `True`, if all the ops do not belong to the same graph.
  "
tensorflow.python.ops.op_selector.show_path,"Find one path from `from_op` to any of `tensors`, ignoring `sources`.

  Args:
    from_op: A `tf.Operation`.
    tensors: A `tf.Operation`, a `tf.Tensor`, or a list thereof.
    sources: A list of `tf.Tensor`.

  Returns:
    A python string containing the path, or ""??"" if none is found.
  "
tensorflow.python.ops.ctc_ops.dense_labels_to_sparse,"Convert dense labels with sequence lengths to sparse tensor.

  Args:
    dense: tensor of shape [batch, max_length]
    length: int tensor of shape [batch] The length of each sequence in dense.

  Returns:
    tf.sparse.SparseTensor with values only for the valid elements of sequences.
  "
tensorflow.python.ops.nn_impl.weighted_moments_v2,"Returns the frequency-weighted mean and variance of `x`.

  Args:
    x: A tensor.
    axes: 1-d tensor of int32 values; these are the axes along which
      to compute mean and variance.
    frequency_weights: A tensor of positive weights which can be
      broadcast with x.
    keepdims: Produce moments with the same dimensionality as the input.
    name: Name used to scope the operation.

  Returns:
    Two tensors: `weighted_mean` and `weighted_variance`.
  "
tensorflow.python.ops.image_ops.resize_image_with_pad_v1,"Resizes and pads an image to a target width and height.

  Resizes an image to a target width and height by keeping
  the aspect ratio the same without distortion. If the target
  dimensions don't match the image dimensions, the image
  is resized and then padded with zeroes to match requested
  dimensions.

  Args:
    image: 4-D Tensor of shape `[batch, height, width, channels]` or 3-D Tensor
      of shape `[height, width, channels]`.
    target_height: Target height.
    target_width: Target width.
    method: Method to use for resizing image. See `resize_images()`
    align_corners: bool.  If True, the centers of the 4 corner pixels of the
      input and output tensors are aligned, preserving the values at the corner
      pixels. Defaults to `False`.

  Raises:
    ValueError: if `target_height` or `target_width` are zero or negative.

  Returns:
    Resized and padded image.
    If `images` was 4-D, a 4-D float Tensor of shape
    `[batch, new_height, new_width, channels]`.
    If `images` was 3-D, a 3-D float Tensor of shape
    `[new_height, new_width, channels]`.
  "
tensorflow.python.ops.image_ops.rgb_to_yuv,"Converts one or more images from RGB to YUV.

  Outputs a tensor of the same shape as the `images` tensor, containing the YUV
  value of the pixels.
  The output is only well defined if the value in images are in [0, 1].
  There are two ways of representing an image: [0, 255] pixel values range or
  [0, 1] (as float) pixel values range. Users need to convert the input image
  into a float [0, 1] range.

  Args:
    images: 2-D or higher rank. Image data to convert. Last dimension must be
      size 3.

  Returns:
    images: tensor with the same shape as `images`.
  "
tensorflow.python.ops.image_ops.yiq_to_rgb,"Converts one or more images from YIQ to RGB.

  Outputs a tensor of the same shape as the `images` tensor, containing the RGB
  value of the pixels.
  The output is only well defined if the Y value in images are in [0,1],
  I value are in [-0.5957,0.5957] and Q value are in [-0.5226,0.5226].

  Args:
    images: 2-D or higher rank. Image data to convert. Last dimension must be
      size 3.

  Returns:
    images: tensor with the same shape as `images`.
  "
tensorflow.python.data.util.structure.to_batched_tensor_list,"Returns a tensor list representation of the element.

  Args:
    element_spec: A nested structure of `tf.TypeSpec` objects representing to
      element type specification.
    element: The element to convert to tensor list representation.

  Returns:
    A tensor list representation of `element`.

  Raises:
    ValueError: If `element_spec` and `element` do not have the same number of
      elements or if the two structures are not nested in the same way or the
      rank of any of the tensors in the tensor list representation is 0.
    TypeError: If `element_spec` and `element` differ in the type of sequence
      in any of their substructures.
  "
tensorflow.python.data.util.structure.to_tensor_list,"Returns a tensor list representation of the element.

  Args:
    element_spec: A nested structure of `tf.TypeSpec` objects representing to
      element type specification.
    element: The element to convert to tensor list representation.

  Returns:
    A tensor list representation of `element`.

  Raises:
    ValueError: If `element_spec` and `element` do not have the same number of
      elements or if the two structures are not nested in the same way.
    TypeError: If `element_spec` and `element` differ in the type of sequence
      in any of their substructures.
  "
tensorflow.python.data.util.structure.type_spec_from_value,"Creates a type specification for the given value.

  Args:
    element: The element to create the type specification for.
    use_fallback: Whether to fall back to converting the element to a tensor
      in order to compute its `TypeSpec`.

  Returns:
    A nested structure of `TypeSpec`s that represents the type specification
    of `element`.

  Raises:
    TypeError: If a `TypeSpec` cannot be built for `element`, because its type
      is not supported.
  "
tensorflow.python.data.ops.dataset_ops.BatchDataset.counter,"Creates a `Dataset` that counts from `start` in steps of size `step`.

    Unlike `tf.data.Dataset.range`, which stops at some ending number,
    `tf.data.Dataset.counter` produces elements indefinitely.

    >>> dataset = tf.data.experimental.Counter().take(5)
    >>> [a.item() for a in dataset.as_numpy_iterator()]
    [0, 1, 2, 3, 4]
    >>> dataset.element_spec
    TensorSpec(shape=(), dtype=tf.int64, name=None)
    >>> dataset = tf.data.experimental.Counter(dtype=tf.int32)
    >>> dataset.element_spec
    TensorSpec(shape=(), dtype=tf.int32, name=None)
    >>> dataset = tf.data.experimental.Counter(start=2).take(5)
    >>> [a.item() for a in dataset.as_numpy_iterator()]
    [2, 3, 4, 5, 6]
    >>> dataset = tf.data.experimental.Counter(start=2, step=5).take(5)
    >>> [a.item() for a in dataset.as_numpy_iterator()]
    [2, 7, 12, 17, 22]
    >>> dataset = tf.data.experimental.Counter(start=10, step=-1).take(5)
    >>> [a.item() for a in dataset.as_numpy_iterator()]
    [10, 9, 8, 7, 6]

    Args:
      start: (Optional.) The starting value for the counter. Defaults to 0.
      step: (Optional.) The step size for the counter. Defaults to 1.
      dtype: (Optional.) The data type for counter elements. Defaults to
        `tf.int64`.
      name: (Optional.) A name for the tf.data operation.

    Returns:
      A `Dataset` of scalar `dtype` elements.
    "
tensorflow.python.data.ops.dataset_ops.BatchDataset.scan,"A transformation that scans a function across an input dataset.

    This transformation is a stateful relative of `tf.data.Dataset.map`.
    In addition to mapping `scan_func` across the elements of the input dataset,
    `scan()` accumulates one or more state tensors, whose initial values are
    `initial_state`.

    >>> dataset = tf.data.Dataset.range(10)
    >>> initial_state = tf.constant(0, dtype=tf.int64)
    >>> scan_func = lambda state, i: (state + i, state + i)
    >>> dataset = dataset.scan(initial_state=initial_state, scan_func=scan_func)
    >>> [a.item() for a in dataset.as_numpy_iterator()]
    [0, 1, 3, 6, 10, 15, 21, 28, 36, 45]

    Args:
      initial_state: A nested structure of tensors, representing the initial
        state of the accumulator.
      scan_func: A function that maps `(old_state, input_element)` to
        `(new_state, output_element)`. It must take two arguments and return a
        pair of nested structures of tensors. The `new_state` must match the
        structure of `initial_state`.
      name: (Optional.) A name for the tf.data operation.

    Returns:
      A new `Dataset` with the transformation applied as described above.
    "
tensorflow.python.data.ops.dataset_ops.DatasetSource.counter,"Creates a `Dataset` that counts from `start` in steps of size `step`.

    Unlike `tf.data.Dataset.range`, which stops at some ending number,
    `tf.data.Dataset.counter` produces elements indefinitely.

    >>> dataset = tf.data.experimental.Counter().take(5)
    >>> [a.item() for a in dataset.as_numpy_iterator()]
    [0, 1, 2, 3, 4]
    >>> dataset.element_spec
    TensorSpec(shape=(), dtype=tf.int64, name=None)
    >>> dataset = tf.data.experimental.Counter(dtype=tf.int32)
    >>> dataset.element_spec
    TensorSpec(shape=(), dtype=tf.int32, name=None)
    >>> dataset = tf.data.experimental.Counter(start=2).take(5)
    >>> [a.item() for a in dataset.as_numpy_iterator()]
    [2, 3, 4, 5, 6]
    >>> dataset = tf.data.experimental.Counter(start=2, step=5).take(5)
    >>> [a.item() for a in dataset.as_numpy_iterator()]
    [2, 7, 12, 17, 22]
    >>> dataset = tf.data.experimental.Counter(start=10, step=-1).take(5)
    >>> [a.item() for a in dataset.as_numpy_iterator()]
    [10, 9, 8, 7, 6]

    Args:
      start: (Optional.) The starting value for the counter. Defaults to 0.
      step: (Optional.) The step size for the counter. Defaults to 1.
      dtype: (Optional.) The data type for counter elements. Defaults to
        `tf.int64`.
      name: (Optional.) A name for the tf.data operation.

    Returns:
      A `Dataset` of scalar `dtype` elements.
    "
tensorflow.python.data.ops.dataset_ops.DatasetSource.scan,"A transformation that scans a function across an input dataset.

    This transformation is a stateful relative of `tf.data.Dataset.map`.
    In addition to mapping `scan_func` across the elements of the input dataset,
    `scan()` accumulates one or more state tensors, whose initial values are
    `initial_state`.

    >>> dataset = tf.data.Dataset.range(10)
    >>> initial_state = tf.constant(0, dtype=tf.int64)
    >>> scan_func = lambda state, i: (state + i, state + i)
    >>> dataset = dataset.scan(initial_state=initial_state, scan_func=scan_func)
    >>> [a.item() for a in dataset.as_numpy_iterator()]
    [0, 1, 3, 6, 10, 15, 21, 28, 36, 45]

    Args:
      initial_state: A nested structure of tensors, representing the initial
        state of the accumulator.
      scan_func: A function that maps `(old_state, input_element)` to
        `(new_state, output_element)`. It must take two arguments and return a
        pair of nested structures of tensors. The `new_state` must match the
        structure of `initial_state`.
      name: (Optional.) A name for the tf.data operation.

    Returns:
      A new `Dataset` with the transformation applied as described above.
    "
tensorflow.python.data.ops.dataset_ops.DatasetV1Adapter.counter,"Creates a `Dataset` that counts from `start` in steps of size `step`.

    Unlike `tf.data.Dataset.range`, which stops at some ending number,
    `tf.data.Dataset.counter` produces elements indefinitely.

    >>> dataset = tf.data.experimental.Counter().take(5)
    >>> [a.item() for a in dataset.as_numpy_iterator()]
    [0, 1, 2, 3, 4]
    >>> dataset.element_spec
    TensorSpec(shape=(), dtype=tf.int64, name=None)
    >>> dataset = tf.data.experimental.Counter(dtype=tf.int32)
    >>> dataset.element_spec
    TensorSpec(shape=(), dtype=tf.int32, name=None)
    >>> dataset = tf.data.experimental.Counter(start=2).take(5)
    >>> [a.item() for a in dataset.as_numpy_iterator()]
    [2, 3, 4, 5, 6]
    >>> dataset = tf.data.experimental.Counter(start=2, step=5).take(5)
    >>> [a.item() for a in dataset.as_numpy_iterator()]
    [2, 7, 12, 17, 22]
    >>> dataset = tf.data.experimental.Counter(start=10, step=-1).take(5)
    >>> [a.item() for a in dataset.as_numpy_iterator()]
    [10, 9, 8, 7, 6]

    Args:
      start: (Optional.) The starting value for the counter. Defaults to 0.
      step: (Optional.) The step size for the counter. Defaults to 1.
      dtype: (Optional.) The data type for counter elements. Defaults to
        `tf.int64`.
      name: (Optional.) A name for the tf.data operation.

    Returns:
      A `Dataset` of scalar `dtype` elements.
    "
tensorflow.python.data.ops.dataset_ops.DatasetV1Adapter.scan,"A transformation that scans a function across an input dataset.

    This transformation is a stateful relative of `tf.data.Dataset.map`.
    In addition to mapping `scan_func` across the elements of the input dataset,
    `scan()` accumulates one or more state tensors, whose initial values are
    `initial_state`.

    >>> dataset = tf.data.Dataset.range(10)
    >>> initial_state = tf.constant(0, dtype=tf.int64)
    >>> scan_func = lambda state, i: (state + i, state + i)
    >>> dataset = dataset.scan(initial_state=initial_state, scan_func=scan_func)
    >>> [a.item() for a in dataset.as_numpy_iterator()]
    [0, 1, 3, 6, 10, 15, 21, 28, 36, 45]

    Args:
      initial_state: A nested structure of tensors, representing the initial
        state of the accumulator.
      scan_func: A function that maps `(old_state, input_element)` to
        `(new_state, output_element)`. It must take two arguments and return a
        pair of nested structures of tensors. The `new_state` must match the
        structure of `initial_state`.
      name: (Optional.) A name for the tf.data operation.

    Returns:
      A new `Dataset` with the transformation applied as described above.
    "
tensorflow.python.data.ops.dataset_ops.PrefetchDataset.counter,"Creates a `Dataset` that counts from `start` in steps of size `step`.

    Unlike `tf.data.Dataset.range`, which stops at some ending number,
    `tf.data.Dataset.counter` produces elements indefinitely.

    >>> dataset = tf.data.experimental.Counter().take(5)
    >>> [a.item() for a in dataset.as_numpy_iterator()]
    [0, 1, 2, 3, 4]
    >>> dataset.element_spec
    TensorSpec(shape=(), dtype=tf.int64, name=None)
    >>> dataset = tf.data.experimental.Counter(dtype=tf.int32)
    >>> dataset.element_spec
    TensorSpec(shape=(), dtype=tf.int32, name=None)
    >>> dataset = tf.data.experimental.Counter(start=2).take(5)
    >>> [a.item() for a in dataset.as_numpy_iterator()]
    [2, 3, 4, 5, 6]
    >>> dataset = tf.data.experimental.Counter(start=2, step=5).take(5)
    >>> [a.item() for a in dataset.as_numpy_iterator()]
    [2, 7, 12, 17, 22]
    >>> dataset = tf.data.experimental.Counter(start=10, step=-1).take(5)
    >>> [a.item() for a in dataset.as_numpy_iterator()]
    [10, 9, 8, 7, 6]

    Args:
      start: (Optional.) The starting value for the counter. Defaults to 0.
      step: (Optional.) The step size for the counter. Defaults to 1.
      dtype: (Optional.) The data type for counter elements. Defaults to
        `tf.int64`.
      name: (Optional.) A name for the tf.data operation.

    Returns:
      A `Dataset` of scalar `dtype` elements.
    "
tensorflow.python.data.ops.dataset_ops.PrefetchDataset.scan,"A transformation that scans a function across an input dataset.

    This transformation is a stateful relative of `tf.data.Dataset.map`.
    In addition to mapping `scan_func` across the elements of the input dataset,
    `scan()` accumulates one or more state tensors, whose initial values are
    `initial_state`.

    >>> dataset = tf.data.Dataset.range(10)
    >>> initial_state = tf.constant(0, dtype=tf.int64)
    >>> scan_func = lambda state, i: (state + i, state + i)
    >>> dataset = dataset.scan(initial_state=initial_state, scan_func=scan_func)
    >>> [a.item() for a in dataset.as_numpy_iterator()]
    [0, 1, 3, 6, 10, 15, 21, 28, 36, 45]

    Args:
      initial_state: A nested structure of tensors, representing the initial
        state of the accumulator.
      scan_func: A function that maps `(old_state, input_element)` to
        `(new_state, output_element)`. It must take two arguments and return a
        pair of nested structures of tensors. The `new_state` must match the
        structure of `initial_state`.
      name: (Optional.) A name for the tf.data operation.

    Returns:
      A new `Dataset` with the transformation applied as described above.
    "
tensorflow.python.data.ops.dataset_ops.RepeatDataset.counter,"Creates a `Dataset` that counts from `start` in steps of size `step`.

    Unlike `tf.data.Dataset.range`, which stops at some ending number,
    `tf.data.Dataset.counter` produces elements indefinitely.

    >>> dataset = tf.data.experimental.Counter().take(5)
    >>> [a.item() for a in dataset.as_numpy_iterator()]
    [0, 1, 2, 3, 4]
    >>> dataset.element_spec
    TensorSpec(shape=(), dtype=tf.int64, name=None)
    >>> dataset = tf.data.experimental.Counter(dtype=tf.int32)
    >>> dataset.element_spec
    TensorSpec(shape=(), dtype=tf.int32, name=None)
    >>> dataset = tf.data.experimental.Counter(start=2).take(5)
    >>> [a.item() for a in dataset.as_numpy_iterator()]
    [2, 3, 4, 5, 6]
    >>> dataset = tf.data.experimental.Counter(start=2, step=5).take(5)
    >>> [a.item() for a in dataset.as_numpy_iterator()]
    [2, 7, 12, 17, 22]
    >>> dataset = tf.data.experimental.Counter(start=10, step=-1).take(5)
    >>> [a.item() for a in dataset.as_numpy_iterator()]
    [10, 9, 8, 7, 6]

    Args:
      start: (Optional.) The starting value for the counter. Defaults to 0.
      step: (Optional.) The step size for the counter. Defaults to 1.
      dtype: (Optional.) The data type for counter elements. Defaults to
        `tf.int64`.
      name: (Optional.) A name for the tf.data operation.

    Returns:
      A `Dataset` of scalar `dtype` elements.
    "
tensorflow.python.data.ops.dataset_ops.RepeatDataset.scan,"A transformation that scans a function across an input dataset.

    This transformation is a stateful relative of `tf.data.Dataset.map`.
    In addition to mapping `scan_func` across the elements of the input dataset,
    `scan()` accumulates one or more state tensors, whose initial values are
    `initial_state`.

    >>> dataset = tf.data.Dataset.range(10)
    >>> initial_state = tf.constant(0, dtype=tf.int64)
    >>> scan_func = lambda state, i: (state + i, state + i)
    >>> dataset = dataset.scan(initial_state=initial_state, scan_func=scan_func)
    >>> [a.item() for a in dataset.as_numpy_iterator()]
    [0, 1, 3, 6, 10, 15, 21, 28, 36, 45]

    Args:
      initial_state: A nested structure of tensors, representing the initial
        state of the accumulator.
      scan_func: A function that maps `(old_state, input_element)` to
        `(new_state, output_element)`. It must take two arguments and return a
        pair of nested structures of tensors. The `new_state` must match the
        structure of `initial_state`.
      name: (Optional.) A name for the tf.data operation.

    Returns:
      A new `Dataset` with the transformation applied as described above.
    "
tensorflow.python.data.ops.dataset_ops.ShuffleDataset.counter,"Creates a `Dataset` that counts from `start` in steps of size `step`.

    Unlike `tf.data.Dataset.range`, which stops at some ending number,
    `tf.data.Dataset.counter` produces elements indefinitely.

    >>> dataset = tf.data.experimental.Counter().take(5)
    >>> [a.item() for a in dataset.as_numpy_iterator()]
    [0, 1, 2, 3, 4]
    >>> dataset.element_spec
    TensorSpec(shape=(), dtype=tf.int64, name=None)
    >>> dataset = tf.data.experimental.Counter(dtype=tf.int32)
    >>> dataset.element_spec
    TensorSpec(shape=(), dtype=tf.int32, name=None)
    >>> dataset = tf.data.experimental.Counter(start=2).take(5)
    >>> [a.item() for a in dataset.as_numpy_iterator()]
    [2, 3, 4, 5, 6]
    >>> dataset = tf.data.experimental.Counter(start=2, step=5).take(5)
    >>> [a.item() for a in dataset.as_numpy_iterator()]
    [2, 7, 12, 17, 22]
    >>> dataset = tf.data.experimental.Counter(start=10, step=-1).take(5)
    >>> [a.item() for a in dataset.as_numpy_iterator()]
    [10, 9, 8, 7, 6]

    Args:
      start: (Optional.) The starting value for the counter. Defaults to 0.
      step: (Optional.) The step size for the counter. Defaults to 1.
      dtype: (Optional.) The data type for counter elements. Defaults to
        `tf.int64`.
      name: (Optional.) A name for the tf.data operation.

    Returns:
      A `Dataset` of scalar `dtype` elements.
    "
tensorflow.python.data.ops.dataset_ops.ShuffleDataset.scan,"A transformation that scans a function across an input dataset.

    This transformation is a stateful relative of `tf.data.Dataset.map`.
    In addition to mapping `scan_func` across the elements of the input dataset,
    `scan()` accumulates one or more state tensors, whose initial values are
    `initial_state`.

    >>> dataset = tf.data.Dataset.range(10)
    >>> initial_state = tf.constant(0, dtype=tf.int64)
    >>> scan_func = lambda state, i: (state + i, state + i)
    >>> dataset = dataset.scan(initial_state=initial_state, scan_func=scan_func)
    >>> [a.item() for a in dataset.as_numpy_iterator()]
    [0, 1, 3, 6, 10, 15, 21, 28, 36, 45]

    Args:
      initial_state: A nested structure of tensors, representing the initial
        state of the accumulator.
      scan_func: A function that maps `(old_state, input_element)` to
        `(new_state, output_element)`. It must take two arguments and return a
        pair of nested structures of tensors. The `new_state` must match the
        structure of `initial_state`.
      name: (Optional.) A name for the tf.data operation.

    Returns:
      A new `Dataset` with the transformation applied as described above.
    "
tensorflow.python.data.ops.dataset_ops.UnaryDataset.counter,"Creates a `Dataset` that counts from `start` in steps of size `step`.

    Unlike `tf.data.Dataset.range`, which stops at some ending number,
    `tf.data.Dataset.counter` produces elements indefinitely.

    >>> dataset = tf.data.experimental.Counter().take(5)
    >>> [a.item() for a in dataset.as_numpy_iterator()]
    [0, 1, 2, 3, 4]
    >>> dataset.element_spec
    TensorSpec(shape=(), dtype=tf.int64, name=None)
    >>> dataset = tf.data.experimental.Counter(dtype=tf.int32)
    >>> dataset.element_spec
    TensorSpec(shape=(), dtype=tf.int32, name=None)
    >>> dataset = tf.data.experimental.Counter(start=2).take(5)
    >>> [a.item() for a in dataset.as_numpy_iterator()]
    [2, 3, 4, 5, 6]
    >>> dataset = tf.data.experimental.Counter(start=2, step=5).take(5)
    >>> [a.item() for a in dataset.as_numpy_iterator()]
    [2, 7, 12, 17, 22]
    >>> dataset = tf.data.experimental.Counter(start=10, step=-1).take(5)
    >>> [a.item() for a in dataset.as_numpy_iterator()]
    [10, 9, 8, 7, 6]

    Args:
      start: (Optional.) The starting value for the counter. Defaults to 0.
      step: (Optional.) The step size for the counter. Defaults to 1.
      dtype: (Optional.) The data type for counter elements. Defaults to
        `tf.int64`.
      name: (Optional.) A name for the tf.data operation.

    Returns:
      A `Dataset` of scalar `dtype` elements.
    "
tensorflow.python.data.ops.dataset_ops.UnaryDataset.scan,"A transformation that scans a function across an input dataset.

    This transformation is a stateful relative of `tf.data.Dataset.map`.
    In addition to mapping `scan_func` across the elements of the input dataset,
    `scan()` accumulates one or more state tensors, whose initial values are
    `initial_state`.

    >>> dataset = tf.data.Dataset.range(10)
    >>> initial_state = tf.constant(0, dtype=tf.int64)
    >>> scan_func = lambda state, i: (state + i, state + i)
    >>> dataset = dataset.scan(initial_state=initial_state, scan_func=scan_func)
    >>> [a.item() for a in dataset.as_numpy_iterator()]
    [0, 1, 3, 6, 10, 15, 21, 28, 36, 45]

    Args:
      initial_state: A nested structure of tensors, representing the initial
        state of the accumulator.
      scan_func: A function that maps `(old_state, input_element)` to
        `(new_state, output_element)`. It must take two arguments and return a
        pair of nested structures of tensors. The `new_state` must match the
        structure of `initial_state`.
      name: (Optional.) A name for the tf.data operation.

    Returns:
      A new `Dataset` with the transformation applied as described above.
    "
tensorflow.python.data.ops.dataset_ops.UnaryUnchangedStructureDataset.counter,"Creates a `Dataset` that counts from `start` in steps of size `step`.

    Unlike `tf.data.Dataset.range`, which stops at some ending number,
    `tf.data.Dataset.counter` produces elements indefinitely.

    >>> dataset = tf.data.experimental.Counter().take(5)
    >>> [a.item() for a in dataset.as_numpy_iterator()]
    [0, 1, 2, 3, 4]
    >>> dataset.element_spec
    TensorSpec(shape=(), dtype=tf.int64, name=None)
    >>> dataset = tf.data.experimental.Counter(dtype=tf.int32)
    >>> dataset.element_spec
    TensorSpec(shape=(), dtype=tf.int32, name=None)
    >>> dataset = tf.data.experimental.Counter(start=2).take(5)
    >>> [a.item() for a in dataset.as_numpy_iterator()]
    [2, 3, 4, 5, 6]
    >>> dataset = tf.data.experimental.Counter(start=2, step=5).take(5)
    >>> [a.item() for a in dataset.as_numpy_iterator()]
    [2, 7, 12, 17, 22]
    >>> dataset = tf.data.experimental.Counter(start=10, step=-1).take(5)
    >>> [a.item() for a in dataset.as_numpy_iterator()]
    [10, 9, 8, 7, 6]

    Args:
      start: (Optional.) The starting value for the counter. Defaults to 0.
      step: (Optional.) The step size for the counter. Defaults to 1.
      dtype: (Optional.) The data type for counter elements. Defaults to
        `tf.int64`.
      name: (Optional.) A name for the tf.data operation.

    Returns:
      A `Dataset` of scalar `dtype` elements.
    "
tensorflow.python.data.ops.dataset_ops.UnaryUnchangedStructureDataset.scan,"A transformation that scans a function across an input dataset.

    This transformation is a stateful relative of `tf.data.Dataset.map`.
    In addition to mapping `scan_func` across the elements of the input dataset,
    `scan()` accumulates one or more state tensors, whose initial values are
    `initial_state`.

    >>> dataset = tf.data.Dataset.range(10)
    >>> initial_state = tf.constant(0, dtype=tf.int64)
    >>> scan_func = lambda state, i: (state + i, state + i)
    >>> dataset = dataset.scan(initial_state=initial_state, scan_func=scan_func)
    >>> [a.item() for a in dataset.as_numpy_iterator()]
    [0, 1, 3, 6, 10, 15, 21, 28, 36, 45]

    Args:
      initial_state: A nested structure of tensors, representing the initial
        state of the accumulator.
      scan_func: A function that maps `(old_state, input_element)` to
        `(new_state, output_element)`. It must take two arguments and return a
        pair of nested structures of tensors. The `new_state` must match the
        structure of `initial_state`.
      name: (Optional.) A name for the tf.data operation.

    Returns:
      A new `Dataset` with the transformation applied as described above.
    "
tensorflow.python.ops.gen_dataset_ops.RangeDataset,"Creates a dataset with a range of values. Corresponds to python's xrange.

  Args:
    start: A `Tensor` of type `int64`.
      corresponds to start in python's xrange().
    stop: A `Tensor` of type `int64`.
      corresponds to stop in python's xrange().
    step: A `Tensor` of type `int64`.
      corresponds to step in python's xrange().
    output_types: A list of `tf.DTypes` that has length `>= 1`.
    output_shapes: A list of shapes (each a `tf.TensorShape` or list of `ints`) that has length `>= 1`.
    metadata: An optional `string`. Defaults to `""""`.
    replicate_on_split: An optional `bool`. Defaults to `False`.
    name: A name for the operation (optional).

  Returns:
    A `Tensor` of type `variant`.
  "
tensorflow.python.ops.gen_dataset_ops.range_dataset,"Creates a dataset with a range of values. Corresponds to python's xrange.

  Args:
    start: A `Tensor` of type `int64`.
      corresponds to start in python's xrange().
    stop: A `Tensor` of type `int64`.
      corresponds to stop in python's xrange().
    step: A `Tensor` of type `int64`.
      corresponds to step in python's xrange().
    output_types: A list of `tf.DTypes` that has length `>= 1`.
    output_shapes: A list of shapes (each a `tf.TensorShape` or list of `ints`) that has length `>= 1`.
    metadata: An optional `string`. Defaults to `""""`.
    replicate_on_split: An optional `bool`. Defaults to `False`.
    name: A name for the operation (optional).

  Returns:
    A `Tensor` of type `variant`.
  "
tensorflow.python.data.ops.options.Options,"Represents options for `tf.data.Dataset`.

  A `tf.data.Options` object can be, for instance, used to control which static
  optimizations to apply to the input pipeline graph or whether to use
  performance modeling to dynamically tune the parallelism of operations such as
  `tf.data.Dataset.map` or `tf.data.Dataset.interleave`.

  The options are set for the entire dataset and are carried over to datasets
  created through tf.data transformations.

  The options can be set by constructing an `Options` object and using the
  `tf.data.Dataset.with_options(options)` transformation, which returns a
  dataset with the options set.

  >>> dataset = tf.data.Dataset.range(42)
  >>> options = tf.data.Options()
  >>> options.deterministic = False
  >>> dataset = dataset.with_options(options)
  >>> print(dataset.options().deterministic)
  False

  Note: A known limitation of the `tf.data.Options` implementation is that the
  options are not preserved across tf.function boundaries. In particular, to
  set options for a dataset that is iterated within a tf.function, the options
  need to be set within the same tf.function.
  "
tensorflow.python.data.util.options.create_option,"Creates a type-checked property.

  Args:
    name: The name to use.
    ty: The type to use. The type of the property will be validated when it
      is set.
    docstring: The docstring to use.
    default_factory: A callable that takes no arguments and returns a default
      value to use if not set.

  Returns:
    A type-checked property.
  "
tensorflow.python.data.util.options.merge_options,"Merges the given options, returning the result as a new options object.

  The input arguments are expected to have a matching type that derives from
  `tf.data.OptionsBase` (and thus each represent a set of options). The method
  outputs an object of the same type created by merging the sets of options
  represented by the input arguments.

  If an option is set to different values by different options objects, the
  result will match the setting of the options object that appears in the input
  list last.

  If an option is an instance of `tf.data.OptionsBase` itself, then this method
  is applied recursively to the set of options represented by this option.

  Args:
    *options_list: options to merge

  Raises:
    TypeError: if the input arguments are incompatible or not derived from
      `tf.data.OptionsBase`

  Returns:
    A new options object which is the result of merging the given options.
  "
tensorflow.python.framework.type_utils.iterator_full_type_from_spec,"Returns a FullTypeDef for an iterator for the elements.

  Args:
     element_spec: A nested structure of `tf.TypeSpec` objects representing the
       element type specification.

  Returns:
    A FullTypeDef for an iterator for the element tensor representation.
  "
tensorflow.python.data.ops.dataset_ops.normalize_to_dense,"Normalizes non-tensor components in a dataset to dense representations.

  This is necessary for dataset transformations that slice along the batch
  dimension and are oblivious to non-tensors, e.g. `unbatch`, `rebatch`.

  Args:
    dataset: Dataset to normalize.

  Returns:
    A dataset whose sparse and ragged tensors have been normalized to their
    dense representations.
  "
tensorflow.python.data.util.random_seed.get_seed,"Returns the local seeds an operation should use given an op-specific seed.

  See `random_seed.get_seed` for more details. This wrapper adds support for
  the case where `seed` may be a tensor.

  Args:
    seed: An integer or a `tf.int64` scalar tensor.

  Returns:
    A tuple of two `tf.int64` scalar tensors that should be used for the local
    seed of the calling dataset.
  "
tensorflow.python.data.ops.dataset_ops.to_variant,"Returns a variant representing the given dataset.

  Args:
    dataset: A `tf.data.Dataset`.

  Returns:
    A scalar `tf.variant` tensor representing the given dataset.
  "
tensorflow.python.data.util.traverse.obtain_all_variant_tensor_ops,"Given an input dataset, finds all dataset ops used for construction.

  A series of transformations would have created this dataset with each
  transformation including zero or more Dataset ops, each producing a dataset
  variant tensor. This method outputs all of them.

  Args:
    dataset: Dataset to find variant tensors for.

  Returns:
    A list of variant_tensor producing dataset ops used to construct this
    dataset.
  "
tensorflow.python.data.util.traverse.obtain_capture_by_value_ops,"Given an input dataset, finds all allowlisted ops used for construction.

  Allowlisted ops are stateful ops which are known to be safe to capture by
  value.

  Args:
    dataset: Dataset to find allowlisted stateful ops for.

  Returns:
    A list of variant_tensor producing dataset ops used to construct this
    dataset.
  "
tensorflow.python.eager.wrap_function.function_from_graph_def,"Creates a ConcreteFunction from a GraphDef.

  Args:
    graph_def: A GraphDef to make a function out of.
    inputs: A Tensor name or nested structure of names in `graph_def` which
      should be inputs to the function.
    outputs: A Tensor name or nested structure of names in `graph_def` which
      should be outputs of the function.
    captures: (Optional) A dictionary mapping node names in `graph_def` that
      should be captured as inputs to tensors containing the value of the
      captured inputs.

  Returns:
    A ConcreteFunction.
  "
tensorflow.python.eager.lift_to_graph.lift_to_graph,"Copies the tensor and all its inputs recursively to the outer graph.

  Args:
    tensors: The Tensors to lift.
    graph: The graph to lift to.
    sources: Optional sequence of nodes to start from. If omitted the whole
      subgraph which feeds into `init_tensor` is lifted.
    disallowed_placeholders: An optional set of ops which may not appear in the
      lifted graph. Defaults to all placeholders.
    add_sources: A boolean indicating whether placeholders which are not in
      sources should be allowed.
    handle_captures: A boolean indicating whether to re-capture s in the new
      graph or simply create a vanilla placeholder.
    base_graph: The graph from which to lift ops. This will be inferred if not
      specified.
    op_map: A map contains all the existing nodes that have been lifted to the
      destination graph, so they won't be lifted and copied again.

  Returns:
    A mapping from ops in the current default graph to ops in `graph`.

  Raises:
    UnliftableError: If a placeholder blocks lifting.
  "
tensorflow.python.data.experimental.ops.distribute.compute_batch_size,"An operation that returns the batch size of the dataset.

  This op tries to infer the batch size statically by walking up the dataset
  tree from the final dataset node and returning the batch size of the first
  batching dataset (such as from .batch() and .padded_batch()) that it
  encounters. This differs from using the `element_spec` of a dataset in that it
  does not account for partial batches.

  This operation may fail if it encounters contradictory batch sizes (for
  example, if the dataset is created by zipping together two datasets with
  different batch sizes), if there are no explicit batching transformations, or
  if there are operations downstream from the batching transformation that may
  modify its batch size. In these cases, it returns a -1.

  Args:
    dataset: A `tf.data.Dataset` object.

  Returns:
    A `tf.int64` Tensor representing the batch size of the dataset sans partial
    batches. If this cannot be inferred statically, the value of this tensor
    will be -1.
  "
tensorflow.python.data.experimental.ops.distribute.replicate,"A transformation that replicates `dataset` onto a list of devices.

  Args:
    dataset: A `tf.data.Dataset` object.
    devices: A list of devices to replicate the dataset on.

  Returns:
    A dictionary mapping device name to a dataset on that device.
  "
tensorflow.equal,"Returns the truth value of (x == y) element-wise.

  Performs a [broadcast](
  https://docs.scipy.org/doc/numpy/user/basics.broadcasting.html) with the
  arguments and then an element-wise equality comparison, returning a Tensor of
  boolean values.

  For example:

  >>> x = tf.constant([2, 4])
  >>> y = tf.constant(2)
  >>> tf.math.equal(x, y)
  <tf.Tensor: shape=(2,), dtype=bool, numpy=array([ True,  False])>

  >>> x = tf.constant([2, 4])
  >>> y = tf.constant([2, 4])
  >>> tf.math.equal(x, y)
  <tf.Tensor: shape=(2,), dtype=bool, numpy=array([ True,  True])>

  Args:
    x: A `tf.Tensor`.
    y: A `tf.Tensor`.
    name: A name for the operation (optional).

  Returns:
    A `tf.Tensor` of type bool with the same size as that of x or y.

  Raises:
    `tf.errors.InvalidArgumentError`: If shapes of arguments are incompatible
  "
tensorflow.experimental.DynamicRaggedShape,"The shape of a ragged or dense tensor.

  Ragged shapes are encoded using two fields:

  * `inner_shape`: An integer vector giving the shape of a dense tensor.
  * `row_partitions`: A list of `RowPartition` objects, describing how
    that flat shape should be partitioned to add ragged axes.

  If a DynamicRaggedShape is the shape of a RaggedTensor rt, then:
  1. row_partitions = rt._nested_row_partitions
     (and thus len(row_partitions) > 0)
  2. inner_shape is the shape of rt.flat_values

  If a DynamicRaggedShape is the shape of a dense tensor t, then:
  1. row_partitions = []
  2. inner_shape is the shape of t.

  Examples:

  The following table gives a few examples (where `RP(lengths)` is short
  for `RowPartition.from_lengths(lengths)`):

  Row Partitions              | Inner Shape  | Example Tensor
  --------------------------- | ------------ | ----------------------------
  []                          | [2, 3]       | `[[1, 2, 3], [4, 5, 6]]`
  [RP([2, 0, 3])]             | [5]          | `[[1, 2], [], [3, 4, 5]]`
  [RP([2, 1])]                | [3, 2]       | `[[[1, 2], [3, 4]], [[5, 6]]]`
  [RP([2, 1]), RP([2, 1, 2])] | [5]          | `[[[1, 2], [3]], [[4, 5]]]`
  "
tensorflow._api.v2.experimental.dtensor.fetch_layout,"Fetches the layout of a DTensor.

  Args:
    tensor: The DTensor whose layout is to be fetched.

  Returns:
    The `Layout` of this DTensor.

  Raises:
    RuntimeError: When not called eagerly.
  "
tensorflow._api.v2.experimental.dtensor.initialize_accelerator_system,"Initializes accelerators and communication fabrics for DTensor.

  DTensor configures TensorFlow to run in the local mode or multi-client mode.
  - In local mode, a mesh can only use devices attached to the current process.
  - In multi-client mode, a mesh can span across devices from multiple clients.

  If `DTENSOR_JOBS` is non-empty, DTensor configures TensorFlow to run in the
  multi-client mode using the distributed runtime. In multi-client mode devices
  on different clients can communicate with each other.

  The following environment variables controls the behavior of this function.

  - `DTENSOR_JOBS`: string, a comma separated list. Each item in the list is
      of format `{hostname}:{port}`. If empty, DTensor runs in the local mode.
      Examples of valid `DTENSOR_JOBS` values:
      - 4 clients on localhost:
        `localhost:10000,localhost:10001,localhost:10002,localhost:10003`
      - 2 clients on host1, 2 clients on host2
        `host1:10000,host1:10001,host2:10000,host2:10003`
      If the hostnames are BNS addresses, the items must be sorted in
      alphabetical order.
  - `DTENSOR_CLIENT_ID`: integer, between `0` to `num_clients - 1`, to identify
      the client id of the current process. The default value is `0`.
  - `DTENSOR_JOB_NAME`: string, a string for the name of the TensorFlow job.
      The job name controls the job name section of the TensorFlow DeviceSpecs,
      e.g., `job:worker` in `/job:worker/replica:0/task:0/device:TPU:0` when
      the job name is `worker`.
      The default value is `localhost` in local mode, and
      `worker` when in the multi-client mode. All DTensor clients within the
      same multi-client cluster share the same job name.
  - `DTENSOR_USE_PARALLEL_EXECUTOR`: string, with its value being `pw` to
      specify that the backend is Pathways, and TensorFlow otherwise.

  Args:
    device_type: Type of accelerator to use, can be CPU, GPU, or TPU. If None,
      uses `tf.experimental.dtensor.preferred_device_type()`.
    enable_coordination_service: If true, enable distributed coordination
      service to make sure that workers know the devices on each other, when
      there is more than 1 client.
    num_logical_cpu_devices: the number of logical CPU devices per DTensor
      client. Default to the current number of logical CPU
      (`dtensor.num_local_devices(""CPU"")`),when `device_type` is CPU, otherwise
      set automatially to match the number of local GPU/TPU devices.
    experimental_reset_context: Reset the tensorflow context. Behaviors of
      existing TensorFlow objects (e.g. Tensors) are undefined. Set this to True
      as an escape hatch, if there is no clear way to refactor your code to call
      initialize_accelerator_system() before calling TensorFlow APIs that
      initialize the context.
    experimental_enable_megcore: Optionally enable megcore in backend.

  Returns:
    device_type: the type of accelerator that was initialized.
  "
tensorflow._api.v2.experimental.dtensor.initialize_multi_client,"Initializes accelerators and communication fabrics for DTensor.

  DTensor configures TensorFlow to run in the local mode or multi-client mode.
  - In local mode, a mesh can only use devices attached to the current process.
  - In multi-client mode, a mesh can span across devices from multiple clients.

  If `DTENSOR_JOBS` is non-empty, DTensor configures TensorFlow to run in the
  multi-client mode using the distributed runtime. In multi-client mode devices
  on different clients can communicate with each other.

  The following environment variables controls the behavior of this function.

  - `DTENSOR_JOBS`: string, a comma separated list. Each item in the list is
      of format `{hostname}:{port}`. If empty, DTensor runs in the local mode.
      Examples of valid `DTENSOR_JOBS` values:
      - 4 clients on localhost:
        `localhost:10000,localhost:10001,localhost:10002,localhost:10003`
      - 2 clients on host1, 2 clients on host2
        `host1:10000,host1:10001,host2:10000,host2:10003`
      If the hostnames are BNS addresses, the items must be sorted in
      alphabetical order.
  - `DTENSOR_CLIENT_ID`: integer, between `0` to `num_clients - 1`, to identify
      the client id of the current process. The default value is `0`.
  - `DTENSOR_JOB_NAME`: string, a string for the name of the TensorFlow job.
      The job name controls the job name section of the TensorFlow DeviceSpecs,
      e.g., `job:worker` in `/job:worker/replica:0/task:0/device:TPU:0` when
      the job name is `worker`.
      The default value is `localhost` in local mode, and
      `worker` when in the multi-client mode. All DTensor clients within the
      same multi-client cluster share the same job name.
  - `DTENSOR_USE_PARALLEL_EXECUTOR`: string, with its value being `pw` to
      specify that the backend is Pathways, and TensorFlow otherwise.

  Args:
    device_type: Type of accelerator to use, can be CPU, GPU, or TPU. If None,
      uses `tf.experimental.dtensor.preferred_device_type()`.
    enable_coordination_service: If true, enable distributed coordination
      service to make sure that workers know the devices on each other, when
      there is more than 1 client.
    num_logical_cpu_devices: the number of logical CPU devices per DTensor
      client. Default to the current number of logical CPU
      (`dtensor.num_local_devices(""CPU"")`),when `device_type` is CPU, otherwise
      set automatially to match the number of local GPU/TPU devices.
    experimental_reset_context: Reset the tensorflow context. Behaviors of
      existing TensorFlow objects (e.g. Tensors) are undefined. Set this to True
      as an escape hatch, if there is no clear way to refactor your code to call
      initialize_accelerator_system() before calling TensorFlow APIs that
      initialize the context.
    experimental_enable_megcore: Optionally enable megcore in backend.

  Returns:
    device_type: the type of accelerator that was initialized.
  "
tensorflow._api.v2.experimental.dtensor.initialize_tpu_system,"Initializes accelerators and communication fabrics for DTensor.

  DTensor configures TensorFlow to run in the local mode or multi-client mode.
  - In local mode, a mesh can only use devices attached to the current process.
  - In multi-client mode, a mesh can span across devices from multiple clients.

  If `DTENSOR_JOBS` is non-empty, DTensor configures TensorFlow to run in the
  multi-client mode using the distributed runtime. In multi-client mode devices
  on different clients can communicate with each other.

  The following environment variables controls the behavior of this function.

  - `DTENSOR_JOBS`: string, a comma separated list. Each item in the list is
      of format `{hostname}:{port}`. If empty, DTensor runs in the local mode.
      Examples of valid `DTENSOR_JOBS` values:
      - 4 clients on localhost:
        `localhost:10000,localhost:10001,localhost:10002,localhost:10003`
      - 2 clients on host1, 2 clients on host2
        `host1:10000,host1:10001,host2:10000,host2:10003`
      If the hostnames are BNS addresses, the items must be sorted in
      alphabetical order.
  - `DTENSOR_CLIENT_ID`: integer, between `0` to `num_clients - 1`, to identify
      the client id of the current process. The default value is `0`.
  - `DTENSOR_JOB_NAME`: string, a string for the name of the TensorFlow job.
      The job name controls the job name section of the TensorFlow DeviceSpecs,
      e.g., `job:worker` in `/job:worker/replica:0/task:0/device:TPU:0` when
      the job name is `worker`.
      The default value is `localhost` in local mode, and
      `worker` when in the multi-client mode. All DTensor clients within the
      same multi-client cluster share the same job name.
  - `DTENSOR_USE_PARALLEL_EXECUTOR`: string, with its value being `pw` to
      specify that the backend is Pathways, and TensorFlow otherwise.

  Args:
    device_type: Type of accelerator to use, can be CPU, GPU, or TPU. If None,
      uses `tf.experimental.dtensor.preferred_device_type()`.
    enable_coordination_service: If true, enable distributed coordination
      service to make sure that workers know the devices on each other, when
      there is more than 1 client.
    num_logical_cpu_devices: the number of logical CPU devices per DTensor
      client. Default to the current number of logical CPU
      (`dtensor.num_local_devices(""CPU"")`),when `device_type` is CPU, otherwise
      set automatially to match the number of local GPU/TPU devices.
    experimental_reset_context: Reset the tensorflow context. Behaviors of
      existing TensorFlow objects (e.g. Tensors) are undefined. Set this to True
      as an escape hatch, if there is no clear way to refactor your code to call
      initialize_accelerator_system() before calling TensorFlow APIs that
      initialize the context.
    experimental_enable_megcore: Optionally enable megcore in backend.

  Returns:
    device_type: the type of accelerator that was initialized.
  "
tensorflow._api.v2.experimental.dtensor.is_dtensor,"Check whether the input tensor is a DTensor.

  In Python, a DTensor has the same type as a `tf.Tensor`. This method will
  let you check and handle the tensor differently if a tf.Tensor is a DTensor.

  Args:
    tensor: an object to be checked.

  Returns:
    bool, True if the given tensor is a DTensor.
  "
tensorflow._api.v2.experimental.dtensor.relayout,"Changes the layout of `tensor`.

  Changes the layout of `tensor` to `layout`. This is used to fine-tune the
  behavior of ops following/connected to `tensor`, such as choosing one SPMD
  expansion pattern over another. This works by forward propagating `layout`
  to connected TensorFlow computation graphs during layout propagation.

  Currently, only converting layouts from replicated to sharded or sharded to
  replicated per mesh dimension is supported. That is, ""x, y"" -> ""unsharded, y""
  is supported, while ""x, y"" -> ""z, y"" is not supported.

  We also support a special ""match"" sharding spec, which instructs the relayout
  to act as an identity operation with respect to any sharding on these
  mesh dimensions.

  Relayout is internally lowered to a set of Split and/or AllToAll ops. When
  tensor layouts are converted from replicated to sharded, the cost is
  comparatively low because we only insert Split ops and no cross-device
  communication is needed. However, when tensor layouts are converted from
  sharded to replicated, cross-device communication may occur, causing potential
  performance impact.

  Args:
    tensor: A DTensor to specify a new layout for.
    layout: A Layout object specifying a new sharding spec.
    name: name of the Op.

  Returns:
    A DTensor output from the Relayout op.
  "
tensorflow._api.v2.experimental.numpy.random.randn,"TensorFlow variant of NumPy's `random.randn`.

Returns samples from a normal distribution.

  Uses `tf.random_normal`.

  Args:
    *args: The shape of the output array.

  Returns:
    An ndarray with shape `args` and dtype `float64`.
  

See the NumPy documentation for [`numpy.random.randn`](https://numpy.org/doc/stable/reference/generated/numpy.random.randn.html)."
tensorflow.greater_equal,"Returns the truth value of (x >= y) element-wise.

  *NOTE*: `math.greater_equal` supports broadcasting. More about broadcasting
  [here](http://docs.scipy.org/doc/numpy/user/basics.broadcasting.html)

  Example:

  ```python
  x = tf.constant([5, 4, 6, 7])
  y = tf.constant([5, 2, 5, 10])
  tf.math.greater_equal(x, y) ==> [True, True, True, False]

  x = tf.constant([5, 4, 6, 7])
  y = tf.constant([5])
  tf.math.greater_equal(x, y) ==> [True, False, True, True]
  ```

  Args:
    x: A `Tensor`. Must be one of the following types: `float32`, `float64`, `int32`, `uint8`, `int16`, `int8`, `int64`, `bfloat16`, `uint16`, `half`, `uint32`, `uint64`.
    y: A `Tensor`. Must have the same type as `x`.
    name: A name for the operation (optional).

  Returns:
    A `Tensor` of type `bool`.
  "
tensorflow.hessians,"Constructs the Hessian of sum of `ys` with respect to `x` in `xs`.

  `hessians()` adds ops to the graph to output the Hessian matrix of `ys`
  with respect to `xs`.  It returns a list of `Tensor` of length `len(xs)`
  where each tensor is the Hessian of `sum(ys)`.

  The Hessian is a matrix of second-order partial derivatives of a scalar
  tensor (see https://en.wikipedia.org/wiki/Hessian_matrix for more details).

  Args:
    ys: A `Tensor` or list of tensors to be differentiated.
    xs: A `Tensor` or list of tensors to be used for differentiation.
    gate_gradients: See `gradients()` documentation for details.
    aggregation_method: See `gradients()` documentation for details.
    name: Optional name to use for grouping all the gradient ops together.
      defaults to 'hessians'.

  Returns:
    A list of Hessian matrices of `sum(ys)` for each `x` in `xs`.

  Raises:
    LookupError: if one of the operations between `xs` and `ys` does not
      have a registered gradient function.
  "
tensorflow._api.v2.image.rgb_to_yuv,"Converts one or more images from RGB to YUV.

  Outputs a tensor of the same shape as the `images` tensor, containing the YUV
  value of the pixels.
  The output is only well defined if the value in images are in [0, 1].
  There are two ways of representing an image: [0, 255] pixel values range or
  [0, 1] (as float) pixel values range. Users need to convert the input image
  into a float [0, 1] range.

  Args:
    images: 2-D or higher rank. Image data to convert. Last dimension must be
      size 3.

  Returns:
    images: tensor with the same shape as `images`.
  "
tensorflow._api.v2.image.yiq_to_rgb,"Converts one or more images from YIQ to RGB.

  Outputs a tensor of the same shape as the `images` tensor, containing the RGB
  value of the pixels.
  The output is only well defined if the Y value in images are in [0,1],
  I value are in [-0.5957,0.5957] and Q value are in [-0.5226,0.5226].

  Args:
    images: 2-D or higher rank. Image data to convert. Last dimension must be
      size 3.

  Returns:
    images: tensor with the same shape as `images`.
  "
tensorflow._api.v2.io.gfile.isdir,"Returns whether the path is a directory or not.

  Args:
    path: string, path to a potential directory

  Returns:
    True, if the path is a directory; False otherwise
  "
tensorflow.less_equal,"Returns the truth value of (x <= y) element-wise.

  *NOTE*: `math.less_equal` supports broadcasting. More about broadcasting
  [here](http://docs.scipy.org/doc/numpy/user/basics.broadcasting.html)

  Example:

  ```python
  x = tf.constant([5, 4, 6])
  y = tf.constant([5])
  tf.math.less_equal(x, y) ==> [True, True, False]

  x = tf.constant([5, 4, 6])
  y = tf.constant([5, 6, 6])
  tf.math.less_equal(x, y) ==> [True, True, True]
  ```

  Args:
    x: A `Tensor`. Must be one of the following types: `float32`, `float64`, `int32`, `uint8`, `int16`, `int8`, `int64`, `bfloat16`, `uint16`, `half`, `uint32`, `uint64`.
    y: A `Tensor`. Must have the same type as `x`.
    name: A name for the operation (optional).

  Returns:
    A `Tensor` of type `bool`.
  "
tensorflow._api.v2.linalg.global_norm,"Computes the global norm of multiple tensors.

  Given a tuple or list of tensors `t_list`, this operation returns the
  global norm of the elements in all tensors in `t_list`. The global norm is
  computed as:

  `global_norm = sqrt(sum([l2norm(t)**2 for t in t_list]))`

  Any entries in `t_list` that are of type None are ignored.

  Args:
    t_list: A tuple or list of mixed `Tensors`, `IndexedSlices`, or None.
    name: A name for the operation (optional).

  Returns:
    A 0-D (scalar) `Tensor` of type `float`.

  Raises:
    TypeError: If `t_list` is not a sequence.
  "
tensorflow._api.v2.lite.experimental.authoring.compatible,"Wraps `tf.function` into a callable function with TFLite compatibility checking.

  Example:

  ```python
  @tf.lite.experimental.authoring.compatible
  @tf.function(input_signature=[
      tf.TensorSpec(shape=[None], dtype=tf.float32)
  ])
  def f(x):
      return tf.cosh(x)

  result = f(tf.constant([0.0]))
  # COMPATIBILITY WARNING: op 'tf.Cosh' require(s) ""Select TF Ops"" for model
  # conversion for TensorFlow Lite.
  # Op: tf.Cosh
  #   - tensorflow/python/framework/op_def_library.py:748
  #   - tensorflow/python/ops/gen_math_ops.py:2458
  #   - <stdin>:6
  ```

  WARNING: Experimental interface, subject to change.

  Args:
    target: A `tf.function` to decorate.
    converter_target_spec : target_spec of TFLite converter parameter.
    **kwargs: The keyword arguments of the decorator class _Compatible.

  Returns:
     A callable object of `tf.lite.experimental.authoring._Compatible`.
  "
tensorflow.make_tensor_proto,"Create a TensorProto.

  In TensorFlow 2.0, representing tensors as protos should no longer be a
  common workflow. That said, this utility function is still useful for
  generating TF Serving request protos:

  ```python
    request = tensorflow_serving.apis.predict_pb2.PredictRequest()
    request.model_spec.name = ""my_model""
    request.model_spec.signature_name = ""serving_default""
    request.inputs[""images""].CopyFrom(tf.make_tensor_proto(X_new))
  ```

  `make_tensor_proto` accepts ""values"" of a python scalar, a python list, a
  numpy ndarray, or a numpy scalar.

  If ""values"" is a python scalar or a python list, make_tensor_proto
  first convert it to numpy ndarray. If dtype is None, the
  conversion tries its best to infer the right numpy data
  type. Otherwise, the resulting numpy array has a compatible data
  type with the given dtype.

  In either case above, the numpy ndarray (either the caller provided
  or the auto-converted) must have the compatible type with dtype.

  `make_tensor_proto` then converts the numpy array to a tensor proto.

  If ""shape"" is None, the resulting tensor proto represents the numpy
  array precisely.

  Otherwise, ""shape"" specifies the tensor's shape and the numpy array
  can not have more elements than what ""shape"" specifies.

  Args:
    values:         Values to put in the TensorProto.
    dtype:          Optional tensor_pb2 DataType value.
    shape:          List of integers representing the dimensions of tensor.
    verify_shape:   Boolean that enables verification of a shape of values.
    allow_broadcast:  Boolean that enables allowing scalars and 1 length vector
        broadcasting. Cannot be true when verify_shape is true.

  Returns:
    A `TensorProto`. Depending on the type, it may contain data in the
    ""tensor_content"" attribute, which is not directly useful to Python programs.
    To access the values you should convert the proto back to a numpy ndarray
    with `tf.make_ndarray(proto)`.

    If `values` is a `TensorProto`, it is immediately returned; `dtype` and
    `shape` are ignored.

  Raises:
    TypeError:  if unsupported types are provided.
    ValueError: if arguments have inappropriate values or if verify_shape is
     True and shape of values is not equals to a shape from the argument.

  "
tensorflow._api.v2.math.equal,"Returns the truth value of (x == y) element-wise.

  Performs a [broadcast](
  https://docs.scipy.org/doc/numpy/user/basics.broadcasting.html) with the
  arguments and then an element-wise equality comparison, returning a Tensor of
  boolean values.

  For example:

  >>> x = tf.constant([2, 4])
  >>> y = tf.constant(2)
  >>> tf.math.equal(x, y)
  <tf.Tensor: shape=(2,), dtype=bool, numpy=array([ True,  False])>

  >>> x = tf.constant([2, 4])
  >>> y = tf.constant([2, 4])
  >>> tf.math.equal(x, y)
  <tf.Tensor: shape=(2,), dtype=bool, numpy=array([ True,  True])>

  Args:
    x: A `tf.Tensor`.
    y: A `tf.Tensor`.
    name: A name for the operation (optional).

  Returns:
    A `tf.Tensor` of type bool with the same size as that of x or y.

  Raises:
    `tf.errors.InvalidArgumentError`: If shapes of arguments are incompatible
  "
tensorflow._api.v2.math.greater_equal,"Returns the truth value of (x >= y) element-wise.

  *NOTE*: `math.greater_equal` supports broadcasting. More about broadcasting
  [here](http://docs.scipy.org/doc/numpy/user/basics.broadcasting.html)

  Example:

  ```python
  x = tf.constant([5, 4, 6, 7])
  y = tf.constant([5, 2, 5, 10])
  tf.math.greater_equal(x, y) ==> [True, True, True, False]

  x = tf.constant([5, 4, 6, 7])
  y = tf.constant([5])
  tf.math.greater_equal(x, y) ==> [True, False, True, True]
  ```

  Args:
    x: A `Tensor`. Must be one of the following types: `float32`, `float64`, `int32`, `uint8`, `int16`, `int8`, `int64`, `bfloat16`, `uint16`, `half`, `uint32`, `uint64`.
    y: A `Tensor`. Must have the same type as `x`.
    name: A name for the operation (optional).

  Returns:
    A `Tensor` of type `bool`.
  "
tensorflow._api.v2.math.less_equal,"Returns the truth value of (x <= y) element-wise.

  *NOTE*: `math.less_equal` supports broadcasting. More about broadcasting
  [here](http://docs.scipy.org/doc/numpy/user/basics.broadcasting.html)

  Example:

  ```python
  x = tf.constant([5, 4, 6])
  y = tf.constant([5])
  tf.math.less_equal(x, y) ==> [True, True, False]

  x = tf.constant([5, 4, 6])
  y = tf.constant([5, 6, 6])
  tf.math.less_equal(x, y) ==> [True, True, True]
  ```

  Args:
    x: A `Tensor`. Must be one of the following types: `float32`, `float64`, `int32`, `uint8`, `int16`, `int8`, `int64`, `bfloat16`, `uint16`, `half`, `uint32`, `uint64`.
    y: A `Tensor`. Must have the same type as `x`.
    name: A name for the operation (optional).

  Returns:
    A `Tensor` of type `bool`.
  "
tensorflow._api.v2.math.not_equal,"Returns the truth value of (x != y) element-wise.

  Performs a [broadcast](
  https://docs.scipy.org/doc/numpy/user/basics.broadcasting.html) with the
  arguments and then an element-wise inequality comparison, returning a Tensor
  of boolean values.

  For example:

  >>> x = tf.constant([2, 4])
  >>> y = tf.constant(2)
  >>> tf.math.not_equal(x, y)
  <tf.Tensor: shape=(2,), dtype=bool, numpy=array([False,  True])>

  >>> x = tf.constant([2, 4])
  >>> y = tf.constant([2, 4])
  >>> tf.math.not_equal(x, y)
  <tf.Tensor: shape=(2,), dtype=bool, numpy=array([False,  False])>

  Args:
    x: A `tf.Tensor`.
    y: A `tf.Tensor`.
    name: A name for the operation (optional).

  Returns:
    A `tf.Tensor` of type bool with the same size as that of x or y.

  Raises:
    `tf.errors.InvalidArgumentError`: If shapes of arguments are incompatible
  "
tensorflow._api.v2.math.sobol_sample,"Generates points from the Sobol sequence.

  Creates a Sobol sequence with `num_results` samples. Each sample has dimension
  `dim`. Skips the first `skip` samples.

  Args:
    dim: Positive scalar `Tensor` representing each sample's dimension.
    num_results: Positive scalar `Tensor` of dtype int32. The number of Sobol
        points to return in the output.
    skip: (Optional) Positive scalar `Tensor` of dtype int32. The number of
        initial points of the Sobol sequence to skip. Default value is 0.
    dtype: (Optional) The `tf.Dtype` of the sample. One of: `tf.float32` or
        `tf.float64`. Defaults to `tf.float32`.
    name: (Optional) Python `str` name prefixed to ops created by this function.

  Returns:
    `Tensor` of samples from Sobol sequence with `shape` [num_results, dim].
  "
tensorflow._api.v2.nest.is_nested,"Returns true if its input is a nested structure.

  Refer to [tf.nest](https://www.tensorflow.org/api_docs/python/tf/nest)
  for the definition of a nested structure.

  Args:
    seq: the value to test.

  Returns:
    True if the input is a nested structure.
  "
tensorflow._api.v2.nn.avg_pool,"Performs the avg pooling on the input.

  Each entry in `output` is the mean of the corresponding size `ksize`
  window in `value`.

  Args:
    input:  Tensor of rank N+2, of shape `[batch_size] + input_spatial_shape +
      [num_channels]` if `data_format` does not start with ""NC"" (default), or
      `[batch_size, num_channels] + input_spatial_shape` if data_format starts
      with ""NC"". Pooling happens over the spatial dimensions only.
    ksize: An int or list of `ints` that has length `1`, `N` or `N+2`. The size
      of the window for each dimension of the input tensor.
    strides: An int or list of `ints` that has length `1`, `N` or `N+2`. The
      stride of the sliding window for each dimension of the input tensor.
    padding: A string, either `'VALID'` or `'SAME'`. The padding algorithm. See
      [here](https://www.tensorflow.org/api_docs/python/tf/nn#notes_on_padding_2)
      for more information.
    data_format: A string. Specifies the channel dimension. For N=1 it can be
      either ""NWC"" (default) or ""NCW"", for N=2 it can be either ""NHWC"" (default)
      or ""NCHW"" and for N=3 either ""NDHWC"" (default) or ""NCDHW"".
    name: Optional name for the operation.

  Returns:
    A `Tensor` of format specified by `data_format`.
    The average pooled output tensor.
  "
tensorflow._api.v2.nn.avg_pool2d,"Performs the average pooling on the input.

  Each entry in `output` is the mean of the corresponding size `ksize`
  window in `value`.

  Args:
    input: A 4-D `Tensor` of shape `[batch, height, width, channels]` and type
      `float32`, `float64`, `qint8`, `quint8`, or `qint32`.
    ksize: An int or list of `ints` that has length `1`, `2` or `4`. The size of
      the window for each dimension of the input tensor.
    strides: An int or list of `ints` that has length `1`, `2` or `4`. The
      stride of the sliding window for each dimension of the input tensor.
    padding: A string, either `'VALID'` or `'SAME'`. The padding algorithm. See
      [here](https://www.tensorflow.org/api_docs/python/tf/nn#notes_on_padding_2)
      for more information.
    data_format: A string. 'NHWC' and 'NCHW' are supported.
    name: Optional name for the operation.

  Returns:
    A `Tensor` with the same type as `value`.  The average pooled output tensor.
  "
tensorflow._api.v2.nn.avg_pool3d,"Performs the average pooling on the input.

  Each entry in `output` is the mean of the corresponding size `ksize`
  window in `value`.

  Args:
    input: A 5-D `Tensor` of shape `[batch, depth, height, width, channels]`
      and type `float32`, `float64`, `qint8`, `quint8`, or `qint32`.
    ksize: An int or list of `ints` that has length `1`, `3` or `5`. The size of
      the window for each dimension of the input tensor.
    strides: An int or list of `ints` that has length `1`, `3` or `5`. The
      stride of the sliding window for each dimension of the input tensor.
    padding: A string, either `'VALID'` or `'SAME'`. The padding algorithm. See
      [here](https://www.tensorflow.org/api_docs/python/tf/nn#notes_on_padding_2)
      for more information.
    data_format: A string. 'NDHWC' and 'NCDHW' are supported.
    name: Optional name for the operation.

  Returns:
    A `Tensor` with the same type as `value`.  The average pooled output tensor.
  "
tensorflow._api.v2.nn.collapse_repeated,"Merge repeated labels into single labels.

  Args:
    labels: Tensor of shape [batch, max value in seq_length]
    seq_length: Tensor of shape [batch], sequence length of each batch element.
    name: A name for this `Op`. Defaults to ""collapse_repeated_labels"".

  Returns:
    A tuple `(collapsed_labels, new_seq_length)` where

    collapsed_labels: Tensor of shape [batch, max_seq_length] with repeated
    labels collapsed and padded to max_seq_length, eg:
    `[[A, A, B, B, A], [A, B, C, D, E]] => [[A, B, A, 0, 0], [A, B, C, D, E]]`

    new_seq_length: int tensor of shape [batch] with new sequence lengths.
  "
tensorflow._api.v2.nn.compute_average_loss,"Scales per-example losses with sample_weights and computes their average.

  Usage with distribution strategy and custom training loop:

  ```python
  with strategy.scope():
    def compute_loss(labels, predictions, sample_weight=None):

      # If you are using a `Loss` class instead, set reduction to `NONE` so that
      # we can do the reduction afterwards and divide by global batch size.
      per_example_loss = tf.keras.losses.sparse_categorical_crossentropy(
          labels, predictions)

      # Compute loss that is scaled by sample_weight and by global batch size.
      return tf.nn.compute_average_loss(
          per_example_loss,
          sample_weight=sample_weight,
          global_batch_size=GLOBAL_BATCH_SIZE)
  ```

  Args:
    per_example_loss: Per-example loss.
    sample_weight: Optional weighting for each example.
    global_batch_size: Optional global batch size value. Defaults to (size of
      first dimension of `losses`) * (number of replicas).

  Returns:
    Scalar loss value, obtained by summing the `per_example_loss` and dividing
    by `global_batch_size`. If `global_batch_size` is zero, the result is zero.
  "
tensorflow._api.v2.nn.scale_regularization_loss,"Scales the sum of the given regularization losses by number of replicas.

  Usage with distribution strategy and custom training loop:

  ```python
  with strategy.scope():
    def compute_loss(self, label, predictions):
      per_example_loss = tf.keras.losses.sparse_categorical_crossentropy(
          labels, predictions)

      # Compute loss that is scaled by sample_weight and by global batch size.
      loss = tf.nn.compute_average_loss(
          per_example_loss,
          sample_weight=sample_weight,
          global_batch_size=GLOBAL_BATCH_SIZE)

      # Add scaled regularization losses.
      loss += tf.nn.scale_regularization_loss(tf.nn.l2_loss(weights))
      return loss
  ```

  Args:
    regularization_loss: Regularization loss.

  Returns:
    Scalar loss value.
  "
tensorflow._api.v2.nn.weighted_moments,"Returns the frequency-weighted mean and variance of `x`.

  Args:
    x: A tensor.
    axes: 1-d tensor of int32 values; these are the axes along which
      to compute mean and variance.
    frequency_weights: A tensor of positive weights which can be
      broadcast with x.
    keepdims: Produce moments with the same dimensionality as the input.
    name: Name used to scope the operation.

  Returns:
    Two tensors: `weighted_mean` and `weighted_variance`.
  "
tensorflow.not_equal,"Returns the truth value of (x != y) element-wise.

  Performs a [broadcast](
  https://docs.scipy.org/doc/numpy/user/basics.broadcasting.html) with the
  arguments and then an element-wise inequality comparison, returning a Tensor
  of boolean values.

  For example:

  >>> x = tf.constant([2, 4])
  >>> y = tf.constant(2)
  >>> tf.math.not_equal(x, y)
  <tf.Tensor: shape=(2,), dtype=bool, numpy=array([False,  True])>

  >>> x = tf.constant([2, 4])
  >>> y = tf.constant([2, 4])
  >>> tf.math.not_equal(x, y)
  <tf.Tensor: shape=(2,), dtype=bool, numpy=array([False,  False])>

  Args:
    x: A `tf.Tensor`.
    y: A `tf.Tensor`.
    name: A name for the operation (optional).

  Returns:
    A `tf.Tensor` of type bool with the same size as that of x or y.

  Raises:
    `tf.errors.InvalidArgumentError`: If shapes of arguments are incompatible
  "
tensorflow._api.v2.ragged.segment_ids_to_row_splits,"Generates the RaggedTensor `row_splits` corresponding to a segmentation.

  Returns an integer vector `splits`, where `splits[0] = 0` and
  `splits[i] = splits[i-1] + count(segment_ids==i)`.  Example:

  >>> print(tf.ragged.segment_ids_to_row_splits([0, 0, 0, 2, 2, 3, 4, 4, 4]))
  tf.Tensor([0 3 3 5 6 9], shape=(6,), dtype=int64)

  Args:
    segment_ids: A 1-D integer Tensor.
    num_segments: A scalar integer indicating the number of segments.  Defaults
      to `max(segment_ids) + 1` (or zero if `segment_ids` is empty).
    out_type: The dtype for the return value.  Defaults to `segment_ids.dtype`,
      or `tf.int64` if `segment_ids` does not have a dtype.
    name: A name prefix for the returned tensor (optional).

  Returns:
    A sorted 1-D integer Tensor, with `shape=[num_segments + 1]`.
  "
tensorflow._api.v2.random.experimental.stateless_split,"Splits an RNG seed into `num` new seeds by adding a leading axis.

  Example:

  >>> seed = [1, 2]
  >>> new_seeds = tf.random.split(seed, num=3)
  >>> print(new_seeds)
  tf.Tensor(
  [[1105988140 1738052849]
   [-335576002  370444179]
   [  10670227 -246211131]], shape=(3, 2), dtype=int32)
  >>> tf.random.stateless_normal(shape=[3], seed=new_seeds[0, :])
  <tf.Tensor: shape=(3,), dtype=float32, numpy=array([-0.59835213, -0.9578608 ,
  0.9002807 ], dtype=float32)>

  Args:
    seed: an RNG seed (a tensor with shape [2] and dtype `int32` or `int64`).
      (When using XLA, only `int32` is allowed.)
    num: optional, a positive integer or scalar tensor indicating the number of
      seeds to produce (default 2).
    alg: The RNG algorithm used to generate the random numbers. See
      `tf.random.stateless_uniform` for a detailed explanation.

  Returns:
    A tensor with shape [num, 2] representing `num` new seeds. It will have the
    same dtype as `seed` (if `seed` doesn't have an explicit dtype, the dtype
    will be determined by `tf.convert_to_tensor`).
  "
tensorflow._api.v2.random.gamma,"Draws `shape` samples from each of the given Gamma distribution(s).

  `alpha` is the shape parameter describing the distribution(s), and `beta` is
  the inverse scale parameter(s).

  Note: Because internal calculations are done using `float64` and casting has
  `floor` semantics, we must manually map zero outcomes to the smallest
  possible positive floating-point value, i.e., `np.finfo(dtype).tiny`.  This
  means that `np.finfo(dtype).tiny` occurs more frequently than it otherwise
  should.  This bias can only happen for small values of `alpha`, i.e.,
  `alpha << 1` or large values of `beta`, i.e., `beta >> 1`.

  The samples are differentiable w.r.t. alpha and beta.
  The derivatives are computed using the approach described in
  (Figurnov et al., 2018).

  Example:

  ```python
  samples = tf.random.gamma([10], [0.5, 1.5])
  # samples has shape [10, 2], where each slice [:, 0] and [:, 1] represents
  # the samples drawn from each distribution

  samples = tf.random.gamma([7, 5], [0.5, 1.5])
  # samples has shape [7, 5, 2], where each slice [:, :, 0] and [:, :, 1]
  # represents the 7x5 samples drawn from each of the two distributions

  alpha = tf.constant([[1.],[3.],[5.]])
  beta = tf.constant([[3., 4.]])
  samples = tf.random.gamma([30], alpha=alpha, beta=beta)
  # samples has shape [30, 3, 2], with 30 samples each of 3x2 distributions.

  loss = tf.reduce_mean(tf.square(samples))
  dloss_dalpha, dloss_dbeta = tf.gradients(loss, [alpha, beta])
  # unbiased stochastic derivatives of the loss function
  alpha.shape == dloss_dalpha.shape  # True
  beta.shape == dloss_dbeta.shape  # True
  ```

  Args:
    shape: A 1-D integer Tensor or Python array. The shape of the output samples
      to be drawn per alpha/beta-parameterized distribution.
    alpha: A Tensor or Python value or N-D array of type `dtype`. `alpha`
      provides the shape parameter(s) describing the gamma distribution(s) to
      sample. Must be broadcastable with `beta`.
    beta: A Tensor or Python value or N-D array of type `dtype`. Defaults to 1.
      `beta` provides the inverse scale parameter(s) of the gamma
      distribution(s) to sample. Must be broadcastable with `alpha`.
    dtype: The type of alpha, beta, and the output: `float16`, `float32`, or
      `float64`.
    seed: A Python integer. Used to create a random seed for the distributions.
      See
      `tf.random.set_seed`
      for behavior.
    name: Optional name for the operation.

  Returns:
    samples: a `Tensor` of shape
      `tf.concat([shape, tf.shape(alpha + beta)], axis=0)` with values of type
      `dtype`.

  References:
    Implicit Reparameterization Gradients:
      [Figurnov et al., 2018]
      (http://papers.nips.cc/paper/7326-implicit-reparameterization-gradients)
      ([pdf]
      (http://papers.nips.cc/paper/7326-implicit-reparameterization-gradients.pdf))
  "
tensorflow._api.v2.random.split,"Splits an RNG seed into `num` new seeds by adding a leading axis.

  Example:

  >>> seed = [1, 2]
  >>> new_seeds = tf.random.split(seed, num=3)
  >>> print(new_seeds)
  tf.Tensor(
  [[1105988140 1738052849]
   [-335576002  370444179]
   [  10670227 -246211131]], shape=(3, 2), dtype=int32)
  >>> tf.random.stateless_normal(shape=[3], seed=new_seeds[0, :])
  <tf.Tensor: shape=(3,), dtype=float32, numpy=array([-0.59835213, -0.9578608 ,
  0.9002807 ], dtype=float32)>

  Args:
    seed: an RNG seed (a tensor with shape [2] and dtype `int32` or `int64`).
      (When using XLA, only `int32` is allowed.)
    num: optional, a positive integer or scalar tensor indicating the number of
      seeds to produce (default 2).
    alg: The RNG algorithm used to generate the random numbers. See
      `tf.random.stateless_uniform` for a detailed explanation.

  Returns:
    A tensor with shape [num, 2] representing `num` new seeds. It will have the
    same dtype as `seed` (if `seed` doesn't have an explicit dtype, the dtype
    will be determined by `tf.convert_to_tensor`).
  "
tensorflow._api.v2.raw_ops.AllToAll,"An Op to exchange data across TPU replicas.

  On each replica, the input is split into `split_count` blocks along
  `split_dimension` and send to the other replicas given group_assignment. After
  receiving `split_count` - 1 blocks from other replicas, we concatenate the
  blocks along `concat_dimension` as the output.

  For example, suppose there are 2 TPU replicas:
  replica 0 receives input: `[[A, B]]`
  replica 1 receives input: `[[C, D]]`

  group_assignment=`[[0, 1]]`
  concat_dimension=0
  split_dimension=1
  split_count=2

  replica 0's output: `[[A], [C]]`
  replica 1's output: `[[B], [D]]`

  Args:
    input: A `Tensor`. Must be one of the following types: `float32`, `float64`, `int32`, `uint8`, `int16`, `int8`, `complex64`, `int64`, `qint8`, `quint8`, `qint32`, `bfloat16`, `qint16`, `quint16`, `uint16`, `complex128`, `half`, `uint32`, `uint64`, `bool`.
      The local input to the sum.
    group_assignment: A `Tensor` of type `int32`. An int32 tensor with shape
      [num_groups, num_replicas_per_group]. `group_assignment[i]` represents the
      replica ids in the ith subgroup.
    concat_dimension: An `int`. The dimension number to concatenate.
    split_dimension: An `int`. The dimension number to split.
    split_count: An `int`.
      The number of splits, this number must equal to the sub-group
      size(group_assignment.get_shape()[1])
    name: A name for the operation (optional).

  Returns:
    A `Tensor`. Has the same type as `input`.
  "
tensorflow._api.v2.raw_ops.ApplyAdadelta,"Update '*var' according to the adadelta scheme.

  accum = rho() * accum + (1 - rho()) * grad.square();
  update = (update_accum + epsilon).sqrt() * (accum + epsilon()).rsqrt() * grad;
  update_accum = rho() * update_accum + (1 - rho()) * update.square();
  var -= update;

  Args:
    var: A mutable `Tensor`. Must be one of the following types: `float32`, `float64`, `int32`, `uint8`, `int16`, `int8`, `complex64`, `int64`, `qint8`, `quint8`, `qint32`, `bfloat16`, `qint16`, `quint16`, `uint16`, `complex128`, `half`, `uint32`, `uint64`.
      Should be from a Variable().
    accum: A mutable `Tensor`. Must have the same type as `var`.
      Should be from a Variable().
    accum_update: A mutable `Tensor`. Must have the same type as `var`.
      Should be from a Variable().
    lr: A `Tensor`. Must have the same type as `var`.
      Scaling factor. Must be a scalar.
    rho: A `Tensor`. Must have the same type as `var`.
      Decay factor. Must be a scalar.
    epsilon: A `Tensor`. Must have the same type as `var`.
      Constant factor. Must be a scalar.
    grad: A `Tensor`. Must have the same type as `var`. The gradient.
    use_locking: An optional `bool`. Defaults to `False`.
      If True, updating of the var, accum and update_accum tensors will be protected by
      a lock; otherwise the behavior is undefined, but may exhibit less contention.
    name: A name for the operation (optional).

  Returns:
    A mutable `Tensor`. Has the same type as `var`.
  "
tensorflow._api.v2.raw_ops.ApplyAdagradDA,"Update '*var' according to the proximal adagrad scheme.

  Args:
    var: A mutable `Tensor`. Must be one of the following types: `float32`, `float64`, `int32`, `uint8`, `int16`, `int8`, `complex64`, `int64`, `qint8`, `quint8`, `qint32`, `bfloat16`, `qint16`, `quint16`, `uint16`, `complex128`, `half`, `uint32`, `uint64`.
      Should be from a Variable().
    gradient_accumulator: A mutable `Tensor`. Must have the same type as `var`.
      Should be from a Variable().
    gradient_squared_accumulator: A mutable `Tensor`. Must have the same type as `var`.
      Should be from a Variable().
    grad: A `Tensor`. Must have the same type as `var`. The gradient.
    lr: A `Tensor`. Must have the same type as `var`.
      Scaling factor. Must be a scalar.
    l1: A `Tensor`. Must have the same type as `var`.
      L1 regularization. Must be a scalar.
    l2: A `Tensor`. Must have the same type as `var`.
      L2 regularization. Must be a scalar.
    global_step: A `Tensor` of type `int64`.
      Training step number. Must be a scalar.
    use_locking: An optional `bool`. Defaults to `False`.
      If True, updating of the var and accum tensors will be protected by
      a lock; otherwise the behavior is undefined, but may exhibit less contention.
    name: A name for the operation (optional).

  Returns:
    A mutable `Tensor`. Has the same type as `var`.
  "
tensorflow._api.v2.raw_ops.ApplyGradientDescent,"Update '*var' by subtracting 'alpha' * 'delta' from it.

  Args:
    var: A mutable `Tensor`. Must be one of the following types: `float32`, `float64`, `int32`, `uint8`, `int16`, `int8`, `complex64`, `int64`, `qint8`, `quint8`, `qint32`, `bfloat16`, `qint16`, `quint16`, `uint16`, `complex128`, `half`, `uint32`, `uint64`.
      Should be from a Variable().
    alpha: A `Tensor`. Must have the same type as `var`.
      Scaling factor. Must be a scalar.
    delta: A `Tensor`. Must have the same type as `var`. The change.
    use_locking: An optional `bool`. Defaults to `False`.
      If `True`, the subtraction will be protected by a lock;
      otherwise the behavior is undefined, but may exhibit less contention.
    name: A name for the operation (optional).

  Returns:
    A mutable `Tensor`. Has the same type as `var`.
  "
tensorflow._api.v2.raw_ops.ArgMax,"Returns the index with the largest value across dimensions of a tensor.

  Note that in case of ties the identity of the return value is not guaranteed.

  Usage:
    ```python
    import tensorflow as tf
    a = [1, 10, 26.9, 2.8, 166.32, 62.3]
    b = tf.math.argmax(input = a)
    c = tf.keras.backend.eval(b)
    # c = 4
    # here a[4] = 166.32 which is the largest element of a across axis 0
    ```

  Args:
    input: A `Tensor`. Must be one of the following types: `float32`, `float64`, `int32`, `uint8`, `int16`, `int8`, `int64`, `bfloat16`, `uint16`, `half`, `uint32`, `uint64`, `qint8`, `quint8`, `qint32`, `qint16`, `quint16`, `bool`.
    dimension: A `Tensor`. Must be one of the following types: `int16`, `int32`, `int64`.
      int16, int32 or int64, must be in the range `[-rank(input), rank(input))`.
      Describes which dimension of the input Tensor to reduce across. For vectors,
      use dimension = 0.
    output_type: An optional `tf.DType` from: `tf.int16, tf.uint16, tf.int32, tf.int64`. Defaults to `tf.int64`.
    name: A name for the operation (optional).

  Returns:
    A `Tensor` of type `output_type`.
  "
tensorflow._api.v2.raw_ops.ArgMin,"Returns the index with the smallest value across dimensions of a tensor.

  Note that in case of ties the identity of the return value is not guaranteed.

  Usage:
    ```python
    import tensorflow as tf
    a = [1, 10, 26.9, 2.8, 166.32, 62.3]
    b = tf.math.argmin(input = a)
    c = tf.keras.backend.eval(b)
    # c = 0
    # here a[0] = 1 which is the smallest element of a across axis 0
    ```

  Args:
    input: A `Tensor`. Must be one of the following types: `float32`, `float64`, `int32`, `uint8`, `int16`, `int8`, `int64`, `bfloat16`, `uint16`, `half`, `uint32`, `uint64`, `qint8`, `quint8`, `qint32`, `qint16`, `quint16`, `bool`.
    dimension: A `Tensor`. Must be one of the following types: `int32`, `int64`.
      int32 or int64, must be in the range `[-rank(input), rank(input))`.
      Describes which dimension of the input Tensor to reduce across. For vectors,
      use dimension = 0.
    output_type: An optional `tf.DType` from: `tf.int32, tf.int64`. Defaults to `tf.int64`.
    name: A name for the operation (optional).

  Returns:
    A `Tensor` of type `output_type`.
  "
tensorflow._api.v2.raw_ops.Equal,"Returns the truth value of (x == y) element-wise.

  *NOTE*: `Equal` supports broadcasting. More about broadcasting
  [here](http://docs.scipy.org/doc/numpy/user/basics.broadcasting.html)

  ```python
  x = tf.constant([2, 4])
  y = tf.constant(2)
  tf.math.equal(x, y) ==> array([True, False])

  x = tf.constant([2, 4])
  y = tf.constant([2, 4])
  tf.math.equal(x, y) ==> array([True,  True])
  ```

  Args:
    x: A `Tensor`.
    y: A `Tensor`. Must have the same type as `x`.
    incompatible_shape_error: An optional `bool`. Defaults to `True`.
    name: A name for the operation (optional).

  Returns:
    A `Tensor` of type `bool`.
  "
tensorflow._api.v2.raw_ops.GreaterEqual,"Returns the truth value of (x >= y) element-wise.

  *NOTE*: `math.greater_equal` supports broadcasting. More about broadcasting
  [here](http://docs.scipy.org/doc/numpy/user/basics.broadcasting.html)

  Example:

  ```python
  x = tf.constant([5, 4, 6, 7])
  y = tf.constant([5, 2, 5, 10])
  tf.math.greater_equal(x, y) ==> [True, True, True, False]

  x = tf.constant([5, 4, 6, 7])
  y = tf.constant([5])
  tf.math.greater_equal(x, y) ==> [True, False, True, True]
  ```

  Args:
    x: A `Tensor`. Must be one of the following types: `float32`, `float64`, `int32`, `uint8`, `int16`, `int8`, `int64`, `bfloat16`, `uint16`, `half`, `uint32`, `uint64`.
    y: A `Tensor`. Must have the same type as `x`.
    name: A name for the operation (optional).

  Returns:
    A `Tensor` of type `bool`.
  "
tensorflow._api.v2.raw_ops.HistogramFixedWidth,"Return histogram of values.

  Given the tensor `values`, this operation returns a rank 1 histogram counting
  the number of entries in `values` that fall into every bin.  The bins are
  equal width and determined by the arguments `value_range` and `nbins`.

  ```python
  # Bins will be:  (-inf, 1), [1, 2), [2, 3), [3, 4), [4, inf)
  nbins = 5
  value_range = [0.0, 5.0]
  new_values = [-1.0, 0.0, 1.5, 2.0, 5.0, 15]

  with tf.get_default_session() as sess:
    hist = tf.histogram_fixed_width(new_values, value_range, nbins=5)
    variables.global_variables_initializer().run()
    sess.run(hist) => [2, 1, 1, 0, 2]
  ```

  Args:
    values: A `Tensor`. Must be one of the following types: `int32`, `int64`, `float32`, `float64`.
      Numeric `Tensor`.
    value_range: A `Tensor`. Must have the same type as `values`.
      Shape [2] `Tensor` of same `dtype` as `values`.
      values <= value_range[0] will be mapped to hist[0],
      values >= value_range[1] will be mapped to hist[-1].
    nbins: A `Tensor` of type `int32`.
      Scalar `int32 Tensor`.  Number of histogram bins.
    dtype: An optional `tf.DType` from: `tf.int32, tf.int64`. Defaults to `tf.int32`.
    name: A name for the operation (optional).

  Returns:
    A `Tensor` of type `dtype`.
  "
tensorflow._api.v2.raw_ops.LessEqual,"Returns the truth value of (x <= y) element-wise.

  *NOTE*: `math.less_equal` supports broadcasting. More about broadcasting
  [here](http://docs.scipy.org/doc/numpy/user/basics.broadcasting.html)

  Example:

  ```python
  x = tf.constant([5, 4, 6])
  y = tf.constant([5])
  tf.math.less_equal(x, y) ==> [True, True, False]

  x = tf.constant([5, 4, 6])
  y = tf.constant([5, 6, 6])
  tf.math.less_equal(x, y) ==> [True, True, True]
  ```

  Args:
    x: A `Tensor`. Must be one of the following types: `float32`, `float64`, `int32`, `uint8`, `int16`, `int8`, `int64`, `bfloat16`, `uint16`, `half`, `uint32`, `uint64`.
    y: A `Tensor`. Must have the same type as `x`.
    name: A name for the operation (optional).

  Returns:
    A `Tensor` of type `bool`.
  "
tensorflow._api.v2.raw_ops.MutexLock,"Locks a mutex resource.  The output is the lock.  So long as the lock tensor

  is alive, any other request to use `MutexLock` with this mutex will wait.

  This is particularly useful for creating a critical section when used in
  conjunction with `MutexLockIdentity`:

  ```python

  mutex = mutex_v2(
    shared_name=handle_name, container=container, name=name)

  def execute_in_critical_section(fn, *args, **kwargs):
    lock = gen_resource_variable_ops.mutex_lock(mutex)

    with ops.control_dependencies([lock]):
      r = fn(*args, **kwargs)

    with ops.control_dependencies(nest.flatten(r)):
      with ops.colocate_with(mutex):
        ensure_lock_exists = mutex_lock_identity(lock)

      # Make sure that if any element of r is accessed, all of
      # them are executed together.
      r = nest.map_structure(tf.identity, r)

    with ops.control_dependencies([ensure_lock_exists]):
      return nest.map_structure(tf.identity, r)
  ```

  While `fn` is running in the critical section, no other functions which wish to
  use this critical section may run.

  Often the use case is that two executions of the same graph, in parallel,
  wish to run `fn`; and we wish to ensure that only one of them executes
  at a time.  This is especially important if `fn` modifies one or more
  variables at a time.

  It is also useful if two separate functions must share a resource, but we
  wish to ensure the usage is exclusive.

  Args:
    mutex: A `Tensor` of type `resource`. The mutex resource to lock.
    name: A name for the operation (optional).

  Returns:
    A `Tensor` of type `variant`.
  "
tensorflow._api.v2.raw_ops.NotEqual,"Returns the truth value of (x != y) element-wise.

  *NOTE*: `NotEqual` supports broadcasting. More about broadcasting
  [here](http://docs.scipy.org/doc/numpy/user/basics.broadcasting.html)

  Args:
    x: A `Tensor`.
    y: A `Tensor`. Must have the same type as `x`.
    incompatible_shape_error: An optional `bool`. Defaults to `True`.
    name: A name for the operation (optional).

  Returns:
    A `Tensor` of type `bool`.
  "
tensorflow._api.v2.raw_ops.RangeDataset,"Creates a dataset with a range of values. Corresponds to python's xrange.

  Args:
    start: A `Tensor` of type `int64`.
      corresponds to start in python's xrange().
    stop: A `Tensor` of type `int64`.
      corresponds to stop in python's xrange().
    step: A `Tensor` of type `int64`.
      corresponds to step in python's xrange().
    output_types: A list of `tf.DTypes` that has length `>= 1`.
    output_shapes: A list of shapes (each a `tf.TensorShape` or list of `ints`) that has length `>= 1`.
    metadata: An optional `string`. Defaults to `""""`.
    replicate_on_split: An optional `bool`. Defaults to `False`.
    name: A name for the operation (optional).

  Returns:
    A `Tensor` of type `variant`.
  "
tensorflow._api.v2.raw_ops.ResourceApplyAdadelta,"Update '*var' according to the adadelta scheme.

  accum = rho() * accum + (1 - rho()) * grad.square();
  update = (update_accum + epsilon).sqrt() * (accum + epsilon()).rsqrt() * grad;
  update_accum = rho() * update_accum + (1 - rho()) * update.square();
  var -= update;

  Args:
    var: A `Tensor` of type `resource`. Should be from a Variable().
    accum: A `Tensor` of type `resource`. Should be from a Variable().
    accum_update: A `Tensor` of type `resource`. Should be from a Variable().
    lr: A `Tensor`. Must be one of the following types: `float32`, `float64`, `int32`, `uint8`, `int16`, `int8`, `complex64`, `int64`, `qint8`, `quint8`, `qint32`, `bfloat16`, `qint16`, `quint16`, `uint16`, `complex128`, `half`, `uint32`, `uint64`.
      Scaling factor. Must be a scalar.
    rho: A `Tensor`. Must have the same type as `lr`.
      Decay factor. Must be a scalar.
    epsilon: A `Tensor`. Must have the same type as `lr`.
      Constant factor. Must be a scalar.
    grad: A `Tensor`. Must have the same type as `lr`. The gradient.
    use_locking: An optional `bool`. Defaults to `False`.
      If True, updating of the var, accum and update_accum tensors will be protected by
      a lock; otherwise the behavior is undefined, but may exhibit less contention.
    name: A name for the operation (optional).

  Returns:
    The created Operation.
  "
tensorflow._api.v2.raw_ops.ResourceApplyAdagradDA,"Update '*var' according to the proximal adagrad scheme.

  Args:
    var: A `Tensor` of type `resource`. Should be from a Variable().
    gradient_accumulator: A `Tensor` of type `resource`.
      Should be from a Variable().
    gradient_squared_accumulator: A `Tensor` of type `resource`.
      Should be from a Variable().
    grad: A `Tensor`. Must be one of the following types: `float32`, `float64`, `int32`, `uint8`, `int16`, `int8`, `complex64`, `int64`, `qint8`, `quint8`, `qint32`, `bfloat16`, `qint16`, `quint16`, `uint16`, `complex128`, `half`, `uint32`, `uint64`.
      The gradient.
    lr: A `Tensor`. Must have the same type as `grad`.
      Scaling factor. Must be a scalar.
    l1: A `Tensor`. Must have the same type as `grad`.
      L1 regularization. Must be a scalar.
    l2: A `Tensor`. Must have the same type as `grad`.
      L2 regularization. Must be a scalar.
    global_step: A `Tensor` of type `int64`.
      Training step number. Must be a scalar.
    use_locking: An optional `bool`. Defaults to `False`.
      If True, updating of the var and accum tensors will be protected by
      a lock; otherwise the behavior is undefined, but may exhibit less contention.
    name: A name for the operation (optional).

  Returns:
    The created Operation.
  "
tensorflow._api.v2.raw_ops.ResourceApplyAdamWithAmsgrad,"Update '*var' according to the Adam algorithm.

  $$\text{lr}_t := \mathrm{learning_rate} * \sqrt{1 - \beta_2^t} / (1 - \beta_1^t)$$
  $$m_t := \beta_1 * m_{t-1} + (1 - \beta_1) * g$$
  $$v_t := \beta_2 * v_{t-1} + (1 - \beta_2) * g * g$$
  $$\hat{v}_t := max{\hat{v}_{t-1}, v_t}$$
  $$\text{variable} := \text{variable} - \text{lr}_t * m_t / (\sqrt{\hat{v}_t} + \epsilon)$$

  Args:
    var: A `Tensor` of type `resource`. Should be from a Variable().
    m: A `Tensor` of type `resource`. Should be from a Variable().
    v: A `Tensor` of type `resource`. Should be from a Variable().
    vhat: A `Tensor` of type `resource`. Should be from a Variable().
    beta1_power: A `Tensor`. Must be one of the following types: `float32`, `float64`, `int32`, `uint8`, `int16`, `int8`, `complex64`, `int64`, `qint8`, `quint8`, `qint32`, `bfloat16`, `qint16`, `quint16`, `uint16`, `complex128`, `half`, `uint32`, `uint64`.
      Must be a scalar.
    beta2_power: A `Tensor`. Must have the same type as `beta1_power`.
      Must be a scalar.
    lr: A `Tensor`. Must have the same type as `beta1_power`.
      Scaling factor. Must be a scalar.
    beta1: A `Tensor`. Must have the same type as `beta1_power`.
      Momentum factor. Must be a scalar.
    beta2: A `Tensor`. Must have the same type as `beta1_power`.
      Momentum factor. Must be a scalar.
    epsilon: A `Tensor`. Must have the same type as `beta1_power`.
      Ridge term. Must be a scalar.
    grad: A `Tensor`. Must have the same type as `beta1_power`. The gradient.
    use_locking: An optional `bool`. Defaults to `False`.
      If `True`, updating of the var, m, and v tensors will be protected
      by a lock; otherwise the behavior is undefined, but may exhibit less
      contention.
    name: A name for the operation (optional).

  Returns:
    The created Operation.
  "
tensorflow._api.v2.raw_ops.ResourceApplyGradientDescent,"Update '*var' by subtracting 'alpha' * 'delta' from it.

  Args:
    var: A `Tensor` of type `resource`. Should be from a Variable().
    alpha: A `Tensor`. Must be one of the following types: `float32`, `float64`, `int32`, `uint8`, `int16`, `int8`, `complex64`, `int64`, `qint8`, `quint8`, `qint32`, `bfloat16`, `qint16`, `quint16`, `uint16`, `complex128`, `half`, `uint32`, `uint64`.
      Scaling factor. Must be a scalar.
    delta: A `Tensor`. Must have the same type as `alpha`. The change.
    use_locking: An optional `bool`. Defaults to `False`.
      If `True`, the subtraction will be protected by a lock;
      otherwise the behavior is undefined, but may exhibit less contention.
    name: A name for the operation (optional).

  Returns:
    The created Operation.
  "
tensorflow._api.v2.raw_ops.ResourceSparseApplyAdadelta,"var: Should be from a Variable().

  Args:
    var: A `Tensor` of type `resource`.
    accum: A `Tensor` of type `resource`. Should be from a Variable().
    accum_update: A `Tensor` of type `resource`.
      : Should be from a Variable().
    lr: A `Tensor`. Must be one of the following types: `float32`, `float64`, `int32`, `uint8`, `int16`, `int8`, `complex64`, `int64`, `qint8`, `quint8`, `qint32`, `bfloat16`, `qint16`, `quint16`, `uint16`, `complex128`, `half`, `uint32`, `uint64`.
      Learning rate. Must be a scalar.
    rho: A `Tensor`. Must have the same type as `lr`.
      Decay factor. Must be a scalar.
    epsilon: A `Tensor`. Must have the same type as `lr`.
      Constant factor. Must be a scalar.
    grad: A `Tensor`. Must have the same type as `lr`. The gradient.
    indices: A `Tensor`. Must be one of the following types: `int32`, `int64`.
      A vector of indices into the first dimension of var and accum.
    use_locking: An optional `bool`. Defaults to `False`.
      If True, updating of the var and accum tensors will be protected by
      a lock; otherwise the behavior is undefined, but may exhibit less contention.
    name: A name for the operation (optional).

  Returns:
    The created Operation.
  "
tensorflow._api.v2.raw_ops.ResourceSparseApplyAdagradDA,"Update entries in '*var' and '*accum' according to the proximal adagrad scheme.

  Args:
    var: A `Tensor` of type `resource`. Should be from a Variable().
    gradient_accumulator: A `Tensor` of type `resource`.
      Should be from a Variable().
    gradient_squared_accumulator: A `Tensor` of type `resource`.
      Should be from a Variable().
    grad: A `Tensor`. Must be one of the following types: `float32`, `float64`, `int32`, `uint8`, `int16`, `int8`, `complex64`, `int64`, `qint8`, `quint8`, `qint32`, `bfloat16`, `qint16`, `quint16`, `uint16`, `complex128`, `half`, `uint32`, `uint64`.
      The gradient.
    indices: A `Tensor`. Must be one of the following types: `int32`, `int64`.
      A vector of indices into the first dimension of var and accum.
    lr: A `Tensor`. Must have the same type as `grad`.
      Learning rate. Must be a scalar.
    l1: A `Tensor`. Must have the same type as `grad`.
      L1 regularization. Must be a scalar.
    l2: A `Tensor`. Must have the same type as `grad`.
      L2 regularization. Must be a scalar.
    global_step: A `Tensor` of type `int64`.
      Training step number. Must be a scalar.
    use_locking: An optional `bool`. Defaults to `False`.
      If True, updating of the var and accum tensors will be protected by
      a lock; otherwise the behavior is undefined, but may exhibit less contention.
    name: A name for the operation (optional).

  Returns:
    The created Operation.
  "
tensorflow._api.v2.raw_ops.SparseApplyAdadelta,"var: Should be from a Variable().

  Args:
    var: A mutable `Tensor`. Must be one of the following types: `float32`, `float64`, `int32`, `uint8`, `int16`, `int8`, `complex64`, `int64`, `qint8`, `quint8`, `qint32`, `bfloat16`, `qint16`, `quint16`, `uint16`, `complex128`, `half`, `uint32`, `uint64`.
    accum: A mutable `Tensor`. Must have the same type as `var`.
      Should be from a Variable().
    accum_update: A mutable `Tensor`. Must have the same type as `var`.
      : Should be from a Variable().
    lr: A `Tensor`. Must have the same type as `var`.
      Learning rate. Must be a scalar.
    rho: A `Tensor`. Must have the same type as `var`.
      Decay factor. Must be a scalar.
    epsilon: A `Tensor`. Must have the same type as `var`.
      Constant factor. Must be a scalar.
    grad: A `Tensor`. Must have the same type as `var`. The gradient.
    indices: A `Tensor`. Must be one of the following types: `int32`, `int64`.
      A vector of indices into the first dimension of var and accum.
    use_locking: An optional `bool`. Defaults to `False`.
      If True, updating of the var and accum tensors will be protected by
      a lock; otherwise the behavior is undefined, but may exhibit less contention.
    name: A name for the operation (optional).

  Returns:
    A mutable `Tensor`. Has the same type as `var`.
  "
tensorflow._api.v2.raw_ops.SparseApplyAdagradDA,"Update entries in '*var' and '*accum' according to the proximal adagrad scheme.

  Args:
    var: A mutable `Tensor`. Must be one of the following types: `float32`, `float64`, `int32`, `uint8`, `int16`, `int8`, `complex64`, `int64`, `qint8`, `quint8`, `qint32`, `bfloat16`, `qint16`, `quint16`, `uint16`, `complex128`, `half`, `uint32`, `uint64`.
      Should be from a Variable().
    gradient_accumulator: A mutable `Tensor`. Must have the same type as `var`.
      Should be from a Variable().
    gradient_squared_accumulator: A mutable `Tensor`. Must have the same type as `var`.
      Should be from a Variable().
    grad: A `Tensor`. Must have the same type as `var`. The gradient.
    indices: A `Tensor`. Must be one of the following types: `int32`, `int64`.
      A vector of indices into the first dimension of var and accum.
    lr: A `Tensor`. Must have the same type as `var`.
      Learning rate. Must be a scalar.
    l1: A `Tensor`. Must have the same type as `var`.
      L1 regularization. Must be a scalar.
    l2: A `Tensor`. Must have the same type as `var`.
      L2 regularization. Must be a scalar.
    global_step: A `Tensor` of type `int64`.
      Training step number. Must be a scalar.
    use_locking: An optional `bool`. Defaults to `False`.
      If True, updating of the var and accum tensors will be protected by
      a lock; otherwise the behavior is undefined, but may exhibit less contention.
    name: A name for the operation (optional).

  Returns:
    A mutable `Tensor`. Has the same type as `var`.
  "
tensorflow._api.v2.raw_ops.SparseReduceMax,"Computes the max of elements across dimensions of a SparseTensor.

  This Op takes a SparseTensor and is the sparse counterpart to
  `tf.reduce_max()`.  In particular, this Op also returns a dense `Tensor`
  instead of a sparse one.

  Reduces `sp_input` along the dimensions given in `reduction_axes`.  Unless
  `keep_dims` is true, the rank of the tensor is reduced by 1 for each entry in
  `reduction_axes`. If `keep_dims` is true, the reduced dimensions are retained
  with length 1.

  If `reduction_axes` has no entries, all dimensions are reduced, and a tensor
  with a single element is returned.  Additionally, the axes can be negative,
  which are interpreted according to the indexing rules in Python.

  Args:
    input_indices: A `Tensor` of type `int64`.
      2-D.  `N x R` matrix with the indices of non-empty values in a
      SparseTensor, possibly not in canonical ordering.
    input_values: A `Tensor`. Must be one of the following types: `float32`, `float64`, `int32`, `uint8`, `int16`, `int8`, `int64`, `bfloat16`, `uint16`, `half`, `uint32`, `uint64`.
      1-D.  `N` non-empty values corresponding to `input_indices`.
    input_shape: A `Tensor` of type `int64`.
      1-D.  Shape of the input SparseTensor.
    reduction_axes: A `Tensor` of type `int32`.
      1-D.  Length-`K` vector containing the reduction axes.
    keep_dims: An optional `bool`. Defaults to `False`.
      If true, retain reduced dimensions with length 1.
    name: A name for the operation (optional).

  Returns:
    A `Tensor`. Has the same type as `input_values`.
  "
tensorflow._api.v2.raw_ops.SparseReduceMaxSparse,"Computes the max of elements across dimensions of a SparseTensor.

  This Op takes a SparseTensor and is the sparse counterpart to
  `tf.reduce_max()`.  In contrast to SparseReduceMax, this Op returns a
  SparseTensor.

  Reduces `sp_input` along the dimensions given in `reduction_axes`.  Unless
  `keep_dims` is true, the rank of the tensor is reduced by 1 for each entry in
  `reduction_axes`. If `keep_dims` is true, the reduced dimensions are retained
  with length 1.

  If `reduction_axes` has no entries, all dimensions are reduced, and a tensor
  with a single element is returned.  Additionally, the axes can be negative,
  which are interpreted according to the indexing rules in Python.

  Args:
    input_indices: A `Tensor` of type `int64`.
      2-D.  `N x R` matrix with the indices of non-empty values in a
      SparseTensor, possibly not in canonical ordering.
    input_values: A `Tensor`. Must be one of the following types: `float32`, `float64`, `int32`, `uint8`, `int16`, `int8`, `int64`, `bfloat16`, `uint16`, `half`, `uint32`, `uint64`.
      1-D.  `N` non-empty values corresponding to `input_indices`.
    input_shape: A `Tensor` of type `int64`.
      1-D.  Shape of the input SparseTensor.
    reduction_axes: A `Tensor` of type `int32`.
      1-D.  Length-`K` vector containing the reduction axes.
    keep_dims: An optional `bool`. Defaults to `False`.
      If true, retain reduced dimensions with length 1.
    name: A name for the operation (optional).

  Returns:
    A tuple of `Tensor` objects (output_indices, output_values, output_shape).

    output_indices: A `Tensor` of type `int64`.
    output_values: A `Tensor`. Has the same type as `input_values`.
    output_shape: A `Tensor` of type `int64`.
  "
tensorflow._api.v2.raw_ops.SparseReduceSum,"Computes the sum of elements across dimensions of a SparseTensor.

  This Op takes a SparseTensor and is the sparse counterpart to
  `tf.reduce_sum()`.  In particular, this Op also returns a dense `Tensor`
  instead of a sparse one.

  Reduces `sp_input` along the dimensions given in `reduction_axes`.  Unless
  `keep_dims` is true, the rank of the tensor is reduced by 1 for each entry in
  `reduction_axes`. If `keep_dims` is true, the reduced dimensions are retained
  with length 1.

  If `reduction_axes` has no entries, all dimensions are reduced, and a tensor
  with a single element is returned.  Additionally, the axes can be negative,
  which are interpreted according to the indexing rules in Python.

  Args:
    input_indices: A `Tensor` of type `int64`.
      2-D.  `N x R` matrix with the indices of non-empty values in a
      SparseTensor, possibly not in canonical ordering.
    input_values: A `Tensor`. Must be one of the following types: `float32`, `float64`, `int32`, `uint8`, `int16`, `int8`, `complex64`, `int64`, `qint8`, `quint8`, `qint32`, `bfloat16`, `qint16`, `quint16`, `uint16`, `complex128`, `half`, `uint32`, `uint64`.
      1-D.  `N` non-empty values corresponding to `input_indices`.
    input_shape: A `Tensor` of type `int64`.
      1-D.  Shape of the input SparseTensor.
    reduction_axes: A `Tensor` of type `int32`.
      1-D.  Length-`K` vector containing the reduction axes.
    keep_dims: An optional `bool`. Defaults to `False`.
      If true, retain reduced dimensions with length 1.
    name: A name for the operation (optional).

  Returns:
    A `Tensor`. Has the same type as `input_values`.
  "
tensorflow._api.v2.raw_ops.SparseReduceSumSparse,"Computes the sum of elements across dimensions of a SparseTensor.

  This Op takes a SparseTensor and is the sparse counterpart to
  `tf.reduce_sum()`.  In contrast to SparseReduceSum, this Op returns a
  SparseTensor.

  Reduces `sp_input` along the dimensions given in `reduction_axes`.  Unless
  `keep_dims` is true, the rank of the tensor is reduced by 1 for each entry in
  `reduction_axes`. If `keep_dims` is true, the reduced dimensions are retained
  with length 1.

  If `reduction_axes` has no entries, all dimensions are reduced, and a tensor
  with a single element is returned.  Additionally, the axes can be negative,
  which are interpreted according to the indexing rules in Python.

  Args:
    input_indices: A `Tensor` of type `int64`.
      2-D.  `N x R` matrix with the indices of non-empty values in a
      SparseTensor, possibly not in canonical ordering.
    input_values: A `Tensor`. Must be one of the following types: `float32`, `float64`, `int32`, `uint8`, `int16`, `int8`, `complex64`, `int64`, `qint8`, `quint8`, `qint32`, `bfloat16`, `qint16`, `quint16`, `uint16`, `complex128`, `half`, `uint32`, `uint64`.
      1-D.  `N` non-empty values corresponding to `input_indices`.
    input_shape: A `Tensor` of type `int64`.
      1-D.  Shape of the input SparseTensor.
    reduction_axes: A `Tensor` of type `int32`.
      1-D.  Length-`K` vector containing the reduction axes.
    keep_dims: An optional `bool`. Defaults to `False`.
      If true, retain reduced dimensions with length 1.
    name: A name for the operation (optional).

  Returns:
    A tuple of `Tensor` objects (output_indices, output_values, output_shape).

    output_indices: A `Tensor` of type `int64`.
    output_values: A `Tensor`. Has the same type as `input_values`.
    output_shape: A `Tensor` of type `int64`.
  "
tensorflow._api.v2.raw_ops.TPUReplicatedInput,"Connects N inputs to an N-way replicated TPU computation.

  This operation holds a replicated input to a `tpu.replicate()` computation subgraph.
  Each replicated input has the same shape and type alongside the output.

  For example:
  ```
  %a = ""tf.opA""()
  %b = ""tf.opB""()
  %replicated_input = ""tf.TPUReplicatedInput""(%a, %b)
  %computation = ""tf.Computation""(%replicated_input)
  ```
  The above computation has a replicated input of two replicas.

  Args:
    inputs: A list of at least 1 `Tensor` objects with the same type.
    is_mirrored_variable: An optional `bool`. Defaults to `False`.
    index: An optional `int`. Defaults to `-1`.
    is_packed: An optional `bool`. Defaults to `False`.
    name: A name for the operation (optional).

  Returns:
    A `Tensor`. Has the same type as `inputs`.
  "
tensorflow._api.v2.raw_ops.TPUReplicatedOutput,"Connects N outputs from an N-way replicated TPU computation.

  This operation holds a replicated output from a `tpu.replicate()` computation subgraph.
  Each replicated output has the same shape and type alongside the input.

  For example:
  ```
  %computation = ""tf.Computation""()
  %replicated_output:2 = ""tf.TPUReplicatedOutput""(%computation)
  ```
  The above computation has a replicated output of two replicas.

  Args:
    input: A `Tensor`.
    num_replicas: An `int` that is `>= 1`.
    name: A name for the operation (optional).

  Returns:
    A list of `num_replicas` `Tensor` objects with the same type as `input`.
  "
tensorflow._api.v2.raw_ops.UniformQuantizedDot,"Perform quantized dot of quantized Tensor `lhs` and quantized Tensor `rhs` to make quantized `output`.

  Given quantized `lhs` and quantized `rhs`, performs quantized dot on `lhs` and `rhs` to make quantized `output`.
  `lhs` and `rhs` must be 2D Tensors and the lhs.dim_size(1) must match rhs.dim_size(0).
  `lhs` and `rhs` must be quantized Tensor, where data value is quantized using the formula:
  quantized_data = clip(original_data / scale + zero_point, quantization_min_val, quantization_max_val).
  `output` is also quantized, using the same formula.
  If `rhs` is per-tensor quantized, `output` must be also per-tensor quantized.

  Args:
    lhs: A `Tensor`. Must be one of the following types: `qint8`.
      Must be a 2D Tensor of Tin.
    rhs: A `Tensor`. Must have the same type as `lhs`.
      Must be a 2D Tensor of Tin.
    lhs_scales: A `Tensor` of type `float32`.
      The float value(s) used as scale when quantizing original data that lhs represents.
      Must be a scalar Tensor (lhs supports only per-tensor quantization).
    lhs_zero_points: A `Tensor` of type `int32`.
      The int32 value(s) used as zero_point when quantizing original data that lhs represents.
      Same shape condition as lhs_scales.
    rhs_scales: A `Tensor` of type `float32`.
      The float value(s) used as scale when quantizing original data that rhs represents.
      Must be a scalar Tensor (per-tensor quantization) or 1D Tensor of size (rhs.dim_size(1),) (per-channel quantization).
    rhs_zero_points: A `Tensor` of type `int32`.
      The int32 value(s) used as zero_point when quantizing original data that rhs represents.
      Same shape condition as rhs_scales.
    output_scales: A `Tensor` of type `float32`.
      The float value(s) to use as scales when quantizing original data that output represents.
      Must be a scalar Tensor (per-tensor quantization) or 1D Tensor of size (output.dim_size(1),) (per-channel quantization).
      If rhs is per-tensor quantized, output must be also per-tensor quantized.
      This means that if rhs_scales and rhs_zero_points are scalar Tensors, output_scales and output_zero_points must be scalar Tensors as well.
    output_zero_points: A `Tensor` of type `int32`.
      The int32 value(s) used as zero_point when quantizing original data that output represents.
      Same shape condition as rhs_scales.
    Tout: A `tf.DType` from: `tf.qint32`. The type of output Tensor.
    lhs_quantization_min_val: An `int`.
      The min value of the quantized data stored in lhs.
      For example, if Tin is qint8, this must be set to -127 if narrow range quantized or -128 if not.
    lhs_quantization_max_val: An `int`.
      The max value of the quantized data stored in rhs.
      For example, if Tin is qint8, this must be set to 127.
    rhs_quantization_min_val: An `int`.
      The min value of the quantized data stored in rhs.
      For example, if Trhs is qint8, this must be set to -127 if narrow range quantized or -128 if not.
    rhs_quantization_max_val: An `int`.
      The max value of the quantized data stored in rhs.
      For example, if Trhs is qint8, this must be set to 127.
    output_quantization_min_val: An `int`.
      The min value of the quantized data stored in output.
      For example, if Tout is qint8, this must be set to -127 if narrow range quantized or -128 if not.
    output_quantization_max_val: An `int`.
      The max value of the quantized data stored in output.
      For example, if Tout is qint8, this must be set to 127.
    lhs_quantization_axis: An optional `int`. Defaults to `-1`.
      Indicates the dimension index of the tensor where per-axis quantization is applied for the slices along that dimension.
      If set to -1 (default), this indicates per-tensor quantization.
      For dot op lhs, only per-tensor quantization is supported.
      Thus, this attribute must be set to -1. Other values are rejected.
    rhs_quantization_axis: An optional `int`. Defaults to `-1`.
      Indicates the dimension index of the tensor where per-axis quantization is applied for the slices along that dimension.
      If set to -1 (default), this indicates per-tensor quantization.
      For dot op rhs, only per-tensor quantization or per-channel quantization along dimension 1 is supported.
      Thus, this attribute must be set to -1 or 1. Other values are rejected.
    output_quantization_axis: An optional `int`. Defaults to `-1`.
      Indicates the dimension index of the tensor where per-axis quantization is applied for the slices along that dimension.
      If set to -1 (default), this indicates per-tensor quantization.
      For dot op output, only per-tensor quantization or per-channel quantization along dimension 1 is supported.
      Thus, this attribute must be set to -1 or 1. Other values are rejected.
    name: A name for the operation (optional).

  Returns:
    A `Tensor` of type `Tout`.
  "
tensorflow.required_space_to_batch_paddings,"Calculate padding required to make block_shape divide input_shape.

  This function can be used to calculate a suitable paddings argument for use
  with space_to_batch_nd and batch_to_space_nd.

  Args:
    input_shape: int32 Tensor of shape [N].
    block_shape: int32 Tensor of shape [N].
    base_paddings: Optional int32 Tensor of shape [N, 2].  Specifies the minimum
      amount of padding to use.  All elements must be >= 0.  If not specified,
      defaults to 0.
    name: string.  Optional name prefix.

  Returns:
    (paddings, crops), where:

    `paddings` and `crops` are int32 Tensors of rank 2 and shape [N, 2]
    satisfying:

        paddings[i, 0] = base_paddings[i, 0].
        0 <= paddings[i, 1] - base_paddings[i, 1] < block_shape[i]
        (input_shape[i] + paddings[i, 0] + paddings[i, 1]) % block_shape[i] == 0

        crops[i, 0] = 0
        crops[i, 1] = paddings[i, 1] - base_paddings[i, 1]

  Raises: ValueError if called with incompatible shapes.
  "
tensorflow._api.v2.signal.hamming_window,"Generate a [Hamming][hamming] window.

  Args:
    window_length: A scalar `Tensor` indicating the window length to generate.
    periodic: A bool `Tensor` indicating whether to generate a periodic or
      symmetric window. Periodic windows are typically used for spectral
      analysis while symmetric windows are typically used for digital
      filter design.
    dtype: The data type to produce. Must be a floating point type.
    name: An optional name for the operation.

  Returns:
    A `Tensor` of shape `[window_length]` of type `dtype`.

  Raises:
    ValueError: If `dtype` is not a floating point type.

  [hamming]:
    https://en.wikipedia.org/wiki/Window_function#Hann_and_Hamming_windows
  "
tensorflow._api.v2.signal.hann_window,"Generate a [Hann window][hann].

  Args:
    window_length: A scalar `Tensor` indicating the window length to generate.
    periodic: A bool `Tensor` indicating whether to generate a periodic or
      symmetric window. Periodic windows are typically used for spectral
      analysis while symmetric windows are typically used for digital
      filter design.
    dtype: The data type to produce. Must be a floating point type.
    name: An optional name for the operation.

  Returns:
    A `Tensor` of shape `[window_length]` of type `dtype`.

  Raises:
    ValueError: If `dtype` is not a floating point type.

  [hann]: https://en.wikipedia.org/wiki/Window_function#Hann_and_Hamming_windows
  "
tensorflow._api.v2.signal.kaiser_window,"Generate a [Kaiser window][kaiser].

  Args:
    window_length: A scalar `Tensor` indicating the window length to generate.
    beta: Beta parameter for Kaiser window, see reference below.
    dtype: The data type to produce. Must be a floating point type.
    name: An optional name for the operation.

  Returns:
    A `Tensor` of shape `[window_length]` of type `dtype`.

  [kaiser]:
    https://docs.scipy.org/doc/numpy/reference/generated/numpy.kaiser.html
  "
tensorflow._api.v2.signal.vorbis_window,"Generate a [Vorbis power complementary window][vorbis].

  Args:
    window_length: A scalar `Tensor` indicating the window length to generate.
    dtype: The data type to produce. Must be a floating point type.
    name: An optional name for the operation.

  Returns:
    A `Tensor` of shape `[window_length]` of type `dtype`.

  [vorbis]:
    https://en.wikipedia.org/wiki/Modified_discrete_cosine_transform#Window_functions
  "
tensorflow._api.v2.sparse.eye,"Creates a two-dimensional sparse tensor with ones along the diagonal.

  Args:
    num_rows: Non-negative integer or `int32` scalar `tensor` giving the number
      of rows in the resulting matrix.
    num_columns: Optional non-negative integer or `int32` scalar `tensor` giving
      the number of columns in the resulting matrix. Defaults to `num_rows`.
    dtype: The type of element in the resulting `Tensor`.
    name: A name for this `Op`. Defaults to ""eye"".

  Returns:
    A `SparseTensor` of shape [num_rows, num_columns] with ones along the
    diagonal.
  "
tensorflow._api.v2.sparse.retain,"Retains specified non-empty values within a `SparseTensor`.

  For example, if `sp_input` has shape `[4, 5]` and 4 non-empty string values:

      [0, 1]: a
      [0, 3]: b
      [2, 0]: c
      [3, 1]: d

  and `to_retain = [True, False, False, True]`, then the output will
  be a `SparseTensor` of shape `[4, 5]` with 2 non-empty values:

      [0, 1]: a
      [3, 1]: d

  Args:
    sp_input: The input `SparseTensor` with `N` non-empty elements.
    to_retain: A bool vector of length `N` with `M` true values.

  Returns:
    A `SparseTensor` with the same shape as the input and `M` non-empty
    elements corresponding to the true positions in `to_retain`.

  Raises:
    TypeError: If `sp_input` is not a `SparseTensor`.
  "
tensorflow._api.v2.types.experimental.TraceType,"Represents the type of object(s) for tf.function tracing purposes.

  `TraceType` is an abstract class that other classes might inherit from to
  provide information regarding associated class(es) for the purposes of
  tf.function tracing. The typing logic provided through this mechanism will be
  used to make decisions regarding usage of cached concrete functions and
  retracing.

  For example, if we have the following tf.function and classes:
  ```python
  @tf.function
  def get_mixed_flavor(fruit_a, fruit_b):
    return fruit_a.flavor + fruit_b.flavor

  class Fruit:
    flavor = tf.constant([0, 0])

  class Apple(Fruit):
    flavor = tf.constant([1, 2])

  class Mango(Fruit):
    flavor = tf.constant([3, 4])
  ```

  tf.function does not know when to re-use an existing concrete function in
  regards to the `Fruit` class so naively it retraces for every new instance.
  ```python
  get_mixed_flavor(Apple(), Mango()) # Traces a new concrete function
  get_mixed_flavor(Apple(), Mango()) # Traces a new concrete function again
  ```

  However, we, as the designers of the `Fruit` class, know that each subclass
  has a fixed flavor and we can reuse an existing traced concrete function if
  it was the same subclass. Avoiding such unnecessary tracing of concrete
  functions can have significant performance benefits.

  ```python
  class FruitTraceType(tf.types.experimental.TraceType):
    def __init__(self, fruit):
      self.fruit_type = type(fruit)
      self.fruit_value = fruit

    def is_subtype_of(self, other):
       return (type(other) is FruitTraceType and
               self.fruit_type is other.fruit_type)

    def most_specific_common_supertype(self, others):
       return self if all(self == other for other in others) else None

    def placeholder_value(self, placeholder_context=None):
      return self.fruit_value

  class Fruit:

   def __tf_tracing_type__(self, context):
     return FruitTraceType(self)
  ```

  Now if we try calling it again:
  ```python
  get_mixed_flavor(Apple(), Mango()) # Traces a new concrete function
  get_mixed_flavor(Apple(), Mango()) # Re-uses the traced concrete function
  ```
  "
