api_full_name,stage3_status,smoke_classification,reason,init_json_path,source_spec_json_path
torch.accelerator.get_device_capability,api_runtime_error,api_runtime_error,smoke test failed: module 'torch.accelerator' has no attribute 'get_device_capability',json2init/results/torch/torch.accelerator.get_device_capability.init.json,info2json/results/torch/torch.accelerator.get_device_capability.json
torch.accelerator.get_memory_info,api_runtime_error,api_runtime_error,smoke test failed: module 'torch.accelerator' has no attribute 'get_memory_info',json2init/results/torch/torch.accelerator.get_memory_info.init.json,info2json/results/torch/torch.accelerator.get_memory_info.json
torch.accelerator.max_memory_allocated,api_runtime_error,api_runtime_error,smoke test failed: module 'torch.accelerator' has no attribute 'max_memory_allocated',json2init/results/torch/torch.accelerator.max_memory_allocated.init.json,info2json/results/torch/torch.accelerator.max_memory_allocated.json
torch.accelerator.max_memory_reserved,api_runtime_error,api_runtime_error,smoke test failed: module 'torch.accelerator' has no attribute 'max_memory_reserved',json2init/results/torch/torch.accelerator.max_memory_reserved.init.json,info2json/results/torch/torch.accelerator.max_memory_reserved.json
torch.accelerator.memory.get_memory_info,api_runtime_error,api_runtime_error,smoke test failed: module 'torch.accelerator' has no attribute 'memory',json2init/results/torch/torch.accelerator.memory.get_memory_info.init.json,info2json/results/torch/torch.accelerator.memory.get_memory_info.json
torch.accelerator.memory.max_memory_allocated,api_runtime_error,api_runtime_error,smoke test failed: module 'torch.accelerator' has no attribute 'memory',json2init/results/torch/torch.accelerator.memory.max_memory_allocated.init.json,info2json/results/torch/torch.accelerator.memory.max_memory_allocated.json
torch.accelerator.memory.max_memory_reserved,api_runtime_error,api_runtime_error,smoke test failed: module 'torch.accelerator' has no attribute 'memory',json2init/results/torch/torch.accelerator.memory.max_memory_reserved.init.json,info2json/results/torch/torch.accelerator.memory.max_memory_reserved.json
torch.accelerator.memory.memory_allocated,api_runtime_error,api_runtime_error,smoke test failed: module 'torch.accelerator' has no attribute 'memory',json2init/results/torch/torch.accelerator.memory.memory_allocated.init.json,info2json/results/torch/torch.accelerator.memory.memory_allocated.json
torch.accelerator.memory.memory_reserved,api_runtime_error,api_runtime_error,smoke test failed: module 'torch.accelerator' has no attribute 'memory',json2init/results/torch/torch.accelerator.memory.memory_reserved.init.json,info2json/results/torch/torch.accelerator.memory.memory_reserved.json
torch.accelerator.memory.memory_stats,api_runtime_error,api_runtime_error,smoke test failed: module 'torch.accelerator' has no attribute 'memory',json2init/results/torch/torch.accelerator.memory.memory_stats.init.json,info2json/results/torch/torch.accelerator.memory.memory_stats.json
torch.accelerator.memory_allocated,api_runtime_error,api_runtime_error,smoke test failed: module 'torch.accelerator' has no attribute 'memory_allocated',json2init/results/torch/torch.accelerator.memory_allocated.init.json,info2json/results/torch/torch.accelerator.memory_allocated.json
torch.accelerator.memory_reserved,api_runtime_error,api_runtime_error,smoke test failed: module 'torch.accelerator' has no attribute 'memory_reserved',json2init/results/torch/torch.accelerator.memory_reserved.init.json,info2json/results/torch/torch.accelerator.memory_reserved.json
torch.accelerator.memory_stats,api_runtime_error,api_runtime_error,smoke test failed: module 'torch.accelerator' has no attribute 'memory_stats',json2init/results/torch/torch.accelerator.memory_stats.init.json,info2json/results/torch/torch.accelerator.memory_stats.json
torch.addbmm,api_runtime_error,api_runtime_error,"smoke test failed: Dimension out of range (expected to be in range of [-1, 0], but got 1)",json2init/results/torch/torch.addbmm.init.json,info2json/results/torch/torch.addbmm.json
torch.addmm,api_runtime_error,api_runtime_error,"smoke test failed: mat1 must be a matrix, got 1-D tensor",json2init/results/torch/torch.addmm.init.json,info2json/results/torch/torch.addmm.json
torch.addmv,api_runtime_error,api_runtime_error,"smoke test failed: vector + matrix @ vector expected, got 1, 1, 1",json2init/results/torch/torch.addmv.init.json,info2json/results/torch/torch.addmv.json
torch.as_tensor,retry,spec_or_seed_error,"smoke test failed: as_tensor() missing 1 required positional arguments: ""data""",json2init/results/torch/torch.as_tensor.init.json,info2json/results/torch/torch.as_tensor.json
torch.avg_pool1d,retry,spec_or_seed_error,"smoke test failed: avg_pool1d(): argument 'kernel_size' must be tuple of ints, not float",json2init/results/torch/torch.avg_pool1d.init.json,info2json/results/torch/torch.avg_pool1d.json
torch.baddbmm,api_runtime_error,api_runtime_error,"smoke test failed: Dimension out of range (expected to be in range of [-1, 0], but got 1)",json2init/results/torch/torch.baddbmm.init.json,info2json/results/torch/torch.baddbmm.json
torch.bitwise_and,api_runtime_error,api_runtime_error,"smoke test failed: ""bitwise_and_cpu"" not implemented for 'Float'",json2init/results/torch/torch.bitwise_and.init.json,info2json/results/torch/torch.bitwise_and.json
torch.bitwise_left_shift,retry,spec_or_seed_error,"smoke test failed: bitwise_left_shift() received an invalid combination of arguments - got (other=float, input=float, ), but expected one of:
 * (Tensor input, Tensor other, *, Tensor out = None)
 * (Number self, Tensor other)
      didn't match because some of the keywords were incorrect: input
 * (Tensor input, Number other, *, Tensor out = None)
",json2init/results/torch/torch.bitwise_left_shift.init.json,info2json/results/torch/torch.bitwise_left_shift.json
torch.bitwise_not,api_runtime_error,api_runtime_error,"smoke test failed: ""bitwise_not_cpu"" not implemented for 'Float'",json2init/results/torch/torch.bitwise_not.init.json,info2json/results/torch/torch.bitwise_not.json
torch.bitwise_or,api_runtime_error,api_runtime_error,"smoke test failed: ""bitwise_or_cpu"" not implemented for 'Float'",json2init/results/torch/torch.bitwise_or.init.json,info2json/results/torch/torch.bitwise_or.json
torch.bitwise_right_shift,retry,spec_or_seed_error,"smoke test failed: bitwise_right_shift() received an invalid combination of arguments - got (other=float, input=float, ), but expected one of:
 * (Tensor input, Tensor other, *, Tensor out = None)
 * (Number self, Tensor other)
      didn't match because some of the keywords were incorrect: input
 * (Tensor input, Number other, *, Tensor out = None)
",json2init/results/torch/torch.bitwise_right_shift.init.json,info2json/results/torch/torch.bitwise_right_shift.json
torch.bitwise_xor,api_runtime_error,api_runtime_error,"smoke test failed: ""bitwise_xor_cpu"" not implemented for 'Float'",json2init/results/torch/torch.bitwise_xor.init.json,info2json/results/torch/torch.bitwise_xor.json
torch.broadcast_to,retry,spec_or_seed_error,"smoke test failed: broadcast_to() missing 1 required positional arguments: ""size""",json2init/results/torch/torch.broadcast_to.init.json,info2json/results/torch/torch.broadcast_to.json
torch.cat,retry,spec_or_seed_error,"smoke test failed: cat() received an invalid combination of arguments - got (), but expected one of:
 * (tuple of Tensors tensors, int dim = 0, *, Tensor out = None)
 * (tuple of Tensors tensors, name dim, *, Tensor out = None)
",json2init/results/torch/torch.cat.init.json,info2json/results/torch/torch.cat.json
torch.channel_shuffle,api_runtime_error,api_runtime_error,"smoke test failed: channel_shuffle expects input with > 2 dims, but got input with sizes [1]",json2init/results/torch/torch.channel_shuffle.init.json,info2json/results/torch/torch.channel_shuffle.json
torch.cholesky,api_runtime_error,api_runtime_error,smoke test failed: cholesky: The input tensor A must have at least 2 dimensions.,json2init/results/torch/torch.cholesky.init.json,info2json/results/torch/torch.cholesky.json
torch.cholesky_inverse,retry,spec_or_seed_error,"smoke test failed: cholesky_inverse() missing 1 required positional arguments: ""input""",json2init/results/torch/torch.cholesky_inverse.init.json,info2json/results/torch/torch.cholesky_inverse.json
torch.cholesky_solve,retry,spec_or_seed_error,"smoke test failed: cholesky_solve() missing 2 required positional argument: ""input"", ""input2""",json2init/results/torch/torch.cholesky_solve.init.json,info2json/results/torch/torch.cholesky_solve.json
torch.clamp,api_runtime_error,api_runtime_error,smoke test failed: torch.clamp: At least one of 'min' or 'max' must not be None,json2init/results/torch/torch.clamp.init.json,info2json/results/torch/torch.clamp.json
torch.column_stack,retry,spec_or_seed_error,"smoke test failed: column_stack() missing 1 required positional arguments: ""tensors""",json2init/results/torch/torch.column_stack.init.json,info2json/results/torch/torch.column_stack.json
torch.complex,retry,spec_or_seed_error,"smoke test failed: complex(): argument 'real' must be Tensor, not float",json2init/results/torch/torch.complex.init.json,info2json/results/torch/torch.complex.json
torch.conv1d,retry,,required param 'weight' unresolved: unhandled chosen type: filters of shape :math:`(\text{out\_channels},json2init/results/torch/torch.conv1d.init.json,info2json/results/torch/torch.conv1d.json
torch.conv2d,retry,,required param 'weight' unresolved: unhandled chosen type: filters of shape :math:`(\text{out\_channels},json2init/results/torch/torch.conv2d.init.json,info2json/results/torch/torch.conv2d.json
torch.conv3d,retry,,required param 'weight' unresolved: unhandled chosen type: filters of shape :math:`(\text{out\_channels},json2init/results/torch/torch.conv3d.init.json,info2json/results/torch/torch.conv3d.json
torch.conv_transpose1d,retry,,required param 'weight' unresolved: unhandled chosen type: filters of shape :math:`(\text{in\_channels},json2init/results/torch/torch.conv_transpose1d.init.json,info2json/results/torch/torch.conv_transpose1d.json
torch.conv_transpose2d,retry,,required param 'weight' unresolved: unhandled chosen type: filters of shape :math:`(\text{in\_channels},json2init/results/torch/torch.conv_transpose2d.init.json,info2json/results/torch/torch.conv_transpose2d.json
torch.conv_transpose3d,retry,,required param 'weight' unresolved: unhandled chosen type: filters of shape :math:`(\text{in\_channels},json2init/results/torch/torch.conv_transpose3d.init.json,info2json/results/torch/torch.conv_transpose3d.json
torch.corrcoef,retry,spec_or_seed_error,"smoke test failed: corrcoef(): argument 'input' must be Tensor, not float",json2init/results/torch/torch.corrcoef.init.json,info2json/results/torch/torch.corrcoef.json
torch.cosine_similarity,api_runtime_error,api_runtime_error,"smoke test failed: Dimension out of range (expected to be in range of [-1, 0], but got 1)",json2init/results/torch/torch.cosine_similarity.init.json,info2json/results/torch/torch.cosine_similarity.json
torch.cov,retry,spec_or_seed_error,"smoke test failed: cov(): argument 'input' must be Tensor, not float",json2init/results/torch/torch.cov.init.json,info2json/results/torch/torch.cov.json
torch.cross,api_runtime_error,api_runtime_error,smoke test failed: no dimension of size 3 in input,json2init/results/torch/torch.cross.init.json,info2json/results/torch/torch.cross.json
torch.cummax,api_runtime_error,api_runtime_error,"smoke test failed: Dimension out of range (expected to be in range of [-1, 0], but got 1)",json2init/results/torch/torch.cummax.init.json,info2json/results/torch/torch.cummax.json
torch.cummin,api_runtime_error,api_runtime_error,"smoke test failed: Dimension out of range (expected to be in range of [-1, 0], but got 1)",json2init/results/torch/torch.cummin.init.json,info2json/results/torch/torch.cummin.json
torch.cumprod,api_runtime_error,api_runtime_error,"smoke test failed: Dimension out of range (expected to be in range of [-1, 0], but got 1)",json2init/results/torch/torch.cumprod.init.json,info2json/results/torch/torch.cumprod.json
torch.cumsum,api_runtime_error,api_runtime_error,"smoke test failed: Dimension out of range (expected to be in range of [-1, 0], but got 1)",json2init/results/torch/torch.cumsum.init.json,info2json/results/torch/torch.cumsum.json
torch.diagonal,api_runtime_error,api_runtime_error,"smoke test failed: Dimension out of range (expected to be in range of [-1, 0], but got 1)",json2init/results/torch/torch.diagonal.init.json,info2json/results/torch/torch.diagonal.json
torch.diagonal_scatter,api_runtime_error,api_runtime_error,"smoke test failed: Dimension out of range (expected to be in range of [-1, 0], but got 1)",json2init/results/torch/torch.diagonal_scatter.init.json,info2json/results/torch/torch.diagonal_scatter.json
torch.dot,retry,spec_or_seed_error,"smoke test failed: dot() missing 1 required positional arguments: ""tensor""",json2init/results/torch/torch.dot.init.json,info2json/results/torch/torch.dot.json
torch.dsplit,retry,spec_or_seed_error,"smoke test failed: dsplit() received an invalid combination of arguments - got (input=Tensor, ), but expected one of:
 * (Tensor input, int sections)
 * (Tensor input, tuple of ints indices)
",json2init/results/torch/torch.dsplit.init.json,info2json/results/torch/torch.dsplit.json
torch.dstack,retry,spec_or_seed_error,"smoke test failed: dstack() missing 1 required positional arguments: ""tensors""",json2init/results/torch/torch.dstack.init.json,info2json/results/torch/torch.dstack.json
torch.empty,retry,spec_or_seed_error,"smoke test failed: empty(): argument 'size' must be tuple of ints, not int",json2init/results/torch/torch.empty.init.json,info2json/results/torch/torch.empty.json
torch.empty_permuted,retry,spec_or_seed_error,"smoke test failed: empty_permuted(): argument 'size' must be tuple of ints, not int",json2init/results/torch/torch.empty_permuted.init.json,info2json/results/torch/torch.empty_permuted.json
torch.empty_strided,retry,spec_or_seed_error,"smoke test failed: empty_strided(): argument 'size' must be tuple of ints, not int",json2init/results/torch/torch.empty_strided.init.json,info2json/results/torch/torch.empty_strided.json
torch.fft.fft2,api_runtime_error,api_runtime_error,"smoke test failed: Dimension out of range (expected to be in range of [-1, 0], but got -2)",json2init/results/torch/torch.fft.fft2.init.json,info2json/results/torch/torch.fft.fft2.json
torch.fft.hfft,retry,spec_or_seed_error,"smoke test failed: fft_hfft(): argument 'input' must be Tensor, not float",json2init/results/torch/torch.fft.hfft.init.json,info2json/results/torch/torch.fft.hfft.json
torch.fft.hfft2,api_runtime_error,api_runtime_error,"smoke test failed: Dimension out of range (expected to be in range of [-1, 0], but got -2)",json2init/results/torch/torch.fft.hfft2.init.json,info2json/results/torch/torch.fft.hfft2.json
torch.fft.hfftn,api_runtime_error,api_runtime_error,smoke test failed: Invalid number of data points (0) specified,json2init/results/torch/torch.fft.hfftn.init.json,info2json/results/torch/torch.fft.hfftn.json
torch.fft.irfft,retry,spec_or_seed_error,"smoke test failed: fft_irfft(): argument 'input' must be Tensor, not float",json2init/results/torch/torch.fft.irfft.init.json,info2json/results/torch/torch.fft.irfft.json
torch.fft.irfft2,api_runtime_error,api_runtime_error,"smoke test failed: Dimension out of range (expected to be in range of [-1, 0], but got -2)",json2init/results/torch/torch.fft.irfft2.init.json,info2json/results/torch/torch.fft.irfft2.json
torch.fft.irfftn,api_runtime_error,api_runtime_error,smoke test failed: Invalid number of data points (0) specified,json2init/results/torch/torch.fft.irfftn.init.json,info2json/results/torch/torch.fft.irfftn.json
torch.fft.rfft,retry,spec_or_seed_error,"smoke test failed: fft_rfft(): argument 'input' must be Tensor, not float",json2init/results/torch/torch.fft.rfft.init.json,info2json/results/torch/torch.fft.rfft.json
torch.fft.rfft2,api_runtime_error,api_runtime_error,"smoke test failed: Dimension out of range (expected to be in range of [-1, 0], but got -2)",json2init/results/torch/torch.fft.rfft2.init.json,info2json/results/torch/torch.fft.rfft2.json
torch.flip,retry,spec_or_seed_error,"smoke test failed: flip() missing 1 required positional arguments: ""dims""",json2init/results/torch/torch.flip.init.json,info2json/results/torch/torch.flip.json
torch.fliplr,api_runtime_error,api_runtime_error,smoke test failed: Input must be >= 2-d.,json2init/results/torch/torch.fliplr.init.json,info2json/results/torch/torch.fliplr.json
torch.float_power,retry,spec_or_seed_error,"smoke test failed: float_power() received an invalid combination of arguments - got (exponent=float, input=float, ), but expected one of:
 * (Tensor input, Tensor exponent, *, Tensor out = None)
 * (Number self, Tensor exponent, *, Tensor out = None)
 * (Tensor input, Number exponent, *, Tensor out = None)
",json2init/results/torch/torch.float_power.init.json,info2json/results/torch/torch.float_power.json
torch.full,retry,spec_or_seed_error,"smoke test failed: full(): argument 'size' must be tuple of ints, not int",json2init/results/torch/torch.full.init.json,info2json/results/torch/torch.full.json
torch.functional.F.np.all,retry,spec_or_seed_error,"smoke test failed: all() received an invalid combination of arguments - got (out=NoneType, axis=NoneType, ), but expected one of:
 * ()
 * (tuple of ints dim = None, bool keepdim = False)
      didn't match because some of the keywords were incorrect: out, axis
 * (int dim, bool keepdim = False)
      didn't match because some of the keywords were incorrect: out, axis
 * (name dim, bool keepdim = False)
      didn't match because some of the keywords were incorrect: out, axis
",json2init/results/torch/torch.functional.F.np.all.init.json,info2json/results/torch/torch.functional.F.np.all.json
torch.functional.F.np.any,retry,,required param 'See' unresolved: unhandled chosen type: ref:`ufuncs-output-type` for more details.,json2init/results/torch/torch.functional.F.np.any.init.json,info2json/results/torch/torch.functional.F.np.any.json
torch.functional.F.np.array2string,retry,spec_or_seed_error,smoke test failed: '>' not supported between instances of 'builtin_function_or_method' and 'int',json2init/results/torch/torch.functional.F.np.array2string.init.json,info2json/results/torch/torch.functional.F.np.array2string.json
torch.functional.F.np.array_repr,retry,spec_or_seed_error,smoke test failed: '>' not supported between instances of 'builtin_function_or_method' and 'int',json2init/results/torch/torch.functional.F.np.array_repr.init.json,info2json/results/torch/torch.functional.F.np.array_repr.json
torch.functional.F.np.astype,retry,spec_or_seed_error,smoke test failed: astype() got some positional-only arguments passed as keyword arguments: 'x',json2init/results/torch/torch.functional.F.np.astype.init.json,info2json/results/torch/torch.functional.F.np.astype.json
torch.functional.F.np.bincount,retry,spec_or_seed_error,smoke test failed: bincount() got an unexpected keyword argument 'x',json2init/results/torch/torch.functional.F.np.bincount.init.json,info2json/results/torch/torch.functional.F.np.bincount.json
torch.functional.F.np.bmat,api_runtime_error,api_runtime_error,smoke test failed: name 'test' is not defined,json2init/results/torch/torch.functional.F.np.bmat.init.json,info2json/results/torch/torch.functional.F.np.bmat.json
torch.functional.F.np.busday_count,retry,,required param 'are' unresolved: unhandled chosen type: mon tue wed thu fri sat sun,json2init/results/torch/torch.functional.F.np.busday_count.init.json,info2json/results/torch/torch.functional.F.np.busday_count.json
torch.functional.F.np.busday_offset,retry,,required param 'are' unresolved: unhandled chosen type: mon tue wed thu fri sat sun,json2init/results/torch/torch.functional.F.np.busday_offset.init.json,info2json/results/torch/torch.functional.F.np.busday_offset.json
torch.functional.F.np.can_cast,retry,spec_or_seed_error,smoke test failed: can_cast() missing 1 required positional argument: 'from_',json2init/results/torch/torch.functional.F.np.can_cast.init.json,info2json/results/torch/torch.functional.F.np.can_cast.json
torch.functional.F.np.char.capitalize,retry,spec_or_seed_error,smoke test failed: string operation on non-string array,json2init/results/torch/torch.functional.F.np.char.capitalize.init.json,info2json/results/torch/torch.functional.F.np.char.capitalize.json
torch.functional.F.np.char.expandtabs,api_runtime_error,api_runtime_error,"smoke test failed: ufunc '_expandtabs_length' did not contain a loop with signature matching types (<class 'numpy.dtypes.Float32DType'>, <class 'numpy.dtypes.Int64DType'>) -> None",json2init/results/torch/torch.functional.F.np.char.expandtabs.init.json,info2json/results/torch/torch.functional.F.np.char.expandtabs.json
torch.functional.F.np.char.lower,retry,spec_or_seed_error,smoke test failed: string operation on non-string array,json2init/results/torch/torch.functional.F.np.char.lower.init.json,info2json/results/torch/torch.functional.F.np.char.lower.json
torch.functional.F.np.char.rpartition,api_runtime_error,api_runtime_error,smoke test failed: could not convert string to float: np.str_('test'),json2init/results/torch/torch.functional.F.np.char.rpartition.init.json,info2json/results/torch/torch.functional.F.np.char.rpartition.json
torch.functional.F.np.char.swapcase,retry,spec_or_seed_error,smoke test failed: swapcase() missing 1 required positional argument: 'a',json2init/results/torch/torch.functional.F.np.char.swapcase.init.json,info2json/results/torch/torch.functional.F.np.char.swapcase.json
torch.functional.F.np.char.title,retry,spec_or_seed_error,smoke test failed: title() missing 1 required positional argument: 'a',json2init/results/torch/torch.functional.F.np.char.title.init.json,info2json/results/torch/torch.functional.F.np.char.title.json
torch.functional.F.np.char.upper,retry,spec_or_seed_error,smoke test failed: string operation on non-string array,json2init/results/torch/torch.functional.F.np.char.upper.init.json,info2json/results/torch/torch.functional.F.np.char.upper.json
torch.functional.F.np.choose,retry,spec_or_seed_error,smoke test failed: Tensor is not a sequence,json2init/results/torch/torch.functional.F.np.choose.init.json,info2json/results/torch/torch.functional.F.np.choose.json
torch.functional.F.np.ctypeslib.ndpointer,api_runtime_error,api_runtime_error,smoke test failed: 'TEST',json2init/results/torch/torch.functional.F.np.ctypeslib.ndpointer.init.json,info2json/results/torch/torch.functional.F.np.ctypeslib.ndpointer.json
torch.functional.F.np.datetime_as_string,retry,spec_or_seed_error,smoke test failed: input must have type NumPy datetime,json2init/results/torch/torch.functional.F.np.datetime_as_string.init.json,info2json/results/torch/torch.functional.F.np.datetime_as_string.json
torch.functional.F.np.diagflat,retry,,required param 'v' unresolved: unhandled chosen type: array_like input data,json2init/results/torch/torch.functional.F.np.diagflat.init.json,info2json/results/torch/torch.functional.F.np.diagflat.json
torch.functional.F.np.dtype.newbyteorder,retry,spec_or_seed_error,smoke test failed: unbound method dtype.newbyteorder() needs an argument,json2init/results/torch/torch.functional.F.np.dtype.newbyteorder.init.json,info2json/results/torch/torch.functional.F.np.dtype.newbyteorder.json
torch.functional.F.np.einsum,api_runtime_error,api_runtime_error,"smoke test failed: must specify the einstein sum subscripts string and at least one operand, or at least one operand and its corresponding subscripts list",json2init/results/torch/torch.functional.F.np.einsum.init.json,info2json/results/torch/torch.functional.F.np.einsum.json
torch.functional.F.np.einsum_path,retry,spec_or_seed_error,smoke test failed: einsum_path() got an unexpected keyword argument 'subscripts',json2init/results/torch/torch.functional.F.np.einsum_path.init.json,info2json/results/torch/torch.functional.F.np.einsum_path.json
torch.functional.F.np.expand_dims,retry,spec_or_seed_error,smoke test failed: expand_dims() missing 1 required positional argument: 'axis',json2init/results/torch/torch.functional.F.np.expand_dims.init.json,info2json/results/torch/torch.functional.F.np.expand_dims.json
torch.functional.F.np.fft.irfft2,api_runtime_error,api_runtime_error,smoke test failed: index -2 is out of bounds for axis 0 with size 1,json2init/results/torch/torch.functional.F.np.fft.irfft2.init.json,info2json/results/torch/torch.functional.F.np.fft.irfft2.json
torch.functional.F.np.fft.rfft2,api_runtime_error,api_runtime_error,smoke test failed: cannot do a non-empty take from an empty axes.,json2init/results/torch/torch.functional.F.np.fft.rfft2.init.json,info2json/results/torch/torch.functional.F.np.fft.rfft2.json
torch.functional.F.np.fft.rfftn,api_runtime_error,api_runtime_error,smoke test failed: list index out of range,json2init/results/torch/torch.functional.F.np.fft.rfftn.init.json,info2json/results/torch/torch.functional.F.np.fft.rfftn.json
torch.functional.F.np.is_busday,retry,,required param 'are' unresolved: unhandled chosen type: mon tue wed thu fri sat sun,json2init/results/torch/torch.functional.F.np.is_busday.init.json,info2json/results/torch/torch.functional.F.np.is_busday.json
torch.functional.F.np.isdtype,retry,spec_or_seed_error,smoke test failed: isdtype() missing 2 required positional arguments: 'dtype' and 'kind',json2init/results/torch/torch.functional.F.np.isdtype.init.json,info2json/results/torch/torch.functional.F.np.isdtype.json
torch.functional.F.np.isfortran,api_runtime_error,api_runtime_error,smoke test failed: 'Tensor' object has no attribute 'flags',json2init/results/torch/torch.functional.F.np.isfortran.init.json,info2json/results/torch/torch.functional.F.np.isfortran.json
torch.functional.F.np.isnan,retry,spec_or_seed_error,smoke test failed: isnan() takes from 1 to 2 positional arguments but 0 were given,json2init/results/torch/torch.functional.F.np.isnan.init.json,info2json/results/torch/torch.functional.F.np.isnan.json
torch.functional.F.np.isnat,retry,spec_or_seed_error,smoke test failed: isnat() takes from 1 to 2 positional arguments but 0 were given,json2init/results/torch/torch.functional.F.np.isnat.init.json,info2json/results/torch/torch.functional.F.np.isnat.json
torch.functional.F.np.isreal,api_runtime_error,api_runtime_error,smoke test failed: imag is not implemented for tensors with non-complex dtypes.,json2init/results/torch/torch.functional.F.np.isreal.init.json,info2json/results/torch/torch.functional.F.np.isreal.json
torch.functional.F.np.lexsort,retry,spec_or_seed_error,smoke test failed: need sequence of keys with len > 0 in lexsort,json2init/results/torch/torch.functional.F.np.lexsort.init.json,info2json/results/torch/torch.functional.F.np.lexsort.json
torch.functional.F.np.linalg.cond,api_runtime_error,api_runtime_error,smoke test failed: 0-dimensional array given. Array must be at least two-dimensional,json2init/results/torch/torch.functional.F.np.linalg.cond.init.json,info2json/results/torch/torch.functional.F.np.linalg.cond.json
torch.functional.F.np.linalg.cross,retry,spec_or_seed_error,"smoke test failed: cross() got some positional-only arguments passed as keyword arguments: 'x1, x2'",json2init/results/torch/torch.functional.F.np.linalg.cross.init.json,info2json/results/torch/torch.functional.F.np.linalg.cross.json
torch.functional.F.np.linalg.diagonal,retry,,required param 'where' unresolved: unhandled chosen type: :,json2init/results/torch/torch.functional.F.np.linalg.diagonal.init.json,info2json/results/torch/torch.functional.F.np.linalg.diagonal.json
torch.functional.F.np.linalg.eig,api_runtime_error,api_runtime_error,smoke test failed: 1-dimensional array given. Array must be at least two-dimensional,json2init/results/torch/torch.functional.F.np.linalg.eig.init.json,info2json/results/torch/torch.functional.F.np.linalg.eig.json
torch.functional.F.np.linalg.eigvals,api_runtime_error,api_runtime_error,smoke test failed: 0-dimensional array given. Array must be at least two-dimensional,json2init/results/torch/torch.functional.F.np.linalg.eigvals.init.json,info2json/results/torch/torch.functional.F.np.linalg.eigvals.json
torch.functional.F.np.linalg.eigvalsh,api_runtime_error,api_runtime_error,smoke test failed: 0-dimensional array given. Array must be at least two-dimensional,json2init/results/torch/torch.functional.F.np.linalg.eigvalsh.init.json,info2json/results/torch/torch.functional.F.np.linalg.eigvalsh.json
torch.functional.F.np.linalg.matmul,retry,spec_or_seed_error,"smoke test failed: matmul() got some positional-only arguments passed as keyword arguments: 'x1, x2'",json2init/results/torch/torch.functional.F.np.linalg.matmul.init.json,info2json/results/torch/torch.functional.F.np.linalg.matmul.json
torch.functional.F.np.linalg.matrix_transpose,retry,spec_or_seed_error,smoke test failed: matrix_transpose() got some positional-only arguments passed as keyword arguments: 'x',json2init/results/torch/torch.functional.F.np.linalg.matrix_transpose.init.json,info2json/results/torch/torch.functional.F.np.linalg.matrix_transpose.json
torch.functional.F.np.linalg.multi_dot,api_runtime_error,api_runtime_error,smoke test failed: Expecting at least two arrays.,json2init/results/torch/torch.functional.F.np.linalg.multi_dot.init.json,info2json/results/torch/torch.functional.F.np.linalg.multi_dot.json
torch.functional.F.np.linalg.outer,retry,spec_or_seed_error,"smoke test failed: outer() got some positional-only arguments passed as keyword arguments: 'x1, x2'",json2init/results/torch/torch.functional.F.np.linalg.outer.init.json,info2json/results/torch/torch.functional.F.np.linalg.outer.json
torch.functional.F.np.linalg.svd,api_runtime_error,api_runtime_error,smoke test failed: 0-dimensional array given. Array must be at least two-dimensional,json2init/results/torch/torch.functional.F.np.linalg.svd.init.json,info2json/results/torch/torch.functional.F.np.linalg.svd.json
torch.functional.F.np.linalg.svdvals,retry,spec_or_seed_error,smoke test failed: svdvals() got some positional-only arguments passed as keyword arguments: 'x',json2init/results/torch/torch.functional.F.np.linalg.svdvals.init.json,info2json/results/torch/torch.functional.F.np.linalg.svdvals.json
torch.functional.F.np.linalg.vecdot,retry,spec_or_seed_error,"smoke test failed: vecdot() got some positional-only arguments passed as keyword arguments: 'x1, x2'",json2init/results/torch/torch.functional.F.np.linalg.vecdot.init.json,info2json/results/torch/torch.functional.F.np.linalg.vecdot.json
torch.functional.F.np.ma.choose,retry,spec_or_seed_error,smoke test failed: Cannot cast scalar from dtype('float64') to dtype('int64') according to the rule 'safe',json2init/results/torch/torch.functional.F.np.ma.choose.init.json,info2json/results/torch/torch.functional.F.np.ma.choose.json
torch.functional.F.np.ma.clip,retry,spec_or_seed_error,"smoke test failed: view() received an invalid combination of arguments - got (type), but expected one of:
 * (torch.dtype dtype)
      didn't match because some of the arguments have invalid types: ([31;1mtype[0m)
 * (tuple of ints size)
      didn't match because some of the arguments have invalid types: ([31;1mtype[0m)
",json2init/results/torch/torch.functional.F.np.ma.clip.init.json,info2json/results/torch/torch.functional.F.np.ma.clip.json
torch.functional.F.np.ma.column_stack,retry,spec_or_seed_error,smoke test failed: _fromnxfunction_seq.__call__() missing 1 required positional argument: 'x',json2init/results/torch/torch.functional.F.np.ma.column_stack.init.json,info2json/results/torch/torch.functional.F.np.ma.column_stack.json
torch.functional.F.np.ma.concatenate,retry,spec_or_seed_error,smoke test failed: concatenate() missing 1 required positional argument: 'arrays',json2init/results/torch/torch.functional.F.np.ma.concatenate.init.json,info2json/results/torch/torch.functional.F.np.ma.concatenate.json
torch.functional.F.np.ma.count_masked,retry,spec_or_seed_error,smoke test failed: Cannot interpret 'torch.float32' as a data type,json2init/results/torch/torch.functional.F.np.ma.count_masked.init.json,info2json/results/torch/torch.functional.F.np.ma.count_masked.json
torch.functional.F.np.ma.default_fill_value,retry,spec_or_seed_error,smoke test failed: default_fill_value() missing 1 required positional argument: 'obj',json2init/results/torch/torch.functional.F.np.ma.default_fill_value.init.json,info2json/results/torch/torch.functional.F.np.ma.default_fill_value.json
torch.functional.F.np.ma.diagflat,retry,,required param 'v' unresolved: unhandled chosen type: array_like input data,json2init/results/torch/torch.functional.F.np.ma.diagflat.init.json,info2json/results/torch/torch.functional.F.np.ma.diagflat.json
torch.functional.F.np.ma.diff,retry,spec_or_seed_error,smoke test failed: diff() got some positional-only arguments passed as keyword arguments: 'a',json2init/results/torch/torch.functional.F.np.ma.diff.init.json,info2json/results/torch/torch.functional.F.np.ma.diff.json
torch.functional.F.np.ma.dstack,retry,spec_or_seed_error,smoke test failed: _fromnxfunction_seq.__call__() missing 1 required positional argument: 'x',json2init/results/torch/torch.functional.F.np.ma.dstack.init.json,info2json/results/torch/torch.functional.F.np.ma.dstack.json
torch.functional.F.np.ma.expand_dims,retry,spec_or_seed_error,smoke test failed: expand_dims() missing 1 required positional argument: 'axis',json2init/results/torch/torch.functional.F.np.ma.expand_dims.init.json,info2json/results/torch/torch.functional.F.np.ma.expand_dims.json
torch.functional.F.np.ma.fromflex,api_runtime_error,api_runtime_error,smoke test failed: too many indices for tensor of dimension 1,json2init/results/torch/torch.functional.F.np.ma.fromflex.init.json,info2json/results/torch/torch.functional.F.np.ma.fromflex.json
torch.functional.F.np.ma.hstack,retry,spec_or_seed_error,smoke test failed: _fromnxfunction_seq.__call__() missing 1 required positional argument: 'x',json2init/results/torch/torch.functional.F.np.ma.hstack.init.json,info2json/results/torch/torch.functional.F.np.ma.hstack.json
torch.functional.F.np.ma.maximum_fill_value,retry,spec_or_seed_error,smoke test failed: maximum_fill_value() missing 1 required positional argument: 'obj',json2init/results/torch/torch.functional.F.np.ma.maximum_fill_value.init.json,info2json/results/torch/torch.functional.F.np.ma.maximum_fill_value.json
torch.functional.F.np.ma.row_stack,retry,spec_or_seed_error,smoke test failed: _fromnxfunction_seq.__call__() missing 1 required positional argument: 'x',json2init/results/torch/torch.functional.F.np.ma.row_stack.init.json,info2json/results/torch/torch.functional.F.np.ma.row_stack.json
torch.functional.F.np.ma.stack,retry,spec_or_seed_error,smoke test failed: _fromnxfunction_seq.__call__() missing 1 required positional argument: 'x',json2init/results/torch/torch.functional.F.np.ma.stack.init.json,info2json/results/torch/torch.functional.F.np.ma.stack.json
torch.functional.F.np.ma.vstack,retry,spec_or_seed_error,smoke test failed: _fromnxfunction_seq.__call__() missing 1 required positional argument: 'x',json2init/results/torch/torch.functional.F.np.ma.vstack.init.json,info2json/results/torch/torch.functional.F.np.ma.vstack.json
torch.functional.F.np.ma.where,api_runtime_error,api_runtime_error,"smoke test failed: Calling nonzero on 0d arrays is not allowed. Use np.atleast_1d(scalar).nonzero() instead. If the context of this error is of the form `arr[nonzero(cond)]`, just use `arr[cond]`.",json2init/results/torch/torch.functional.F.np.ma.where.init.json,info2json/results/torch/torch.functional.F.np.ma.where.json
torch.functional.F.np.matrix_transpose,retry,spec_or_seed_error,smoke test failed: matrix_transpose() got some positional-only arguments passed as keyword arguments: 'x',json2init/results/torch/torch.functional.F.np.matrix_transpose.init.json,info2json/results/torch/torch.functional.F.np.matrix_transpose.json
torch.functional.F.np.memmap.astype,retry,spec_or_seed_error,smoke test failed: unbound method ndarray.astype() needs an argument,json2init/results/torch/torch.functional.F.np.memmap.astype.init.json,info2json/results/torch/torch.functional.F.np.memmap.astype.json
torch.functional.F.np.memmap.transpose,retry,spec_or_seed_error,smoke test failed: unbound method ndarray.transpose() needs an argument,json2init/results/torch/torch.functional.F.np.memmap.transpose.init.json,info2json/results/torch/torch.functional.F.np.memmap.transpose.json
torch.functional.F.np.min_scalar_type,retry,spec_or_seed_error,smoke test failed: min_scalar_type() takes no keyword arguments,json2init/results/torch/torch.functional.F.np.min_scalar_type.init.json,info2json/results/torch/torch.functional.F.np.min_scalar_type.json
torch.functional.F.np.moveaxis,retry,spec_or_seed_error,smoke test failed: moveaxis() missing 2 required positional arguments: 'source' and 'destination',json2init/results/torch/torch.functional.F.np.moveaxis.init.json,info2json/results/torch/torch.functional.F.np.moveaxis.json
torch.functional.F.np.nested_iters,api_runtime_error,api_runtime_error,smoke test failed: axes must be a tuple of axis arrays,json2init/results/torch/torch.functional.F.np.nested_iters.init.json,info2json/results/torch/torch.functional.F.np.nested_iters.json
torch.functional.F.np.packbits,retry,spec_or_seed_error,smoke test failed: pack() missing required argument 'in' (pos 1),json2init/results/torch/torch.functional.F.np.packbits.init.json,info2json/results/torch/torch.functional.F.np.packbits.json
torch.functional.F.np.pad,retry,spec_or_seed_error,smoke test failed: pad() missing 2 required positional arguments: 'array' and 'pad_width',json2init/results/torch/torch.functional.F.np.pad.init.json,info2json/results/torch/torch.functional.F.np.pad.json
torch.functional.F.np.partition,api_runtime_error,api_runtime_error,smoke test failed: kth(=1) out of bounds (1),json2init/results/torch/torch.functional.F.np.partition.init.json,info2json/results/torch/torch.functional.F.np.partition.json
torch.functional.F.np.poly,retry,spec_or_seed_error,smoke test failed: poly() missing 1 required positional argument: 'seq_of_zeros',json2init/results/torch/torch.functional.F.np.poly.init.json,info2json/results/torch/torch.functional.F.np.poly.json
torch.functional.F.np.promote_types,retry,spec_or_seed_error,smoke test failed: numpy.promote_types() takes no keyword arguments,json2init/results/torch/torch.functional.F.np.promote_types.init.json,info2json/results/torch/torch.functional.F.np.promote_types.json
torch.functional.F.np.ravel_multi_index,retry,spec_or_seed_error,smoke test failed: dispatcher for __array_function__ did not return an iterable,json2init/results/torch/torch.functional.F.np.ravel_multi_index.init.json,info2json/results/torch/torch.functional.F.np.ravel_multi_index.json
torch.functional.F.np.recarray.astype,retry,spec_or_seed_error,smoke test failed: unbound method ndarray.astype() needs an argument,json2init/results/torch/torch.functional.F.np.recarray.astype.init.json,info2json/results/torch/torch.functional.F.np.recarray.astype.json
torch.functional.F.np.recarray.transpose,retry,spec_or_seed_error,smoke test failed: unbound method ndarray.transpose() needs an argument,json2init/results/torch/torch.functional.F.np.recarray.transpose.init.json,info2json/results/torch/torch.functional.F.np.recarray.transpose.json
torch.functional.F.np.result_type,retry,spec_or_seed_error,smoke test failed: result_type() got an unexpected keyword argument 'arrays_and_dtypes',json2init/results/torch/torch.functional.F.np.result_type.init.json,info2json/results/torch/torch.functional.F.np.result_type.json
torch.functional.F.np.rot90,api_runtime_error,api_runtime_error,smoke test failed: len(axes) must be 2.,json2init/results/torch/torch.functional.F.np.rot90.init.json,info2json/results/torch/torch.functional.F.np.rot90.json
torch.functional.F.np.row_stack,retry,spec_or_seed_error,smoke test failed: row_stack() missing 1 required positional argument: 'tup',json2init/results/torch/torch.functional.F.np.row_stack.init.json,info2json/results/torch/torch.functional.F.np.row_stack.json
torch.functional.F.np.select,retry,spec_or_seed_error,smoke test failed: 'bool' object is not iterable,json2init/results/torch/torch.functional.F.np.select.init.json,info2json/results/torch/torch.functional.F.np.select.json
torch.functional.F.np.setbufsize,retry,spec_or_seed_error,smoke test failed: setbufsize() missing 1 required positional argument: 'size',json2init/results/torch/torch.functional.F.np.setbufsize.init.json,info2json/results/torch/torch.functional.F.np.setbufsize.json
torch.functional.F.np.strings.capitalize,retry,spec_or_seed_error,smoke test failed: string operation on non-string array,json2init/results/torch/torch.functional.F.np.strings.capitalize.init.json,info2json/results/torch/torch.functional.F.np.strings.capitalize.json
torch.functional.F.np.strings.expandtabs,api_runtime_error,api_runtime_error,"smoke test failed: ufunc '_expandtabs_length' did not contain a loop with signature matching types (<class 'numpy.dtypes.Float32DType'>, <class 'numpy.dtypes.Int64DType'>) -> None",json2init/results/torch/torch.functional.F.np.strings.expandtabs.init.json,info2json/results/torch/torch.functional.F.np.strings.expandtabs.json
torch.functional.F.np.strings.lower,retry,spec_or_seed_error,smoke test failed: string operation on non-string array,json2init/results/torch/torch.functional.F.np.strings.lower.init.json,info2json/results/torch/torch.functional.F.np.strings.lower.json
torch.functional.F.np.strings.partition,api_runtime_error,api_runtime_error,smoke test failed: could not convert string to float: np.str_('StringDType'),json2init/results/torch/torch.functional.F.np.strings.partition.init.json,info2json/results/torch/torch.functional.F.np.strings.partition.json
torch.functional.F.np.strings.rpartition,api_runtime_error,api_runtime_error,smoke test failed: could not convert string to float: np.str_('StringDType'),json2init/results/torch/torch.functional.F.np.strings.rpartition.init.json,info2json/results/torch/torch.functional.F.np.strings.rpartition.json
torch.functional.F.np.strings.slice,api_runtime_error,api_runtime_error,smoke test failed: module 'numpy.strings' has no attribute 'slice',json2init/results/torch/torch.functional.F.np.strings.slice.init.json,info2json/results/torch/torch.functional.F.np.strings.slice.json
torch.functional.F.np.strings.swapcase,retry,spec_or_seed_error,smoke test failed: swapcase() missing 1 required positional argument: 'a',json2init/results/torch/torch.functional.F.np.strings.swapcase.init.json,info2json/results/torch/torch.functional.F.np.strings.swapcase.json
torch.functional.F.np.strings.title,retry,spec_or_seed_error,smoke test failed: string operation on non-string array,json2init/results/torch/torch.functional.F.np.strings.title.init.json,info2json/results/torch/torch.functional.F.np.strings.title.json
torch.functional.F.np.strings.upper,retry,spec_or_seed_error,smoke test failed: string operation on non-string array,json2init/results/torch/torch.functional.F.np.strings.upper.init.json,info2json/results/torch/torch.functional.F.np.strings.upper.json
torch.functional.F.np.take_along_axis,retry,spec_or_seed_error,smoke test failed: take_along_axis() missing 1 required positional argument: 'axis',json2init/results/torch/torch.functional.F.np.take_along_axis.init.json,info2json/results/torch/torch.functional.F.np.take_along_axis.json
torch.functional.F.np.tile,retry,spec_or_seed_error,smoke test failed: 'float' object cannot be interpreted as an integer,json2init/results/torch/torch.functional.F.np.tile.init.json,info2json/results/torch/torch.functional.F.np.tile.json
torch.functional.F.np.ufunc.outer,retry,spec_or_seed_error,smoke test failed: unbound method ufunc.outer() needs an argument,json2init/results/torch/torch.functional.F.np.ufunc.outer.init.json,info2json/results/torch/torch.functional.F.np.ufunc.outer.json
torch.functional.F.np.ufunc.resolve_dtypes,retry,spec_or_seed_error,smoke test failed: unbound method ufunc.resolve_dtypes() needs an argument,json2init/results/torch/torch.functional.F.np.ufunc.resolve_dtypes.init.json,info2json/results/torch/torch.functional.F.np.ufunc.resolve_dtypes.json
torch.functional.F.np.unique_all,retry,spec_or_seed_error,smoke test failed: unique_all() got some positional-only arguments passed as keyword arguments: 'x',json2init/results/torch/torch.functional.F.np.unique_all.init.json,info2json/results/torch/torch.functional.F.np.unique_all.json
torch.functional.F.np.unique_counts,retry,spec_or_seed_error,smoke test failed: unique_counts() got some positional-only arguments passed as keyword arguments: 'x',json2init/results/torch/torch.functional.F.np.unique_counts.init.json,info2json/results/torch/torch.functional.F.np.unique_counts.json
torch.functional.F.np.unique_inverse,retry,spec_or_seed_error,smoke test failed: unique_inverse() got some positional-only arguments passed as keyword arguments: 'x',json2init/results/torch/torch.functional.F.np.unique_inverse.init.json,info2json/results/torch/torch.functional.F.np.unique_inverse.json
torch.functional.F.np.unique_values,retry,spec_or_seed_error,smoke test failed: unique_values() got some positional-only arguments passed as keyword arguments: 'x',json2init/results/torch/torch.functional.F.np.unique_values.init.json,info2json/results/torch/torch.functional.F.np.unique_values.json
torch.functional.F.np.unpackbits,retry,spec_or_seed_error,smoke test failed: unpack() missing required argument 'in' (pos 1),json2init/results/torch/torch.functional.F.np.unpackbits.init.json,info2json/results/torch/torch.functional.F.np.unpackbits.json
torch.functional.F.np.unstack,retry,spec_or_seed_error,smoke test failed: unstack() got some positional-only arguments passed as keyword arguments: 'x',json2init/results/torch/torch.functional.F.np.unstack.init.json,info2json/results/torch/torch.functional.F.np.unstack.json
torch.functional.F.np.where,retry,spec_or_seed_error,smoke test failed: numpy._core._multiarray_umath.where() takes no keyword arguments,json2init/results/torch/torch.functional.F.np.where.init.json,info2json/results/torch/torch.functional.F.np.where.json
torch.functional.pca_lowrank,api_runtime_error,api_runtime_error,"smoke test failed: not enough values to unpack (expected 2, got 1)",json2init/results/torch/torch.functional.pca_lowrank.init.json,info2json/results/torch/torch.functional.pca_lowrank.json
torch.functional.stft,retry,spec_or_seed_error,smoke test failed: stft() missing 1 required positional argument: 'input',json2init/results/torch/torch.functional.stft.init.json,info2json/results/torch/torch.functional.stft.json
torch.functional.svd_lowrank,api_runtime_error,api_runtime_error,"smoke test failed: not enough values to unpack (expected 2, got 1)",json2init/results/torch/torch.functional.svd_lowrank.init.json,info2json/results/torch/torch.functional.svd_lowrank.json
torch.futures.collect_all,retry,,required param 'futures' unresolved: unsupported base seed type: future,json2init/results/torch/torch.futures.collect_all.init.json,info2json/results/torch/torch.futures.collect_all.json
torch.fx.experimental.symbolic_shapes.free_symbols,retry,spec_or_seed_error,smoke test failed: free_symbols() missing 1 required positional argument: 'val',json2init/results/torch/torch.fx.experimental.symbolic_shapes.free_symbols.init.json,info2json/results/torch/torch.fx.experimental.symbolic_shapes.free_symbols.json
torch.fx.experimental.symbolic_shapes.guard_scalar,retry,spec_or_seed_error,smoke test failed: guard_scalar() missing 1 required positional argument: 'a',json2init/results/torch/torch.fx.experimental.symbolic_shapes.guard_scalar.init.json,info2json/results/torch/torch.fx.experimental.symbolic_shapes.guard_scalar.json
torch.fx.experimental.symbolic_shapes.has_static_value,api_runtime_error,api_runtime_error,smoke test failed: module 'torch.fx.experimental.symbolic_shapes' has no attribute 'has_static_value',json2init/results/torch/torch.fx.experimental.symbolic_shapes.has_static_value.init.json,info2json/results/torch/torch.fx.experimental.symbolic_shapes.has_static_value.json
torch.fx.experimental.symbolic_shapes.sympy.GramSchmidt,api_runtime_error,api_runtime_error,smoke test failed: 'int' object has no attribute 'rows',json2init/results/torch/torch.fx.experimental.symbolic_shapes.sympy.GramSchmidt.init.json,info2json/results/torch/torch.fx.experimental.symbolic_shapes.sympy.GramSchmidt.json
torch.fx.experimental.symbolic_shapes.sympy.cse,retry,,required param 'postprocess' unresolved: unsupported base seed type: callable,json2init/results/torch/torch.fx.experimental.symbolic_shapes.sympy.cse.init.json,info2json/results/torch/torch.fx.experimental.symbolic_shapes.sympy.cse.json
torch.fx.experimental.symbolic_shapes.sympy.intersection,retry,,required param 'pairwise' unresolved: unhandled chosen type: keyword argument,json2init/results/torch/torch.fx.experimental.symbolic_shapes.sympy.intersection.init.json,info2json/results/torch/torch.fx.experimental.symbolic_shapes.sympy.intersection.json
torch.fx.experimental.symbolic_shapes.sympy.nonlinsolve,api_runtime_error,api_runtime_error,"smoke test failed: 
Symbols must be given, for which solution of the system is to be
found.",json2init/results/torch/torch.fx.experimental.symbolic_shapes.sympy.nonlinsolve.init.json,info2json/results/torch/torch.fx.experimental.symbolic_shapes.sympy.nonlinsolve.json
torch.fx.experimental.symbolic_shapes.sympy.round_two,api_runtime_error,api_runtime_error,smoke test failed: 'float' object has no attribute 'is_univariate',json2init/results/torch/torch.fx.experimental.symbolic_shapes.sympy.round_two.init.json,info2json/results/torch/torch.fx.experimental.symbolic_shapes.sympy.round_two.json
torch.gcd,api_runtime_error,api_runtime_error,"smoke test failed: ""gcd_cpu"" not implemented for 'Float'",json2init/results/torch/torch.gcd.init.json,info2json/results/torch/torch.gcd.json
torch.geqrf,api_runtime_error,api_runtime_error,smoke test failed: torch.geqrf: input must have at least 2 dimensions.,json2init/results/torch/torch.geqrf.init.json,info2json/results/torch/torch.geqrf.json
torch.hamming_window,retry,,required param 'window_length' unresolved: unsupported base seed type: callable,json2init/results/torch/torch.hamming_window.init.json,info2json/results/torch/torch.hamming_window.json
torch.hash_tensor,api_runtime_error,api_runtime_error,smoke test failed: module 'torch' has no attribute 'hash_tensor',json2init/results/torch/torch.hash_tensor.init.json,info2json/results/torch/torch.hash_tensor.json
torch.histogramdd,retry,spec_or_seed_error,"smoke test failed: histogramdd() received an invalid combination of arguments - got (bins=int, range=float, input=Tensor, ), but expected one of:
 * (Tensor input, int bins, tuple of floats range = None, Tensor weight = None, bool density = False)
 * (Tensor input, tuple of ints bins, tuple of floats range = None, Tensor weight = None, bool density = False)
 * (Tensor input, tuple of Tensors bins, tuple of floats range = None, Tensor weight = None, bool density = False)
",json2init/results/torch/torch.histogramdd.init.json,info2json/results/torch/torch.histogramdd.json
torch.hsplit,retry,spec_or_seed_error,"smoke test failed: hsplit() received an invalid combination of arguments - got (indices_or_sections=int, input=Tensor, ), but expected one of:
 * (Tensor input, int sections)
      didn't match because some of the keywords were incorrect: indices_or_sections
 * (Tensor input, tuple of ints indices)
      didn't match because some of the keywords were incorrect: indices_or_sections
",json2init/results/torch/torch.hsplit.init.json,info2json/results/torch/torch.hsplit.json
torch.hspmm,api_runtime_error,api_runtime_error,"smoke test failed: Could not run 'aten::hspmm' with arguments from the 'CPU' backend. This could be because the operator doesn't exist for this backend, or was omitted during the selective/custom build process (if using custom build). If you are a Facebook employee using PyTorch on mobile, please visit https://fburl.com/ptmfixes for possible resolutions. 'aten::hspmm' is only available for these backends: [Meta, SparseCPU, BackendSelect, Python, FuncTorchDynamicLayerBackMode, Functionalize, Named, Conjugate, Negative, ZeroTensor, ADInplaceOrView, AutogradOther, AutogradCPU, AutogradCUDA, AutogradHIP, AutogradXLA, AutogradMPS, AutogradIPU, AutogradXPU, AutogradHPU, AutogradVE, AutogradLazy, AutogradMTIA, AutogradPrivateUse1, AutogradPrivateUse2, AutogradPrivateUse3, AutogradMeta, AutogradNestedTensor, Tracer, AutocastCPU, AutocastMTIA, AutocastXPU, AutocastMPS, AutocastCUDA, FuncTorchBatched, BatchedNestedTensor, FuncTorchVmapMode, Batched, VmapMode, FuncTorchGradWrapper, PythonTLSSnapshot, FuncTorchDynamicLayerFrontMode, PreDispatch, PythonDispatcher].

Meta: registered at /workspace/pytorch/aten/src/ATen/core/MetaFallbackKernel.cpp:23 [backend fallback]
SparseCPU: registered at /workspace/pytorch/build/aten/src/ATen/RegisterSparseCPU_0.cpp:3035 [kernel]
BackendSelect: fallthrough registered at /workspace/pytorch/aten/src/ATen/core/BackendSelectFallbackKernel.cpp:3 [backend fallback]
Python: registered at /workspace/pytorch/aten/src/ATen/core/PythonFallbackKernel.cpp:194 [backend fallback]
FuncTorchDynamicLayerBackMode: registered at /workspace/pytorch/aten/src/ATen/functorch/DynamicLayer.cpp:479 [backend fallback]
Functionalize: registered at /workspace/pytorch/aten/src/ATen/FunctionalizeFallbackKernel.cpp:349 [backend fallback]
Named: registered at /workspace/pytorch/aten/src/ATen/core/NamedRegistrations.cpp:7 [backend fallback]
Conjugate: registered at /workspace/pytorch/aten/src/ATen/ConjugateFallback.cpp:17 [backend fallback]
Negative: registered at /workspace/pytorch/aten/src/ATen/native/NegateFallback.cpp:18 [backend fallback]
ZeroTensor: registered at /workspace/pytorch/aten/src/ATen/ZeroTensorFallback.cpp:86 [backend fallback]
ADInplaceOrView: fallthrough registered at /workspace/pytorch/aten/src/ATen/core/VariableFallbackKernel.cpp:100 [backend fallback]
AutogradOther: registered at /workspace/pytorch/torch/csrc/autograd/generated/VariableType_2.cpp:20142 [autograd kernel]
AutogradCPU: registered at /workspace/pytorch/torch/csrc/autograd/generated/VariableType_2.cpp:20142 [autograd kernel]
AutogradCUDA: registered at /workspace/pytorch/torch/csrc/autograd/generated/VariableType_2.cpp:20142 [autograd kernel]
AutogradHIP: registered at /workspace/pytorch/torch/csrc/autograd/generated/VariableType_2.cpp:20142 [autograd kernel]
AutogradXLA: registered at /workspace/pytorch/torch/csrc/autograd/generated/VariableType_2.cpp:20142 [autograd kernel]
AutogradMPS: registered at /workspace/pytorch/torch/csrc/autograd/generated/VariableType_2.cpp:20142 [autograd kernel]
AutogradIPU: registered at /workspace/pytorch/torch/csrc/autograd/generated/VariableType_2.cpp:20142 [autograd kernel]
AutogradXPU: registered at /workspace/pytorch/torch/csrc/autograd/generated/VariableType_2.cpp:20142 [autograd kernel]
AutogradHPU: registered at /workspace/pytorch/torch/csrc/autograd/generated/VariableType_2.cpp:20142 [autograd kernel]
AutogradVE: registered at /workspace/pytorch/torch/csrc/autograd/generated/VariableType_2.cpp:20142 [autograd kernel]
AutogradLazy: registered at /workspace/pytorch/torch/csrc/autograd/generated/VariableType_2.cpp:20142 [autograd kernel]
AutogradMTIA: registered at /workspace/pytorch/torch/csrc/autograd/generated/VariableType_2.cpp:20142 [autograd kernel]
AutogradPrivateUse1: registered at /workspace/pytorch/torch/csrc/autograd/generated/VariableType_2.cpp:20142 [autograd kernel]
AutogradPrivateUse2: registered at /workspace/pytorch/torch/csrc/autograd/generated/VariableType_2.cpp:20142 [autograd kernel]
AutogradPrivateUse3: registered at /workspace/pytorch/torch/csrc/autograd/generated/VariableType_2.cpp:20142 [autograd kernel]
AutogradMeta: registered at /workspace/pytorch/torch/csrc/autograd/generated/VariableType_2.cpp:20142 [autograd kernel]
AutogradNestedTensor: registered at /workspace/pytorch/torch/csrc/autograd/generated/VariableType_2.cpp:20142 [autograd kernel]
Tracer: registered at /workspace/pytorch/torch/csrc/autograd/generated/TraceType_2.cpp:17801 [kernel]
AutocastCPU: fallthrough registered at /workspace/pytorch/aten/src/ATen/autocast_mode.cpp:322 [backend fallback]
AutocastMTIA: fallthrough registered at /workspace/pytorch/aten/src/ATen/autocast_mode.cpp:466 [backend fallback]
AutocastXPU: fallthrough registered at /workspace/pytorch/aten/src/ATen/autocast_mode.cpp:504 [backend fallback]
AutocastMPS: fallthrough registered at /workspace/pytorch/aten/src/ATen/autocast_mode.cpp:209 [backend fallback]
AutocastCUDA: fallthrough registered at /workspace/pytorch/aten/src/ATen/autocast_mode.cpp:165 [backend fallback]
FuncTorchBatched: registered at /workspace/pytorch/aten/src/ATen/functorch/LegacyBatchingRegistrations.cpp:731 [backend fallback]
BatchedNestedTensor: registered at /workspace/pytorch/aten/src/ATen/functorch/LegacyBatchingRegistrations.cpp:758 [backend fallback]
FuncTorchVmapMode: fallthrough registered at /workspace/pytorch/aten/src/ATen/functorch/VmapModeRegistrations.cpp:27 [backend fallback]
Batched: registered at /workspace/pytorch/aten/src/ATen/LegacyBatchingRegistrations.cpp:1075 [backend fallback]
VmapMode: fallthrough registered at /workspace/pytorch/aten/src/ATen/VmapModeRegistrations.cpp:33 [backend fallback]
FuncTorchGradWrapper: registered at /workspace/pytorch/aten/src/ATen/functorch/TensorWrapper.cpp:208 [backend fallback]
PythonTLSSnapshot: registered at /workspace/pytorch/aten/src/ATen/core/PythonFallbackKernel.cpp:202 [backend fallback]
FuncTorchDynamicLayerFrontMode: registered at /workspace/pytorch/aten/src/ATen/functorch/DynamicLayer.cpp:475 [backend fallback]
PreDispatch: registered at /workspace/pytorch/aten/src/ATen/core/PythonFallbackKernel.cpp:206 [backend fallback]
PythonDispatcher: registered at /workspace/pytorch/aten/src/ATen/core/PythonFallbackKernel.cpp:198 [backend fallback]
",json2init/results/torch/torch.hspmm.init.json,info2json/results/torch/torch.hspmm.json
torch.hstack,retry,spec_or_seed_error,"smoke test failed: hstack() missing 1 required positional arguments: ""tensors""",json2init/results/torch/torch.hstack.init.json,info2json/results/torch/torch.hstack.json
torch.imag,api_runtime_error,api_runtime_error,smoke test failed: imag is not implemented for tensors with non-complex dtypes.,json2init/results/torch/torch.imag.init.json,info2json/results/torch/torch.imag.json
torch.index_select,api_runtime_error,api_runtime_error,"smoke test failed: Dimension out of range (expected to be in range of [-1, 0], but got 1)",json2init/results/torch/torch.index_select.init.json,info2json/results/torch/torch.index_select.json
torch.isin,retry,spec_or_seed_error,"smoke test failed: isin() received an invalid combination of arguments - got (test_elements=float, elements=float, ), but expected one of:
 * (Tensor elements, Tensor test_elements, *, bool assume_unique = False, bool invert = False, Tensor out = None)
 * (Number element, Tensor test_elements, *, bool assume_unique = False, bool invert = False, Tensor out = None)
 * (Tensor elements, Number test_element, *, bool assume_unique = False, bool invert = False, Tensor out = None)
",json2init/results/torch/torch.isin.init.json,info2json/results/torch/torch.isin.json
torch.lcm,api_runtime_error,api_runtime_error,"smoke test failed: ""lcm_cpu"" not implemented for 'Float'",json2init/results/torch/torch.lcm.init.json,info2json/results/torch/torch.lcm.json
torch.linalg.householder_product,retry,spec_or_seed_error,"smoke test failed: linalg_householder_product() missing 2 required positional argument: ""input"", ""tau""",json2init/results/torch/torch.linalg.householder_product.init.json,info2json/results/torch/torch.linalg.householder_product.json
torch.linalg.lu,api_runtime_error,api_runtime_error,smoke test failed: linalg.lu: Expected tensor with 2 or more dimensions. Got size: [1] instead,json2init/results/torch/torch.linalg.lu.init.json,info2json/results/torch/torch.linalg.lu.json
torch.linalg.qr,api_runtime_error,api_runtime_error,smoke test failed: linalg.qr: The input tensor A must have at least 2 dimensions.,json2init/results/torch/torch.linalg.qr.init.json,info2json/results/torch/torch.linalg.qr.json
torch.linalg.vander,api_runtime_error,api_runtime_error,smoke test failed: N must be greater than 1.,json2init/results/torch/torch.linalg.vander.init.json,info2json/results/torch/torch.linalg.vander.json
torch.lobpcg,api_runtime_error,api_runtime_error,smoke test failed: tuple index out of range,json2init/results/torch/torch.lobpcg.init.json,info2json/results/torch/torch.lobpcg.json
torch.logcumsumexp,api_runtime_error,api_runtime_error,"smoke test failed: Dimension out of range (expected to be in range of [-1, 0], but got 1)",json2init/results/torch/torch.logcumsumexp.init.json,info2json/results/torch/torch.logcumsumexp.json
torch.lu_unpack,api_runtime_error,api_runtime_error,smoke test failed: torch.lu_unpack: Expected tensor with 2 or more dimensions. Got size: [1] instead,json2init/results/torch/torch.lu_unpack.init.json,info2json/results/torch/torch.lu_unpack.json
torch.masked.argmax,api_runtime_error,api_runtime_error,"smoke test failed: Dimension out of range (expected to be in range of [-1, 0], but got 1)",json2init/results/torch/torch.masked.argmax.init.json,info2json/results/torch/torch.masked.argmax.json
torch.masked.argmin,api_runtime_error,api_runtime_error,"smoke test failed: Dimension out of range (expected to be in range of [-1, 0], but got 1)",json2init/results/torch/torch.masked.argmin.init.json,info2json/results/torch/torch.masked.argmin.json
torch.masked.cumprod,api_runtime_error,api_runtime_error,"smoke test failed: Dimension out of range (expected to be in range of [-1, 0], but got 1)",json2init/results/torch/torch.masked.cumprod.init.json,info2json/results/torch/torch.masked.cumprod.json
torch.masked.cumsum,api_runtime_error,api_runtime_error,"smoke test failed: Dimension out of range (expected to be in range of [-1, 0], but got 1)",json2init/results/torch/torch.masked.cumsum.init.json,info2json/results/torch/torch.masked.cumsum.json
torch.masked.log_softmax,api_runtime_error,api_runtime_error,"smoke test failed: Dimension out of range (expected to be in range of [-1, 0], but got 1)",json2init/results/torch/torch.masked.log_softmax.init.json,info2json/results/torch/torch.masked.log_softmax.json
torch.masked.median,api_runtime_error,api_runtime_error,"smoke test failed: Dimension out of range (expected to be in range of [-1, 0], but got 1)",json2init/results/torch/torch.masked.median.init.json,info2json/results/torch/torch.masked.median.json
torch.masked.normalize,retry,spec_or_seed_error,smoke test failed: normalize() missing 1 required positional argument: 'ord',json2init/results/torch/torch.masked.normalize.init.json,info2json/results/torch/torch.masked.normalize.json
torch.masked.softmax,api_runtime_error,api_runtime_error,"smoke test failed: Dimension out of range (expected to be in range of [-1, 0], but got 1)",json2init/results/torch/torch.masked.softmax.init.json,info2json/results/torch/torch.masked.softmax.json
torch.masked.softmin,api_runtime_error,api_runtime_error,"smoke test failed: Dimension out of range (expected to be in range of [-1, 0], but got 1)",json2init/results/torch/torch.masked.softmin.init.json,info2json/results/torch/torch.masked.softmin.json
torch.masked_select,api_runtime_error,api_runtime_error,smoke test failed: masked_select: expected BoolTensor for mask,json2init/results/torch/torch.masked_select.init.json,info2json/results/torch/torch.masked_select.json
torch.mm,api_runtime_error,api_runtime_error,smoke test failed: self must be a matrix,json2init/results/torch/torch.mm.init.json,info2json/results/torch/torch.mm.json
torch.movedim,api_runtime_error,api_runtime_error,"smoke test failed: Dimension out of range (expected to be in range of [-1, 0], but got 1)",json2init/results/torch/torch.movedim.init.json,info2json/results/torch/torch.movedim.json
torch.mtia.get_rng_state,api_runtime_error,api_runtime_error,smoke test failed: Torch not compiled with MTIA enabled. Ensure you have `import mtia.host_runtime.torch_mtia.dynamic_library` in your python src file and include `//mtia/host_runtime/torch_mtia:torch_mtia` as your target dependency!,json2init/results/torch/torch.mtia.get_rng_state.init.json,info2json/results/torch/torch.mtia.get_rng_state.json
torch.mtia.memory.memory_allocated,api_runtime_error,api_runtime_error,smoke test failed: module 'torch.mtia.memory' has no attribute 'memory_allocated',json2init/results/torch/torch.mtia.memory.memory_allocated.init.json,info2json/results/torch/torch.mtia.memory.memory_allocated.json
torch.mtia.memory_allocated,api_runtime_error,api_runtime_error,smoke test failed: module 'torch.mtia' has no attribute 'memory_allocated',json2init/results/torch/torch.mtia.memory_allocated.init.json,info2json/results/torch/torch.mtia.memory_allocated.json
torch.mv,api_runtime_error,api_runtime_error,"smoke test failed: vector + matrix @ vector expected, got 1, 1, 1",json2init/results/torch/torch.mv.init.json,info2json/results/torch/torch.mv.json
torch.narrow,api_runtime_error,api_runtime_error,"smoke test failed: Dimension out of range (expected to be in range of [-1, 0], but got 1)",json2init/results/torch/torch.narrow.init.json,info2json/results/torch/torch.narrow.json
torch.narrow_copy,api_runtime_error,api_runtime_error,"smoke test failed: Expected dim < static_cast<int64_t>(self_sizes.size()) to be true, but got false.  (Could this error message be improved?  If so, please report an enhancement request to PyTorch.)",json2init/results/torch/torch.narrow_copy.init.json,info2json/results/torch/torch.narrow_copy.json
torch.native_channel_shuffle,api_runtime_error,api_runtime_error,"smoke test failed: Dimension out of range (expected to be in range of [-1, 0], but got 1)",json2init/results/torch/torch.native_channel_shuffle.init.json,info2json/results/torch/torch.native_channel_shuffle.json
torch.nested.as_nested_tensor,api_runtime_error,api_runtime_error,smoke test failed: as_nested_tensor(): Expected tensor argument to have dim() > 1,json2init/results/torch/torch.nested.as_nested_tensor.init.json,info2json/results/torch/torch.nested.as_nested_tensor.json
torch.nested.narrow,retry,spec_or_seed_error,smoke test failed: narrow() missing 1 required positional argument: 'tensor',json2init/results/torch/torch.nested.narrow.init.json,info2json/results/torch/torch.nested.narrow.json
torch.nested.nested_tensor_from_jagged,api_runtime_error,api_runtime_error,smoke test failed: nested_tensor_from_jagged(): At least one of offsets or lengths is required.,json2init/results/torch/torch.nested.nested_tensor_from_jagged.init.json,info2json/results/torch/torch.nested.nested_tensor_from_jagged.json
torch.nn.parallel.comm.broadcast_coalesced,retry,spec_or_seed_error,smoke test failed: broadcast_coalesced() missing 1 required positional argument: 'tensors',json2init/results/torch/torch.nn.parallel.comm.broadcast_coalesced.init.json,info2json/results/torch/torch.nn.parallel.comm.broadcast_coalesced.json
torch.nn.parallel.comm.reduce_add,api_runtime_error,api_runtime_error,smoke test failed: reduce_add expects all inputs to be on GPUs,json2init/results/torch/torch.nn.parallel.comm.reduce_add.init.json,info2json/results/torch/torch.nn.parallel.comm.reduce_add.json
torch.nn.parallel.comm.reduce_add_coalesced,retry,spec_or_seed_error,smoke test failed: iteration over a 0-d tensor,json2init/results/torch/torch.nn.parallel.comm.reduce_add_coalesced.init.json,info2json/results/torch/torch.nn.parallel.comm.reduce_add_coalesced.json
torch.nn.quantized.functional.linear,retry,spec_or_seed_error,smoke test failed: linear() got an unexpected keyword argument 'Shape',json2init/results/torch/torch.nn.quantized.functional.linear.init.json,info2json/results/torch/torch.nn.quantized.functional.linear.json
torch.nn.utils.get_total_norm,retry,spec_or_seed_error,smoke test failed: _get_total_norm() missing 1 required positional argument: 'tensors',json2init/results/torch/torch.nn.utils.get_total_norm.init.json,info2json/results/torch/torch.nn.utils.get_total_norm.json
torch.nn.utils.rnn.invert_permutation,retry,spec_or_seed_error,smoke test failed: invert_permutation() missing 1 required positional argument: 'permutation',json2init/results/torch/torch.nn.utils.rnn.invert_permutation.init.json,info2json/results/torch/torch.nn.utils.rnn.invert_permutation.json
torch.normal,retry,spec_or_seed_error,"smoke test failed: normal() received an invalid combination of arguments - got (std=int, mean=float, ), but expected one of:
 * (Tensor mean, Tensor std, *, torch.Generator generator = None, Tensor out = None)
 * (Tensor mean, float std = 1, *, torch.Generator generator = None, Tensor out = None)
 * (float mean, Tensor std, *, torch.Generator generator = None, Tensor out = None)
 * (float mean, float std, tuple of ints size, *, torch.Generator generator = None, Tensor out = None, torch.dtype dtype = None, torch.layout layout = None, torch.device device = None, bool pin_memory = False, bool requires_grad = False)
",json2init/results/torch/torch.normal.init.json,info2json/results/torch/torch.normal.json
torch.ones,retry,spec_or_seed_error,"smoke test failed: ones(): argument 'size' must be tuple of ints, not int",json2init/results/torch/torch.ones.init.json,info2json/results/torch/torch.ones.json
torch.ormqr,retry,spec_or_seed_error,"smoke test failed: ormqr() missing 2 required positional argument: ""input2"", ""input3""",json2init/results/torch/torch.ormqr.init.json,info2json/results/torch/torch.ormqr.json
torch.pca_lowrank,api_runtime_error,api_runtime_error,"smoke test failed: not enough values to unpack (expected 2, got 1)",json2init/results/torch/torch.pca_lowrank.init.json,info2json/results/torch/torch.pca_lowrank.json
torch.pdist,api_runtime_error,api_runtime_error,"smoke test failed: pdist only supports 2D tensors, got: 1D",json2init/results/torch/torch.pdist.init.json,info2json/results/torch/torch.pdist.json
torch.permute,retry,spec_or_seed_error,"smoke test failed: permute(): argument 'dims' must be tuple of ints, not int",json2init/results/torch/torch.permute.init.json,info2json/results/torch/torch.permute.json
torch.polar,retry,spec_or_seed_error,"smoke test failed: polar(): argument 'abs' must be Tensor, not float",json2init/results/torch/torch.polar.init.json,info2json/results/torch/torch.polar.json
torch.qr,api_runtime_error,api_runtime_error,smoke test failed: linalg.qr: The input tensor A must have at least 2 dimensions.,json2init/results/torch/torch.qr.init.json,info2json/results/torch/torch.qr.json
torch.quantization.default_placeholder_observer.get_buffer,retry,spec_or_seed_error,smoke test failed: Module.get_buffer() missing 1 required positional argument: 'self',json2init/results/torch/torch.quantization.default_placeholder_observer.get_buffer.init.json,info2json/results/torch/torch.quantization.default_placeholder_observer.get_buffer.json
torch.quantize_per_channel,retry,spec_or_seed_error,"smoke test failed: quantize_per_channel(): argument 'input' must be Tensor, not float",json2init/results/torch/torch.quantize_per_channel.init.json,info2json/results/torch/torch.quantize_per_channel.json
torch.quantize_per_tensor,retry,spec_or_seed_error,"smoke test failed: quantize_per_tensor() received an invalid combination of arguments - got (zero_point=int, scale=float, input=float, ), but expected one of:
 * (Tensor input, Tensor scale, Tensor zero_point, torch.dtype dtype)
 * (Tensor input, float scale, int zero_point, torch.dtype dtype)
 * (tuple of Tensors tensors, Tensor scales, Tensor zero_points, torch.dtype dtype)
",json2init/results/torch/torch.quantize_per_tensor.init.json,info2json/results/torch/torch.quantize_per_tensor.json
torch.quantize_per_tensor_dynamic,retry,spec_or_seed_error,"smoke test failed: quantize_per_tensor_dynamic(): argument 'input' must be Tensor, not float",json2init/results/torch/torch.quantize_per_tensor_dynamic.init.json,info2json/results/torch/torch.quantize_per_tensor_dynamic.json
torch.quantized_max_pool1d,api_runtime_error,api_runtime_error,"smoke test failed: Could not run 'aten::quantized_max_pool1d' with arguments from the 'CPU' backend. This could be because the operator doesn't exist for this backend, or was omitted during the selective/custom build process (if using custom build). If you are a Facebook employee using PyTorch on mobile, please visit https://fburl.com/ptmfixes for possible resolutions. 'aten::quantized_max_pool1d' is only available for these backends: [Meta, QuantizedCPU, BackendSelect, Python, FuncTorchDynamicLayerBackMode, Functionalize, Named, Conjugate, Negative, ZeroTensor, ADInplaceOrView, AutogradOther, AutogradCPU, AutogradCUDA, AutogradHIP, AutogradXLA, AutogradMPS, AutogradIPU, AutogradXPU, AutogradHPU, AutogradVE, AutogradLazy, AutogradMTIA, AutogradPrivateUse1, AutogradPrivateUse2, AutogradPrivateUse3, AutogradMeta, AutogradNestedTensor, Tracer, AutocastCPU, AutocastMTIA, AutocastXPU, AutocastMPS, AutocastCUDA, FuncTorchBatched, BatchedNestedTensor, FuncTorchVmapMode, Batched, VmapMode, FuncTorchGradWrapper, PythonTLSSnapshot, FuncTorchDynamicLayerFrontMode, PreDispatch, PythonDispatcher].

Meta: registered at /workspace/pytorch/aten/src/ATen/core/MetaFallbackKernel.cpp:23 [backend fallback]
QuantizedCPU: registered at /workspace/pytorch/build/aten/src/ATen/RegisterQuantizedCPU_0.cpp:655 [kernel]
BackendSelect: fallthrough registered at /workspace/pytorch/aten/src/ATen/core/BackendSelectFallbackKernel.cpp:3 [backend fallback]
Python: registered at /workspace/pytorch/aten/src/ATen/core/PythonFallbackKernel.cpp:194 [backend fallback]
FuncTorchDynamicLayerBackMode: registered at /workspace/pytorch/aten/src/ATen/functorch/DynamicLayer.cpp:479 [backend fallback]
Functionalize: registered at /workspace/pytorch/aten/src/ATen/FunctionalizeFallbackKernel.cpp:349 [backend fallback]
Named: registered at /workspace/pytorch/aten/src/ATen/core/NamedRegistrations.cpp:7 [backend fallback]
Conjugate: registered at /workspace/pytorch/aten/src/ATen/ConjugateFallback.cpp:17 [backend fallback]
Negative: registered at /workspace/pytorch/aten/src/ATen/native/NegateFallback.cpp:18 [backend fallback]
ZeroTensor: registered at /workspace/pytorch/aten/src/ATen/ZeroTensorFallback.cpp:86 [backend fallback]
ADInplaceOrView: fallthrough registered at /workspace/pytorch/aten/src/ATen/core/VariableFallbackKernel.cpp:100 [backend fallback]
AutogradOther: registered at /workspace/pytorch/torch/csrc/autograd/generated/VariableType_0.cpp:18106 [autograd kernel]
AutogradCPU: registered at /workspace/pytorch/torch/csrc/autograd/generated/VariableType_0.cpp:18106 [autograd kernel]
AutogradCUDA: registered at /workspace/pytorch/torch/csrc/autograd/generated/VariableType_0.cpp:18106 [autograd kernel]
AutogradHIP: registered at /workspace/pytorch/torch/csrc/autograd/generated/VariableType_0.cpp:18106 [autograd kernel]
AutogradXLA: registered at /workspace/pytorch/torch/csrc/autograd/generated/VariableType_0.cpp:18106 [autograd kernel]
AutogradMPS: registered at /workspace/pytorch/torch/csrc/autograd/generated/VariableType_0.cpp:18106 [autograd kernel]
AutogradIPU: registered at /workspace/pytorch/torch/csrc/autograd/generated/VariableType_0.cpp:18106 [autograd kernel]
AutogradXPU: registered at /workspace/pytorch/torch/csrc/autograd/generated/VariableType_0.cpp:18106 [autograd kernel]
AutogradHPU: registered at /workspace/pytorch/torch/csrc/autograd/generated/VariableType_0.cpp:18106 [autograd kernel]
AutogradVE: registered at /workspace/pytorch/torch/csrc/autograd/generated/VariableType_0.cpp:18106 [autograd kernel]
AutogradLazy: registered at /workspace/pytorch/torch/csrc/autograd/generated/VariableType_0.cpp:18106 [autograd kernel]
AutogradMTIA: registered at /workspace/pytorch/torch/csrc/autograd/generated/VariableType_0.cpp:18106 [autograd kernel]
AutogradPrivateUse1: registered at /workspace/pytorch/torch/csrc/autograd/generated/VariableType_0.cpp:18106 [autograd kernel]
AutogradPrivateUse2: registered at /workspace/pytorch/torch/csrc/autograd/generated/VariableType_0.cpp:18106 [autograd kernel]
AutogradPrivateUse3: registered at /workspace/pytorch/torch/csrc/autograd/generated/VariableType_0.cpp:18106 [autograd kernel]
AutogradMeta: registered at /workspace/pytorch/torch/csrc/autograd/generated/VariableType_0.cpp:18106 [autograd kernel]
AutogradNestedTensor: registered at /workspace/pytorch/torch/csrc/autograd/generated/VariableType_0.cpp:18106 [autograd kernel]
Tracer: registered at /workspace/pytorch/torch/csrc/autograd/generated/TraceType_0.cpp:17130 [kernel]
AutocastCPU: fallthrough registered at /workspace/pytorch/aten/src/ATen/autocast_mode.cpp:322 [backend fallback]
AutocastMTIA: fallthrough registered at /workspace/pytorch/aten/src/ATen/autocast_mode.cpp:466 [backend fallback]
AutocastXPU: fallthrough registered at /workspace/pytorch/aten/src/ATen/autocast_mode.cpp:504 [backend fallback]
AutocastMPS: fallthrough registered at /workspace/pytorch/aten/src/ATen/autocast_mode.cpp:209 [backend fallback]
AutocastCUDA: fallthrough registered at /workspace/pytorch/aten/src/ATen/autocast_mode.cpp:165 [backend fallback]
FuncTorchBatched: registered at /workspace/pytorch/aten/src/ATen/functorch/LegacyBatchingRegistrations.cpp:731 [backend fallback]
BatchedNestedTensor: registered at /workspace/pytorch/aten/src/ATen/functorch/LegacyBatchingRegistrations.cpp:758 [backend fallback]
FuncTorchVmapMode: fallthrough registered at /workspace/pytorch/aten/src/ATen/functorch/VmapModeRegistrations.cpp:27 [backend fallback]
Batched: registered at /workspace/pytorch/aten/src/ATen/LegacyBatchingRegistrations.cpp:1075 [backend fallback]
VmapMode: fallthrough registered at /workspace/pytorch/aten/src/ATen/VmapModeRegistrations.cpp:33 [backend fallback]
FuncTorchGradWrapper: registered at /workspace/pytorch/aten/src/ATen/functorch/TensorWrapper.cpp:208 [backend fallback]
PythonTLSSnapshot: registered at /workspace/pytorch/aten/src/ATen/core/PythonFallbackKernel.cpp:202 [backend fallback]
FuncTorchDynamicLayerFrontMode: registered at /workspace/pytorch/aten/src/ATen/functorch/DynamicLayer.cpp:475 [backend fallback]
PreDispatch: registered at /workspace/pytorch/aten/src/ATen/core/PythonFallbackKernel.cpp:206 [backend fallback]
PythonDispatcher: registered at /workspace/pytorch/aten/src/ATen/core/PythonFallbackKernel.cpp:198 [backend fallback]
",json2init/results/torch/torch.quantized_max_pool1d.init.json,info2json/results/torch/torch.quantized_max_pool1d.json
torch.quantized_max_pool2d,api_runtime_error,api_runtime_error,"smoke test failed: Could not run 'aten::quantized_max_pool2d' with arguments from the 'CPU' backend. This could be because the operator doesn't exist for this backend, or was omitted during the selective/custom build process (if using custom build). If you are a Facebook employee using PyTorch on mobile, please visit https://fburl.com/ptmfixes for possible resolutions. 'aten::quantized_max_pool2d' is only available for these backends: [Meta, QuantizedCPU, BackendSelect, Python, FuncTorchDynamicLayerBackMode, Functionalize, Named, Conjugate, Negative, ZeroTensor, ADInplaceOrView, AutogradOther, AutogradCPU, AutogradCUDA, AutogradHIP, AutogradXLA, AutogradMPS, AutogradIPU, AutogradXPU, AutogradHPU, AutogradVE, AutogradLazy, AutogradMTIA, AutogradPrivateUse1, AutogradPrivateUse2, AutogradPrivateUse3, AutogradMeta, AutogradNestedTensor, Tracer, AutocastCPU, AutocastMTIA, AutocastXPU, AutocastMPS, AutocastCUDA, FuncTorchBatched, BatchedNestedTensor, FuncTorchVmapMode, Batched, VmapMode, FuncTorchGradWrapper, PythonTLSSnapshot, FuncTorchDynamicLayerFrontMode, PreDispatch, PythonDispatcher].

Meta: registered at /workspace/pytorch/aten/src/ATen/core/MetaFallbackKernel.cpp:23 [backend fallback]
QuantizedCPU: registered at /workspace/pytorch/build/aten/src/ATen/RegisterQuantizedCPU_0.cpp:678 [kernel]
BackendSelect: fallthrough registered at /workspace/pytorch/aten/src/ATen/core/BackendSelectFallbackKernel.cpp:3 [backend fallback]
Python: registered at /workspace/pytorch/aten/src/ATen/core/PythonFallbackKernel.cpp:194 [backend fallback]
FuncTorchDynamicLayerBackMode: registered at /workspace/pytorch/aten/src/ATen/functorch/DynamicLayer.cpp:479 [backend fallback]
Functionalize: registered at /workspace/pytorch/aten/src/ATen/FunctionalizeFallbackKernel.cpp:349 [backend fallback]
Named: registered at /workspace/pytorch/aten/src/ATen/core/NamedRegistrations.cpp:7 [backend fallback]
Conjugate: registered at /workspace/pytorch/aten/src/ATen/ConjugateFallback.cpp:17 [backend fallback]
Negative: registered at /workspace/pytorch/aten/src/ATen/native/NegateFallback.cpp:18 [backend fallback]
ZeroTensor: registered at /workspace/pytorch/aten/src/ATen/ZeroTensorFallback.cpp:86 [backend fallback]
ADInplaceOrView: fallthrough registered at /workspace/pytorch/aten/src/ATen/core/VariableFallbackKernel.cpp:100 [backend fallback]
AutogradOther: registered at /workspace/pytorch/torch/csrc/autograd/generated/VariableType_1.cpp:16915 [autograd kernel]
AutogradCPU: registered at /workspace/pytorch/torch/csrc/autograd/generated/VariableType_1.cpp:16915 [autograd kernel]
AutogradCUDA: registered at /workspace/pytorch/torch/csrc/autograd/generated/VariableType_1.cpp:16915 [autograd kernel]
AutogradHIP: registered at /workspace/pytorch/torch/csrc/autograd/generated/VariableType_1.cpp:16915 [autograd kernel]
AutogradXLA: registered at /workspace/pytorch/torch/csrc/autograd/generated/VariableType_1.cpp:16915 [autograd kernel]
AutogradMPS: registered at /workspace/pytorch/torch/csrc/autograd/generated/VariableType_1.cpp:16915 [autograd kernel]
AutogradIPU: registered at /workspace/pytorch/torch/csrc/autograd/generated/VariableType_1.cpp:16915 [autograd kernel]
AutogradXPU: registered at /workspace/pytorch/torch/csrc/autograd/generated/VariableType_1.cpp:16915 [autograd kernel]
AutogradHPU: registered at /workspace/pytorch/torch/csrc/autograd/generated/VariableType_1.cpp:16915 [autograd kernel]
AutogradVE: registered at /workspace/pytorch/torch/csrc/autograd/generated/VariableType_1.cpp:16915 [autograd kernel]
AutogradLazy: registered at /workspace/pytorch/torch/csrc/autograd/generated/VariableType_1.cpp:16915 [autograd kernel]
AutogradMTIA: registered at /workspace/pytorch/torch/csrc/autograd/generated/VariableType_1.cpp:16915 [autograd kernel]
AutogradPrivateUse1: registered at /workspace/pytorch/torch/csrc/autograd/generated/VariableType_1.cpp:16915 [autograd kernel]
AutogradPrivateUse2: registered at /workspace/pytorch/torch/csrc/autograd/generated/VariableType_1.cpp:16915 [autograd kernel]
AutogradPrivateUse3: registered at /workspace/pytorch/torch/csrc/autograd/generated/VariableType_1.cpp:16915 [autograd kernel]
AutogradMeta: registered at /workspace/pytorch/torch/csrc/autograd/generated/VariableType_1.cpp:16915 [autograd kernel]
AutogradNestedTensor: registered at /workspace/pytorch/torch/csrc/autograd/generated/VariableType_1.cpp:16915 [autograd kernel]
Tracer: registered at /workspace/pytorch/torch/csrc/autograd/generated/TraceType_1.cpp:16133 [kernel]
AutocastCPU: fallthrough registered at /workspace/pytorch/aten/src/ATen/autocast_mode.cpp:322 [backend fallback]
AutocastMTIA: fallthrough registered at /workspace/pytorch/aten/src/ATen/autocast_mode.cpp:466 [backend fallback]
AutocastXPU: fallthrough registered at /workspace/pytorch/aten/src/ATen/autocast_mode.cpp:504 [backend fallback]
AutocastMPS: fallthrough registered at /workspace/pytorch/aten/src/ATen/autocast_mode.cpp:209 [backend fallback]
AutocastCUDA: fallthrough registered at /workspace/pytorch/aten/src/ATen/autocast_mode.cpp:165 [backend fallback]
FuncTorchBatched: registered at /workspace/pytorch/aten/src/ATen/functorch/LegacyBatchingRegistrations.cpp:731 [backend fallback]
BatchedNestedTensor: registered at /workspace/pytorch/aten/src/ATen/functorch/LegacyBatchingRegistrations.cpp:758 [backend fallback]
FuncTorchVmapMode: fallthrough registered at /workspace/pytorch/aten/src/ATen/functorch/VmapModeRegistrations.cpp:27 [backend fallback]
Batched: registered at /workspace/pytorch/aten/src/ATen/LegacyBatchingRegistrations.cpp:1075 [backend fallback]
VmapMode: fallthrough registered at /workspace/pytorch/aten/src/ATen/VmapModeRegistrations.cpp:33 [backend fallback]
FuncTorchGradWrapper: registered at /workspace/pytorch/aten/src/ATen/functorch/TensorWrapper.cpp:208 [backend fallback]
PythonTLSSnapshot: registered at /workspace/pytorch/aten/src/ATen/core/PythonFallbackKernel.cpp:202 [backend fallback]
FuncTorchDynamicLayerFrontMode: registered at /workspace/pytorch/aten/src/ATen/functorch/DynamicLayer.cpp:475 [backend fallback]
PreDispatch: registered at /workspace/pytorch/aten/src/ATen/core/PythonFallbackKernel.cpp:206 [backend fallback]
PythonDispatcher: registered at /workspace/pytorch/aten/src/ATen/core/PythonFallbackKernel.cpp:198 [backend fallback]
",json2init/results/torch/torch.quantized_max_pool2d.init.json,info2json/results/torch/torch.quantized_max_pool2d.json
torch.rand,retry,spec_or_seed_error,"smoke test failed: rand(): argument 'size' must be tuple of ints, not int",json2init/results/torch/torch.rand.init.json,info2json/results/torch/torch.rand.json
torch.randn,retry,spec_or_seed_error,"smoke test failed: randn(): argument 'size' must be tuple of ints, not int",json2init/results/torch/torch.randn.init.json,info2json/results/torch/torch.randn.json
torch.remainder,retry,spec_or_seed_error,"smoke test failed: remainder() received an invalid combination of arguments - got (other=float, input=float, ), but expected one of:
 * (Tensor input, Tensor other, *, Tensor out = None)
 * (Number self, Tensor other)
      didn't match because some of the keywords were incorrect: input
 * (Tensor input, Number other, *, Tensor out = None)
",json2init/results/torch/torch.remainder.init.json,info2json/results/torch/torch.remainder.json
torch.reshape,retry,spec_or_seed_error,"smoke test failed: reshape(): argument 'shape' must be tuple of ints, not int",json2init/results/torch/torch.reshape.init.json,info2json/results/torch/torch.reshape.json
torch.result_type,retry,spec_or_seed_error,"smoke test failed: result_type() received an invalid combination of arguments - got (tensor2=float, tensor1=float, ), but expected one of:
 * (Tensor tensor, Tensor other)
      didn't match because some of the keywords were incorrect: tensor2, tensor1
 * (Number scalar, Tensor tensor)
      didn't match because some of the keywords were incorrect: tensor2, tensor1
 * (Tensor tensor, Number other)
      didn't match because some of the keywords were incorrect: tensor2, tensor1
 * (Number scalar1, Number scalar2)
      didn't match because some of the keywords were incorrect: tensor2, tensor1
",json2init/results/torch/torch.result_type.init.json,info2json/results/torch/torch.result_type.json
torch.rot90,api_runtime_error,api_runtime_error,"smoke test failed: expected total dims >= 2, but got total dims = 1",json2init/results/torch/torch.rot90.init.json,info2json/results/torch/torch.rot90.json
torch.searchsorted,retry,spec_or_seed_error,"smoke test failed: searchsorted() received an invalid combination of arguments - got (values=float, sorted_sequence=Tensor, ), but expected one of:
 * (Tensor sorted_sequence, Tensor input, *, bool out_int32 = False, bool right = False, str side = None, Tensor sorter = None, Tensor out = None)
 * (Tensor sorted_sequence, Number self, *, bool out_int32 = False, bool right = False, str side = None, Tensor sorter = None, Tensor out = None)
",json2init/results/torch/torch.searchsorted.init.json,info2json/results/torch/torch.searchsorted.json
torch.segment_reduce,api_runtime_error,api_runtime_error,smoke test failed: segment_reduce(): Either lengths or offsets must be defined.,json2init/results/torch/torch.segment_reduce.init.json,info2json/results/torch/torch.segment_reduce.json
torch.smm,retry,spec_or_seed_error,"smoke test failed: smm() missing 1 required positional arguments: ""mat2""",json2init/results/torch/torch.smm.init.json,info2json/results/torch/torch.smm.json
torch.special.airy_ai,retry,spec_or_seed_error,"smoke test failed: special_airy_ai() missing 1 required positional arguments: ""x""",json2init/results/torch/torch.special.airy_ai.init.json,info2json/results/torch/torch.special.airy_ai.json
torch.special.chebyshev_polynomial_t,retry,spec_or_seed_error,"smoke test failed: special_chebyshev_polynomial_t() received an invalid combination of arguments - got (n=Tensor, input=Tensor, ), but expected one of:
 * (Tensor x, Tensor n, *, Tensor out = None)
 * (Number x, Tensor n, *, Tensor out = None)
 * (Tensor x, Number n, *, Tensor out = None)
",json2init/results/torch/torch.special.chebyshev_polynomial_t.init.json,info2json/results/torch/torch.special.chebyshev_polynomial_t.json
torch.special.chebyshev_polynomial_u,retry,spec_or_seed_error,"smoke test failed: special_chebyshev_polynomial_u() received an invalid combination of arguments - got (n=Tensor, input=Tensor, ), but expected one of:
 * (Tensor x, Tensor n, *, Tensor out = None)
 * (Number x, Tensor n, *, Tensor out = None)
 * (Tensor x, Number n, *, Tensor out = None)
",json2init/results/torch/torch.special.chebyshev_polynomial_u.init.json,info2json/results/torch/torch.special.chebyshev_polynomial_u.json
torch.special.chebyshev_polynomial_v,retry,spec_or_seed_error,"smoke test failed: special_chebyshev_polynomial_v() received an invalid combination of arguments - got (n=Tensor, input=Tensor, ), but expected one of:
 * (Tensor x, Tensor n, *, Tensor out = None)
 * (Number x, Tensor n, *, Tensor out = None)
 * (Tensor x, Number n, *, Tensor out = None)
",json2init/results/torch/torch.special.chebyshev_polynomial_v.init.json,info2json/results/torch/torch.special.chebyshev_polynomial_v.json
torch.special.chebyshev_polynomial_w,retry,spec_or_seed_error,"smoke test failed: special_chebyshev_polynomial_w() received an invalid combination of arguments - got (n=Tensor, input=Tensor, ), but expected one of:
 * (Tensor x, Tensor n, *, Tensor out = None)
 * (Number x, Tensor n, *, Tensor out = None)
 * (Tensor x, Number n, *, Tensor out = None)
",json2init/results/torch/torch.special.chebyshev_polynomial_w.init.json,info2json/results/torch/torch.special.chebyshev_polynomial_w.json
torch.special.hermite_polynomial_h,retry,spec_or_seed_error,"smoke test failed: special_hermite_polynomial_h() received an invalid combination of arguments - got (n=Tensor, input=Tensor, ), but expected one of:
 * (Tensor x, Tensor n, *, Tensor out = None)
 * (Number x, Tensor n, *, Tensor out = None)
 * (Tensor x, Number n, *, Tensor out = None)
",json2init/results/torch/torch.special.hermite_polynomial_h.init.json,info2json/results/torch/torch.special.hermite_polynomial_h.json
torch.special.hermite_polynomial_he,retry,spec_or_seed_error,"smoke test failed: special_hermite_polynomial_he() received an invalid combination of arguments - got (n=Tensor, input=Tensor, ), but expected one of:
 * (Tensor x, Tensor n, *, Tensor out = None)
 * (Number x, Tensor n, *, Tensor out = None)
 * (Tensor x, Number n, *, Tensor out = None)
",json2init/results/torch/torch.special.hermite_polynomial_he.init.json,info2json/results/torch/torch.special.hermite_polynomial_he.json
torch.special.laguerre_polynomial_l,retry,spec_or_seed_error,"smoke test failed: special_laguerre_polynomial_l() received an invalid combination of arguments - got (n=Tensor, input=Tensor, ), but expected one of:
 * (Tensor x, Tensor n, *, Tensor out = None)
 * (Number x, Tensor n, *, Tensor out = None)
 * (Tensor x, Number n, *, Tensor out = None)
",json2init/results/torch/torch.special.laguerre_polynomial_l.init.json,info2json/results/torch/torch.special.laguerre_polynomial_l.json
torch.special.legendre_polynomial_p,retry,spec_or_seed_error,"smoke test failed: special_legendre_polynomial_p() received an invalid combination of arguments - got (n=Tensor, input=Tensor, ), but expected one of:
 * (Tensor x, Tensor n, *, Tensor out = None)
 * (Number x, Tensor n, *, Tensor out = None)
 * (Tensor x, Number n, *, Tensor out = None)
",json2init/results/torch/torch.special.legendre_polynomial_p.init.json,info2json/results/torch/torch.special.legendre_polynomial_p.json
torch.special.scaled_modified_bessel_k0,retry,spec_or_seed_error,"smoke test failed: special_scaled_modified_bessel_k0() missing 1 required positional arguments: ""x""",json2init/results/torch/torch.special.scaled_modified_bessel_k0.init.json,info2json/results/torch/torch.special.scaled_modified_bessel_k0.json
torch.special.scaled_modified_bessel_k1,retry,spec_or_seed_error,"smoke test failed: special_scaled_modified_bessel_k1() missing 1 required positional arguments: ""x""",json2init/results/torch/torch.special.scaled_modified_bessel_k1.init.json,info2json/results/torch/torch.special.scaled_modified_bessel_k1.json
torch.special.shifted_chebyshev_polynomial_t,retry,spec_or_seed_error,"smoke test failed: special_shifted_chebyshev_polynomial_t() received an invalid combination of arguments - got (n=Tensor, input=Tensor, ), but expected one of:
 * (Tensor x, Tensor n, *, Tensor out = None)
 * (Number x, Tensor n, *, Tensor out = None)
 * (Tensor x, Number n, *, Tensor out = None)
",json2init/results/torch/torch.special.shifted_chebyshev_polynomial_t.init.json,info2json/results/torch/torch.special.shifted_chebyshev_polynomial_t.json
torch.special.shifted_chebyshev_polynomial_u,retry,spec_or_seed_error,"smoke test failed: special_shifted_chebyshev_polynomial_u() received an invalid combination of arguments - got (n=Tensor, input=Tensor, ), but expected one of:
 * (Tensor x, Tensor n, *, Tensor out = None)
 * (Number x, Tensor n, *, Tensor out = None)
 * (Tensor x, Number n, *, Tensor out = None)
",json2init/results/torch/torch.special.shifted_chebyshev_polynomial_u.init.json,info2json/results/torch/torch.special.shifted_chebyshev_polynomial_u.json
torch.special.shifted_chebyshev_polynomial_v,retry,spec_or_seed_error,"smoke test failed: special_shifted_chebyshev_polynomial_v() received an invalid combination of arguments - got (n=Tensor, input=Tensor, ), but expected one of:
 * (Tensor x, Tensor n, *, Tensor out = None)
 * (Number x, Tensor n, *, Tensor out = None)
 * (Tensor x, Number n, *, Tensor out = None)
",json2init/results/torch/torch.special.shifted_chebyshev_polynomial_v.init.json,info2json/results/torch/torch.special.shifted_chebyshev_polynomial_v.json
torch.special.shifted_chebyshev_polynomial_w,retry,spec_or_seed_error,"smoke test failed: special_shifted_chebyshev_polynomial_w() received an invalid combination of arguments - got (n=Tensor, input=Tensor, ), but expected one of:
 * (Tensor x, Tensor n, *, Tensor out = None)
 * (Number x, Tensor n, *, Tensor out = None)
 * (Tensor x, Number n, *, Tensor out = None)
",json2init/results/torch/torch.special.shifted_chebyshev_polynomial_w.init.json,info2json/results/torch/torch.special.shifted_chebyshev_polynomial_w.json
torch.special.spherical_bessel_j0,retry,spec_or_seed_error,"smoke test failed: special_spherical_bessel_j0() missing 1 required positional arguments: ""x""",json2init/results/torch/torch.special.spherical_bessel_j0.init.json,info2json/results/torch/torch.special.spherical_bessel_j0.json
torch.sspaddmm,api_runtime_error,api_runtime_error,smoke test failed: tensor.sspaddmm(...) can only be called on sparse tensors,json2init/results/torch/torch.sspaddmm.init.json,info2json/results/torch/torch.sspaddmm.json
torch.stack,retry,spec_or_seed_error,"smoke test failed: stack() missing 1 required positional arguments: ""tensors""",json2init/results/torch/torch.stack.init.json,info2json/results/torch/torch.stack.json
torch.stft,retry,spec_or_seed_error,smoke test failed: stft() missing 1 required positional argument: 'input',json2init/results/torch/torch.stft.init.json,info2json/results/torch/torch.stft.json
torch.svd,api_runtime_error,api_runtime_error,"smoke test failed: linalg.svd: input should have at least 2 dimensions, but has 1 dimensions instead",json2init/results/torch/torch.svd.init.json,info2json/results/torch/torch.svd.json
torch.svd_lowrank,api_runtime_error,api_runtime_error,"smoke test failed: not enough values to unpack (expected 2, got 1)",json2init/results/torch/torch.svd_lowrank.init.json,info2json/results/torch/torch.svd_lowrank.json
torch.take,api_runtime_error,api_runtime_error,"smoke test failed: take(): Expected a long tensor for index, but got Float",json2init/results/torch/torch.take.init.json,info2json/results/torch/torch.take.json
torch.take_along_dim,retry,spec_or_seed_error,"smoke test failed: take_along_dim(): argument 'indices' must be Tensor, not int",json2init/results/torch/torch.take_along_dim.init.json,info2json/results/torch/torch.take_along_dim.json
torch.testing.make_tensor,retry,spec_or_seed_error,smoke test failed: make_tensor() got an unexpected keyword argument 'shape',json2init/results/torch/torch.testing.make_tensor.init.json,info2json/results/torch/torch.testing.make_tensor.json
torch.tile,retry,spec_or_seed_error,"smoke test failed: tile(): argument 'dims' must be tuple of ints, not float",json2init/results/torch/torch.tile.init.json,info2json/results/torch/torch.tile.json
torch.transpose,api_runtime_error,api_runtime_error,"smoke test failed: Dimension out of range (expected to be in range of [-1, 0], but got 1)",json2init/results/torch/torch.transpose.init.json,info2json/results/torch/torch.transpose.json
torch.triangular_solve,retry,spec_or_seed_error,"smoke test failed: triangular_solve() missing 2 required positional argument: ""input"", ""A""",json2init/results/torch/torch.triangular_solve.init.json,info2json/results/torch/torch.triangular_solve.json
torch.tril,api_runtime_error,api_runtime_error,smoke test failed: tril: input tensor must have at least 2 dimensions,json2init/results/torch/torch.tril.init.json,info2json/results/torch/torch.tril.json
torch.triu,api_runtime_error,api_runtime_error,smoke test failed: triu: input tensor must have at least 2 dimensions,json2init/results/torch/torch.triu.init.json,info2json/results/torch/torch.triu.json
torch.unflatten,retry,spec_or_seed_error,"smoke test failed: unflatten(): argument 'sizes' must be tuple of ints, not int",json2init/results/torch/torch.unflatten.init.json,info2json/results/torch/torch.unflatten.json
torch.unsqueeze,retry,spec_or_seed_error,"smoke test failed: unsqueeze() missing 1 required positional arguments: ""dim""",json2init/results/torch/torch.unsqueeze.init.json,info2json/results/torch/torch.unsqueeze.json
torch.view_as_complex,api_runtime_error,api_runtime_error,smoke test failed: Tensor must have a last dimension of size 2,json2init/results/torch/torch.view_as_complex.init.json,info2json/results/torch/torch.view_as_complex.json
torch.view_as_real,api_runtime_error,api_runtime_error,smoke test failed: view_as_real is only supported for complex tensors,json2init/results/torch/torch.view_as_real.init.json,info2json/results/torch/torch.view_as_real.json
torch.vsplit,retry,spec_or_seed_error,"smoke test failed: vsplit() received an invalid combination of arguments - got (input=Tensor, ), but expected one of:
 * (Tensor input, int sections)
 * (Tensor input, tuple of ints indices)
",json2init/results/torch/torch.vsplit.init.json,info2json/results/torch/torch.vsplit.json
torch.vstack,retry,spec_or_seed_error,"smoke test failed: vstack() missing 1 required positional arguments: ""tensors""",json2init/results/torch/torch.vstack.init.json,info2json/results/torch/torch.vstack.json
torch.xpu.get_per_process_memory_fraction,api_runtime_error,api_runtime_error,smoke test failed: module 'torch.xpu' has no attribute 'get_per_process_memory_fraction',json2init/results/torch/torch.xpu.get_per_process_memory_fraction.init.json,info2json/results/torch/torch.xpu.get_per_process_memory_fraction.json
torch.xpu.get_rng_state,api_runtime_error,api_runtime_error,smoke test failed: Torch not compiled with XPU enabled,json2init/results/torch/torch.xpu.get_rng_state.init.json,info2json/results/torch/torch.xpu.get_rng_state.json
torch.xpu.mem_get_info,api_runtime_error,api_runtime_error,smoke test failed: module 'torch._C' has no attribute '_xpu_getMemoryInfo',json2init/results/torch/torch.xpu.mem_get_info.init.json,info2json/results/torch/torch.xpu.mem_get_info.json
torch.xpu.memory.get_per_process_memory_fraction,api_runtime_error,api_runtime_error,smoke test failed: module 'torch.xpu.memory' has no attribute 'get_per_process_memory_fraction',json2init/results/torch/torch.xpu.memory.get_per_process_memory_fraction.init.json,info2json/results/torch/torch.xpu.memory.get_per_process_memory_fraction.json
torch.xpu.memory.mem_get_info,api_runtime_error,api_runtime_error,smoke test failed: module 'torch._C' has no attribute '_xpu_getMemoryInfo',json2init/results/torch/torch.xpu.memory.mem_get_info.init.json,info2json/results/torch/torch.xpu.memory.mem_get_info.json
torch.xpu.random.get_rng_state,api_runtime_error,api_runtime_error,smoke test failed: Torch not compiled with XPU enabled,json2init/results/torch/torch.xpu.random.get_rng_state.init.json,info2json/results/torch/torch.xpu.random.get_rng_state.json
torch.zeros,retry,spec_or_seed_error,"smoke test failed: zeros(): argument 'size' must be tuple of ints, not int",json2init/results/torch/torch.zeros.init.json,info2json/results/torch/torch.zeros.json
