api_full_name,stage,case_kind,mutation_intent,param,rule,classification,error_type,error,results_json_path
torch.distributions.bernoulli.binary_cross_entropy_with_logits,negative_mutation,negative_mutation,negative,input,dtype_mutate,negative_accepted_not_bug,,,stage4/results/torch-thesis-all-coverage/execution_results/torch.distributions.bernoulli.binary_cross_entropy_with_logits.results.json
torch.distributions.bernoulli.binary_cross_entropy_with_logits,negative_mutation,negative_mutation,negative,target,dtype_mutate,negative_accepted_not_bug,,,stage4/results/torch-thesis-all-coverage/execution_results/torch.distributions.bernoulli.binary_cross_entropy_with_logits.results.json
torch.distributions.continuous_bernoulli.binary_cross_entropy_with_logits,negative_mutation,negative_mutation,negative,input,dtype_mutate,negative_accepted_not_bug,,,stage4/results/torch-thesis-all-coverage/execution_results/torch.distributions.continuous_bernoulli.binary_cross_entropy_with_logits.results.json
torch.distributions.continuous_bernoulli.binary_cross_entropy_with_logits,negative_mutation,negative_mutation,negative,target,dtype_mutate,negative_accepted_not_bug,,,stage4/results/torch-thesis-all-coverage/execution_results/torch.distributions.continuous_bernoulli.binary_cross_entropy_with_logits.results.json
torch.distributions.geometric.binary_cross_entropy_with_logits,negative_mutation,negative_mutation,negative,input,dtype_mutate,negative_accepted_not_bug,,,stage4/results/torch-thesis-all-coverage/execution_results/torch.distributions.geometric.binary_cross_entropy_with_logits.results.json
torch.distributions.geometric.binary_cross_entropy_with_logits,negative_mutation,negative_mutation,negative,target,dtype_mutate,negative_accepted_not_bug,,,stage4/results/torch-thesis-all-coverage/execution_results/torch.distributions.geometric.binary_cross_entropy_with_logits.results.json
torch.distributions.transforms.pad,negative_mutation,negative_mutation,negative,input,shape_shrink,negative_accepted_not_bug,,,stage4/results/torch-thesis-all-coverage/execution_results/torch.distributions.transforms.pad.results.json
torch.distributions.transforms.pad,negative_mutation,negative_mutation,negative,input,dtype_mutate,negative_accepted_not_bug,,,stage4/results/torch-thesis-all-coverage/execution_results/torch.distributions.transforms.pad.results.json
torch.fx.experimental.symbolic_shapes.cast_symbool_to_symint_guardless,negative_mutation,negative_mutation,negative,symbool,type_widen,negative_accepted_not_bug,,,stage4/results/torch-thesis-all-coverage/execution_results/torch.fx.experimental.symbolic_shapes.cast_symbool_to_symint_guardless.results.json
torch.fx.experimental.symbolic_shapes.guard_scalar,negative_mutation,negative_mutation,negative,a,type_widen,negative_accepted_not_bug,,,stage4/results/torch-thesis-all-coverage/execution_results/torch.fx.experimental.symbolic_shapes.guard_scalar.results.json
torch.fx.experimental.symbolic_shapes.has_static_value,negative_mutation,negative_mutation,negative,a,type_widen,negative_accepted_not_bug,,,stage4/results/torch-thesis-all-coverage/execution_results/torch.fx.experimental.symbolic_shapes.has_static_value.results.json
torch.fx.experimental.symbolic_shapes.sympy.cse,negative_mutation,negative_mutation,negative,exprs,structure_shrink,negative_accepted_not_bug,,,stage4/results/torch-thesis-all-coverage/execution_results/torch.fx.experimental.symbolic_shapes.sympy.cse.results.json
torch.fx.experimental.symbolic_shapes.sympy.factor_system,negative_mutation,negative_mutation,negative,eqs,structure_shrink,negative_accepted_not_bug,,,stage4/results/torch-thesis-all-coverage/execution_results/torch.fx.experimental.symbolic_shapes.sympy.factor_system.results.json
torch.fx.experimental.symbolic_shapes.sympy.finite_diff_weights,negative_mutation,negative_mutation,negative,x_list,enum_invalid,negative_accepted_not_bug,,,stage4/results/torch-thesis-all-coverage/execution_results/torch.fx.experimental.symbolic_shapes.sympy.finite_diff_weights.results.json
torch.fx.experimental.symbolic_shapes.sympy.intersection,negative_mutation,negative_mutation,negative,entities,type_switch,negative_accepted_not_bug,,,stage4/results/torch-thesis-all-coverage/execution_results/torch.fx.experimental.symbolic_shapes.sympy.intersection.results.json
torch.fx.experimental.symbolic_shapes.sympy.primefactors,negative_mutation,negative_mutation,negative,n,enum_invalid,negative_accepted_not_bug,,,stage4/results/torch-thesis-all-coverage/execution_results/torch.fx.experimental.symbolic_shapes.sympy.primefactors.results.json
torch.masked.amax,negative_mutation,negative_mutation,negative,input,shape_shrink,negative_accepted_not_bug,,,stage4/results/torch-thesis-all-coverage/execution_results/torch.masked.amax.results.json
torch.masked.amax,negative_mutation,negative_mutation,negative,input,dtype_mutate,negative_accepted_not_bug,,,stage4/results/torch-thesis-all-coverage/execution_results/torch.masked.amax.results.json
torch.masked.amin,negative_mutation,negative_mutation,negative,input,shape_shrink,negative_accepted_not_bug,,,stage4/results/torch-thesis-all-coverage/execution_results/torch.masked.amin.results.json
torch.masked.amin,negative_mutation,negative_mutation,negative,input,dtype_mutate,negative_accepted_not_bug,,,stage4/results/torch-thesis-all-coverage/execution_results/torch.masked.amin.results.json
torch.masked.argmax,negative_mutation,negative_mutation,negative,input,shape_expand,negative_accepted_not_bug,,,stage4/results/torch-thesis-all-coverage/execution_results/torch.masked.argmax.results.json
torch.masked.argmax,negative_mutation,negative_mutation,negative,input,dtype_mutate,negative_accepted_not_bug,,,stage4/results/torch-thesis-all-coverage/execution_results/torch.masked.argmax.results.json
torch.masked.argmin,negative_mutation,negative_mutation,negative,input,shape_shrink,negative_accepted_not_bug,,,stage4/results/torch-thesis-all-coverage/execution_results/torch.masked.argmin.results.json
torch.masked.argmin,negative_mutation,negative_mutation,negative,input,dtype_mutate,negative_accepted_not_bug,,,stage4/results/torch-thesis-all-coverage/execution_results/torch.masked.argmin.results.json
torch.masked.cumprod,negative_mutation,negative_mutation,negative,input,shape_shrink,negative_accepted_not_bug,,,stage4/results/torch-thesis-all-coverage/execution_results/torch.masked.cumprod.results.json
torch.masked.cumprod,negative_mutation,negative_mutation,negative,input,dtype_mutate,negative_accepted_not_bug,,,stage4/results/torch-thesis-all-coverage/execution_results/torch.masked.cumprod.results.json
torch.masked.cumsum,negative_mutation,negative_mutation,negative,input,shape_expand,negative_accepted_not_bug,,,stage4/results/torch-thesis-all-coverage/execution_results/torch.masked.cumsum.results.json
torch.masked.cumsum,negative_mutation,negative_mutation,negative,input,dtype_mutate,negative_accepted_not_bug,,,stage4/results/torch-thesis-all-coverage/execution_results/torch.masked.cumsum.results.json
torch.masked.log_softmax,negative_mutation,negative_mutation,negative,input,shape_expand,negative_accepted_not_bug,,,stage4/results/torch-thesis-all-coverage/execution_results/torch.masked.log_softmax.results.json
torch.masked.log_softmax,negative_mutation,negative_mutation,negative,input,dtype_mutate,negative_accepted_not_bug,,,stage4/results/torch-thesis-all-coverage/execution_results/torch.masked.log_softmax.results.json
torch.masked.logaddexp,negative_mutation,negative_mutation,negative,input,dtype_mutate,negative_accepted_not_bug,,,stage4/results/torch-thesis-all-coverage/execution_results/torch.masked.logaddexp.results.json
torch.masked.logaddexp,negative_mutation,negative_mutation,negative,other,dtype_mutate,negative_accepted_not_bug,,,stage4/results/torch-thesis-all-coverage/execution_results/torch.masked.logaddexp.results.json
torch.masked.logsumexp,negative_mutation,negative_mutation,negative,input,shape_expand,negative_accepted_not_bug,,,stage4/results/torch-thesis-all-coverage/execution_results/torch.masked.logsumexp.results.json
torch.masked.logsumexp,negative_mutation,negative_mutation,negative,input,dtype_mutate,negative_accepted_not_bug,,,stage4/results/torch-thesis-all-coverage/execution_results/torch.masked.logsumexp.results.json
torch.masked.mean,negative_mutation,negative_mutation,negative,input,shape_expand,negative_accepted_not_bug,,,stage4/results/torch-thesis-all-coverage/execution_results/torch.masked.mean.results.json
torch.masked.mean,negative_mutation,negative_mutation,negative,input,dtype_mutate,negative_accepted_not_bug,,,stage4/results/torch-thesis-all-coverage/execution_results/torch.masked.mean.results.json
torch.masked.median,negative_mutation,negative_mutation,negative,input,shape_expand,negative_accepted_not_bug,,,stage4/results/torch-thesis-all-coverage/execution_results/torch.masked.median.results.json
torch.masked.median,negative_mutation,negative_mutation,negative,input,dtype_mutate,negative_accepted_not_bug,,,stage4/results/torch-thesis-all-coverage/execution_results/torch.masked.median.results.json
torch.masked.norm,negative_mutation,negative_mutation,negative,input,shape_shrink,negative_accepted_not_bug,,,stage4/results/torch-thesis-all-coverage/execution_results/torch.masked.norm.results.json
torch.masked.norm,negative_mutation,negative_mutation,negative,input,dtype_mutate,negative_accepted_not_bug,,,stage4/results/torch-thesis-all-coverage/execution_results/torch.masked.norm.results.json
torch.masked.normalize,negative_mutation,negative_mutation,negative,input,shape_shrink,negative_accepted_not_bug,,,stage4/results/torch-thesis-all-coverage/execution_results/torch.masked.normalize.results.json
torch.masked.normalize,negative_mutation,negative_mutation,negative,input,dtype_mutate,negative_accepted_not_bug,,,stage4/results/torch-thesis-all-coverage/execution_results/torch.masked.normalize.results.json
torch.masked.prod,negative_mutation,negative_mutation,negative,input,shape_expand,negative_accepted_not_bug,,,stage4/results/torch-thesis-all-coverage/execution_results/torch.masked.prod.results.json
torch.masked.prod,negative_mutation,negative_mutation,negative,input,dtype_mutate,negative_accepted_not_bug,,,stage4/results/torch-thesis-all-coverage/execution_results/torch.masked.prod.results.json
torch.masked.softmax,negative_mutation,negative_mutation,negative,input,shape_shrink,negative_accepted_not_bug,,,stage4/results/torch-thesis-all-coverage/execution_results/torch.masked.softmax.results.json
torch.masked.softmax,negative_mutation,negative_mutation,negative,input,dtype_mutate,negative_accepted_not_bug,,,stage4/results/torch-thesis-all-coverage/execution_results/torch.masked.softmax.results.json
torch.masked.softmin,negative_mutation,negative_mutation,negative,input,shape_shrink,negative_accepted_not_bug,,,stage4/results/torch-thesis-all-coverage/execution_results/torch.masked.softmin.results.json
torch.masked.softmin,negative_mutation,negative_mutation,negative,input,dtype_mutate,negative_accepted_not_bug,,,stage4/results/torch-thesis-all-coverage/execution_results/torch.masked.softmin.results.json
torch.masked.std,negative_mutation,negative_mutation,negative,input,shape_expand,negative_accepted_not_bug,,,stage4/results/torch-thesis-all-coverage/execution_results/torch.masked.std.results.json
torch.masked.std,negative_mutation,negative_mutation,negative,input,dtype_mutate,negative_accepted_not_bug,,,stage4/results/torch-thesis-all-coverage/execution_results/torch.masked.std.results.json
torch.masked.sum,negative_mutation,negative_mutation,negative,input,shape_shrink,negative_accepted_not_bug,,,stage4/results/torch-thesis-all-coverage/execution_results/torch.masked.sum.results.json
torch.masked.sum,negative_mutation,negative_mutation,negative,input,dtype_mutate,negative_accepted_not_bug,,,stage4/results/torch-thesis-all-coverage/execution_results/torch.masked.sum.results.json
torch.masked.var,negative_mutation,negative_mutation,negative,input,shape_shrink,negative_accepted_not_bug,,,stage4/results/torch-thesis-all-coverage/execution_results/torch.masked.var.results.json
torch.masked.var,negative_mutation,negative_mutation,negative,input,dtype_mutate,negative_accepted_not_bug,,,stage4/results/torch-thesis-all-coverage/execution_results/torch.masked.var.results.json
torch.storage.np.angle,negative_mutation,negative_mutation,negative,z,type_widen,negative_accepted_not_bug,,,stage4/results/torch-thesis-all-coverage/execution_results/torch.storage.np.angle.results.json
torch.storage.np.array,negative_mutation,negative_mutation,negative,object,type_widen,negative_accepted_not_bug,,,stage4/results/torch-thesis-all-coverage/execution_results/torch.storage.np.array.results.json
torch.storage.np.asfortranarray,negative_mutation,negative_mutation,negative,a,shape_shrink,negative_accepted_not_bug,,,stage4/results/torch-thesis-all-coverage/execution_results/torch.storage.np.asfortranarray.results.json
torch.storage.np.asfortranarray,negative_mutation,negative_mutation,negative,a,dtype_mutate,negative_accepted_not_bug,,,stage4/results/torch-thesis-all-coverage/execution_results/torch.storage.np.asfortranarray.results.json
torch.storage.np.base_repr,negative_mutation,negative_mutation,negative,number,type_widen,negative_accepted_not_bug,,,stage4/results/torch-thesis-all-coverage/execution_results/torch.storage.np.base_repr.results.json
torch.storage.np.block,negative_mutation,negative_mutation,negative,arrays,type_widen,negative_accepted_not_bug,,,stage4/results/torch-thesis-all-coverage/execution_results/torch.storage.np.block.results.json
torch.storage.np.broadcast_to,negative_mutation,negative_mutation,negative,array,dtype_mutate,negative_accepted_not_bug,,,stage4/results/torch-thesis-all-coverage/execution_results/torch.storage.np.broadcast_to.results.json
torch.storage.np.broadcast_to,negative_mutation,negative_mutation,negative,shape,structure_shrink,negative_accepted_not_bug,,,stage4/results/torch-thesis-all-coverage/execution_results/torch.storage.np.broadcast_to.results.json
torch.storage.np.clip,negative_mutation,negative_mutation,negative,a,enum_invalid,negative_accepted_not_bug,,,stage4/results/torch-thesis-all-coverage/execution_results/torch.storage.np.clip.results.json
torch.storage.np.column_stack,negative_mutation,negative_mutation,negative,tup,structure_shrink,negative_accepted_not_bug,,,stage4/results/torch-thesis-all-coverage/execution_results/torch.storage.np.column_stack.results.json
torch.storage.np.compress,negative_mutation,negative_mutation,negative,condition,shape_shrink,negative_accepted_not_bug,,,stage4/results/torch-thesis-all-coverage/execution_results/torch.storage.np.compress.results.json
torch.storage.np.compress,negative_mutation,negative_mutation,negative,condition,dtype_mutate,negative_accepted_not_bug,,,stage4/results/torch-thesis-all-coverage/execution_results/torch.storage.np.compress.results.json
torch.storage.np.compress,negative_mutation,negative_mutation,negative,a,shape_expand,negative_accepted_not_bug,,,stage4/results/torch-thesis-all-coverage/execution_results/torch.storage.np.compress.results.json
torch.storage.np.compress,negative_mutation,negative_mutation,negative,a,dtype_mutate,negative_accepted_not_bug,,,stage4/results/torch-thesis-all-coverage/execution_results/torch.storage.np.compress.results.json
torch.storage.np.core.arrayprint.array,negative_mutation,negative_mutation,negative,object,type_widen,negative_accepted_not_bug,,,stage4/results/torch-thesis-all-coverage/execution_results/torch.storage.np.core.arrayprint.array.results.json
torch.storage.np.core.arrayprint.format_float_positional,negative_mutation,negative_mutation,negative,x,type_widen,negative_accepted_not_bug,,,stage4/results/torch-thesis-all-coverage/execution_results/torch.storage.np.core.arrayprint.format_float_positional.results.json
torch.storage.np.core.arrayprint.format_float_scientific,negative_mutation,negative_mutation,negative,x,type_widen,negative_accepted_not_bug,,,stage4/results/torch-thesis-all-coverage/execution_results/torch.storage.np.core.arrayprint.format_float_scientific.results.json
torch.storage.np.core.defchararray.narray,negative_mutation,negative_mutation,negative,object,type_widen,negative_accepted_not_bug,,,stage4/results/torch-thesis-all-coverage/execution_results/torch.storage.np.core.defchararray.narray.results.json
torch.storage.np.core.fromnumeric.clip,negative_mutation,negative_mutation,negative,a,enum_invalid,negative_accepted_not_bug,,,stage4/results/torch-thesis-all-coverage/execution_results/torch.storage.np.core.fromnumeric.clip.results.json
torch.storage.np.core.fromnumeric.compress,negative_mutation,negative_mutation,negative,condition,dtype_mutate,negative_accepted_not_bug,,,stage4/results/torch-thesis-all-coverage/execution_results/torch.storage.np.core.fromnumeric.compress.results.json
torch.storage.np.core.fromnumeric.compress,negative_mutation,negative_mutation,negative,a,shape_expand,negative_accepted_not_bug,,,stage4/results/torch-thesis-all-coverage/execution_results/torch.storage.np.core.fromnumeric.compress.results.json
torch.storage.np.core.fromnumeric.compress,negative_mutation,negative_mutation,negative,a,dtype_mutate,negative_accepted_not_bug,,,stage4/results/torch-thesis-all-coverage/execution_results/torch.storage.np.core.fromnumeric.compress.results.json
torch.storage.np.core.fromnumeric.cumprod,negative_mutation,negative_mutation,negative,a,shape_shrink,negative_accepted_not_bug,,,stage4/results/torch-thesis-all-coverage/execution_results/torch.storage.np.core.fromnumeric.cumprod.results.json
torch.storage.np.core.fromnumeric.cumprod,negative_mutation,negative_mutation,negative,a,dtype_mutate,negative_accepted_not_bug,,,stage4/results/torch-thesis-all-coverage/execution_results/torch.storage.np.core.fromnumeric.cumprod.results.json
torch.storage.np.core.fromnumeric.ndim,negative_mutation,negative_mutation,negative,a,shape_expand,negative_accepted_not_bug,,,stage4/results/torch-thesis-all-coverage/execution_results/torch.storage.np.core.fromnumeric.ndim.results.json
torch.storage.np.core.fromnumeric.ndim,negative_mutation,negative_mutation,negative,a,dtype_mutate,negative_accepted_not_bug,,,stage4/results/torch-thesis-all-coverage/execution_results/torch.storage.np.core.fromnumeric.ndim.results.json
torch.storage.np.core.fromnumeric.nonzero,negative_mutation,negative_mutation,negative,a,shape_expand,negative_accepted_not_bug,,,stage4/results/torch-thesis-all-coverage/execution_results/torch.storage.np.core.fromnumeric.nonzero.results.json
torch.storage.np.core.fromnumeric.nonzero,negative_mutation,negative_mutation,negative,a,dtype_mutate,negative_accepted_not_bug,,,stage4/results/torch-thesis-all-coverage/execution_results/torch.storage.np.core.fromnumeric.nonzero.results.json
torch.storage.np.core.fromnumeric.partition,negative_mutation,negative_mutation,negative,a,shape_expand,negative_accepted_not_bug,,,stage4/results/torch-thesis-all-coverage/execution_results/torch.storage.np.core.fromnumeric.partition.results.json
torch.storage.np.core.fromnumeric.partition,negative_mutation,negative_mutation,negative,a,dtype_mutate,negative_accepted_not_bug,,,stage4/results/torch-thesis-all-coverage/execution_results/torch.storage.np.core.fromnumeric.partition.results.json
torch.storage.np.core.fromnumeric.shape,negative_mutation,negative_mutation,negative,a,shape_shrink,negative_accepted_not_bug,,,stage4/results/torch-thesis-all-coverage/execution_results/torch.storage.np.core.fromnumeric.shape.results.json
torch.storage.np.core.fromnumeric.shape,negative_mutation,negative_mutation,negative,a,dtype_mutate,negative_accepted_not_bug,,,stage4/results/torch-thesis-all-coverage/execution_results/torch.storage.np.core.fromnumeric.shape.results.json
torch.storage.np.core.fromnumeric.sort,negative_mutation,negative_mutation,negative,a,shape_shrink,negative_accepted_not_bug,,,stage4/results/torch-thesis-all-coverage/execution_results/torch.storage.np.core.fromnumeric.sort.results.json
torch.storage.np.core.fromnumeric.sort,negative_mutation,negative_mutation,negative,a,dtype_mutate,negative_accepted_not_bug,,,stage4/results/torch-thesis-all-coverage/execution_results/torch.storage.np.core.fromnumeric.sort.results.json
torch.storage.np.core.fromnumeric.transpose,negative_mutation,negative_mutation,negative,a,shape_expand,negative_accepted_not_bug,,,stage4/results/torch-thesis-all-coverage/execution_results/torch.storage.np.core.fromnumeric.transpose.results.json
torch.storage.np.core.fromnumeric.transpose,negative_mutation,negative_mutation,negative,a,dtype_mutate,negative_accepted_not_bug,,,stage4/results/torch-thesis-all-coverage/execution_results/torch.storage.np.core.fromnumeric.transpose.results.json
torch.storage.np.core.function_base.geomspace,negative_mutation,negative_mutation,negative,start,structure_shrink,negative_accepted_not_bug,,,stage4/results/torch-thesis-all-coverage/execution_results/torch.storage.np.core.function_base.geomspace.results.json
torch.storage.np.core.function_base.geomspace,negative_mutation,negative_mutation,negative,stop,enum_invalid,negative_accepted_not_bug,,,stage4/results/torch-thesis-all-coverage/execution_results/torch.storage.np.core.function_base.geomspace.results.json
torch.storage.np.core.function_base.logspace,negative_mutation,negative_mutation,negative,start,structure_shrink,negative_accepted_not_bug,,,stage4/results/torch-thesis-all-coverage/execution_results/torch.storage.np.core.function_base.logspace.results.json
torch.storage.np.core.function_base.logspace,negative_mutation,negative_mutation,negative,stop,enum_invalid,negative_accepted_not_bug,,,stage4/results/torch-thesis-all-coverage/execution_results/torch.storage.np.core.function_base.logspace.results.json
torch.storage.np.core.function_base.ndim,negative_mutation,negative_mutation,negative,a,shape_shrink,negative_accepted_not_bug,,,stage4/results/torch-thesis-all-coverage/execution_results/torch.storage.np.core.function_base.ndim.results.json
torch.storage.np.core.function_base.ndim,negative_mutation,negative_mutation,negative,a,dtype_mutate,negative_accepted_not_bug,,,stage4/results/torch-thesis-all-coverage/execution_results/torch.storage.np.core.function_base.ndim.results.json
torch.storage.np.core.multiarray.array,negative_mutation,negative_mutation,negative,object,type_widen,negative_accepted_not_bug,,,stage4/results/torch-thesis-all-coverage/execution_results/torch.storage.np.core.multiarray.array.results.json
torch.storage.np.core.multiarray.asfortranarray,negative_mutation,negative_mutation,negative,a,shape_expand,negative_accepted_not_bug,,,stage4/results/torch-thesis-all-coverage/execution_results/torch.storage.np.core.multiarray.asfortranarray.results.json
torch.storage.np.core.multiarray.asfortranarray,negative_mutation,negative_mutation,negative,a,dtype_mutate,negative_accepted_not_bug,,,stage4/results/torch-thesis-all-coverage/execution_results/torch.storage.np.core.multiarray.asfortranarray.results.json
torch.storage.np.core.multiarray.empty,negative_mutation,negative_mutation,negative,shape,structure_shrink,negative_accepted_not_bug,,,stage4/results/torch-thesis-all-coverage/execution_results/torch.storage.np.core.multiarray.empty.results.json
torch.storage.np.core.multiarray.empty_like,negative_mutation,negative_mutation,negative,prototype,shape_shrink,negative_accepted_not_bug,,,stage4/results/torch-thesis-all-coverage/execution_results/torch.storage.np.core.multiarray.empty_like.results.json
torch.storage.np.core.multiarray.empty_like,negative_mutation,negative_mutation,negative,prototype,dtype_mutate,negative_accepted_not_bug,,,stage4/results/torch-thesis-all-coverage/execution_results/torch.storage.np.core.multiarray.empty_like.results.json
torch.storage.np.core.multiarray.zeros,negative_mutation,negative_mutation,negative,shape,structure_shrink,negative_accepted_not_bug,,,stage4/results/torch-thesis-all-coverage/execution_results/torch.storage.np.core.multiarray.zeros.results.json
torch.storage.np.core.numeric.array,negative_mutation,negative_mutation,negative,object,type_widen,negative_accepted_not_bug,,,stage4/results/torch-thesis-all-coverage/execution_results/torch.storage.np.core.numeric.array.results.json
torch.storage.np.core.numeric.asfortranarray,negative_mutation,negative_mutation,negative,a,shape_shrink,negative_accepted_not_bug,,,stage4/results/torch-thesis-all-coverage/execution_results/torch.storage.np.core.numeric.asfortranarray.results.json
torch.storage.np.core.numeric.asfortranarray,negative_mutation,negative_mutation,negative,a,dtype_mutate,negative_accepted_not_bug,,,stage4/results/torch-thesis-all-coverage/execution_results/torch.storage.np.core.numeric.asfortranarray.results.json
torch.storage.np.core.numeric.base_repr,negative_mutation,negative_mutation,negative,number,type_widen,negative_accepted_not_bug,,,stage4/results/torch-thesis-all-coverage/execution_results/torch.storage.np.core.numeric.base_repr.results.json
torch.storage.np.core.numeric.clip,negative_mutation,negative_mutation,negative,a,enum_invalid,negative_accepted_not_bug,,,stage4/results/torch-thesis-all-coverage/execution_results/torch.storage.np.core.numeric.clip.results.json
torch.storage.np.core.numeric.compress,negative_mutation,negative_mutation,negative,condition,shape_shrink,negative_accepted_not_bug,,,stage4/results/torch-thesis-all-coverage/execution_results/torch.storage.np.core.numeric.compress.results.json
torch.storage.np.core.numeric.compress,negative_mutation,negative_mutation,negative,condition,dtype_mutate,negative_accepted_not_bug,,,stage4/results/torch-thesis-all-coverage/execution_results/torch.storage.np.core.numeric.compress.results.json
torch.storage.np.core.numeric.compress,negative_mutation,negative_mutation,negative,a,shape_expand,negative_accepted_not_bug,,,stage4/results/torch-thesis-all-coverage/execution_results/torch.storage.np.core.numeric.compress.results.json
torch.storage.np.core.numeric.compress,negative_mutation,negative_mutation,negative,a,dtype_mutate,negative_accepted_not_bug,,,stage4/results/torch-thesis-all-coverage/execution_results/torch.storage.np.core.numeric.compress.results.json
torch.storage.np.core.numeric.count_nonzero,negative_mutation,negative_mutation,negative,a,shape_expand,negative_accepted_not_bug,,,stage4/results/torch-thesis-all-coverage/execution_results/torch.storage.np.core.numeric.count_nonzero.results.json
torch.storage.np.core.numeric.count_nonzero,negative_mutation,negative_mutation,negative,a,dtype_mutate,negative_accepted_not_bug,,,stage4/results/torch-thesis-all-coverage/execution_results/torch.storage.np.core.numeric.count_nonzero.results.json
torch.storage.np.core.numeric.cumprod,negative_mutation,negative_mutation,negative,a,shape_shrink,negative_accepted_not_bug,,,stage4/results/torch-thesis-all-coverage/execution_results/torch.storage.np.core.numeric.cumprod.results.json
torch.storage.np.core.numeric.cumprod,negative_mutation,negative_mutation,negative,a,dtype_mutate,negative_accepted_not_bug,,,stage4/results/torch-thesis-all-coverage/execution_results/torch.storage.np.core.numeric.cumprod.results.json
torch.storage.np.core.numeric.empty,negative_mutation,negative_mutation,negative,shape,structure_shrink,negative_accepted_not_bug,,,stage4/results/torch-thesis-all-coverage/execution_results/torch.storage.np.core.numeric.empty.results.json
torch.storage.np.core.numeric.empty_like,negative_mutation,negative_mutation,negative,prototype,shape_expand,negative_accepted_not_bug,,,stage4/results/torch-thesis-all-coverage/execution_results/torch.storage.np.core.numeric.empty_like.results.json
torch.storage.np.core.numeric.empty_like,negative_mutation,negative_mutation,negative,prototype,dtype_mutate,negative_accepted_not_bug,,,stage4/results/torch-thesis-all-coverage/execution_results/torch.storage.np.core.numeric.empty_like.results.json
torch.storage.np.core.numeric.format_float_positional,negative_mutation,negative_mutation,negative,x,type_widen,negative_accepted_not_bug,,,stage4/results/torch-thesis-all-coverage/execution_results/torch.storage.np.core.numeric.format_float_positional.results.json
torch.storage.np.core.numeric.format_float_scientific,negative_mutation,negative_mutation,negative,x,type_widen,negative_accepted_not_bug,,,stage4/results/torch-thesis-all-coverage/execution_results/torch.storage.np.core.numeric.format_float_scientific.results.json
torch.storage.np.core.numeric.full,negative_mutation,negative_mutation,negative,shape,structure_shrink,negative_accepted_not_bug,,,stage4/results/torch-thesis-all-coverage/execution_results/torch.storage.np.core.numeric.full.results.json
torch.storage.np.core.numeric.full,negative_mutation,negative_mutation,negative,fill_value,type_widen,negative_accepted_not_bug,,,stage4/results/torch-thesis-all-coverage/execution_results/torch.storage.np.core.numeric.full.results.json
torch.storage.np.core.numeric.identity,negative_mutation,negative_mutation,negative,n,enum_invalid,negative_accepted_not_bug,,,stage4/results/torch-thesis-all-coverage/execution_results/torch.storage.np.core.numeric.identity.results.json
torch.storage.np.core.numeric.isscalar,negative_mutation,negative_mutation,negative,element,type_switch,negative_accepted_not_bug,,,stage4/results/torch-thesis-all-coverage/execution_results/torch.storage.np.core.numeric.isscalar.results.json
torch.storage.np.core.numeric.ndim,negative_mutation,negative_mutation,negative,a,shape_expand,negative_accepted_not_bug,,,stage4/results/torch-thesis-all-coverage/execution_results/torch.storage.np.core.numeric.ndim.results.json
torch.storage.np.core.numeric.ndim,negative_mutation,negative_mutation,negative,a,dtype_mutate,negative_accepted_not_bug,,,stage4/results/torch-thesis-all-coverage/execution_results/torch.storage.np.core.numeric.ndim.results.json
torch.storage.np.core.numeric.nonzero,negative_mutation,negative_mutation,negative,a,shape_shrink,negative_accepted_not_bug,,,stage4/results/torch-thesis-all-coverage/execution_results/torch.storage.np.core.numeric.nonzero.results.json
torch.storage.np.core.numeric.nonzero,negative_mutation,negative_mutation,negative,a,dtype_mutate,negative_accepted_not_bug,,,stage4/results/torch-thesis-all-coverage/execution_results/torch.storage.np.core.numeric.nonzero.results.json
torch.storage.np.core.numeric.ones,negative_mutation,negative_mutation,negative,shape,structure_shrink,negative_accepted_not_bug,,,stage4/results/torch-thesis-all-coverage/execution_results/torch.storage.np.core.numeric.ones.results.json
torch.storage.np.core.numeric.ones_like,negative_mutation,negative_mutation,negative,a,shape_shrink,negative_accepted_not_bug,,,stage4/results/torch-thesis-all-coverage/execution_results/torch.storage.np.core.numeric.ones_like.results.json
torch.storage.np.core.numeric.ones_like,negative_mutation,negative_mutation,negative,a,dtype_mutate,negative_accepted_not_bug,,,stage4/results/torch-thesis-all-coverage/execution_results/torch.storage.np.core.numeric.ones_like.results.json
torch.storage.np.core.numeric.partition,negative_mutation,negative_mutation,negative,a,dtype_mutate,negative_accepted_not_bug,,,stage4/results/torch-thesis-all-coverage/execution_results/torch.storage.np.core.numeric.partition.results.json
torch.storage.np.core.numeric.roll,negative_mutation,negative_mutation,negative,a,shape_shrink,negative_accepted_not_bug,,,stage4/results/torch-thesis-all-coverage/execution_results/torch.storage.np.core.numeric.roll.results.json
torch.storage.np.core.numeric.roll,negative_mutation,negative_mutation,negative,a,dtype_mutate,negative_accepted_not_bug,,,stage4/results/torch-thesis-all-coverage/execution_results/torch.storage.np.core.numeric.roll.results.json
torch.storage.np.core.numeric.roll,negative_mutation,negative_mutation,negative,shift,enum_invalid,negative_accepted_not_bug,,,stage4/results/torch-thesis-all-coverage/execution_results/torch.storage.np.core.numeric.roll.results.json
torch.storage.np.core.numeric.shape,negative_mutation,negative_mutation,negative,a,shape_shrink,negative_accepted_not_bug,,,stage4/results/torch-thesis-all-coverage/execution_results/torch.storage.np.core.numeric.shape.results.json
torch.storage.np.core.numeric.shape,negative_mutation,negative_mutation,negative,a,dtype_mutate,negative_accepted_not_bug,,,stage4/results/torch-thesis-all-coverage/execution_results/torch.storage.np.core.numeric.shape.results.json
torch.storage.np.core.numeric.sort,negative_mutation,negative_mutation,negative,a,shape_expand,negative_accepted_not_bug,,,stage4/results/torch-thesis-all-coverage/execution_results/torch.storage.np.core.numeric.sort.results.json
torch.storage.np.core.numeric.sort,negative_mutation,negative_mutation,negative,a,dtype_mutate,negative_accepted_not_bug,,,stage4/results/torch-thesis-all-coverage/execution_results/torch.storage.np.core.numeric.sort.results.json
torch.storage.np.core.numeric.transpose,negative_mutation,negative_mutation,negative,a,shape_expand,negative_accepted_not_bug,,,stage4/results/torch-thesis-all-coverage/execution_results/torch.storage.np.core.numeric.transpose.results.json
torch.storage.np.core.numeric.transpose,negative_mutation,negative_mutation,negative,a,dtype_mutate,negative_accepted_not_bug,,,stage4/results/torch-thesis-all-coverage/execution_results/torch.storage.np.core.numeric.transpose.results.json
torch.storage.np.core.numeric.zeros,negative_mutation,negative_mutation,negative,shape,structure_shrink,negative_accepted_not_bug,,,stage4/results/torch-thesis-all-coverage/execution_results/torch.storage.np.core.numeric.zeros.results.json
torch.storage.np.core.numeric.zeros_like,negative_mutation,negative_mutation,negative,a,shape_shrink,negative_accepted_not_bug,,,stage4/results/torch-thesis-all-coverage/execution_results/torch.storage.np.core.numeric.zeros_like.results.json
torch.storage.np.core.numeric.zeros_like,negative_mutation,negative_mutation,negative,a,dtype_mutate,negative_accepted_not_bug,,,stage4/results/torch-thesis-all-coverage/execution_results/torch.storage.np.core.numeric.zeros_like.results.json
torch.storage.np.core.numerictypes.maximum_sctype,negative_mutation,negative_mutation,negative,t,enum_invalid,negative_accepted_not_bug,,,stage4/results/torch-thesis-all-coverage/execution_results/torch.storage.np.core.numerictypes.maximum_sctype.results.json
torch.storage.np.core.records.fromarrays,negative_mutation,negative_mutation,negative,arrayList,shape_shrink,negative_accepted_not_bug,,,stage4/results/torch-thesis-all-coverage/execution_results/torch.storage.np.core.records.fromarrays.results.json
torch.storage.np.core.records.fromarrays,negative_mutation,negative_mutation,negative,arrayList,dtype_mutate,negative_accepted_not_bug,,,stage4/results/torch-thesis-all-coverage/execution_results/torch.storage.np.core.records.fromarrays.results.json
torch.storage.np.core.records.fromrecords,negative_mutation,negative_mutation,negative,recList,structure_shrink,negative_accepted_not_bug,,,stage4/results/torch-thesis-all-coverage/execution_results/torch.storage.np.core.records.fromrecords.results.json
torch.storage.np.core.shape_base.array,negative_mutation,negative_mutation,negative,object,type_widen,negative_accepted_not_bug,,,stage4/results/torch-thesis-all-coverage/execution_results/torch.storage.np.core.shape_base.array.results.json
torch.storage.np.core.shape_base.block,negative_mutation,negative_mutation,negative,arrays,type_widen,negative_accepted_not_bug,,,stage4/results/torch-thesis-all-coverage/execution_results/torch.storage.np.core.shape_base.block.results.json
torch.storage.np.core.shape_base.hstack,negative_mutation,negative_mutation,negative,tup,shape_expand,negative_accepted_not_bug,,,stage4/results/torch-thesis-all-coverage/execution_results/torch.storage.np.core.shape_base.hstack.results.json
torch.storage.np.core.shape_base.hstack,negative_mutation,negative_mutation,negative,tup,dtype_mutate,negative_accepted_not_bug,,,stage4/results/torch-thesis-all-coverage/execution_results/torch.storage.np.core.shape_base.hstack.results.json
torch.storage.np.core.shape_base.stack,negative_mutation,negative_mutation,negative,arrays,shape_expand,negative_accepted_not_bug,,,stage4/results/torch-thesis-all-coverage/execution_results/torch.storage.np.core.shape_base.stack.results.json
torch.storage.np.core.shape_base.stack,negative_mutation,negative_mutation,negative,arrays,dtype_mutate,negative_accepted_not_bug,,,stage4/results/torch-thesis-all-coverage/execution_results/torch.storage.np.core.shape_base.stack.results.json
torch.storage.np.core.shape_base.vstack,negative_mutation,negative_mutation,negative,tup,shape_shrink,negative_accepted_not_bug,,,stage4/results/torch-thesis-all-coverage/execution_results/torch.storage.np.core.shape_base.vstack.results.json
torch.storage.np.core.shape_base.vstack,negative_mutation,negative_mutation,negative,tup,dtype_mutate,negative_accepted_not_bug,,,stage4/results/torch-thesis-all-coverage/execution_results/torch.storage.np.core.shape_base.vstack.results.json
torch.storage.np.core.umath.array,negative_mutation,negative_mutation,negative,object,type_widen,negative_accepted_not_bug,,,stage4/results/torch-thesis-all-coverage/execution_results/torch.storage.np.core.umath.array.results.json
torch.storage.np.core.umath.asfortranarray,negative_mutation,negative_mutation,negative,a,shape_expand,negative_accepted_not_bug,,,stage4/results/torch-thesis-all-coverage/execution_results/torch.storage.np.core.umath.asfortranarray.results.json
torch.storage.np.core.umath.asfortranarray,negative_mutation,negative_mutation,negative,a,dtype_mutate,negative_accepted_not_bug,,,stage4/results/torch-thesis-all-coverage/execution_results/torch.storage.np.core.umath.asfortranarray.results.json
torch.storage.np.core.umath.empty,negative_mutation,negative_mutation,negative,shape,structure_shrink,negative_accepted_not_bug,,,stage4/results/torch-thesis-all-coverage/execution_results/torch.storage.np.core.umath.empty.results.json
torch.storage.np.core.umath.empty_like,negative_mutation,negative_mutation,negative,prototype,shape_expand,negative_accepted_not_bug,,,stage4/results/torch-thesis-all-coverage/execution_results/torch.storage.np.core.umath.empty_like.results.json
torch.storage.np.core.umath.empty_like,negative_mutation,negative_mutation,negative,prototype,dtype_mutate,negative_accepted_not_bug,,,stage4/results/torch-thesis-all-coverage/execution_results/torch.storage.np.core.umath.empty_like.results.json
torch.storage.np.core.umath.zeros,negative_mutation,negative_mutation,negative,shape,structure_shrink,negative_accepted_not_bug,,,stage4/results/torch-thesis-all-coverage/execution_results/torch.storage.np.core.umath.zeros.results.json
torch.storage.np.corrcoef,negative_mutation,negative_mutation,negative,x,enum_invalid,negative_accepted_not_bug,,,stage4/results/torch-thesis-all-coverage/execution_results/torch.storage.np.corrcoef.results.json
torch.storage.np.count_nonzero,negative_mutation,negative_mutation,negative,a,shape_shrink,negative_accepted_not_bug,,,stage4/results/torch-thesis-all-coverage/execution_results/torch.storage.np.count_nonzero.results.json
torch.storage.np.count_nonzero,negative_mutation,negative_mutation,negative,a,dtype_mutate,negative_accepted_not_bug,,,stage4/results/torch-thesis-all-coverage/execution_results/torch.storage.np.count_nonzero.results.json
torch.storage.np.cov,negative_mutation,negative_mutation,negative,m,enum_invalid,negative_accepted_not_bug,,,stage4/results/torch-thesis-all-coverage/execution_results/torch.storage.np.cov.results.json
torch.storage.np.cumprod,negative_mutation,negative_mutation,negative,a,shape_shrink,negative_accepted_not_bug,,,stage4/results/torch-thesis-all-coverage/execution_results/torch.storage.np.cumprod.results.json
torch.storage.np.cumprod,negative_mutation,negative_mutation,negative,a,dtype_mutate,negative_accepted_not_bug,,,stage4/results/torch-thesis-all-coverage/execution_results/torch.storage.np.cumprod.results.json
torch.storage.np.diff,negative_mutation,negative_mutation,negative,a,shape_shrink,negative_accepted_not_bug,,,stage4/results/torch-thesis-all-coverage/execution_results/torch.storage.np.diff.results.json
torch.storage.np.diff,negative_mutation,negative_mutation,negative,a,dtype_mutate,negative_accepted_not_bug,,,stage4/results/torch-thesis-all-coverage/execution_results/torch.storage.np.diff.results.json
torch.storage.np.digitize,negative_mutation,negative_mutation,negative,x,shape_expand,negative_accepted_not_bug,,,stage4/results/torch-thesis-all-coverage/execution_results/torch.storage.np.digitize.results.json
torch.storage.np.digitize,negative_mutation,negative_mutation,negative,x,dtype_mutate,negative_accepted_not_bug,,,stage4/results/torch-thesis-all-coverage/execution_results/torch.storage.np.digitize.results.json
torch.storage.np.digitize,negative_mutation,negative_mutation,negative,bins,shape_expand,negative_accepted_not_bug,,,stage4/results/torch-thesis-all-coverage/execution_results/torch.storage.np.digitize.results.json
torch.storage.np.digitize,negative_mutation,negative_mutation,negative,bins,dtype_mutate,negative_accepted_not_bug,,,stage4/results/torch-thesis-all-coverage/execution_results/torch.storage.np.digitize.results.json
torch.storage.np.dstack,negative_mutation,negative_mutation,negative,tup,structure_shrink,negative_accepted_not_bug,,,stage4/results/torch-thesis-all-coverage/execution_results/torch.storage.np.dstack.results.json
torch.storage.np.empty,negative_mutation,negative_mutation,negative,shape,structure_shrink,negative_accepted_not_bug,,,stage4/results/torch-thesis-all-coverage/execution_results/torch.storage.np.empty.results.json
torch.storage.np.empty_like,negative_mutation,negative_mutation,negative,prototype,shape_shrink,negative_accepted_not_bug,,,stage4/results/torch-thesis-all-coverage/execution_results/torch.storage.np.empty_like.results.json
torch.storage.np.empty_like,negative_mutation,negative_mutation,negative,prototype,dtype_mutate,negative_accepted_not_bug,,,stage4/results/torch-thesis-all-coverage/execution_results/torch.storage.np.empty_like.results.json
torch.storage.np.expand_dims,negative_mutation,negative_mutation,negative,a,shape_expand,negative_accepted_not_bug,,,stage4/results/torch-thesis-all-coverage/execution_results/torch.storage.np.expand_dims.results.json
torch.storage.np.expand_dims,negative_mutation,negative_mutation,negative,a,dtype_mutate,negative_accepted_not_bug,,,stage4/results/torch-thesis-all-coverage/execution_results/torch.storage.np.expand_dims.results.json
torch.storage.np.expand_dims,negative_mutation,negative_mutation,negative,axis,type_widen,negative_accepted_not_bug,,,stage4/results/torch-thesis-all-coverage/execution_results/torch.storage.np.expand_dims.results.json
torch.storage.np.extract,negative_mutation,negative_mutation,negative,condition,shape_shrink,negative_accepted_not_bug,,,stage4/results/torch-thesis-all-coverage/execution_results/torch.storage.np.extract.results.json
torch.storage.np.extract,negative_mutation,negative_mutation,negative,condition,dtype_mutate,negative_accepted_not_bug,,,stage4/results/torch-thesis-all-coverage/execution_results/torch.storage.np.extract.results.json
torch.storage.np.extract,negative_mutation,negative_mutation,negative,arr,shape_expand,negative_accepted_not_bug,,,stage4/results/torch-thesis-all-coverage/execution_results/torch.storage.np.extract.results.json
torch.storage.np.extract,negative_mutation,negative_mutation,negative,arr,dtype_mutate,negative_accepted_not_bug,,,stage4/results/torch-thesis-all-coverage/execution_results/torch.storage.np.extract.results.json
torch.storage.np.fft.fftn,negative_mutation,negative_mutation,negative,a,shape_expand,negative_accepted_not_bug,,,stage4/results/torch-thesis-all-coverage/execution_results/torch.storage.np.fft.fftn.results.json
torch.storage.np.fft.fftn,negative_mutation,negative_mutation,negative,a,dtype_mutate,negative_accepted_not_bug,,,stage4/results/torch-thesis-all-coverage/execution_results/torch.storage.np.fft.fftn.results.json
torch.storage.np.fft.fftshift,negative_mutation,negative_mutation,negative,x,shape_expand,negative_accepted_not_bug,,,stage4/results/torch-thesis-all-coverage/execution_results/torch.storage.np.fft.fftshift.results.json
torch.storage.np.fft.fftshift,negative_mutation,negative_mutation,negative,x,dtype_mutate,negative_accepted_not_bug,,,stage4/results/torch-thesis-all-coverage/execution_results/torch.storage.np.fft.fftshift.results.json
torch.storage.np.fft.ifftn,negative_mutation,negative_mutation,negative,a,shape_shrink,negative_accepted_not_bug,,,stage4/results/torch-thesis-all-coverage/execution_results/torch.storage.np.fft.ifftn.results.json
torch.storage.np.fft.ifftn,negative_mutation,negative_mutation,negative,a,dtype_mutate,negative_accepted_not_bug,,,stage4/results/torch-thesis-all-coverage/execution_results/torch.storage.np.fft.ifftn.results.json
torch.storage.np.fft.ifftshift,negative_mutation,negative_mutation,negative,x,shape_expand,negative_accepted_not_bug,,,stage4/results/torch-thesis-all-coverage/execution_results/torch.storage.np.fft.ifftshift.results.json
torch.storage.np.fft.ifftshift,negative_mutation,negative_mutation,negative,x,dtype_mutate,negative_accepted_not_bug,,,stage4/results/torch-thesis-all-coverage/execution_results/torch.storage.np.fft.ifftshift.results.json
torch.storage.np.fliplr,negative_mutation,negative_mutation,negative,m,shape_shrink,negative_accepted_not_bug,,,stage4/results/torch-thesis-all-coverage/execution_results/torch.storage.np.fliplr.results.json
torch.storage.np.fliplr,negative_mutation,negative_mutation,negative,m,dtype_mutate,negative_accepted_not_bug,,,stage4/results/torch-thesis-all-coverage/execution_results/torch.storage.np.fliplr.results.json
torch.storage.np.format_float_positional,negative_mutation,negative_mutation,negative,x,type_widen,negative_accepted_not_bug,,,stage4/results/torch-thesis-all-coverage/execution_results/torch.storage.np.format_float_positional.results.json
torch.storage.np.format_float_scientific,negative_mutation,negative_mutation,negative,x,type_widen,negative_accepted_not_bug,,,stage4/results/torch-thesis-all-coverage/execution_results/torch.storage.np.format_float_scientific.results.json
torch.storage.np.full,negative_mutation,negative_mutation,negative,shape,structure_shrink,negative_accepted_not_bug,,,stage4/results/torch-thesis-all-coverage/execution_results/torch.storage.np.full.results.json
torch.storage.np.full,negative_mutation,negative_mutation,negative,fill_value,type_widen,negative_accepted_not_bug,,,stage4/results/torch-thesis-all-coverage/execution_results/torch.storage.np.full.results.json
torch.storage.np.geomspace,negative_mutation,negative_mutation,negative,start,structure_shrink,negative_accepted_not_bug,,,stage4/results/torch-thesis-all-coverage/execution_results/torch.storage.np.geomspace.results.json
torch.storage.np.geomspace,negative_mutation,negative_mutation,negative,stop,enum_invalid,negative_accepted_not_bug,,,stage4/results/torch-thesis-all-coverage/execution_results/torch.storage.np.geomspace.results.json
torch.storage.np.histogram2d,negative_mutation,negative_mutation,negative,x,dtype_mutate,negative_accepted_not_bug,,,stage4/results/torch-thesis-all-coverage/execution_results/torch.storage.np.histogram2d.results.json
torch.storage.np.histogram2d,negative_mutation,negative_mutation,negative,y,dtype_mutate,negative_accepted_not_bug,,,stage4/results/torch-thesis-all-coverage/execution_results/torch.storage.np.histogram2d.results.json
torch.storage.np.histogram_bin_edges,negative_mutation,negative_mutation,negative,a,shape_shrink,negative_accepted_not_bug,,,stage4/results/torch-thesis-all-coverage/execution_results/torch.storage.np.histogram_bin_edges.results.json
torch.storage.np.histogram_bin_edges,negative_mutation,negative_mutation,negative,a,dtype_mutate,negative_accepted_not_bug,,,stage4/results/torch-thesis-all-coverage/execution_results/torch.storage.np.histogram_bin_edges.results.json
torch.storage.np.histogramdd,negative_mutation,negative_mutation,negative,sample,shape_shrink,negative_accepted_not_bug,,,stage4/results/torch-thesis-all-coverage/execution_results/torch.storage.np.histogramdd.results.json
torch.storage.np.histogramdd,negative_mutation,negative_mutation,negative,sample,dtype_mutate,negative_accepted_not_bug,,,stage4/results/torch-thesis-all-coverage/execution_results/torch.storage.np.histogramdd.results.json
torch.storage.np.hstack,negative_mutation,negative_mutation,negative,tup,shape_shrink,negative_accepted_not_bug,,,stage4/results/torch-thesis-all-coverage/execution_results/torch.storage.np.hstack.results.json
torch.storage.np.hstack,negative_mutation,negative_mutation,negative,tup,dtype_mutate,negative_accepted_not_bug,,,stage4/results/torch-thesis-all-coverage/execution_results/torch.storage.np.hstack.results.json
torch.storage.np.identity,negative_mutation,negative_mutation,negative,n,enum_invalid,negative_accepted_not_bug,,,stage4/results/torch-thesis-all-coverage/execution_results/torch.storage.np.identity.results.json
torch.storage.np.iscomplex,negative_mutation,negative_mutation,negative,x,shape_expand,negative_accepted_not_bug,,,stage4/results/torch-thesis-all-coverage/execution_results/torch.storage.np.iscomplex.results.json
torch.storage.np.iscomplex,negative_mutation,negative_mutation,negative,x,dtype_mutate,negative_accepted_not_bug,,,stage4/results/torch-thesis-all-coverage/execution_results/torch.storage.np.iscomplex.results.json
torch.storage.np.iscomplexobj,negative_mutation,negative_mutation,negative,x,type_switch,negative_accepted_not_bug,,,stage4/results/torch-thesis-all-coverage/execution_results/torch.storage.np.iscomplexobj.results.json
torch.storage.np.isin,negative_mutation,negative_mutation,negative,element,shape_expand,negative_accepted_not_bug,,,stage4/results/torch-thesis-all-coverage/execution_results/torch.storage.np.isin.results.json
torch.storage.np.isin,negative_mutation,negative_mutation,negative,element,dtype_mutate,negative_accepted_not_bug,,,stage4/results/torch-thesis-all-coverage/execution_results/torch.storage.np.isin.results.json
torch.storage.np.isin,negative_mutation,negative_mutation,negative,test_elements,shape_shrink,negative_accepted_not_bug,,,stage4/results/torch-thesis-all-coverage/execution_results/torch.storage.np.isin.results.json
torch.storage.np.isin,negative_mutation,negative_mutation,negative,test_elements,dtype_mutate,negative_accepted_not_bug,,,stage4/results/torch-thesis-all-coverage/execution_results/torch.storage.np.isin.results.json
torch.storage.np.isneginf,negative_mutation,negative_mutation,negative,x,shape_shrink,negative_accepted_not_bug,,,stage4/results/torch-thesis-all-coverage/execution_results/torch.storage.np.isneginf.results.json
torch.storage.np.isneginf,negative_mutation,negative_mutation,negative,x,dtype_mutate,negative_accepted_not_bug,,,stage4/results/torch-thesis-all-coverage/execution_results/torch.storage.np.isneginf.results.json
torch.storage.np.isposinf,negative_mutation,negative_mutation,negative,x,shape_expand,negative_accepted_not_bug,,,stage4/results/torch-thesis-all-coverage/execution_results/torch.storage.np.isposinf.results.json
torch.storage.np.isposinf,negative_mutation,negative_mutation,negative,x,dtype_mutate,negative_accepted_not_bug,,,stage4/results/torch-thesis-all-coverage/execution_results/torch.storage.np.isposinf.results.json
torch.storage.np.isrealobj,negative_mutation,negative_mutation,negative,x,type_switch,negative_accepted_not_bug,,,stage4/results/torch-thesis-all-coverage/execution_results/torch.storage.np.isrealobj.results.json
torch.storage.np.isscalar,negative_mutation,negative_mutation,negative,element,type_switch,negative_accepted_not_bug,,,stage4/results/torch-thesis-all-coverage/execution_results/torch.storage.np.isscalar.results.json
torch.storage.np.lib.stride_tricks.as_strided,negative_mutation,negative_mutation,negative,x,shape_shrink,negative_accepted_not_bug,,,stage4/results/torch-thesis-all-coverage/execution_results/torch.storage.np.lib.stride_tricks.as_strided.results.json
torch.storage.np.lib.stride_tricks.as_strided,negative_mutation,negative_mutation,negative,x,dtype_mutate,negative_accepted_not_bug,,,stage4/results/torch-thesis-all-coverage/execution_results/torch.storage.np.lib.stride_tricks.as_strided.results.json
torch.storage.np.linalg.eig,negative_mutation,negative_mutation,negative,a,dtype_mutate,negative_accepted_not_bug,,,stage4/results/torch-thesis-all-coverage/execution_results/torch.storage.np.linalg.eig.results.json
torch.storage.np.linalg.norm,negative_mutation,negative_mutation,negative,x,enum_invalid,negative_accepted_not_bug,,,stage4/results/torch-thesis-all-coverage/execution_results/torch.storage.np.linalg.norm.results.json
torch.storage.np.logspace,negative_mutation,negative_mutation,negative,start,structure_shrink,negative_accepted_not_bug,,,stage4/results/torch-thesis-all-coverage/execution_results/torch.storage.np.logspace.results.json
torch.storage.np.logspace,negative_mutation,negative_mutation,negative,stop,enum_invalid,negative_accepted_not_bug,,,stage4/results/torch-thesis-all-coverage/execution_results/torch.storage.np.logspace.results.json
torch.storage.np.ma.asarray,negative_mutation,negative_mutation,negative,a,shape_shrink,negative_accepted_not_bug,,,stage4/results/torch-thesis-all-coverage/execution_results/torch.storage.np.ma.asarray.results.json
torch.storage.np.ma.asarray,negative_mutation,negative_mutation,negative,a,dtype_mutate,negative_accepted_not_bug,,,stage4/results/torch-thesis-all-coverage/execution_results/torch.storage.np.ma.asarray.results.json
torch.storage.np.ma.clump_masked,negative_mutation,negative_mutation,negative,a,shape_expand,negative_accepted_not_bug,,,stage4/results/torch-thesis-all-coverage/execution_results/torch.storage.np.ma.clump_masked.results.json
torch.storage.np.ma.clump_masked,negative_mutation,negative_mutation,negative,a,dtype_mutate,negative_accepted_not_bug,,,stage4/results/torch-thesis-all-coverage/execution_results/torch.storage.np.ma.clump_masked.results.json
torch.storage.np.ma.clump_unmasked,negative_mutation,negative_mutation,negative,a,shape_shrink,negative_accepted_not_bug,,,stage4/results/torch-thesis-all-coverage/execution_results/torch.storage.np.ma.clump_unmasked.results.json
torch.storage.np.ma.clump_unmasked,negative_mutation,negative_mutation,negative,a,dtype_mutate,negative_accepted_not_bug,,,stage4/results/torch-thesis-all-coverage/execution_results/torch.storage.np.ma.clump_unmasked.results.json
torch.storage.np.ma.compress_nd,negative_mutation,negative_mutation,negative,x,enum_invalid,negative_accepted_not_bug,,,stage4/results/torch-thesis-all-coverage/execution_results/torch.storage.np.ma.compress_nd.results.json
torch.storage.np.ma.compress_rowcols,negative_mutation,negative_mutation,negative,x,enum_invalid,negative_accepted_not_bug,,,stage4/results/torch-thesis-all-coverage/execution_results/torch.storage.np.ma.compress_rowcols.results.json
torch.storage.np.ma.core.asarray,negative_mutation,negative_mutation,negative,a,shape_shrink,negative_accepted_not_bug,,,stage4/results/torch-thesis-all-coverage/execution_results/torch.storage.np.ma.core.asarray.results.json
torch.storage.np.ma.core.asarray,negative_mutation,negative_mutation,negative,a,dtype_mutate,negative_accepted_not_bug,,,stage4/results/torch-thesis-all-coverage/execution_results/torch.storage.np.ma.core.asarray.results.json
torch.storage.np.ma.core.empty,negative_mutation,negative_mutation,negative,shape,structure_shrink,negative_accepted_not_bug,,,stage4/results/torch-thesis-all-coverage/execution_results/torch.storage.np.ma.core.empty.results.json
torch.storage.np.ma.core.empty_like,negative_mutation,negative_mutation,negative,prototype,shape_shrink,negative_accepted_not_bug,,,stage4/results/torch-thesis-all-coverage/execution_results/torch.storage.np.ma.core.empty_like.results.json
torch.storage.np.ma.core.empty_like,negative_mutation,negative_mutation,negative,prototype,dtype_mutate,negative_accepted_not_bug,,,stage4/results/torch-thesis-all-coverage/execution_results/torch.storage.np.ma.core.empty_like.results.json
torch.storage.np.ma.core.expand_dims,negative_mutation,negative_mutation,negative,a,shape_shrink,negative_accepted_not_bug,,,stage4/results/torch-thesis-all-coverage/execution_results/torch.storage.np.ma.core.expand_dims.results.json
torch.storage.np.ma.core.expand_dims,negative_mutation,negative_mutation,negative,a,dtype_mutate,negative_accepted_not_bug,,,stage4/results/torch-thesis-all-coverage/execution_results/torch.storage.np.ma.core.expand_dims.results.json
torch.storage.np.ma.core.fix_invalid,negative_mutation,negative_mutation,negative,a,shape_expand,negative_accepted_not_bug,,,stage4/results/torch-thesis-all-coverage/execution_results/torch.storage.np.ma.core.fix_invalid.results.json
torch.storage.np.ma.core.fix_invalid,negative_mutation,negative_mutation,negative,a,dtype_mutate,negative_accepted_not_bug,,,stage4/results/torch-thesis-all-coverage/execution_results/torch.storage.np.ma.core.fix_invalid.results.json
torch.storage.np.ma.core.identity,negative_mutation,negative_mutation,negative,n,enum_invalid,negative_accepted_not_bug,,,stage4/results/torch-thesis-all-coverage/execution_results/torch.storage.np.ma.core.identity.results.json
torch.storage.np.ma.core.is_mask,negative_mutation,negative_mutation,negative,m,shape_expand,negative_accepted_not_bug,,,stage4/results/torch-thesis-all-coverage/execution_results/torch.storage.np.ma.core.is_mask.results.json
torch.storage.np.ma.core.is_mask,negative_mutation,negative_mutation,negative,m,dtype_mutate,negative_accepted_not_bug,,,stage4/results/torch-thesis-all-coverage/execution_results/torch.storage.np.ma.core.is_mask.results.json
torch.storage.np.ma.core.iscomplexobj,negative_mutation,negative_mutation,negative,x,type_switch,negative_accepted_not_bug,,,stage4/results/torch-thesis-all-coverage/execution_results/torch.storage.np.ma.core.iscomplexobj.results.json
torch.storage.np.ma.core.make_mask_none,negative_mutation,negative_mutation,negative,newshape,structure_shrink,negative_accepted_not_bug,,,stage4/results/torch-thesis-all-coverage/execution_results/torch.storage.np.ma.core.make_mask_none.results.json
torch.storage.np.ma.core.maximum_fill_value,negative_mutation,negative_mutation,negative,obj,type_widen,negative_accepted_not_bug,,,stage4/results/torch-thesis-all-coverage/execution_results/torch.storage.np.ma.core.maximum_fill_value.results.json
torch.storage.np.ma.core.minimum_fill_value,negative_mutation,negative_mutation,negative,obj,type_widen,negative_accepted_not_bug,,,stage4/results/torch-thesis-all-coverage/execution_results/torch.storage.np.ma.core.minimum_fill_value.results.json
torch.storage.np.ma.core.narray,negative_mutation,negative_mutation,negative,object,type_widen,negative_accepted_not_bug,,,stage4/results/torch-thesis-all-coverage/execution_results/torch.storage.np.ma.core.narray.results.json
torch.storage.np.ma.core.ones,negative_mutation,negative_mutation,negative,shape,structure_shrink,negative_accepted_not_bug,,,stage4/results/torch-thesis-all-coverage/execution_results/torch.storage.np.ma.core.ones.results.json
torch.storage.np.ma.core.ones_like,negative_mutation,negative_mutation,negative,a,shape_expand,negative_accepted_not_bug,,,stage4/results/torch-thesis-all-coverage/execution_results/torch.storage.np.ma.core.ones_like.results.json
torch.storage.np.ma.core.ones_like,negative_mutation,negative_mutation,negative,a,dtype_mutate,negative_accepted_not_bug,,,stage4/results/torch-thesis-all-coverage/execution_results/torch.storage.np.ma.core.ones_like.results.json
torch.storage.np.ma.core.zeros,negative_mutation,negative_mutation,negative,shape,structure_shrink,negative_accepted_not_bug,,,stage4/results/torch-thesis-all-coverage/execution_results/torch.storage.np.ma.core.zeros.results.json
torch.storage.np.ma.core.zeros_like,negative_mutation,negative_mutation,negative,a,shape_shrink,negative_accepted_not_bug,,,stage4/results/torch-thesis-all-coverage/execution_results/torch.storage.np.ma.core.zeros_like.results.json
torch.storage.np.ma.core.zeros_like,negative_mutation,negative_mutation,negative,a,dtype_mutate,negative_accepted_not_bug,,,stage4/results/torch-thesis-all-coverage/execution_results/torch.storage.np.ma.core.zeros_like.results.json
torch.storage.np.ma.empty,negative_mutation,negative_mutation,negative,shape,structure_shrink,negative_accepted_not_bug,,,stage4/results/torch-thesis-all-coverage/execution_results/torch.storage.np.ma.empty.results.json
torch.storage.np.ma.empty_like,negative_mutation,negative_mutation,negative,prototype,shape_shrink,negative_accepted_not_bug,,,stage4/results/torch-thesis-all-coverage/execution_results/torch.storage.np.ma.empty_like.results.json
torch.storage.np.ma.empty_like,negative_mutation,negative_mutation,negative,prototype,dtype_mutate,negative_accepted_not_bug,,,stage4/results/torch-thesis-all-coverage/execution_results/torch.storage.np.ma.empty_like.results.json
torch.storage.np.ma.expand_dims,negative_mutation,negative_mutation,negative,a,shape_shrink,negative_accepted_not_bug,,,stage4/results/torch-thesis-all-coverage/execution_results/torch.storage.np.ma.expand_dims.results.json
torch.storage.np.ma.expand_dims,negative_mutation,negative_mutation,negative,a,dtype_mutate,negative_accepted_not_bug,,,stage4/results/torch-thesis-all-coverage/execution_results/torch.storage.np.ma.expand_dims.results.json
torch.storage.np.ma.extras.asarray,negative_mutation,negative_mutation,negative,a,shape_shrink,negative_accepted_not_bug,,,stage4/results/torch-thesis-all-coverage/execution_results/torch.storage.np.ma.extras.asarray.results.json
torch.storage.np.ma.extras.asarray,negative_mutation,negative_mutation,negative,a,dtype_mutate,negative_accepted_not_bug,,,stage4/results/torch-thesis-all-coverage/execution_results/torch.storage.np.ma.extras.asarray.results.json
torch.storage.np.ma.extras.clump_masked,negative_mutation,negative_mutation,negative,a,shape_expand,negative_accepted_not_bug,,,stage4/results/torch-thesis-all-coverage/execution_results/torch.storage.np.ma.extras.clump_masked.results.json
torch.storage.np.ma.extras.clump_masked,negative_mutation,negative_mutation,negative,a,dtype_mutate,negative_accepted_not_bug,,,stage4/results/torch-thesis-all-coverage/execution_results/torch.storage.np.ma.extras.clump_masked.results.json
torch.storage.np.ma.extras.clump_unmasked,negative_mutation,negative_mutation,negative,a,shape_expand,negative_accepted_not_bug,,,stage4/results/torch-thesis-all-coverage/execution_results/torch.storage.np.ma.extras.clump_unmasked.results.json
torch.storage.np.ma.extras.clump_unmasked,negative_mutation,negative_mutation,negative,a,dtype_mutate,negative_accepted_not_bug,,,stage4/results/torch-thesis-all-coverage/execution_results/torch.storage.np.ma.extras.clump_unmasked.results.json
torch.storage.np.ma.extras.compress_nd,negative_mutation,negative_mutation,negative,x,enum_invalid,negative_accepted_not_bug,,,stage4/results/torch-thesis-all-coverage/execution_results/torch.storage.np.ma.extras.compress_nd.results.json
torch.storage.np.ma.extras.compress_rowcols,negative_mutation,negative_mutation,negative,x,enum_invalid,negative_accepted_not_bug,,,stage4/results/torch-thesis-all-coverage/execution_results/torch.storage.np.ma.extras.compress_rowcols.results.json
torch.storage.np.ma.extras.flatnotmasked_contiguous,negative_mutation,negative_mutation,negative,a,shape_shrink,negative_accepted_not_bug,,,stage4/results/torch-thesis-all-coverage/execution_results/torch.storage.np.ma.extras.flatnotmasked_contiguous.results.json
torch.storage.np.ma.extras.flatnotmasked_contiguous,negative_mutation,negative_mutation,negative,a,dtype_mutate,negative_accepted_not_bug,,,stage4/results/torch-thesis-all-coverage/execution_results/torch.storage.np.ma.extras.flatnotmasked_contiguous.results.json
torch.storage.np.ma.extras.mask_rowcols,negative_mutation,negative_mutation,negative,a,enum_invalid,negative_accepted_not_bug,,,stage4/results/torch-thesis-all-coverage/execution_results/torch.storage.np.ma.extras.mask_rowcols.results.json
torch.storage.np.ma.extras.masked_all,negative_mutation,negative_mutation,negative,shape,structure_shrink,negative_accepted_not_bug,,,stage4/results/torch-thesis-all-coverage/execution_results/torch.storage.np.ma.extras.masked_all.results.json
torch.storage.np.ma.extras.masked_all_like,negative_mutation,negative_mutation,negative,arr,shape_shrink,negative_accepted_not_bug,,,stage4/results/torch-thesis-all-coverage/execution_results/torch.storage.np.ma.extras.masked_all_like.results.json
torch.storage.np.ma.extras.masked_all_like,negative_mutation,negative_mutation,negative,arr,dtype_mutate,negative_accepted_not_bug,,,stage4/results/torch-thesis-all-coverage/execution_results/torch.storage.np.ma.extras.masked_all_like.results.json
torch.storage.np.ma.extras.nxarray,negative_mutation,negative_mutation,negative,object,type_widen,negative_accepted_not_bug,,,stage4/results/torch-thesis-all-coverage/execution_results/torch.storage.np.ma.extras.nxarray.results.json
torch.storage.np.ma.extras.ones,negative_mutation,negative_mutation,negative,shape,structure_shrink,negative_accepted_not_bug,,,stage4/results/torch-thesis-all-coverage/execution_results/torch.storage.np.ma.extras.ones.results.json
torch.storage.np.ma.extras.zeros,negative_mutation,negative_mutation,negative,shape,structure_shrink,negative_accepted_not_bug,,,stage4/results/torch-thesis-all-coverage/execution_results/torch.storage.np.ma.extras.zeros.results.json
torch.storage.np.ma.fix_invalid,negative_mutation,negative_mutation,negative,a,shape_shrink,negative_accepted_not_bug,,,stage4/results/torch-thesis-all-coverage/execution_results/torch.storage.np.ma.fix_invalid.results.json
torch.storage.np.ma.fix_invalid,negative_mutation,negative_mutation,negative,a,dtype_mutate,negative_accepted_not_bug,,,stage4/results/torch-thesis-all-coverage/execution_results/torch.storage.np.ma.fix_invalid.results.json
torch.storage.np.ma.flatnotmasked_contiguous,negative_mutation,negative_mutation,negative,a,shape_shrink,negative_accepted_not_bug,,,stage4/results/torch-thesis-all-coverage/execution_results/torch.storage.np.ma.flatnotmasked_contiguous.results.json
torch.storage.np.ma.flatnotmasked_contiguous,negative_mutation,negative_mutation,negative,a,dtype_mutate,negative_accepted_not_bug,,,stage4/results/torch-thesis-all-coverage/execution_results/torch.storage.np.ma.flatnotmasked_contiguous.results.json
torch.storage.np.ma.identity,negative_mutation,negative_mutation,negative,n,enum_invalid,negative_accepted_not_bug,,,stage4/results/torch-thesis-all-coverage/execution_results/torch.storage.np.ma.identity.results.json
torch.storage.np.ma.is_mask,negative_mutation,negative_mutation,negative,m,shape_shrink,negative_accepted_not_bug,,,stage4/results/torch-thesis-all-coverage/execution_results/torch.storage.np.ma.is_mask.results.json
torch.storage.np.ma.is_mask,negative_mutation,negative_mutation,negative,m,dtype_mutate,negative_accepted_not_bug,,,stage4/results/torch-thesis-all-coverage/execution_results/torch.storage.np.ma.is_mask.results.json
torch.storage.np.ma.make_mask_none,negative_mutation,negative_mutation,negative,newshape,structure_shrink,negative_accepted_not_bug,,,stage4/results/torch-thesis-all-coverage/execution_results/torch.storage.np.ma.make_mask_none.results.json
torch.storage.np.ma.mask_rowcols,negative_mutation,negative_mutation,negative,a,enum_invalid,negative_accepted_not_bug,,,stage4/results/torch-thesis-all-coverage/execution_results/torch.storage.np.ma.mask_rowcols.results.json
torch.storage.np.ma.masked_all,negative_mutation,negative_mutation,negative,shape,structure_shrink,negative_accepted_not_bug,,,stage4/results/torch-thesis-all-coverage/execution_results/torch.storage.np.ma.masked_all.results.json
torch.storage.np.ma.masked_all_like,negative_mutation,negative_mutation,negative,arr,shape_shrink,negative_accepted_not_bug,,,stage4/results/torch-thesis-all-coverage/execution_results/torch.storage.np.ma.masked_all_like.results.json
torch.storage.np.ma.masked_all_like,negative_mutation,negative_mutation,negative,arr,dtype_mutate,negative_accepted_not_bug,,,stage4/results/torch-thesis-all-coverage/execution_results/torch.storage.np.ma.masked_all_like.results.json
torch.storage.np.ma.maximum_fill_value,negative_mutation,negative_mutation,negative,obj,type_widen,negative_accepted_not_bug,,,stage4/results/torch-thesis-all-coverage/execution_results/torch.storage.np.ma.maximum_fill_value.results.json
torch.storage.np.ma.minimum_fill_value,negative_mutation,negative_mutation,negative,obj,type_widen,negative_accepted_not_bug,,,stage4/results/torch-thesis-all-coverage/execution_results/torch.storage.np.ma.minimum_fill_value.results.json
torch.storage.np.ma.ones,negative_mutation,negative_mutation,negative,shape,structure_shrink,negative_accepted_not_bug,,,stage4/results/torch-thesis-all-coverage/execution_results/torch.storage.np.ma.ones.results.json
torch.storage.np.ma.ones_like,negative_mutation,negative_mutation,negative,a,shape_expand,negative_accepted_not_bug,,,stage4/results/torch-thesis-all-coverage/execution_results/torch.storage.np.ma.ones_like.results.json
torch.storage.np.ma.ones_like,negative_mutation,negative_mutation,negative,a,dtype_mutate,negative_accepted_not_bug,,,stage4/results/torch-thesis-all-coverage/execution_results/torch.storage.np.ma.ones_like.results.json
torch.storage.np.ma.zeros,negative_mutation,negative_mutation,negative,shape,structure_shrink,negative_accepted_not_bug,,,stage4/results/torch-thesis-all-coverage/execution_results/torch.storage.np.ma.zeros.results.json
torch.storage.np.ma.zeros_like,negative_mutation,negative_mutation,negative,a,shape_expand,negative_accepted_not_bug,,,stage4/results/torch-thesis-all-coverage/execution_results/torch.storage.np.ma.zeros_like.results.json
torch.storage.np.ma.zeros_like,negative_mutation,negative_mutation,negative,a,dtype_mutate,negative_accepted_not_bug,,,stage4/results/torch-thesis-all-coverage/execution_results/torch.storage.np.ma.zeros_like.results.json
torch.storage.np.nancumprod,negative_mutation,negative_mutation,negative,a,shape_expand,negative_accepted_not_bug,,,stage4/results/torch-thesis-all-coverage/execution_results/torch.storage.np.nancumprod.results.json
torch.storage.np.nancumprod,negative_mutation,negative_mutation,negative,a,dtype_mutate,negative_accepted_not_bug,,,stage4/results/torch-thesis-all-coverage/execution_results/torch.storage.np.nancumprod.results.json
torch.storage.np.nanprod,negative_mutation,negative_mutation,negative,a,shape_shrink,negative_accepted_not_bug,,,stage4/results/torch-thesis-all-coverage/execution_results/torch.storage.np.nanprod.results.json
torch.storage.np.nanprod,negative_mutation,negative_mutation,negative,a,dtype_mutate,negative_accepted_not_bug,,,stage4/results/torch-thesis-all-coverage/execution_results/torch.storage.np.nanprod.results.json
torch.storage.np.ndim,negative_mutation,negative_mutation,negative,a,shape_shrink,negative_accepted_not_bug,,,stage4/results/torch-thesis-all-coverage/execution_results/torch.storage.np.ndim.results.json
torch.storage.np.ndim,negative_mutation,negative_mutation,negative,a,dtype_mutate,negative_accepted_not_bug,,,stage4/results/torch-thesis-all-coverage/execution_results/torch.storage.np.ndim.results.json
torch.storage.np.nonzero,negative_mutation,negative_mutation,negative,a,shape_shrink,negative_accepted_not_bug,,,stage4/results/torch-thesis-all-coverage/execution_results/torch.storage.np.nonzero.results.json
torch.storage.np.nonzero,negative_mutation,negative_mutation,negative,a,dtype_mutate,negative_accepted_not_bug,,,stage4/results/torch-thesis-all-coverage/execution_results/torch.storage.np.nonzero.results.json
torch.storage.np.ones,negative_mutation,negative_mutation,negative,shape,structure_shrink,negative_accepted_not_bug,,,stage4/results/torch-thesis-all-coverage/execution_results/torch.storage.np.ones.results.json
torch.storage.np.ones_like,negative_mutation,negative_mutation,negative,a,shape_shrink,negative_accepted_not_bug,,,stage4/results/torch-thesis-all-coverage/execution_results/torch.storage.np.ones_like.results.json
torch.storage.np.ones_like,negative_mutation,negative_mutation,negative,a,dtype_mutate,negative_accepted_not_bug,,,stage4/results/torch-thesis-all-coverage/execution_results/torch.storage.np.ones_like.results.json
torch.storage.np.pad,negative_mutation,negative_mutation,negative,array,shape_shrink,negative_accepted_not_bug,,,stage4/results/torch-thesis-all-coverage/execution_results/torch.storage.np.pad.results.json
torch.storage.np.pad,negative_mutation,negative_mutation,negative,array,dtype_mutate,negative_accepted_not_bug,,,stage4/results/torch-thesis-all-coverage/execution_results/torch.storage.np.pad.results.json
torch.storage.np.pad,negative_mutation,negative_mutation,negative,pad_width,enum_invalid,negative_accepted_not_bug,,,stage4/results/torch-thesis-all-coverage/execution_results/torch.storage.np.pad.results.json
torch.storage.np.partition,negative_mutation,negative_mutation,negative,a,dtype_mutate,negative_accepted_not_bug,,,stage4/results/torch-thesis-all-coverage/execution_results/torch.storage.np.partition.results.json
torch.storage.np.permute_dims,negative_mutation,negative_mutation,negative,a,shape_expand,negative_accepted_not_bug,,,stage4/results/torch-thesis-all-coverage/execution_results/torch.storage.np.permute_dims.results.json
torch.storage.np.permute_dims,negative_mutation,negative_mutation,negative,a,dtype_mutate,negative_accepted_not_bug,,,stage4/results/torch-thesis-all-coverage/execution_results/torch.storage.np.permute_dims.results.json
torch.storage.np.polynomial.chebyshev.cheb2poly,negative_mutation,negative_mutation,negative,c,shape_expand,negative_accepted_not_bug,,,stage4/results/torch-thesis-all-coverage/execution_results/torch.storage.np.polynomial.chebyshev.cheb2poly.results.json
torch.storage.np.polynomial.chebyshev.cheb2poly,negative_mutation,negative_mutation,negative,c,dtype_mutate,negative_accepted_not_bug,,,stage4/results/torch-thesis-all-coverage/execution_results/torch.storage.np.polynomial.chebyshev.cheb2poly.results.json
torch.storage.np.polynomial.chebyshev.chebcompanion,negative_mutation,negative_mutation,negative,c,dtype_mutate,negative_accepted_not_bug,,,stage4/results/torch-thesis-all-coverage/execution_results/torch.storage.np.polynomial.chebyshev.chebcompanion.results.json
torch.storage.np.polynomial.chebyshev.chebder,negative_mutation,negative_mutation,negative,c,shape_expand,negative_accepted_not_bug,,,stage4/results/torch-thesis-all-coverage/execution_results/torch.storage.np.polynomial.chebyshev.chebder.results.json
torch.storage.np.polynomial.chebyshev.chebder,negative_mutation,negative_mutation,negative,c,dtype_mutate,negative_accepted_not_bug,,,stage4/results/torch-thesis-all-coverage/execution_results/torch.storage.np.polynomial.chebyshev.chebder.results.json
torch.storage.np.polynomial.chebyshev.chebint,negative_mutation,negative_mutation,negative,c,shape_expand,negative_accepted_not_bug,,,stage4/results/torch-thesis-all-coverage/execution_results/torch.storage.np.polynomial.chebyshev.chebint.results.json
torch.storage.np.polynomial.chebyshev.chebint,negative_mutation,negative_mutation,negative,c,dtype_mutate,negative_accepted_not_bug,,,stage4/results/torch-thesis-all-coverage/execution_results/torch.storage.np.polynomial.chebyshev.chebint.results.json
torch.storage.np.polynomial.chebyshev.chebmulx,negative_mutation,negative_mutation,negative,c,shape_shrink,negative_accepted_not_bug,,,stage4/results/torch-thesis-all-coverage/execution_results/torch.storage.np.polynomial.chebyshev.chebmulx.results.json
torch.storage.np.polynomial.chebyshev.chebmulx,negative_mutation,negative_mutation,negative,c,dtype_mutate,negative_accepted_not_bug,,,stage4/results/torch-thesis-all-coverage/execution_results/torch.storage.np.polynomial.chebyshev.chebmulx.results.json
torch.storage.np.polynomial.chebyshev.chebval,negative_mutation,negative_mutation,negative,x,enum_invalid,negative_accepted_not_bug,,,stage4/results/torch-thesis-all-coverage/execution_results/torch.storage.np.polynomial.chebyshev.chebval.results.json
torch.storage.np.polynomial.chebyshev.chebval,negative_mutation,negative_mutation,negative,c,enum_invalid,negative_accepted_not_bug,,,stage4/results/torch-thesis-all-coverage/execution_results/torch.storage.np.polynomial.chebyshev.chebval.results.json
torch.storage.np.polynomial.chebyshev.chebvander,negative_mutation,negative_mutation,negative,x,type_widen,negative_accepted_not_bug,,,stage4/results/torch-thesis-all-coverage/execution_results/torch.storage.np.polynomial.chebyshev.chebvander.results.json
torch.storage.np.polynomial.chebyshev.poly2cheb,negative_mutation,negative_mutation,negative,pol,shape_shrink,negative_accepted_not_bug,,,stage4/results/torch-thesis-all-coverage/execution_results/torch.storage.np.polynomial.chebyshev.poly2cheb.results.json
torch.storage.np.polynomial.chebyshev.poly2cheb,negative_mutation,negative_mutation,negative,pol,dtype_mutate,negative_accepted_not_bug,,,stage4/results/torch-thesis-all-coverage/execution_results/torch.storage.np.polynomial.chebyshev.poly2cheb.results.json
torch.storage.np.polynomial.hermite.herm2poly,negative_mutation,negative_mutation,negative,c,shape_shrink,negative_accepted_not_bug,,,stage4/results/torch-thesis-all-coverage/execution_results/torch.storage.np.polynomial.hermite.herm2poly.results.json
torch.storage.np.polynomial.hermite.herm2poly,negative_mutation,negative_mutation,negative,c,dtype_mutate,negative_accepted_not_bug,,,stage4/results/torch-thesis-all-coverage/execution_results/torch.storage.np.polynomial.hermite.herm2poly.results.json
torch.storage.np.polynomial.hermite.hermcompanion,negative_mutation,negative_mutation,negative,c,dtype_mutate,negative_accepted_not_bug,,,stage4/results/torch-thesis-all-coverage/execution_results/torch.storage.np.polynomial.hermite.hermcompanion.results.json
torch.storage.np.polynomial.hermite.hermder,negative_mutation,negative_mutation,negative,c,shape_expand,negative_accepted_not_bug,,,stage4/results/torch-thesis-all-coverage/execution_results/torch.storage.np.polynomial.hermite.hermder.results.json
torch.storage.np.polynomial.hermite.hermder,negative_mutation,negative_mutation,negative,c,dtype_mutate,negative_accepted_not_bug,,,stage4/results/torch-thesis-all-coverage/execution_results/torch.storage.np.polynomial.hermite.hermder.results.json
torch.storage.np.polynomial.hermite.hermint,negative_mutation,negative_mutation,negative,c,shape_shrink,negative_accepted_not_bug,,,stage4/results/torch-thesis-all-coverage/execution_results/torch.storage.np.polynomial.hermite.hermint.results.json
torch.storage.np.polynomial.hermite.hermint,negative_mutation,negative_mutation,negative,c,dtype_mutate,negative_accepted_not_bug,,,stage4/results/torch-thesis-all-coverage/execution_results/torch.storage.np.polynomial.hermite.hermint.results.json
torch.storage.np.polynomial.hermite.hermmulx,negative_mutation,negative_mutation,negative,c,shape_shrink,negative_accepted_not_bug,,,stage4/results/torch-thesis-all-coverage/execution_results/torch.storage.np.polynomial.hermite.hermmulx.results.json
torch.storage.np.polynomial.hermite.hermmulx,negative_mutation,negative_mutation,negative,c,dtype_mutate,negative_accepted_not_bug,,,stage4/results/torch-thesis-all-coverage/execution_results/torch.storage.np.polynomial.hermite.hermmulx.results.json
torch.storage.np.polynomial.hermite.hermval,negative_mutation,negative_mutation,negative,x,enum_invalid,negative_accepted_not_bug,,,stage4/results/torch-thesis-all-coverage/execution_results/torch.storage.np.polynomial.hermite.hermval.results.json
torch.storage.np.polynomial.hermite.hermval,negative_mutation,negative_mutation,negative,c,enum_invalid,negative_accepted_not_bug,,,stage4/results/torch-thesis-all-coverage/execution_results/torch.storage.np.polynomial.hermite.hermval.results.json
torch.storage.np.polynomial.hermite.hermvander,negative_mutation,negative_mutation,negative,x,type_widen,negative_accepted_not_bug,,,stage4/results/torch-thesis-all-coverage/execution_results/torch.storage.np.polynomial.hermite.hermvander.results.json
torch.storage.np.polynomial.hermite.poly2herm,negative_mutation,negative_mutation,negative,pol,shape_shrink,negative_accepted_not_bug,,,stage4/results/torch-thesis-all-coverage/execution_results/torch.storage.np.polynomial.hermite.poly2herm.results.json
torch.storage.np.polynomial.hermite.poly2herm,negative_mutation,negative_mutation,negative,pol,dtype_mutate,negative_accepted_not_bug,,,stage4/results/torch-thesis-all-coverage/execution_results/torch.storage.np.polynomial.hermite.poly2herm.results.json
torch.storage.np.polynomial.hermite_e.herme2poly,negative_mutation,negative_mutation,negative,c,shape_expand,negative_accepted_not_bug,,,stage4/results/torch-thesis-all-coverage/execution_results/torch.storage.np.polynomial.hermite_e.herme2poly.results.json
torch.storage.np.polynomial.hermite_e.herme2poly,negative_mutation,negative_mutation,negative,c,dtype_mutate,negative_accepted_not_bug,,,stage4/results/torch-thesis-all-coverage/execution_results/torch.storage.np.polynomial.hermite_e.herme2poly.results.json
torch.storage.np.polynomial.hermite_e.hermecompanion,negative_mutation,negative_mutation,negative,c,dtype_mutate,negative_accepted_not_bug,,,stage4/results/torch-thesis-all-coverage/execution_results/torch.storage.np.polynomial.hermite_e.hermecompanion.results.json
torch.storage.np.polynomial.hermite_e.hermeder,negative_mutation,negative_mutation,negative,c,shape_expand,negative_accepted_not_bug,,,stage4/results/torch-thesis-all-coverage/execution_results/torch.storage.np.polynomial.hermite_e.hermeder.results.json
torch.storage.np.polynomial.hermite_e.hermeder,negative_mutation,negative_mutation,negative,c,dtype_mutate,negative_accepted_not_bug,,,stage4/results/torch-thesis-all-coverage/execution_results/torch.storage.np.polynomial.hermite_e.hermeder.results.json
torch.storage.np.polynomial.hermite_e.hermeint,negative_mutation,negative_mutation,negative,c,shape_shrink,negative_accepted_not_bug,,,stage4/results/torch-thesis-all-coverage/execution_results/torch.storage.np.polynomial.hermite_e.hermeint.results.json
torch.storage.np.polynomial.hermite_e.hermeint,negative_mutation,negative_mutation,negative,c,dtype_mutate,negative_accepted_not_bug,,,stage4/results/torch-thesis-all-coverage/execution_results/torch.storage.np.polynomial.hermite_e.hermeint.results.json
torch.storage.np.polynomial.hermite_e.hermemulx,negative_mutation,negative_mutation,negative,c,shape_shrink,negative_accepted_not_bug,,,stage4/results/torch-thesis-all-coverage/execution_results/torch.storage.np.polynomial.hermite_e.hermemulx.results.json
torch.storage.np.polynomial.hermite_e.hermemulx,negative_mutation,negative_mutation,negative,c,dtype_mutate,negative_accepted_not_bug,,,stage4/results/torch-thesis-all-coverage/execution_results/torch.storage.np.polynomial.hermite_e.hermemulx.results.json
torch.storage.np.polynomial.hermite_e.hermeval,negative_mutation,negative_mutation,negative,x,enum_invalid,negative_accepted_not_bug,,,stage4/results/torch-thesis-all-coverage/execution_results/torch.storage.np.polynomial.hermite_e.hermeval.results.json
torch.storage.np.polynomial.hermite_e.hermeval,negative_mutation,negative_mutation,negative,c,enum_invalid,negative_accepted_not_bug,,,stage4/results/torch-thesis-all-coverage/execution_results/torch.storage.np.polynomial.hermite_e.hermeval.results.json
torch.storage.np.polynomial.hermite_e.hermevander,negative_mutation,negative_mutation,negative,x,type_widen,negative_accepted_not_bug,,,stage4/results/torch-thesis-all-coverage/execution_results/torch.storage.np.polynomial.hermite_e.hermevander.results.json
torch.storage.np.polynomial.hermite_e.poly2herme,negative_mutation,negative_mutation,negative,pol,shape_shrink,negative_accepted_not_bug,,,stage4/results/torch-thesis-all-coverage/execution_results/torch.storage.np.polynomial.hermite_e.poly2herme.results.json
torch.storage.np.polynomial.hermite_e.poly2herme,negative_mutation,negative_mutation,negative,pol,dtype_mutate,negative_accepted_not_bug,,,stage4/results/torch-thesis-all-coverage/execution_results/torch.storage.np.polynomial.hermite_e.poly2herme.results.json
torch.storage.np.polynomial.laguerre.lag2poly,negative_mutation,negative_mutation,negative,c,shape_expand,negative_accepted_not_bug,,,stage4/results/torch-thesis-all-coverage/execution_results/torch.storage.np.polynomial.laguerre.lag2poly.results.json
torch.storage.np.polynomial.laguerre.lag2poly,negative_mutation,negative_mutation,negative,c,dtype_mutate,negative_accepted_not_bug,,,stage4/results/torch-thesis-all-coverage/execution_results/torch.storage.np.polynomial.laguerre.lag2poly.results.json
torch.storage.np.polynomial.laguerre.lagder,negative_mutation,negative_mutation,negative,c,shape_shrink,negative_accepted_not_bug,,,stage4/results/torch-thesis-all-coverage/execution_results/torch.storage.np.polynomial.laguerre.lagder.results.json
torch.storage.np.polynomial.laguerre.lagder,negative_mutation,negative_mutation,negative,c,dtype_mutate,negative_accepted_not_bug,,,stage4/results/torch-thesis-all-coverage/execution_results/torch.storage.np.polynomial.laguerre.lagder.results.json
torch.storage.np.polynomial.laguerre.lagint,negative_mutation,negative_mutation,negative,c,shape_expand,negative_accepted_not_bug,,,stage4/results/torch-thesis-all-coverage/execution_results/torch.storage.np.polynomial.laguerre.lagint.results.json
torch.storage.np.polynomial.laguerre.lagint,negative_mutation,negative_mutation,negative,c,dtype_mutate,negative_accepted_not_bug,,,stage4/results/torch-thesis-all-coverage/execution_results/torch.storage.np.polynomial.laguerre.lagint.results.json
torch.storage.np.polynomial.laguerre.lagmulx,negative_mutation,negative_mutation,negative,c,shape_expand,negative_accepted_not_bug,,,stage4/results/torch-thesis-all-coverage/execution_results/torch.storage.np.polynomial.laguerre.lagmulx.results.json
torch.storage.np.polynomial.laguerre.lagmulx,negative_mutation,negative_mutation,negative,c,dtype_mutate,negative_accepted_not_bug,,,stage4/results/torch-thesis-all-coverage/execution_results/torch.storage.np.polynomial.laguerre.lagmulx.results.json
torch.storage.np.polynomial.laguerre.lagval,negative_mutation,negative_mutation,negative,x,enum_invalid,negative_accepted_not_bug,,,stage4/results/torch-thesis-all-coverage/execution_results/torch.storage.np.polynomial.laguerre.lagval.results.json
torch.storage.np.polynomial.laguerre.lagval,negative_mutation,negative_mutation,negative,c,enum_invalid,negative_accepted_not_bug,,,stage4/results/torch-thesis-all-coverage/execution_results/torch.storage.np.polynomial.laguerre.lagval.results.json
torch.storage.np.polynomial.laguerre.lagvander,negative_mutation,negative_mutation,negative,x,type_widen,negative_accepted_not_bug,,,stage4/results/torch-thesis-all-coverage/execution_results/torch.storage.np.polynomial.laguerre.lagvander.results.json
torch.storage.np.polynomial.laguerre.poly2lag,negative_mutation,negative_mutation,negative,pol,shape_shrink,negative_accepted_not_bug,,,stage4/results/torch-thesis-all-coverage/execution_results/torch.storage.np.polynomial.laguerre.poly2lag.results.json
torch.storage.np.polynomial.laguerre.poly2lag,negative_mutation,negative_mutation,negative,pol,dtype_mutate,negative_accepted_not_bug,,,stage4/results/torch-thesis-all-coverage/execution_results/torch.storage.np.polynomial.laguerre.poly2lag.results.json
torch.storage.np.polynomial.legendre.leg2poly,negative_mutation,negative_mutation,negative,c,shape_expand,negative_accepted_not_bug,,,stage4/results/torch-thesis-all-coverage/execution_results/torch.storage.np.polynomial.legendre.leg2poly.results.json
torch.storage.np.polynomial.legendre.leg2poly,negative_mutation,negative_mutation,negative,c,dtype_mutate,negative_accepted_not_bug,,,stage4/results/torch-thesis-all-coverage/execution_results/torch.storage.np.polynomial.legendre.leg2poly.results.json
torch.storage.np.polynomial.legendre.legcompanion,negative_mutation,negative_mutation,negative,c,dtype_mutate,negative_accepted_not_bug,,,stage4/results/torch-thesis-all-coverage/execution_results/torch.storage.np.polynomial.legendre.legcompanion.results.json
torch.storage.np.polynomial.legendre.legder,negative_mutation,negative_mutation,negative,c,shape_shrink,negative_accepted_not_bug,,,stage4/results/torch-thesis-all-coverage/execution_results/torch.storage.np.polynomial.legendre.legder.results.json
torch.storage.np.polynomial.legendre.legder,negative_mutation,negative_mutation,negative,c,dtype_mutate,negative_accepted_not_bug,,,stage4/results/torch-thesis-all-coverage/execution_results/torch.storage.np.polynomial.legendre.legder.results.json
torch.storage.np.polynomial.legendre.legint,negative_mutation,negative_mutation,negative,c,shape_expand,negative_accepted_not_bug,,,stage4/results/torch-thesis-all-coverage/execution_results/torch.storage.np.polynomial.legendre.legint.results.json
torch.storage.np.polynomial.legendre.legint,negative_mutation,negative_mutation,negative,c,dtype_mutate,negative_accepted_not_bug,,,stage4/results/torch-thesis-all-coverage/execution_results/torch.storage.np.polynomial.legendre.legint.results.json
torch.storage.np.polynomial.legendre.legmulx,negative_mutation,negative_mutation,negative,c,shape_expand,negative_accepted_not_bug,,,stage4/results/torch-thesis-all-coverage/execution_results/torch.storage.np.polynomial.legendre.legmulx.results.json
torch.storage.np.polynomial.legendre.legmulx,negative_mutation,negative_mutation,negative,c,dtype_mutate,negative_accepted_not_bug,,,stage4/results/torch-thesis-all-coverage/execution_results/torch.storage.np.polynomial.legendre.legmulx.results.json
torch.storage.np.polynomial.legendre.legval,negative_mutation,negative_mutation,negative,x,enum_invalid,negative_accepted_not_bug,,,stage4/results/torch-thesis-all-coverage/execution_results/torch.storage.np.polynomial.legendre.legval.results.json
torch.storage.np.polynomial.legendre.legval,negative_mutation,negative_mutation,negative,c,enum_invalid,negative_accepted_not_bug,,,stage4/results/torch-thesis-all-coverage/execution_results/torch.storage.np.polynomial.legendre.legval.results.json
torch.storage.np.polynomial.legendre.legvander,negative_mutation,negative_mutation,negative,x,type_widen,negative_accepted_not_bug,,,stage4/results/torch-thesis-all-coverage/execution_results/torch.storage.np.polynomial.legendre.legvander.results.json
torch.storage.np.polynomial.legendre.poly2leg,negative_mutation,negative_mutation,negative,pol,shape_expand,negative_accepted_not_bug,,,stage4/results/torch-thesis-all-coverage/execution_results/torch.storage.np.polynomial.legendre.poly2leg.results.json
torch.storage.np.polynomial.legendre.poly2leg,negative_mutation,negative_mutation,negative,pol,dtype_mutate,negative_accepted_not_bug,,,stage4/results/torch-thesis-all-coverage/execution_results/torch.storage.np.polynomial.legendre.poly2leg.results.json
torch.storage.np.polynomial.polynomial.polyder,negative_mutation,negative_mutation,negative,c,shape_shrink,negative_accepted_not_bug,,,stage4/results/torch-thesis-all-coverage/execution_results/torch.storage.np.polynomial.polynomial.polyder.results.json
torch.storage.np.polynomial.polynomial.polyder,negative_mutation,negative_mutation,negative,c,dtype_mutate,negative_accepted_not_bug,,,stage4/results/torch-thesis-all-coverage/execution_results/torch.storage.np.polynomial.polynomial.polyder.results.json
torch.storage.np.polynomial.polynomial.polyint,negative_mutation,negative_mutation,negative,c,shape_shrink,negative_accepted_not_bug,,,stage4/results/torch-thesis-all-coverage/execution_results/torch.storage.np.polynomial.polynomial.polyint.results.json
torch.storage.np.polynomial.polynomial.polyint,negative_mutation,negative_mutation,negative,c,dtype_mutate,negative_accepted_not_bug,,,stage4/results/torch-thesis-all-coverage/execution_results/torch.storage.np.polynomial.polynomial.polyint.results.json
torch.storage.np.polynomial.polynomial.polyval,negative_mutation,negative_mutation,negative,x,enum_invalid,negative_accepted_not_bug,,,stage4/results/torch-thesis-all-coverage/execution_results/torch.storage.np.polynomial.polynomial.polyval.results.json
torch.storage.np.polynomial.polynomial.polyval,negative_mutation,negative_mutation,negative,c,enum_invalid,negative_accepted_not_bug,,,stage4/results/torch-thesis-all-coverage/execution_results/torch.storage.np.polynomial.polynomial.polyval.results.json
torch.storage.np.polynomial.polynomial.polyvalfromroots,negative_mutation,negative_mutation,negative,x,enum_invalid,negative_accepted_not_bug,,,stage4/results/torch-thesis-all-coverage/execution_results/torch.storage.np.polynomial.polynomial.polyvalfromroots.results.json
torch.storage.np.polynomial.polynomial.polyvalfromroots,negative_mutation,negative_mutation,negative,r,enum_invalid,negative_accepted_not_bug,,,stage4/results/torch-thesis-all-coverage/execution_results/torch.storage.np.polynomial.polynomial.polyvalfromroots.results.json
torch.storage.np.polynomial.polynomial.polyvander,negative_mutation,negative_mutation,negative,x,type_widen,negative_accepted_not_bug,,,stage4/results/torch-thesis-all-coverage/execution_results/torch.storage.np.polynomial.polynomial.polyvander.results.json
torch.storage.np.rec.fromarrays,negative_mutation,negative_mutation,negative,arrayList,shape_shrink,negative_accepted_not_bug,,,stage4/results/torch-thesis-all-coverage/execution_results/torch.storage.np.rec.fromarrays.results.json
torch.storage.np.rec.fromarrays,negative_mutation,negative_mutation,negative,arrayList,dtype_mutate,negative_accepted_not_bug,,,stage4/results/torch-thesis-all-coverage/execution_results/torch.storage.np.rec.fromarrays.results.json
torch.storage.np.rec.fromrecords,negative_mutation,negative_mutation,negative,recList,structure_shrink,negative_accepted_not_bug,,,stage4/results/torch-thesis-all-coverage/execution_results/torch.storage.np.rec.fromrecords.results.json
torch.storage.np.roll,negative_mutation,negative_mutation,negative,a,shape_expand,negative_accepted_not_bug,,,stage4/results/torch-thesis-all-coverage/execution_results/torch.storage.np.roll.results.json
torch.storage.np.roll,negative_mutation,negative_mutation,negative,a,dtype_mutate,negative_accepted_not_bug,,,stage4/results/torch-thesis-all-coverage/execution_results/torch.storage.np.roll.results.json
torch.storage.np.roll,negative_mutation,negative_mutation,negative,shift,enum_invalid,negative_accepted_not_bug,,,stage4/results/torch-thesis-all-coverage/execution_results/torch.storage.np.roll.results.json
torch.storage.np.roots,negative_mutation,negative_mutation,negative,p,shape_shrink,negative_accepted_not_bug,,,stage4/results/torch-thesis-all-coverage/execution_results/torch.storage.np.roots.results.json
torch.storage.np.roots,negative_mutation,negative_mutation,negative,p,dtype_mutate,negative_accepted_not_bug,,,stage4/results/torch-thesis-all-coverage/execution_results/torch.storage.np.roots.results.json
torch.storage.np.row_stack,negative_mutation,negative_mutation,negative,tup,shape_shrink,negative_accepted_not_bug,,,stage4/results/torch-thesis-all-coverage/execution_results/torch.storage.np.row_stack.results.json
torch.storage.np.row_stack,negative_mutation,negative_mutation,negative,tup,dtype_mutate,negative_accepted_not_bug,,,stage4/results/torch-thesis-all-coverage/execution_results/torch.storage.np.row_stack.results.json
torch.storage.np.shape,negative_mutation,negative_mutation,negative,a,shape_shrink,negative_accepted_not_bug,,,stage4/results/torch-thesis-all-coverage/execution_results/torch.storage.np.shape.results.json
torch.storage.np.shape,negative_mutation,negative_mutation,negative,a,dtype_mutate,negative_accepted_not_bug,,,stage4/results/torch-thesis-all-coverage/execution_results/torch.storage.np.shape.results.json
torch.storage.np.sinc,negative_mutation,negative_mutation,negative,x,shape_shrink,negative_accepted_not_bug,,,stage4/results/torch-thesis-all-coverage/execution_results/torch.storage.np.sinc.results.json
torch.storage.np.sinc,negative_mutation,negative_mutation,negative,x,dtype_mutate,negative_accepted_not_bug,,,stage4/results/torch-thesis-all-coverage/execution_results/torch.storage.np.sinc.results.json
torch.storage.np.sort,negative_mutation,negative_mutation,negative,a,shape_shrink,negative_accepted_not_bug,,,stage4/results/torch-thesis-all-coverage/execution_results/torch.storage.np.sort.results.json
torch.storage.np.sort,negative_mutation,negative_mutation,negative,a,dtype_mutate,negative_accepted_not_bug,,,stage4/results/torch-thesis-all-coverage/execution_results/torch.storage.np.sort.results.json
torch.storage.np.stack,negative_mutation,negative_mutation,negative,arrays,shape_expand,negative_accepted_not_bug,,,stage4/results/torch-thesis-all-coverage/execution_results/torch.storage.np.stack.results.json
torch.storage.np.stack,negative_mutation,negative_mutation,negative,arrays,dtype_mutate,negative_accepted_not_bug,,,stage4/results/torch-thesis-all-coverage/execution_results/torch.storage.np.stack.results.json
torch.storage.np.transpose,negative_mutation,negative_mutation,negative,a,shape_shrink,negative_accepted_not_bug,,,stage4/results/torch-thesis-all-coverage/execution_results/torch.storage.np.transpose.results.json
torch.storage.np.transpose,negative_mutation,negative_mutation,negative,a,dtype_mutate,negative_accepted_not_bug,,,stage4/results/torch-thesis-all-coverage/execution_results/torch.storage.np.transpose.results.json
torch.storage.np.tri,negative_mutation,negative_mutation,negative,N,type_widen,negative_accepted_not_bug,,,stage4/results/torch-thesis-all-coverage/execution_results/torch.storage.np.tri.results.json
torch.storage.np.tril,negative_mutation,negative_mutation,negative,m,shape_expand,negative_accepted_not_bug,,,stage4/results/torch-thesis-all-coverage/execution_results/torch.storage.np.tril.results.json
torch.storage.np.tril,negative_mutation,negative_mutation,negative,m,dtype_mutate,negative_accepted_not_bug,,,stage4/results/torch-thesis-all-coverage/execution_results/torch.storage.np.tril.results.json
torch.storage.np.tril_indices,negative_mutation,negative_mutation,negative,n,type_widen,negative_accepted_not_bug,,,stage4/results/torch-thesis-all-coverage/execution_results/torch.storage.np.tril_indices.results.json
torch.storage.np.trim_zeros,negative_mutation,negative_mutation,negative,filt,shape_shrink,negative_accepted_not_bug,,,stage4/results/torch-thesis-all-coverage/execution_results/torch.storage.np.trim_zeros.results.json
torch.storage.np.trim_zeros,negative_mutation,negative_mutation,negative,filt,dtype_mutate,negative_accepted_not_bug,,,stage4/results/torch-thesis-all-coverage/execution_results/torch.storage.np.trim_zeros.results.json
torch.storage.np.triu_indices,negative_mutation,negative_mutation,negative,n,type_widen,negative_accepted_not_bug,,,stage4/results/torch-thesis-all-coverage/execution_results/torch.storage.np.triu_indices.results.json
torch.storage.np.unwrap,negative_mutation,negative_mutation,negative,p,shape_expand,negative_accepted_not_bug,,,stage4/results/torch-thesis-all-coverage/execution_results/torch.storage.np.unwrap.results.json
torch.storage.np.unwrap,negative_mutation,negative_mutation,negative,p,dtype_mutate,negative_accepted_not_bug,,,stage4/results/torch-thesis-all-coverage/execution_results/torch.storage.np.unwrap.results.json
torch.storage.np.vstack,negative_mutation,negative_mutation,negative,tup,shape_expand,negative_accepted_not_bug,,,stage4/results/torch-thesis-all-coverage/execution_results/torch.storage.np.vstack.results.json
torch.storage.np.vstack,negative_mutation,negative_mutation,negative,tup,dtype_mutate,negative_accepted_not_bug,,,stage4/results/torch-thesis-all-coverage/execution_results/torch.storage.np.vstack.results.json
torch.storage.np.zeros,negative_mutation,negative_mutation,negative,shape,structure_shrink,negative_accepted_not_bug,,,stage4/results/torch-thesis-all-coverage/execution_results/torch.storage.np.zeros.results.json
torch.storage.np.zeros_like,negative_mutation,negative_mutation,negative,a,shape_expand,negative_accepted_not_bug,,,stage4/results/torch-thesis-all-coverage/execution_results/torch.storage.np.zeros_like.results.json
torch.storage.np.zeros_like,negative_mutation,negative_mutation,negative,a,dtype_mutate,negative_accepted_not_bug,,,stage4/results/torch-thesis-all-coverage/execution_results/torch.storage.np.zeros_like.results.json
torch.windows.bartlett,negative_mutation,negative_mutation,negative,M,type_widen,negative_accepted_not_bug,,,stage4/results/torch-thesis-all-coverage/execution_results/torch.windows.bartlett.results.json
torch.windows.blackman,negative_mutation,negative_mutation,negative,M,type_widen,negative_accepted_not_bug,,,stage4/results/torch-thesis-all-coverage/execution_results/torch.windows.blackman.results.json
torch.windows.general_hamming,negative_mutation,negative_mutation,negative,M,type_widen,negative_accepted_not_bug,,,stage4/results/torch-thesis-all-coverage/execution_results/torch.windows.general_hamming.results.json
torch.windows.hamming,negative_mutation,negative_mutation,negative,M,type_widen,negative_accepted_not_bug,,,stage4/results/torch-thesis-all-coverage/execution_results/torch.windows.hamming.results.json
torch.windows.hann,negative_mutation,negative_mutation,negative,M,type_widen,negative_accepted_not_bug,,,stage4/results/torch-thesis-all-coverage/execution_results/torch.windows.hann.results.json
torch.windows.kaiser,negative_mutation,negative_mutation,negative,M,type_widen,negative_accepted_not_bug,,,stage4/results/torch-thesis-all-coverage/execution_results/torch.windows.kaiser.results.json
torch.windows.nuttall,negative_mutation,negative_mutation,negative,M,type_widen,negative_accepted_not_bug,,,stage4/results/torch-thesis-all-coverage/execution_results/torch.windows.nuttall.results.json
torch.windows.windows.bartlett,negative_mutation,negative_mutation,negative,M,type_widen,negative_accepted_not_bug,,,stage4/results/torch-thesis-all-coverage/execution_results/torch.windows.windows.bartlett.results.json
torch.windows.windows.blackman,negative_mutation,negative_mutation,negative,M,type_widen,negative_accepted_not_bug,,,stage4/results/torch-thesis-all-coverage/execution_results/torch.windows.windows.blackman.results.json
torch.windows.windows.general_hamming,negative_mutation,negative_mutation,negative,M,type_widen,negative_accepted_not_bug,,,stage4/results/torch-thesis-all-coverage/execution_results/torch.windows.windows.general_hamming.results.json
torch.windows.windows.hamming,negative_mutation,negative_mutation,negative,M,type_widen,negative_accepted_not_bug,,,stage4/results/torch-thesis-all-coverage/execution_results/torch.windows.windows.hamming.results.json
torch.windows.windows.hann,negative_mutation,negative_mutation,negative,M,type_widen,negative_accepted_not_bug,,,stage4/results/torch-thesis-all-coverage/execution_results/torch.windows.windows.hann.results.json
torch.windows.windows.kaiser,negative_mutation,negative_mutation,negative,M,type_widen,negative_accepted_not_bug,,,stage4/results/torch-thesis-all-coverage/execution_results/torch.windows.windows.kaiser.results.json
torch.windows.windows.nuttall,negative_mutation,negative_mutation,negative,M,type_widen,negative_accepted_not_bug,,,stage4/results/torch-thesis-all-coverage/execution_results/torch.windows.windows.nuttall.results.json
