library,api_full_name,stage,error_type,message,signature,payload_ref,source_file,oracle_decision
torch,torch.cuda.max_memory_allocated,stage4_coverage,selected_function_line_coverage_percent=0 < 60,selected_function_line_coverage_percent=0 < 60,56872733d6edb0b0,,stage4/results/torch-thesis-all-coverage/low_coverage.csv,
torch,torch.cuda.max_memory_allocated,stage4_coverage,selected_function_low_coverage,"selected_function_line_coverage_percent=0 below threshold 60; missing_lines=[530, 531, 532, 533, 534, 535, 536, 537, 538, 539, 540, 541, 542, 543, 544, 545, 546, 547, 548]",70baf162dc81ba84,stage4/results/torch-thesis-all-coverage/coverage_report.json,stage4/results/torch-thesis-all-coverage/coverage_report.json,
torch,torch.cuda.max_memory_reserved,stage4_coverage,selected_function_line_coverage_percent=0 < 60,selected_function_line_coverage_percent=0 < 60,94074a77d27380dd,,stage4/results/torch-thesis-all-coverage/low_coverage.csv,
torch,torch.cuda.max_memory_reserved,stage4_coverage,selected_function_low_coverage,"selected_function_line_coverage_percent=0 below threshold 60; missing_lines=[566, 567, 568, 569, 570, 571, 572, 573, 574, 575, 576, 577, 578, 579, 580, 581, 582, 583, 584]",a419c3e8da7f5419,stage4/results/torch-thesis-all-coverage/coverage_report.json,stage4/results/torch-thesis-all-coverage/coverage_report.json,
torch,torch.cuda.memory.max_memory_allocated,stage4_coverage,selected_function_low_coverage,"selected_function_line_coverage_percent=0 below threshold 60; missing_lines=[530, 531, 532, 533, 534, 535, 536, 537, 538, 539, 540, 541, 542, 543, 544, 545, 546, 547, 548]",3696a89e30cd3dc5,stage4/results/torch-thesis-all-coverage/coverage_report.json,stage4/results/torch-thesis-all-coverage/coverage_report.json,
torch,torch.cuda.memory.max_memory_allocated,stage4_coverage,selected_function_line_coverage_percent=0 < 60,selected_function_line_coverage_percent=0 < 60,8cd55773884581ec,,stage4/results/torch-thesis-all-coverage/low_coverage.csv,
torch,torch.cuda.memory.max_memory_reserved,stage4_coverage,selected_function_low_coverage,"selected_function_line_coverage_percent=0 below threshold 60; missing_lines=[566, 567, 568, 569, 570, 571, 572, 573, 574, 575, 576, 577, 578, 579, 580, 581, 582, 583, 584]",59ff998ad46f8749,stage4/results/torch-thesis-all-coverage/coverage_report.json,stage4/results/torch-thesis-all-coverage/coverage_report.json,
torch,torch.cuda.memory.max_memory_reserved,stage4_coverage,selected_function_line_coverage_percent=0 < 60,selected_function_line_coverage_percent=0 < 60,7678ce702ae87f0e,,stage4/results/torch-thesis-all-coverage/low_coverage.csv,
torch,torch.cuda.memory.memory_allocated,stage4_coverage,selected_function_line_coverage_percent=0 < 60,selected_function_line_coverage_percent=0 < 60,6e9f1e6791751a78,,stage4/results/torch-thesis-all-coverage/low_coverage.csv,
torch,torch.cuda.memory.memory_allocated,stage4_coverage,selected_function_low_coverage,"selected_function_line_coverage_percent=0 below threshold 60; missing_lines=[513, 514, 515, 516, 517, 518, 519, 520, 521, 522, 523, 524, 525, 526, 527]",82bc309f42b583f6,stage4/results/torch-thesis-all-coverage/coverage_report.json,stage4/results/torch-thesis-all-coverage/coverage_report.json,
torch,torch.cuda.memory.memory_reserved,stage4_coverage,selected_function_line_coverage_percent=0 < 60,selected_function_line_coverage_percent=0 < 60,1ddc7a27f66f1c64,,stage4/results/torch-thesis-all-coverage/low_coverage.csv,
torch,torch.cuda.memory.memory_reserved,stage4_coverage,selected_function_low_coverage,"selected_function_line_coverage_percent=0 below threshold 60; missing_lines=[551, 552, 553, 554, 555, 556, 557, 558, 559, 560, 561, 562, 563]",7f9cfd25152ae974,stage4/results/torch-thesis-all-coverage/coverage_report.json,stage4/results/torch-thesis-all-coverage/coverage_report.json,
torch,torch.cuda.memory.memory_stats,stage4_coverage,selected_function_line_coverage_percent=0 < 60,selected_function_line_coverage_percent=0 < 60,2b6f821c3241adc1,,stage4/results/torch-thesis-all-coverage/low_coverage.csv,
torch,torch.cuda.memory.memory_stats,stage4_coverage,selected_function_low_coverage,"selected_function_line_coverage_percent=0 below threshold 60; missing_lines=[227, 228, 229, 230, 231, 232, 233, 234, 235, 236, 237, 238, 239, 240, 241, 242, 243, 244, 245, 246, 247, 248, 249, 250, 251, 252, 253, 254, 255, 256, 257, 258, 259, 260, 261, 262, 263, 264, 265, 266, 267, 268, 269, 270, 271, 272, 273, 274, 275, 276, 277, 278, 279, 280, 281, 282, 283, 284, 285, 286, 287, 288, 289, 290, 291, 292, 293, 294, 295, 296, 297, 298, 299, 300, 301, 302, 303, 304, 305, 306, 307, 308, 309, 310, 311, 312, 313, 314, 315, 316, 317, 318, 319, 320, 321, 322, 323, 324, 325, 326, 327, 328, 329]",6d6cd3b6e8c0a1f1,stage4/results/torch-thesis-all-coverage/coverage_report.json,stage4/results/torch-thesis-all-coverage/coverage_report.json,
torch,torch.cuda.memory_allocated,stage4_coverage,selected_function_line_coverage_percent=0 < 60,selected_function_line_coverage_percent=0 < 60,f7829a0413dbe629,,stage4/results/torch-thesis-all-coverage/low_coverage.csv,
torch,torch.cuda.memory_allocated,stage4_coverage,selected_function_low_coverage,"selected_function_line_coverage_percent=0 below threshold 60; missing_lines=[513, 514, 515, 516, 517, 518, 519, 520, 521, 522, 523, 524, 525, 526, 527]",f949401a5992a151,stage4/results/torch-thesis-all-coverage/coverage_report.json,stage4/results/torch-thesis-all-coverage/coverage_report.json,
torch,torch.cuda.memory_reserved,stage4_coverage,selected_function_low_coverage,"selected_function_line_coverage_percent=0 below threshold 60; missing_lines=[551, 552, 553, 554, 555, 556, 557, 558, 559, 560, 561, 562, 563]",7775f289393993b2,stage4/results/torch-thesis-all-coverage/coverage_report.json,stage4/results/torch-thesis-all-coverage/coverage_report.json,
torch,torch.cuda.memory_reserved,stage4_coverage,selected_function_line_coverage_percent=0 < 60,selected_function_line_coverage_percent=0 < 60,7f26fe4e2c51611c,,stage4/results/torch-thesis-all-coverage/low_coverage.csv,
torch,torch.cuda.memory_stats,stage4_coverage,selected_function_low_coverage,"selected_function_line_coverage_percent=0 below threshold 60; missing_lines=[227, 228, 229, 230, 231, 232, 233, 234, 235, 236, 237, 238, 239, 240, 241, 242, 243, 244, 245, 246, 247, 248, 249, 250, 251, 252, 253, 254, 255, 256, 257, 258, 259, 260, 261, 262, 263, 264, 265, 266, 267, 268, 269, 270, 271, 272, 273, 274, 275, 276, 277, 278, 279, 280, 281, 282, 283, 284, 285, 286, 287, 288, 289, 290, 291, 292, 293, 294, 295, 296, 297, 298, 299, 300, 301, 302, 303, 304, 305, 306, 307, 308, 309, 310, 311, 312, 313, 314, 315, 316, 317, 318, 319, 320, 321, 322, 323, 324, 325, 326, 327, 328, 329]",16cd6d173c6b945f,stage4/results/torch-thesis-all-coverage/coverage_report.json,stage4/results/torch-thesis-all-coverage/coverage_report.json,
torch,torch.cuda.memory_stats,stage4_coverage,selected_function_line_coverage_percent=0 < 60,selected_function_line_coverage_percent=0 < 60,8f219e5238d22c30,,stage4/results/torch-thesis-all-coverage/low_coverage.csv,
torch,torch.distributions.bernoulli.binary_cross_entropy_with_logits,stage4_coverage,selected_function_line_coverage_percent=0 < 60,selected_function_line_coverage_percent=0 < 60,12f9a7dc6946e4ec,,stage4/results/torch-thesis-all-coverage/low_coverage.csv,
torch,torch.distributions.bernoulli.binary_cross_entropy_with_logits,stage4_coverage,selected_function_low_coverage,"selected_function_line_coverage_percent=0 below threshold 60; missing_lines=[3577, 3578, 3579, 3580, 3581, 3582, 3583, 3584, 3585, 3586, 3587, 3588, 3589, 3590, 3591, 3592, 3593, 3594, 3595, 3596, 3597, 3598, 3599, 3600, 3601, 3602, 3603, 3604, 3605, 3606, 3607, 3608, 3609, 3610, 3611, 3612, 3613, 3614, 3615, 3616, 3617, 3618, 3619, 3620, 3621, 3622, 3623, 3624, 3625, 3626, 3627, 3628, 3629, 3630, 3631, 3632, 3633, 3634, 3635, 3636, 3637, 3638, 3639, 3640, 3641, 3642, 3643, 3644]",ba2b2356de2ae735,stage4/results/torch-thesis-all-coverage/coverage_report.json,stage4/results/torch-thesis-all-coverage/coverage_report.json,
torch,torch.distributions.continuous_bernoulli.binary_cross_entropy_with_logits,stage4_coverage,selected_function_line_coverage_percent=0 < 60,selected_function_line_coverage_percent=0 < 60,23793646a6e4a1d6,,stage4/results/torch-thesis-all-coverage/low_coverage.csv,
torch,torch.distributions.continuous_bernoulli.binary_cross_entropy_with_logits,stage4_coverage,selected_function_low_coverage,"selected_function_line_coverage_percent=0 below threshold 60; missing_lines=[3577, 3578, 3579, 3580, 3581, 3582, 3583, 3584, 3585, 3586, 3587, 3588, 3589, 3590, 3591, 3592, 3593, 3594, 3595, 3596, 3597, 3598, 3599, 3600, 3601, 3602, 3603, 3604, 3605, 3606, 3607, 3608, 3609, 3610, 3611, 3612, 3613, 3614, 3615, 3616, 3617, 3618, 3619, 3620, 3621, 3622, 3623, 3624, 3625, 3626, 3627, 3628, 3629, 3630, 3631, 3632, 3633, 3634, 3635, 3636, 3637, 3638, 3639, 3640, 3641, 3642, 3643, 3644]",763e3884e0d1f3da,stage4/results/torch-thesis-all-coverage/coverage_report.json,stage4/results/torch-thesis-all-coverage/coverage_report.json,
torch,torch.distributions.geometric.binary_cross_entropy_with_logits,stage4_coverage,selected_function_line_coverage_percent=0 < 60,selected_function_line_coverage_percent=0 < 60,3d501ba7106b360a,,stage4/results/torch-thesis-all-coverage/low_coverage.csv,
torch,torch.distributions.geometric.binary_cross_entropy_with_logits,stage4_coverage,selected_function_low_coverage,"selected_function_line_coverage_percent=0 below threshold 60; missing_lines=[3577, 3578, 3579, 3580, 3581, 3582, 3583, 3584, 3585, 3586, 3587, 3588, 3589, 3590, 3591, 3592, 3593, 3594, 3595, 3596, 3597, 3598, 3599, 3600, 3601, 3602, 3603, 3604, 3605, 3606, 3607, 3608, 3609, 3610, 3611, 3612, 3613, 3614, 3615, 3616, 3617, 3618, 3619, 3620, 3621, 3622, 3623, 3624, 3625, 3626, 3627, 3628, 3629, 3630, 3631, 3632, 3633, 3634, 3635, 3636, 3637, 3638, 3639, 3640, 3641, 3642, 3643, 3644]",5c1836e3bbfdad22,stage4/results/torch-thesis-all-coverage/coverage_report.json,stage4/results/torch-thesis-all-coverage/coverage_report.json,
torch,torch.distributions.transforms.pad,stage4_coverage,selected_function_low_coverage,"selected_function_line_coverage_percent=0 below threshold 60; missing_lines=[5349, 5350, 5351, 5352, 5353, 5354, 5355, 5356, 5357, 5358, 5359, 5360, 5361, 5362, 5363, 5364, 5365, 5366, 5367, 5368, 5369, 5370, 5371, 5372, 5373, 5374, 5375, 5376, 5377, 5378, 5379, 5380, 5381, 5382, 5383, 5384, 5385, 5386, 5387, 5388, 5389, 5390, 5391, 5392, 5393, 5394, 5395, 5396, 5397, 5398, 5399, 5400, 5401, 5402, 5403, 5404, 5405, 5406, 5407, 5408, 5409, 5410, 5411, 5412, 5413, 5414, 5415, 5416, 5417, 5418, 5419, 5420, 5421, 5422, 5423, 5424, 5425, 5426, 5427, 5428, 5429, 5430]",3c964a7edf9b36f8,stage4/results/torch-thesis-all-coverage/coverage_report.json,stage4/results/torch-thesis-all-coverage/coverage_report.json,
torch,torch.distributions.transforms.pad,stage4_coverage,selected_function_line_coverage_percent=0 < 60,selected_function_line_coverage_percent=0 < 60,3d34b73856f525de,,stage4/results/torch-thesis-all-coverage/low_coverage.csv,
torch,torch.distributions.transforms.pad,stage4_runtime,invalid_valid_mutation,Padding length must be divisible by 2,5f5f5ebafb7c8c25,stage4/results/torch-thesis-all-coverage/execution_results/torch.distributions.transforms.pad.results.json,stage4/results/torch-thesis-all-coverage/failures.csv,
torch,torch.distributions.transforms.pad,stage4_runtime,RuntimeError,Padding length must be divisible by 2,855c1b80b3d1d1a9,stage4/results/torch-thesis-all-coverage/execution_results/torch.distributions.transforms.pad.results.json,stage4/results/torch-thesis-all-coverage/failure.csv,
torch,torch.fx.experimental.symbolic_shapes.cast_symbool_to_symint_guardless,stage4_coverage,selected_function_line_coverage_percent=0 < 60,selected_function_line_coverage_percent=0 < 60,196e52584327a67d,,stage4/results/torch-thesis-all-coverage/low_coverage.csv,
torch,torch.fx.experimental.symbolic_shapes.cast_symbool_to_symint_guardless,stage4_coverage,selected_function_low_coverage,"selected_function_line_coverage_percent=0 below threshold 60; missing_lines=[2603, 2604, 2605, 2606, 2607, 2608, 2609, 2610, 2611, 2612, 2613, 2614, 2615, 2616, 2617, 2618, 2619, 2620, 2621, 2622, 2623, 2624, 2625]",32081153564207ce,stage4/results/torch-thesis-all-coverage/coverage_report.json,stage4/results/torch-thesis-all-coverage/coverage_report.json,
torch,torch.fx.experimental.symbolic_shapes.free_symbols,stage4_coverage,selected_function_line_coverage_percent=0 < 60,selected_function_line_coverage_percent=0 < 60,1c84fb1dcbcf89d0,,stage4/results/torch-thesis-all-coverage/low_coverage.csv,
torch,torch.fx.experimental.symbolic_shapes.free_symbols,stage4_coverage,selected_function_low_coverage,"selected_function_line_coverage_percent=0 below threshold 60; missing_lines=[994, 995, 996, 997, 998, 999, 1000, 1001, 1002, 1003, 1004, 1005, 1006, 1007, 1008, 1009, 1010, 1011, 1012, 1013, 1014, 1015, 1016, 1017, 1018, 1019, 1020, 1021, 1022]",c709151a0eb1cf88,stage4/results/torch-thesis-all-coverage/coverage_report.json,stage4/results/torch-thesis-all-coverage/coverage_report.json,
torch,torch.fx.experimental.symbolic_shapes.guard_scalar,stage4_coverage,selected_function_low_coverage,"selected_function_line_coverage_percent=0 below threshold 60; missing_lines=[1635, 1636, 1637, 1638, 1639, 1640, 1641, 1642, 1643, 1644, 1645, 1646, 1647, 1648, 1649, 1650, 1651, 1652, 1653, 1654, 1655, 1656, 1657, 1658, 1659]",31a9dd4ac63cfb55,stage4/results/torch-thesis-all-coverage/coverage_report.json,stage4/results/torch-thesis-all-coverage/coverage_report.json,
torch,torch.fx.experimental.symbolic_shapes.guard_scalar,stage4_coverage,selected_function_line_coverage_percent=0 < 60,selected_function_line_coverage_percent=0 < 60,7d4fc9eb79b36eb8,,stage4/results/torch-thesis-all-coverage/low_coverage.csv,
torch,torch.fx.experimental.symbolic_shapes.has_static_value,stage4_coverage,selected_function_low_coverage,"selected_function_line_coverage_percent=0 below threshold 60; missing_lines=[461, 462, 463, 464, 465, 466, 467, 468, 469, 470, 471, 472, 473, 474, 475, 476, 477, 478, 479, 480, 481, 482, 483]",36c437e1763be298,stage4/results/torch-thesis-all-coverage/coverage_report.json,stage4/results/torch-thesis-all-coverage/coverage_report.json,
torch,torch.fx.experimental.symbolic_shapes.has_static_value,stage4_coverage,selected_function_line_coverage_percent=0 < 60,selected_function_line_coverage_percent=0 < 60,390e5b28efbfecce,,stage4/results/torch-thesis-all-coverage/low_coverage.csv,
torch,torch.fx.experimental.symbolic_shapes.sympy.cse,stage4_coverage,selected_function_low_coverage,"selected_function_line_coverage_percent=0 below threshold 60; missing_lines=[728, 729, 730, 731, 732, 733, 734, 735, 736, 737, 738, 739, 740, 741, 742, 743, 744, 745, 746, 747, 748, 749, 750, 751, 752, 753, 754, 755, 756, 757, 758, 759, 760, 761, 762, 763, 764, 765, 766, 767, 768, 769, 770, 771, 772, 773, 774, 775, 776, 777, 778, 779, 780, 781, 782, 783, 784, 785, 786, 787, 788, 789, 790, 791, 792, 793, 794, 795, 796, 797, 798, 799, 800, 801, 802, 803, 804, 805, 806, 807, 808, 809, 810, 811, 812, 813, 814, 815, 816, 817, 818, 819, 820, 821, 822, 823, 824, 825, 826, 827, 828, 829, 830, 831, 832, 833, 834, 835, 836, 837, 838, 839, 840, 841, 842, 843, 844, 845, 846, 847, 848, 849, 850, 851, 852, 853, 854, 855, 856, 857, 858, 859, 860, 861, 862, 863, 864, 865, 866, 867, 868, 869, 870, 871, 872, 873, 874, 875, 876, 877, 878]",2d2dfb40690b048e,stage4/results/torch-thesis-all-coverage/coverage_report.json,stage4/results/torch-thesis-all-coverage/coverage_report.json,
torch,torch.fx.experimental.symbolic_shapes.sympy.cse,stage4_coverage,selected_function_line_coverage_percent=0 < 60,selected_function_line_coverage_percent=0 < 60,d7da674802267881,,stage4/results/torch-thesis-all-coverage/low_coverage.csv,
torch,torch.fx.experimental.symbolic_shapes.sympy.factor_system,stage4_coverage,selected_function_low_coverage,"selected_function_line_coverage_percent=0 below threshold 60; missing_lines=[477, 478, 479, 480, 481, 482, 483, 484, 485, 486, 487, 488, 489, 490, 491, 492, 493, 494, 495, 496, 497, 498, 499, 500, 501, 502, 503, 504, 505, 506, 507, 508, 509, 510, 511, 512, 513, 514, 515, 516, 517, 518, 519, 520, 521, 522, 523, 524, 525, 526, 527, 528, 529, 530, 531, 532, 533, 534, 535, 536, 537, 538, 539, 540, 541, 542, 543, 544, 545, 546, 547, 548, 549, 550, 551, 552, 553, 554, 555, 556, 557, 558, 559, 560, 561, 562, 563, 564]",1ebb38c419afed72,stage4/results/torch-thesis-all-coverage/coverage_report.json,stage4/results/torch-thesis-all-coverage/coverage_report.json,
torch,torch.fx.experimental.symbolic_shapes.sympy.factor_system,stage4_coverage,selected_function_line_coverage_percent=0 < 60,selected_function_line_coverage_percent=0 < 60,d38f7a8d8988978f,,stage4/results/torch-thesis-all-coverage/low_coverage.csv,
torch,torch.fx.experimental.symbolic_shapes.sympy.finite_diff_weights,stage4_coverage,selected_function_line_coverage_percent=0 < 60,selected_function_line_coverage_percent=0 < 60,1fe493a9e0908557,,stage4/results/torch-thesis-all-coverage/low_coverage.csv,
torch,torch.fx.experimental.symbolic_shapes.sympy.finite_diff_weights,stage4_coverage,selected_function_low_coverage,"selected_function_line_coverage_percent=0 below threshold 60; missing_lines=[29, 30, 31, 32, 33, 34, 35, 36, 37, 38, 39, 40, 41, 42, 43, 44, 45, 46, 47, 48, 49, 50, 51, 52, 53, 54, 55, 56, 57, 58, 59, 60, 61, 62, 63, 64, 65, 66, 67, 68, 69, 70, 71, 72, 73, 74, 75, 76, 77, 78, 79, 80, 81, 82, 83, 84, 85, 86, 87, 88, 89, 90, 91, 92, 93, 94, 95, 96, 97, 98, 99, 100, 101, 102, 103, 104, 105, 106, 107, 108, 109, 110, 111, 112, 113, 114, 115, 116, 117, 118, 119, 120, 121, 122, 123, 124, 125, 126, 127, 128, 129, 130, 131, 132, 133, 134, 135, 136, 137, 138, 139, 140, 141, 142, 143, 144, 145, 146, 147, 148, 149, 150, 151, 152, 153, 154, 155, 156, 157, 158, 159, 160, 161, 162, 163, 164, 165, 166, 167, 168, 169, 170, 171, 172, 173, 174, 175, 176, 177, 178, 179, 180, 181, 182, 183, 184, 185, 186, 187, 188, 189, 190, 191, 192, 193]",fcce1fc96cac3ddc,stage4/results/torch-thesis-all-coverage/coverage_report.json,stage4/results/torch-thesis-all-coverage/coverage_report.json,
torch,torch.fx.experimental.symbolic_shapes.sympy.intersection,stage4_coverage,selected_function_line_coverage_percent=0 < 60,selected_function_line_coverage_percent=0 < 60,4312bf41625bed7d,,stage4/results/torch-thesis-all-coverage/low_coverage.csv,
torch,torch.fx.experimental.symbolic_shapes.sympy.intersection,stage4_coverage,selected_function_low_coverage,"selected_function_line_coverage_percent=0 below threshold 60; missing_lines=[635, 636, 637, 638, 639, 640, 641, 642, 643, 644, 645, 646, 647, 648, 649, 650, 651, 652, 653, 654, 655, 656, 657, 658, 659, 660, 661, 662, 663, 664, 665, 666, 667, 668, 669, 670, 671, 672, 673, 674, 675, 676, 677, 678, 679, 680, 681, 682, 683, 684, 685, 686, 687, 688, 689, 690, 691, 692, 693, 694, 695, 696, 697, 698, 699, 700, 701, 702, 703, 704, 705, 706, 707, 708, 709, 710, 711, 712, 713, 714, 715, 716, 717, 718, 719, 720, 721, 722, 723, 724, 725, 726, 727, 728, 729, 730, 731]",a4a552c0f0e717ee,stage4/results/torch-thesis-all-coverage/coverage_report.json,stage4/results/torch-thesis-all-coverage/coverage_report.json,
torch,torch.fx.experimental.symbolic_shapes.sympy.primefactors,stage4_coverage,selected_function_low_coverage,"selected_function_line_coverage_percent=0 below threshold 60; missing_lines=[1714, 1715, 1716, 1717, 1718, 1719, 1720, 1721, 1722, 1723, 1724, 1725, 1726, 1727, 1728, 1729, 1730, 1731, 1732, 1733, 1734, 1735, 1736, 1737, 1738, 1739, 1740, 1741, 1742, 1743, 1744, 1745, 1746, 1747, 1748, 1749, 1750, 1751, 1752, 1753, 1754, 1755, 1756, 1757, 1758, 1759, 1760, 1761, 1762, 1763, 1764, 1765, 1766, 1767, 1768, 1769, 1770]",2c8afb6a254a3a51,stage4/results/torch-thesis-all-coverage/coverage_report.json,stage4/results/torch-thesis-all-coverage/coverage_report.json,
torch,torch.fx.experimental.symbolic_shapes.sympy.primefactors,stage4_coverage,selected_function_line_coverage_percent=0 < 60,selected_function_line_coverage_percent=0 < 60,5846ebbd02dff819,,stage4/results/torch-thesis-all-coverage/low_coverage.csv,
torch,torch.masked.amax,stage4_coverage,selected_function_low_coverage,"selected_function_line_coverage_percent=0 below threshold 60; missing_lines=[1233, 1234, 1235, 1236, 1237, 1238, 1239, 1240, 1241, 1242, 1243, 1244, 1245, 1246, 1247, 1248, 1249, 1250, 1251, 1252, 1253, 1254, 1255, 1256, 1257, 1258, 1259, 1260, 1261, 1262, 1263, 1264, 1265, 1266, 1267, 1268, 1269, 1270, 1271, 1272, 1273, 1274, 1275, 1276, 1277, 1278, 1279, 1280]",1428e990fa6c2977,stage4/results/torch-thesis-all-coverage/coverage_report.json,stage4/results/torch-thesis-all-coverage/coverage_report.json,
torch,torch.masked.amax,stage4_coverage,selected_function_line_coverage_percent=0 < 60,selected_function_line_coverage_percent=0 < 60,c0fca4243444bc12,,stage4/results/torch-thesis-all-coverage/low_coverage.csv,
torch,torch.masked.amin,stage4_coverage,selected_function_line_coverage_percent=0 < 60,selected_function_line_coverage_percent=0 < 60,1c5053c55d6c8769,,stage4/results/torch-thesis-all-coverage/low_coverage.csv,
torch,torch.masked.amin,stage4_coverage,selected_function_low_coverage,"selected_function_line_coverage_percent=0 below threshold 60; missing_lines=[1283, 1284, 1285, 1286, 1287, 1288, 1289, 1290, 1291, 1292, 1293, 1294, 1295, 1296, 1297, 1298, 1299, 1300, 1301, 1302, 1303, 1304, 1305, 1306, 1307, 1308, 1309, 1310, 1311, 1312, 1313, 1314, 1315, 1316, 1317, 1318, 1319, 1320, 1321, 1322, 1323, 1324, 1325, 1326, 1327, 1328, 1329, 1330]",d11c2b73a4199bbf,stage4/results/torch-thesis-all-coverage/coverage_report.json,stage4/results/torch-thesis-all-coverage/coverage_report.json,
torch,torch.masked.argmax,stage4_coverage,selected_function_line_coverage_percent=0 < 60,selected_function_line_coverage_percent=0 < 60,63257b26bbae9fc0,,stage4/results/torch-thesis-all-coverage/low_coverage.csv,
torch,torch.masked.argmax,stage4_coverage,selected_function_low_coverage,"selected_function_line_coverage_percent=0 below threshold 60; missing_lines=[1333, 1334, 1335, 1336, 1337, 1338, 1339, 1340, 1341, 1342, 1343, 1344, 1345, 1346, 1347, 1348, 1349, 1350, 1351, 1352, 1353, 1354, 1355, 1356]",f5ed7e8001d67d9d,stage4/results/torch-thesis-all-coverage/coverage_report.json,stage4/results/torch-thesis-all-coverage/coverage_report.json,
torch,torch.masked.argmin,stage4_coverage,selected_function_line_coverage_percent=0 < 60,selected_function_line_coverage_percent=0 < 60,5da8d0cb62ab04fa,,stage4/results/torch-thesis-all-coverage/low_coverage.csv,
torch,torch.masked.argmin,stage4_coverage,selected_function_low_coverage,"selected_function_line_coverage_percent=0 below threshold 60; missing_lines=[1359, 1360, 1361, 1362, 1363, 1364, 1365, 1366, 1367, 1368, 1369, 1370, 1371, 1372, 1373, 1374, 1375, 1376, 1377, 1378, 1379, 1380, 1381, 1382]",967fd9025536c9df,stage4/results/torch-thesis-all-coverage/coverage_report.json,stage4/results/torch-thesis-all-coverage/coverage_report.json,
torch,torch.masked.cumprod,stage4_coverage,selected_function_line_coverage_percent=0 < 60,selected_function_line_coverage_percent=0 < 60,4f771836c6f6877a,,stage4/results/torch-thesis-all-coverage/low_coverage.csv,
torch,torch.masked.cumprod,stage4_coverage,selected_function_low_coverage,"selected_function_line_coverage_percent=0 below threshold 60; missing_lines=[1213, 1214, 1215, 1216, 1217, 1218, 1219, 1220, 1221, 1222, 1223, 1224, 1225, 1226, 1227, 1228, 1229, 1230]",560ee8a83d053744,stage4/results/torch-thesis-all-coverage/coverage_report.json,stage4/results/torch-thesis-all-coverage/coverage_report.json,
torch,torch.masked.cumsum,stage4_coverage,selected_function_line_coverage_percent=0 < 60,selected_function_line_coverage_percent=0 < 60,839d72a2a800ba63,,stage4/results/torch-thesis-all-coverage/low_coverage.csv,
torch,torch.masked.cumsum,stage4_coverage,selected_function_low_coverage,"selected_function_line_coverage_percent=0 below threshold 60; missing_lines=[1193, 1194, 1195, 1196, 1197, 1198, 1199, 1200, 1201, 1202, 1203, 1204, 1205, 1206, 1207, 1208, 1209, 1210]",f1ad0a45ccdb1e31,stage4/results/torch-thesis-all-coverage/coverage_report.json,stage4/results/torch-thesis-all-coverage/coverage_report.json,
torch,torch.masked.log_softmax,stage4_coverage,selected_function_low_coverage,"selected_function_line_coverage_percent=0 below threshold 60; missing_lines=[1776, 1777, 1778, 1779, 1780, 1781, 1782, 1783, 1784, 1785, 1786, 1787, 1788, 1789, 1790, 1791, 1792, 1793]",3464878a22c25986,stage4/results/torch-thesis-all-coverage/coverage_report.json,stage4/results/torch-thesis-all-coverage/coverage_report.json,
torch,torch.masked.log_softmax,stage4_coverage,selected_function_line_coverage_percent=0 < 60,selected_function_line_coverage_percent=0 < 60,e083d99ea1ef817f,,stage4/results/torch-thesis-all-coverage/low_coverage.csv,
torch,torch.masked.logaddexp,stage4_coverage,selected_function_low_coverage,"selected_function_line_coverage_percent=0 below threshold 60; missing_lines=[1517, 1518, 1519, 1520, 1521, 1522, 1523, 1524, 1525, 1526, 1527, 1528, 1529, 1530, 1531, 1532, 1533, 1534, 1535, 1536, 1537, 1538, 1539, 1540, 1541, 1542, 1543, 1544, 1545, 1546, 1547, 1548, 1549, 1550, 1551, 1552, 1553, 1554, 1555, 1556, 1557, 1558, 1559, 1560, 1561, 1562, 1563, 1564, 1565, 1566, 1567, 1568, 1569, 1570, 1571, 1572, 1573, 1574, 1575]",a23abfd0eb136ec7,stage4/results/torch-thesis-all-coverage/coverage_report.json,stage4/results/torch-thesis-all-coverage/coverage_report.json,
torch,torch.masked.logaddexp,stage4_coverage,selected_function_line_coverage_percent=0 < 60,selected_function_line_coverage_percent=0 < 60,f5484a6e37e77668,,stage4/results/torch-thesis-all-coverage/low_coverage.csv,
torch,torch.masked.logsumexp,stage4_coverage,selected_function_line_coverage_percent=0 < 60,selected_function_line_coverage_percent=0 < 60,14a96af9c29d4e7d,,stage4/results/torch-thesis-all-coverage/low_coverage.csv,
torch,torch.masked.logsumexp,stage4_coverage,selected_function_low_coverage,"selected_function_line_coverage_percent=0 below threshold 60; missing_lines=[1495, 1496, 1497, 1498, 1499, 1500, 1501, 1502, 1503, 1504, 1505, 1506, 1507, 1508, 1509, 1510, 1511, 1512, 1513]",70611f4744c835c3,stage4/results/torch-thesis-all-coverage/coverage_report.json,stage4/results/torch-thesis-all-coverage/coverage_report.json,
torch,torch.masked.mean,stage4_coverage,selected_function_low_coverage,"selected_function_line_coverage_percent=0 below threshold 60; missing_lines=[1385, 1386, 1387, 1388, 1389, 1390, 1391, 1392, 1393, 1394, 1395, 1396, 1397, 1398, 1399, 1400, 1401, 1402, 1403, 1404, 1405, 1406, 1407, 1408, 1409, 1410, 1411, 1412, 1413, 1414, 1415, 1416, 1417, 1418, 1419, 1420, 1421, 1422, 1423, 1424, 1425, 1426, 1427, 1428, 1429, 1430, 1431, 1432, 1433, 1434, 1435, 1436, 1437, 1438, 1439, 1440, 1441, 1442, 1443, 1444, 1445, 1446, 1447, 1448, 1449]",792641a46ba71158,stage4/results/torch-thesis-all-coverage/coverage_report.json,stage4/results/torch-thesis-all-coverage/coverage_report.json,
torch,torch.masked.mean,stage4_coverage,selected_function_line_coverage_percent=0 < 60,selected_function_line_coverage_percent=0 < 60,90a65765978c1f4a,,stage4/results/torch-thesis-all-coverage/low_coverage.csv,
torch,torch.masked.median,stage4_coverage,selected_function_line_coverage_percent=0 < 60,selected_function_line_coverage_percent=0 < 60,a3ea8ce722e55e71,,stage4/results/torch-thesis-all-coverage/low_coverage.csv,
torch,torch.masked.median,stage4_coverage,selected_function_low_coverage,"selected_function_line_coverage_percent=0 below threshold 60; missing_lines=[1452, 1453, 1454, 1455, 1456, 1457, 1458, 1459, 1460, 1461, 1462, 1463, 1464, 1465, 1466, 1467, 1468, 1469, 1470, 1471, 1472, 1473, 1474, 1475, 1476, 1477, 1478, 1479, 1480, 1481, 1482, 1483, 1484, 1485, 1486, 1487, 1488, 1489, 1490, 1491, 1492]",e219a469b7972eab,stage4/results/torch-thesis-all-coverage/coverage_report.json,stage4/results/torch-thesis-all-coverage/coverage_report.json,
torch,torch.masked.norm,stage4_coverage,selected_function_line_coverage_percent=0 < 60,selected_function_line_coverage_percent=0 < 60,2e2845826f8e3584,,stage4/results/torch-thesis-all-coverage/low_coverage.csv,
torch,torch.masked.norm,stage4_coverage,selected_function_low_coverage,"selected_function_line_coverage_percent=0 below threshold 60; missing_lines=[1578, 1579, 1580, 1581, 1582, 1583, 1584, 1585, 1586, 1587, 1588, 1589, 1590, 1591, 1592, 1593, 1594, 1595, 1596, 1597, 1598, 1599, 1600, 1601, 1602, 1603, 1604, 1605, 1606, 1607, 1608, 1609, 1610, 1611]",80da16b86930b67b,stage4/results/torch-thesis-all-coverage/coverage_report.json,stage4/results/torch-thesis-all-coverage/coverage_report.json,
torch,torch.masked.normalize,stage4_coverage,selected_function_line_coverage_percent=0 < 60,selected_function_line_coverage_percent=0 < 60,9c407c4412573010,,stage4/results/torch-thesis-all-coverage/low_coverage.csv,
torch,torch.masked.normalize,stage4_coverage,selected_function_low_coverage,"selected_function_line_coverage_percent=0 below threshold 60; missing_lines=[1816, 1817, 1818, 1819, 1820, 1821, 1822, 1823, 1824, 1825, 1826, 1827, 1828, 1829, 1830, 1831, 1832, 1833, 1834, 1835, 1836, 1837, 1838, 1839]",ffc888ae6b47d4cc,stage4/results/torch-thesis-all-coverage/coverage_report.json,stage4/results/torch-thesis-all-coverage/coverage_report.json,
torch,torch.masked.prod,stage4_coverage,selected_function_line_coverage_percent=0 < 60,selected_function_line_coverage_percent=0 < 60,7788d59bb309f375,,stage4/results/torch-thesis-all-coverage/low_coverage.csv,
torch,torch.masked.prod,stage4_coverage,selected_function_low_coverage,"selected_function_line_coverage_percent=0 below threshold 60; missing_lines=[1116, 1117, 1118, 1119, 1120, 1121, 1122, 1123, 1124, 1125, 1126, 1127, 1128, 1129, 1130, 1131, 1132, 1133, 1134, 1135, 1136, 1137, 1138, 1139, 1140, 1141, 1142, 1143, 1144, 1145, 1146, 1147, 1148, 1149, 1150, 1151, 1152, 1153, 1154, 1155, 1156, 1157, 1158, 1159, 1160, 1161, 1162, 1163, 1164, 1165, 1166, 1167, 1168, 1169, 1170, 1171, 1172, 1173, 1174, 1175, 1176, 1177, 1178, 1179, 1180, 1181, 1182, 1183, 1184, 1185, 1186, 1187, 1188, 1189, 1190]",b47d21ac2feea894,stage4/results/torch-thesis-all-coverage/coverage_report.json,stage4/results/torch-thesis-all-coverage/coverage_report.json,
torch,torch.masked.softmax,stage4_coverage,selected_function_low_coverage,"selected_function_line_coverage_percent=0 below threshold 60; missing_lines=[1756, 1757, 1758, 1759, 1760, 1761, 1762, 1763, 1764, 1765, 1766, 1767, 1768, 1769, 1770, 1771, 1772, 1773]",16e6adcedc188123,stage4/results/torch-thesis-all-coverage/coverage_report.json,stage4/results/torch-thesis-all-coverage/coverage_report.json,
torch,torch.masked.softmax,stage4_coverage,selected_function_line_coverage_percent=0 < 60,selected_function_line_coverage_percent=0 < 60,71f6b30023ca8736,,stage4/results/torch-thesis-all-coverage/low_coverage.csv,
torch,torch.masked.softmin,stage4_coverage,selected_function_line_coverage_percent=0 < 60,selected_function_line_coverage_percent=0 < 60,7a97fcd4b12c8a52,,stage4/results/torch-thesis-all-coverage/low_coverage.csv,
torch,torch.masked.softmin,stage4_coverage,selected_function_low_coverage,"selected_function_line_coverage_percent=0 below threshold 60; missing_lines=[1796, 1797, 1798, 1799, 1800, 1801, 1802, 1803, 1804, 1805, 1806, 1807, 1808, 1809, 1810, 1811, 1812, 1813]",e0a8631a1a83b7ca,stage4/results/torch-thesis-all-coverage/coverage_report.json,stage4/results/torch-thesis-all-coverage/coverage_report.json,
torch,torch.masked.std,stage4_coverage,selected_function_low_coverage,"selected_function_line_coverage_percent=0 below threshold 60; missing_lines=[1725, 1726, 1727, 1728, 1729, 1730, 1731, 1732, 1733, 1734, 1735, 1736, 1737, 1738, 1739, 1740, 1741, 1742, 1743, 1744, 1745, 1746, 1747, 1748, 1749, 1750, 1751, 1752, 1753]",20122bb764806b28,stage4/results/torch-thesis-all-coverage/coverage_report.json,stage4/results/torch-thesis-all-coverage/coverage_report.json,
torch,torch.masked.std,stage4_coverage,selected_function_line_coverage_percent=0 < 60,selected_function_line_coverage_percent=0 < 60,2104613909d34a27,,stage4/results/torch-thesis-all-coverage/low_coverage.csv,
torch,torch.masked.sum,stage4_coverage,selected_function_low_coverage,"selected_function_line_coverage_percent=0 below threshold 60; missing_lines=[1063, 1064, 1065, 1066, 1067, 1068, 1069, 1070, 1071, 1072, 1073, 1074, 1075, 1076, 1077, 1078, 1079, 1080, 1081, 1082, 1083, 1084, 1085, 1086, 1087, 1088, 1089, 1090, 1091, 1092, 1093, 1094, 1095, 1096, 1097, 1098, 1099, 1100, 1101, 1102, 1103, 1104, 1105, 1106, 1107, 1108, 1109, 1110, 1111, 1112, 1113]",30204707eedcadf8,stage4/results/torch-thesis-all-coverage/coverage_report.json,stage4/results/torch-thesis-all-coverage/coverage_report.json,
torch,torch.masked.sum,stage4_coverage,selected_function_line_coverage_percent=0 < 60,selected_function_line_coverage_percent=0 < 60,97a9db875bdf3258,,stage4/results/torch-thesis-all-coverage/low_coverage.csv,
torch,torch.masked.var,stage4_coverage,selected_function_low_coverage,"selected_function_line_coverage_percent=0 below threshold 60; missing_lines=[1694, 1695, 1696, 1697, 1698, 1699, 1700, 1701, 1702, 1703, 1704, 1705, 1706, 1707, 1708, 1709, 1710, 1711, 1712, 1713, 1714, 1715, 1716, 1717, 1718, 1719, 1720, 1721, 1722]",61392bf7f5e4ef12,stage4/results/torch-thesis-all-coverage/coverage_report.json,stage4/results/torch-thesis-all-coverage/coverage_report.json,
torch,torch.masked.var,stage4_coverage,selected_function_line_coverage_percent=0 < 60,selected_function_line_coverage_percent=0 < 60,9c288f5575c2c7b1,,stage4/results/torch-thesis-all-coverage/low_coverage.csv,
torch,torch.mtia.memory.memory_allocated,stage4_coverage,selected_function_low_coverage,"selected_function_line_coverage_percent=0 below threshold 60; missing_lines=[39, 40, 41, 42, 43, 44, 45, 46, 47, 48, 49]",39a770abb784a942,stage4/results/torch-thesis-all-coverage/coverage_report.json,stage4/results/torch-thesis-all-coverage/coverage_report.json,
torch,torch.mtia.memory.memory_allocated,stage4_coverage,selected_function_line_coverage_percent=0 < 60,selected_function_line_coverage_percent=0 < 60,eb422d0298f0f719,,stage4/results/torch-thesis-all-coverage/low_coverage.csv,
torch,torch.mtia.memory_allocated,stage4_coverage,selected_function_low_coverage,"selected_function_line_coverage_percent=0 below threshold 60; missing_lines=[39, 40, 41, 42, 43, 44, 45, 46, 47, 48, 49]",036cec4f7862bef1,stage4/results/torch-thesis-all-coverage/coverage_report.json,stage4/results/torch-thesis-all-coverage/coverage_report.json,
torch,torch.mtia.memory_allocated,stage4_coverage,selected_function_line_coverage_percent=0 < 60,selected_function_line_coverage_percent=0 < 60,10ad86c57197562e,,stage4/results/torch-thesis-all-coverage/low_coverage.csv,
torch,torch.storage.np.angle,stage4_coverage,selected_function_low_coverage,"selected_function_line_coverage_percent=0 below threshold 60; missing_lines=[1682, 1683, 1684, 1685, 1686, 1687, 1688, 1689, 1690, 1691, 1692, 1693, 1694, 1695, 1696, 1697, 1698, 1699, 1700, 1701, 1702, 1703, 1704, 1705, 1706, 1707, 1708, 1709, 1710, 1711, 1712, 1713, 1714, 1715, 1716, 1717, 1718, 1719, 1720, 1721, 1722, 1723, 1724, 1725, 1726, 1727, 1728, 1729, 1730, 1731, 1732, 1733]",49f4def1cc0e8422,stage4/results/torch-thesis-all-coverage/coverage_report.json,stage4/results/torch-thesis-all-coverage/coverage_report.json,
torch,torch.storage.np.angle,stage4_coverage,selected_function_line_coverage_percent=0 < 60,selected_function_line_coverage_percent=0 < 60,80169a3dfaf1b13a,,stage4/results/torch-thesis-all-coverage/low_coverage.csv,
torch,torch.storage.np.base_repr,stage4_coverage,selected_function_low_coverage,"selected_function_line_coverage_percent=0 below threshold 60; missing_lines=[2169, 2170, 2171, 2172, 2173, 2174, 2175, 2176, 2177, 2178, 2179, 2180, 2181, 2182, 2183, 2184, 2185, 2186, 2187, 2188, 2189, 2190, 2191, 2192, 2193, 2194, 2195, 2196, 2197, 2198, 2199, 2200, 2201, 2202, 2203, 2204, 2205, 2206, 2207, 2208, 2209, 2210, 2211, 2212, 2213, 2214, 2215, 2216, 2217, 2218, 2219, 2220, 2221, 2222, 2223, 2224]",5063cc4692a0a5b1,stage4/results/torch-thesis-all-coverage/coverage_report.json,stage4/results/torch-thesis-all-coverage/coverage_report.json,
torch,torch.storage.np.base_repr,stage4_coverage,selected_function_line_coverage_percent=0 < 60,selected_function_line_coverage_percent=0 < 60,b19cf91d8b771a87,,stage4/results/torch-thesis-all-coverage/low_coverage.csv,
torch,torch.storage.np.block,stage4_coverage,selected_function_line_coverage_percent=0 < 60,selected_function_line_coverage_percent=0 < 60,207e9503c62f8f2c,,stage4/results/torch-thesis-all-coverage/low_coverage.csv,
torch,torch.storage.np.block,stage4_coverage,selected_function_low_coverage,"selected_function_line_coverage_percent=0 below threshold 60; missing_lines=[778, 779, 780, 781, 782, 783, 784, 785, 786, 787, 788, 789, 790, 791, 792, 793, 794, 795, 796, 797, 798, 799, 800, 801, 802, 803, 804, 805, 806, 807, 808, 809, 810, 811, 812, 813, 814, 815, 816, 817, 818, 819, 820, 821, 822, 823, 824, 825, 826, 827, 828, 829, 830, 831, 832, 833, 834, 835, 836, 837, 838, 839, 840, 841, 842, 843, 844, 845, 846, 847, 848, 849, 850, 851, 852, 853, 854, 855, 856, 857, 858, 859, 860, 861, 862, 863, 864, 865, 866, 867, 868, 869, 870, 871, 872, 873, 874, 875, 876, 877, 878, 879, 880, 881, 882, 883, 884, 885, 886, 887, 888, 889, 890, 891, 892, 893, 894, 895, 896, 897, 898, 899, 900, 901, 902, 903, 904, 905, 906, 907, 908, 909, 910, 911, 912, 913, 914, 915, 916, 917, 918, 919, 920, 921, 922, 923, 924, 925, 926, 927, 928, 929, 930, 931, 932, 933, 934, 935, 936, 937, 938, 939, 940, 941, 942, 943, 944, 945, 946, 947]",b511f28576c4fdaf,stage4/results/torch-thesis-all-coverage/coverage_report.json,stage4/results/torch-thesis-all-coverage/coverage_report.json,
torch,torch.storage.np.broadcast_to,stage4_coverage,selected_function_low_coverage,"selected_function_line_coverage_percent=0 below threshold 60; missing_lines=[400, 401, 402, 403, 404, 405, 406, 407, 408, 409, 410, 411, 412, 413, 414, 415, 416, 417, 418, 419, 420, 421, 422, 423, 424, 425, 426, 427, 428, 429, 430, 431, 432, 433, 434, 435, 436, 437, 438, 439, 440, 441, 442, 443]",864555018d0b6c55,stage4/results/torch-thesis-all-coverage/coverage_report.json,stage4/results/torch-thesis-all-coverage/coverage_report.json,
torch,torch.storage.np.broadcast_to,stage4_coverage,selected_function_line_coverage_percent=0 < 60,selected_function_line_coverage_percent=0 < 60,ebf9dcea18af93b1,,stage4/results/torch-thesis-all-coverage/low_coverage.csv,
torch,torch.storage.np.clip,stage4_coverage,selected_function_low_coverage,"selected_function_line_coverage_percent=0 below threshold 60; missing_lines=[2207, 2208, 2209, 2210, 2211, 2212, 2213, 2214, 2215, 2216, 2217, 2218, 2219, 2220, 2221, 2222, 2223, 2224, 2225, 2226, 2227, 2228, 2229, 2230, 2231, 2232, 2233, 2234, 2235, 2236, 2237, 2238, 2239, 2240, 2241, 2242, 2243, 2244, 2245, 2246, 2247, 2248, 2249, 2250, 2251, 2252, 2253, 2254, 2255, 2256, 2257, 2258, 2259, 2260, 2261, 2262, 2263, 2264, 2265, 2266, 2267, 2268, 2269, 2270, 2271, 2272, 2273, 2274, 2275, 2276, 2277, 2278, 2279, 2280, 2281, 2282, 2283, 2284, 2285, 2286, 2287, 2288, 2289, 2290, 2291, 2292, 2293, 2294, 2295, 2296]",6451a90698edbf06,stage4/results/torch-thesis-all-coverage/coverage_report.json,stage4/results/torch-thesis-all-coverage/coverage_report.json,
torch,torch.storage.np.clip,stage4_coverage,selected_function_line_coverage_percent=0 < 60,selected_function_line_coverage_percent=0 < 60,bdf9dd4b599fb7d8,,stage4/results/torch-thesis-all-coverage/low_coverage.csv,
torch,torch.storage.np.column_stack,stage4_coverage,selected_function_low_coverage,"selected_function_line_coverage_percent=0 below threshold 60; missing_lines=[625, 626, 627, 628, 629, 630, 631, 632, 633, 634, 635, 636, 637, 638, 639, 640, 641, 642, 643, 644, 645, 646, 647, 648, 649, 650, 651, 652, 653, 654, 655, 656, 657, 658, 659, 660, 661, 662, 663, 664, 665, 666]",593dcc3ba8bbb90c,stage4/results/torch-thesis-all-coverage/coverage_report.json,stage4/results/torch-thesis-all-coverage/coverage_report.json,
torch,torch.storage.np.column_stack,stage4_coverage,selected_function_line_coverage_percent=0 < 60,selected_function_line_coverage_percent=0 < 60,8fabef04dce194a6,,stage4/results/torch-thesis-all-coverage/low_coverage.csv,
torch,torch.storage.np.compress,stage4_runtime,WorkerTimeout,"DeepFuzz/.venv/lib/python3.13/site-packages/coverage/inorout.py:577: CoverageWarning: Module torch was previously imported, but not measured (module-not-measured); see https://coverage.readthedocs.io/en/7.13.5/messages.html#warning-module-not-measured
  self.warn(msg, slug=""module-not-measured"")
/Users/aryansg/Desktop/DeepFuzz/.venv/lib/python3.13/site-packages/coverage/inorout.py:577: CoverageWarning: Module torch was previously imported, but not measured (module-not-measured); see https://coverage.readthedocs.io/en/7.13.5/messages.html#warning-module-not-measured
  self.warn(msg, slug=""module-not-measured"")
/Users/aryansg/Desktop/DeepFuzz/.venv/lib/python3.13/site-packages/coverage/inorout.py:577: CoverageWarning: Module torch was previously imported, but not measured (module-not-measured); see https://coverage.readthedocs.io/en/7.13.5/messages.html#warning-module-not-measured
  self.warn(msg, slug=""module-not-measured"")
/Users/aryansg/Desktop/DeepFuzz/.venv/lib/python3.13/site-packages/coverage/inorout.py:577: CoverageWarning: Module torch was previously imported, but not measured (module-not-measured); see https://coverage.readthedocs.io/en/7.13.5/messages.html#warning-module-not-measured
  self.warn(msg, slug=""module-not-measured"")
/Users/aryansg/Desktop/DeepFuzz/.venv/lib/python3.13/site-packages/coverage/inorout.py:577: CoverageWarning: Module torch was previously imported, but not measured (module-not-measured); see https://coverage.readthedocs.io/en/7.13.5/messages.html#warning-module-not-measured
  self.warn(msg, slug=""module-not-measured"")
/Users/aryansg/Desktop/DeepFuzz/.venv/lib/python3.13/site-packages/coverage/inorout.py:577: CoverageWarning: Module torch was previously imported, but not measured (module-not-measured); see https://coverage.readthedocs.io/en/7.13.5/messages.html#warning-module-not-measured
  self.warn(msg, slug=""module-not-measured"")
/Users/aryansg/Desktop/DeepFuzz/.venv/lib/python3.13/site-packages/coverage/inorout.py:577: CoverageWarning: Module torch was previously imported, but not measured (module-not-measured); see https://coverage.readthedocs.io/en/7.13.5/messages.html#warning-module-not-measured
  self.warn(msg, slug=""module-not-measured"")
/Users/aryansg/Desktop/DeepFuzz/.venv/lib/python3.13/site-packages/coverage/inorout.py:577: CoverageWarning: Module torch was previously imported, but not measured (module-not-measured); see https://coverage.readthedocs.io/en/7.13.5/messages.html#warning-module-not-measured
  self.warn(msg, slug=""module-not-measured"")
/Users/aryansg/Desktop/DeepFuzz/.venv/lib/python3.13/site-packages/coverage/inorout.py:577: CoverageWarning: Module torch was previously imported, but not measured (module-not-measured); see https://coverage.readthedocs.io/en/7.13.5/messages.html#warning-module-not-measured
  self.warn(msg, slug=""module-not-measured"")
/Users/aryansg/Desktop/DeepFuzz/.venv/lib/python3.13/site-packages/coverage/inorout.py:577: CoverageWarning: Module torch was previously imported, but not measured (module-not-measured); see https://coverage.readthedocs.io/en/7.13.5/messages.html#warning-module-not-measured
  self.warn(msg, slug=""module-not-measured"")
/Users/aryansg/Desktop/DeepFuzz/.venv/lib/python3.13/site-packages/coverage/inorout.py:577: CoverageWarning: Module torch was previously imported, but not measured (module-not-measured); see https://coverage.readthedocs.io/en/7.13.5/messages.html#warning-module-not-measured
  self.warn(msg, slug=""module-not-measured"")
/Users/aryansg/Desktop/DeepFuzz/.venv/lib/python3.13/site-packages/coverage/inorout.py:577: CoverageWarning: Module torch was previously imported, but not measured (module-not-measured); see https://coverage.readthedocs.io/en/7.13.5/messages.html#warning-module-not-measured
  self.warn(msg, slug=""module-not-measured"")
/Users/aryansg/Desktop/DeepFuzz/.venv/lib/python3.13/site-packages/coverage/html.py:131: CoverageWarning: No contexts were measured
  self.coverage._warn(""No contexts were measured"")",0b146202d50d0937,stage4/results/torch-thesis-all-coverage/execution_results/torch.storage.np.compress.results.json,stage4/results/torch-thesis-all-coverage/failure.csv,
torch,torch.storage.np.compress,stage4_coverage,uncovered_api,Stage 4 did not cover API; valid_programs=0 bugs=0,ba51c97e02af6635,stage4/results/torch-thesis-all-coverage/coverage_report.json,stage4/results/torch-thesis-all-coverage/coverage_report.json,
torch,torch.storage.np.compress,stage4_coverage,selected_function_line_coverage_percent=0 < 60,selected_function_line_coverage_percent=0 < 60,c90de13999b4752d,,stage4/results/torch-thesis-all-coverage/low_coverage.csv,
torch,torch.storage.np.core.arrayprint.format_float_positional,stage4_coverage,selected_function_low_coverage,"selected_function_line_coverage_percent=0 below threshold 60; missing_lines=[1212, 1213, 1214, 1215, 1216, 1217, 1218, 1219, 1220, 1221, 1222, 1223, 1224, 1225, 1226, 1227, 1228, 1229, 1230, 1231, 1232, 1233, 1234, 1235, 1236, 1237, 1238, 1239, 1240, 1241, 1242, 1243, 1244, 1245, 1246, 1247, 1248, 1249, 1250, 1251, 1252, 1253, 1254, 1255, 1256, 1257, 1258, 1259, 1260, 1261, 1262, 1263, 1264, 1265, 1266, 1267, 1268, 1269, 1270, 1271, 1272, 1273, 1274, 1275, 1276, 1277, 1278, 1279, 1280, 1281, 1282, 1283, 1284, 1285, 1286, 1287, 1288, 1289, 1290, 1291, 1292, 1293, 1294, 1295, 1296, 1297, 1298, 1299, 1300, 1301, 1302]",de9220ee497fa264,stage4/results/torch-thesis-all-coverage/coverage_report.json,stage4/results/torch-thesis-all-coverage/coverage_report.json,
torch,torch.storage.np.core.arrayprint.format_float_positional,stage4_coverage,selected_function_line_coverage_percent=0 < 60,selected_function_line_coverage_percent=0 < 60,fb9486f1d235f775,,stage4/results/torch-thesis-all-coverage/low_coverage.csv,
torch,torch.storage.np.core.arrayprint.format_float_scientific,stage4_coverage,selected_function_line_coverage_percent=0 < 60,selected_function_line_coverage_percent=0 < 60,55b4db3d0cbd03f4,,stage4/results/torch-thesis-all-coverage/low_coverage.csv,
torch,torch.storage.np.core.arrayprint.format_float_scientific,stage4_coverage,selected_function_low_coverage,"selected_function_line_coverage_percent=0 below threshold 60; missing_lines=[1131, 1132, 1133, 1134, 1135, 1136, 1137, 1138, 1139, 1140, 1141, 1142, 1143, 1144, 1145, 1146, 1147, 1148, 1149, 1150, 1151, 1152, 1153, 1154, 1155, 1156, 1157, 1158, 1159, 1160, 1161, 1162, 1163, 1164, 1165, 1166, 1167, 1168, 1169, 1170, 1171, 1172, 1173, 1174, 1175, 1176, 1177, 1178, 1179, 1180, 1181, 1182, 1183, 1184, 1185, 1186, 1187, 1188, 1189, 1190, 1191, 1192, 1193, 1194, 1195, 1196, 1197, 1198, 1199, 1200, 1201, 1202, 1203, 1204, 1205, 1206, 1207, 1208, 1209]",a1d0ec0205996f20,stage4/results/torch-thesis-all-coverage/coverage_report.json,stage4/results/torch-thesis-all-coverage/coverage_report.json,
torch,torch.storage.np.core.fromnumeric.clip,stage4_coverage,selected_function_low_coverage,"selected_function_line_coverage_percent=0 below threshold 60; missing_lines=[2207, 2208, 2209, 2210, 2211, 2212, 2213, 2214, 2215, 2216, 2217, 2218, 2219, 2220, 2221, 2222, 2223, 2224, 2225, 2226, 2227, 2228, 2229, 2230, 2231, 2232, 2233, 2234, 2235, 2236, 2237, 2238, 2239, 2240, 2241, 2242, 2243, 2244, 2245, 2246, 2247, 2248, 2249, 2250, 2251, 2252, 2253, 2254, 2255, 2256, 2257, 2258, 2259, 2260, 2261, 2262, 2263, 2264, 2265, 2266, 2267, 2268, 2269, 2270, 2271, 2272, 2273, 2274, 2275, 2276, 2277, 2278, 2279, 2280, 2281, 2282, 2283, 2284, 2285, 2286, 2287, 2288, 2289, 2290, 2291, 2292, 2293, 2294, 2295, 2296]",2aee2a718aa27c5c,stage4/results/torch-thesis-all-coverage/coverage_report.json,stage4/results/torch-thesis-all-coverage/coverage_report.json,
torch,torch.storage.np.core.fromnumeric.clip,stage4_coverage,selected_function_line_coverage_percent=0 < 60,selected_function_line_coverage_percent=0 < 60,ed364fa5520f91fa,,stage4/results/torch-thesis-all-coverage/low_coverage.csv,
torch,torch.storage.np.core.fromnumeric.compress,stage4_coverage,selected_function_low_coverage,"selected_function_line_coverage_percent=0 below threshold 60; missing_lines=[2137, 2138, 2139, 2140, 2141, 2142, 2143, 2144, 2145, 2146, 2147, 2148, 2149, 2150, 2151, 2152, 2153, 2154, 2155, 2156, 2157, 2158, 2159, 2160, 2161, 2162, 2163, 2164, 2165, 2166, 2167, 2168, 2169, 2170, 2171, 2172, 2173, 2174, 2175, 2176, 2177, 2178, 2179, 2180, 2181, 2182, 2183, 2184, 2185, 2186, 2187, 2188, 2189, 2190, 2191, 2192, 2193, 2194, 2195, 2196, 2197, 2198, 2199]",1047e6fd9ae375d1,stage4/results/torch-thesis-all-coverage/coverage_report.json,stage4/results/torch-thesis-all-coverage/coverage_report.json,
torch,torch.storage.np.core.fromnumeric.compress,stage4_coverage,selected_function_line_coverage_percent=0 < 60,selected_function_line_coverage_percent=0 < 60,920d95c88b4bcd32,,stage4/results/torch-thesis-all-coverage/low_coverage.csv,
torch,torch.storage.np.core.fromnumeric.cumprod,stage4_coverage,selected_function_line_coverage_percent=0 < 60,selected_function_line_coverage_percent=0 < 60,90b008f763165cf6,,stage4/results/torch-thesis-all-coverage/low_coverage.csv,
torch,torch.storage.np.core.fromnumeric.cumprod,stage4_coverage,selected_function_low_coverage,"selected_function_line_coverage_percent=0 below threshold 60; missing_lines=[3412, 3413, 3414, 3415, 3416, 3417, 3418, 3419, 3420, 3421, 3422, 3423, 3424, 3425, 3426, 3427, 3428, 3429, 3430, 3431, 3432, 3433, 3434, 3435, 3436, 3437, 3438, 3439, 3440, 3441, 3442, 3443, 3444, 3445, 3446, 3447, 3448, 3449, 3450, 3451, 3452, 3453, 3454, 3455, 3456, 3457, 3458, 3459, 3460, 3461, 3462, 3463, 3464, 3465, 3466, 3467, 3468, 3469, 3470, 3471, 3472, 3473, 3474, 3475]",a11f2ec7b576d70c,stage4/results/torch-thesis-all-coverage/coverage_report.json,stage4/results/torch-thesis-all-coverage/coverage_report.json,
torch,torch.storage.np.core.fromnumeric.ndim,stage4_coverage,selected_function_line_coverage_percent=0 < 60,selected_function_line_coverage_percent=0 < 60,69703147782d44af,,stage4/results/torch-thesis-all-coverage/low_coverage.csv,
torch,torch.storage.np.core.fromnumeric.ndim,stage4_coverage,selected_function_low_coverage,"selected_function_line_coverage_percent=0 below threshold 60; missing_lines=[3482, 3483, 3484, 3485, 3486, 3487, 3488, 3489, 3490, 3491, 3492, 3493, 3494, 3495, 3496, 3497, 3498, 3499, 3500, 3501, 3502, 3503, 3504, 3505, 3506, 3507, 3508, 3509, 3510, 3511, 3512, 3513, 3514, 3515, 3516, 3517, 3518]",920b421a64dc4b18,stage4/results/torch-thesis-all-coverage/coverage_report.json,stage4/results/torch-thesis-all-coverage/coverage_report.json,
torch,torch.storage.np.core.fromnumeric.nonzero,stage4_coverage,selected_function_line_coverage_percent=0 < 60,selected_function_line_coverage_percent=0 < 60,17e2dc0769e3e003,,stage4/results/torch-thesis-all-coverage/low_coverage.csv,
torch,torch.storage.np.core.fromnumeric.nonzero,stage4_coverage,selected_function_low_coverage,"selected_function_line_coverage_percent=0 below threshold 60; missing_lines=[1993, 1994, 1995, 1996, 1997, 1998, 1999, 2000, 2001, 2002, 2003, 2004, 2005, 2006, 2007, 2008, 2009, 2010, 2011, 2012, 2013, 2014, 2015, 2016, 2017, 2018, 2019, 2020, 2021, 2022, 2023, 2024, 2025, 2026, 2027, 2028, 2029, 2030, 2031, 2032, 2033, 2034, 2035, 2036, 2037, 2038, 2039, 2040, 2041, 2042, 2043, 2044, 2045, 2046, 2047, 2048, 2049, 2050, 2051, 2052, 2053, 2054, 2055, 2056, 2057, 2058, 2059, 2060, 2061, 2062, 2063, 2064, 2065, 2066, 2067, 2068, 2069, 2070, 2071, 2072, 2073, 2074, 2075, 2076, 2077]",9301a40d95f6bc4d,stage4/results/torch-thesis-all-coverage/coverage_report.json,stage4/results/torch-thesis-all-coverage/coverage_report.json,
torch,torch.storage.np.core.fromnumeric.partition,stage4_coverage,selected_function_low_coverage,"selected_function_line_coverage_percent=0 below threshold 60; missing_lines=[732, 733, 734, 735, 736, 737, 738, 739, 740, 741, 742, 743, 744, 745, 746, 747, 748, 749, 750, 751, 752, 753, 754, 755, 756, 757, 758, 759, 760, 761, 762, 763, 764, 765, 766, 767, 768, 769, 770, 771, 772, 773, 774, 775, 776, 777, 778, 779, 780, 781, 782, 783, 784, 785, 786, 787, 788, 789, 790, 791, 792, 793, 794, 795, 796, 797, 798, 799, 800, 801, 802, 803, 804, 805, 806, 807, 808, 809, 810, 811, 812, 813, 814, 815, 816, 817, 818, 819, 820, 821, 822, 823, 824, 825, 826, 827, 828, 829, 830, 831, 832, 833, 834, 835, 836, 837, 838, 839, 840, 841]",0bcf66eb877500e0,stage4/results/torch-thesis-all-coverage/coverage_report.json,stage4/results/torch-thesis-all-coverage/coverage_report.json,
torch,torch.storage.np.core.fromnumeric.partition,stage4_coverage,selected_function_line_coverage_percent=0 < 60,selected_function_line_coverage_percent=0 < 60,db994b73fc2f4831,,stage4/results/torch-thesis-all-coverage/low_coverage.csv,
torch,torch.storage.np.core.fromnumeric.shape,stage4_coverage,selected_function_low_coverage,"selected_function_line_coverage_percent=0 below threshold 60; missing_lines=[2084, 2085, 2086, 2087, 2088, 2089, 2090, 2091, 2092, 2093, 2094, 2095, 2096, 2097, 2098, 2099, 2100, 2101, 2102, 2103, 2104, 2105, 2106, 2107, 2108, 2109, 2110, 2111, 2112, 2113, 2114, 2115, 2116, 2117, 2118, 2119, 2120, 2121, 2122, 2123, 2124, 2125, 2126, 2127, 2128, 2129, 2130]",0eb35d1d53ba206a,stage4/results/torch-thesis-all-coverage/coverage_report.json,stage4/results/torch-thesis-all-coverage/coverage_report.json,
torch,torch.storage.np.core.fromnumeric.shape,stage4_coverage,selected_function_line_coverage_percent=0 < 60,selected_function_line_coverage_percent=0 < 60,997d33f3a005d4ce,,stage4/results/torch-thesis-all-coverage/low_coverage.csv,
torch,torch.storage.np.core.fromnumeric.sort,stage4_coverage,selected_function_line_coverage_percent=0 < 60,selected_function_line_coverage_percent=0 < 60,80a1daef230ec8d7,,stage4/results/torch-thesis-all-coverage/low_coverage.csv,
torch,torch.storage.np.core.fromnumeric.sort,stage4_coverage,selected_function_low_coverage,"selected_function_line_coverage_percent=0 below threshold 60; missing_lines=[939, 940, 941, 942, 943, 944, 945, 946, 947, 948, 949, 950, 951, 952, 953, 954, 955, 956, 957, 958, 959, 960, 961, 962, 963, 964, 965, 966, 967, 968, 969, 970, 971, 972, 973, 974, 975, 976, 977, 978, 979, 980, 981, 982, 983, 984, 985, 986, 987, 988, 989, 990, 991, 992, 993, 994, 995, 996, 997, 998, 999, 1000, 1001, 1002, 1003, 1004, 1005, 1006, 1007, 1008, 1009, 1010, 1011, 1012, 1013, 1014, 1015, 1016, 1017, 1018, 1019, 1020, 1021, 1022, 1023, 1024, 1025, 1026, 1027, 1028, 1029, 1030, 1031, 1032, 1033, 1034, 1035, 1036, 1037, 1038, 1039, 1040, 1041, 1042, 1043, 1044, 1045, 1046, 1047, 1048, 1049, 1050, 1051, 1052, 1053, 1054, 1055, 1056, 1057, 1058, 1059, 1060, 1061, 1062, 1063, 1064, 1065, 1066, 1067, 1068, 1069, 1070, 1071, 1072, 1073, 1074, 1075, 1076, 1077, 1078, 1079, 1080, 1081, 1082, 1083, 1084, 1085, 1086, 1087, 1088, 1089, 1090, 1091, 1092, 1093]",f882716cd1e49c26,stage4/results/torch-thesis-all-coverage/coverage_report.json,stage4/results/torch-thesis-all-coverage/coverage_report.json,
torch,torch.storage.np.core.fromnumeric.transpose,stage4_coverage,selected_function_low_coverage,"selected_function_line_coverage_percent=0 below threshold 60; missing_lines=[604, 605, 606, 607, 608, 609, 610, 611, 612, 613, 614, 615, 616, 617, 618, 619, 620, 621, 622, 623, 624, 625, 626, 627, 628, 629, 630, 631, 632, 633, 634, 635, 636, 637, 638, 639, 640, 641, 642, 643, 644, 645, 646, 647, 648, 649, 650, 651, 652, 653, 654, 655, 656, 657, 658, 659, 660, 661, 662, 663, 664, 665, 666, 667, 668, 669, 670, 671, 672, 673, 674, 675, 676, 677]",c680f0ff08812586,stage4/results/torch-thesis-all-coverage/coverage_report.json,stage4/results/torch-thesis-all-coverage/coverage_report.json,
torch,torch.storage.np.core.fromnumeric.transpose,stage4_coverage,selected_function_line_coverage_percent=0 < 60,selected_function_line_coverage_percent=0 < 60,d58f3fd1e5ba73a6,,stage4/results/torch-thesis-all-coverage/low_coverage.csv,
torch,torch.storage.np.core.function_base.geomspace,stage4_coverage,selected_function_low_coverage,"selected_function_line_coverage_percent=0 below threshold 60; missing_lines=[311, 312, 313, 314, 315, 316, 317, 318, 319, 320, 321, 322, 323, 324, 325, 326, 327, 328, 329, 330, 331, 332, 333, 334, 335, 336, 337, 338, 339, 340, 341, 342, 343, 344, 345, 346, 347, 348, 349, 350, 351, 352, 353, 354, 355, 356, 357, 358, 359, 360, 361, 362, 363, 364, 365, 366, 367, 368, 369, 370, 371, 372, 373, 374, 375, 376, 377, 378, 379, 380, 381, 382, 383, 384, 385, 386, 387, 388, 389, 390, 391, 392, 393, 394, 395, 396, 397, 398, 399, 400, 401, 402, 403, 404, 405, 406, 407, 408, 409, 410, 411, 412, 413, 414, 415, 416, 417, 418, 419, 420, 421, 422, 423, 424, 425, 426, 427, 428, 429, 430, 431, 432, 433, 434, 435, 436, 437, 438, 439, 440, 441, 442, 443, 444, 445, 446, 447, 448, 449, 450, 451, 452, 453]",2063674b691e9e7b,stage4/results/torch-thesis-all-coverage/coverage_report.json,stage4/results/torch-thesis-all-coverage/coverage_report.json,
torch,torch.storage.np.core.function_base.geomspace,stage4_coverage,selected_function_line_coverage_percent=0 < 60,selected_function_line_coverage_percent=0 < 60,2f80822762121336,,stage4/results/torch-thesis-all-coverage/low_coverage.csv,
torch,torch.storage.np.core.function_base.logspace,stage4_coverage,selected_function_line_coverage_percent=0 < 60,selected_function_line_coverage_percent=0 < 60,82f356e25075f9eb,,stage4/results/torch-thesis-all-coverage/low_coverage.csv,
torch,torch.storage.np.core.function_base.logspace,stage4_coverage,selected_function_low_coverage,"selected_function_line_coverage_percent=0 below threshold 60; missing_lines=[196, 197, 198, 199, 200, 201, 202, 203, 204, 205, 206, 207, 208, 209, 210, 211, 212, 213, 214, 215, 216, 217, 218, 219, 220, 221, 222, 223, 224, 225, 226, 227, 228, 229, 230, 231, 232, 233, 234, 235, 236, 237, 238, 239, 240, 241, 242, 243, 244, 245, 246, 247, 248, 249, 250, 251, 252, 253, 254, 255, 256, 257, 258, 259, 260, 261, 262, 263, 264, 265, 266, 267, 268, 269, 270, 271, 272, 273, 274, 275, 276, 277, 278, 279, 280, 281, 282, 283, 284, 285, 286, 287, 288, 289, 290, 291, 292, 293, 294, 295, 296, 297, 298, 299, 300, 301, 302, 303]",c703c73a7a017904,stage4/results/torch-thesis-all-coverage/coverage_report.json,stage4/results/torch-thesis-all-coverage/coverage_report.json,
torch,torch.storage.np.core.function_base.ndim,stage4_coverage,selected_function_low_coverage,"selected_function_line_coverage_percent=0 below threshold 60; missing_lines=[3482, 3483, 3484, 3485, 3486, 3487, 3488, 3489, 3490, 3491, 3492, 3493, 3494, 3495, 3496, 3497, 3498, 3499, 3500, 3501, 3502, 3503, 3504, 3505, 3506, 3507, 3508, 3509, 3510, 3511, 3512, 3513, 3514, 3515, 3516, 3517, 3518]",a6f68754297e2f12,stage4/results/torch-thesis-all-coverage/coverage_report.json,stage4/results/torch-thesis-all-coverage/coverage_report.json,
torch,torch.storage.np.core.function_base.ndim,stage4_coverage,selected_function_line_coverage_percent=0 < 60,selected_function_line_coverage_percent=0 < 60,f66ff6efec84db45,,stage4/results/torch-thesis-all-coverage/low_coverage.csv,
torch,torch.storage.np.core.numeric.base_repr,stage4_coverage,selected_function_low_coverage,"selected_function_line_coverage_percent=0 below threshold 60; missing_lines=[2169, 2170, 2171, 2172, 2173, 2174, 2175, 2176, 2177, 2178, 2179, 2180, 2181, 2182, 2183, 2184, 2185, 2186, 2187, 2188, 2189, 2190, 2191, 2192, 2193, 2194, 2195, 2196, 2197, 2198, 2199, 2200, 2201, 2202, 2203, 2204, 2205, 2206, 2207, 2208, 2209, 2210, 2211, 2212, 2213, 2214, 2215, 2216, 2217, 2218, 2219, 2220, 2221, 2222, 2223, 2224]",1567d20e22e544fb,stage4/results/torch-thesis-all-coverage/coverage_report.json,stage4/results/torch-thesis-all-coverage/coverage_report.json,
torch,torch.storage.np.core.numeric.base_repr,stage4_coverage,selected_function_line_coverage_percent=0 < 60,selected_function_line_coverage_percent=0 < 60,e61b48fe638a514a,,stage4/results/torch-thesis-all-coverage/low_coverage.csv,
torch,torch.storage.np.core.numeric.clip,stage4_coverage,selected_function_line_coverage_percent=0 < 60,selected_function_line_coverage_percent=0 < 60,33a1770e4c9e0959,,stage4/results/torch-thesis-all-coverage/low_coverage.csv,
torch,torch.storage.np.core.numeric.clip,stage4_coverage,selected_function_low_coverage,"selected_function_line_coverage_percent=0 below threshold 60; missing_lines=[2207, 2208, 2209, 2210, 2211, 2212, 2213, 2214, 2215, 2216, 2217, 2218, 2219, 2220, 2221, 2222, 2223, 2224, 2225, 2226, 2227, 2228, 2229, 2230, 2231, 2232, 2233, 2234, 2235, 2236, 2237, 2238, 2239, 2240, 2241, 2242, 2243, 2244, 2245, 2246, 2247, 2248, 2249, 2250, 2251, 2252, 2253, 2254, 2255, 2256, 2257, 2258, 2259, 2260, 2261, 2262, 2263, 2264, 2265, 2266, 2267, 2268, 2269, 2270, 2271, 2272, 2273, 2274, 2275, 2276, 2277, 2278, 2279, 2280, 2281, 2282, 2283, 2284, 2285, 2286, 2287, 2288, 2289, 2290, 2291, 2292, 2293, 2294, 2295, 2296]",7aaf15a1bc6fae5c,stage4/results/torch-thesis-all-coverage/coverage_report.json,stage4/results/torch-thesis-all-coverage/coverage_report.json,
torch,torch.storage.np.core.numeric.compress,stage4_coverage,selected_function_line_coverage_percent=0 < 60,selected_function_line_coverage_percent=0 < 60,5d6f7e3fe1f27119,,stage4/results/torch-thesis-all-coverage/low_coverage.csv,
torch,torch.storage.np.core.numeric.compress,stage4_coverage,selected_function_low_coverage,"selected_function_line_coverage_percent=0 below threshold 60; missing_lines=[2137, 2138, 2139, 2140, 2141, 2142, 2143, 2144, 2145, 2146, 2147, 2148, 2149, 2150, 2151, 2152, 2153, 2154, 2155, 2156, 2157, 2158, 2159, 2160, 2161, 2162, 2163, 2164, 2165, 2166, 2167, 2168, 2169, 2170, 2171, 2172, 2173, 2174, 2175, 2176, 2177, 2178, 2179, 2180, 2181, 2182, 2183, 2184, 2185, 2186, 2187, 2188, 2189, 2190, 2191, 2192, 2193, 2194, 2195, 2196, 2197, 2198, 2199]",7836593658792299,stage4/results/torch-thesis-all-coverage/coverage_report.json,stage4/results/torch-thesis-all-coverage/coverage_report.json,
torch,torch.storage.np.core.numeric.count_nonzero,stage4_coverage,selected_function_low_coverage,"selected_function_line_coverage_percent=0 below threshold 60; missing_lines=[483, 484, 485, 486, 487, 488, 489, 490, 491, 492, 493, 494, 495, 496, 497, 498, 499, 500, 501, 502, 503, 504, 505, 506, 507, 508, 509, 510, 511, 512, 513, 514, 515, 516, 517, 518, 519, 520, 521, 522, 523, 524, 525, 526, 527, 528, 529, 530, 531, 532, 533, 534, 535, 536, 537, 538, 539, 540, 541, 542, 543, 544, 545, 546, 547, 548, 549, 550]",78b988543ad5f494,stage4/results/torch-thesis-all-coverage/coverage_report.json,stage4/results/torch-thesis-all-coverage/coverage_report.json,
torch,torch.storage.np.core.numeric.count_nonzero,stage4_coverage,selected_function_line_coverage_percent=0 < 60,selected_function_line_coverage_percent=0 < 60,d60782e55c63d53a,,stage4/results/torch-thesis-all-coverage/low_coverage.csv,
torch,torch.storage.np.core.numeric.cumprod,stage4_coverage,selected_function_line_coverage_percent=0 < 60,selected_function_line_coverage_percent=0 < 60,4fa2e5c2f39b16bb,,stage4/results/torch-thesis-all-coverage/low_coverage.csv,
torch,torch.storage.np.core.numeric.cumprod,stage4_coverage,selected_function_low_coverage,"selected_function_line_coverage_percent=0 below threshold 60; missing_lines=[3412, 3413, 3414, 3415, 3416, 3417, 3418, 3419, 3420, 3421, 3422, 3423, 3424, 3425, 3426, 3427, 3428, 3429, 3430, 3431, 3432, 3433, 3434, 3435, 3436, 3437, 3438, 3439, 3440, 3441, 3442, 3443, 3444, 3445, 3446, 3447, 3448, 3449, 3450, 3451, 3452, 3453, 3454, 3455, 3456, 3457, 3458, 3459, 3460, 3461, 3462, 3463, 3464, 3465, 3466, 3467, 3468, 3469, 3470, 3471, 3472, 3473, 3474, 3475]",a9d2313ec21fadf1,stage4/results/torch-thesis-all-coverage/coverage_report.json,stage4/results/torch-thesis-all-coverage/coverage_report.json,
torch,torch.storage.np.core.numeric.format_float_positional,stage4_coverage,selected_function_low_coverage,"selected_function_line_coverage_percent=0 below threshold 60; missing_lines=[1212, 1213, 1214, 1215, 1216, 1217, 1218, 1219, 1220, 1221, 1222, 1223, 1224, 1225, 1226, 1227, 1228, 1229, 1230, 1231, 1232, 1233, 1234, 1235, 1236, 1237, 1238, 1239, 1240, 1241, 1242, 1243, 1244, 1245, 1246, 1247, 1248, 1249, 1250, 1251, 1252, 1253, 1254, 1255, 1256, 1257, 1258, 1259, 1260, 1261, 1262, 1263, 1264, 1265, 1266, 1267, 1268, 1269, 1270, 1271, 1272, 1273, 1274, 1275, 1276, 1277, 1278, 1279, 1280, 1281, 1282, 1283, 1284, 1285, 1286, 1287, 1288, 1289, 1290, 1291, 1292, 1293, 1294, 1295, 1296, 1297, 1298, 1299, 1300, 1301, 1302]",44c2dd235d160c2e,stage4/results/torch-thesis-all-coverage/coverage_report.json,stage4/results/torch-thesis-all-coverage/coverage_report.json,
torch,torch.storage.np.core.numeric.format_float_positional,stage4_coverage,selected_function_line_coverage_percent=0 < 60,selected_function_line_coverage_percent=0 < 60,e38843e25eb99a8f,,stage4/results/torch-thesis-all-coverage/low_coverage.csv,
torch,torch.storage.np.core.numeric.format_float_scientific,stage4_coverage,selected_function_low_coverage,"selected_function_line_coverage_percent=0 below threshold 60; missing_lines=[1131, 1132, 1133, 1134, 1135, 1136, 1137, 1138, 1139, 1140, 1141, 1142, 1143, 1144, 1145, 1146, 1147, 1148, 1149, 1150, 1151, 1152, 1153, 1154, 1155, 1156, 1157, 1158, 1159, 1160, 1161, 1162, 1163, 1164, 1165, 1166, 1167, 1168, 1169, 1170, 1171, 1172, 1173, 1174, 1175, 1176, 1177, 1178, 1179, 1180, 1181, 1182, 1183, 1184, 1185, 1186, 1187, 1188, 1189, 1190, 1191, 1192, 1193, 1194, 1195, 1196, 1197, 1198, 1199, 1200, 1201, 1202, 1203, 1204, 1205, 1206, 1207, 1208, 1209]",0629bbb7c9631bc5,stage4/results/torch-thesis-all-coverage/coverage_report.json,stage4/results/torch-thesis-all-coverage/coverage_report.json,
torch,torch.storage.np.core.numeric.format_float_scientific,stage4_coverage,selected_function_line_coverage_percent=0 < 60,selected_function_line_coverage_percent=0 < 60,f80f35bc9b488515,,stage4/results/torch-thesis-all-coverage/low_coverage.csv,
torch,torch.storage.np.core.numeric.full,stage4_coverage,selected_function_low_coverage,"selected_function_line_coverage_percent=0 below threshold 60; missing_lines=[323, 324, 325, 326, 327, 328, 329, 330, 331, 332, 333, 334, 335, 336, 337, 338, 339, 340, 341, 342, 343, 344, 345, 346, 347, 348, 349, 350, 351, 352, 353, 354, 355, 356, 357, 358, 359, 360, 361, 362, 363, 364, 365, 366, 367, 368, 369, 370, 371, 372, 373, 374, 375, 376, 377, 378, 379, 380, 381, 382, 383, 384, 385, 386, 387]",19a3d4d867229e24,stage4/results/torch-thesis-all-coverage/coverage_report.json,stage4/results/torch-thesis-all-coverage/coverage_report.json,
torch,torch.storage.np.core.numeric.full,stage4_coverage,selected_function_line_coverage_percent=0 < 60,selected_function_line_coverage_percent=0 < 60,f117e9a1389490d3,,stage4/results/torch-thesis-all-coverage/low_coverage.csv,
torch,torch.storage.np.core.numeric.identity,stage4_coverage,selected_function_line_coverage_percent=0 < 60,selected_function_line_coverage_percent=0 < 60,a8a2eae25c973d54,,stage4/results/torch-thesis-all-coverage/low_coverage.csv,
torch,torch.storage.np.core.numeric.identity,stage4_coverage,selected_function_low_coverage,"selected_function_line_coverage_percent=0 below threshold 60; missing_lines=[2242, 2243, 2244, 2245, 2246, 2247, 2248, 2249, 2250, 2251, 2252, 2253, 2254, 2255, 2256, 2257, 2258, 2259, 2260, 2261, 2262, 2263, 2264, 2265, 2266, 2267, 2268, 2269, 2270, 2271, 2272, 2273, 2274, 2275, 2276, 2277, 2278, 2279, 2280]",e71f7b7f8909f654,stage4/results/torch-thesis-all-coverage/coverage_report.json,stage4/results/torch-thesis-all-coverage/coverage_report.json,
torch,torch.storage.np.core.numeric.isscalar,stage4_coverage,selected_function_line_coverage_percent=0 < 60,selected_function_line_coverage_percent=0 < 60,68557839416ad67a,,stage4/results/torch-thesis-all-coverage/low_coverage.csv,
torch,torch.storage.np.core.numeric.isscalar,stage4_coverage,selected_function_low_coverage,"selected_function_line_coverage_percent=0 below threshold 60; missing_lines=[1975, 1976, 1977, 1978, 1979, 1980, 1981, 1982, 1983, 1984, 1985, 1986, 1987, 1988, 1989, 1990, 1991, 1992, 1993, 1994, 1995, 1996, 1997, 1998, 1999, 2000, 2001, 2002, 2003, 2004, 2005, 2006, 2007, 2008, 2009, 2010, 2011, 2012, 2013, 2014, 2015, 2016, 2017, 2018, 2019, 2020, 2021, 2022, 2023, 2024, 2025, 2026, 2027, 2028, 2029, 2030, 2031, 2032, 2033, 2034, 2035, 2036, 2037, 2038, 2039, 2040, 2041, 2042, 2043, 2044, 2045, 2046, 2047, 2048, 2049, 2050, 2051, 2052, 2053, 2054, 2055, 2056, 2057, 2058, 2059]",7cd21b2c585daef1,stage4/results/torch-thesis-all-coverage/coverage_report.json,stage4/results/torch-thesis-all-coverage/coverage_report.json,
torch,torch.storage.np.core.numeric.ndim,stage4_coverage,selected_function_line_coverage_percent=0 < 60,selected_function_line_coverage_percent=0 < 60,2174a0eef29af65a,,stage4/results/torch-thesis-all-coverage/low_coverage.csv,
torch,torch.storage.np.core.numeric.ndim,stage4_coverage,selected_function_low_coverage,"selected_function_line_coverage_percent=0 below threshold 60; missing_lines=[3482, 3483, 3484, 3485, 3486, 3487, 3488, 3489, 3490, 3491, 3492, 3493, 3494, 3495, 3496, 3497, 3498, 3499, 3500, 3501, 3502, 3503, 3504, 3505, 3506, 3507, 3508, 3509, 3510, 3511, 3512, 3513, 3514, 3515, 3516, 3517, 3518]",af79d5071044e134,stage4/results/torch-thesis-all-coverage/coverage_report.json,stage4/results/torch-thesis-all-coverage/coverage_report.json,
torch,torch.storage.np.core.numeric.nonzero,stage4_coverage,selected_function_low_coverage,"selected_function_line_coverage_percent=0 below threshold 60; missing_lines=[1993, 1994, 1995, 1996, 1997, 1998, 1999, 2000, 2001, 2002, 2003, 2004, 2005, 2006, 2007, 2008, 2009, 2010, 2011, 2012, 2013, 2014, 2015, 2016, 2017, 2018, 2019, 2020, 2021, 2022, 2023, 2024, 2025, 2026, 2027, 2028, 2029, 2030, 2031, 2032, 2033, 2034, 2035, 2036, 2037, 2038, 2039, 2040, 2041, 2042, 2043, 2044, 2045, 2046, 2047, 2048, 2049, 2050, 2051, 2052, 2053, 2054, 2055, 2056, 2057, 2058, 2059, 2060, 2061, 2062, 2063, 2064, 2065, 2066, 2067, 2068, 2069, 2070, 2071, 2072, 2073, 2074, 2075, 2076, 2077]",9457f95cfc426574,stage4/results/torch-thesis-all-coverage/coverage_report.json,stage4/results/torch-thesis-all-coverage/coverage_report.json,
torch,torch.storage.np.core.numeric.nonzero,stage4_coverage,selected_function_line_coverage_percent=0 < 60,selected_function_line_coverage_percent=0 < 60,a9928c7ddbfbb39c,,stage4/results/torch-thesis-all-coverage/low_coverage.csv,
torch,torch.storage.np.core.numeric.ones,stage4_coverage,selected_function_line_coverage_percent=0 < 60,selected_function_line_coverage_percent=0 < 60,b295fe0152b19971,,stage4/results/torch-thesis-all-coverage/low_coverage.csv,
torch,torch.storage.np.core.numeric.ones,stage4_coverage,selected_function_low_coverage,"selected_function_line_coverage_percent=0 below threshold 60; missing_lines=[170, 171, 172, 173, 174, 175, 176, 177, 178, 179, 180, 181, 182, 183, 184, 185, 186, 187, 188, 189, 190, 191, 192, 193, 194, 195, 196, 197, 198, 199, 200, 201, 202, 203, 204, 205, 206, 207, 208, 209, 210, 211, 212, 213, 214, 215, 216, 217, 218, 219, 220, 221, 222, 223, 224, 225, 226, 227, 228, 229, 230, 231, 232, 233, 234]",b300ed28e917ecbb,stage4/results/torch-thesis-all-coverage/coverage_report.json,stage4/results/torch-thesis-all-coverage/coverage_report.json,
torch,torch.storage.np.core.numeric.ones_like,stage4_coverage,selected_function_low_coverage,"selected_function_line_coverage_percent=0 below threshold 60; missing_lines=[246, 247, 248, 249, 250, 251, 252, 253, 254, 255, 256, 257, 258, 259, 260, 261, 262, 263, 264, 265, 266, 267, 268, 269, 270, 271, 272, 273, 274, 275, 276, 277, 278, 279, 280, 281, 282, 283, 284, 285, 286, 287, 288, 289, 290, 291, 292, 293, 294, 295, 296, 297, 298, 299, 300, 301, 302, 303, 304, 305, 306, 307, 308, 309, 310, 311, 312, 313, 314]",90d313bbe1afff43,stage4/results/torch-thesis-all-coverage/coverage_report.json,stage4/results/torch-thesis-all-coverage/coverage_report.json,
torch,torch.storage.np.core.numeric.ones_like,stage4_coverage,selected_function_line_coverage_percent=0 < 60,selected_function_line_coverage_percent=0 < 60,9409f9e6367446a3,,stage4/results/torch-thesis-all-coverage/low_coverage.csv,
torch,torch.storage.np.core.numeric.partition,stage4_coverage,selected_function_low_coverage,"selected_function_line_coverage_percent=0 below threshold 60; missing_lines=[732, 733, 734, 735, 736, 737, 738, 739, 740, 741, 742, 743, 744, 745, 746, 747, 748, 749, 750, 751, 752, 753, 754, 755, 756, 757, 758, 759, 760, 761, 762, 763, 764, 765, 766, 767, 768, 769, 770, 771, 772, 773, 774, 775, 776, 777, 778, 779, 780, 781, 782, 783, 784, 785, 786, 787, 788, 789, 790, 791, 792, 793, 794, 795, 796, 797, 798, 799, 800, 801, 802, 803, 804, 805, 806, 807, 808, 809, 810, 811, 812, 813, 814, 815, 816, 817, 818, 819, 820, 821, 822, 823, 824, 825, 826, 827, 828, 829, 830, 831, 832, 833, 834, 835, 836, 837, 838, 839, 840, 841]",3692eee73414c823,stage4/results/torch-thesis-all-coverage/coverage_report.json,stage4/results/torch-thesis-all-coverage/coverage_report.json,
torch,torch.storage.np.core.numeric.partition,stage4_coverage,selected_function_line_coverage_percent=0 < 60,selected_function_line_coverage_percent=0 < 60,e278a6abc154f192,,stage4/results/torch-thesis-all-coverage/low_coverage.csv,
torch,torch.storage.np.core.numeric.roll,stage4_coverage,selected_function_low_coverage,"selected_function_line_coverage_percent=0 below threshold 60; missing_lines=[1230, 1231, 1232, 1233, 1234, 1235, 1236, 1237, 1238, 1239, 1240, 1241, 1242, 1243, 1244, 1245, 1246, 1247, 1248, 1249, 1250, 1251, 1252, 1253, 1254, 1255, 1256, 1257, 1258, 1259, 1260, 1261, 1262, 1263, 1264, 1265, 1266, 1267, 1268, 1269, 1270, 1271, 1272, 1273, 1274, 1275, 1276, 1277, 1278, 1279, 1280, 1281, 1282, 1283, 1284, 1285, 1286, 1287, 1288, 1289, 1290, 1291, 1292, 1293, 1294, 1295, 1296, 1297, 1298, 1299, 1300, 1301, 1302, 1303, 1304, 1305, 1306, 1307, 1308, 1309, 1310, 1311, 1312, 1313, 1314, 1315, 1316, 1317, 1318, 1319, 1320, 1321, 1322, 1323, 1324, 1325, 1326, 1327, 1328, 1329, 1330, 1331, 1332, 1333]",70cc52079405da11,stage4/results/torch-thesis-all-coverage/coverage_report.json,stage4/results/torch-thesis-all-coverage/coverage_report.json,
torch,torch.storage.np.core.numeric.roll,stage4_coverage,selected_function_line_coverage_percent=0 < 60,selected_function_line_coverage_percent=0 < 60,9b11d5f097b7636a,,stage4/results/torch-thesis-all-coverage/low_coverage.csv,
torch,torch.storage.np.core.numeric.shape,stage4_coverage,selected_function_low_coverage,"selected_function_line_coverage_percent=0 below threshold 60; missing_lines=[2084, 2085, 2086, 2087, 2088, 2089, 2090, 2091, 2092, 2093, 2094, 2095, 2096, 2097, 2098, 2099, 2100, 2101, 2102, 2103, 2104, 2105, 2106, 2107, 2108, 2109, 2110, 2111, 2112, 2113, 2114, 2115, 2116, 2117, 2118, 2119, 2120, 2121, 2122, 2123, 2124, 2125, 2126, 2127, 2128, 2129, 2130]",15828c1542b9cc9b,stage4/results/torch-thesis-all-coverage/coverage_report.json,stage4/results/torch-thesis-all-coverage/coverage_report.json,
torch,torch.storage.np.core.numeric.shape,stage4_coverage,selected_function_line_coverage_percent=0 < 60,selected_function_line_coverage_percent=0 < 60,c62d35a5d29eb830,,stage4/results/torch-thesis-all-coverage/low_coverage.csv,
torch,torch.storage.np.core.numeric.sort,stage4_coverage,selected_function_low_coverage,"selected_function_line_coverage_percent=0 below threshold 60; missing_lines=[939, 940, 941, 942, 943, 944, 945, 946, 947, 948, 949, 950, 951, 952, 953, 954, 955, 956, 957, 958, 959, 960, 961, 962, 963, 964, 965, 966, 967, 968, 969, 970, 971, 972, 973, 974, 975, 976, 977, 978, 979, 980, 981, 982, 983, 984, 985, 986, 987, 988, 989, 990, 991, 992, 993, 994, 995, 996, 997, 998, 999, 1000, 1001, 1002, 1003, 1004, 1005, 1006, 1007, 1008, 1009, 1010, 1011, 1012, 1013, 1014, 1015, 1016, 1017, 1018, 1019, 1020, 1021, 1022, 1023, 1024, 1025, 1026, 1027, 1028, 1029, 1030, 1031, 1032, 1033, 1034, 1035, 1036, 1037, 1038, 1039, 1040, 1041, 1042, 1043, 1044, 1045, 1046, 1047, 1048, 1049, 1050, 1051, 1052, 1053, 1054, 1055, 1056, 1057, 1058, 1059, 1060, 1061, 1062, 1063, 1064, 1065, 1066, 1067, 1068, 1069, 1070, 1071, 1072, 1073, 1074, 1075, 1076, 1077, 1078, 1079, 1080, 1081, 1082, 1083, 1084, 1085, 1086, 1087, 1088, 1089, 1090, 1091, 1092, 1093]",7d93b2743bf0531f,stage4/results/torch-thesis-all-coverage/coverage_report.json,stage4/results/torch-thesis-all-coverage/coverage_report.json,
torch,torch.storage.np.core.numeric.sort,stage4_coverage,selected_function_line_coverage_percent=0 < 60,selected_function_line_coverage_percent=0 < 60,a24adb4bdeec45a9,,stage4/results/torch-thesis-all-coverage/low_coverage.csv,
torch,torch.storage.np.core.numeric.transpose,stage4_coverage,selected_function_line_coverage_percent=0 < 60,selected_function_line_coverage_percent=0 < 60,4718f53bf521c26a,,stage4/results/torch-thesis-all-coverage/low_coverage.csv,
torch,torch.storage.np.core.numeric.transpose,stage4_coverage,selected_function_low_coverage,"selected_function_line_coverage_percent=0 below threshold 60; missing_lines=[604, 605, 606, 607, 608, 609, 610, 611, 612, 613, 614, 615, 616, 617, 618, 619, 620, 621, 622, 623, 624, 625, 626, 627, 628, 629, 630, 631, 632, 633, 634, 635, 636, 637, 638, 639, 640, 641, 642, 643, 644, 645, 646, 647, 648, 649, 650, 651, 652, 653, 654, 655, 656, 657, 658, 659, 660, 661, 662, 663, 664, 665, 666, 667, 668, 669, 670, 671, 672, 673, 674, 675, 676, 677]",8c0f1a408c3ddbdd,stage4/results/torch-thesis-all-coverage/coverage_report.json,stage4/results/torch-thesis-all-coverage/coverage_report.json,
torch,torch.storage.np.core.numeric.zeros_like,stage4_coverage,selected_function_line_coverage_percent=0 < 60,selected_function_line_coverage_percent=0 < 60,8bdde9f562b82588,,stage4/results/torch-thesis-all-coverage/low_coverage.csv,
torch,torch.storage.np.core.numeric.zeros_like,stage4_coverage,selected_function_low_coverage,"selected_function_line_coverage_percent=0 below threshold 60; missing_lines=[97, 98, 99, 100, 101, 102, 103, 104, 105, 106, 107, 108, 109, 110, 111, 112, 113, 114, 115, 116, 117, 118, 119, 120, 121, 122, 123, 124, 125, 126, 127, 128, 129, 130, 131, 132, 133, 134, 135, 136, 137, 138, 139, 140, 141, 142, 143, 144, 145, 146, 147, 148, 149, 150, 151, 152, 153, 154, 155, 156, 157, 158, 159, 160, 161, 162, 163, 164, 165, 166, 167]",b56a825ede7d8281,stage4/results/torch-thesis-all-coverage/coverage_report.json,stage4/results/torch-thesis-all-coverage/coverage_report.json,
torch,torch.storage.np.core.numerictypes.maximum_sctype,stage4_coverage,selected_function_line_coverage_percent=0 < 60,selected_function_line_coverage_percent=0 < 60,4e6d05e86efec45d,,stage4/results/torch-thesis-all-coverage/low_coverage.csv,
torch,torch.storage.np.core.numerictypes.maximum_sctype,stage4_coverage,selected_function_low_coverage,"selected_function_line_coverage_percent=0 below threshold 60; missing_lines=[128, 129, 130, 131, 132, 133, 134, 135, 136, 137, 138, 139, 140, 141, 142, 143, 144, 145, 146, 147, 148, 149, 150, 151, 152, 153, 154, 155, 156, 157, 158, 159, 160, 161, 162, 163, 164, 165, 166, 167, 168, 169, 170, 171, 172, 173, 174, 175, 176, 177, 178, 179, 180, 181, 182, 183, 184, 185, 186, 187, 188]",5b0973d7cfd53b7d,stage4/results/torch-thesis-all-coverage/coverage_report.json,stage4/results/torch-thesis-all-coverage/coverage_report.json,
torch,torch.storage.np.core.records.fromarrays,stage4_coverage,selected_function_line_coverage_percent=0 < 60,selected_function_line_coverage_percent=0 < 60,02527d6f60a7aec1,,stage4/results/torch-thesis-all-coverage/low_coverage.csv,
torch,torch.storage.np.core.records.fromarrays,stage4_coverage,selected_function_low_coverage,"selected_function_line_coverage_percent=0 below threshold 60; missing_lines=[568, 569, 570, 571, 572, 573, 574, 575, 576, 577, 578, 579, 580, 581, 582, 583, 584, 585, 586, 587, 588, 589, 590, 591, 592, 593, 594, 595, 596, 597, 598, 599, 600, 601, 602, 603, 604, 605, 606, 607, 608, 609, 610, 611, 612, 613, 614, 615, 616, 617, 618, 619, 620, 621, 622, 623, 624, 625, 626, 627, 628, 629, 630, 631, 632, 633, 634, 635, 636, 637, 638, 639, 640, 641, 642, 643, 644, 645, 646, 647, 648, 649, 650, 651, 652, 653, 654, 655, 656, 657, 658, 659, 660]",973e276c6fe81812,stage4/results/torch-thesis-all-coverage/coverage_report.json,stage4/results/torch-thesis-all-coverage/coverage_report.json,
torch,torch.storage.np.core.records.fromrecords,stage4_coverage,selected_function_line_coverage_percent=0 < 60,selected_function_line_coverage_percent=0 < 60,8f55a1a5f9898822,,stage4/results/torch-thesis-all-coverage/low_coverage.csv,
torch,torch.storage.np.core.records.fromrecords,stage4_coverage,selected_function_low_coverage,"selected_function_line_coverage_percent=0 below threshold 60; missing_lines=[663, 664, 665, 666, 667, 668, 669, 670, 671, 672, 673, 674, 675, 676, 677, 678, 679, 680, 681, 682, 683, 684, 685, 686, 687, 688, 689, 690, 691, 692, 693, 694, 695, 696, 697, 698, 699, 700, 701, 702, 703, 704, 705, 706, 707, 708, 709, 710, 711, 712, 713, 714, 715, 716, 717, 718, 719, 720, 721, 722, 723, 724, 725, 726, 727, 728, 729, 730, 731, 732, 733, 734, 735, 736, 737, 738, 739, 740, 741, 742, 743, 744, 745, 746, 747, 748, 749]",d6fcf273b63689bb,stage4/results/torch-thesis-all-coverage/coverage_report.json,stage4/results/torch-thesis-all-coverage/coverage_report.json,
torch,torch.storage.np.core.shape_base.block,stage4_coverage,selected_function_line_coverage_percent=0 < 60,selected_function_line_coverage_percent=0 < 60,2cf455b71706d1e0,,stage4/results/torch-thesis-all-coverage/low_coverage.csv,
torch,torch.storage.np.core.shape_base.block,stage4_coverage,selected_function_low_coverage,"selected_function_line_coverage_percent=0 below threshold 60; missing_lines=[778, 779, 780, 781, 782, 783, 784, 785, 786, 787, 788, 789, 790, 791, 792, 793, 794, 795, 796, 797, 798, 799, 800, 801, 802, 803, 804, 805, 806, 807, 808, 809, 810, 811, 812, 813, 814, 815, 816, 817, 818, 819, 820, 821, 822, 823, 824, 825, 826, 827, 828, 829, 830, 831, 832, 833, 834, 835, 836, 837, 838, 839, 840, 841, 842, 843, 844, 845, 846, 847, 848, 849, 850, 851, 852, 853, 854, 855, 856, 857, 858, 859, 860, 861, 862, 863, 864, 865, 866, 867, 868, 869, 870, 871, 872, 873, 874, 875, 876, 877, 878, 879, 880, 881, 882, 883, 884, 885, 886, 887, 888, 889, 890, 891, 892, 893, 894, 895, 896, 897, 898, 899, 900, 901, 902, 903, 904, 905, 906, 907, 908, 909, 910, 911, 912, 913, 914, 915, 916, 917, 918, 919, 920, 921, 922, 923, 924, 925, 926, 927, 928, 929, 930, 931, 932, 933, 934, 935, 936, 937, 938, 939, 940, 941, 942, 943, 944, 945, 946, 947]",8665ba3f605eefc7,stage4/results/torch-thesis-all-coverage/coverage_report.json,stage4/results/torch-thesis-all-coverage/coverage_report.json,
torch,torch.storage.np.core.shape_base.hstack,stage4_coverage,selected_function_line_coverage_percent=0 < 60,selected_function_line_coverage_percent=0 < 60,0bb98a80370d85e5,,stage4/results/torch-thesis-all-coverage/low_coverage.csv,
torch,torch.storage.np.core.shape_base.hstack,stage4_coverage,selected_function_low_coverage,"selected_function_line_coverage_percent=0 below threshold 60; missing_lines=[293, 294, 295, 296, 297, 298, 299, 300, 301, 302, 303, 304, 305, 306, 307, 308, 309, 310, 311, 312, 313, 314, 315, 316, 317, 318, 319, 320, 321, 322, 323, 324, 325, 326, 327, 328, 329, 330, 331, 332, 333, 334, 335, 336, 337, 338, 339, 340, 341, 342, 343, 344, 345, 346, 347, 348, 349, 350, 351, 352, 353, 354, 355, 356, 357, 358, 359, 360, 361, 362, 363, 364, 365]",33f06b6ee7232c0e,stage4/results/torch-thesis-all-coverage/coverage_report.json,stage4/results/torch-thesis-all-coverage/coverage_report.json,
torch,torch.storage.np.core.shape_base.stack,stage4_coverage,selected_function_line_coverage_percent=0 < 60,selected_function_line_coverage_percent=0 < 60,1569c7f401b384e2,,stage4/results/torch-thesis-all-coverage/low_coverage.csv,
torch,torch.storage.np.core.shape_base.stack,stage4_coverage,selected_function_low_coverage,"selected_function_line_coverage_percent=0 below threshold 60; missing_lines=[378, 379, 380, 381, 382, 383, 384, 385, 386, 387, 388, 389, 390, 391, 392, 393, 394, 395, 396, 397, 398, 399, 400, 401, 402, 403, 404, 405, 406, 407, 408, 409, 410, 411, 412, 413, 414, 415, 416, 417, 418, 419, 420, 421, 422, 423, 424, 425, 426, 427, 428, 429, 430, 431, 432, 433, 434, 435, 436, 437, 438, 439, 440, 441, 442, 443, 444, 445, 446, 447, 448, 449, 450, 451, 452, 453, 454, 455, 456, 457, 458, 459, 460, 461, 462, 463, 464, 465, 466]",673106adea7dff26,stage4/results/torch-thesis-all-coverage/coverage_report.json,stage4/results/torch-thesis-all-coverage/coverage_report.json,
torch,torch.storage.np.core.shape_base.vstack,stage4_coverage,selected_function_low_coverage,"selected_function_line_coverage_percent=0 below threshold 60; missing_lines=[218, 219, 220, 221, 222, 223, 224, 225, 226, 227, 228, 229, 230, 231, 232, 233, 234, 235, 236, 237, 238, 239, 240, 241, 242, 243, 244, 245, 246, 247, 248, 249, 250, 251, 252, 253, 254, 255, 256, 257, 258, 259, 260, 261, 262, 263, 264, 265, 266, 267, 268, 269, 270, 271, 272, 273, 274, 275, 276, 277, 278, 279, 280, 281, 282, 283, 284, 285, 286, 287, 288, 289, 290]",b138da988c9989cc,stage4/results/torch-thesis-all-coverage/coverage_report.json,stage4/results/torch-thesis-all-coverage/coverage_report.json,
torch,torch.storage.np.core.shape_base.vstack,stage4_coverage,selected_function_line_coverage_percent=0 < 60,selected_function_line_coverage_percent=0 < 60,ec5f5b2d9174798c,,stage4/results/torch-thesis-all-coverage/low_coverage.csv,
torch,torch.storage.np.corrcoef,stage4_coverage,selected_function_low_coverage,"selected_function_line_coverage_percent=0 below threshold 60; missing_lines=[2897, 2898, 2899, 2900, 2901, 2902, 2903, 2904, 2905, 2906, 2907, 2908, 2909, 2910, 2911, 2912, 2913, 2914, 2915, 2916, 2917, 2918, 2919, 2920, 2921, 2922, 2923, 2924, 2925, 2926, 2927, 2928, 2929, 2930, 2931, 2932, 2933, 2934, 2935, 2936, 2937, 2938, 2939, 2940, 2941, 2942, 2943, 2944, 2945, 2946, 2947, 2948, 2949, 2950, 2951, 2952, 2953, 2954, 2955, 2956, 2957, 2958, 2959, 2960, 2961, 2962, 2963, 2964, 2965, 2966, 2967, 2968, 2969, 2970, 2971, 2972, 2973, 2974, 2975, 2976, 2977, 2978, 2979, 2980, 2981, 2982, 2983, 2984, 2985, 2986, 2987, 2988, 2989, 2990, 2991, 2992, 2993, 2994, 2995, 2996, 2997, 2998, 2999, 3000, 3001, 3002, 3003, 3004, 3005, 3006, 3007, 3008, 3009, 3010, 3011, 3012, 3013, 3014, 3015, 3016, 3017, 3018, 3019, 3020, 3021, 3022, 3023, 3024, 3025, 3026, 3027, 3028, 3029, 3030, 3031, 3032, 3033]",3e080c79172f2bae,stage4/results/torch-thesis-all-coverage/coverage_report.json,stage4/results/torch-thesis-all-coverage/coverage_report.json,
torch,torch.storage.np.corrcoef,stage4_coverage,selected_function_line_coverage_percent=0 < 60,selected_function_line_coverage_percent=0 < 60,e56aba1a6f0148ab,,stage4/results/torch-thesis-all-coverage/low_coverage.csv,
torch,torch.storage.np.count_nonzero,stage4_coverage,selected_function_line_coverage_percent=0 < 60,selected_function_line_coverage_percent=0 < 60,1e7a99b42010a30e,,stage4/results/torch-thesis-all-coverage/low_coverage.csv,
torch,torch.storage.np.count_nonzero,stage4_coverage,selected_function_low_coverage,"selected_function_line_coverage_percent=0 below threshold 60; missing_lines=[483, 484, 485, 486, 487, 488, 489, 490, 491, 492, 493, 494, 495, 496, 497, 498, 499, 500, 501, 502, 503, 504, 505, 506, 507, 508, 509, 510, 511, 512, 513, 514, 515, 516, 517, 518, 519, 520, 521, 522, 523, 524, 525, 526, 527, 528, 529, 530, 531, 532, 533, 534, 535, 536, 537, 538, 539, 540, 541, 542, 543, 544, 545, 546, 547, 548, 549, 550]",676dbc8f949c900e,stage4/results/torch-thesis-all-coverage/coverage_report.json,stage4/results/torch-thesis-all-coverage/coverage_report.json,
torch,torch.storage.np.cov,stage4_coverage,selected_function_line_coverage_percent=0 < 60,selected_function_line_coverage_percent=0 < 60,33f684d95920595d,,stage4/results/torch-thesis-all-coverage/low_coverage.csv,
torch,torch.storage.np.cov,stage4_coverage,selected_function_low_coverage,"selected_function_line_coverage_percent=0 below threshold 60; missing_lines=[2674, 2675, 2676, 2677, 2678, 2679, 2680, 2681, 2682, 2683, 2684, 2685, 2686, 2687, 2688, 2689, 2690, 2691, 2692, 2693, 2694, 2695, 2696, 2697, 2698, 2699, 2700, 2701, 2702, 2703, 2704, 2705, 2706, 2707, 2708, 2709, 2710, 2711, 2712, 2713, 2714, 2715, 2716, 2717, 2718, 2719, 2720, 2721, 2722, 2723, 2724, 2725, 2726, 2727, 2728, 2729, 2730, 2731, 2732, 2733, 2734, 2735, 2736, 2737, 2738, 2739, 2740, 2741, 2742, 2743, 2744, 2745, 2746, 2747, 2748, 2749, 2750, 2751, 2752, 2753, 2754, 2755, 2756, 2757, 2758, 2759, 2760, 2761, 2762, 2763, 2764, 2765, 2766, 2767, 2768, 2769, 2770, 2771, 2772, 2773, 2774, 2775, 2776, 2777, 2778, 2779, 2780, 2781, 2782, 2783, 2784, 2785, 2786, 2787, 2788, 2789, 2790, 2791, 2792, 2793, 2794, 2795, 2796, 2797, 2798, 2799, 2800, 2801, 2802, 2803, 2804, 2805, 2806, 2807, 2808, 2809, 2810, 2811, 2812, 2813, 2814, 2815, 2816, 2817, 2818, 2819, 2820, 2821, 2822, 2823, 2824, 2825, 2826, 2827, 2828, 2829, 2830, 2831, 2832, 2833, 2834, 2835, 2836, 2837, 2838, 2839, 2840, 2841, 2842, 2843, 2844, 2845, 2846, 2847, 2848, 2849, 2850, 2851, 2852, 2853, 2854, 2855, 2856, 2857, 2858, 2859, 2860, 2861, 2862, 2863, 2864, 2865, 2866, 2867, 2868, 2869, 2870, 2871, 2872, 2873, 2874, 2875, 2876, 2877, 2878, 2879, 2880, 2881, 2882, 2883, 2884, 2885, 2886, 2887, 2888, 2889]",5801a017142b14af,stage4/results/torch-thesis-all-coverage/coverage_report.json,stage4/results/torch-thesis-all-coverage/coverage_report.json,
torch,torch.storage.np.ctypeslib.ndpointer,stage4_coverage,selected_function_line_coverage_percent=0 < 60,selected_function_line_coverage_percent=0 < 60,8f09890690235a24,,stage4/results/torch-thesis-all-coverage/low_coverage.csv,
torch,torch.storage.np.ctypeslib.ndpointer,stage4_coverage,selected_function_low_coverage,"selected_function_line_coverage_percent=0 below threshold 60; missing_lines=[238, 239, 240, 241, 242, 243, 244, 245, 246, 247, 248, 249, 250, 251, 252, 253, 254, 255, 256, 257, 258, 259, 260, 261, 262, 263, 264, 265, 266, 267, 268, 269, 270, 271, 272, 273, 274, 275, 276, 277, 278, 279, 280, 281, 282, 283, 284, 285, 286, 287, 288, 289, 290, 291, 292, 293, 294, 295, 296, 297, 298, 299, 300, 301, 302, 303, 304, 305, 306, 307, 308, 309, 310, 311, 312, 313, 314, 315, 316, 317, 318, 319, 320, 321, 322, 323, 324, 325, 326, 327, 328, 329, 330, 331, 332, 333, 334, 335, 336, 337, 338, 339, 340, 341, 342, 343, 344, 345, 346, 347, 348, 349, 350, 351, 352, 353]",b4a5454515f441f7,stage4/results/torch-thesis-all-coverage/coverage_report.json,stage4/results/torch-thesis-all-coverage/coverage_report.json,
torch,torch.storage.np.cumprod,stage4_coverage,selected_function_line_coverage_percent=0 < 60,selected_function_line_coverage_percent=0 < 60,5d81edf495fe2056,,stage4/results/torch-thesis-all-coverage/low_coverage.csv,
torch,torch.storage.np.cumprod,stage4_coverage,selected_function_low_coverage,"selected_function_line_coverage_percent=0 below threshold 60; missing_lines=[3412, 3413, 3414, 3415, 3416, 3417, 3418, 3419, 3420, 3421, 3422, 3423, 3424, 3425, 3426, 3427, 3428, 3429, 3430, 3431, 3432, 3433, 3434, 3435, 3436, 3437, 3438, 3439, 3440, 3441, 3442, 3443, 3444, 3445, 3446, 3447, 3448, 3449, 3450, 3451, 3452, 3453, 3454, 3455, 3456, 3457, 3458, 3459, 3460, 3461, 3462, 3463, 3464, 3465, 3466, 3467, 3468, 3469, 3470, 3471, 3472, 3473, 3474, 3475]",762dd424ebec53e0,stage4/results/torch-thesis-all-coverage/coverage_report.json,stage4/results/torch-thesis-all-coverage/coverage_report.json,
torch,torch.storage.np.diff,stage4_coverage,selected_function_line_coverage_percent=0 < 60,selected_function_line_coverage_percent=0 < 60,93613697dfe69c5d,,stage4/results/torch-thesis-all-coverage/low_coverage.csv,
torch,torch.storage.np.diff,stage4_coverage,selected_function_low_coverage,"selected_function_line_coverage_percent=0 below threshold 60; missing_lines=[1402, 1403, 1404, 1405, 1406, 1407, 1408, 1409, 1410, 1411, 1412, 1413, 1414, 1415, 1416, 1417, 1418, 1419, 1420, 1421, 1422, 1423, 1424, 1425, 1426, 1427, 1428, 1429, 1430, 1431, 1432, 1433, 1434, 1435, 1436, 1437, 1438, 1439, 1440, 1441, 1442, 1443, 1444, 1445, 1446, 1447, 1448, 1449, 1450, 1451, 1452, 1453, 1454, 1455, 1456, 1457, 1458, 1459, 1460, 1461, 1462, 1463, 1464, 1465, 1466, 1467, 1468, 1469, 1470, 1471, 1472, 1473, 1474, 1475, 1476, 1477, 1478, 1479, 1480, 1481, 1482, 1483, 1484, 1485, 1486, 1487, 1488, 1489, 1490, 1491, 1492, 1493, 1494, 1495, 1496, 1497, 1498, 1499, 1500, 1501, 1502, 1503, 1504, 1505, 1506, 1507, 1508, 1509, 1510, 1511, 1512, 1513, 1514, 1515, 1516, 1517, 1518, 1519, 1520, 1521, 1522, 1523, 1524, 1525, 1526, 1527, 1528, 1529, 1530, 1531]",ae083403f60ae917,stage4/results/torch-thesis-all-coverage/coverage_report.json,stage4/results/torch-thesis-all-coverage/coverage_report.json,
torch,torch.storage.np.digitize,stage4_coverage,selected_function_low_coverage,"selected_function_line_coverage_percent=0 below threshold 60; missing_lines=[5651, 5652, 5653, 5654, 5655, 5656, 5657, 5658, 5659, 5660, 5661, 5662, 5663, 5664, 5665, 5666, 5667, 5668, 5669, 5670, 5671, 5672, 5673, 5674, 5675, 5676, 5677, 5678, 5679, 5680, 5681, 5682, 5683, 5684, 5685, 5686, 5687, 5688, 5689, 5690, 5691, 5692, 5693, 5694, 5695, 5696, 5697, 5698, 5699, 5700, 5701, 5702, 5703, 5704, 5705, 5706, 5707, 5708, 5709, 5710, 5711, 5712, 5713, 5714, 5715, 5716, 5717, 5718, 5719, 5720, 5721, 5722, 5723, 5724, 5725, 5726, 5727, 5728, 5729, 5730, 5731, 5732, 5733, 5734, 5735, 5736, 5737, 5738, 5739, 5740, 5741, 5742, 5743, 5744, 5745, 5746, 5747, 5748, 5749, 5750, 5751, 5752, 5753, 5754, 5755, 5756, 5757, 5758, 5759, 5760]",10cadcaffd9b960c,stage4/results/torch-thesis-all-coverage/coverage_report.json,stage4/results/torch-thesis-all-coverage/coverage_report.json,
torch,torch.storage.np.digitize,stage4_coverage,selected_function_line_coverage_percent=0 < 60,selected_function_line_coverage_percent=0 < 60,aebcfab068243575,,stage4/results/torch-thesis-all-coverage/low_coverage.csv,
torch,torch.storage.np.dstack,stage4_coverage,selected_function_low_coverage,"selected_function_line_coverage_percent=0 below threshold 60; missing_lines=[673, 674, 675, 676, 677, 678, 679, 680, 681, 682, 683, 684, 685, 686, 687, 688, 689, 690, 691, 692, 693, 694, 695, 696, 697, 698, 699, 700, 701, 702, 703, 704, 705, 706, 707, 708, 709, 710, 711, 712, 713, 714, 715, 716, 717, 718, 719, 720, 721, 722, 723, 724, 725, 726, 727, 728, 729, 730]",18eb530eecff5912,stage4/results/torch-thesis-all-coverage/coverage_report.json,stage4/results/torch-thesis-all-coverage/coverage_report.json,
torch,torch.storage.np.dstack,stage4_coverage,selected_function_line_coverage_percent=0 < 60,selected_function_line_coverage_percent=0 < 60,ead7b646a1d1efc7,,stage4/results/torch-thesis-all-coverage/low_coverage.csv,
torch,torch.storage.np.expand_dims,stage4_coverage,selected_function_low_coverage,"selected_function_line_coverage_percent=0 below threshold 60; missing_lines=[515, 516, 517, 518, 519, 520, 521, 522, 523, 524, 525, 526, 527, 528, 529, 530, 531, 532, 533, 534, 535, 536, 537, 538, 539, 540, 541, 542, 543, 544, 545, 546, 547, 548, 549, 550, 551, 552, 553, 554, 555, 556, 557, 558, 559, 560, 561, 562, 563, 564, 565, 566, 567, 568, 569, 570, 571, 572, 573, 574, 575, 576, 577, 578, 579, 580, 581, 582, 583, 584, 585, 586, 587, 588, 589, 590, 591, 592, 593, 594, 595, 596, 597, 598, 599, 600, 601, 602]",3ceb7acae363054c,stage4/results/torch-thesis-all-coverage/coverage_report.json,stage4/results/torch-thesis-all-coverage/coverage_report.json,
torch,torch.storage.np.expand_dims,stage4_coverage,selected_function_line_coverage_percent=0 < 60,selected_function_line_coverage_percent=0 < 60,81d94bc78cc196c2,,stage4/results/torch-thesis-all-coverage/low_coverage.csv,
torch,torch.storage.np.extract,stage4_coverage,selected_function_line_coverage_percent=0 < 60,selected_function_line_coverage_percent=0 < 60,da7953e75e548ad0,,stage4/results/torch-thesis-all-coverage/low_coverage.csv,
torch,torch.storage.np.extract,stage4_coverage,selected_function_low_coverage,"selected_function_line_coverage_percent=0 below threshold 60; missing_lines=[2043, 2044, 2045, 2046, 2047, 2048, 2049, 2050, 2051, 2052, 2053, 2054, 2055, 2056, 2057, 2058, 2059, 2060, 2061, 2062, 2063, 2064, 2065, 2066, 2067, 2068, 2069, 2070, 2071, 2072, 2073, 2074, 2075, 2076, 2077, 2078, 2079, 2080, 2081, 2082, 2083, 2084, 2085, 2086, 2087, 2088, 2089, 2090, 2091, 2092, 2093]",df06d952a3ec0590,stage4/results/torch-thesis-all-coverage/coverage_report.json,stage4/results/torch-thesis-all-coverage/coverage_report.json,
torch,torch.storage.np.fft.fftfreq,stage4_coverage,selected_function_low_coverage,"selected_function_line_coverage_percent=0 below threshold 60; missing_lines=[125, 126, 127, 128, 129, 130, 131, 132, 133, 134, 135, 136, 137, 138, 139, 140, 141, 142, 143, 144, 145, 146, 147, 148, 149, 150, 151, 152, 153, 154, 155, 156, 157, 158, 159, 160, 161, 162, 163, 164, 165, 166, 167, 168, 169, 170, 171, 172, 173, 174, 175, 176, 177]",54f2ada717b2f24b,stage4/results/torch-thesis-all-coverage/coverage_report.json,stage4/results/torch-thesis-all-coverage/coverage_report.json,
torch,torch.storage.np.fft.fftfreq,stage4_coverage,selected_function_line_coverage_percent=0 < 60,selected_function_line_coverage_percent=0 < 60,796ad68060451db4,,stage4/results/torch-thesis-all-coverage/low_coverage.csv,
torch,torch.storage.np.fft.fftn,stage4_coverage,selected_function_low_coverage,"selected_function_line_coverage_percent=0 below threshold 60; missing_lines=[755, 756, 757, 758, 759, 760, 761, 762, 763, 764, 765, 766, 767, 768, 769, 770, 771, 772, 773, 774, 775, 776, 777, 778, 779, 780, 781, 782, 783, 784, 785, 786, 787, 788, 789, 790, 791, 792, 793, 794, 795, 796, 797, 798, 799, 800, 801, 802, 803, 804, 805, 806, 807, 808, 809, 810, 811, 812, 813, 814, 815, 816, 817, 818, 819, 820, 821, 822, 823, 824, 825, 826, 827, 828, 829, 830, 831, 832, 833, 834, 835, 836, 837, 838, 839, 840, 841, 842, 843, 844, 845, 846, 847, 848, 849, 850, 851, 852, 853, 854, 855, 856, 857, 858, 859, 860, 861, 862, 863, 864, 865, 866, 867, 868, 869, 870, 871, 872, 873, 874, 875, 876, 877, 878, 879, 880, 881, 882, 883, 884]",75d08c3698d1e954,stage4/results/torch-thesis-all-coverage/coverage_report.json,stage4/results/torch-thesis-all-coverage/coverage_report.json,
torch,torch.storage.np.fft.fftn,stage4_coverage,selected_function_line_coverage_percent=0 < 60,selected_function_line_coverage_percent=0 < 60,77713a6458e764a6,,stage4/results/torch-thesis-all-coverage/low_coverage.csv,
torch,torch.storage.np.fft.fftshift,stage4_coverage,selected_function_line_coverage_percent=0 < 60,selected_function_line_coverage_percent=0 < 60,a23f9d37142cca2d,,stage4/results/torch-thesis-all-coverage/low_coverage.csv,
torch,torch.storage.np.fft.fftshift,stage4_coverage,selected_function_low_coverage,"selected_function_line_coverage_percent=0 below threshold 60; missing_lines=[19, 20, 21, 22, 23, 24, 25, 26, 27, 28, 29, 30, 31, 32, 33, 34, 35, 36, 37, 38, 39, 40, 41, 42, 43, 44, 45, 46, 47, 48, 49, 50, 51, 52, 53, 54, 55, 56, 57, 58, 59, 60, 61, 62, 63, 64, 65, 66, 67, 68, 69, 70, 71, 72, 73, 74]",f080adba8f7f4143,stage4/results/torch-thesis-all-coverage/coverage_report.json,stage4/results/torch-thesis-all-coverage/coverage_report.json,
torch,torch.storage.np.fft.ifftn,stage4_coverage,selected_function_low_coverage,"selected_function_line_coverage_percent=0 below threshold 60; missing_lines=[887, 888, 889, 890, 891, 892, 893, 894, 895, 896, 897, 898, 899, 900, 901, 902, 903, 904, 905, 906, 907, 908, 909, 910, 911, 912, 913, 914, 915, 916, 917, 918, 919, 920, 921, 922, 923, 924, 925, 926, 927, 928, 929, 930, 931, 932, 933, 934, 935, 936, 937, 938, 939, 940, 941, 942, 943, 944, 945, 946, 947, 948, 949, 950, 951, 952, 953, 954, 955, 956, 957, 958, 959, 960, 961, 962, 963, 964, 965, 966, 967, 968, 969, 970, 971, 972, 973, 974, 975, 976, 977, 978, 979, 980, 981, 982, 983, 984, 985, 986, 987, 988, 989, 990, 991, 992, 993, 994, 995, 996, 997, 998, 999, 1000, 1001, 1002, 1003, 1004, 1005, 1006, 1007, 1008, 1009, 1010, 1011, 1012, 1013, 1014, 1015, 1016]",9f2c172b999d3ab0,stage4/results/torch-thesis-all-coverage/coverage_report.json,stage4/results/torch-thesis-all-coverage/coverage_report.json,
torch,torch.storage.np.fft.ifftn,stage4_coverage,selected_function_line_coverage_percent=0 < 60,selected_function_line_coverage_percent=0 < 60,af554044492b5917,,stage4/results/torch-thesis-all-coverage/low_coverage.csv,
torch,torch.storage.np.fft.ifftshift,stage4_coverage,selected_function_low_coverage,"selected_function_line_coverage_percent=0 below threshold 60; missing_lines=[77, 78, 79, 80, 81, 82, 83, 84, 85, 86, 87, 88, 89, 90, 91, 92, 93, 94, 95, 96, 97, 98, 99, 100, 101, 102, 103, 104, 105, 106, 107, 108, 109, 110, 111, 112, 113, 114, 115, 116, 117, 118, 119, 120, 121, 122]",aa806b31de67ee3c,stage4/results/torch-thesis-all-coverage/coverage_report.json,stage4/results/torch-thesis-all-coverage/coverage_report.json,
torch,torch.storage.np.fft.ifftshift,stage4_coverage,selected_function_line_coverage_percent=0 < 60,selected_function_line_coverage_percent=0 < 60,d8819fbd401ee8e8,,stage4/results/torch-thesis-all-coverage/low_coverage.csv,
torch,torch.storage.np.fft.rfftfreq,stage4_coverage,selected_function_line_coverage_percent=0 < 60,selected_function_line_coverage_percent=0 < 60,35f48f04eb0d4288,,stage4/results/torch-thesis-all-coverage/low_coverage.csv,
torch,torch.storage.np.fft.rfftfreq,stage4_coverage,selected_function_low_coverage,"selected_function_line_coverage_percent=0 below threshold 60; missing_lines=[180, 181, 182, 183, 184, 185, 186, 187, 188, 189, 190, 191, 192, 193, 194, 195, 196, 197, 198, 199, 200, 201, 202, 203, 204, 205, 206, 207, 208, 209, 210, 211, 212, 213, 214, 215, 216, 217, 218, 219, 220, 221, 222, 223, 224, 225, 226, 227, 228, 229, 230, 231, 232, 233, 234, 235]",4360b0f956047ae7,stage4/results/torch-thesis-all-coverage/coverage_report.json,stage4/results/torch-thesis-all-coverage/coverage_report.json,
torch,torch.storage.np.fliplr,stage4_coverage,selected_function_line_coverage_percent=0 < 60,selected_function_line_coverage_percent=0 < 60,72c6586a7944751d,,stage4/results/torch-thesis-all-coverage/low_coverage.csv,
torch,torch.storage.np.fliplr,stage4_coverage,selected_function_low_coverage,"selected_function_line_coverage_percent=0 below threshold 60; missing_lines=[62, 63, 64, 65, 66, 67, 68, 69, 70, 71, 72, 73, 74, 75, 76, 77, 78, 79, 80, 81, 82, 83, 84, 85, 86, 87, 88, 89, 90, 91, 92, 93, 94, 95, 96, 97, 98, 99, 100, 101, 102, 103, 104, 105, 106, 107, 108, 109, 110, 111, 112, 113, 114, 115]",74ed88ae44c362ee,stage4/results/torch-thesis-all-coverage/coverage_report.json,stage4/results/torch-thesis-all-coverage/coverage_report.json,
torch,torch.storage.np.format_float_positional,stage4_coverage,selected_function_low_coverage,"selected_function_line_coverage_percent=0 below threshold 60; missing_lines=[1212, 1213, 1214, 1215, 1216, 1217, 1218, 1219, 1220, 1221, 1222, 1223, 1224, 1225, 1226, 1227, 1228, 1229, 1230, 1231, 1232, 1233, 1234, 1235, 1236, 1237, 1238, 1239, 1240, 1241, 1242, 1243, 1244, 1245, 1246, 1247, 1248, 1249, 1250, 1251, 1252, 1253, 1254, 1255, 1256, 1257, 1258, 1259, 1260, 1261, 1262, 1263, 1264, 1265, 1266, 1267, 1268, 1269, 1270, 1271, 1272, 1273, 1274, 1275, 1276, 1277, 1278, 1279, 1280, 1281, 1282, 1283, 1284, 1285, 1286, 1287, 1288, 1289, 1290, 1291, 1292, 1293, 1294, 1295, 1296, 1297, 1298, 1299, 1300, 1301, 1302]",1e7d20bfc055d517,stage4/results/torch-thesis-all-coverage/coverage_report.json,stage4/results/torch-thesis-all-coverage/coverage_report.json,
torch,torch.storage.np.format_float_positional,stage4_coverage,selected_function_line_coverage_percent=0 < 60,selected_function_line_coverage_percent=0 < 60,34c4199373963864,,stage4/results/torch-thesis-all-coverage/low_coverage.csv,
torch,torch.storage.np.format_float_scientific,stage4_coverage,selected_function_line_coverage_percent=0 < 60,selected_function_line_coverage_percent=0 < 60,bc5ff07e8a544a61,,stage4/results/torch-thesis-all-coverage/low_coverage.csv,
torch,torch.storage.np.format_float_scientific,stage4_coverage,selected_function_low_coverage,"selected_function_line_coverage_percent=0 below threshold 60; missing_lines=[1131, 1132, 1133, 1134, 1135, 1136, 1137, 1138, 1139, 1140, 1141, 1142, 1143, 1144, 1145, 1146, 1147, 1148, 1149, 1150, 1151, 1152, 1153, 1154, 1155, 1156, 1157, 1158, 1159, 1160, 1161, 1162, 1163, 1164, 1165, 1166, 1167, 1168, 1169, 1170, 1171, 1172, 1173, 1174, 1175, 1176, 1177, 1178, 1179, 1180, 1181, 1182, 1183, 1184, 1185, 1186, 1187, 1188, 1189, 1190, 1191, 1192, 1193, 1194, 1195, 1196, 1197, 1198, 1199, 1200, 1201, 1202, 1203, 1204, 1205, 1206, 1207, 1208, 1209]",f79322f403170d6d,stage4/results/torch-thesis-all-coverage/coverage_report.json,stage4/results/torch-thesis-all-coverage/coverage_report.json,
torch,torch.storage.np.full,stage4_coverage,selected_function_low_coverage,"selected_function_line_coverage_percent=0 below threshold 60; missing_lines=[323, 324, 325, 326, 327, 328, 329, 330, 331, 332, 333, 334, 335, 336, 337, 338, 339, 340, 341, 342, 343, 344, 345, 346, 347, 348, 349, 350, 351, 352, 353, 354, 355, 356, 357, 358, 359, 360, 361, 362, 363, 364, 365, 366, 367, 368, 369, 370, 371, 372, 373, 374, 375, 376, 377, 378, 379, 380, 381, 382, 383, 384, 385, 386, 387]",37fdb23fc9569e06,stage4/results/torch-thesis-all-coverage/coverage_report.json,stage4/results/torch-thesis-all-coverage/coverage_report.json,
torch,torch.storage.np.full,stage4_coverage,selected_function_line_coverage_percent=0 < 60,selected_function_line_coverage_percent=0 < 60,5a1f60925874fb06,,stage4/results/torch-thesis-all-coverage/low_coverage.csv,
torch,torch.storage.np.geomspace,stage4_coverage,selected_function_low_coverage,"selected_function_line_coverage_percent=0 below threshold 60; missing_lines=[311, 312, 313, 314, 315, 316, 317, 318, 319, 320, 321, 322, 323, 324, 325, 326, 327, 328, 329, 330, 331, 332, 333, 334, 335, 336, 337, 338, 339, 340, 341, 342, 343, 344, 345, 346, 347, 348, 349, 350, 351, 352, 353, 354, 355, 356, 357, 358, 359, 360, 361, 362, 363, 364, 365, 366, 367, 368, 369, 370, 371, 372, 373, 374, 375, 376, 377, 378, 379, 380, 381, 382, 383, 384, 385, 386, 387, 388, 389, 390, 391, 392, 393, 394, 395, 396, 397, 398, 399, 400, 401, 402, 403, 404, 405, 406, 407, 408, 409, 410, 411, 412, 413, 414, 415, 416, 417, 418, 419, 420, 421, 422, 423, 424, 425, 426, 427, 428, 429, 430, 431, 432, 433, 434, 435, 436, 437, 438, 439, 440, 441, 442, 443, 444, 445, 446, 447, 448, 449, 450, 451, 452, 453]",5e86ecd6b1be7bd5,stage4/results/torch-thesis-all-coverage/coverage_report.json,stage4/results/torch-thesis-all-coverage/coverage_report.json,
torch,torch.storage.np.geomspace,stage4_coverage,selected_function_line_coverage_percent=0 < 60,selected_function_line_coverage_percent=0 < 60,7a7ce32ef547262c,,stage4/results/torch-thesis-all-coverage/low_coverage.csv,
torch,torch.storage.np.histogram2d,stage4_runtime,WorkerTimeout,"DeepFuzz/.venv/lib/python3.13/site-packages/coverage/inorout.py:577: CoverageWarning: Module torch was previously imported, but not measured (module-not-measured); see https://coverage.readthedocs.io/en/7.13.5/messages.html#warning-module-not-measured
  self.warn(msg, slug=""module-not-measured"")
/Users/aryansg/Desktop/DeepFuzz/.venv/lib/python3.13/site-packages/coverage/inorout.py:577: CoverageWarning: Module torch was previously imported, but not measured (module-not-measured); see https://coverage.readthedocs.io/en/7.13.5/messages.html#warning-module-not-measured
  self.warn(msg, slug=""module-not-measured"")
/Users/aryansg/Desktop/DeepFuzz/.venv/lib/python3.13/site-packages/coverage/inorout.py:577: CoverageWarning: Module torch was previously imported, but not measured (module-not-measured); see https://coverage.readthedocs.io/en/7.13.5/messages.html#warning-module-not-measured
  self.warn(msg, slug=""module-not-measured"")
/Users/aryansg/Desktop/DeepFuzz/.venv/lib/python3.13/site-packages/coverage/inorout.py:577: CoverageWarning: Module torch was previously imported, but not measured (module-not-measured); see https://coverage.readthedocs.io/en/7.13.5/messages.html#warning-module-not-measured
  self.warn(msg, slug=""module-not-measured"")
/Users/aryansg/Desktop/DeepFuzz/.venv/lib/python3.13/site-packages/coverage/inorout.py:577: CoverageWarning: Module torch was previously imported, but not measured (module-not-measured); see https://coverage.readthedocs.io/en/7.13.5/messages.html#warning-module-not-measured
  self.warn(msg, slug=""module-not-measured"")
/Users/aryansg/Desktop/DeepFuzz/.venv/lib/python3.13/site-packages/coverage/inorout.py:577: CoverageWarning: Module torch was previously imported, but not measured (module-not-measured); see https://coverage.readthedocs.io/en/7.13.5/messages.html#warning-module-not-measured
  self.warn(msg, slug=""module-not-measured"")
/Users/aryansg/Desktop/DeepFuzz/.venv/lib/python3.13/site-packages/coverage/inorout.py:577: CoverageWarning: Module torch was previously imported, but not measured (module-not-measured); see https://coverage.readthedocs.io/en/7.13.5/messages.html#warning-module-not-measured
  self.warn(msg, slug=""module-not-measured"")
/Users/aryansg/Desktop/DeepFuzz/.venv/lib/python3.13/site-packages/coverage/inorout.py:577: CoverageWarning: Module torch was previously imported, but not measured (module-not-measured); see https://coverage.readthedocs.io/en/7.13.5/messages.html#warning-module-not-measured
  self.warn(msg, slug=""module-not-measured"")
/Users/aryansg/Desktop/DeepFuzz/.venv/lib/python3.13/site-packages/coverage/inorout.py:577: CoverageWarning: Module torch was previously imported, but not measured (module-not-measured); see https://coverage.readthedocs.io/en/7.13.5/messages.html#warning-module-not-measured
  self.warn(msg, slug=""module-not-measured"")
/Users/aryansg/Desktop/DeepFuzz/.venv/lib/python3.13/site-packages/coverage/inorout.py:577: CoverageWarning: Module torch was previously imported, but not measured (module-not-measured); see https://coverage.readthedocs.io/en/7.13.5/messages.html#warning-module-not-measured
  self.warn(msg, slug=""module-not-measured"")
/Users/aryansg/Desktop/DeepFuzz/.venv/lib/python3.13/site-packages/coverage/inorout.py:577: CoverageWarning: Module torch was previously imported, but not measured (module-not-measured); see https://coverage.readthedocs.io/en/7.13.5/messages.html#warning-module-not-measured
  self.warn(msg, slug=""module-not-measured"")
/Users/aryansg/Desktop/DeepFuzz/.venv/lib/python3.13/site-packages/coverage/inorout.py:577: CoverageWarning: Module torch was previously imported, but not measured (module-not-measured); see https://coverage.readthedocs.io/en/7.13.5/messages.html#warning-module-not-measured
  self.warn(msg, slug=""module-not-measured"")
/Users/aryansg/Desktop/DeepFuzz/.venv/lib/python3.13/site-packages/coverage/html.py:131: CoverageWarning: No contexts were measured
  self.coverage._warn(""No contexts were measured"")",04e19a1ba3a92853,stage4/results/torch-thesis-all-coverage/execution_results/torch.storage.np.histogram2d.results.json,stage4/results/torch-thesis-all-coverage/failure.csv,
torch,torch.storage.np.histogram2d,stage4_coverage,selected_function_line_coverage_percent=0 < 60,selected_function_line_coverage_percent=0 < 60,09cc557de9830c41,,stage4/results/torch-thesis-all-coverage/low_coverage.csv,
torch,torch.storage.np.histogram2d,stage4_coverage,uncovered_api,Stage 4 did not cover API; valid_programs=0 bugs=0,65ea399ea0ac0443,stage4/results/torch-thesis-all-coverage/coverage_report.json,stage4/results/torch-thesis-all-coverage/coverage_report.json,
torch,torch.storage.np.histogram_bin_edges,stage4_coverage,selected_function_line_coverage_percent=0 < 60,selected_function_line_coverage_percent=0 < 60,735efee16a5fe45c,,stage4/results/torch-thesis-all-coverage/low_coverage.csv,
torch,torch.storage.np.histogram_bin_edges,stage4_coverage,selected_function_low_coverage,"selected_function_line_coverage_percent=0 below threshold 60; missing_lines=[473, 474, 475, 476, 477, 478, 479, 480, 481, 482, 483, 484, 485, 486, 487, 488, 489, 490, 491, 492, 493, 494, 495, 496, 497, 498, 499, 500, 501, 502, 503, 504, 505, 506, 507, 508, 509, 510, 511, 512, 513, 514, 515, 516, 517, 518, 519, 520, 521, 522, 523, 524, 525, 526, 527, 528, 529, 530, 531, 532, 533, 534, 535, 536, 537, 538, 539, 540, 541, 542, 543, 544, 545, 546, 547, 548, 549, 550, 551, 552, 553, 554, 555, 556, 557, 558, 559, 560, 561, 562, 563, 564, 565, 566, 567, 568, 569, 570, 571, 572, 573, 574, 575, 576, 577, 578, 579, 580, 581, 582, 583, 584, 585, 586, 587, 588, 589, 590, 591, 592, 593, 594, 595, 596, 597, 598, 599, 600, 601, 602, 603, 604, 605, 606, 607, 608, 609, 610, 611, 612, 613, 614, 615, 616, 617, 618, 619, 620, 621, 622, 623, 624, 625, 626, 627, 628, 629, 630, 631, 632, 633, 634, 635, 636, 637, 638, 639, 640, 641, 642, 643, 644, 645, 646, 647, 648, 649, 650, 651, 652, 653, 654, 655, 656, 657, 658, 659, 660, 661, 662, 663, 664, 665, 666, 667, 668, 669, 670, 671, 672, 673, 674, 675, 676, 677]",8a4def62e879c79e,stage4/results/torch-thesis-all-coverage/coverage_report.json,stage4/results/torch-thesis-all-coverage/coverage_report.json,
torch,torch.storage.np.histogramdd,stage4_coverage,selected_function_low_coverage,"selected_function_line_coverage_percent=0 below threshold 60; missing_lines=[913, 914, 915, 916, 917, 918, 919, 920, 921, 922, 923, 924, 925, 926, 927, 928, 929, 930, 931, 932, 933, 934, 935, 936, 937, 938, 939, 940, 941, 942, 943, 944, 945, 946, 947, 948, 949, 950, 951, 952, 953, 954, 955, 956, 957, 958, 959, 960, 961, 962, 963, 964, 965, 966, 967, 968, 969, 970, 971, 972, 973, 974, 975, 976, 977, 978, 979, 980, 981, 982, 983, 984, 985, 986, 987, 988, 989, 990, 991, 992, 993, 994, 995, 996, 997, 998, 999, 1000, 1001, 1002, 1003, 1004, 1005, 1006, 1007, 1008, 1009, 1010, 1011, 1012, 1013, 1014, 1015, 1016, 1017, 1018, 1019, 1020, 1021, 1022, 1023, 1024, 1025, 1026, 1027, 1028, 1029, 1030, 1031, 1032, 1033, 1034, 1035, 1036, 1037, 1038, 1039, 1040, 1041, 1042, 1043, 1044, 1045, 1046, 1047, 1048, 1049, 1050, 1051, 1052, 1053, 1054, 1055, 1056, 1057, 1058, 1059, 1060, 1061, 1062, 1063, 1064, 1065, 1066, 1067, 1068, 1069, 1070, 1071, 1072, 1073, 1074, 1075, 1076, 1077, 1078, 1079, 1080, 1081, 1082, 1083, 1084, 1085]",d3a6715fd3350354,stage4/results/torch-thesis-all-coverage/coverage_report.json,stage4/results/torch-thesis-all-coverage/coverage_report.json,
torch,torch.storage.np.histogramdd,stage4_coverage,selected_function_line_coverage_percent=0 < 60,selected_function_line_coverage_percent=0 < 60,ea1abba5134114d8,,stage4/results/torch-thesis-all-coverage/low_coverage.csv,
torch,torch.storage.np.hstack,stage4_coverage,selected_function_low_coverage,"selected_function_line_coverage_percent=0 below threshold 60; missing_lines=[293, 294, 295, 296, 297, 298, 299, 300, 301, 302, 303, 304, 305, 306, 307, 308, 309, 310, 311, 312, 313, 314, 315, 316, 317, 318, 319, 320, 321, 322, 323, 324, 325, 326, 327, 328, 329, 330, 331, 332, 333, 334, 335, 336, 337, 338, 339, 340, 341, 342, 343, 344, 345, 346, 347, 348, 349, 350, 351, 352, 353, 354, 355, 356, 357, 358, 359, 360, 361, 362, 363, 364, 365]",75d9b14e36add7a5,stage4/results/torch-thesis-all-coverage/coverage_report.json,stage4/results/torch-thesis-all-coverage/coverage_report.json,
torch,torch.storage.np.hstack,stage4_coverage,selected_function_line_coverage_percent=0 < 60,selected_function_line_coverage_percent=0 < 60,ddcb8e6b831895cb,,stage4/results/torch-thesis-all-coverage/low_coverage.csv,
torch,torch.storage.np.identity,stage4_coverage,selected_function_line_coverage_percent=0 < 60,selected_function_line_coverage_percent=0 < 60,2aa5d60e0db7be6b,,stage4/results/torch-thesis-all-coverage/low_coverage.csv,
torch,torch.storage.np.identity,stage4_coverage,selected_function_low_coverage,"selected_function_line_coverage_percent=0 below threshold 60; missing_lines=[2242, 2243, 2244, 2245, 2246, 2247, 2248, 2249, 2250, 2251, 2252, 2253, 2254, 2255, 2256, 2257, 2258, 2259, 2260, 2261, 2262, 2263, 2264, 2265, 2266, 2267, 2268, 2269, 2270, 2271, 2272, 2273, 2274, 2275, 2276, 2277, 2278, 2279, 2280]",4015fda29d129b49,stage4/results/torch-thesis-all-coverage/coverage_report.json,stage4/results/torch-thesis-all-coverage/coverage_report.json,
torch,torch.storage.np.iscomplex,stage4_coverage,selected_function_low_coverage,"selected_function_line_coverage_percent=0 below threshold 60; missing_lines=[175, 176, 177, 178, 179, 180, 181, 182, 183, 184, 185, 186, 187, 188, 189, 190, 191, 192, 193, 194, 195, 196, 197, 198, 199, 200, 201, 202, 203, 204, 205, 206, 207, 208, 209, 210]",36a421807f67dd3a,stage4/results/torch-thesis-all-coverage/coverage_report.json,stage4/results/torch-thesis-all-coverage/coverage_report.json,
torch,torch.storage.np.iscomplex,stage4_coverage,selected_function_line_coverage_percent=0 < 60,selected_function_line_coverage_percent=0 < 60,494dd507e0594302,,stage4/results/torch-thesis-all-coverage/low_coverage.csv,
torch,torch.storage.np.iscomplexobj,stage4_coverage,selected_function_line_coverage_percent=0 < 60,selected_function_line_coverage_percent=0 < 60,81ea4bc4d00a48a1,,stage4/results/torch-thesis-all-coverage/low_coverage.csv,
torch,torch.storage.np.iscomplexobj,stage4_coverage,selected_function_low_coverage,"selected_function_line_coverage_percent=0 below threshold 60; missing_lines=[270, 271, 272, 273, 274, 275, 276, 277, 278, 279, 280, 281, 282, 283, 284, 285, 286, 287, 288, 289, 290, 291, 292, 293, 294, 295, 296, 297, 298, 299, 300, 301, 302, 303, 304, 305, 306, 307, 308, 309]",d300b23df35b83d4,stage4/results/torch-thesis-all-coverage/coverage_report.json,stage4/results/torch-thesis-all-coverage/coverage_report.json,
torch,torch.storage.np.isin,stage4_coverage,selected_function_line_coverage_percent=0 < 60,selected_function_line_coverage_percent=0 < 60,5471b308f982b9f1,,stage4/results/torch-thesis-all-coverage/low_coverage.csv,
torch,torch.storage.np.isin,stage4_coverage,uncovered_api,Stage 4 did not cover API; valid_programs=0 bugs=0,6c9c44ee94120f04,stage4/results/torch-thesis-all-coverage/coverage_report.json,stage4/results/torch-thesis-all-coverage/coverage_report.json,
torch,torch.storage.np.isin,stage4_runtime,WorkerTimeout,"DeepFuzz/.venv/lib/python3.13/site-packages/coverage/inorout.py:577: CoverageWarning: Module torch was previously imported, but not measured (module-not-measured); see https://coverage.readthedocs.io/en/7.13.5/messages.html#warning-module-not-measured
  self.warn(msg, slug=""module-not-measured"")
/Users/aryansg/Desktop/DeepFuzz/.venv/lib/python3.13/site-packages/coverage/inorout.py:577: CoverageWarning: Module torch was previously imported, but not measured (module-not-measured); see https://coverage.readthedocs.io/en/7.13.5/messages.html#warning-module-not-measured
  self.warn(msg, slug=""module-not-measured"")
/Users/aryansg/Desktop/DeepFuzz/.venv/lib/python3.13/site-packages/coverage/inorout.py:577: CoverageWarning: Module torch was previously imported, but not measured (module-not-measured); see https://coverage.readthedocs.io/en/7.13.5/messages.html#warning-module-not-measured
  self.warn(msg, slug=""module-not-measured"")
/Users/aryansg/Desktop/DeepFuzz/.venv/lib/python3.13/site-packages/coverage/inorout.py:577: CoverageWarning: Module torch was previously imported, but not measured (module-not-measured); see https://coverage.readthedocs.io/en/7.13.5/messages.html#warning-module-not-measured
  self.warn(msg, slug=""module-not-measured"")
/Users/aryansg/Desktop/DeepFuzz/.venv/lib/python3.13/site-packages/coverage/inorout.py:577: CoverageWarning: Module torch was previously imported, but not measured (module-not-measured); see https://coverage.readthedocs.io/en/7.13.5/messages.html#warning-module-not-measured
  self.warn(msg, slug=""module-not-measured"")
/Users/aryansg/Desktop/DeepFuzz/.venv/lib/python3.13/site-packages/coverage/inorout.py:577: CoverageWarning: Module torch was previously imported, but not measured (module-not-measured); see https://coverage.readthedocs.io/en/7.13.5/messages.html#warning-module-not-measured
  self.warn(msg, slug=""module-not-measured"")
/Users/aryansg/Desktop/DeepFuzz/.venv/lib/python3.13/site-packages/coverage/inorout.py:577: CoverageWarning: Module torch was previously imported, but not measured (module-not-measured); see https://coverage.readthedocs.io/en/7.13.5/messages.html#warning-module-not-measured
  self.warn(msg, slug=""module-not-measured"")
/Users/aryansg/Desktop/DeepFuzz/.venv/lib/python3.13/site-packages/coverage/inorout.py:577: CoverageWarning: Module torch was previously imported, but not measured (module-not-measured); see https://coverage.readthedocs.io/en/7.13.5/messages.html#warning-module-not-measured
  self.warn(msg, slug=""module-not-measured"")
/Users/aryansg/Desktop/DeepFuzz/.venv/lib/python3.13/site-packages/coverage/inorout.py:577: CoverageWarning: Module torch was previously imported, but not measured (module-not-measured); see https://coverage.readthedocs.io/en/7.13.5/messages.html#warning-module-not-measured
  self.warn(msg, slug=""module-not-measured"")
/Users/aryansg/Desktop/DeepFuzz/.venv/lib/python3.13/site-packages/coverage/inorout.py:577: CoverageWarning: Module torch was previously imported, but not measured (module-not-measured); see https://coverage.readthedocs.io/en/7.13.5/messages.html#warning-module-not-measured
  self.warn(msg, slug=""module-not-measured"")
/Users/aryansg/Desktop/DeepFuzz/.venv/lib/python3.13/site-packages/coverage/inorout.py:577: CoverageWarning: Module torch was previously imported, but not measured (module-not-measured); see https://coverage.readthedocs.io/en/7.13.5/messages.html#warning-module-not-measured
  self.warn(msg, slug=""module-not-measured"")
/Users/aryansg/Desktop/DeepFuzz/.venv/lib/python3.13/site-packages/coverage/inorout.py:577: CoverageWarning: Module torch was previously imported, but not measured (module-not-measured); see https://coverage.readthedocs.io/en/7.13.5/messages.html#warning-module-not-measured
  self.warn(msg, slug=""module-not-measured"")
/Users/aryansg/Desktop/DeepFuzz/.venv/lib/python3.13/site-packages/coverage/html.py:131: CoverageWarning: No contexts were measured
  self.coverage._warn(""No contexts were measured"")",cd5f69df405ba92a,stage4/results/torch-thesis-all-coverage/execution_results/torch.storage.np.isin.results.json,stage4/results/torch-thesis-all-coverage/failure.csv,
torch,torch.storage.np.isneginf,stage4_coverage,selected_function_line_coverage_percent=0 < 60,selected_function_line_coverage_percent=0 < 60,0d7368ea33d2eefe,,stage4/results/torch-thesis-all-coverage/low_coverage.csv,
torch,torch.storage.np.isneginf,stage4_coverage,selected_function_low_coverage,"selected_function_line_coverage_percent=0 below threshold 60; missing_lines=[132, 133, 134, 135, 136, 137, 138, 139, 140, 141, 142, 143, 144, 145, 146, 147, 148, 149, 150, 151, 152, 153, 154, 155, 156, 157, 158, 159, 160, 161, 162, 163, 164, 165, 166, 167, 168, 169, 170, 171, 172, 173, 174, 175, 176, 177, 178, 179, 180, 181, 182, 183, 184, 185, 186, 187, 188, 189, 190, 191, 192, 193, 194, 195, 196, 197, 198, 199]",2a22c201417915f5,stage4/results/torch-thesis-all-coverage/coverage_report.json,stage4/results/torch-thesis-all-coverage/coverage_report.json,
torch,torch.storage.np.isposinf,stage4_coverage,selected_function_low_coverage,"selected_function_line_coverage_percent=0 below threshold 60; missing_lines=[62, 63, 64, 65, 66, 67, 68, 69, 70, 71, 72, 73, 74, 75, 76, 77, 78, 79, 80, 81, 82, 83, 84, 85, 86, 87, 88, 89, 90, 91, 92, 93, 94, 95, 96, 97, 98, 99, 100, 101, 102, 103, 104, 105, 106, 107, 108, 109, 110, 111, 112, 113, 114, 115, 116, 117, 118, 119, 120, 121, 122, 123, 124, 125, 126, 127, 128, 129]",057fc81fb5d42b56,stage4/results/torch-thesis-all-coverage/coverage_report.json,stage4/results/torch-thesis-all-coverage/coverage_report.json,
torch,torch.storage.np.isposinf,stage4_coverage,selected_function_line_coverage_percent=0 < 60,selected_function_line_coverage_percent=0 < 60,46cae6dd6b90e0e0,,stage4/results/torch-thesis-all-coverage/low_coverage.csv,
torch,torch.storage.np.isrealobj,stage4_coverage,selected_function_low_coverage,"selected_function_line_coverage_percent=0 below threshold 60; missing_lines=[312, 313, 314, 315, 316, 317, 318, 319, 320, 321, 322, 323, 324, 325, 326, 327, 328, 329, 330, 331, 332, 333, 334, 335, 336, 337, 338, 339, 340, 341, 342, 343, 344, 345, 346, 347, 348, 349, 350, 351, 352, 353, 354, 355, 356, 357, 358, 359]",141d8c697f8a4d18,stage4/results/torch-thesis-all-coverage/coverage_report.json,stage4/results/torch-thesis-all-coverage/coverage_report.json,
torch,torch.storage.np.isrealobj,stage4_coverage,selected_function_line_coverage_percent=0 < 60,selected_function_line_coverage_percent=0 < 60,64fa4699062c4d1d,,stage4/results/torch-thesis-all-coverage/low_coverage.csv,
torch,torch.storage.np.isscalar,stage4_coverage,selected_function_low_coverage,"selected_function_line_coverage_percent=0 below threshold 60; missing_lines=[1975, 1976, 1977, 1978, 1979, 1980, 1981, 1982, 1983, 1984, 1985, 1986, 1987, 1988, 1989, 1990, 1991, 1992, 1993, 1994, 1995, 1996, 1997, 1998, 1999, 2000, 2001, 2002, 2003, 2004, 2005, 2006, 2007, 2008, 2009, 2010, 2011, 2012, 2013, 2014, 2015, 2016, 2017, 2018, 2019, 2020, 2021, 2022, 2023, 2024, 2025, 2026, 2027, 2028, 2029, 2030, 2031, 2032, 2033, 2034, 2035, 2036, 2037, 2038, 2039, 2040, 2041, 2042, 2043, 2044, 2045, 2046, 2047, 2048, 2049, 2050, 2051, 2052, 2053, 2054, 2055, 2056, 2057, 2058, 2059]",ac38a859302296b2,stage4/results/torch-thesis-all-coverage/coverage_report.json,stage4/results/torch-thesis-all-coverage/coverage_report.json,
torch,torch.storage.np.isscalar,stage4_coverage,selected_function_line_coverage_percent=0 < 60,selected_function_line_coverage_percent=0 < 60,ed420741a643134e,,stage4/results/torch-thesis-all-coverage/low_coverage.csv,
torch,torch.storage.np.lib.introspect.opt_func_info,stage4_coverage,selected_function_low_coverage,"selected_function_line_coverage_percent=0 below threshold 60; missing_lines=[8, 9, 10, 11, 12, 13, 14, 15, 16, 17, 18, 19, 20, 21, 22, 23, 24, 25, 26, 27, 28, 29, 30, 31, 32, 33, 34, 35, 36, 37, 38, 39, 40, 41, 42, 43, 44, 45, 46, 47, 48, 49, 50, 51, 52, 53, 54, 55, 56, 57, 58, 59, 60, 61, 62, 63, 64, 65, 66, 67, 68, 69, 70, 71, 72, 73, 74, 75, 76, 77, 78, 79, 80, 81, 82, 83, 84, 85, 86, 87, 88, 89, 90, 91, 92, 93, 94]",9d4034f7b4821137,stage4/results/torch-thesis-all-coverage/coverage_report.json,stage4/results/torch-thesis-all-coverage/coverage_report.json,
torch,torch.storage.np.lib.introspect.opt_func_info,stage4_coverage,selected_function_line_coverage_percent=0 < 60,selected_function_line_coverage_percent=0 < 60,f24d1b22f089b655,,stage4/results/torch-thesis-all-coverage/low_coverage.csv,
torch,torch.storage.np.lib.stride_tricks.as_strided,stage4_coverage,selected_function_low_coverage,"selected_function_line_coverage_percent=0 below threshold 60; missing_lines=[37, 38, 39, 40, 41, 42, 43, 44, 45, 46, 47, 48, 49, 50, 51, 52, 53, 54, 55, 56, 57, 58, 59, 60, 61, 62, 63, 64, 65, 66, 67, 68, 69, 70, 71, 72, 73, 74, 75, 76, 77, 78, 79, 80, 81, 82, 83, 84, 85, 86, 87, 88, 89, 90, 91, 92, 93, 94, 95, 96, 97, 98, 99, 100, 101, 102, 103, 104, 105, 106, 107, 108, 109, 110, 111]",03c2f84c74e0a806,stage4/results/torch-thesis-all-coverage/coverage_report.json,stage4/results/torch-thesis-all-coverage/coverage_report.json,
torch,torch.storage.np.lib.stride_tricks.as_strided,stage4_coverage,selected_function_line_coverage_percent=0 < 60,selected_function_line_coverage_percent=0 < 60,78c10b4339605c30,,stage4/results/torch-thesis-all-coverage/low_coverage.csv,
torch,torch.storage.np.linalg.eig,stage4_coverage,selected_function_low_coverage,"selected_function_line_coverage_percent=0 below threshold 60; missing_lines=[1362, 1363, 1364, 1365, 1366, 1367, 1368, 1369, 1370, 1371, 1372, 1373, 1374, 1375, 1376, 1377, 1378, 1379, 1380, 1381, 1382, 1383, 1384, 1385, 1386, 1387, 1388, 1389, 1390, 1391, 1392, 1393, 1394, 1395, 1396, 1397, 1398, 1399, 1400, 1401, 1402, 1403, 1404, 1405, 1406, 1407, 1408, 1409, 1410, 1411, 1412, 1413, 1414, 1415, 1416, 1417, 1418, 1419, 1420, 1421, 1422, 1423, 1424, 1425, 1426, 1427, 1428, 1429, 1430, 1431, 1432, 1433, 1434, 1435, 1436, 1437, 1438, 1439, 1440, 1441, 1442, 1443, 1444, 1445, 1446, 1447, 1448, 1449, 1450, 1451, 1452, 1453, 1454, 1455, 1456, 1457, 1458, 1459, 1460, 1461, 1462, 1463, 1464, 1465, 1466, 1467, 1468, 1469, 1470, 1471, 1472, 1473, 1474, 1475, 1476, 1477, 1478, 1479, 1480, 1481, 1482, 1483, 1484, 1485, 1486, 1487, 1488, 1489, 1490, 1491, 1492, 1493, 1494, 1495, 1496, 1497, 1498, 1499, 1500, 1501, 1502, 1503, 1504, 1505, 1506, 1507, 1508, 1509, 1510, 1511, 1512]",900031afd66cb2ab,stage4/results/torch-thesis-all-coverage/coverage_report.json,stage4/results/torch-thesis-all-coverage/coverage_report.json,
torch,torch.storage.np.linalg.eig,stage4_coverage,selected_function_line_coverage_percent=0 < 60,selected_function_line_coverage_percent=0 < 60,a516ac335e9b05c6,,stage4/results/torch-thesis-all-coverage/low_coverage.csv,
torch,torch.storage.np.linalg.norm,stage4_coverage,selected_function_low_coverage,"selected_function_line_coverage_percent=0 below threshold 60; missing_lines=[2598, 2599, 2600, 2601, 2602, 2603, 2604, 2605, 2606, 2607, 2608, 2609, 2610, 2611, 2612, 2613, 2614, 2615, 2616, 2617, 2618, 2619, 2620, 2621, 2622, 2623, 2624, 2625, 2626, 2627, 2628, 2629, 2630, 2631, 2632, 2633, 2634, 2635, 2636, 2637, 2638, 2639, 2640, 2641, 2642, 2643, 2644, 2645, 2646, 2647, 2648, 2649, 2650, 2651, 2652, 2653, 2654, 2655, 2656, 2657, 2658, 2659, 2660, 2661, 2662, 2663, 2664, 2665, 2666, 2667, 2668, 2669, 2670, 2671, 2672, 2673, 2674, 2675, 2676, 2677, 2678, 2679, 2680, 2681, 2682, 2683, 2684, 2685, 2686, 2687, 2688, 2689, 2690, 2691, 2692, 2693, 2694, 2695, 2696, 2697, 2698, 2699, 2700, 2701, 2702, 2703, 2704, 2705, 2706, 2707, 2708, 2709, 2710, 2711, 2712, 2713, 2714, 2715, 2716, 2717, 2718, 2719, 2720, 2721, 2722, 2723, 2724, 2725, 2726, 2727, 2728, 2729, 2730, 2731, 2732, 2733, 2734, 2735, 2736, 2737, 2738, 2739, 2740, 2741, 2742, 2743, 2744, 2745, 2746, 2747, 2748, 2749, 2750, 2751, 2752, 2753, 2754, 2755, 2756, 2757, 2758, 2759, 2760, 2761, 2762, 2763, 2764, 2765, 2766, 2767, 2768, 2769, 2770, 2771, 2772, 2773, 2774, 2775, 2776, 2777, 2778, 2779, 2780, 2781, 2782, 2783, 2784, 2785, 2786, 2787, 2788, 2789, 2790, 2791, 2792, 2793, 2794, 2795, 2796, 2797, 2798, 2799, 2800, 2801, 2802, 2803, 2804, 2805, 2806, 2807, 2808, 2809, 2810, 2811, 2812, 2813, 2814, 2815, 2816, 2817, 2818, 2819, 2820, 2821, 2822, 2823, 2824, 2825, 2826, 2827, 2828, 2829, 2830, 2831, 2832, 2833, 2834, 2835, 2836, 2837, 2838, 2839, 2840, 2841, 2842, 2843, 2844, 2845, 2846, 2847, 2848, 2849, 2850, 2851, 2852, 2853, 2854]",2a9f5a40d4cba18d,stage4/results/torch-thesis-all-coverage/coverage_report.json,stage4/results/torch-thesis-all-coverage/coverage_report.json,
torch,torch.storage.np.linalg.norm,stage4_coverage,selected_function_line_coverage_percent=0 < 60,selected_function_line_coverage_percent=0 < 60,bad695677a7346a9,,stage4/results/torch-thesis-all-coverage/low_coverage.csv,
torch,torch.storage.np.logspace,stage4_coverage,selected_function_line_coverage_percent=0 < 60,selected_function_line_coverage_percent=0 < 60,0b9edb55d4e8383d,,stage4/results/torch-thesis-all-coverage/low_coverage.csv,
torch,torch.storage.np.logspace,stage4_coverage,selected_function_low_coverage,"selected_function_line_coverage_percent=0 below threshold 60; missing_lines=[196, 197, 198, 199, 200, 201, 202, 203, 204, 205, 206, 207, 208, 209, 210, 211, 212, 213, 214, 215, 216, 217, 218, 219, 220, 221, 222, 223, 224, 225, 226, 227, 228, 229, 230, 231, 232, 233, 234, 235, 236, 237, 238, 239, 240, 241, 242, 243, 244, 245, 246, 247, 248, 249, 250, 251, 252, 253, 254, 255, 256, 257, 258, 259, 260, 261, 262, 263, 264, 265, 266, 267, 268, 269, 270, 271, 272, 273, 274, 275, 276, 277, 278, 279, 280, 281, 282, 283, 284, 285, 286, 287, 288, 289, 290, 291, 292, 293, 294, 295, 296, 297, 298, 299, 300, 301, 302, 303]",8818b8941776a1a5,stage4/results/torch-thesis-all-coverage/coverage_report.json,stage4/results/torch-thesis-all-coverage/coverage_report.json,
torch,torch.storage.np.ma.asarray,stage4_coverage,selected_function_low_coverage,"selected_function_line_coverage_percent=0 below threshold 60; missing_lines=[8555, 8556, 8557, 8558, 8559, 8560, 8561, 8562, 8563, 8564, 8565, 8566, 8567, 8568, 8569, 8570, 8571, 8572, 8573, 8574, 8575, 8576, 8577, 8578, 8579, 8580, 8581, 8582, 8583, 8584, 8585, 8586, 8587, 8588, 8589, 8590, 8591, 8592, 8593, 8594, 8595, 8596, 8597, 8598, 8599, 8600, 8601, 8602]",2084fe8f798fa427,stage4/results/torch-thesis-all-coverage/coverage_report.json,stage4/results/torch-thesis-all-coverage/coverage_report.json,
torch,torch.storage.np.ma.asarray,stage4_coverage,selected_function_line_coverage_percent=0 < 60,selected_function_line_coverage_percent=0 < 60,ce33de263c2e31f3,,stage4/results/torch-thesis-all-coverage/low_coverage.csv,
torch,torch.storage.np.ma.clump_masked,stage4_coverage,selected_function_low_coverage,"selected_function_line_coverage_percent=0 below threshold 60; missing_lines=[2175, 2176, 2177, 2178, 2179, 2180, 2181, 2182, 2183, 2184, 2185, 2186, 2187, 2188, 2189, 2190, 2191, 2192, 2193, 2194, 2195, 2196, 2197, 2198, 2199, 2200, 2201, 2202, 2203, 2204, 2205, 2206, 2207, 2208]",02995869deac5f29,stage4/results/torch-thesis-all-coverage/coverage_report.json,stage4/results/torch-thesis-all-coverage/coverage_report.json,
torch,torch.storage.np.ma.clump_masked,stage4_coverage,selected_function_line_coverage_percent=0 < 60,selected_function_line_coverage_percent=0 < 60,89045259e1a2cc4d,,stage4/results/torch-thesis-all-coverage/low_coverage.csv,
torch,torch.storage.np.ma.clump_unmasked,stage4_coverage,selected_function_low_coverage,"selected_function_line_coverage_percent=0 below threshold 60; missing_lines=[2139, 2140, 2141, 2142, 2143, 2144, 2145, 2146, 2147, 2148, 2149, 2150, 2151, 2152, 2153, 2154, 2155, 2156, 2157, 2158, 2159, 2160, 2161, 2162, 2163, 2164, 2165, 2166, 2167, 2168, 2169, 2170, 2171, 2172]",149e3b455854fd24,stage4/results/torch-thesis-all-coverage/coverage_report.json,stage4/results/torch-thesis-all-coverage/coverage_report.json,
torch,torch.storage.np.ma.clump_unmasked,stage4_coverage,selected_function_line_coverage_percent=0 < 60,selected_function_line_coverage_percent=0 < 60,c490fdf8ca7227e5,,stage4/results/torch-thesis-all-coverage/low_coverage.csv,
torch,torch.storage.np.ma.compress_nd,stage4_coverage,selected_function_line_coverage_percent=0 < 60,selected_function_line_coverage_percent=0 < 60,64d05ea33525cd10,,stage4/results/torch-thesis-all-coverage/low_coverage.csv,
torch,torch.storage.np.ma.compress_nd,stage4_coverage,selected_function_low_coverage,"selected_function_line_coverage_percent=0 below threshold 60; missing_lines=[841, 842, 843, 844, 845, 846, 847, 848, 849, 850, 851, 852, 853, 854, 855, 856, 857, 858, 859, 860, 861, 862, 863, 864, 865, 866, 867, 868, 869, 870, 871, 872, 873, 874, 875, 876, 877, 878, 879, 880, 881, 882, 883, 884, 885, 886, 887, 888, 889, 890, 891, 892, 893, 894, 895, 896]",cf8432d4eb31829f,stage4/results/torch-thesis-all-coverage/coverage_report.json,stage4/results/torch-thesis-all-coverage/coverage_report.json,
torch,torch.storage.np.ma.compress_rowcols,stage4_coverage,selected_function_low_coverage,"selected_function_line_coverage_percent=0 below threshold 60; missing_lines=[899, 900, 901, 902, 903, 904, 905, 906, 907, 908, 909, 910, 911, 912, 913, 914, 915, 916, 917, 918, 919, 920, 921, 922, 923, 924, 925, 926, 927, 928, 929, 930, 931, 932, 933, 934, 935, 936, 937, 938, 939, 940, 941, 942, 943, 944, 945, 946, 947, 948, 949, 950, 951, 952]",b456f316447a7482,stage4/results/torch-thesis-all-coverage/coverage_report.json,stage4/results/torch-thesis-all-coverage/coverage_report.json,
torch,torch.storage.np.ma.compress_rowcols,stage4_coverage,selected_function_line_coverage_percent=0 < 60,selected_function_line_coverage_percent=0 < 60,bcdf652d6ad3747f,,stage4/results/torch-thesis-all-coverage/low_coverage.csv,
torch,torch.storage.np.ma.core.asarray,stage4_coverage,selected_function_low_coverage,"selected_function_line_coverage_percent=0 below threshold 60; missing_lines=[8555, 8556, 8557, 8558, 8559, 8560, 8561, 8562, 8563, 8564, 8565, 8566, 8567, 8568, 8569, 8570, 8571, 8572, 8573, 8574, 8575, 8576, 8577, 8578, 8579, 8580, 8581, 8582, 8583, 8584, 8585, 8586, 8587, 8588, 8589, 8590, 8591, 8592, 8593, 8594, 8595, 8596, 8597, 8598, 8599, 8600, 8601, 8602]",21977e4b6be5e5e2,stage4/results/torch-thesis-all-coverage/coverage_report.json,stage4/results/torch-thesis-all-coverage/coverage_report.json,
torch,torch.storage.np.ma.core.asarray,stage4_coverage,selected_function_line_coverage_percent=0 < 60,selected_function_line_coverage_percent=0 < 60,ed90851590fbe424,,stage4/results/torch-thesis-all-coverage/low_coverage.csv,
torch,torch.storage.np.ma.core.default_fill_value,stage4_coverage,selected_function_line_coverage_percent=0 < 60,selected_function_line_coverage_percent=0 < 60,2169b229c791bfe4,,stage4/results/torch-thesis-all-coverage/low_coverage.csv,
torch,torch.storage.np.ma.core.default_fill_value,stage4_coverage,selected_function_low_coverage,"selected_function_line_coverage_percent=0 below threshold 60; missing_lines=[248, 249, 250, 251, 252, 253, 254, 255, 256, 257, 258, 259, 260, 261, 262, 263, 264, 265, 266, 267, 268, 269, 270, 271, 272, 273, 274, 275, 276, 277, 278, 279, 280, 281, 282, 283, 284, 285, 286, 287, 288, 289, 290, 291, 292, 293, 294, 295, 296, 297, 298, 299, 300, 301, 302]",b0c1995ccdb9bed5,stage4/results/torch-thesis-all-coverage/coverage_report.json,stage4/results/torch-thesis-all-coverage/coverage_report.json,
torch,torch.storage.np.ma.core.empty,stage4_coverage,selected_function_line_coverage_percent=0 < 60,selected_function_line_coverage_percent=0 < 60,3c4467a17209df01,,stage4/results/torch-thesis-all-coverage/low_coverage.csv,
torch,torch.storage.np.ma.core.empty,stage4_coverage,selected_function_low_coverage,"selected_function_line_coverage_percent=0 below threshold 60; missing_lines=[8749, 8750, 8751, 8752, 8753, 8754, 8755, 8756, 8757, 8758, 8759, 8760, 8761]",f72ef5a410526f50,stage4/results/torch-thesis-all-coverage/coverage_report.json,stage4/results/torch-thesis-all-coverage/coverage_report.json,
torch,torch.storage.np.ma.core.empty_like,stage4_coverage,selected_function_low_coverage,"selected_function_line_coverage_percent=0 below threshold 60; missing_lines=[8749, 8750, 8751, 8752, 8753, 8754, 8755, 8756, 8757, 8758, 8759, 8760, 8761]",596c863018ef663a,stage4/results/torch-thesis-all-coverage/coverage_report.json,stage4/results/torch-thesis-all-coverage/coverage_report.json,
torch,torch.storage.np.ma.core.empty_like,stage4_coverage,selected_function_line_coverage_percent=0 < 60,selected_function_line_coverage_percent=0 < 60,6e8d0aeaa91ecb1a,,stage4/results/torch-thesis-all-coverage/low_coverage.csv,
torch,torch.storage.np.ma.core.expand_dims,stage4_coverage,selected_function_low_coverage,"selected_function_line_coverage_percent=0 below threshold 60; missing_lines=[515, 516, 517, 518, 519, 520, 521, 522, 523, 524, 525, 526, 527, 528, 529, 530, 531, 532, 533, 534, 535, 536, 537, 538, 539, 540, 541, 542, 543, 544, 545, 546, 547, 548, 549, 550, 551, 552, 553, 554, 555, 556, 557, 558, 559, 560, 561, 562, 563, 564, 565, 566, 567, 568, 569, 570, 571, 572, 573, 574, 575, 576, 577, 578, 579, 580, 581, 582, 583, 584, 585, 586, 587, 588, 589, 590, 591, 592, 593, 594, 595, 596, 597, 598, 599, 600, 601, 602]",963132e774a4c2b9,stage4/results/torch-thesis-all-coverage/coverage_report.json,stage4/results/torch-thesis-all-coverage/coverage_report.json,
torch,torch.storage.np.ma.core.expand_dims,stage4_coverage,selected_function_line_coverage_percent=0 < 60,selected_function_line_coverage_percent=0 < 60,f70ae5a4d30f7e04,,stage4/results/torch-thesis-all-coverage/low_coverage.csv,
torch,torch.storage.np.ma.core.fix_invalid,stage4_coverage,selected_function_line_coverage_percent=0 < 60,selected_function_line_coverage_percent=0 < 60,7eb0e2af141ec7c1,,stage4/results/torch-thesis-all-coverage/low_coverage.csv,
torch,torch.storage.np.ma.core.fix_invalid,stage4_coverage,selected_function_low_coverage,"selected_function_line_coverage_percent=0 below threshold 60; missing_lines=[763, 764, 765, 766, 767, 768, 769, 770, 771, 772, 773, 774, 775, 776, 777, 778, 779, 780, 781, 782, 783, 784, 785, 786, 787, 788, 789, 790, 791, 792, 793, 794, 795, 796, 797, 798, 799, 800, 801, 802, 803, 804, 805, 806, 807, 808, 809, 810, 811, 812, 813, 814, 815, 816, 817, 818, 819, 820]",9644efa9868677e2,stage4/results/torch-thesis-all-coverage/coverage_report.json,stage4/results/torch-thesis-all-coverage/coverage_report.json,
torch,torch.storage.np.ma.core.identity,stage4_coverage,selected_function_line_coverage_percent=0 < 60,selected_function_line_coverage_percent=0 < 60,3f12b2344f92a0ef,,stage4/results/torch-thesis-all-coverage/low_coverage.csv,
torch,torch.storage.np.ma.core.identity,stage4_coverage,selected_function_low_coverage,"selected_function_line_coverage_percent=0 below threshold 60; missing_lines=[8749, 8750, 8751, 8752, 8753, 8754, 8755, 8756, 8757, 8758, 8759, 8760, 8761]",cba82cb05281df09,stage4/results/torch-thesis-all-coverage/coverage_report.json,stage4/results/torch-thesis-all-coverage/coverage_report.json,
torch,torch.storage.np.ma.core.is_mask,stage4_coverage,selected_function_line_coverage_percent=0 < 60,selected_function_line_coverage_percent=0 < 60,a43a91b0fdeb8b2d,,stage4/results/torch-thesis-all-coverage/low_coverage.csv,
torch,torch.storage.np.ma.core.is_mask,stage4_coverage,selected_function_low_coverage,"selected_function_line_coverage_percent=0 below threshold 60; missing_lines=[1517, 1518, 1519, 1520, 1521, 1522, 1523, 1524, 1525, 1526, 1527, 1528, 1529, 1530, 1531, 1532, 1533, 1534, 1535, 1536, 1537, 1538, 1539, 1540, 1541, 1542, 1543, 1544, 1545, 1546, 1547, 1548, 1549, 1550, 1551, 1552, 1553, 1554, 1555, 1556, 1557, 1558, 1559, 1560, 1561, 1562, 1563, 1564, 1565, 1566, 1567, 1568, 1569, 1570, 1571, 1572, 1573, 1574, 1575, 1576, 1577, 1578, 1579, 1580, 1581, 1582, 1583]",f51cdbc23b76b891,stage4/results/torch-thesis-all-coverage/coverage_report.json,stage4/results/torch-thesis-all-coverage/coverage_report.json,
torch,torch.storage.np.ma.core.iscomplexobj,stage4_coverage,selected_function_line_coverage_percent=0 < 60,selected_function_line_coverage_percent=0 < 60,e25ca0014afadf83,,stage4/results/torch-thesis-all-coverage/low_coverage.csv,
torch,torch.storage.np.ma.core.iscomplexobj,stage4_coverage,selected_function_low_coverage,"selected_function_line_coverage_percent=0 below threshold 60; missing_lines=[270, 271, 272, 273, 274, 275, 276, 277, 278, 279, 280, 281, 282, 283, 284, 285, 286, 287, 288, 289, 290, 291, 292, 293, 294, 295, 296, 297, 298, 299, 300, 301, 302, 303, 304, 305, 306, 307, 308, 309]",e6ad0726a6841a2a,stage4/results/torch-thesis-all-coverage/coverage_report.json,stage4/results/torch-thesis-all-coverage/coverage_report.json,
torch,torch.storage.np.ma.core.make_mask_none,stage4_coverage,selected_function_line_coverage_percent=0 < 60,selected_function_line_coverage_percent=0 < 60,3312c6acdf62dc35,,stage4/results/torch-thesis-all-coverage/low_coverage.csv,
torch,torch.storage.np.ma.core.make_mask_none,stage4_coverage,selected_function_low_coverage,"selected_function_line_coverage_percent=0 below threshold 60; missing_lines=[1687, 1688, 1689, 1690, 1691, 1692, 1693, 1694, 1695, 1696, 1697, 1698, 1699, 1700, 1701, 1702, 1703, 1704, 1705, 1706, 1707, 1708, 1709, 1710, 1711, 1712, 1713, 1714, 1715, 1716, 1717, 1718, 1719, 1720, 1721, 1722, 1723, 1724, 1725, 1726, 1727, 1728, 1729, 1730, 1731, 1732, 1733, 1734, 1735]",97dbe098b49e7c01,stage4/results/torch-thesis-all-coverage/coverage_report.json,stage4/results/torch-thesis-all-coverage/coverage_report.json,
torch,torch.storage.np.ma.core.maximum_fill_value,stage4_coverage,selected_function_line_coverage_percent=0 < 60,selected_function_line_coverage_percent=0 < 60,04b5b39467da6f95,,stage4/results/torch-thesis-all-coverage/low_coverage.csv,
torch,torch.storage.np.ma.core.maximum_fill_value,stage4_coverage,selected_function_low_coverage,"selected_function_line_coverage_percent=0 below threshold 60; missing_lines=[371, 372, 373, 374, 375, 376, 377, 378, 379, 380, 381, 382, 383, 384, 385, 386, 387, 388, 389, 390, 391, 392, 393, 394, 395, 396, 397, 398, 399, 400, 401, 402, 403, 404, 405, 406, 407, 408, 409, 410, 411, 412, 413, 414, 415, 416, 417, 418, 419, 420]",949f654c4cae25f6,stage4/results/torch-thesis-all-coverage/coverage_report.json,stage4/results/torch-thesis-all-coverage/coverage_report.json,
torch,torch.storage.np.ma.core.minimum_fill_value,stage4_coverage,selected_function_low_coverage,"selected_function_line_coverage_percent=0 below threshold 60; missing_lines=[319, 320, 321, 322, 323, 324, 325, 326, 327, 328, 329, 330, 331, 332, 333, 334, 335, 336, 337, 338, 339, 340, 341, 342, 343, 344, 345, 346, 347, 348, 349, 350, 351, 352, 353, 354, 355, 356, 357, 358, 359, 360, 361, 362, 363, 364, 365, 366, 367, 368]",0c36561bc6beba1f,stage4/results/torch-thesis-all-coverage/coverage_report.json,stage4/results/torch-thesis-all-coverage/coverage_report.json,
torch,torch.storage.np.ma.core.minimum_fill_value,stage4_coverage,selected_function_line_coverage_percent=0 < 60,selected_function_line_coverage_percent=0 < 60,c50d039ee36571d2,,stage4/results/torch-thesis-all-coverage/low_coverage.csv,
torch,torch.storage.np.ma.core.ones,stage4_coverage,selected_function_line_coverage_percent=0 < 60,selected_function_line_coverage_percent=0 < 60,23b3c1756279c90f,,stage4/results/torch-thesis-all-coverage/low_coverage.csv,
torch,torch.storage.np.ma.core.ones,stage4_coverage,selected_function_low_coverage,"selected_function_line_coverage_percent=0 below threshold 60; missing_lines=[8749, 8750, 8751, 8752, 8753, 8754, 8755, 8756, 8757, 8758, 8759, 8760, 8761]",5446bf2294729aac,stage4/results/torch-thesis-all-coverage/coverage_report.json,stage4/results/torch-thesis-all-coverage/coverage_report.json,
torch,torch.storage.np.ma.core.ones,stage4_runtime,candidate,timeout_or_hang,8e00be65f537fafc,,stage4/results/torch-thesis-all-coverage/bug_report.csv,
torch,torch.storage.np.ma.core.ones_like,stage4_coverage,selected_function_line_coverage_percent=0 < 60,selected_function_line_coverage_percent=0 < 60,3ae0c24c237521bb,,stage4/results/torch-thesis-all-coverage/low_coverage.csv,
torch,torch.storage.np.ma.core.ones_like,stage4_coverage,selected_function_low_coverage,"selected_function_line_coverage_percent=0 below threshold 60; missing_lines=[8749, 8750, 8751, 8752, 8753, 8754, 8755, 8756, 8757, 8758, 8759, 8760, 8761]",a7dbe369e045fef4,stage4/results/torch-thesis-all-coverage/coverage_report.json,stage4/results/torch-thesis-all-coverage/coverage_report.json,
torch,torch.storage.np.ma.core.ones_like,stage4_runtime,candidate,timeout_or_hang,ec93008de0405450,,stage4/results/torch-thesis-all-coverage/bug_report.csv,
torch,torch.storage.np.ma.core.zeros,stage4_runtime,candidate,timeout_or_hang,9ab250a9a0279758,,stage4/results/torch-thesis-all-coverage/bug_report.csv,
torch,torch.storage.np.ma.core.zeros,stage4_coverage,selected_function_low_coverage,"selected_function_line_coverage_percent=0 below threshold 60; missing_lines=[8749, 8750, 8751, 8752, 8753, 8754, 8755, 8756, 8757, 8758, 8759, 8760, 8761]",a07b17c898c19a89,stage4/results/torch-thesis-all-coverage/coverage_report.json,stage4/results/torch-thesis-all-coverage/coverage_report.json,
torch,torch.storage.np.ma.core.zeros,stage4_coverage,selected_function_line_coverage_percent=0 < 60,selected_function_line_coverage_percent=0 < 60,a472e38347b1b7f0,,stage4/results/torch-thesis-all-coverage/low_coverage.csv,
torch,torch.storage.np.ma.core.zeros_like,stage4_coverage,selected_function_low_coverage,"selected_function_line_coverage_percent=0 below threshold 60; missing_lines=[8749, 8750, 8751, 8752, 8753, 8754, 8755, 8756, 8757, 8758, 8759, 8760, 8761]",9188b6a374c85de5,stage4/results/torch-thesis-all-coverage/coverage_report.json,stage4/results/torch-thesis-all-coverage/coverage_report.json,
torch,torch.storage.np.ma.core.zeros_like,stage4_coverage,selected_function_line_coverage_percent=0 < 60,selected_function_line_coverage_percent=0 < 60,a750affc097be92e,,stage4/results/torch-thesis-all-coverage/low_coverage.csv,
torch,torch.storage.np.ma.default_fill_value,stage4_coverage,selected_function_low_coverage,"selected_function_line_coverage_percent=0 below threshold 60; missing_lines=[248, 249, 250, 251, 252, 253, 254, 255, 256, 257, 258, 259, 260, 261, 262, 263, 264, 265, 266, 267, 268, 269, 270, 271, 272, 273, 274, 275, 276, 277, 278, 279, 280, 281, 282, 283, 284, 285, 286, 287, 288, 289, 290, 291, 292, 293, 294, 295, 296, 297, 298, 299, 300, 301, 302]",2d3e0a198079e017,stage4/results/torch-thesis-all-coverage/coverage_report.json,stage4/results/torch-thesis-all-coverage/coverage_report.json,
torch,torch.storage.np.ma.default_fill_value,stage4_coverage,selected_function_line_coverage_percent=0 < 60,selected_function_line_coverage_percent=0 < 60,aa84461cb65be071,,stage4/results/torch-thesis-all-coverage/low_coverage.csv,
torch,torch.storage.np.ma.empty,stage4_coverage,selected_function_line_coverage_percent=0 < 60,selected_function_line_coverage_percent=0 < 60,3c8f80e84e4f4043,,stage4/results/torch-thesis-all-coverage/low_coverage.csv,
torch,torch.storage.np.ma.empty,stage4_coverage,selected_function_low_coverage,"selected_function_line_coverage_percent=0 below threshold 60; missing_lines=[8749, 8750, 8751, 8752, 8753, 8754, 8755, 8756, 8757, 8758, 8759, 8760, 8761]",4e5b6b7989a76000,stage4/results/torch-thesis-all-coverage/coverage_report.json,stage4/results/torch-thesis-all-coverage/coverage_report.json,
torch,torch.storage.np.ma.empty_like,stage4_coverage,selected_function_line_coverage_percent=0 < 60,selected_function_line_coverage_percent=0 < 60,1256af83a5804803,,stage4/results/torch-thesis-all-coverage/low_coverage.csv,
torch,torch.storage.np.ma.empty_like,stage4_coverage,selected_function_low_coverage,"selected_function_line_coverage_percent=0 below threshold 60; missing_lines=[8749, 8750, 8751, 8752, 8753, 8754, 8755, 8756, 8757, 8758, 8759, 8760, 8761]",4a922d479adccd9a,stage4/results/torch-thesis-all-coverage/coverage_report.json,stage4/results/torch-thesis-all-coverage/coverage_report.json,
torch,torch.storage.np.ma.expand_dims,stage4_coverage,selected_function_low_coverage,"selected_function_line_coverage_percent=0 below threshold 60; missing_lines=[515, 516, 517, 518, 519, 520, 521, 522, 523, 524, 525, 526, 527, 528, 529, 530, 531, 532, 533, 534, 535, 536, 537, 538, 539, 540, 541, 542, 543, 544, 545, 546, 547, 548, 549, 550, 551, 552, 553, 554, 555, 556, 557, 558, 559, 560, 561, 562, 563, 564, 565, 566, 567, 568, 569, 570, 571, 572, 573, 574, 575, 576, 577, 578, 579, 580, 581, 582, 583, 584, 585, 586, 587, 588, 589, 590, 591, 592, 593, 594, 595, 596, 597, 598, 599, 600, 601, 602]",0777c7e02bde2161,stage4/results/torch-thesis-all-coverage/coverage_report.json,stage4/results/torch-thesis-all-coverage/coverage_report.json,
torch,torch.storage.np.ma.expand_dims,stage4_coverage,selected_function_line_coverage_percent=0 < 60,selected_function_line_coverage_percent=0 < 60,944ef5b57e0ce87e,,stage4/results/torch-thesis-all-coverage/low_coverage.csv,
torch,torch.storage.np.ma.extras.asarray,stage4_coverage,selected_function_low_coverage,"selected_function_line_coverage_percent=0 below threshold 60; missing_lines=[8555, 8556, 8557, 8558, 8559, 8560, 8561, 8562, 8563, 8564, 8565, 8566, 8567, 8568, 8569, 8570, 8571, 8572, 8573, 8574, 8575, 8576, 8577, 8578, 8579, 8580, 8581, 8582, 8583, 8584, 8585, 8586, 8587, 8588, 8589, 8590, 8591, 8592, 8593, 8594, 8595, 8596, 8597, 8598, 8599, 8600, 8601, 8602]",b324ed2baef62d7b,stage4/results/torch-thesis-all-coverage/coverage_report.json,stage4/results/torch-thesis-all-coverage/coverage_report.json,
torch,torch.storage.np.ma.extras.asarray,stage4_coverage,selected_function_line_coverage_percent=0 < 60,selected_function_line_coverage_percent=0 < 60,fecfe0b1d498b6ff,,stage4/results/torch-thesis-all-coverage/low_coverage.csv,
torch,torch.storage.np.ma.extras.clump_masked,stage4_coverage,selected_function_low_coverage,"selected_function_line_coverage_percent=0 below threshold 60; missing_lines=[2175, 2176, 2177, 2178, 2179, 2180, 2181, 2182, 2183, 2184, 2185, 2186, 2187, 2188, 2189, 2190, 2191, 2192, 2193, 2194, 2195, 2196, 2197, 2198, 2199, 2200, 2201, 2202, 2203, 2204, 2205, 2206, 2207, 2208]",6618b60e62724f4c,stage4/results/torch-thesis-all-coverage/coverage_report.json,stage4/results/torch-thesis-all-coverage/coverage_report.json,
torch,torch.storage.np.ma.extras.clump_masked,stage4_coverage,selected_function_line_coverage_percent=0 < 60,selected_function_line_coverage_percent=0 < 60,cd93cfb17e36f4c8,,stage4/results/torch-thesis-all-coverage/low_coverage.csv,
torch,torch.storage.np.ma.extras.clump_unmasked,stage4_coverage,selected_function_low_coverage,"selected_function_line_coverage_percent=0 below threshold 60; missing_lines=[2139, 2140, 2141, 2142, 2143, 2144, 2145, 2146, 2147, 2148, 2149, 2150, 2151, 2152, 2153, 2154, 2155, 2156, 2157, 2158, 2159, 2160, 2161, 2162, 2163, 2164, 2165, 2166, 2167, 2168, 2169, 2170, 2171, 2172]",e2323822f6616672,stage4/results/torch-thesis-all-coverage/coverage_report.json,stage4/results/torch-thesis-all-coverage/coverage_report.json,
torch,torch.storage.np.ma.extras.clump_unmasked,stage4_coverage,selected_function_line_coverage_percent=0 < 60,selected_function_line_coverage_percent=0 < 60,e786df8a55af7693,,stage4/results/torch-thesis-all-coverage/low_coverage.csv,
torch,torch.storage.np.ma.extras.compress_nd,stage4_coverage,selected_function_line_coverage_percent=0 < 60,selected_function_line_coverage_percent=0 < 60,11f09a9c3162ea2c,,stage4/results/torch-thesis-all-coverage/low_coverage.csv,
torch,torch.storage.np.ma.extras.compress_nd,stage4_coverage,selected_function_low_coverage,"selected_function_line_coverage_percent=0 below threshold 60; missing_lines=[841, 842, 843, 844, 845, 846, 847, 848, 849, 850, 851, 852, 853, 854, 855, 856, 857, 858, 859, 860, 861, 862, 863, 864, 865, 866, 867, 868, 869, 870, 871, 872, 873, 874, 875, 876, 877, 878, 879, 880, 881, 882, 883, 884, 885, 886, 887, 888, 889, 890, 891, 892, 893, 894, 895, 896]",2d0a4b07426d68e5,stage4/results/torch-thesis-all-coverage/coverage_report.json,stage4/results/torch-thesis-all-coverage/coverage_report.json,
torch,torch.storage.np.ma.extras.compress_rowcols,stage4_coverage,selected_function_line_coverage_percent=0 < 60,selected_function_line_coverage_percent=0 < 60,a0f1bef6e8e254e2,,stage4/results/torch-thesis-all-coverage/low_coverage.csv,
torch,torch.storage.np.ma.extras.compress_rowcols,stage4_coverage,selected_function_low_coverage,"selected_function_line_coverage_percent=0 below threshold 60; missing_lines=[899, 900, 901, 902, 903, 904, 905, 906, 907, 908, 909, 910, 911, 912, 913, 914, 915, 916, 917, 918, 919, 920, 921, 922, 923, 924, 925, 926, 927, 928, 929, 930, 931, 932, 933, 934, 935, 936, 937, 938, 939, 940, 941, 942, 943, 944, 945, 946, 947, 948, 949, 950, 951, 952]",d232cd4c7d3edd73,stage4/results/torch-thesis-all-coverage/coverage_report.json,stage4/results/torch-thesis-all-coverage/coverage_report.json,
torch,torch.storage.np.ma.extras.flatnotmasked_contiguous,stage4_coverage,selected_function_low_coverage,"selected_function_line_coverage_percent=0 below threshold 60; missing_lines=[1977, 1978, 1979, 1980, 1981, 1982, 1983, 1984, 1985, 1986, 1987, 1988, 1989, 1990, 1991, 1992, 1993, 1994, 1995, 1996, 1997, 1998, 1999, 2000, 2001, 2002, 2003, 2004, 2005, 2006, 2007, 2008, 2009, 2010, 2011, 2012, 2013, 2014, 2015, 2016, 2017, 2018, 2019, 2020, 2021, 2022, 2023, 2024, 2025, 2026, 2027, 2028, 2029]",23f50978114daa23,stage4/results/torch-thesis-all-coverage/coverage_report.json,stage4/results/torch-thesis-all-coverage/coverage_report.json,
torch,torch.storage.np.ma.extras.flatnotmasked_contiguous,stage4_coverage,selected_function_line_coverage_percent=0 < 60,selected_function_line_coverage_percent=0 < 60,7aae461330076406,,stage4/results/torch-thesis-all-coverage/low_coverage.csv,
torch,torch.storage.np.ma.extras.mask_rowcols,stage4_coverage,selected_function_line_coverage_percent=0 < 60,selected_function_line_coverage_percent=0 < 60,b8cd8ad48b88b7a7,,stage4/results/torch-thesis-all-coverage/low_coverage.csv,
torch,torch.storage.np.ma.extras.mask_rowcols,stage4_coverage,selected_function_low_coverage,"selected_function_line_coverage_percent=0 below threshold 60; missing_lines=[1035, 1036, 1037, 1038, 1039, 1040, 1041, 1042, 1043, 1044, 1045, 1046, 1047, 1048, 1049, 1050, 1051, 1052, 1053, 1054, 1055, 1056, 1057, 1058, 1059, 1060, 1061, 1062, 1063, 1064, 1065, 1066, 1067, 1068, 1069, 1070, 1071, 1072, 1073, 1074, 1075, 1076, 1077, 1078, 1079, 1080, 1081, 1082, 1083, 1084, 1085, 1086, 1087, 1088, 1089, 1090, 1091, 1092, 1093, 1094, 1095, 1096, 1097, 1098, 1099, 1100, 1101, 1102, 1103, 1104, 1105, 1106, 1107, 1108, 1109, 1110, 1111, 1112, 1113, 1114, 1115, 1116, 1117, 1118, 1119, 1120, 1121]",e8f65c5d41689d4e,stage4/results/torch-thesis-all-coverage/coverage_report.json,stage4/results/torch-thesis-all-coverage/coverage_report.json,
torch,torch.storage.np.ma.extras.masked_all,stage4_coverage,selected_function_line_coverage_percent=0 < 60,selected_function_line_coverage_percent=0 < 60,f1f15fa7c09cc375,,stage4/results/torch-thesis-all-coverage/low_coverage.csv,
torch,torch.storage.np.ma.extras.masked_all,stage4_coverage,selected_function_low_coverage,"selected_function_line_coverage_percent=0 below threshold 60; missing_lines=[120, 121, 122, 123, 124, 125, 126, 127, 128, 129, 130, 131, 132, 133, 134, 135, 136, 137, 138, 139, 140, 141, 142, 143, 144, 145, 146, 147, 148, 149, 150, 151, 152, 153, 154, 155, 156, 157, 158, 159, 160, 161, 162, 163, 164, 165, 166, 167, 168, 169, 170, 171, 172, 173, 174, 175, 176, 177, 178]",fda9183b4a74e58e,stage4/results/torch-thesis-all-coverage/coverage_report.json,stage4/results/torch-thesis-all-coverage/coverage_report.json,
torch,torch.storage.np.ma.extras.masked_all_like,stage4_coverage,selected_function_line_coverage_percent=0 < 60,selected_function_line_coverage_percent=0 < 60,f4781d5ab64a3578,,stage4/results/torch-thesis-all-coverage/low_coverage.csv,
torch,torch.storage.np.ma.extras.masked_all_like,stage4_coverage,selected_function_low_coverage,"selected_function_line_coverage_percent=0 below threshold 60; missing_lines=[181, 182, 183, 184, 185, 186, 187, 188, 189, 190, 191, 192, 193, 194, 195, 196, 197, 198, 199, 200, 201, 202, 203, 204, 205, 206, 207, 208, 209, 210, 211, 212, 213, 214, 215, 216, 217, 218, 219, 220, 221, 222, 223, 224, 225, 226, 227, 228, 229, 230, 231, 232, 233, 234, 235, 236, 237, 238, 239, 240, 241, 242]",f5c99a5a24f5f445,stage4/results/torch-thesis-all-coverage/coverage_report.json,stage4/results/torch-thesis-all-coverage/coverage_report.json,
torch,torch.storage.np.ma.extras.ones,stage4_coverage,selected_function_line_coverage_percent=0 < 60,selected_function_line_coverage_percent=0 < 60,5a7ce557c4ead991,,stage4/results/torch-thesis-all-coverage/low_coverage.csv,
torch,torch.storage.np.ma.extras.ones,stage4_coverage,selected_function_low_coverage,"selected_function_line_coverage_percent=0 below threshold 60; missing_lines=[8749, 8750, 8751, 8752, 8753, 8754, 8755, 8756, 8757, 8758, 8759, 8760, 8761]",8da700f11f8f49d8,stage4/results/torch-thesis-all-coverage/coverage_report.json,stage4/results/torch-thesis-all-coverage/coverage_report.json,
torch,torch.storage.np.ma.extras.zeros,stage4_coverage,selected_function_line_coverage_percent=0 < 60,selected_function_line_coverage_percent=0 < 60,67444155832ffcb6,,stage4/results/torch-thesis-all-coverage/low_coverage.csv,
torch,torch.storage.np.ma.extras.zeros,stage4_coverage,selected_function_low_coverage,"selected_function_line_coverage_percent=0 below threshold 60; missing_lines=[8749, 8750, 8751, 8752, 8753, 8754, 8755, 8756, 8757, 8758, 8759, 8760, 8761]",9ce252abb92ecd20,stage4/results/torch-thesis-all-coverage/coverage_report.json,stage4/results/torch-thesis-all-coverage/coverage_report.json,
torch,torch.storage.np.ma.fix_invalid,stage4_coverage,selected_function_line_coverage_percent=0 < 60,selected_function_line_coverage_percent=0 < 60,5f5bfaf3e281d03a,,stage4/results/torch-thesis-all-coverage/low_coverage.csv,
torch,torch.storage.np.ma.fix_invalid,stage4_coverage,selected_function_low_coverage,"selected_function_line_coverage_percent=0 below threshold 60; missing_lines=[763, 764, 765, 766, 767, 768, 769, 770, 771, 772, 773, 774, 775, 776, 777, 778, 779, 780, 781, 782, 783, 784, 785, 786, 787, 788, 789, 790, 791, 792, 793, 794, 795, 796, 797, 798, 799, 800, 801, 802, 803, 804, 805, 806, 807, 808, 809, 810, 811, 812, 813, 814, 815, 816, 817, 818, 819, 820]",71b31578cde65acc,stage4/results/torch-thesis-all-coverage/coverage_report.json,stage4/results/torch-thesis-all-coverage/coverage_report.json,
torch,torch.storage.np.ma.flatnotmasked_contiguous,stage4_coverage,selected_function_line_coverage_percent=0 < 60,selected_function_line_coverage_percent=0 < 60,43b6b7071f21d16e,,stage4/results/torch-thesis-all-coverage/low_coverage.csv,
torch,torch.storage.np.ma.flatnotmasked_contiguous,stage4_coverage,selected_function_low_coverage,"selected_function_line_coverage_percent=0 below threshold 60; missing_lines=[1977, 1978, 1979, 1980, 1981, 1982, 1983, 1984, 1985, 1986, 1987, 1988, 1989, 1990, 1991, 1992, 1993, 1994, 1995, 1996, 1997, 1998, 1999, 2000, 2001, 2002, 2003, 2004, 2005, 2006, 2007, 2008, 2009, 2010, 2011, 2012, 2013, 2014, 2015, 2016, 2017, 2018, 2019, 2020, 2021, 2022, 2023, 2024, 2025, 2026, 2027, 2028, 2029]",bfc08485c019a47b,stage4/results/torch-thesis-all-coverage/coverage_report.json,stage4/results/torch-thesis-all-coverage/coverage_report.json,
torch,torch.storage.np.ma.identity,stage4_coverage,selected_function_line_coverage_percent=0 < 60,selected_function_line_coverage_percent=0 < 60,2d66429f57011f28,,stage4/results/torch-thesis-all-coverage/low_coverage.csv,
torch,torch.storage.np.ma.identity,stage4_coverage,selected_function_low_coverage,"selected_function_line_coverage_percent=0 below threshold 60; missing_lines=[8749, 8750, 8751, 8752, 8753, 8754, 8755, 8756, 8757, 8758, 8759, 8760, 8761]",c9580ff04aacecc0,stage4/results/torch-thesis-all-coverage/coverage_report.json,stage4/results/torch-thesis-all-coverage/coverage_report.json,
torch,torch.storage.np.ma.is_mask,stage4_coverage,selected_function_line_coverage_percent=0 < 60,selected_function_line_coverage_percent=0 < 60,214ed23e581fb29f,,stage4/results/torch-thesis-all-coverage/low_coverage.csv,
torch,torch.storage.np.ma.is_mask,stage4_coverage,selected_function_low_coverage,"selected_function_line_coverage_percent=0 below threshold 60; missing_lines=[1517, 1518, 1519, 1520, 1521, 1522, 1523, 1524, 1525, 1526, 1527, 1528, 1529, 1530, 1531, 1532, 1533, 1534, 1535, 1536, 1537, 1538, 1539, 1540, 1541, 1542, 1543, 1544, 1545, 1546, 1547, 1548, 1549, 1550, 1551, 1552, 1553, 1554, 1555, 1556, 1557, 1558, 1559, 1560, 1561, 1562, 1563, 1564, 1565, 1566, 1567, 1568, 1569, 1570, 1571, 1572, 1573, 1574, 1575, 1576, 1577, 1578, 1579, 1580, 1581, 1582, 1583]",6201af5d4714ce60,stage4/results/torch-thesis-all-coverage/coverage_report.json,stage4/results/torch-thesis-all-coverage/coverage_report.json,
torch,torch.storage.np.ma.make_mask_none,stage4_coverage,selected_function_low_coverage,"selected_function_line_coverage_percent=0 below threshold 60; missing_lines=[1687, 1688, 1689, 1690, 1691, 1692, 1693, 1694, 1695, 1696, 1697, 1698, 1699, 1700, 1701, 1702, 1703, 1704, 1705, 1706, 1707, 1708, 1709, 1710, 1711, 1712, 1713, 1714, 1715, 1716, 1717, 1718, 1719, 1720, 1721, 1722, 1723, 1724, 1725, 1726, 1727, 1728, 1729, 1730, 1731, 1732, 1733, 1734, 1735]",2ba60c97192397e1,stage4/results/torch-thesis-all-coverage/coverage_report.json,stage4/results/torch-thesis-all-coverage/coverage_report.json,
torch,torch.storage.np.ma.make_mask_none,stage4_coverage,selected_function_line_coverage_percent=0 < 60,selected_function_line_coverage_percent=0 < 60,fd04a3ecdf591dfd,,stage4/results/torch-thesis-all-coverage/low_coverage.csv,
torch,torch.storage.np.ma.mask_rowcols,stage4_coverage,selected_function_line_coverage_percent=0 < 60,selected_function_line_coverage_percent=0 < 60,30a678b6d6b183af,,stage4/results/torch-thesis-all-coverage/low_coverage.csv,
torch,torch.storage.np.ma.mask_rowcols,stage4_coverage,selected_function_low_coverage,"selected_function_line_coverage_percent=0 below threshold 60; missing_lines=[1035, 1036, 1037, 1038, 1039, 1040, 1041, 1042, 1043, 1044, 1045, 1046, 1047, 1048, 1049, 1050, 1051, 1052, 1053, 1054, 1055, 1056, 1057, 1058, 1059, 1060, 1061, 1062, 1063, 1064, 1065, 1066, 1067, 1068, 1069, 1070, 1071, 1072, 1073, 1074, 1075, 1076, 1077, 1078, 1079, 1080, 1081, 1082, 1083, 1084, 1085, 1086, 1087, 1088, 1089, 1090, 1091, 1092, 1093, 1094, 1095, 1096, 1097, 1098, 1099, 1100, 1101, 1102, 1103, 1104, 1105, 1106, 1107, 1108, 1109, 1110, 1111, 1112, 1113, 1114, 1115, 1116, 1117, 1118, 1119, 1120, 1121]",5bccacfe06e09d85,stage4/results/torch-thesis-all-coverage/coverage_report.json,stage4/results/torch-thesis-all-coverage/coverage_report.json,
torch,torch.storage.np.ma.masked_all,stage4_coverage,selected_function_low_coverage,"selected_function_line_coverage_percent=0 below threshold 60; missing_lines=[120, 121, 122, 123, 124, 125, 126, 127, 128, 129, 130, 131, 132, 133, 134, 135, 136, 137, 138, 139, 140, 141, 142, 143, 144, 145, 146, 147, 148, 149, 150, 151, 152, 153, 154, 155, 156, 157, 158, 159, 160, 161, 162, 163, 164, 165, 166, 167, 168, 169, 170, 171, 172, 173, 174, 175, 176, 177, 178]",675d538877c7c650,stage4/results/torch-thesis-all-coverage/coverage_report.json,stage4/results/torch-thesis-all-coverage/coverage_report.json,
torch,torch.storage.np.ma.masked_all,stage4_coverage,selected_function_line_coverage_percent=0 < 60,selected_function_line_coverage_percent=0 < 60,9e4c131008568a3f,,stage4/results/torch-thesis-all-coverage/low_coverage.csv,
torch,torch.storage.np.ma.masked_all_like,stage4_coverage,selected_function_line_coverage_percent=0 < 60,selected_function_line_coverage_percent=0 < 60,a2f14eb83cbf3b8a,,stage4/results/torch-thesis-all-coverage/low_coverage.csv,
torch,torch.storage.np.ma.masked_all_like,stage4_coverage,selected_function_low_coverage,"selected_function_line_coverage_percent=0 below threshold 60; missing_lines=[181, 182, 183, 184, 185, 186, 187, 188, 189, 190, 191, 192, 193, 194, 195, 196, 197, 198, 199, 200, 201, 202, 203, 204, 205, 206, 207, 208, 209, 210, 211, 212, 213, 214, 215, 216, 217, 218, 219, 220, 221, 222, 223, 224, 225, 226, 227, 228, 229, 230, 231, 232, 233, 234, 235, 236, 237, 238, 239, 240, 241, 242]",f8c18ae3b7e81d0e,stage4/results/torch-thesis-all-coverage/coverage_report.json,stage4/results/torch-thesis-all-coverage/coverage_report.json,
torch,torch.storage.np.ma.maximum_fill_value,stage4_coverage,selected_function_line_coverage_percent=0 < 60,selected_function_line_coverage_percent=0 < 60,b2c1df6e2bff801d,,stage4/results/torch-thesis-all-coverage/low_coverage.csv,
torch,torch.storage.np.ma.maximum_fill_value,stage4_coverage,selected_function_low_coverage,"selected_function_line_coverage_percent=0 below threshold 60; missing_lines=[371, 372, 373, 374, 375, 376, 377, 378, 379, 380, 381, 382, 383, 384, 385, 386, 387, 388, 389, 390, 391, 392, 393, 394, 395, 396, 397, 398, 399, 400, 401, 402, 403, 404, 405, 406, 407, 408, 409, 410, 411, 412, 413, 414, 415, 416, 417, 418, 419, 420]",f26d833ea319071e,stage4/results/torch-thesis-all-coverage/coverage_report.json,stage4/results/torch-thesis-all-coverage/coverage_report.json,
torch,torch.storage.np.ma.minimum_fill_value,stage4_coverage,selected_function_line_coverage_percent=0 < 60,selected_function_line_coverage_percent=0 < 60,3f76378a91229081,,stage4/results/torch-thesis-all-coverage/low_coverage.csv,
torch,torch.storage.np.ma.minimum_fill_value,stage4_coverage,selected_function_low_coverage,"selected_function_line_coverage_percent=0 below threshold 60; missing_lines=[319, 320, 321, 322, 323, 324, 325, 326, 327, 328, 329, 330, 331, 332, 333, 334, 335, 336, 337, 338, 339, 340, 341, 342, 343, 344, 345, 346, 347, 348, 349, 350, 351, 352, 353, 354, 355, 356, 357, 358, 359, 360, 361, 362, 363, 364, 365, 366, 367, 368]",7f5850f2d9b833c6,stage4/results/torch-thesis-all-coverage/coverage_report.json,stage4/results/torch-thesis-all-coverage/coverage_report.json,
torch,torch.storage.np.ma.ones,stage4_coverage,selected_function_line_coverage_percent=0 < 60,selected_function_line_coverage_percent=0 < 60,1956f39c1d954a55,,stage4/results/torch-thesis-all-coverage/low_coverage.csv,
torch,torch.storage.np.ma.ones,stage4_coverage,selected_function_low_coverage,"selected_function_line_coverage_percent=0 below threshold 60; missing_lines=[8749, 8750, 8751, 8752, 8753, 8754, 8755, 8756, 8757, 8758, 8759, 8760, 8761]",b10a96c2a1e8dbfe,stage4/results/torch-thesis-all-coverage/coverage_report.json,stage4/results/torch-thesis-all-coverage/coverage_report.json,
torch,torch.storage.np.ma.ones_like,stage4_coverage,selected_function_low_coverage,"selected_function_line_coverage_percent=0 below threshold 60; missing_lines=[8749, 8750, 8751, 8752, 8753, 8754, 8755, 8756, 8757, 8758, 8759, 8760, 8761]",49ef22e1d5000e95,stage4/results/torch-thesis-all-coverage/coverage_report.json,stage4/results/torch-thesis-all-coverage/coverage_report.json,
torch,torch.storage.np.ma.ones_like,stage4_coverage,selected_function_line_coverage_percent=0 < 60,selected_function_line_coverage_percent=0 < 60,fb8e0b015805d111,,stage4/results/torch-thesis-all-coverage/low_coverage.csv,
torch,torch.storage.np.ma.zeros,stage4_coverage,selected_function_line_coverage_percent=0 < 60,selected_function_line_coverage_percent=0 < 60,92bda5725036385b,,stage4/results/torch-thesis-all-coverage/low_coverage.csv,
torch,torch.storage.np.ma.zeros,stage4_coverage,selected_function_low_coverage,"selected_function_line_coverage_percent=0 below threshold 60; missing_lines=[8749, 8750, 8751, 8752, 8753, 8754, 8755, 8756, 8757, 8758, 8759, 8760, 8761]",adb5805e4733979d,stage4/results/torch-thesis-all-coverage/coverage_report.json,stage4/results/torch-thesis-all-coverage/coverage_report.json,
torch,torch.storage.np.ma.zeros_like,stage4_runtime,WorkerTimeout,"/Users/aryansg/Desktop/DeepFuzz/.venv/lib/python3.13/site-packages/coverage/inorout.py:577: CoverageWarning: Module torch was previously imported, but not measured (module-not-measured); see https://coverage.readthedocs.io/en/7.13.5/messages.html#warning-module-not-measured
  self.warn(msg, slug=""module-not-measured"")
/Users/aryansg/Desktop/DeepFuzz/.venv/lib/python3.13/site-packages/coverage/inorout.py:577: CoverageWarning: Module torch was previously imported, but not measured (module-not-measured); see https://coverage.readthedocs.io/en/7.13.5/messages.html#warning-module-not-measured
  self.warn(msg, slug=""module-not-measured"")
/Users/aryansg/Desktop/DeepFuzz/.venv/lib/python3.13/site-packages/coverage/inorout.py:577: CoverageWarning: Module torch was previously imported, but not measured (module-not-measured); see https://coverage.readthedocs.io/en/7.13.5/messages.html#warning-module-not-measured
  self.warn(msg, slug=""module-not-measured"")
/Users/aryansg/Desktop/DeepFuzz/.venv/lib/python3.13/site-packages/coverage/inorout.py:577: CoverageWarning: Module torch was previously imported, but not measured (module-not-measured); see https://coverage.readthedocs.io/en/7.13.5/messages.html#warning-module-not-measured
  self.warn(msg, slug=""module-not-measured"")
/Users/aryansg/Desktop/DeepFuzz/.venv/lib/python3.13/site-packages/coverage/inorout.py:577: CoverageWarning: Module torch was previously imported, but not measured (module-not-measured); see https://coverage.readthedocs.io/en/7.13.5/messages.html#warning-module-not-measured
  self.warn(msg, slug=""module-not-measured"")
/Users/aryansg/Desktop/DeepFuzz/.venv/lib/python3.13/site-packages/coverage/inorout.py:577: CoverageWarning: Module torch was previously imported, but not measured (module-not-measured); see https://coverage.readthedocs.io/en/7.13.5/messages.html#warning-module-not-measured
  self.warn(msg, slug=""module-not-measured"")
/Users/aryansg/Desktop/DeepFuzz/.venv/lib/python3.13/site-packages/coverage/inorout.py:577: CoverageWarning: Module torch was previously imported, but not measured (module-not-measured); see https://coverage.readthedocs.io/en/7.13.5/messages.html#warning-module-not-measured
  self.warn(msg, slug=""module-not-measured"")
/Users/aryansg/Desktop/DeepFuzz/.venv/lib/python3.13/site-packages/coverage/html.py:131: CoverageWarning: No contexts were measured
  self.coverage._warn(""No contexts were measured"")",0f65b86026164ad0,stage4/results/torch-thesis-all-coverage/execution_results/torch.storage.np.ma.zeros_like.results.json,stage4/results/torch-thesis-all-coverage/failure.csv,
torch,torch.storage.np.ma.zeros_like,stage4_coverage,uncovered_api,Stage 4 did not cover API; valid_programs=0 bugs=0,4dff2ac96b82948c,stage4/results/torch-thesis-all-coverage/coverage_report.json,stage4/results/torch-thesis-all-coverage/coverage_report.json,
torch,torch.storage.np.ma.zeros_like,stage4_coverage,selected_function_line_coverage_percent=0 < 60,selected_function_line_coverage_percent=0 < 60,597a8183e9b817fb,,stage4/results/torch-thesis-all-coverage/low_coverage.csv,
torch,torch.storage.np.nancumprod,stage4_coverage,uncovered_api,Stage 4 did not cover API; valid_programs=0 bugs=0,134fa69610cd623f,stage4/results/torch-thesis-all-coverage/coverage_report.json,stage4/results/torch-thesis-all-coverage/coverage_report.json,
torch,torch.storage.np.nancumprod,stage4_coverage,selected_function_line_coverage_percent=0 < 60,selected_function_line_coverage_percent=0 < 60,24f144d0cd0bcab4,,stage4/results/torch-thesis-all-coverage/low_coverage.csv,
torch,torch.storage.np.nancumprod,stage4_runtime,WorkerTimeout,"/Users/aryansg/Desktop/DeepFuzz/.venv/lib/python3.13/site-packages/coverage/inorout.py:577: CoverageWarning: Module torch was previously imported, but not measured (module-not-measured); see https://coverage.readthedocs.io/en/7.13.5/messages.html#warning-module-not-measured
  self.warn(msg, slug=""module-not-measured"")
/Users/aryansg/Desktop/DeepFuzz/.venv/lib/python3.13/site-packages/coverage/inorout.py:577: CoverageWarning: Module torch was previously imported, but not measured (module-not-measured); see https://coverage.readthedocs.io/en/7.13.5/messages.html#warning-module-not-measured
  self.warn(msg, slug=""module-not-measured"")
/Users/aryansg/Desktop/DeepFuzz/.venv/lib/python3.13/site-packages/coverage/inorout.py:577: CoverageWarning: Module torch was previously imported, but not measured (module-not-measured); see https://coverage.readthedocs.io/en/7.13.5/messages.html#warning-module-not-measured
  self.warn(msg, slug=""module-not-measured"")
/Users/aryansg/Desktop/DeepFuzz/.venv/lib/python3.13/site-packages/coverage/inorout.py:577: CoverageWarning: Module torch was previously imported, but not measured (module-not-measured); see https://coverage.readthedocs.io/en/7.13.5/messages.html#warning-module-not-measured
  self.warn(msg, slug=""module-not-measured"")
/Users/aryansg/Desktop/DeepFuzz/.venv/lib/python3.13/site-packages/coverage/inorout.py:577: CoverageWarning: Module torch was previously imported, but not measured (module-not-measured); see https://coverage.readthedocs.io/en/7.13.5/messages.html#warning-module-not-measured
  self.warn(msg, slug=""module-not-measured"")
/Users/aryansg/Desktop/DeepFuzz/.venv/lib/python3.13/site-packages/coverage/inorout.py:577: CoverageWarning: Module torch was previously imported, but not measured (module-not-measured); see https://coverage.readthedocs.io/en/7.13.5/messages.html#warning-module-not-measured
  self.warn(msg, slug=""module-not-measured"")
/Users/aryansg/Desktop/DeepFuzz/.venv/lib/python3.13/site-packages/coverage/inorout.py:577: CoverageWarning: Module torch was previously imported, but not measured (module-not-measured); see https://coverage.readthedocs.io/en/7.13.5/messages.html#warning-module-not-measured
  self.warn(msg, slug=""module-not-measured"")
/Users/aryansg/Desktop/DeepFuzz/.venv/lib/python3.13/site-packages/coverage/html.py:131: CoverageWarning: No contexts were measured
  self.coverage._warn(""No contexts were measured"")",3a956dbb496abae4,stage4/results/torch-thesis-all-coverage/execution_results/torch.storage.np.nancumprod.results.json,stage4/results/torch-thesis-all-coverage/failure.csv,
torch,torch.storage.np.nanprod,stage4_coverage,selected_function_line_coverage_percent=0 < 60,selected_function_line_coverage_percent=0 < 60,379ee14c1cef3fce,,stage4/results/torch-thesis-all-coverage/low_coverage.csv,
torch,torch.storage.np.nanprod,stage4_runtime,WorkerTimeout,"/Users/aryansg/Desktop/DeepFuzz/.venv/lib/python3.13/site-packages/coverage/inorout.py:577: CoverageWarning: Module torch was previously imported, but not measured (module-not-measured); see https://coverage.readthedocs.io/en/7.13.5/messages.html#warning-module-not-measured
  self.warn(msg, slug=""module-not-measured"")
/Users/aryansg/Desktop/DeepFuzz/.venv/lib/python3.13/site-packages/coverage/inorout.py:577: CoverageWarning: Module torch was previously imported, but not measured (module-not-measured); see https://coverage.readthedocs.io/en/7.13.5/messages.html#warning-module-not-measured
  self.warn(msg, slug=""module-not-measured"")
/Users/aryansg/Desktop/DeepFuzz/.venv/lib/python3.13/site-packages/coverage/inorout.py:577: CoverageWarning: Module torch was previously imported, but not measured (module-not-measured); see https://coverage.readthedocs.io/en/7.13.5/messages.html#warning-module-not-measured
  self.warn(msg, slug=""module-not-measured"")
/Users/aryansg/Desktop/DeepFuzz/.venv/lib/python3.13/site-packages/coverage/inorout.py:577: CoverageWarning: Module torch was previously imported, but not measured (module-not-measured); see https://coverage.readthedocs.io/en/7.13.5/messages.html#warning-module-not-measured
  self.warn(msg, slug=""module-not-measured"")
/Users/aryansg/Desktop/DeepFuzz/.venv/lib/python3.13/site-packages/coverage/inorout.py:577: CoverageWarning: Module torch was previously imported, but not measured (module-not-measured); see https://coverage.readthedocs.io/en/7.13.5/messages.html#warning-module-not-measured
  self.warn(msg, slug=""module-not-measured"")
/Users/aryansg/Desktop/DeepFuzz/.venv/lib/python3.13/site-packages/coverage/inorout.py:577: CoverageWarning: Module torch was previously imported, but not measured (module-not-measured); see https://coverage.readthedocs.io/en/7.13.5/messages.html#warning-module-not-measured
  self.warn(msg, slug=""module-not-measured"")
/Users/aryansg/Desktop/DeepFuzz/.venv/lib/python3.13/site-packages/coverage/inorout.py:577: CoverageWarning: Module torch was previously imported, but not measured (module-not-measured); see https://coverage.readthedocs.io/en/7.13.5/messages.html#warning-module-not-measured
  self.warn(msg, slug=""module-not-measured"")
/Users/aryansg/Desktop/DeepFuzz/.venv/lib/python3.13/site-packages/coverage/html.py:131: CoverageWarning: No contexts were measured
  self.coverage._warn(""No contexts were measured"")",8081f2c57d139c64,stage4/results/torch-thesis-all-coverage/execution_results/torch.storage.np.nanprod.results.json,stage4/results/torch-thesis-all-coverage/failure.csv,
torch,torch.storage.np.nanprod,stage4_coverage,uncovered_api,Stage 4 did not cover API; valid_programs=0 bugs=0,b06017a900b058e0,stage4/results/torch-thesis-all-coverage/coverage_report.json,stage4/results/torch-thesis-all-coverage/coverage_report.json,
torch,torch.storage.np.ndim,stage4_coverage,selected_function_line_coverage_percent=0 < 60,selected_function_line_coverage_percent=0 < 60,88b2b3f7d2d3bf78,,stage4/results/torch-thesis-all-coverage/low_coverage.csv,
torch,torch.storage.np.ndim,stage4_coverage,uncovered_api,Stage 4 did not cover API; valid_programs=0 bugs=0,ac1c3941e0744dfc,stage4/results/torch-thesis-all-coverage/coverage_report.json,stage4/results/torch-thesis-all-coverage/coverage_report.json,
torch,torch.storage.np.ndim,stage4_runtime,WorkerTimeout,"/Users/aryansg/Desktop/DeepFuzz/.venv/lib/python3.13/site-packages/coverage/inorout.py:577: CoverageWarning: Module torch was previously imported, but not measured (module-not-measured); see https://coverage.readthedocs.io/en/7.13.5/messages.html#warning-module-not-measured
  self.warn(msg, slug=""module-not-measured"")
/Users/aryansg/Desktop/DeepFuzz/.venv/lib/python3.13/site-packages/coverage/inorout.py:577: CoverageWarning: Module torch was previously imported, but not measured (module-not-measured); see https://coverage.readthedocs.io/en/7.13.5/messages.html#warning-module-not-measured
  self.warn(msg, slug=""module-not-measured"")
/Users/aryansg/Desktop/DeepFuzz/.venv/lib/python3.13/site-packages/coverage/inorout.py:577: CoverageWarning: Module torch was previously imported, but not measured (module-not-measured); see https://coverage.readthedocs.io/en/7.13.5/messages.html#warning-module-not-measured
  self.warn(msg, slug=""module-not-measured"")
/Users/aryansg/Desktop/DeepFuzz/.venv/lib/python3.13/site-packages/coverage/inorout.py:577: CoverageWarning: Module torch was previously imported, but not measured (module-not-measured); see https://coverage.readthedocs.io/en/7.13.5/messages.html#warning-module-not-measured
  self.warn(msg, slug=""module-not-measured"")
/Users/aryansg/Desktop/DeepFuzz/.venv/lib/python3.13/site-packages/coverage/inorout.py:577: CoverageWarning: Module torch was previously imported, but not measured (module-not-measured); see https://coverage.readthedocs.io/en/7.13.5/messages.html#warning-module-not-measured
  self.warn(msg, slug=""module-not-measured"")
/Users/aryansg/Desktop/DeepFuzz/.venv/lib/python3.13/site-packages/coverage/inorout.py:577: CoverageWarning: Module torch was previously imported, but not measured (module-not-measured); see https://coverage.readthedocs.io/en/7.13.5/messages.html#warning-module-not-measured
  self.warn(msg, slug=""module-not-measured"")
/Users/aryansg/Desktop/DeepFuzz/.venv/lib/python3.13/site-packages/coverage/inorout.py:577: CoverageWarning: Module torch was previously imported, but not measured (module-not-measured); see https://coverage.readthedocs.io/en/7.13.5/messages.html#warning-module-not-measured
  self.warn(msg, slug=""module-not-measured"")",d5387ecedd194d27,stage4/results/torch-thesis-all-coverage/execution_results/torch.storage.np.ndim.results.json,stage4/results/torch-thesis-all-coverage/failure.csv,
torch,torch.storage.np.nonzero,stage4_coverage,uncovered_api,Stage 4 did not cover API; valid_programs=0 bugs=0,90fa2f63837cbf06,stage4/results/torch-thesis-all-coverage/coverage_report.json,stage4/results/torch-thesis-all-coverage/coverage_report.json,
torch,torch.storage.np.nonzero,stage4_coverage,selected_function_line_coverage_percent=0 < 60,selected_function_line_coverage_percent=0 < 60,c1a35e8cd494d50b,,stage4/results/torch-thesis-all-coverage/low_coverage.csv,
torch,torch.storage.np.nonzero,stage4_runtime,WorkerTimeout,"/Users/aryansg/Desktop/DeepFuzz/.venv/lib/python3.13/site-packages/coverage/inorout.py:577: CoverageWarning: Module torch was previously imported, but not measured (module-not-measured); see https://coverage.readthedocs.io/en/7.13.5/messages.html#warning-module-not-measured
  self.warn(msg, slug=""module-not-measured"")
/Users/aryansg/Desktop/DeepFuzz/.venv/lib/python3.13/site-packages/coverage/inorout.py:577: CoverageWarning: Module torch was previously imported, but not measured (module-not-measured); see https://coverage.readthedocs.io/en/7.13.5/messages.html#warning-module-not-measured
  self.warn(msg, slug=""module-not-measured"")
/Users/aryansg/Desktop/DeepFuzz/.venv/lib/python3.13/site-packages/coverage/inorout.py:577: CoverageWarning: Module torch was previously imported, but not measured (module-not-measured); see https://coverage.readthedocs.io/en/7.13.5/messages.html#warning-module-not-measured
  self.warn(msg, slug=""module-not-measured"")
/Users/aryansg/Desktop/DeepFuzz/.venv/lib/python3.13/site-packages/coverage/inorout.py:577: CoverageWarning: Module torch was previously imported, but not measured (module-not-measured); see https://coverage.readthedocs.io/en/7.13.5/messages.html#warning-module-not-measured
  self.warn(msg, slug=""module-not-measured"")
/Users/aryansg/Desktop/DeepFuzz/.venv/lib/python3.13/site-packages/coverage/inorout.py:577: CoverageWarning: Module torch was previously imported, but not measured (module-not-measured); see https://coverage.readthedocs.io/en/7.13.5/messages.html#warning-module-not-measured
  self.warn(msg, slug=""module-not-measured"")
/Users/aryansg/Desktop/DeepFuzz/.venv/lib/python3.13/site-packages/coverage/inorout.py:577: CoverageWarning: Module torch was previously imported, but not measured (module-not-measured); see https://coverage.readthedocs.io/en/7.13.5/messages.html#warning-module-not-measured
  self.warn(msg, slug=""module-not-measured"")
/Users/aryansg/Desktop/DeepFuzz/.venv/lib/python3.13/site-packages/coverage/inorout.py:577: CoverageWarning: Module torch was previously imported, but not measured (module-not-measured); see https://coverage.readthedocs.io/en/7.13.5/messages.html#warning-module-not-measured
  self.warn(msg, slug=""module-not-measured"")",da4d405da9cafe65,stage4/results/torch-thesis-all-coverage/execution_results/torch.storage.np.nonzero.results.json,stage4/results/torch-thesis-all-coverage/failure.csv,
torch,torch.storage.np.ones,stage4_coverage,selected_function_low_coverage,"selected_function_line_coverage_percent=0 below threshold 60; missing_lines=[170, 171, 172, 173, 174, 175, 176, 177, 178, 179, 180, 181, 182, 183, 184, 185, 186, 187, 188, 189, 190, 191, 192, 193, 194, 195, 196, 197, 198, 199, 200, 201, 202, 203, 204, 205, 206, 207, 208, 209, 210, 211, 212, 213, 214, 215, 216, 217, 218, 219, 220, 221, 222, 223, 224, 225, 226, 227, 228, 229, 230, 231, 232, 233, 234]",1ced595be7945046,stage4/results/torch-thesis-all-coverage/coverage_report.json,stage4/results/torch-thesis-all-coverage/coverage_report.json,
torch,torch.storage.np.ones,stage4_coverage,selected_function_line_coverage_percent=0 < 60,selected_function_line_coverage_percent=0 < 60,3508e1afa9d1acd5,,stage4/results/torch-thesis-all-coverage/low_coverage.csv,
torch,torch.storage.np.ones_like,stage4_coverage,selected_function_line_coverage_percent=0 < 60,selected_function_line_coverage_percent=0 < 60,2c218fde68867180,,stage4/results/torch-thesis-all-coverage/low_coverage.csv,
torch,torch.storage.np.ones_like,stage4_coverage,selected_function_low_coverage,"selected_function_line_coverage_percent=0 below threshold 60; missing_lines=[246, 247, 248, 249, 250, 251, 252, 253, 254, 255, 256, 257, 258, 259, 260, 261, 262, 263, 264, 265, 266, 267, 268, 269, 270, 271, 272, 273, 274, 275, 276, 277, 278, 279, 280, 281, 282, 283, 284, 285, 286, 287, 288, 289, 290, 291, 292, 293, 294, 295, 296, 297, 298, 299, 300, 301, 302, 303, 304, 305, 306, 307, 308, 309, 310, 311, 312, 313, 314]",f4456d6b3ff65fcb,stage4/results/torch-thesis-all-coverage/coverage_report.json,stage4/results/torch-thesis-all-coverage/coverage_report.json,
torch,torch.storage.np.pad,stage4_coverage,selected_function_line_coverage_percent=0 < 60,selected_function_line_coverage_percent=0 < 60,0506fd6201830798,,stage4/results/torch-thesis-all-coverage/low_coverage.csv,
torch,torch.storage.np.pad,stage4_coverage,uncovered_api,Stage 4 did not cover API; valid_programs=0 bugs=0,0ce95b9f1df7861d,stage4/results/torch-thesis-all-coverage/coverage_report.json,stage4/results/torch-thesis-all-coverage/coverage_report.json,
torch,torch.storage.np.pad,stage4_runtime,WorkerTimeout,"/Users/aryansg/Desktop/DeepFuzz/.venv/lib/python3.13/site-packages/coverage/inorout.py:577: CoverageWarning: Module torch was previously imported, but not measured (module-not-measured); see https://coverage.readthedocs.io/en/7.13.5/messages.html#warning-module-not-measured
  self.warn(msg, slug=""module-not-measured"")
/Users/aryansg/Desktop/DeepFuzz/.venv/lib/python3.13/site-packages/coverage/inorout.py:577: CoverageWarning: Module torch was previously imported, but not measured (module-not-measured); see https://coverage.readthedocs.io/en/7.13.5/messages.html#warning-module-not-measured
  self.warn(msg, slug=""module-not-measured"")
/Users/aryansg/Desktop/DeepFuzz/.venv/lib/python3.13/site-packages/coverage/inorout.py:577: CoverageWarning: Module torch was previously imported, but not measured (module-not-measured); see https://coverage.readthedocs.io/en/7.13.5/messages.html#warning-module-not-measured
  self.warn(msg, slug=""module-not-measured"")
/Users/aryansg/Desktop/DeepFuzz/.venv/lib/python3.13/site-packages/coverage/inorout.py:577: CoverageWarning: Module torch was previously imported, but not measured (module-not-measured); see https://coverage.readthedocs.io/en/7.13.5/messages.html#warning-module-not-measured
  self.warn(msg, slug=""module-not-measured"")
/Users/aryansg/Desktop/DeepFuzz/.venv/lib/python3.13/site-packages/coverage/inorout.py:577: CoverageWarning: Module torch was previously imported, but not measured (module-not-measured); see https://coverage.readthedocs.io/en/7.13.5/messages.html#warning-module-not-measured
  self.warn(msg, slug=""module-not-measured"")
/Users/aryansg/Desktop/DeepFuzz/.venv/lib/python3.13/site-packages/coverage/inorout.py:577: CoverageWarning: Module torch was previously imported, but not measured (module-not-measured); see https://coverage.readthedocs.io/en/7.13.5/messages.html#warning-module-not-measured
  self.warn(msg, slug=""module-not-measured"")
/Users/aryansg/Desktop/DeepFuzz/.venv/lib/python3.13/site-packages/coverage/inorout.py:577: CoverageWarning: Module torch was previously imported, but not measured (module-not-measured); see https://coverage.readthedocs.io/en/7.13.5/messages.html#warning-module-not-measured
  self.warn(msg, slug=""module-not-measured"")
/Users/aryansg/Desktop/DeepFuzz/.venv/lib/python3.13/site-packages/coverage/inorout.py:577: CoverageWarning: Module torch was previously imported, but not measured (module-not-measured); see https://coverage.readthedocs.io/en/7.13.5/messages.html#warning-module-not-measured
  self.warn(msg, slug=""module-not-measured"")
/Users/aryansg/Desktop/DeepFuzz/.venv/lib/python3.13/site-packages/coverage/inorout.py:577: CoverageWarning: Module torch was previously imported, but not measured (module-not-measured); see https://coverage.readthedocs.io/en/7.13.5/messages.html#warning-module-not-measured
  self.warn(msg, slug=""module-not-measured"")
/Users/aryansg/Desktop/DeepFuzz/.venv/lib/python3.13/site-packages/coverage/html.py:131: CoverageWarning: No contexts were measured
  self.coverage._warn(""No contexts were measured"")",c91a4426f8e0b50b,stage4/results/torch-thesis-all-coverage/execution_results/torch.storage.np.pad.results.json,stage4/results/torch-thesis-all-coverage/failure.csv,
torch,torch.storage.np.partition,stage4_coverage,uncovered_api,Stage 4 did not cover API; valid_programs=0 bugs=0,1ea1298de9185ddc,stage4/results/torch-thesis-all-coverage/coverage_report.json,stage4/results/torch-thesis-all-coverage/coverage_report.json,
torch,torch.storage.np.partition,stage4_coverage,selected_function_line_coverage_percent=0 < 60,selected_function_line_coverage_percent=0 < 60,396ef3d9c455fddb,,stage4/results/torch-thesis-all-coverage/low_coverage.csv,
torch,torch.storage.np.partition,stage4_runtime,WorkerTimeout,"/Users/aryansg/Desktop/DeepFuzz/.venv/lib/python3.13/site-packages/coverage/inorout.py:577: CoverageWarning: Module torch was previously imported, but not measured (module-not-measured); see https://coverage.readthedocs.io/en/7.13.5/messages.html#warning-module-not-measured
  self.warn(msg, slug=""module-not-measured"")
/Users/aryansg/Desktop/DeepFuzz/.venv/lib/python3.13/site-packages/coverage/inorout.py:577: CoverageWarning: Module torch was previously imported, but not measured (module-not-measured); see https://coverage.readthedocs.io/en/7.13.5/messages.html#warning-module-not-measured
  self.warn(msg, slug=""module-not-measured"")
/Users/aryansg/Desktop/DeepFuzz/.venv/lib/python3.13/site-packages/coverage/inorout.py:577: CoverageWarning: Module torch was previously imported, but not measured (module-not-measured); see https://coverage.readthedocs.io/en/7.13.5/messages.html#warning-module-not-measured
  self.warn(msg, slug=""module-not-measured"")
/Users/aryansg/Desktop/DeepFuzz/.venv/lib/python3.13/site-packages/coverage/inorout.py:577: CoverageWarning: Module torch was previously imported, but not measured (module-not-measured); see https://coverage.readthedocs.io/en/7.13.5/messages.html#warning-module-not-measured
  self.warn(msg, slug=""module-not-measured"")
/Users/aryansg/Desktop/DeepFuzz/.venv/lib/python3.13/site-packages/coverage/inorout.py:577: CoverageWarning: Module torch was previously imported, but not measured (module-not-measured); see https://coverage.readthedocs.io/en/7.13.5/messages.html#warning-module-not-measured
  self.warn(msg, slug=""module-not-measured"")
/Users/aryansg/Desktop/DeepFuzz/.venv/lib/python3.13/site-packages/coverage/inorout.py:577: CoverageWarning: Module torch was previously imported, but not measured (module-not-measured); see https://coverage.readthedocs.io/en/7.13.5/messages.html#warning-module-not-measured
  self.warn(msg, slug=""module-not-measured"")
/Users/aryansg/Desktop/DeepFuzz/.venv/lib/python3.13/site-packages/coverage/inorout.py:577: CoverageWarning: Module torch was previously imported, but not measured (module-not-measured); see https://coverage.readthedocs.io/en/7.13.5/messages.html#warning-module-not-measured
  self.warn(msg, slug=""module-not-measured"")
/Users/aryansg/Desktop/DeepFuzz/.venv/lib/python3.13/site-packages/coverage/inorout.py:577: CoverageWarning: Module torch was previously imported, but not measured (module-not-measured); see https://coverage.readthedocs.io/en/7.13.5/messages.html#warning-module-not-measured
  self.warn(msg, slug=""module-not-measured"")
/Users/aryansg/Desktop/DeepFuzz/.venv/lib/python3.13/site-packages/coverage/inorout.py:577: CoverageWarning: Module torch was previously imported, but not measured (module-not-measured); see https://coverage.readthedocs.io/en/7.13.5/messages.html#warning-module-not-measured
  self.warn(msg, slug=""module-not-measured"")
/Users/aryansg/Desktop/DeepFuzz/.venv/lib/python3.13/site-packages/coverage/html.py:131: CoverageWarning: No contexts were measured
  self.coverage._warn(""No contexts were measured"")",e279d9db05269bf6,stage4/results/torch-thesis-all-coverage/execution_results/torch.storage.np.partition.results.json,stage4/results/torch-thesis-all-coverage/failure.csv,
torch,torch.storage.np.permute_dims,stage4_coverage,selected_function_low_coverage,"selected_function_line_coverage_percent=0 below threshold 60; missing_lines=[604, 605, 606, 607, 608, 609, 610, 611, 612, 613, 614, 615, 616, 617, 618, 619, 620, 621, 622, 623, 624, 625, 626, 627, 628, 629, 630, 631, 632, 633, 634, 635, 636, 637, 638, 639, 640, 641, 642, 643, 644, 645, 646, 647, 648, 649, 650, 651, 652, 653, 654, 655, 656, 657, 658, 659, 660, 661, 662, 663, 664, 665, 666, 667, 668, 669, 670, 671, 672, 673, 674, 675, 676, 677]",5d6f776a5515dd85,stage4/results/torch-thesis-all-coverage/coverage_report.json,stage4/results/torch-thesis-all-coverage/coverage_report.json,
torch,torch.storage.np.permute_dims,stage4_coverage,selected_function_line_coverage_percent=0 < 60,selected_function_line_coverage_percent=0 < 60,ad39f3a7df6cc87d,,stage4/results/torch-thesis-all-coverage/low_coverage.csv,
torch,torch.storage.np.poly,stage4_coverage,selected_function_low_coverage,"selected_function_line_coverage_percent=0 below threshold 60; missing_lines=[40, 41, 42, 43, 44, 45, 46, 47, 48, 49, 50, 51, 52, 53, 54, 55, 56, 57, 58, 59, 60, 61, 62, 63, 64, 65, 66, 67, 68, 69, 70, 71, 72, 73, 74, 75, 76, 77, 78, 79, 80, 81, 82, 83, 84, 85, 86, 87, 88, 89, 90, 91, 92, 93, 94, 95, 96, 97, 98, 99, 100, 101, 102, 103, 104, 105, 106, 107, 108, 109, 110, 111, 112, 113, 114, 115, 116, 117, 118, 119, 120, 121, 122, 123, 124, 125, 126, 127, 128, 129, 130, 131, 132, 133, 134, 135, 136, 137, 138, 139, 140, 141, 142, 143, 144, 145, 146, 147, 148, 149, 150, 151, 152, 153, 154, 155, 156, 157, 158, 159, 160, 161, 162, 163]",35104db7486c9844,stage4/results/torch-thesis-all-coverage/coverage_report.json,stage4/results/torch-thesis-all-coverage/coverage_report.json,
torch,torch.storage.np.poly,stage4_coverage,selected_function_line_coverage_percent=0 < 60,selected_function_line_coverage_percent=0 < 60,580e5b44b987e2c9,,stage4/results/torch-thesis-all-coverage/low_coverage.csv,
torch,torch.storage.np.polynomial.chebyshev.cheb2poly,stage4_coverage,selected_function_low_coverage,"selected_function_line_coverage_percent=0 below threshold 60; missing_lines=[395, 396, 397, 398, 399, 400, 401, 402, 403, 404, 405, 406, 407, 408, 409, 410, 411, 412, 413, 414, 415, 416, 417, 418, 419, 420, 421, 422, 423, 424, 425, 426, 427, 428, 429, 430, 431, 432, 433, 434, 435, 436, 437, 438, 439, 440, 441, 442, 443, 444, 445, 446, 447, 448, 449, 450, 451, 452, 453]",553c8b9644c78ca1,stage4/results/torch-thesis-all-coverage/coverage_report.json,stage4/results/torch-thesis-all-coverage/coverage_report.json,
torch,torch.storage.np.polynomial.chebyshev.cheb2poly,stage4_coverage,selected_function_line_coverage_percent=0 < 60,selected_function_line_coverage_percent=0 < 60,dad36186fe7a647c,,stage4/results/torch-thesis-all-coverage/low_coverage.csv,
torch,torch.storage.np.polynomial.chebyshev.chebcompanion,stage4_coverage,selected_function_line_coverage_percent=0 < 60,selected_function_line_coverage_percent=0 < 60,4c1480a4485ea381,,stage4/results/torch-thesis-all-coverage/low_coverage.csv,
torch,torch.storage.np.polynomial.chebyshev.chebcompanion,stage4_coverage,selected_function_low_coverage,"selected_function_line_coverage_percent=0 below threshold 60; missing_lines=[1627, 1628, 1629, 1630, 1631, 1632, 1633, 1634, 1635, 1636, 1637, 1638, 1639, 1640, 1641, 1642, 1643, 1644, 1645, 1646, 1647, 1648, 1649, 1650, 1651, 1652, 1653, 1654, 1655, 1656, 1657, 1658, 1659, 1660, 1661, 1662, 1663]",a38557f3df374c76,stage4/results/torch-thesis-all-coverage/coverage_report.json,stage4/results/torch-thesis-all-coverage/coverage_report.json,
torch,torch.storage.np.polynomial.chebyshev.chebder,stage4_coverage,selected_function_line_coverage_percent=0 < 60,selected_function_line_coverage_percent=0 < 60,6631cd577ff498a9,,stage4/results/torch-thesis-all-coverage/low_coverage.csv,
torch,torch.storage.np.polynomial.chebyshev.chebder,stage4_coverage,selected_function_low_coverage,"selected_function_line_coverage_percent=0 below threshold 60; missing_lines=[872, 873, 874, 875, 876, 877, 878, 879, 880, 881, 882, 883, 884, 885, 886, 887, 888, 889, 890, 891, 892, 893, 894, 895, 896, 897, 898, 899, 900, 901, 902, 903, 904, 905, 906, 907, 908, 909, 910, 911, 912, 913, 914, 915, 916, 917, 918, 919, 920, 921, 922, 923, 924, 925, 926, 927, 928, 929, 930, 931, 932, 933, 934, 935, 936, 937, 938, 939, 940, 941, 942, 943, 944, 945, 946, 947, 948, 949, 950, 951, 952, 953, 954, 955, 956, 957, 958, 959]",f07385b618d231ba,stage4/results/torch-thesis-all-coverage/coverage_report.json,stage4/results/torch-thesis-all-coverage/coverage_report.json,
torch,torch.storage.np.polynomial.chebyshev.chebgauss,stage4_coverage,selected_function_low_coverage,"selected_function_line_coverage_percent=0 below threshold 60; missing_lines=[1791, 1792, 1793, 1794, 1795, 1796, 1797, 1798, 1799, 1800, 1801, 1802, 1803, 1804, 1805, 1806, 1807, 1808, 1809, 1810, 1811, 1812, 1813, 1814, 1815, 1816, 1817, 1818, 1819, 1820, 1821, 1822, 1823, 1824, 1825, 1826, 1827, 1828, 1829, 1830]",604f9ac2cd20c1b0,stage4/results/torch-thesis-all-coverage/coverage_report.json,stage4/results/torch-thesis-all-coverage/coverage_report.json,
torch,torch.storage.np.polynomial.chebyshev.chebgauss,stage4_coverage,selected_function_line_coverage_percent=0 < 60,selected_function_line_coverage_percent=0 < 60,a67024d6443b92d6,,stage4/results/torch-thesis-all-coverage/low_coverage.csv,
torch,torch.storage.np.polynomial.chebyshev.chebint,stage4_coverage,selected_function_line_coverage_percent=0 < 60,selected_function_line_coverage_percent=0 < 60,22e21d515540cd0c,,stage4/results/torch-thesis-all-coverage/low_coverage.csv,
torch,torch.storage.np.polynomial.chebyshev.chebint,stage4_coverage,selected_function_low_coverage,"selected_function_line_coverage_percent=0 below threshold 60; missing_lines=[962, 963, 964, 965, 966, 967, 968, 969, 970, 971, 972, 973, 974, 975, 976, 977, 978, 979, 980, 981, 982, 983, 984, 985, 986, 987, 988, 989, 990, 991, 992, 993, 994, 995, 996, 997, 998, 999, 1000, 1001, 1002, 1003, 1004, 1005, 1006, 1007, 1008, 1009, 1010, 1011, 1012, 1013, 1014, 1015, 1016, 1017, 1018, 1019, 1020, 1021, 1022, 1023, 1024, 1025, 1026, 1027, 1028, 1029, 1030, 1031, 1032, 1033, 1034, 1035, 1036, 1037, 1038, 1039, 1040, 1041, 1042, 1043, 1044, 1045, 1046, 1047, 1048, 1049, 1050, 1051, 1052, 1053, 1054, 1055, 1056, 1057, 1058, 1059, 1060, 1061, 1062, 1063, 1064, 1065, 1066, 1067, 1068, 1069, 1070, 1071, 1072, 1073, 1074, 1075, 1076, 1077, 1078, 1079, 1080, 1081, 1082, 1083, 1084]",2765341eda3ba220,stage4/results/torch-thesis-all-coverage/coverage_report.json,stage4/results/torch-thesis-all-coverage/coverage_report.json,
torch,torch.storage.np.polynomial.chebyshev.chebmulx,stage4_coverage,selected_function_low_coverage,"selected_function_line_coverage_percent=0 below threshold 60; missing_lines=[653, 654, 655, 656, 657, 658, 659, 660, 661, 662, 663, 664, 665, 666, 667, 668, 669, 670, 671, 672, 673, 674, 675, 676, 677, 678, 679, 680, 681, 682, 683, 684, 685, 686, 687, 688, 689, 690, 691, 692, 693, 694, 695]",610e1ac279798c99,stage4/results/torch-thesis-all-coverage/coverage_report.json,stage4/results/torch-thesis-all-coverage/coverage_report.json,
torch,torch.storage.np.polynomial.chebyshev.chebmulx,stage4_coverage,selected_function_line_coverage_percent=0 < 60,selected_function_line_coverage_percent=0 < 60,c9e73867e07b6fa1,,stage4/results/torch-thesis-all-coverage/low_coverage.csv,
torch,torch.storage.np.polynomial.chebyshev.chebval,stage4_coverage,selected_function_line_coverage_percent=0 < 60,selected_function_line_coverage_percent=0 < 60,7c50cd0afa624803,,stage4/results/torch-thesis-all-coverage/low_coverage.csv,
torch,torch.storage.np.polynomial.chebyshev.chebval,stage4_coverage,selected_function_low_coverage,"selected_function_line_coverage_percent=0 below threshold 60; missing_lines=[1087, 1088, 1089, 1090, 1091, 1092, 1093, 1094, 1095, 1096, 1097, 1098, 1099, 1100, 1101, 1102, 1103, 1104, 1105, 1106, 1107, 1108, 1109, 1110, 1111, 1112, 1113, 1114, 1115, 1116, 1117, 1118, 1119, 1120, 1121, 1122, 1123, 1124, 1125, 1126, 1127, 1128, 1129, 1130, 1131, 1132, 1133, 1134, 1135, 1136, 1137, 1138, 1139, 1140, 1141, 1142, 1143, 1144, 1145, 1146, 1147, 1148, 1149, 1150, 1151, 1152, 1153, 1154, 1155, 1156, 1157, 1158, 1159, 1160, 1161, 1162, 1163, 1164, 1165, 1166]",9c25684533c9265e,stage4/results/torch-thesis-all-coverage/coverage_report.json,stage4/results/torch-thesis-all-coverage/coverage_report.json,
torch,torch.storage.np.polynomial.chebyshev.chebvander,stage4_coverage,selected_function_low_coverage,"selected_function_line_coverage_percent=0 below threshold 60; missing_lines=[1354, 1355, 1356, 1357, 1358, 1359, 1360, 1361, 1362, 1363, 1364, 1365, 1366, 1367, 1368, 1369, 1370, 1371, 1372, 1373, 1374, 1375, 1376, 1377, 1378, 1379, 1380, 1381, 1382, 1383, 1384, 1385, 1386, 1387, 1388, 1389, 1390, 1391, 1392, 1393, 1394, 1395, 1396, 1397, 1398, 1399, 1400, 1401, 1402, 1403, 1404]",94ac10a540204c91,stage4/results/torch-thesis-all-coverage/coverage_report.json,stage4/results/torch-thesis-all-coverage/coverage_report.json,
torch,torch.storage.np.polynomial.chebyshev.chebvander,stage4_coverage,selected_function_line_coverage_percent=0 < 60,selected_function_line_coverage_percent=0 < 60,ad1358c8302393b0,,stage4/results/torch-thesis-all-coverage/low_coverage.csv,
torch,torch.storage.np.polynomial.chebyshev.poly2cheb,stage4_coverage,selected_function_line_coverage_percent=0 < 60,selected_function_line_coverage_percent=0 < 60,4ac3300c086af5b4,,stage4/results/torch-thesis-all-coverage/low_coverage.csv,
torch,torch.storage.np.polynomial.chebyshev.poly2cheb,stage4_coverage,selected_function_low_coverage,"selected_function_line_coverage_percent=0 below threshold 60; missing_lines=[345, 346, 347, 348, 349, 350, 351, 352, 353, 354, 355, 356, 357, 358, 359, 360, 361, 362, 363, 364, 365, 366, 367, 368, 369, 370, 371, 372, 373, 374, 375, 376, 377, 378, 379, 380, 381, 382, 383, 384, 385, 386, 387, 388, 389, 390, 391, 392]",c3db02cc7d876b52,stage4/results/torch-thesis-all-coverage/coverage_report.json,stage4/results/torch-thesis-all-coverage/coverage_report.json,
torch,torch.storage.np.polynomial.hermite.herm2poly,stage4_coverage,selected_function_low_coverage,"selected_function_line_coverage_percent=0 below threshold 60; missing_lines=[140, 141, 142, 143, 144, 145, 146, 147, 148, 149, 150, 151, 152, 153, 154, 155, 156, 157, 158, 159, 160, 161, 162, 163, 164, 165, 166, 167, 168, 169, 170, 171, 172, 173, 174, 175, 176, 177, 178, 179, 180, 181, 182, 183, 184, 185, 186, 187, 188, 189, 190, 191, 192, 193, 194, 195]",1addb57607f832e5,stage4/results/torch-thesis-all-coverage/coverage_report.json,stage4/results/torch-thesis-all-coverage/coverage_report.json,
torch,torch.storage.np.polynomial.hermite.herm2poly,stage4_coverage,selected_function_line_coverage_percent=0 < 60,selected_function_line_coverage_percent=0 < 60,b291ae7db7c6ecfe,,stage4/results/torch-thesis-all-coverage/low_coverage.csv,
torch,torch.storage.np.polynomial.hermite.hermcompanion,stage4_coverage,selected_function_low_coverage,"selected_function_line_coverage_percent=0 below threshold 60; missing_lines=[1438, 1439, 1440, 1441, 1442, 1443, 1444, 1445, 1446, 1447, 1448, 1449, 1450, 1451, 1452, 1453, 1454, 1455, 1456, 1457, 1458, 1459, 1460, 1461, 1462, 1463, 1464, 1465, 1466, 1467, 1468, 1469, 1470, 1471, 1472, 1473, 1474, 1475, 1476, 1477, 1478, 1479, 1480, 1481, 1482]",28361985985bb087,stage4/results/torch-thesis-all-coverage/coverage_report.json,stage4/results/torch-thesis-all-coverage/coverage_report.json,
torch,torch.storage.np.polynomial.hermite.hermcompanion,stage4_coverage,selected_function_line_coverage_percent=0 < 60,selected_function_line_coverage_percent=0 < 60,90610a4672d66086,,stage4/results/torch-thesis-all-coverage/low_coverage.csv,
torch,torch.storage.np.polynomial.hermite.hermder,stage4_coverage,selected_function_line_coverage_percent=0 < 60,selected_function_line_coverage_percent=0 < 60,7f7ac8037b853a64,,stage4/results/torch-thesis-all-coverage/low_coverage.csv,
torch,torch.storage.np.polynomial.hermite.hermder,stage4_coverage,selected_function_low_coverage,"selected_function_line_coverage_percent=0 below threshold 60; missing_lines=[596, 597, 598, 599, 600, 601, 602, 603, 604, 605, 606, 607, 608, 609, 610, 611, 612, 613, 614, 615, 616, 617, 618, 619, 620, 621, 622, 623, 624, 625, 626, 627, 628, 629, 630, 631, 632, 633, 634, 635, 636, 637, 638, 639, 640, 641, 642, 643, 644, 645, 646, 647, 648, 649, 650, 651, 652, 653, 654, 655, 656, 657, 658, 659, 660, 661, 662, 663, 664, 665, 666, 667, 668, 669, 670, 671, 672, 673, 674]",ef9f54e80b5b51cd,stage4/results/torch-thesis-all-coverage/coverage_report.json,stage4/results/torch-thesis-all-coverage/coverage_report.json,
torch,torch.storage.np.polynomial.hermite.hermgauss,stage4_coverage,selected_function_low_coverage,"selected_function_line_coverage_percent=0 below threshold 60; missing_lines=[1590, 1591, 1592, 1593, 1594, 1595, 1596, 1597, 1598, 1599, 1600, 1601, 1602, 1603, 1604, 1605, 1606, 1607, 1608, 1609, 1610, 1611, 1612, 1613, 1614, 1615, 1616, 1617, 1618, 1619, 1620, 1621, 1622, 1623, 1624, 1625, 1626, 1627, 1628, 1629, 1630, 1631, 1632, 1633, 1634, 1635, 1636, 1637, 1638, 1639, 1640, 1641, 1642, 1643, 1644, 1645, 1646, 1647, 1648, 1649, 1650, 1651, 1652, 1653, 1654, 1655, 1656, 1657]",06a3c72aae2d72f0,stage4/results/torch-thesis-all-coverage/coverage_report.json,stage4/results/torch-thesis-all-coverage/coverage_report.json,
torch,torch.storage.np.polynomial.hermite.hermgauss,stage4_coverage,selected_function_line_coverage_percent=0 < 60,selected_function_line_coverage_percent=0 < 60,fae6a71f412a4119,,stage4/results/torch-thesis-all-coverage/low_coverage.csv,
torch,torch.storage.np.polynomial.hermite.hermint,stage4_coverage,selected_function_line_coverage_percent=0 < 60,selected_function_line_coverage_percent=0 < 60,1e51994f330b1d08,,stage4/results/torch-thesis-all-coverage/low_coverage.csv,
torch,torch.storage.np.polynomial.hermite.hermint,stage4_coverage,selected_function_low_coverage,"selected_function_line_coverage_percent=0 below threshold 60; missing_lines=[677, 678, 679, 680, 681, 682, 683, 684, 685, 686, 687, 688, 689, 690, 691, 692, 693, 694, 695, 696, 697, 698, 699, 700, 701, 702, 703, 704, 705, 706, 707, 708, 709, 710, 711, 712, 713, 714, 715, 716, 717, 718, 719, 720, 721, 722, 723, 724, 725, 726, 727, 728, 729, 730, 731, 732, 733, 734, 735, 736, 737, 738, 739, 740, 741, 742, 743, 744, 745, 746, 747, 748, 749, 750, 751, 752, 753, 754, 755, 756, 757, 758, 759, 760, 761, 762, 763, 764, 765, 766, 767, 768, 769, 770, 771, 772, 773, 774, 775, 776, 777, 778, 779, 780, 781, 782, 783, 784, 785, 786, 787, 788, 789, 790, 791, 792, 793, 794]",899644429a1c4b41,stage4/results/torch-thesis-all-coverage/coverage_report.json,stage4/results/torch-thesis-all-coverage/coverage_report.json,
torch,torch.storage.np.polynomial.hermite.hermmulx,stage4_coverage,selected_function_low_coverage,"selected_function_line_coverage_percent=0 below threshold 60; missing_lines=[392, 393, 394, 395, 396, 397, 398, 399, 400, 401, 402, 403, 404, 405, 406, 407, 408, 409, 410, 411, 412, 413, 414, 415, 416, 417, 418, 419, 420, 421, 422, 423, 424, 425, 426, 427, 428, 429, 430, 431, 432, 433, 434, 435, 436, 437, 438, 439, 440, 441, 442]",4af90bf63fbc435b,stage4/results/torch-thesis-all-coverage/coverage_report.json,stage4/results/torch-thesis-all-coverage/coverage_report.json,
torch,torch.storage.np.polynomial.hermite.hermmulx,stage4_coverage,selected_function_line_coverage_percent=0 < 60,selected_function_line_coverage_percent=0 < 60,faebdff5fbb48510,,stage4/results/torch-thesis-all-coverage/low_coverage.csv,
torch,torch.storage.np.polynomial.hermite.hermval,stage4_coverage,selected_function_line_coverage_percent=0 < 60,selected_function_line_coverage_percent=0 < 60,9002d0294d8bba1c,,stage4/results/torch-thesis-all-coverage/low_coverage.csv,
torch,torch.storage.np.polynomial.hermite.hermval,stage4_coverage,selected_function_low_coverage,"selected_function_line_coverage_percent=0 below threshold 60; missing_lines=[797, 798, 799, 800, 801, 802, 803, 804, 805, 806, 807, 808, 809, 810, 811, 812, 813, 814, 815, 816, 817, 818, 819, 820, 821, 822, 823, 824, 825, 826, 827, 828, 829, 830, 831, 832, 833, 834, 835, 836, 837, 838, 839, 840, 841, 842, 843, 844, 845, 846, 847, 848, 849, 850, 851, 852, 853, 854, 855, 856, 857, 858, 859, 860, 861, 862, 863, 864, 865, 866, 867, 868, 869, 870, 871, 872, 873, 874, 875, 876, 877, 878, 879, 880, 881, 882, 883, 884, 885, 886, 887, 888]",cf4737e579109655,stage4/results/torch-thesis-all-coverage/coverage_report.json,stage4/results/torch-thesis-all-coverage/coverage_report.json,
torch,torch.storage.np.polynomial.hermite.hermvander,stage4_coverage,selected_function_line_coverage_percent=0 < 60,selected_function_line_coverage_percent=0 < 60,6a1ee74a3d7e4ad0,,stage4/results/torch-thesis-all-coverage/low_coverage.csv,
torch,torch.storage.np.polynomial.hermite.hermvander,stage4_coverage,selected_function_low_coverage,"selected_function_line_coverage_percent=0 below threshold 60; missing_lines=[1123, 1124, 1125, 1126, 1127, 1128, 1129, 1130, 1131, 1132, 1133, 1134, 1135, 1136, 1137, 1138, 1139, 1140, 1141, 1142, 1143, 1144, 1145, 1146, 1147, 1148, 1149, 1150, 1151, 1152, 1153, 1154, 1155, 1156, 1157, 1158, 1159, 1160, 1161, 1162, 1163, 1164, 1165, 1166, 1167, 1168, 1169, 1170, 1171, 1172, 1173, 1174, 1175, 1176, 1177, 1178, 1179, 1180, 1181, 1182]",92c788d133adcb8d,stage4/results/torch-thesis-all-coverage/coverage_report.json,stage4/results/torch-thesis-all-coverage/coverage_report.json,
torch,torch.storage.np.polynomial.hermite.poly2herm,stage4_coverage,selected_function_line_coverage_percent=0 < 60,selected_function_line_coverage_percent=0 < 60,3cedb111cbfe42d0,,stage4/results/torch-thesis-all-coverage/low_coverage.csv,
torch,torch.storage.np.polynomial.hermite.poly2herm,stage4_coverage,selected_function_low_coverage,"selected_function_line_coverage_percent=0 below threshold 60; missing_lines=[94, 95, 96, 97, 98, 99, 100, 101, 102, 103, 104, 105, 106, 107, 108, 109, 110, 111, 112, 113, 114, 115, 116, 117, 118, 119, 120, 121, 122, 123, 124, 125, 126, 127, 128, 129, 130, 131, 132, 133, 134, 135, 136, 137]",5109f04b44479f60,stage4/results/torch-thesis-all-coverage/coverage_report.json,stage4/results/torch-thesis-all-coverage/coverage_report.json,
torch,torch.storage.np.polynomial.hermite_e.herme2poly,stage4_coverage,selected_function_low_coverage,"selected_function_line_coverage_percent=0 below threshold 60; missing_lines=[142, 143, 144, 145, 146, 147, 148, 149, 150, 151, 152, 153, 154, 155, 156, 157, 158, 159, 160, 161, 162, 163, 164, 165, 166, 167, 168, 169, 170, 171, 172, 173, 174, 175, 176, 177, 178, 179, 180, 181, 182, 183, 184, 185, 186, 187, 188, 189, 190, 191, 192, 193, 194, 195, 196]",28008a7d549da672,stage4/results/torch-thesis-all-coverage/coverage_report.json,stage4/results/torch-thesis-all-coverage/coverage_report.json,
torch,torch.storage.np.polynomial.hermite_e.herme2poly,stage4_coverage,selected_function_line_coverage_percent=0 < 60,selected_function_line_coverage_percent=0 < 60,ad675ff4e97c495e,,stage4/results/torch-thesis-all-coverage/low_coverage.csv,
torch,torch.storage.np.polynomial.hermite_e.hermecompanion,stage4_coverage,selected_function_low_coverage,"selected_function_line_coverage_percent=0 below threshold 60; missing_lines=[1363, 1364, 1365, 1366, 1367, 1368, 1369, 1370, 1371, 1372, 1373, 1374, 1375, 1376, 1377, 1378, 1379, 1380, 1381, 1382, 1383, 1384, 1385, 1386, 1387, 1388, 1389, 1390, 1391, 1392, 1393, 1394, 1395, 1396, 1397, 1398, 1399, 1400]",513201cffefe0e2b,stage4/results/torch-thesis-all-coverage/coverage_report.json,stage4/results/torch-thesis-all-coverage/coverage_report.json,
torch,torch.storage.np.polynomial.hermite_e.hermecompanion,stage4_coverage,selected_function_line_coverage_percent=0 < 60,selected_function_line_coverage_percent=0 < 60,e4c6f14eb391045f,,stage4/results/torch-thesis-all-coverage/low_coverage.csv,
torch,torch.storage.np.polynomial.hermite_e.hermeder,stage4_coverage,selected_function_low_coverage,"selected_function_line_coverage_percent=0 below threshold 60; missing_lines=[594, 595, 596, 597, 598, 599, 600, 601, 602, 603, 604, 605, 606, 607, 608, 609, 610, 611, 612, 613, 614, 615, 616, 617, 618, 619, 620, 621, 622, 623, 624, 625, 626, 627, 628, 629, 630, 631, 632, 633, 634, 635, 636, 637, 638, 639, 640, 641, 642, 643, 644, 645, 646, 647, 648, 649, 650, 651, 652, 653, 654, 655, 656, 657, 658, 659, 660, 661, 662, 663, 664, 665, 666, 667, 668, 669, 670, 671, 672]",d868a3e236167a12,stage4/results/torch-thesis-all-coverage/coverage_report.json,stage4/results/torch-thesis-all-coverage/coverage_report.json,
torch,torch.storage.np.polynomial.hermite_e.hermeder,stage4_coverage,selected_function_line_coverage_percent=0 < 60,selected_function_line_coverage_percent=0 < 60,f63a041e96e172e7,,stage4/results/torch-thesis-all-coverage/low_coverage.csv,
torch,torch.storage.np.polynomial.hermite_e.hermegauss,stage4_coverage,selected_function_low_coverage,"selected_function_line_coverage_percent=0 below threshold 60; missing_lines=[1508, 1509, 1510, 1511, 1512, 1513, 1514, 1515, 1516, 1517, 1518, 1519, 1520, 1521, 1522, 1523, 1524, 1525, 1526, 1527, 1528, 1529, 1530, 1531, 1532, 1533, 1534, 1535, 1536, 1537, 1538, 1539, 1540, 1541, 1542, 1543, 1544, 1545, 1546, 1547, 1548, 1549, 1550, 1551, 1552, 1553, 1554, 1555, 1556, 1557, 1558, 1559, 1560, 1561, 1562, 1563, 1564, 1565, 1566, 1567, 1568, 1569]",45368e29f6653e09,stage4/results/torch-thesis-all-coverage/coverage_report.json,stage4/results/torch-thesis-all-coverage/coverage_report.json,
torch,torch.storage.np.polynomial.hermite_e.hermegauss,stage4_coverage,selected_function_line_coverage_percent=0 < 60,selected_function_line_coverage_percent=0 < 60,9a004349d8262fea,,stage4/results/torch-thesis-all-coverage/low_coverage.csv,
torch,torch.storage.np.polynomial.hermite_e.hermeint,stage4_coverage,selected_function_low_coverage,"selected_function_line_coverage_percent=0 below threshold 60; missing_lines=[675, 676, 677, 678, 679, 680, 681, 682, 683, 684, 685, 686, 687, 688, 689, 690, 691, 692, 693, 694, 695, 696, 697, 698, 699, 700, 701, 702, 703, 704, 705, 706, 707, 708, 709, 710, 711, 712, 713, 714, 715, 716, 717, 718, 719, 720, 721, 722, 723, 724, 725, 726, 727, 728, 729, 730, 731, 732, 733, 734, 735, 736, 737, 738, 739, 740, 741, 742, 743, 744, 745, 746, 747, 748, 749, 750, 751, 752, 753, 754, 755, 756, 757, 758, 759, 760, 761, 762, 763, 764, 765, 766, 767, 768, 769, 770, 771, 772, 773, 774, 775, 776, 777, 778, 779, 780, 781, 782, 783, 784, 785, 786, 787, 788, 789, 790, 791, 792]",4ad5a6f622d07301,stage4/results/torch-thesis-all-coverage/coverage_report.json,stage4/results/torch-thesis-all-coverage/coverage_report.json,
torch,torch.storage.np.polynomial.hermite_e.hermeint,stage4_coverage,selected_function_line_coverage_percent=0 < 60,selected_function_line_coverage_percent=0 < 60,834c872d9f876055,,stage4/results/torch-thesis-all-coverage/low_coverage.csv,
torch,torch.storage.np.polynomial.hermite_e.hermemulx,stage4_coverage,selected_function_low_coverage,"selected_function_line_coverage_percent=0 below threshold 60; missing_lines=[392, 393, 394, 395, 396, 397, 398, 399, 400, 401, 402, 403, 404, 405, 406, 407, 408, 409, 410, 411, 412, 413, 414, 415, 416, 417, 418, 419, 420, 421, 422, 423, 424, 425, 426, 427, 428, 429, 430, 431, 432, 433, 434, 435, 436, 437, 438, 439, 440, 441, 442]",1816d4099ccd7240,stage4/results/torch-thesis-all-coverage/coverage_report.json,stage4/results/torch-thesis-all-coverage/coverage_report.json,
torch,torch.storage.np.polynomial.hermite_e.hermemulx,stage4_coverage,selected_function_line_coverage_percent=0 < 60,selected_function_line_coverage_percent=0 < 60,80c4ae3fa6f8d0d6,,stage4/results/torch-thesis-all-coverage/low_coverage.csv,
torch,torch.storage.np.polynomial.hermite_e.hermeval,stage4_coverage,selected_function_line_coverage_percent=0 < 60,selected_function_line_coverage_percent=0 < 60,66bb29821eefe2ec,,stage4/results/torch-thesis-all-coverage/low_coverage.csv,
torch,torch.storage.np.polynomial.hermite_e.hermeval,stage4_coverage,selected_function_low_coverage,"selected_function_line_coverage_percent=0 below threshold 60; missing_lines=[795, 796, 797, 798, 799, 800, 801, 802, 803, 804, 805, 806, 807, 808, 809, 810, 811, 812, 813, 814, 815, 816, 817, 818, 819, 820, 821, 822, 823, 824, 825, 826, 827, 828, 829, 830, 831, 832, 833, 834, 835, 836, 837, 838, 839, 840, 841, 842, 843, 844, 845, 846, 847, 848, 849, 850, 851, 852, 853, 854, 855, 856, 857, 858, 859, 860, 861, 862, 863, 864, 865, 866, 867, 868, 869, 870, 871, 872, 873, 874, 875, 876, 877, 878, 879, 880, 881, 882, 883, 884, 885]",8687bdc979adae71,stage4/results/torch-thesis-all-coverage/coverage_report.json,stage4/results/torch-thesis-all-coverage/coverage_report.json,
torch,torch.storage.np.polynomial.hermite_e.hermevander,stage4_coverage,selected_function_low_coverage,"selected_function_line_coverage_percent=0 below threshold 60; missing_lines=[1073, 1074, 1075, 1076, 1077, 1078, 1079, 1080, 1081, 1082, 1083, 1084, 1085, 1086, 1087, 1088, 1089, 1090, 1091, 1092, 1093, 1094, 1095, 1096, 1097, 1098, 1099, 1100, 1101, 1102, 1103, 1104, 1105, 1106, 1107, 1108, 1109, 1110, 1111, 1112, 1113, 1114, 1115, 1116, 1117, 1118, 1119, 1120, 1121, 1122, 1123, 1124, 1125, 1126, 1127, 1128, 1129, 1130, 1131]",a34e7aba13fbacfb,stage4/results/torch-thesis-all-coverage/coverage_report.json,stage4/results/torch-thesis-all-coverage/coverage_report.json,
torch,torch.storage.np.polynomial.hermite_e.hermevander,stage4_coverage,selected_function_line_coverage_percent=0 < 60,selected_function_line_coverage_percent=0 < 60,ec9e5a09b5b44ab2,,stage4/results/torch-thesis-all-coverage/low_coverage.csv,
torch,torch.storage.np.polynomial.hermite_e.poly2herme,stage4_coverage,selected_function_low_coverage,"selected_function_line_coverage_percent=0 below threshold 60; missing_lines=[95, 96, 97, 98, 99, 100, 101, 102, 103, 104, 105, 106, 107, 108, 109, 110, 111, 112, 113, 114, 115, 116, 117, 118, 119, 120, 121, 122, 123, 124, 125, 126, 127, 128, 129, 130, 131, 132, 133, 134, 135, 136, 137, 138, 139]",468b19f88576d003,stage4/results/torch-thesis-all-coverage/coverage_report.json,stage4/results/torch-thesis-all-coverage/coverage_report.json,
torch,torch.storage.np.polynomial.hermite_e.poly2herme,stage4_coverage,selected_function_line_coverage_percent=0 < 60,selected_function_line_coverage_percent=0 < 60,ff2e663e69cab68c,,stage4/results/torch-thesis-all-coverage/low_coverage.csv,
torch,torch.storage.np.polynomial.laguerre.lag2poly,stage4_coverage,selected_function_low_coverage,"selected_function_line_coverage_percent=0 below threshold 60; missing_lines=[140, 141, 142, 143, 144, 145, 146, 147, 148, 149, 150, 151, 152, 153, 154, 155, 156, 157, 158, 159, 160, 161, 162, 163, 164, 165, 166, 167, 168, 169, 170, 171, 172, 173, 174, 175, 176, 177, 178, 179, 180, 181, 182, 183, 184, 185, 186, 187, 188, 189, 190, 191, 192]",7f8d24e0938d9a9c,stage4/results/torch-thesis-all-coverage/coverage_report.json,stage4/results/torch-thesis-all-coverage/coverage_report.json,
torch,torch.storage.np.polynomial.laguerre.lag2poly,stage4_coverage,selected_function_line_coverage_percent=0 < 60,selected_function_line_coverage_percent=0 < 60,ef58271a1161ff09,,stage4/results/torch-thesis-all-coverage/low_coverage.csv,
torch,torch.storage.np.polynomial.laguerre.lagder,stage4_coverage,selected_function_low_coverage,"selected_function_line_coverage_percent=0 below threshold 60; missing_lines=[590, 591, 592, 593, 594, 595, 596, 597, 598, 599, 600, 601, 602, 603, 604, 605, 606, 607, 608, 609, 610, 611, 612, 613, 614, 615, 616, 617, 618, 619, 620, 621, 622, 623, 624, 625, 626, 627, 628, 629, 630, 631, 632, 633, 634, 635, 636, 637, 638, 639, 640, 641, 642, 643, 644, 645, 646, 647, 648, 649, 650, 651, 652, 653, 654, 655, 656, 657, 658, 659, 660, 661, 662, 663, 664, 665, 666, 667, 668, 669, 670, 671]",da10bae3f75f918f,stage4/results/torch-thesis-all-coverage/coverage_report.json,stage4/results/torch-thesis-all-coverage/coverage_report.json,
torch,torch.storage.np.polynomial.laguerre.lagder,stage4_coverage,selected_function_line_coverage_percent=0 < 60,selected_function_line_coverage_percent=0 < 60,f79ba891a964f352,,stage4/results/torch-thesis-all-coverage/low_coverage.csv,
torch,torch.storage.np.polynomial.laguerre.laggauss,stage4_coverage,selected_function_line_coverage_percent=0 < 60,selected_function_line_coverage_percent=0 < 60,5d1bf2d0ad0cda1e,,stage4/results/torch-thesis-all-coverage/low_coverage.csv,
torch,torch.storage.np.polynomial.laguerre.laggauss,stage4_coverage,selected_function_low_coverage,"selected_function_line_coverage_percent=0 below threshold 60; missing_lines=[1531, 1532, 1533, 1534, 1535, 1536, 1537, 1538, 1539, 1540, 1541, 1542, 1543, 1544, 1545, 1546, 1547, 1548, 1549, 1550, 1551, 1552, 1553, 1554, 1555, 1556, 1557, 1558, 1559, 1560, 1561, 1562, 1563, 1564, 1565, 1566, 1567, 1568, 1569, 1570, 1571, 1572, 1573, 1574, 1575, 1576, 1577, 1578, 1579, 1580, 1581, 1582, 1583, 1584, 1585, 1586, 1587, 1588, 1589, 1590, 1591, 1592, 1593, 1594, 1595]",841d434d7a2ab22f,stage4/results/torch-thesis-all-coverage/coverage_report.json,stage4/results/torch-thesis-all-coverage/coverage_report.json,
torch,torch.storage.np.polynomial.laguerre.lagint,stage4_coverage,selected_function_low_coverage,"selected_function_line_coverage_percent=0 below threshold 60; missing_lines=[674, 675, 676, 677, 678, 679, 680, 681, 682, 683, 684, 685, 686, 687, 688, 689, 690, 691, 692, 693, 694, 695, 696, 697, 698, 699, 700, 701, 702, 703, 704, 705, 706, 707, 708, 709, 710, 711, 712, 713, 714, 715, 716, 717, 718, 719, 720, 721, 722, 723, 724, 725, 726, 727, 728, 729, 730, 731, 732, 733, 734, 735, 736, 737, 738, 739, 740, 741, 742, 743, 744, 745, 746, 747, 748, 749, 750, 751, 752, 753, 754, 755, 756, 757, 758, 759, 760, 761, 762, 763, 764, 765, 766, 767, 768, 769, 770, 771, 772, 773, 774, 775, 776, 777, 778, 779, 780, 781, 782, 783, 784, 785, 786, 787, 788, 789, 790, 791, 792, 793]",0d432e6c8ae906a4,stage4/results/torch-thesis-all-coverage/coverage_report.json,stage4/results/torch-thesis-all-coverage/coverage_report.json,
torch,torch.storage.np.polynomial.laguerre.lagint,stage4_coverage,selected_function_line_coverage_percent=0 < 60,selected_function_line_coverage_percent=0 < 60,4e6f9bb8cd11c78f,,stage4/results/torch-thesis-all-coverage/low_coverage.csv,
torch,torch.storage.np.polynomial.laguerre.lagmulx,stage4_coverage,selected_function_line_coverage_percent=0 < 60,selected_function_line_coverage_percent=0 < 60,66d12af687dafa32,,stage4/results/torch-thesis-all-coverage/low_coverage.csv,
torch,torch.storage.np.polynomial.laguerre.lagmulx,stage4_coverage,selected_function_low_coverage,"selected_function_line_coverage_percent=0 below threshold 60; missing_lines=[387, 388, 389, 390, 391, 392, 393, 394, 395, 396, 397, 398, 399, 400, 401, 402, 403, 404, 405, 406, 407, 408, 409, 410, 411, 412, 413, 414, 415, 416, 417, 418, 419, 420, 421, 422, 423, 424, 425, 426, 427, 428, 429, 430, 431, 432, 433, 434, 435, 436, 437, 438]",f274df8b286f5b12,stage4/results/torch-thesis-all-coverage/coverage_report.json,stage4/results/torch-thesis-all-coverage/coverage_report.json,
torch,torch.storage.np.polynomial.laguerre.lagval,stage4_coverage,selected_function_line_coverage_percent=0 < 60,selected_function_line_coverage_percent=0 < 60,4af8d261e8c0f2c4,,stage4/results/torch-thesis-all-coverage/low_coverage.csv,
torch,torch.storage.np.polynomial.laguerre.lagval,stage4_coverage,selected_function_low_coverage,"selected_function_line_coverage_percent=0 below threshold 60; missing_lines=[796, 797, 798, 799, 800, 801, 802, 803, 804, 805, 806, 807, 808, 809, 810, 811, 812, 813, 814, 815, 816, 817, 818, 819, 820, 821, 822, 823, 824, 825, 826, 827, 828, 829, 830, 831, 832, 833, 834, 835, 836, 837, 838, 839, 840, 841, 842, 843, 844, 845, 846, 847, 848, 849, 850, 851, 852, 853, 854, 855, 856, 857, 858, 859, 860, 861, 862, 863, 864, 865, 866, 867, 868, 869, 870, 871, 872, 873, 874, 875, 876, 877, 878, 879, 880, 881, 882, 883, 884, 885, 886]",9dc4f7946a3d6cf3,stage4/results/torch-thesis-all-coverage/coverage_report.json,stage4/results/torch-thesis-all-coverage/coverage_report.json,
torch,torch.storage.np.polynomial.laguerre.lagvander,stage4_coverage,selected_function_line_coverage_percent=0 < 60,selected_function_line_coverage_percent=0 < 60,494f397d01e15014,,stage4/results/torch-thesis-all-coverage/low_coverage.csv,
torch,torch.storage.np.polynomial.laguerre.lagvander,stage4_coverage,selected_function_low_coverage,"selected_function_line_coverage_percent=0 below threshold 60; missing_lines=[1109, 1110, 1111, 1112, 1113, 1114, 1115, 1116, 1117, 1118, 1119, 1120, 1121, 1122, 1123, 1124, 1125, 1126, 1127, 1128, 1129, 1130, 1131, 1132, 1133, 1134, 1135, 1136, 1137, 1138, 1139, 1140, 1141, 1142, 1143, 1144, 1145, 1146, 1147, 1148, 1149, 1150, 1151, 1152, 1153, 1154, 1155, 1156, 1157, 1158, 1159, 1160, 1161, 1162, 1163, 1164, 1165, 1166, 1167]",f46999c6b5ab65f6,stage4/results/torch-thesis-all-coverage/coverage_report.json,stage4/results/torch-thesis-all-coverage/coverage_report.json,
torch,torch.storage.np.polynomial.laguerre.poly2lag,stage4_coverage,selected_function_low_coverage,"selected_function_line_coverage_percent=0 below threshold 60; missing_lines=[94, 95, 96, 97, 98, 99, 100, 101, 102, 103, 104, 105, 106, 107, 108, 109, 110, 111, 112, 113, 114, 115, 116, 117, 118, 119, 120, 121, 122, 123, 124, 125, 126, 127, 128, 129, 130, 131, 132, 133, 134, 135, 136, 137]",cd496d20023bb00f,stage4/results/torch-thesis-all-coverage/coverage_report.json,stage4/results/torch-thesis-all-coverage/coverage_report.json,
torch,torch.storage.np.polynomial.laguerre.poly2lag,stage4_coverage,selected_function_line_coverage_percent=0 < 60,selected_function_line_coverage_percent=0 < 60,fccb448ad7cf9e64,,stage4/results/torch-thesis-all-coverage/low_coverage.csv,
torch,torch.storage.np.polynomial.legendre.leg2poly,stage4_coverage,selected_function_line_coverage_percent=0 < 60,selected_function_line_coverage_percent=0 < 60,26098db53a694d04,,stage4/results/torch-thesis-all-coverage/low_coverage.csv,
torch,torch.storage.np.polynomial.legendre.leg2poly,stage4_coverage,selected_function_low_coverage,"selected_function_line_coverage_percent=0 below threshold 60; missing_lines=[147, 148, 149, 150, 151, 152, 153, 154, 155, 156, 157, 158, 159, 160, 161, 162, 163, 164, 165, 166, 167, 168, 169, 170, 171, 172, 173, 174, 175, 176, 177, 178, 179, 180, 181, 182, 183, 184, 185, 186, 187, 188, 189, 190, 191, 192, 193, 194, 195, 196, 197, 198, 199, 200, 201, 202, 203, 204, 205, 206]",fa5bf0fbc76571be,stage4/results/torch-thesis-all-coverage/coverage_report.json,stage4/results/torch-thesis-all-coverage/coverage_report.json,
torch,torch.storage.np.polynomial.legendre.legcompanion,stage4_coverage,selected_function_low_coverage,"selected_function_line_coverage_percent=0 below threshold 60; missing_lines=[1371, 1372, 1373, 1374, 1375, 1376, 1377, 1378, 1379, 1380, 1381, 1382, 1383, 1384, 1385, 1386, 1387, 1388, 1389, 1390, 1391, 1392, 1393, 1394, 1395, 1396, 1397, 1398, 1399, 1400, 1401, 1402, 1403, 1404, 1405, 1406]",490b1119dd9b0e35,stage4/results/torch-thesis-all-coverage/coverage_report.json,stage4/results/torch-thesis-all-coverage/coverage_report.json,
torch,torch.storage.np.polynomial.legendre.legcompanion,stage4_coverage,selected_function_line_coverage_percent=0 < 60,selected_function_line_coverage_percent=0 < 60,7d69f3ae66493d65,,stage4/results/torch-thesis-all-coverage/low_coverage.csv,
torch,torch.storage.np.polynomial.legendre.legder,stage4_coverage,selected_function_line_coverage_percent=0 < 60,selected_function_line_coverage_percent=0 < 60,46ee819438a2f99f,,stage4/results/torch-thesis-all-coverage/low_coverage.csv,
torch,torch.storage.np.polynomial.legendre.legder,stage4_coverage,selected_function_low_coverage,"selected_function_line_coverage_percent=0 below threshold 60; missing_lines=[612, 613, 614, 615, 616, 617, 618, 619, 620, 621, 622, 623, 624, 625, 626, 627, 628, 629, 630, 631, 632, 633, 634, 635, 636, 637, 638, 639, 640, 641, 642, 643, 644, 645, 646, 647, 648, 649, 650, 651, 652, 653, 654, 655, 656, 657, 658, 659, 660, 661, 662, 663, 664, 665, 666, 667, 668, 669, 670, 671, 672, 673, 674, 675, 676, 677, 678, 679, 680, 681, 682, 683, 684, 685, 686, 687, 688, 689, 690, 691, 692, 693, 694, 695, 696, 697, 698, 699]",e4dbd097f67dee63,stage4/results/torch-thesis-all-coverage/coverage_report.json,stage4/results/torch-thesis-all-coverage/coverage_report.json,
torch,torch.storage.np.polynomial.legendre.leggauss,stage4_coverage,selected_function_low_coverage,"selected_function_line_coverage_percent=0 below threshold 60; missing_lines=[1470, 1471, 1472, 1473, 1474, 1475, 1476, 1477, 1478, 1479, 1480, 1481, 1482, 1483, 1484, 1485, 1486, 1487, 1488, 1489, 1490, 1491, 1492, 1493, 1494, 1495, 1496, 1497, 1498, 1499, 1500, 1501, 1502, 1503, 1504, 1505, 1506, 1507, 1508, 1509, 1510, 1511, 1512, 1513, 1514, 1515, 1516, 1517, 1518, 1519, 1520, 1521, 1522, 1523, 1524, 1525, 1526, 1527, 1528, 1529, 1530, 1531, 1532]",0f6db4bbeae84fe9,stage4/results/torch-thesis-all-coverage/coverage_report.json,stage4/results/torch-thesis-all-coverage/coverage_report.json,
torch,torch.storage.np.polynomial.legendre.leggauss,stage4_coverage,selected_function_line_coverage_percent=0 < 60,selected_function_line_coverage_percent=0 < 60,65aaf0e8f963eb18,,stage4/results/torch-thesis-all-coverage/low_coverage.csv,
torch,torch.storage.np.polynomial.legendre.legint,stage4_coverage,selected_function_low_coverage,"selected_function_line_coverage_percent=0 below threshold 60; missing_lines=[702, 703, 704, 705, 706, 707, 708, 709, 710, 711, 712, 713, 714, 715, 716, 717, 718, 719, 720, 721, 722, 723, 724, 725, 726, 727, 728, 729, 730, 731, 732, 733, 734, 735, 736, 737, 738, 739, 740, 741, 742, 743, 744, 745, 746, 747, 748, 749, 750, 751, 752, 753, 754, 755, 756, 757, 758, 759, 760, 761, 762, 763, 764, 765, 766, 767, 768, 769, 770, 771, 772, 773, 774, 775, 776, 777, 778, 779, 780, 781, 782, 783, 784, 785, 786, 787, 788, 789, 790, 791, 792, 793, 794, 795, 796, 797, 798, 799, 800, 801, 802, 803, 804, 805, 806, 807, 808, 809, 810, 811, 812, 813, 814, 815, 816, 817, 818, 819, 820, 821, 822, 823, 824, 825]",4bd4b5617eea971f,stage4/results/torch-thesis-all-coverage/coverage_report.json,stage4/results/torch-thesis-all-coverage/coverage_report.json,
torch,torch.storage.np.polynomial.legendre.legint,stage4_coverage,selected_function_line_coverage_percent=0 < 60,selected_function_line_coverage_percent=0 < 60,f77e4fa995a2050f,,stage4/results/torch-thesis-all-coverage/low_coverage.csv,
torch,torch.storage.np.polynomial.legendre.legmulx,stage4_coverage,selected_function_low_coverage,"selected_function_line_coverage_percent=0 below threshold 60; missing_lines=[408, 409, 410, 411, 412, 413, 414, 415, 416, 417, 418, 419, 420, 421, 422, 423, 424, 425, 426, 427, 428, 429, 430, 431, 432, 433, 434, 435, 436, 437, 438, 439, 440, 441, 442, 443, 444, 445, 446, 447, 448, 449, 450, 451, 452, 453, 454, 455, 456, 457, 458, 459, 460, 461]",fcaee21a8a0b6382,stage4/results/torch-thesis-all-coverage/coverage_report.json,stage4/results/torch-thesis-all-coverage/coverage_report.json,
torch,torch.storage.np.polynomial.legendre.legmulx,stage4_coverage,selected_function_line_coverage_percent=0 < 60,selected_function_line_coverage_percent=0 < 60,fce24b4be504c9c0,,stage4/results/torch-thesis-all-coverage/low_coverage.csv,
torch,torch.storage.np.polynomial.legendre.legval,stage4_coverage,selected_function_low_coverage,"selected_function_line_coverage_percent=0 below threshold 60; missing_lines=[828, 829, 830, 831, 832, 833, 834, 835, 836, 837, 838, 839, 840, 841, 842, 843, 844, 845, 846, 847, 848, 849, 850, 851, 852, 853, 854, 855, 856, 857, 858, 859, 860, 861, 862, 863, 864, 865, 866, 867, 868, 869, 870, 871, 872, 873, 874, 875, 876, 877, 878, 879, 880, 881, 882, 883, 884, 885, 886, 887, 888, 889, 890, 891, 892, 893, 894, 895, 896, 897, 898, 899, 900, 901, 902, 903, 904, 905, 906, 907, 908]",078a99a32a702d6d,stage4/results/torch-thesis-all-coverage/coverage_report.json,stage4/results/torch-thesis-all-coverage/coverage_report.json,
torch,torch.storage.np.polynomial.legendre.legval,stage4_coverage,selected_function_line_coverage_percent=0 < 60,selected_function_line_coverage_percent=0 < 60,9db0743fea76124f,,stage4/results/torch-thesis-all-coverage/low_coverage.csv,
torch,torch.storage.np.polynomial.legendre.legvander,stage4_coverage,selected_function_low_coverage,"selected_function_line_coverage_percent=0 below threshold 60; missing_lines=[1096, 1097, 1098, 1099, 1100, 1101, 1102, 1103, 1104, 1105, 1106, 1107, 1108, 1109, 1110, 1111, 1112, 1113, 1114, 1115, 1116, 1117, 1118, 1119, 1120, 1121, 1122, 1123, 1124, 1125, 1126, 1127, 1128, 1129, 1130, 1131, 1132, 1133, 1134, 1135, 1136, 1137, 1138, 1139, 1140, 1141, 1142, 1143, 1144, 1145, 1146]",4437010dd67321fc,stage4/results/torch-thesis-all-coverage/coverage_report.json,stage4/results/torch-thesis-all-coverage/coverage_report.json,
torch,torch.storage.np.polynomial.legendre.legvander,stage4_coverage,selected_function_line_coverage_percent=0 < 60,selected_function_line_coverage_percent=0 < 60,af9e9b1c4edae128,,stage4/results/torch-thesis-all-coverage/low_coverage.csv,
torch,torch.storage.np.polynomial.legendre.poly2leg,stage4_coverage,selected_function_low_coverage,"selected_function_line_coverage_percent=0 below threshold 60; missing_lines=[98, 99, 100, 101, 102, 103, 104, 105, 106, 107, 108, 109, 110, 111, 112, 113, 114, 115, 116, 117, 118, 119, 120, 121, 122, 123, 124, 125, 126, 127, 128, 129, 130, 131, 132, 133, 134, 135, 136, 137, 138, 139, 140, 141, 142, 143, 144]",56d9e4501c9d4624,stage4/results/torch-thesis-all-coverage/coverage_report.json,stage4/results/torch-thesis-all-coverage/coverage_report.json,
torch,torch.storage.np.polynomial.legendre.poly2leg,stage4_coverage,selected_function_line_coverage_percent=0 < 60,selected_function_line_coverage_percent=0 < 60,be2ecb6aa0ed953b,,stage4/results/torch-thesis-all-coverage/low_coverage.csv,
torch,torch.storage.np.polynomial.polynomial.polyder,stage4_coverage,selected_function_low_coverage,"selected_function_line_coverage_percent=0 below threshold 60; missing_lines=[465, 466, 467, 468, 469, 470, 471, 472, 473, 474, 475, 476, 477, 478, 479, 480, 481, 482, 483, 484, 485, 486, 487, 488, 489, 490, 491, 492, 493, 494, 495, 496, 497, 498, 499, 500, 501, 502, 503, 504, 505, 506, 507, 508, 509, 510, 511, 512, 513, 514, 515, 516, 517, 518, 519, 520, 521, 522, 523, 524, 525, 526, 527, 528, 529, 530, 531, 532, 533, 534, 535, 536, 537, 538, 539, 540, 541, 542]",bc522adc7501f2d4,stage4/results/torch-thesis-all-coverage/coverage_report.json,stage4/results/torch-thesis-all-coverage/coverage_report.json,
torch,torch.storage.np.polynomial.polynomial.polyder,stage4_coverage,selected_function_line_coverage_percent=0 < 60,selected_function_line_coverage_percent=0 < 60,c59bd080627de059,,stage4/results/torch-thesis-all-coverage/low_coverage.csv,
torch,torch.storage.np.polynomial.polynomial.polyint,stage4_coverage,selected_function_low_coverage,"selected_function_line_coverage_percent=0 below threshold 60; missing_lines=[545, 546, 547, 548, 549, 550, 551, 552, 553, 554, 555, 556, 557, 558, 559, 560, 561, 562, 563, 564, 565, 566, 567, 568, 569, 570, 571, 572, 573, 574, 575, 576, 577, 578, 579, 580, 581, 582, 583, 584, 585, 586, 587, 588, 589, 590, 591, 592, 593, 594, 595, 596, 597, 598, 599, 600, 601, 602, 603, 604, 605, 606, 607, 608, 609, 610, 611, 612, 613, 614, 615, 616, 617, 618, 619, 620, 621, 622, 623, 624, 625, 626, 627, 628, 629, 630, 631, 632, 633, 634, 635, 636, 637, 638, 639, 640, 641, 642, 643, 644, 645, 646, 647, 648, 649, 650, 651, 652, 653, 654, 655, 656, 657, 658, 659]",6af8ee6d4cb16a5e,stage4/results/torch-thesis-all-coverage/coverage_report.json,stage4/results/torch-thesis-all-coverage/coverage_report.json,
torch,torch.storage.np.polynomial.polynomial.polyint,stage4_coverage,selected_function_line_coverage_percent=0 < 60,selected_function_line_coverage_percent=0 < 60,ccdbc9ef2f24b3cb,,stage4/results/torch-thesis-all-coverage/low_coverage.csv,
torch,torch.storage.np.polynomial.polynomial.polymulx,stage4_coverage,selected_function_line_coverage_percent=0 < 60,selected_function_line_coverage_percent=0 < 60,5051d09368e0623c,,stage4/results/torch-thesis-all-coverage/low_coverage.csv,
torch,torch.storage.np.polynomial.polynomial.polymulx,stage4_coverage,selected_function_low_coverage,"selected_function_line_coverage_percent=0 below threshold 60; missing_lines=[288, 289, 290, 291, 292, 293, 294, 295, 296, 297, 298, 299, 300, 301, 302, 303, 304, 305, 306, 307, 308, 309, 310, 311, 312, 313, 314, 315, 316, 317, 318, 319, 320, 321, 322, 323, 324, 325, 326, 327]",762b067a65835ba4,stage4/results/torch-thesis-all-coverage/coverage_report.json,stage4/results/torch-thesis-all-coverage/coverage_report.json,
torch,torch.storage.np.polynomial.polynomial.polyval,stage4_coverage,selected_function_line_coverage_percent=0 < 60,selected_function_line_coverage_percent=0 < 60,7984f7994247b2da,,stage4/results/torch-thesis-all-coverage/low_coverage.csv,
torch,torch.storage.np.polynomial.polynomial.polyval,stage4_coverage,selected_function_low_coverage,"selected_function_line_coverage_percent=0 below threshold 60; missing_lines=[662, 663, 664, 665, 666, 667, 668, 669, 670, 671, 672, 673, 674, 675, 676, 677, 678, 679, 680, 681, 682, 683, 684, 685, 686, 687, 688, 689, 690, 691, 692, 693, 694, 695, 696, 697, 698, 699, 700, 701, 702, 703, 704, 705, 706, 707, 708, 709, 710, 711, 712, 713, 714, 715, 716, 717, 718, 719, 720, 721, 722, 723, 724, 725, 726, 727, 728, 729, 730, 731, 732, 733, 734, 735, 736, 737, 738, 739, 740, 741, 742, 743, 744, 745, 746, 747, 748, 749, 750, 751, 752, 753, 754, 755, 756, 757, 758]",ed9fe3d924acddc8,stage4/results/torch-thesis-all-coverage/coverage_report.json,stage4/results/torch-thesis-all-coverage/coverage_report.json,
torch,torch.storage.np.polynomial.polynomial.polyvalfromroots,stage4_coverage,selected_function_line_coverage_percent=0 < 60,selected_function_line_coverage_percent=0 < 60,7dc2fee181ce16f5,,stage4/results/torch-thesis-all-coverage/low_coverage.csv,
torch,torch.storage.np.polynomial.polynomial.polyvalfromroots,stage4_coverage,selected_function_low_coverage,"selected_function_line_coverage_percent=0 below threshold 60; missing_lines=[761, 762, 763, 764, 765, 766, 767, 768, 769, 770, 771, 772, 773, 774, 775, 776, 777, 778, 779, 780, 781, 782, 783, 784, 785, 786, 787, 788, 789, 790, 791, 792, 793, 794, 795, 796, 797, 798, 799, 800, 801, 802, 803, 804, 805, 806, 807, 808, 809, 810, 811, 812, 813, 814, 815, 816, 817, 818, 819, 820, 821, 822, 823, 824, 825, 826, 827, 828, 829, 830, 831, 832, 833, 834, 835, 836, 837, 838, 839, 840, 841, 842, 843, 844, 845]",d39ec3b8fe98d0bc,stage4/results/torch-thesis-all-coverage/coverage_report.json,stage4/results/torch-thesis-all-coverage/coverage_report.json,
torch,torch.storage.np.polynomial.polynomial.polyvander,stage4_coverage,selected_function_line_coverage_percent=0 < 60,selected_function_line_coverage_percent=0 < 60,37002d36cf45814a,,stage4/results/torch-thesis-all-coverage/low_coverage.csv,
torch,torch.storage.np.polynomial.polynomial.polyvander,stage4_coverage,selected_function_low_coverage,"selected_function_line_coverage_percent=0 below threshold 60; missing_lines=[1074, 1075, 1076, 1077, 1078, 1079, 1080, 1081, 1082, 1083, 1084, 1085, 1086, 1087, 1088, 1089, 1090, 1091, 1092, 1093, 1094, 1095, 1096, 1097, 1098, 1099, 1100, 1101, 1102, 1103, 1104, 1105, 1106, 1107, 1108, 1109, 1110, 1111, 1112, 1113, 1114, 1115, 1116, 1117, 1118, 1119, 1120, 1121, 1122, 1123, 1124, 1125, 1126, 1127, 1128, 1129, 1130, 1131, 1132, 1133, 1134, 1135, 1136, 1137, 1138]",ba57371e2297eced,stage4/results/torch-thesis-all-coverage/coverage_report.json,stage4/results/torch-thesis-all-coverage/coverage_report.json,
torch,torch.storage.np.rec.fromarrays,stage4_coverage,selected_function_line_coverage_percent=0 < 60,selected_function_line_coverage_percent=0 < 60,7cea1d5c9956df22,,stage4/results/torch-thesis-all-coverage/low_coverage.csv,
torch,torch.storage.np.rec.fromarrays,stage4_coverage,selected_function_low_coverage,"selected_function_line_coverage_percent=0 below threshold 60; missing_lines=[568, 569, 570, 571, 572, 573, 574, 575, 576, 577, 578, 579, 580, 581, 582, 583, 584, 585, 586, 587, 588, 589, 590, 591, 592, 593, 594, 595, 596, 597, 598, 599, 600, 601, 602, 603, 604, 605, 606, 607, 608, 609, 610, 611, 612, 613, 614, 615, 616, 617, 618, 619, 620, 621, 622, 623, 624, 625, 626, 627, 628, 629, 630, 631, 632, 633, 634, 635, 636, 637, 638, 639, 640, 641, 642, 643, 644, 645, 646, 647, 648, 649, 650, 651, 652, 653, 654, 655, 656, 657, 658, 659, 660]",994ea9e572cce988,stage4/results/torch-thesis-all-coverage/coverage_report.json,stage4/results/torch-thesis-all-coverage/coverage_report.json,
torch,torch.storage.np.rec.fromrecords,stage4_coverage,selected_function_low_coverage,"selected_function_line_coverage_percent=0 below threshold 60; missing_lines=[663, 664, 665, 666, 667, 668, 669, 670, 671, 672, 673, 674, 675, 676, 677, 678, 679, 680, 681, 682, 683, 684, 685, 686, 687, 688, 689, 690, 691, 692, 693, 694, 695, 696, 697, 698, 699, 700, 701, 702, 703, 704, 705, 706, 707, 708, 709, 710, 711, 712, 713, 714, 715, 716, 717, 718, 719, 720, 721, 722, 723, 724, 725, 726, 727, 728, 729, 730, 731, 732, 733, 734, 735, 736, 737, 738, 739, 740, 741, 742, 743, 744, 745, 746, 747, 748, 749]",23d596b4a2b3b651,stage4/results/torch-thesis-all-coverage/coverage_report.json,stage4/results/torch-thesis-all-coverage/coverage_report.json,
torch,torch.storage.np.rec.fromrecords,stage4_coverage,selected_function_line_coverage_percent=0 < 60,selected_function_line_coverage_percent=0 < 60,e2211f017f4b46dc,,stage4/results/torch-thesis-all-coverage/low_coverage.csv,
torch,torch.storage.np.roll,stage4_coverage,selected_function_low_coverage,"selected_function_line_coverage_percent=0 below threshold 60; missing_lines=[1230, 1231, 1232, 1233, 1234, 1235, 1236, 1237, 1238, 1239, 1240, 1241, 1242, 1243, 1244, 1245, 1246, 1247, 1248, 1249, 1250, 1251, 1252, 1253, 1254, 1255, 1256, 1257, 1258, 1259, 1260, 1261, 1262, 1263, 1264, 1265, 1266, 1267, 1268, 1269, 1270, 1271, 1272, 1273, 1274, 1275, 1276, 1277, 1278, 1279, 1280, 1281, 1282, 1283, 1284, 1285, 1286, 1287, 1288, 1289, 1290, 1291, 1292, 1293, 1294, 1295, 1296, 1297, 1298, 1299, 1300, 1301, 1302, 1303, 1304, 1305, 1306, 1307, 1308, 1309, 1310, 1311, 1312, 1313, 1314, 1315, 1316, 1317, 1318, 1319, 1320, 1321, 1322, 1323, 1324, 1325, 1326, 1327, 1328, 1329, 1330, 1331, 1332, 1333]",77bbaafafb0d9070,stage4/results/torch-thesis-all-coverage/coverage_report.json,stage4/results/torch-thesis-all-coverage/coverage_report.json,
torch,torch.storage.np.roll,stage4_coverage,selected_function_line_coverage_percent=0 < 60,selected_function_line_coverage_percent=0 < 60,e79450b66d51f101,,stage4/results/torch-thesis-all-coverage/low_coverage.csv,
torch,torch.storage.np.roots,stage4_coverage,selected_function_low_coverage,"selected_function_line_coverage_percent=0 below threshold 60; missing_lines=[170, 171, 172, 173, 174, 175, 176, 177, 178, 179, 180, 181, 182, 183, 184, 185, 186, 187, 188, 189, 190, 191, 192, 193, 194, 195, 196, 197, 198, 199, 200, 201, 202, 203, 204, 205, 206, 207, 208, 209, 210, 211, 212, 213, 214, 215, 216, 217, 218, 219, 220, 221, 222, 223, 224, 225, 226, 227, 228, 229, 230, 231, 232, 233, 234, 235, 236, 237, 238, 239, 240, 241, 242, 243, 244, 245, 246, 247, 248, 249, 250, 251, 252, 253, 254, 255, 256, 257, 258, 259, 260]",581544d92cfa0435,stage4/results/torch-thesis-all-coverage/coverage_report.json,stage4/results/torch-thesis-all-coverage/coverage_report.json,
torch,torch.storage.np.roots,stage4_coverage,selected_function_line_coverage_percent=0 < 60,selected_function_line_coverage_percent=0 < 60,79065558ae13898b,,stage4/results/torch-thesis-all-coverage/low_coverage.csv,
torch,torch.storage.np.row_stack,stage4_coverage,selected_function_low_coverage,"selected_function_line_coverage_percent=0 below threshold 60; missing_lines=[606, 607, 608, 609, 610, 611, 612, 613, 614, 615]",0add4e79348cb7d6,stage4/results/torch-thesis-all-coverage/coverage_report.json,stage4/results/torch-thesis-all-coverage/coverage_report.json,
torch,torch.storage.np.row_stack,stage4_coverage,selected_function_line_coverage_percent=0 < 60,selected_function_line_coverage_percent=0 < 60,2f49cf0806ad1b12,,stage4/results/torch-thesis-all-coverage/low_coverage.csv,
torch,torch.storage.np.shape,stage4_coverage,selected_function_low_coverage,"selected_function_line_coverage_percent=0 below threshold 60; missing_lines=[2084, 2085, 2086, 2087, 2088, 2089, 2090, 2091, 2092, 2093, 2094, 2095, 2096, 2097, 2098, 2099, 2100, 2101, 2102, 2103, 2104, 2105, 2106, 2107, 2108, 2109, 2110, 2111, 2112, 2113, 2114, 2115, 2116, 2117, 2118, 2119, 2120, 2121, 2122, 2123, 2124, 2125, 2126, 2127, 2128, 2129, 2130]",685a0dfb662fb90f,stage4/results/torch-thesis-all-coverage/coverage_report.json,stage4/results/torch-thesis-all-coverage/coverage_report.json,
torch,torch.storage.np.shape,stage4_coverage,selected_function_line_coverage_percent=0 < 60,selected_function_line_coverage_percent=0 < 60,7fd4af48ddcea6f9,,stage4/results/torch-thesis-all-coverage/low_coverage.csv,
torch,torch.storage.np.sinc,stage4_coverage,selected_function_low_coverage,"selected_function_line_coverage_percent=0 below threshold 60; missing_lines=[3730, 3731, 3732, 3733, 3734, 3735, 3736, 3737, 3738, 3739, 3740, 3741, 3742, 3743, 3744, 3745, 3746, 3747, 3748, 3749, 3750, 3751, 3752, 3753, 3754, 3755, 3756, 3757, 3758, 3759, 3760, 3761, 3762, 3763, 3764, 3765, 3766, 3767, 3768, 3769, 3770, 3771, 3772, 3773, 3774, 3775, 3776, 3777, 3778, 3779, 3780, 3781, 3782, 3783, 3784, 3785, 3786, 3787, 3788, 3789, 3790, 3791, 3792, 3793, 3794, 3795, 3796, 3797, 3798, 3799, 3800, 3801, 3802, 3803, 3804, 3805, 3806, 3807, 3808, 3809, 3810, 3811, 3812]",841c0549b21ccd32,stage4/results/torch-thesis-all-coverage/coverage_report.json,stage4/results/torch-thesis-all-coverage/coverage_report.json,
torch,torch.storage.np.sinc,stage4_coverage,selected_function_line_coverage_percent=0 < 60,selected_function_line_coverage_percent=0 < 60,cdb416681c45228d,,stage4/results/torch-thesis-all-coverage/low_coverage.csv,
torch,torch.storage.np.sort,stage4_coverage,selected_function_low_coverage,"selected_function_line_coverage_percent=0 below threshold 60; missing_lines=[939, 940, 941, 942, 943, 944, 945, 946, 947, 948, 949, 950, 951, 952, 953, 954, 955, 956, 957, 958, 959, 960, 961, 962, 963, 964, 965, 966, 967, 968, 969, 970, 971, 972, 973, 974, 975, 976, 977, 978, 979, 980, 981, 982, 983, 984, 985, 986, 987, 988, 989, 990, 991, 992, 993, 994, 995, 996, 997, 998, 999, 1000, 1001, 1002, 1003, 1004, 1005, 1006, 1007, 1008, 1009, 1010, 1011, 1012, 1013, 1014, 1015, 1016, 1017, 1018, 1019, 1020, 1021, 1022, 1023, 1024, 1025, 1026, 1027, 1028, 1029, 1030, 1031, 1032, 1033, 1034, 1035, 1036, 1037, 1038, 1039, 1040, 1041, 1042, 1043, 1044, 1045, 1046, 1047, 1048, 1049, 1050, 1051, 1052, 1053, 1054, 1055, 1056, 1057, 1058, 1059, 1060, 1061, 1062, 1063, 1064, 1065, 1066, 1067, 1068, 1069, 1070, 1071, 1072, 1073, 1074, 1075, 1076, 1077, 1078, 1079, 1080, 1081, 1082, 1083, 1084, 1085, 1086, 1087, 1088, 1089, 1090, 1091, 1092, 1093]",75de85944c809fc4,stage4/results/torch-thesis-all-coverage/coverage_report.json,stage4/results/torch-thesis-all-coverage/coverage_report.json,
torch,torch.storage.np.sort,stage4_coverage,selected_function_line_coverage_percent=0 < 60,selected_function_line_coverage_percent=0 < 60,dc0cf5119a934e7d,,stage4/results/torch-thesis-all-coverage/low_coverage.csv,
torch,torch.storage.np.stack,stage4_coverage,selected_function_low_coverage,"selected_function_line_coverage_percent=0 below threshold 60; missing_lines=[378, 379, 380, 381, 382, 383, 384, 385, 386, 387, 388, 389, 390, 391, 392, 393, 394, 395, 396, 397, 398, 399, 400, 401, 402, 403, 404, 405, 406, 407, 408, 409, 410, 411, 412, 413, 414, 415, 416, 417, 418, 419, 420, 421, 422, 423, 424, 425, 426, 427, 428, 429, 430, 431, 432, 433, 434, 435, 436, 437, 438, 439, 440, 441, 442, 443, 444, 445, 446, 447, 448, 449, 450, 451, 452, 453, 454, 455, 456, 457, 458, 459, 460, 461, 462, 463, 464, 465, 466]",895576261440d4d7,stage4/results/torch-thesis-all-coverage/coverage_report.json,stage4/results/torch-thesis-all-coverage/coverage_report.json,
torch,torch.storage.np.stack,stage4_coverage,selected_function_line_coverage_percent=0 < 60,selected_function_line_coverage_percent=0 < 60,e876c65ba37c924f,,stage4/results/torch-thesis-all-coverage/low_coverage.csv,
torch,torch.storage.np.transpose,stage4_coverage,selected_function_line_coverage_percent=0 < 60,selected_function_line_coverage_percent=0 < 60,42f4c214b27900ea,,stage4/results/torch-thesis-all-coverage/low_coverage.csv,
torch,torch.storage.np.transpose,stage4_coverage,selected_function_low_coverage,"selected_function_line_coverage_percent=0 below threshold 60; missing_lines=[604, 605, 606, 607, 608, 609, 610, 611, 612, 613, 614, 615, 616, 617, 618, 619, 620, 621, 622, 623, 624, 625, 626, 627, 628, 629, 630, 631, 632, 633, 634, 635, 636, 637, 638, 639, 640, 641, 642, 643, 644, 645, 646, 647, 648, 649, 650, 651, 652, 653, 654, 655, 656, 657, 658, 659, 660, 661, 662, 663, 664, 665, 666, 667, 668, 669, 670, 671, 672, 673, 674, 675, 676, 677]",a1a2ec7d0cd5b9be,stage4/results/torch-thesis-all-coverage/coverage_report.json,stage4/results/torch-thesis-all-coverage/coverage_report.json,
torch,torch.storage.np.tri,stage4_coverage,selected_function_low_coverage,"selected_function_line_coverage_percent=0 below threshold 60; missing_lines=[389, 390, 391, 392, 393, 394, 395, 396, 397, 398, 399, 400, 401, 402, 403, 404, 405, 406, 407, 408, 409, 410, 411, 412, 413, 414, 415, 416, 417, 418, 419, 420, 421, 422, 423, 424, 425, 426, 427, 428, 429, 430, 431, 432, 433, 434, 435, 436, 437, 438, 439, 440, 441, 442, 443, 444]",a0be509117bd8216,stage4/results/torch-thesis-all-coverage/coverage_report.json,stage4/results/torch-thesis-all-coverage/coverage_report.json,
torch,torch.storage.np.tri,stage4_coverage,selected_function_line_coverage_percent=0 < 60,selected_function_line_coverage_percent=0 < 60,d41b21faabc8f8bf,,stage4/results/torch-thesis-all-coverage/low_coverage.csv,
torch,torch.storage.np.tril,stage4_coverage,selected_function_low_coverage,"selected_function_line_coverage_percent=0 below threshold 60; missing_lines=[454, 455, 456, 457, 458, 459, 460, 461, 462, 463, 464, 465, 466, 467, 468, 469, 470, 471, 472, 473, 474, 475, 476, 477, 478, 479, 480, 481, 482, 483, 484, 485, 486, 487, 488, 489, 490, 491, 492, 493, 494, 495, 496, 497, 498, 499, 500, 501, 502, 503, 504, 505, 506, 507]",b3c7e5c7b10113b5,stage4/results/torch-thesis-all-coverage/coverage_report.json,stage4/results/torch-thesis-all-coverage/coverage_report.json,
torch,torch.storage.np.tril,stage4_coverage,selected_function_line_coverage_percent=0 < 60,selected_function_line_coverage_percent=0 < 60,e6e4dcb042ba130f,,stage4/results/torch-thesis-all-coverage/low_coverage.csv,
torch,torch.storage.np.tril_indices,stage4_coverage,selected_function_low_coverage,"selected_function_line_coverage_percent=0 below threshold 60; missing_lines=[907, 908, 909, 910, 911, 912, 913, 914, 915, 916, 917, 918, 919, 920, 921, 922, 923, 924, 925, 926, 927, 928, 929, 930, 931, 932, 933, 934, 935, 936, 937, 938, 939, 940, 941, 942, 943, 944, 945, 946, 947, 948, 949, 950, 951, 952, 953, 954, 955, 956, 957, 958, 959, 960, 961, 962, 963, 964, 965, 966, 967, 968, 969, 970, 971, 972, 973, 974, 975, 976, 977, 978, 979, 980, 981, 982, 983, 984, 985, 986, 987, 988, 989]",85d3a2461d6fcd2f,stage4/results/torch-thesis-all-coverage/coverage_report.json,stage4/results/torch-thesis-all-coverage/coverage_report.json,
torch,torch.storage.np.tril_indices,stage4_coverage,selected_function_line_coverage_percent=0 < 60,selected_function_line_coverage_percent=0 < 60,bfb76999ec0e774d,,stage4/results/torch-thesis-all-coverage/low_coverage.csv,
torch,torch.storage.np.trim_zeros,stage4_coverage,selected_function_low_coverage,"selected_function_line_coverage_percent=0 below threshold 60; missing_lines=[1940, 1941, 1942, 1943, 1944, 1945, 1946, 1947, 1948, 1949, 1950, 1951, 1952, 1953, 1954, 1955, 1956, 1957, 1958, 1959, 1960, 1961, 1962, 1963, 1964, 1965, 1966, 1967, 1968, 1969, 1970, 1971, 1972, 1973, 1974, 1975, 1976, 1977, 1978, 1979, 1980, 1981, 1982, 1983, 1984, 1985, 1986, 1987, 1988, 1989, 1990, 1991, 1992, 1993, 1994, 1995, 1996, 1997, 1998, 1999, 2000, 2001, 2002, 2003, 2004, 2005, 2006, 2007, 2008, 2009, 2010, 2011, 2012, 2013, 2014, 2015, 2016, 2017, 2018, 2019, 2020, 2021, 2022, 2023, 2024, 2025, 2026, 2027, 2028, 2029, 2030, 2031, 2032, 2033, 2034, 2035, 2036]",039933e78b2bdd96,stage4/results/torch-thesis-all-coverage/coverage_report.json,stage4/results/torch-thesis-all-coverage/coverage_report.json,
torch,torch.storage.np.trim_zeros,stage4_coverage,selected_function_line_coverage_percent=0 < 60,selected_function_line_coverage_percent=0 < 60,1dd627ac84e65e63,,stage4/results/torch-thesis-all-coverage/low_coverage.csv,
torch,torch.storage.np.triu_indices,stage4_coverage,selected_function_low_coverage,"selected_function_line_coverage_percent=0 below threshold 60; missing_lines=[1054, 1055, 1056, 1057, 1058, 1059, 1060, 1061, 1062, 1063, 1064, 1065, 1066, 1067, 1068, 1069, 1070, 1071, 1072, 1073, 1074, 1075, 1076, 1077, 1078, 1079, 1080, 1081, 1082, 1083, 1084, 1085, 1086, 1087, 1088, 1089, 1090, 1091, 1092, 1093, 1094, 1095, 1096, 1097, 1098, 1099, 1100, 1101, 1102, 1103, 1104, 1105, 1106, 1107, 1108, 1109, 1110, 1111, 1112, 1113, 1114, 1115, 1116, 1117, 1118, 1119, 1120, 1121, 1122, 1123, 1124, 1125, 1126, 1127, 1128, 1129, 1130, 1131, 1132, 1133, 1134, 1135, 1136, 1137, 1138]",22ff7caaea8410af,stage4/results/torch-thesis-all-coverage/coverage_report.json,stage4/results/torch-thesis-all-coverage/coverage_report.json,
torch,torch.storage.np.triu_indices,stage4_coverage,selected_function_line_coverage_percent=0 < 60,selected_function_line_coverage_percent=0 < 60,c2e544eeb382ce8e,,stage4/results/torch-thesis-all-coverage/low_coverage.csv,
torch,torch.storage.np.unwrap,stage4_coverage,selected_function_low_coverage,"selected_function_line_coverage_percent=0 below threshold 60; missing_lines=[1740, 1741, 1742, 1743, 1744, 1745, 1746, 1747, 1748, 1749, 1750, 1751, 1752, 1753, 1754, 1755, 1756, 1757, 1758, 1759, 1760, 1761, 1762, 1763, 1764, 1765, 1766, 1767, 1768, 1769, 1770, 1771, 1772, 1773, 1774, 1775, 1776, 1777, 1778, 1779, 1780, 1781, 1782, 1783, 1784, 1785, 1786, 1787, 1788, 1789, 1790, 1791, 1792, 1793, 1794, 1795, 1796, 1797, 1798, 1799, 1800, 1801, 1802, 1803, 1804, 1805, 1806, 1807, 1808, 1809, 1810, 1811, 1812, 1813, 1814, 1815, 1816, 1817, 1818, 1819, 1820, 1821, 1822, 1823, 1824, 1825, 1826, 1827, 1828, 1829, 1830, 1831, 1832, 1833, 1834, 1835, 1836, 1837, 1838, 1839, 1840, 1841, 1842, 1843, 1844, 1845, 1846, 1847, 1848, 1849, 1850, 1851, 1852]",3ab44ce313a9aae6,stage4/results/torch-thesis-all-coverage/coverage_report.json,stage4/results/torch-thesis-all-coverage/coverage_report.json,
torch,torch.storage.np.unwrap,stage4_coverage,selected_function_line_coverage_percent=0 < 60,selected_function_line_coverage_percent=0 < 60,6ceff57abb58b549,,stage4/results/torch-thesis-all-coverage/low_coverage.csv,
torch,torch.storage.np.vstack,stage4_coverage,selected_function_line_coverage_percent=0 < 60,selected_function_line_coverage_percent=0 < 60,2734c7f14d489049,,stage4/results/torch-thesis-all-coverage/low_coverage.csv,
torch,torch.storage.np.vstack,stage4_coverage,selected_function_low_coverage,"selected_function_line_coverage_percent=0 below threshold 60; missing_lines=[218, 219, 220, 221, 222, 223, 224, 225, 226, 227, 228, 229, 230, 231, 232, 233, 234, 235, 236, 237, 238, 239, 240, 241, 242, 243, 244, 245, 246, 247, 248, 249, 250, 251, 252, 253, 254, 255, 256, 257, 258, 259, 260, 261, 262, 263, 264, 265, 266, 267, 268, 269, 270, 271, 272, 273, 274, 275, 276, 277, 278, 279, 280, 281, 282, 283, 284, 285, 286, 287, 288, 289, 290]",444f94a69307a5b8,stage4/results/torch-thesis-all-coverage/coverage_report.json,stage4/results/torch-thesis-all-coverage/coverage_report.json,
torch,torch.storage.np.zeros_like,stage4_coverage,selected_function_low_coverage,"selected_function_line_coverage_percent=0 below threshold 60; missing_lines=[97, 98, 99, 100, 101, 102, 103, 104, 105, 106, 107, 108, 109, 110, 111, 112, 113, 114, 115, 116, 117, 118, 119, 120, 121, 122, 123, 124, 125, 126, 127, 128, 129, 130, 131, 132, 133, 134, 135, 136, 137, 138, 139, 140, 141, 142, 143, 144, 145, 146, 147, 148, 149, 150, 151, 152, 153, 154, 155, 156, 157, 158, 159, 160, 161, 162, 163, 164, 165, 166, 167]",06a563b672a32586,stage4/results/torch-thesis-all-coverage/coverage_report.json,stage4/results/torch-thesis-all-coverage/coverage_report.json,
torch,torch.storage.np.zeros_like,stage4_coverage,selected_function_line_coverage_percent=0 < 60,selected_function_line_coverage_percent=0 < 60,823ccfb4b8d3750c,,stage4/results/torch-thesis-all-coverage/low_coverage.csv,
torch,torch.windows.general_hamming,stage4_coverage,selected_function_low_coverage,"selected_function_line_coverage_percent=33.3333 below threshold 60; missing_lines=[766, 801]",0f1db5030ea35c6b,stage4/results/torch-thesis-all-coverage/coverage_report.json,stage4/results/torch-thesis-all-coverage/coverage_report.json,
torch,torch.windows.general_hamming,stage4_coverage,selected_function_line_coverage_percent=33.3333 < 60,selected_function_line_coverage_percent=33.3333 < 60,1b1a3e29ebd24414,,stage4/results/torch-thesis-all-coverage/low_coverage.csv,
torch,torch.windows.hamming,stage4_coverage,selected_function_line_coverage_percent=33.3333 < 60,selected_function_line_coverage_percent=33.3333 < 60,ee6a3222525304a5,,stage4/results/torch-thesis-all-coverage/low_coverage.csv,
torch,torch.windows.hamming,stage4_coverage,selected_function_low_coverage,"selected_function_line_coverage_percent=33.3333 below threshold 60; missing_lines=[428, 464]",f697d7639c915720,stage4/results/torch-thesis-all-coverage/coverage_report.json,stage4/results/torch-thesis-all-coverage/coverage_report.json,
torch,torch.windows.hann,stage4_coverage,selected_function_line_coverage_percent=33.3333 < 60,selected_function_line_coverage_percent=33.3333 < 60,322182f0c9a609ff,,stage4/results/torch-thesis-all-coverage/low_coverage.csv,
torch,torch.windows.hann,stage4_coverage,selected_function_low_coverage,"selected_function_line_coverage_percent=33.3333 below threshold 60; missing_lines=[483, 518]",eb1f76be7453408e,stage4/results/torch-thesis-all-coverage/coverage_report.json,stage4/results/torch-thesis-all-coverage/coverage_report.json,
torch,torch.windows.nuttall,stage4_coverage,selected_function_low_coverage,"selected_function_line_coverage_percent=33.3333 below threshold 60; missing_lines=[822, 866]",9087f1c04c70570b,stage4/results/torch-thesis-all-coverage/coverage_report.json,stage4/results/torch-thesis-all-coverage/coverage_report.json,
torch,torch.windows.nuttall,stage4_coverage,selected_function_line_coverage_percent=33.3333 < 60,selected_function_line_coverage_percent=33.3333 < 60,c802388a22df9977,,stage4/results/torch-thesis-all-coverage/low_coverage.csv,
torch,torch.windows.windows.exponential,stage4_runtime,candidate,timeout_or_hang,645b2b7067f4c5d1,,stage4/results/torch-thesis-all-coverage/bug_report.csv,
torch,torch.windows.windows.gaussian,stage4_runtime,WorkerTimeout,"/Users/aryansg/Desktop/DeepFuzz/.venv/lib/python3.13/site-packages/coverage/inorout.py:577: CoverageWarning: Module torch was previously imported, but not measured (module-not-measured); see https://coverage.readthedocs.io/en/7.13.5/messages.html#warning-module-not-measured
  self.warn(msg, slug=""module-not-measured"")
/Users/aryansg/Desktop/DeepFuzz/.venv/lib/python3.13/site-packages/coverage/inorout.py:577: CoverageWarning: Module torch was previously imported, but not measured (module-not-measured); see https://coverage.readthedocs.io/en/7.13.5/messages.html#warning-module-not-measured
  self.warn(msg, slug=""module-not-measured"")
/Users/aryansg/Desktop/DeepFuzz/.venv/lib/python3.13/site-packages/coverage/inorout.py:577: CoverageWarning: Module torch was previously imported, but not measured (module-not-measured); see https://coverage.readthedocs.io/en/7.13.5/messages.html#warning-module-not-measured
  self.warn(msg, slug=""module-not-measured"")
/Users/aryansg/Desktop/DeepFuzz/.venv/lib/python3.13/site-packages/coverage/inorout.py:577: CoverageWarning: Module torch was previously imported, but not measured (module-not-measured); see https://coverage.readthedocs.io/en/7.13.5/messages.html#warning-module-not-measured
  self.warn(msg, slug=""module-not-measured"")
/Users/aryansg/Desktop/DeepFuzz/.venv/lib/python3.13/site-packages/coverage/html.py:131: CoverageWarning: No contexts were measured
  self.coverage._warn(""No contexts were measured"")",1ddb761e20db26f8,stage4/results/torch-thesis-all-coverage/execution_results/torch.windows.windows.gaussian.results.json,stage4/results/torch-thesis-all-coverage/failure.csv,
torch,torch.windows.windows.gaussian,stage4_coverage,uncovered_api,Stage 4 did not cover API; valid_programs=0 bugs=0,459c301f992c1d14,stage4/results/torch-thesis-all-coverage/coverage_report.json,stage4/results/torch-thesis-all-coverage/coverage_report.json,
torch,torch.windows.windows.gaussian,stage4_coverage,selected_function_line_coverage_percent=0 < 60,selected_function_line_coverage_percent=0 < 60,d5f4f45b58ccae15,,stage4/results/torch-thesis-all-coverage/low_coverage.csv,
torch,torch.windows.windows.general_hamming,stage4_coverage,uncovered_api,Stage 4 did not cover API; valid_programs=0 bugs=0,07e48fed7c73b974,stage4/results/torch-thesis-all-coverage/coverage_report.json,stage4/results/torch-thesis-all-coverage/coverage_report.json,
torch,torch.windows.windows.general_hamming,stage4_coverage,selected_function_line_coverage_percent=0 < 60,selected_function_line_coverage_percent=0 < 60,1a66eea9e0bf7433,,stage4/results/torch-thesis-all-coverage/low_coverage.csv,
torch,torch.windows.windows.general_hamming,stage4_runtime,WorkerTimeout,"/Users/aryansg/Desktop/DeepFuzz/.venv/lib/python3.13/site-packages/coverage/inorout.py:577: CoverageWarning: Module torch was previously imported, but not measured (module-not-measured); see https://coverage.readthedocs.io/en/7.13.5/messages.html#warning-module-not-measured
  self.warn(msg, slug=""module-not-measured"")
/Users/aryansg/Desktop/DeepFuzz/.venv/lib/python3.13/site-packages/coverage/inorout.py:577: CoverageWarning: Module torch was previously imported, but not measured (module-not-measured); see https://coverage.readthedocs.io/en/7.13.5/messages.html#warning-module-not-measured
  self.warn(msg, slug=""module-not-measured"")
/Users/aryansg/Desktop/DeepFuzz/.venv/lib/python3.13/site-packages/coverage/inorout.py:577: CoverageWarning: Module torch was previously imported, but not measured (module-not-measured); see https://coverage.readthedocs.io/en/7.13.5/messages.html#warning-module-not-measured
  self.warn(msg, slug=""module-not-measured"")
/Users/aryansg/Desktop/DeepFuzz/.venv/lib/python3.13/site-packages/coverage/inorout.py:577: CoverageWarning: Module torch was previously imported, but not measured (module-not-measured); see https://coverage.readthedocs.io/en/7.13.5/messages.html#warning-module-not-measured
  self.warn(msg, slug=""module-not-measured"")
/Users/aryansg/Desktop/DeepFuzz/.venv/lib/python3.13/site-packages/coverage/html.py:131: CoverageWarning: No contexts were measured
  self.coverage._warn(""No contexts were measured"")",2a72b8a44c656adf,stage4/results/torch-thesis-all-coverage/execution_results/torch.windows.windows.general_hamming.results.json,stage4/results/torch-thesis-all-coverage/failure.csv,
torch,torch.windows.windows.hamming,stage4_coverage,selected_function_line_coverage_percent=0 < 60,selected_function_line_coverage_percent=0 < 60,35b51748a91b1567,,stage4/results/torch-thesis-all-coverage/low_coverage.csv,
torch,torch.windows.windows.hamming,stage4_coverage,uncovered_api,Stage 4 did not cover API; valid_programs=0 bugs=0,801c1aaff16a7481,stage4/results/torch-thesis-all-coverage/coverage_report.json,stage4/results/torch-thesis-all-coverage/coverage_report.json,
torch,torch.windows.windows.hamming,stage4_runtime,WorkerTimeout,"/Users/aryansg/Desktop/DeepFuzz/.venv/lib/python3.13/site-packages/coverage/inorout.py:577: CoverageWarning: Module torch was previously imported, but not measured (module-not-measured); see https://coverage.readthedocs.io/en/7.13.5/messages.html#warning-module-not-measured
  self.warn(msg, slug=""module-not-measured"")
/Users/aryansg/Desktop/DeepFuzz/.venv/lib/python3.13/site-packages/coverage/inorout.py:577: CoverageWarning: Module torch was previously imported, but not measured (module-not-measured); see https://coverage.readthedocs.io/en/7.13.5/messages.html#warning-module-not-measured
  self.warn(msg, slug=""module-not-measured"")
/Users/aryansg/Desktop/DeepFuzz/.venv/lib/python3.13/site-packages/coverage/inorout.py:577: CoverageWarning: Module torch was previously imported, but not measured (module-not-measured); see https://coverage.readthedocs.io/en/7.13.5/messages.html#warning-module-not-measured
  self.warn(msg, slug=""module-not-measured"")
/Users/aryansg/Desktop/DeepFuzz/.venv/lib/python3.13/site-packages/coverage/inorout.py:577: CoverageWarning: Module torch was previously imported, but not measured (module-not-measured); see https://coverage.readthedocs.io/en/7.13.5/messages.html#warning-module-not-measured
  self.warn(msg, slug=""module-not-measured"")
/Users/aryansg/Desktop/DeepFuzz/.venv/lib/python3.13/site-packages/coverage/html.py:131: CoverageWarning: No contexts were measured
  self.coverage._warn(""No contexts were measured"")",a35c439208c76291,stage4/results/torch-thesis-all-coverage/execution_results/torch.windows.windows.hamming.results.json,stage4/results/torch-thesis-all-coverage/failure.csv,
torch,torch.windows.windows.hann,stage4_coverage,selected_function_line_coverage_percent=0 < 60,selected_function_line_coverage_percent=0 < 60,0cc74511769ad7b6,,stage4/results/torch-thesis-all-coverage/low_coverage.csv,
torch,torch.windows.windows.hann,stage4_coverage,uncovered_api,Stage 4 did not cover API; valid_programs=0 bugs=0,6e074148acfac824,stage4/results/torch-thesis-all-coverage/coverage_report.json,stage4/results/torch-thesis-all-coverage/coverage_report.json,
torch,torch.windows.windows.hann,stage4_runtime,WorkerTimeout,"/Users/aryansg/Desktop/DeepFuzz/.venv/lib/python3.13/site-packages/coverage/inorout.py:577: CoverageWarning: Module torch was previously imported, but not measured (module-not-measured); see https://coverage.readthedocs.io/en/7.13.5/messages.html#warning-module-not-measured
  self.warn(msg, slug=""module-not-measured"")
/Users/aryansg/Desktop/DeepFuzz/.venv/lib/python3.13/site-packages/coverage/inorout.py:577: CoverageWarning: Module torch was previously imported, but not measured (module-not-measured); see https://coverage.readthedocs.io/en/7.13.5/messages.html#warning-module-not-measured
  self.warn(msg, slug=""module-not-measured"")
/Users/aryansg/Desktop/DeepFuzz/.venv/lib/python3.13/site-packages/coverage/inorout.py:577: CoverageWarning: Module torch was previously imported, but not measured (module-not-measured); see https://coverage.readthedocs.io/en/7.13.5/messages.html#warning-module-not-measured
  self.warn(msg, slug=""module-not-measured"")
/Users/aryansg/Desktop/DeepFuzz/.venv/lib/python3.13/site-packages/coverage/inorout.py:577: CoverageWarning: Module torch was previously imported, but not measured (module-not-measured); see https://coverage.readthedocs.io/en/7.13.5/messages.html#warning-module-not-measured
  self.warn(msg, slug=""module-not-measured"")
/Users/aryansg/Desktop/DeepFuzz/.venv/lib/python3.13/site-packages/coverage/html.py:131: CoverageWarning: No contexts were measured
  self.coverage._warn(""No contexts were measured"")",8444554f7b035529,stage4/results/torch-thesis-all-coverage/execution_results/torch.windows.windows.hann.results.json,stage4/results/torch-thesis-all-coverage/failure.csv,
torch,torch.windows.windows.kaiser,stage4_coverage,selected_function_line_coverage_percent=0 < 60,selected_function_line_coverage_percent=0 < 60,2f5da5a92018b094,,stage4/results/torch-thesis-all-coverage/low_coverage.csv,
torch,torch.windows.windows.kaiser,stage4_coverage,uncovered_api,Stage 4 did not cover API; valid_programs=0 bugs=0,990979cb73abbdbd,stage4/results/torch-thesis-all-coverage/coverage_report.json,stage4/results/torch-thesis-all-coverage/coverage_report.json,
torch,torch.windows.windows.kaiser,stage4_runtime,WorkerTimeout,"/Users/aryansg/Desktop/DeepFuzz/.venv/lib/python3.13/site-packages/coverage/inorout.py:577: CoverageWarning: Module torch was previously imported, but not measured (module-not-measured); see https://coverage.readthedocs.io/en/7.13.5/messages.html#warning-module-not-measured
  self.warn(msg, slug=""module-not-measured"")
/Users/aryansg/Desktop/DeepFuzz/.venv/lib/python3.13/site-packages/coverage/inorout.py:577: CoverageWarning: Module torch was previously imported, but not measured (module-not-measured); see https://coverage.readthedocs.io/en/7.13.5/messages.html#warning-module-not-measured
  self.warn(msg, slug=""module-not-measured"")
/Users/aryansg/Desktop/DeepFuzz/.venv/lib/python3.13/site-packages/coverage/inorout.py:577: CoverageWarning: Module torch was previously imported, but not measured (module-not-measured); see https://coverage.readthedocs.io/en/7.13.5/messages.html#warning-module-not-measured
  self.warn(msg, slug=""module-not-measured"")
/Users/aryansg/Desktop/DeepFuzz/.venv/lib/python3.13/site-packages/coverage/inorout.py:577: CoverageWarning: Module torch was previously imported, but not measured (module-not-measured); see https://coverage.readthedocs.io/en/7.13.5/messages.html#warning-module-not-measured
  self.warn(msg, slug=""module-not-measured"")
/Users/aryansg/Desktop/DeepFuzz/.venv/lib/python3.13/site-packages/coverage/html.py:131: CoverageWarning: No contexts were measured
  self.coverage._warn(""No contexts were measured"")",e5edadf858d017e2,stage4/results/torch-thesis-all-coverage/execution_results/torch.windows.windows.kaiser.results.json,stage4/results/torch-thesis-all-coverage/failure.csv,
torch,torch.windows.windows.nuttall,stage4_coverage,selected_function_line_coverage_percent=0 < 60,selected_function_line_coverage_percent=0 < 60,0eba7acbe4dbaa08,,stage4/results/torch-thesis-all-coverage/low_coverage.csv,
torch,torch.windows.windows.nuttall,stage4_coverage,uncovered_api,Stage 4 did not cover API; valid_programs=0 bugs=0,95171dfa55f3898b,stage4/results/torch-thesis-all-coverage/coverage_report.json,stage4/results/torch-thesis-all-coverage/coverage_report.json,
torch,torch.windows.windows.nuttall,stage4_runtime,WorkerTimeout,"/Users/aryansg/Desktop/DeepFuzz/.venv/lib/python3.13/site-packages/coverage/inorout.py:577: CoverageWarning: Module torch was previously imported, but not measured (module-not-measured); see https://coverage.readthedocs.io/en/7.13.5/messages.html#warning-module-not-measured
  self.warn(msg, slug=""module-not-measured"")
/Users/aryansg/Desktop/DeepFuzz/.venv/lib/python3.13/site-packages/coverage/inorout.py:577: CoverageWarning: Module torch was previously imported, but not measured (module-not-measured); see https://coverage.readthedocs.io/en/7.13.5/messages.html#warning-module-not-measured
  self.warn(msg, slug=""module-not-measured"")
/Users/aryansg/Desktop/DeepFuzz/.venv/lib/python3.13/site-packages/coverage/inorout.py:577: CoverageWarning: Module torch was previously imported, but not measured (module-not-measured); see https://coverage.readthedocs.io/en/7.13.5/messages.html#warning-module-not-measured
  self.warn(msg, slug=""module-not-measured"")
/Users/aryansg/Desktop/DeepFuzz/.venv/lib/python3.13/site-packages/coverage/inorout.py:577: CoverageWarning: Module torch was previously imported, but not measured (module-not-measured); see https://coverage.readthedocs.io/en/7.13.5/messages.html#warning-module-not-measured
  self.warn(msg, slug=""module-not-measured"")
/Users/aryansg/Desktop/DeepFuzz/.venv/lib/python3.13/site-packages/coverage/html.py:131: CoverageWarning: No contexts were measured
  self.coverage._warn(""No contexts were measured"")",b0d5b965792c338c,stage4/results/torch-thesis-all-coverage/execution_results/torch.windows.windows.nuttall.results.json,stage4/results/torch-thesis-all-coverage/failure.csv,
torch,torch.xpu.max_memory_allocated,stage4_coverage,selected_function_low_coverage,selected_function_line_coverage_percent=50 below threshold 60; missing_lines=[149],1256ab15cab2c4fd,stage4/results/torch-thesis-all-coverage/coverage_report.json,stage4/results/torch-thesis-all-coverage/coverage_report.json,
torch,torch.xpu.max_memory_allocated,stage4_coverage,selected_function_line_coverage_percent=50 < 60,selected_function_line_coverage_percent=50 < 60,fe3224b8ba2cabfe,,stage4/results/torch-thesis-all-coverage/low_coverage.csv,
torch,torch.xpu.max_memory_reserved,stage4_runtime,WorkerTimeout,"/Users/aryansg/Desktop/DeepFuzz/.venv/lib/python3.13/site-packages/coverage/inorout.py:577: CoverageWarning: Module torch was previously imported, but not measured (module-not-measured); see https://coverage.readthedocs.io/en/7.13.5/messages.html#warning-module-not-measured
  self.warn(msg, slug=""module-not-measured"")
/Users/aryansg/Desktop/DeepFuzz/.venv/lib/python3.13/site-packages/coverage/inorout.py:577: CoverageWarning: Module torch was previously imported, but not measured (module-not-measured); see https://coverage.readthedocs.io/en/7.13.5/messages.html#warning-module-not-measured
  self.warn(msg, slug=""module-not-measured"")
/Users/aryansg/Desktop/DeepFuzz/.venv/lib/python3.13/site-packages/coverage/html.py:131: CoverageWarning: No contexts were measured
  self.coverage._warn(""No contexts were measured"")",6e3e938df34d39d6,stage4/results/torch-thesis-all-coverage/execution_results/torch.xpu.max_memory_reserved.results.json,stage4/results/torch-thesis-all-coverage/failure.csv,
torch,torch.xpu.max_memory_reserved,stage4_coverage,selected_function_line_coverage_percent=0 < 60,selected_function_line_coverage_percent=0 < 60,acaa5409af6c0fb7,,stage4/results/torch-thesis-all-coverage/low_coverage.csv,
torch,torch.xpu.max_memory_reserved,stage4_coverage,uncovered_api,Stage 4 did not cover API; valid_programs=0 bugs=0,fde0a3f5e88a15db,stage4/results/torch-thesis-all-coverage/coverage_report.json,stage4/results/torch-thesis-all-coverage/coverage_report.json,
torch,torch.xpu.memory.max_memory_allocated,stage4_runtime,WorkerTimeout,"/Users/aryansg/Desktop/DeepFuzz/.venv/lib/python3.13/site-packages/coverage/inorout.py:577: CoverageWarning: Module torch was previously imported, but not measured (module-not-measured); see https://coverage.readthedocs.io/en/7.13.5/messages.html#warning-module-not-measured
  self.warn(msg, slug=""module-not-measured"")
/Users/aryansg/Desktop/DeepFuzz/.venv/lib/python3.13/site-packages/coverage/inorout.py:577: CoverageWarning: Module torch was previously imported, but not measured (module-not-measured); see https://coverage.readthedocs.io/en/7.13.5/messages.html#warning-module-not-measured
  self.warn(msg, slug=""module-not-measured"")
/Users/aryansg/Desktop/DeepFuzz/.venv/lib/python3.13/site-packages/coverage/html.py:131: CoverageWarning: No contexts were measured
  self.coverage._warn(""No contexts were measured"")",6dbd4f5936e54179,stage4/results/torch-thesis-all-coverage/execution_results/torch.xpu.memory.max_memory_allocated.results.json,stage4/results/torch-thesis-all-coverage/failure.csv,
torch,torch.xpu.memory.max_memory_allocated,stage4_coverage,selected_function_line_coverage_percent=0 < 60,selected_function_line_coverage_percent=0 < 60,78087a3ba8aee776,,stage4/results/torch-thesis-all-coverage/low_coverage.csv,
torch,torch.xpu.memory.max_memory_allocated,stage4_coverage,uncovered_api,Stage 4 did not cover API; valid_programs=0 bugs=0,c8f853b8b8055382,stage4/results/torch-thesis-all-coverage/coverage_report.json,stage4/results/torch-thesis-all-coverage/coverage_report.json,
torch,torch.xpu.memory.max_memory_reserved,stage4_coverage,uncovered_api,Stage 4 did not cover API; valid_programs=0 bugs=0,2348b1f6d09ee1f6,stage4/results/torch-thesis-all-coverage/coverage_report.json,stage4/results/torch-thesis-all-coverage/coverage_report.json,
torch,torch.xpu.memory.max_memory_reserved,stage4_runtime,WorkerTimeout,"/Users/aryansg/Desktop/DeepFuzz/.venv/lib/python3.13/site-packages/coverage/inorout.py:577: CoverageWarning: Module torch was previously imported, but not measured (module-not-measured); see https://coverage.readthedocs.io/en/7.13.5/messages.html#warning-module-not-measured
  self.warn(msg, slug=""module-not-measured"")
/Users/aryansg/Desktop/DeepFuzz/.venv/lib/python3.13/site-packages/coverage/inorout.py:577: CoverageWarning: Module torch was previously imported, but not measured (module-not-measured); see https://coverage.readthedocs.io/en/7.13.5/messages.html#warning-module-not-measured
  self.warn(msg, slug=""module-not-measured"")
/Users/aryansg/Desktop/DeepFuzz/.venv/lib/python3.13/site-packages/coverage/html.py:131: CoverageWarning: No contexts were measured
  self.coverage._warn(""No contexts were measured"")",2e6d889d4b60bdaf,stage4/results/torch-thesis-all-coverage/execution_results/torch.xpu.memory.max_memory_reserved.results.json,stage4/results/torch-thesis-all-coverage/failure.csv,
torch,torch.xpu.memory.max_memory_reserved,stage4_coverage,selected_function_line_coverage_percent=0 < 60,selected_function_line_coverage_percent=0 < 60,ffed22f86c2fd017,,stage4/results/torch-thesis-all-coverage/low_coverage.csv,
torch,torch.xpu.memory.memory_allocated,stage4_coverage,uncovered_api,Stage 4 did not cover API; valid_programs=0 bugs=0,173e7e30e5358ade,stage4/results/torch-thesis-all-coverage/coverage_report.json,stage4/results/torch-thesis-all-coverage/coverage_report.json,
torch,torch.xpu.memory.memory_allocated,stage4_coverage,selected_function_line_coverage_percent=0 < 60,selected_function_line_coverage_percent=0 < 60,9c1c76c1b5702c74,,stage4/results/torch-thesis-all-coverage/low_coverage.csv,
torch,torch.xpu.memory.memory_allocated,stage4_runtime,WorkerTimeout,"/Users/aryansg/Desktop/DeepFuzz/.venv/lib/python3.13/site-packages/coverage/inorout.py:577: CoverageWarning: Module torch was previously imported, but not measured (module-not-measured); see https://coverage.readthedocs.io/en/7.13.5/messages.html#warning-module-not-measured
  self.warn(msg, slug=""module-not-measured"")
/Users/aryansg/Desktop/DeepFuzz/.venv/lib/python3.13/site-packages/coverage/inorout.py:577: CoverageWarning: Module torch was previously imported, but not measured (module-not-measured); see https://coverage.readthedocs.io/en/7.13.5/messages.html#warning-module-not-measured
  self.warn(msg, slug=""module-not-measured"")
/Users/aryansg/Desktop/DeepFuzz/.venv/lib/python3.13/site-packages/coverage/html.py:131: CoverageWarning: No contexts were measured
  self.coverage._warn(""No contexts were measured"")",9d6054a1dbd16553,stage4/results/torch-thesis-all-coverage/execution_results/torch.xpu.memory.memory_allocated.results.json,stage4/results/torch-thesis-all-coverage/failure.csv,
torch,torch.xpu.memory.memory_reserved,stage4_runtime,WorkerTimeout,"/Users/aryansg/Desktop/DeepFuzz/.venv/lib/python3.13/site-packages/coverage/inorout.py:577: CoverageWarning: Module torch was previously imported, but not measured (module-not-measured); see https://coverage.readthedocs.io/en/7.13.5/messages.html#warning-module-not-measured
  self.warn(msg, slug=""module-not-measured"")
/Users/aryansg/Desktop/DeepFuzz/.venv/lib/python3.13/site-packages/coverage/inorout.py:577: CoverageWarning: Module torch was previously imported, but not measured (module-not-measured); see https://coverage.readthedocs.io/en/7.13.5/messages.html#warning-module-not-measured
  self.warn(msg, slug=""module-not-measured"")
/Users/aryansg/Desktop/DeepFuzz/.venv/lib/python3.13/site-packages/coverage/html.py:131: CoverageWarning: No contexts were measured
  self.coverage._warn(""No contexts were measured"")",69c1411a77d9428e,stage4/results/torch-thesis-all-coverage/execution_results/torch.xpu.memory.memory_reserved.results.json,stage4/results/torch-thesis-all-coverage/failure.csv,
torch,torch.xpu.memory.memory_reserved,stage4_coverage,selected_function_line_coverage_percent=0 < 60,selected_function_line_coverage_percent=0 < 60,80e2987b27e670b3,,stage4/results/torch-thesis-all-coverage/low_coverage.csv,
torch,torch.xpu.memory.memory_reserved,stage4_coverage,uncovered_api,Stage 4 did not cover API; valid_programs=0 bugs=0,dc73c9641ec5ab68,stage4/results/torch-thesis-all-coverage/coverage_report.json,stage4/results/torch-thesis-all-coverage/coverage_report.json,
torch,torch.xpu.memory.memory_snapshot,stage4_runtime,WorkerTimeout,"/Users/aryansg/Desktop/DeepFuzz/.venv/lib/python3.13/site-packages/coverage/inorout.py:577: CoverageWarning: Module torch was previously imported, but not measured (module-not-measured); see https://coverage.readthedocs.io/en/7.13.5/messages.html#warning-module-not-measured
  self.warn(msg, slug=""module-not-measured"")
/Users/aryansg/Desktop/DeepFuzz/.venv/lib/python3.13/site-packages/coverage/inorout.py:577: CoverageWarning: Module torch was previously imported, but not measured (module-not-measured); see https://coverage.readthedocs.io/en/7.13.5/messages.html#warning-module-not-measured
  self.warn(msg, slug=""module-not-measured"")
/Users/aryansg/Desktop/DeepFuzz/.venv/lib/python3.13/site-packages/coverage/html.py:131: CoverageWarning: No contexts were measured
  self.coverage._warn(""No contexts were measured"")",2c43023ee6c9e340,stage4/results/torch-thesis-all-coverage/execution_results/torch.xpu.memory.memory_snapshot.results.json,stage4/results/torch-thesis-all-coverage/failure.csv,
torch,torch.xpu.memory.memory_snapshot,stage4_coverage,selected_function_line_coverage_percent=0 < 60,selected_function_line_coverage_percent=0 < 60,2c964a0a570e2fd7,,stage4/results/torch-thesis-all-coverage/low_coverage.csv,
torch,torch.xpu.memory.memory_snapshot,stage4_coverage,uncovered_api,Stage 4 did not cover API; valid_programs=0 bugs=0,b6941dc3cd324129,stage4/results/torch-thesis-all-coverage/coverage_report.json,stage4/results/torch-thesis-all-coverage/coverage_report.json,
torch,torch.xpu.memory.memory_stats,stage4_coverage,uncovered_api,Stage 4 did not cover API; valid_programs=0 bugs=0,45fec2c0685fe1cf,stage4/results/torch-thesis-all-coverage/coverage_report.json,stage4/results/torch-thesis-all-coverage/coverage_report.json,
torch,torch.xpu.memory.memory_stats,stage4_runtime,WorkerTimeout,"/Users/aryansg/Desktop/DeepFuzz/.venv/lib/python3.13/site-packages/coverage/inorout.py:577: CoverageWarning: Module torch was previously imported, but not measured (module-not-measured); see https://coverage.readthedocs.io/en/7.13.5/messages.html#warning-module-not-measured
  self.warn(msg, slug=""module-not-measured"")
/Users/aryansg/Desktop/DeepFuzz/.venv/lib/python3.13/site-packages/coverage/inorout.py:577: CoverageWarning: Module torch was previously imported, but not measured (module-not-measured); see https://coverage.readthedocs.io/en/7.13.5/messages.html#warning-module-not-measured
  self.warn(msg, slug=""module-not-measured"")
/Users/aryansg/Desktop/DeepFuzz/.venv/lib/python3.13/site-packages/coverage/html.py:131: CoverageWarning: No contexts were measured
  self.coverage._warn(""No contexts were measured"")",4bf251b09e89b7c0,stage4/results/torch-thesis-all-coverage/execution_results/torch.xpu.memory.memory_stats.results.json,stage4/results/torch-thesis-all-coverage/failure.csv,
torch,torch.xpu.memory.memory_stats,stage4_coverage,selected_function_line_coverage_percent=0 < 60,selected_function_line_coverage_percent=0 < 60,8ec2707ddf6171f4,,stage4/results/torch-thesis-all-coverage/low_coverage.csv,
torch,torch.xpu.memory_allocated,stage4_coverage,uncovered_api,Stage 4 did not cover API; valid_programs=0 bugs=0,07cdbff0021587d3,stage4/results/torch-thesis-all-coverage/coverage_report.json,stage4/results/torch-thesis-all-coverage/coverage_report.json,
torch,torch.xpu.memory_allocated,stage4_coverage,selected_function_line_coverage_percent=0 < 60,selected_function_line_coverage_percent=0 < 60,0f82a56a0b29d865,,stage4/results/torch-thesis-all-coverage/low_coverage.csv,
torch,torch.xpu.memory_allocated,stage4_runtime,WorkerTimeout,"/Users/aryansg/Desktop/DeepFuzz/.venv/lib/python3.13/site-packages/coverage/inorout.py:577: CoverageWarning: Module torch was previously imported, but not measured (module-not-measured); see https://coverage.readthedocs.io/en/7.13.5/messages.html#warning-module-not-measured
  self.warn(msg, slug=""module-not-measured"")
/Users/aryansg/Desktop/DeepFuzz/.venv/lib/python3.13/site-packages/coverage/inorout.py:577: CoverageWarning: Module torch was previously imported, but not measured (module-not-measured); see https://coverage.readthedocs.io/en/7.13.5/messages.html#warning-module-not-measured
  self.warn(msg, slug=""module-not-measured"")
/Users/aryansg/Desktop/DeepFuzz/.venv/lib/python3.13/site-packages/coverage/html.py:131: CoverageWarning: No contexts were measured
  self.coverage._warn(""No contexts were measured"")",23e9d0aa7c416a28,stage4/results/torch-thesis-all-coverage/execution_results/torch.xpu.memory_allocated.results.json,stage4/results/torch-thesis-all-coverage/failure.csv,
torch,torch.xpu.memory_reserved,stage4_coverage,uncovered_api,Stage 4 did not cover API; valid_programs=0 bugs=0,7c0542820821a26f,stage4/results/torch-thesis-all-coverage/coverage_report.json,stage4/results/torch-thesis-all-coverage/coverage_report.json,
torch,torch.xpu.memory_reserved,stage4_coverage,selected_function_line_coverage_percent=0 < 60,selected_function_line_coverage_percent=0 < 60,ce2320d5341f33b4,,stage4/results/torch-thesis-all-coverage/low_coverage.csv,
torch,torch.xpu.memory_reserved,stage4_runtime,WorkerTimeout,"/Users/aryansg/Desktop/DeepFuzz/.venv/lib/python3.13/site-packages/coverage/inorout.py:577: CoverageWarning: Module torch was previously imported, but not measured (module-not-measured); see https://coverage.readthedocs.io/en/7.13.5/messages.html#warning-module-not-measured
  self.warn(msg, slug=""module-not-measured"")
/Users/aryansg/Desktop/DeepFuzz/.venv/lib/python3.13/site-packages/coverage/inorout.py:577: CoverageWarning: Module torch was previously imported, but not measured (module-not-measured); see https://coverage.readthedocs.io/en/7.13.5/messages.html#warning-module-not-measured
  self.warn(msg, slug=""module-not-measured"")
/Users/aryansg/Desktop/DeepFuzz/.venv/lib/python3.13/site-packages/coverage/html.py:131: CoverageWarning: No contexts were measured
  self.coverage._warn(""No contexts were measured"")",dbe89ff3d7940074,stage4/results/torch-thesis-all-coverage/execution_results/torch.xpu.memory_reserved.results.json,stage4/results/torch-thesis-all-coverage/failure.csv,
torch,torch.xpu.memory_snapshot,stage4_coverage,uncovered_api,Stage 4 did not cover API; valid_programs=0 bugs=0,01a9a4b36fc39607,stage4/results/torch-thesis-all-coverage/coverage_report.json,stage4/results/torch-thesis-all-coverage/coverage_report.json,
torch,torch.xpu.memory_snapshot,stage4_runtime,WorkerTimeout,"/Users/aryansg/Desktop/DeepFuzz/.venv/lib/python3.13/site-packages/coverage/inorout.py:577: CoverageWarning: Module torch was previously imported, but not measured (module-not-measured); see https://coverage.readthedocs.io/en/7.13.5/messages.html#warning-module-not-measured
  self.warn(msg, slug=""module-not-measured"")
/Users/aryansg/Desktop/DeepFuzz/.venv/lib/python3.13/site-packages/coverage/inorout.py:577: CoverageWarning: Module torch was previously imported, but not measured (module-not-measured); see https://coverage.readthedocs.io/en/7.13.5/messages.html#warning-module-not-measured
  self.warn(msg, slug=""module-not-measured"")
/Users/aryansg/Desktop/DeepFuzz/.venv/lib/python3.13/site-packages/coverage/html.py:131: CoverageWarning: No contexts were measured
  self.coverage._warn(""No contexts were measured"")",97a6bf61f460f431,stage4/results/torch-thesis-all-coverage/execution_results/torch.xpu.memory_snapshot.results.json,stage4/results/torch-thesis-all-coverage/failure.csv,
torch,torch.xpu.memory_snapshot,stage4_coverage,selected_function_line_coverage_percent=0 < 60,selected_function_line_coverage_percent=0 < 60,a827e9d3ef2381c6,,stage4/results/torch-thesis-all-coverage/low_coverage.csv,
torch,torch.xpu.memory_stats,stage4_coverage,selected_function_line_coverage_percent=0 < 60,selected_function_line_coverage_percent=0 < 60,2bfd10757bd29ed3,,stage4/results/torch-thesis-all-coverage/low_coverage.csv,
torch,torch.xpu.memory_stats,stage4_runtime,WorkerTimeout,"/Users/aryansg/Desktop/DeepFuzz/.venv/lib/python3.13/site-packages/coverage/inorout.py:577: CoverageWarning: Module torch was previously imported, but not measured (module-not-measured); see https://coverage.readthedocs.io/en/7.13.5/messages.html#warning-module-not-measured
  self.warn(msg, slug=""module-not-measured"")
/Users/aryansg/Desktop/DeepFuzz/.venv/lib/python3.13/site-packages/coverage/inorout.py:577: CoverageWarning: Module torch was previously imported, but not measured (module-not-measured); see https://coverage.readthedocs.io/en/7.13.5/messages.html#warning-module-not-measured
  self.warn(msg, slug=""module-not-measured"")
/Users/aryansg/Desktop/DeepFuzz/.venv/lib/python3.13/site-packages/coverage/html.py:131: CoverageWarning: No contexts were measured
  self.coverage._warn(""No contexts were measured"")",cabbf871f19271e9,stage4/results/torch-thesis-all-coverage/execution_results/torch.xpu.memory_stats.results.json,stage4/results/torch-thesis-all-coverage/failure.csv,
torch,torch.xpu.memory_stats,stage4_coverage,uncovered_api,Stage 4 did not cover API; valid_programs=0 bugs=0,d2b46e935ad4caad,stage4/results/torch-thesis-all-coverage/coverage_report.json,stage4/results/torch-thesis-all-coverage/coverage_report.json,
